id,first_name,last_name,email,utm_source,month
11591,Kyle,Blankenship,visitor0@mail.com,twitter,3 - March
21303,Jessica,Johnson,visitor1@mail.com,email,1 - January
40561,James,Saunders,visitor2@mail.com,facebook,2 - February
81719,Amanda,Jones,visitor3@mail.com,yahoo,3 - March
96231,James,Sweeney,visitor4@mail.com,facebook,3 - March
17314,Elizabeth,Jones,visitor5@mail.com,email,1 - January
29623,Ashley,Brown,visitor6@mail.com,facebook,1 - January
77675,Michael,Jones,visitor7@mail.com,facebook,1 - January
75082,Amanda,Jones,visitor8@mail.com,yahoo,1 - January
93624,Jessica,Rodriguez,visitor9@mail.com,yahoo,2 - February
43130,Ryan,Miller,visitor10@mail.com,google,3 - March
61756,Michael,Peck,visitor11@mail.com,email,2 - February
36292,Jessica,Velazquez,visitor12@mail.com,twitter,1 - January
96206,David,Blankenship,visitor13@mail.com,twitter,1 - January
79274,David,Saunders,visitor14@mail.com,yahoo,1 - January
12469,Donna,Velazquez,visitor15@mail.com,google,1 - January
63947,Ashley,Peck,visitor16@mail.com,facebook,3 - March
32534,Christopher,Jones,visitor17@mail.com,google,1 - January
73620,Sarah,Saunders,visitor18@mail.com,yahoo,1 - January
58874,David,Peck,visitor19@mail.com,twitter,2 - February
59708,Ryan,Miller,visitor20@mail.com,twitter,2 - February
84553,Kyle,Peck,visitor21@mail.com,facebook,2 - February
78344,Keith,Miller,visitor22@mail.com,twitter,3 - March
59138,Donna,Peck,visitor23@mail.com,yahoo,1 - January
64302,Keith,Williams,visitor24@mail.com,facebook,3 - March
57638,James,Martinez,visitor25@mail.com,google,2 - February
88249,Ashley,Saunders,visitor26@mail.com,facebook,2 - February
12719,Emily,Garcia,visitor27@mail.com,facebook,3 - March
32890,Sarah,Peck,visitor28@mail.com,email,1 - January
87236,James,Johnson,visitor29@mail.com,facebook,2 - February
46509,Jessica,Jones,visitor30@mail.com,google,1 - January
52534,Amanda,Saunders,visitor31@mail.com,email,2 - February
28787,James,Williams,visitor32@mail.com,facebook,3 - March
58845,Albert,Sweeney,visitor33@mail.com,yahoo,3 - March
67932,Ashley,Sweeney,visitor34@mail.com,google,3 - March
43062,David,Blankenship,visitor35@mail.com,google,2 - February
85713,Kyle,Dillon,visitor36@mail.com,facebook,1 - January
97263,Sarah,Johnson,visitor37@mail.com,twitter,3 - March
70461,Amanda,Rodriguez,visitor38@mail.com,facebook,3 - March
85418,Keith,Rodriguez,visitor39@mail.com,yahoo,1 - January
76672,Donna,Sweeney,visitor40@mail.com,email,2 - February
44832,David,Williams,visitor41@mail.com,twitter,3 - March
41966,Ryan,Davis,visitor42@mail.com,facebook,2 - February
82545,David,Dillon,visitor43@mail.com,yahoo,2 - February
22987,Donna,Rodriguez,visitor44@mail.com,google,3 - March
47311,Donna,Peck,visitor45@mail.com,google,1 - January
41575,Albert,Peck,visitor46@mail.com,facebook,1 - January
73852,Christopher,Brown,visitor47@mail.com,twitter,3 - March
11007,David,Jones,visitor48@mail.com,yahoo,2 - February
80981,James,Dillon,visitor49@mail.com,yahoo,3 - March
86242,David,Jones,visitor50@mail.com,email,1 - January
57517,Ashley,Williams,visitor51@mail.com,facebook,1 - January
39257,Ashley,Davis,visitor52@mail.com,yahoo,1 - January
97272,Emily,Johnson,visitor53@mail.com,google,3 - March
52207,Albert,Miller,visitor54@mail.com,twitter,2 - February
23281,Michael,Dillon,visitor55@mail.com,yahoo,2 - February
71246,Michael,Sweeney,visitor56@mail.com,yahoo,1 - January
11435,Emily,Johnson,visitor57@mail.com,google,1 - January
36660,Jessica,Brown,visitor58@mail.com,google,2 - February
15084,Michael,Rodriguez,visitor59@mail.com,facebook,1 - January
92197,Ashley,Garcia,visitor60@mail.com,twitter,2 - February
23507,Emily,Jones,visitor61@mail.com,facebook,2 - February
82595,Elizabeth,Jones,visitor62@mail.com,facebook,3 - March
93807,Christopher,Rodriguez,visitor63@mail.com,facebook,3 - March
55539,Christopher,Johnson,visitor64@mail.com,facebook,2 - February
17491,James,Peck,visitor65@mail.com,twitter,1 - January
60192,David,Jones,visitor66@mail.com,twitter,3 - March
90395,James,Brown,visitor67@mail.com,google,3 - March
73888,Emily,Davis,visitor68@mail.com,facebook,1 - January
83609,Amanda,Sweeney,visitor69@mail.com,yahoo,3 - March
19077,Kyle,Martinez,visitor70@mail.com,email,1 - January
30953,David,Saunders,visitor71@mail.com,yahoo,1 - January
86919,Elizabeth,Sweeney,visitor72@mail.com,yahoo,1 - January
77889,Elizabeth,Sweeney,visitor73@mail.com,google,3 - March
33821,James,Davis,visitor74@mail.com,google,2 - February
47567,Keith,Jones,visitor75@mail.com,yahoo,3 - March
34860,David,Garcia,visitor76@mail.com,facebook,1 - January
31195,Sarah,Velazquez,visitor77@mail.com,google,2 - February
87475,Elizabeth,Rodriguez,visitor78@mail.com,google,2 - February
97266,Christopher,Miller,visitor79@mail.com,facebook,3 - March
31427,Kyle,Rodriguez,visitor80@mail.com,yahoo,1 - January
37083,Christopher,Peck,visitor81@mail.com,yahoo,1 - January
97046,Albert,Miller,visitor82@mail.com,yahoo,1 - January
67372,Jessica,Jones,visitor83@mail.com,facebook,3 - March
54064,Amanda,Miller,visitor84@mail.com,email,2 - February
17813,Keith,Peck,visitor85@mail.com,google,2 - February
41598,Albert,Davis,visitor86@mail.com,email,2 - February
37082,Keith,Rodriguez,visitor87@mail.com,twitter,3 - March
39241,Christopher,Williams,visitor88@mail.com,google,3 - March
54569,Ashley,Rodriguez,visitor89@mail.com,twitter,3 - March
21745,Kyle,Velazquez,visitor90@mail.com,google,1 - January
36029,Christopher,Miller,visitor91@mail.com,facebook,1 - January
23025,Ashley,Jones,visitor92@mail.com,facebook,3 - March
24288,James,Blankenship,visitor93@mail.com,facebook,2 - February
99186,Donna,Miller,visitor94@mail.com,google,1 - January
16540,David,Sweeney,visitor95@mail.com,twitter,2 - February
91958,Christopher,Williams,visitor96@mail.com,yahoo,3 - March
78878,Ashley,Velazquez,visitor97@mail.com,yahoo,2 - February
51846,Emily,Jones,visitor98@mail.com,yahoo,2 - February
85932,Ryan,Brown,visitor99@mail.com,facebook,3 - March
27482,Sarah,Johnson,visitor100@mail.com,email,2 - February
33411,Albert,Martinez,visitor101@mail.com,facebook,1 - January
60975,David,Davis,visitor102@mail.com,twitter,3 - March
70545,Sarah,Johnson,visitor103@mail.com,google,3 - March
88797,Donna,Peck,visitor104@mail.com,yahoo,3 - March
62307,Amanda,Rodriguez,visitor105@mail.com,google,3 - March
13093,Amanda,Miller,visitor106@mail.com,yahoo,1 - January
87258,Ryan,Velazquez,visitor107@mail.com,yahoo,3 - March
32042,Sarah,Sweeney,visitor108@mail.com,email,1 - January
62930,Sarah,Sweeney,visitor109@mail.com,google,3 - March
54413,Albert,Garcia,visitor110@mail.com,twitter,3 - March
43756,Michael,Rodriguez,visitor111@mail.com,facebook,2 - February
63268,Ryan,Saunders,visitor112@mail.com,facebook,3 - March
49214,David,Johnson,visitor113@mail.com,twitter,3 - March
91871,Donna,Miller,visitor114@mail.com,facebook,1 - January
38602,Ryan,Williams,visitor115@mail.com,google,3 - March
63331,James,Velazquez,visitor116@mail.com,twitter,1 - January
58901,Kyle,Sweeney,visitor117@mail.com,email,2 - February
73416,James,Rodriguez,visitor118@mail.com,google,1 - January
42196,Michael,Saunders,visitor119@mail.com,facebook,2 - February
15626,Kyle,Velazquez,visitor120@mail.com,twitter,3 - March
17424,Donna,Miller,visitor121@mail.com,facebook,3 - March
22857,Amanda,Davis,visitor122@mail.com,yahoo,2 - February
29982,Albert,Rodriguez,visitor123@mail.com,google,2 - February
86961,Albert,Dillon,visitor124@mail.com,facebook,2 - February
11980,Ashley,Davis,visitor125@mail.com,google,3 - March
58290,Donna,Sweeney,visitor126@mail.com,facebook,2 - February
36431,Keith,Dillon,visitor127@mail.com,google,3 - March
94976,Amanda,Velazquez,visitor128@mail.com,google,3 - March
92711,Donna,Miller,visitor129@mail.com,google,2 - February
36385,James,Sweeney,visitor130@mail.com,email,3 - March
48158,Michael,Garcia,visitor131@mail.com,email,3 - March
33019,Christopher,Dillon,visitor132@mail.com,twitter,3 - March
28639,Elizabeth,Rodriguez,visitor133@mail.com,google,1 - January
95530,Albert,Blankenship,visitor134@mail.com,facebook,2 - February
31563,Jessica,Saunders,visitor135@mail.com,yahoo,3 - March
49341,Michael,Williams,visitor136@mail.com,facebook,2 - February
15776,Christopher,Johnson,visitor137@mail.com,yahoo,2 - February
46444,Emily,Saunders,visitor138@mail.com,facebook,1 - January
78916,Michael,Dillon,visitor139@mail.com,email,1 - January
18711,Michael,Sweeney,visitor140@mail.com,yahoo,2 - February
84318,Amanda,Garcia,visitor141@mail.com,facebook,2 - February
92970,Ashley,Blankenship,visitor142@mail.com,yahoo,2 - February
95553,Sarah,Garcia,visitor143@mail.com,facebook,2 - February
40707,Michael,Blankenship,visitor144@mail.com,twitter,2 - February
49110,Ashley,Johnson,visitor145@mail.com,yahoo,3 - March
71788,Albert,Garcia,visitor146@mail.com,email,2 - February
92879,Elizabeth,Blankenship,visitor147@mail.com,yahoo,2 - February
48827,Elizabeth,Garcia,visitor148@mail.com,google,2 - February
15655,Michael,Martinez,visitor149@mail.com,google,1 - January
54859,Emily,Saunders,visitor150@mail.com,google,2 - February
63625,Kyle,Jones,visitor151@mail.com,yahoo,2 - February
62098,Albert,Blankenship,visitor152@mail.com,email,2 - February
25251,Ashley,Johnson,visitor153@mail.com,facebook,2 - February
10526,Albert,Blankenship,visitor154@mail.com,yahoo,3 - March
78760,Emily,Blankenship,visitor155@mail.com,yahoo,1 - January
57837,Ryan,Brown,visitor156@mail.com,email,3 - March
21536,James,Martinez,visitor157@mail.com,google,1 - January
38541,Emily,Saunders,visitor158@mail.com,google,3 - March
89083,Ashley,Davis,visitor159@mail.com,facebook,2 - February
61027,Amanda,Dillon,visitor160@mail.com,facebook,2 - February
44531,Emily,Peck,visitor161@mail.com,twitter,1 - January
18712,Ashley,Jones,visitor162@mail.com,facebook,1 - January
75455,David,Blankenship,visitor163@mail.com,yahoo,1 - January
84744,Keith,Williams,visitor164@mail.com,yahoo,1 - January
15109,Ashley,Blankenship,visitor165@mail.com,facebook,3 - March
59268,Emily,Brown,visitor166@mail.com,facebook,2 - February
64615,Keith,Garcia,visitor167@mail.com,facebook,3 - March
92503,Amanda,Dillon,visitor168@mail.com,google,1 - January
39759,Amanda,Williams,visitor169@mail.com,twitter,3 - March
95708,Ashley,Jones,visitor170@mail.com,facebook,2 - February
70112,Ashley,Williams,visitor171@mail.com,twitter,1 - January
36589,Kyle,Davis,visitor172@mail.com,facebook,2 - February
40015,Keith,Saunders,visitor173@mail.com,facebook,1 - January
39009,Ryan,Johnson,visitor174@mail.com,email,1 - January
93309,Emily,Rodriguez,visitor175@mail.com,email,2 - February
72046,Emily,Johnson,visitor176@mail.com,facebook,3 - March
36143,Donna,Rodriguez,visitor177@mail.com,facebook,3 - March
16154,Keith,Jones,visitor178@mail.com,yahoo,2 - February
31804,Albert,Miller,visitor179@mail.com,yahoo,3 - March
51688,Emily,Dillon,visitor180@mail.com,facebook,3 - March
74288,Christopher,Miller,visitor181@mail.com,facebook,3 - March
61195,Amanda,Johnson,visitor182@mail.com,facebook,2 - February
30581,James,Rodriguez,visitor183@mail.com,facebook,1 - January
62648,Donna,Velazquez,visitor184@mail.com,google,1 - January
40087,Keith,Brown,visitor185@mail.com,google,2 - February
59930,Albert,Jones,visitor186@mail.com,facebook,2 - February
42981,Albert,Jones,visitor187@mail.com,email,1 - January
79298,Amanda,Peck,visitor188@mail.com,email,2 - February
56167,Christopher,Peck,visitor189@mail.com,email,1 - January
85304,Michael,Saunders,visitor190@mail.com,twitter,3 - March
53408,Elizabeth,Rodriguez,visitor191@mail.com,facebook,1 - January
49499,Kyle,Martinez,visitor192@mail.com,google,2 - February
62269,Ryan,Saunders,visitor193@mail.com,google,3 - March
48559,Sarah,Peck,visitor194@mail.com,yahoo,1 - January
84319,Amanda,Miller,visitor195@mail.com,yahoo,2 - February
58787,Emily,Johnson,visitor196@mail.com,twitter,3 - March
45488,David,Sweeney,visitor197@mail.com,email,1 - January
84441,Keith,Jones,visitor198@mail.com,google,1 - January
84663,Keith,Davis,visitor199@mail.com,yahoo,2 - February
32431,Donna,Velazquez,visitor200@mail.com,email,2 - February
71681,Donna,Jones,visitor201@mail.com,google,2 - February
73483,Ashley,Blankenship,visitor202@mail.com,yahoo,1 - January
59153,David,Dillon,visitor203@mail.com,google,2 - February
16368,Keith,Brown,visitor204@mail.com,email,1 - January
37424,Jessica,Sweeney,visitor205@mail.com,email,3 - March
55004,Ryan,Velazquez,visitor206@mail.com,facebook,2 - February
93869,Ashley,Blankenship,visitor207@mail.com,facebook,3 - March
98652,Ashley,Saunders,visitor208@mail.com,twitter,2 - February
66985,Amanda,Velazquez,visitor209@mail.com,twitter,3 - March
60069,Keith,Miller,visitor210@mail.com,facebook,2 - February
62326,Emily,Peck,visitor211@mail.com,yahoo,2 - February
91061,Elizabeth,Jones,visitor212@mail.com,google,2 - February
33398,David,Velazquez,visitor213@mail.com,email,3 - March
60861,Ashley,Dillon,visitor214@mail.com,yahoo,2 - February
85897,Emily,Williams,visitor215@mail.com,yahoo,2 - February
91905,Jessica,Davis,visitor216@mail.com,twitter,2 - February
78577,Ryan,Saunders,visitor217@mail.com,yahoo,3 - March
75641,Keith,Garcia,visitor218@mail.com,twitter,3 - March
19078,Sarah,Martinez,visitor219@mail.com,yahoo,2 - February
35003,Michael,Brown,visitor220@mail.com,google,3 - March
72768,Emily,Martinez,visitor221@mail.com,yahoo,2 - February
61047,Christopher,Miller,visitor222@mail.com,yahoo,3 - March
81626,Elizabeth,Brown,visitor223@mail.com,twitter,3 - March
67660,Sarah,Velazquez,visitor224@mail.com,email,2 - February
59786,James,Williams,visitor225@mail.com,google,2 - February
11925,Donna,Jones,visitor226@mail.com,google,3 - March
93976,Amanda,Garcia,visitor227@mail.com,facebook,2 - February
36015,Emily,Miller,visitor228@mail.com,yahoo,3 - March
43320,Donna,Blankenship,visitor229@mail.com,facebook,1 - January
74881,Keith,Sweeney,visitor230@mail.com,facebook,1 - January
36289,Donna,Jones,visitor231@mail.com,yahoo,1 - January
13389,James,Blankenship,visitor232@mail.com,google,2 - February
35683,Elizabeth,Sweeney,visitor233@mail.com,email,3 - March
23629,Ryan,Williams,visitor234@mail.com,google,1 - January
71550,Albert,Sweeney,visitor235@mail.com,google,3 - March
34826,Kyle,Davis,visitor236@mail.com,email,3 - March
36630,David,Jones,visitor237@mail.com,yahoo,3 - March
56163,Ryan,Miller,visitor238@mail.com,google,2 - February
76435,Albert,Davis,visitor239@mail.com,google,3 - March
21653,Jessica,Rodriguez,visitor240@mail.com,google,1 - January
37961,Christopher,Dillon,visitor241@mail.com,twitter,3 - March
91941,Emily,Velazquez,visitor242@mail.com,facebook,1 - January
84137,Emily,Blankenship,visitor243@mail.com,facebook,2 - February
43662,Ashley,Dillon,visitor244@mail.com,google,3 - March
66446,Elizabeth,Blankenship,visitor245@mail.com,yahoo,1 - January
31288,Emily,Miller,visitor246@mail.com,email,1 - January
46877,Sarah,Velazquez,visitor247@mail.com,google,3 - March
25313,Albert,Rodriguez,visitor248@mail.com,yahoo,2 - February
90885,Elizabeth,Johnson,visitor249@mail.com,facebook,2 - February
82715,Michael,Sweeney,visitor250@mail.com,email,1 - January
20326,Sarah,Williams,visitor251@mail.com,facebook,1 - January
11560,Emily,Johnson,visitor252@mail.com,google,2 - February
89148,Donna,Johnson,visitor253@mail.com,email,1 - January
93186,James,Brown,visitor254@mail.com,facebook,3 - March
36745,Donna,Peck,visitor255@mail.com,google,1 - January
41890,Sarah,Jones,visitor256@mail.com,google,2 - February
30022,Jessica,Dillon,visitor257@mail.com,facebook,1 - January
62579,Emily,Dillon,visitor258@mail.com,facebook,1 - January
80316,Amanda,Dillon,visitor259@mail.com,yahoo,3 - March
93847,Jessica,Davis,visitor260@mail.com,yahoo,2 - February
38380,Jessica,Miller,visitor261@mail.com,yahoo,1 - January
12356,Albert,Dillon,visitor262@mail.com,google,1 - January
80326,David,Miller,visitor263@mail.com,facebook,1 - January
99899,Albert,Jones,visitor264@mail.com,facebook,3 - March
30049,Keith,Johnson,visitor265@mail.com,email,2 - February
85717,Kyle,Rodriguez,visitor266@mail.com,email,1 - January
26082,Sarah,Jones,visitor267@mail.com,twitter,2 - February
10661,Ryan,Dillon,visitor268@mail.com,facebook,3 - March
47412,Kyle,Peck,visitor269@mail.com,facebook,3 - March
12920,Amanda,Saunders,visitor270@mail.com,yahoo,3 - March
70315,Michael,Velazquez,visitor271@mail.com,facebook,2 - February
89561,James,Dillon,visitor272@mail.com,email,1 - January
18946,Albert,Williams,visitor273@mail.com,email,1 - January
55500,Albert,Saunders,visitor274@mail.com,google,3 - March
26309,Elizabeth,Jones,visitor275@mail.com,twitter,3 - March
65230,Amanda,Williams,visitor276@mail.com,facebook,2 - February
40027,Kyle,Williams,visitor277@mail.com,google,2 - February
82541,Ashley,Blankenship,visitor278@mail.com,yahoo,2 - February
69321,Christopher,Williams,visitor279@mail.com,yahoo,2 - February
10956,Christopher,Dillon,visitor280@mail.com,yahoo,1 - January
84131,Elizabeth,Blankenship,visitor281@mail.com,yahoo,2 - February
57908,Ryan,Brown,visitor282@mail.com,google,1 - January
88339,Elizabeth,Rodriguez,visitor283@mail.com,facebook,1 - January
35963,Kyle,Johnson,visitor284@mail.com,email,3 - March
49443,Sarah,Williams,visitor285@mail.com,email,1 - January
49063,Emily,Peck,visitor286@mail.com,twitter,1 - January
90818,Emily,Garcia,visitor287@mail.com,yahoo,1 - January
14703,Amanda,Velazquez,visitor288@mail.com,google,3 - March
75128,James,Williams,visitor289@mail.com,email,3 - March
82099,Michael,Miller,visitor290@mail.com,google,1 - January
35849,Albert,Brown,visitor291@mail.com,yahoo,2 - February
41860,Ryan,Sweeney,visitor292@mail.com,google,1 - January
41585,Christopher,Miller,visitor293@mail.com,yahoo,2 - February
32015,Albert,Jones,visitor294@mail.com,yahoo,3 - March
87539,Keith,Garcia,visitor295@mail.com,yahoo,3 - March
53585,James,Jones,visitor296@mail.com,yahoo,2 - February
36958,Michael,Rodriguez,visitor297@mail.com,yahoo,3 - March
36017,David,Brown,visitor298@mail.com,facebook,3 - March
86707,Christopher,Sweeney,visitor299@mail.com,email,3 - March
55350,Ashley,Jones,visitor300@mail.com,google,2 - February
22201,Ashley,Jones,visitor301@mail.com,email,2 - February
39426,Elizabeth,Jones,visitor302@mail.com,yahoo,2 - February
27778,Donna,Brown,visitor303@mail.com,facebook,1 - January
55241,Kyle,Garcia,visitor304@mail.com,yahoo,1 - January
52229,Albert,Johnson,visitor305@mail.com,facebook,3 - March
96652,Elizabeth,Velazquez,visitor306@mail.com,facebook,2 - February
58364,Ryan,Brown,visitor307@mail.com,yahoo,3 - March
94878,Albert,Sweeney,visitor308@mail.com,facebook,1 - January
67056,David,Williams,visitor309@mail.com,facebook,1 - January
37490,Emily,Rodriguez,visitor310@mail.com,email,3 - March
29975,Michael,Johnson,visitor311@mail.com,twitter,2 - February
36723,James,Davis,visitor312@mail.com,facebook,1 - January
33279,Michael,Martinez,visitor313@mail.com,google,3 - March
88301,Emily,Johnson,visitor314@mail.com,google,3 - March
21561,Albert,Williams,visitor315@mail.com,twitter,2 - February
76061,Ryan,Peck,visitor316@mail.com,twitter,3 - March
98397,Michael,Blankenship,visitor317@mail.com,google,3 - March
59153,Ashley,Velazquez,visitor318@mail.com,facebook,3 - March
43142,Michael,Velazquez,visitor319@mail.com,yahoo,3 - March
36916,David,Martinez,visitor320@mail.com,facebook,1 - January
74324,Christopher,Peck,visitor321@mail.com,google,2 - February
54965,Kyle,Blankenship,visitor322@mail.com,facebook,1 - January
14648,Ryan,Velazquez,visitor323@mail.com,yahoo,1 - January
45133,Ryan,Sweeney,visitor324@mail.com,google,3 - March
60677,Sarah,Saunders,visitor325@mail.com,facebook,2 - February
80135,Christopher,Saunders,visitor326@mail.com,twitter,3 - March
45046,Christopher,Velazquez,visitor327@mail.com,google,3 - March
57064,Emily,Davis,visitor328@mail.com,email,3 - March
79350,Sarah,Dillon,visitor329@mail.com,google,3 - March
55893,Ashley,Velazquez,visitor330@mail.com,twitter,2 - February
71272,Emily,Rodriguez,visitor331@mail.com,yahoo,2 - February
77649,Amanda,Rodriguez,visitor332@mail.com,twitter,1 - January
74674,Michael,Williams,visitor333@mail.com,facebook,2 - February
23760,Emily,Williams,visitor334@mail.com,facebook,2 - February
31927,Donna,Davis,visitor335@mail.com,yahoo,2 - February
96475,Sarah,Rodriguez,visitor336@mail.com,yahoo,3 - March
71367,Michael,Miller,visitor337@mail.com,facebook,3 - March
22588,Amanda,Blankenship,visitor338@mail.com,facebook,3 - March
62233,Jessica,Jones,visitor339@mail.com,twitter,2 - February
54738,Keith,Johnson,visitor340@mail.com,facebook,2 - February
43397,Keith,Sweeney,visitor341@mail.com,facebook,1 - January
92189,Ryan,Peck,visitor342@mail.com,email,1 - January
86367,Donna,Garcia,visitor343@mail.com,facebook,3 - March
81260,David,Velazquez,visitor344@mail.com,facebook,1 - January
86619,Kyle,Jones,visitor345@mail.com,twitter,3 - March
29816,Amanda,Jones,visitor346@mail.com,facebook,2 - February
52240,Amanda,Sweeney,visitor347@mail.com,facebook,1 - January
16276,Sarah,Peck,visitor348@mail.com,facebook,1 - January
89530,Jessica,Martinez,visitor349@mail.com,google,2 - February
33499,Michael,Davis,visitor350@mail.com,facebook,2 - February
98576,Amanda,Williams,visitor351@mail.com,google,3 - March
92495,Amanda,Brown,visitor352@mail.com,twitter,3 - March
81635,Donna,Sweeney,visitor353@mail.com,email,2 - February
95112,Christopher,Jones,visitor354@mail.com,email,3 - March
45946,Christopher,Saunders,visitor355@mail.com,email,2 - February
65204,Ryan,Velazquez,visitor356@mail.com,google,3 - March
61886,James,Blankenship,visitor357@mail.com,yahoo,1 - January
81652,Sarah,Rodriguez,visitor358@mail.com,email,3 - March
25563,Donna,Saunders,visitor359@mail.com,yahoo,2 - February
19847,Sarah,Jones,visitor360@mail.com,email,1 - January
36155,James,Johnson,visitor361@mail.com,yahoo,1 - January
89671,Kyle,Garcia,visitor362@mail.com,google,2 - February
93310,Kyle,Dillon,visitor363@mail.com,twitter,1 - January
77278,David,Peck,visitor364@mail.com,google,1 - January
28309,Christopher,Miller,visitor365@mail.com,google,3 - March
10619,Ashley,Williams,visitor366@mail.com,yahoo,3 - March
93194,Keith,Velazquez,visitor367@mail.com,yahoo,3 - March
60108,Christopher,Blankenship,visitor368@mail.com,google,3 - March
44707,Emily,Brown,visitor369@mail.com,email,3 - March
30337,Elizabeth,Williams,visitor370@mail.com,email,2 - February
91537,Elizabeth,Velazquez,visitor371@mail.com,yahoo,1 - January
76504,Sarah,Brown,visitor372@mail.com,google,3 - March
57614,James,Blankenship,visitor373@mail.com,google,3 - March
10281,David,Jones,visitor374@mail.com,twitter,2 - February
37420,Elizabeth,Rodriguez,visitor375@mail.com,yahoo,2 - February
90896,Emily,Dillon,visitor376@mail.com,twitter,2 - February
49030,Ryan,Davis,visitor377@mail.com,yahoo,3 - March
11058,Elizabeth,Saunders,visitor378@mail.com,yahoo,2 - February
96213,Albert,Davis,visitor379@mail.com,facebook,3 - March
86260,Michael,Saunders,visitor380@mail.com,facebook,3 - March
38404,David,Jones,visitor381@mail.com,yahoo,2 - February
39856,Ryan,Williams,visitor382@mail.com,facebook,2 - February
19200,Amanda,Garcia,visitor383@mail.com,yahoo,2 - February
74178,Donna,Jones,visitor384@mail.com,email,1 - January
43997,Ryan,Jones,visitor385@mail.com,email,1 - January
35611,Keith,Martinez,visitor386@mail.com,yahoo,3 - March
51235,Donna,Miller,visitor387@mail.com,twitter,2 - February
45057,Christopher,Velazquez,visitor388@mail.com,facebook,1 - January
11239,Jessica,Garcia,visitor389@mail.com,yahoo,1 - January
75661,Michael,Miller,visitor390@mail.com,twitter,3 - March
55272,Michael,Miller,visitor391@mail.com,google,2 - February
99393,Michael,Velazquez,visitor392@mail.com,email,3 - March
71212,James,Davis,visitor393@mail.com,yahoo,2 - February
25398,Michael,Blankenship,visitor394@mail.com,yahoo,2 - February
66503,Sarah,Dillon,visitor395@mail.com,facebook,1 - January
16638,Michael,Miller,visitor396@mail.com,yahoo,2 - February
16570,Emily,Velazquez,visitor397@mail.com,yahoo,2 - February
78785,Christopher,Martinez,visitor398@mail.com,google,1 - January
19110,Michael,Blankenship,visitor399@mail.com,twitter,2 - February
89141,Ashley,Johnson,visitor400@mail.com,facebook,2 - February
22115,Christopher,Jones,visitor401@mail.com,facebook,3 - March
49062,Michael,Jones,visitor402@mail.com,twitter,3 - March
32911,James,Williams,visitor403@mail.com,yahoo,2 - February
42556,David,Miller,visitor404@mail.com,twitter,2 - February
88131,Sarah,Johnson,visitor405@mail.com,google,3 - March
11969,James,Williams,visitor406@mail.com,facebook,3 - March
53753,Kyle,Rodriguez,visitor407@mail.com,email,3 - March
92811,Ryan,Miller,visitor408@mail.com,google,2 - February
14470,Ashley,Brown,visitor409@mail.com,email,3 - March
20225,Ashley,Martinez,visitor410@mail.com,google,2 - February
33196,Ryan,Blankenship,visitor411@mail.com,facebook,1 - January
23669,Donna,Davis,visitor412@mail.com,yahoo,3 - March
47380,David,Blankenship,visitor413@mail.com,facebook,3 - March
58320,Albert,Garcia,visitor414@mail.com,google,1 - January
57414,Ryan,Jones,visitor415@mail.com,google,1 - January
25577,Amanda,Sweeney,visitor416@mail.com,email,3 - March
98009,Elizabeth,Davis,visitor417@mail.com,email,1 - January
65409,Albert,Brown,visitor418@mail.com,facebook,1 - January
38625,Amanda,Blankenship,visitor419@mail.com,yahoo,2 - February
91040,Michael,Rodriguez,visitor420@mail.com,email,1 - January
34089,Amanda,Velazquez,visitor421@mail.com,twitter,3 - March
46487,Michael,Martinez,visitor422@mail.com,yahoo,2 - February
75838,Sarah,Jones,visitor423@mail.com,yahoo,2 - February
60138,Albert,Williams,visitor424@mail.com,facebook,3 - March
52823,Elizabeth,Martinez,visitor425@mail.com,yahoo,2 - February
47208,Amanda,Johnson,visitor426@mail.com,email,2 - February
64061,Sarah,Williams,visitor427@mail.com,google,3 - March
40659,Emily,Miller,visitor428@mail.com,yahoo,2 - February
41890,James,Saunders,visitor429@mail.com,twitter,2 - February
89134,Christopher,Martinez,visitor430@mail.com,facebook,3 - March
57055,Christopher,Martinez,visitor431@mail.com,facebook,3 - March
29508,Donna,Sweeney,visitor432@mail.com,facebook,3 - March
52287,Albert,Blankenship,visitor433@mail.com,google,3 - March
88916,David,Dillon,visitor434@mail.com,facebook,3 - March
36984,Michael,Peck,visitor435@mail.com,yahoo,3 - March
18125,Christopher,Sweeney,visitor436@mail.com,yahoo,3 - March
46059,Michael,Garcia,visitor437@mail.com,yahoo,1 - January
79569,Keith,Miller,visitor438@mail.com,facebook,2 - February
27087,James,Jones,visitor439@mail.com,twitter,3 - March
15704,James,Davis,visitor440@mail.com,yahoo,2 - February
70576,Christopher,Blankenship,visitor441@mail.com,yahoo,1 - January
83384,Sarah,Johnson,visitor442@mail.com,facebook,2 - February
97128,Kyle,Davis,visitor443@mail.com,email,2 - February
82460,Kyle,Blankenship,visitor444@mail.com,email,2 - February
37208,Sarah,Davis,visitor445@mail.com,google,3 - March
95150,Amanda,Davis,visitor446@mail.com,twitter,3 - March
76024,Amanda,Peck,visitor447@mail.com,yahoo,3 - March
49882,David,Garcia,visitor448@mail.com,facebook,3 - March
35923,Jessica,Johnson,visitor449@mail.com,facebook,2 - February
39165,Sarah,Williams,visitor450@mail.com,facebook,2 - February
77203,David,Davis,visitor451@mail.com,facebook,2 - February
14114,Donna,Johnson,visitor452@mail.com,email,2 - February
74965,Michael,Garcia,visitor453@mail.com,twitter,1 - January
46321,Elizabeth,Rodriguez,visitor454@mail.com,google,2 - February
83297,Jessica,Davis,visitor455@mail.com,twitter,3 - March
35426,Albert,Martinez,visitor456@mail.com,facebook,2 - February
27772,Ashley,Sweeney,visitor457@mail.com,facebook,3 - March
13712,Jessica,Williams,visitor458@mail.com,google,2 - February
11367,Elizabeth,Martinez,visitor459@mail.com,yahoo,1 - January
61924,Keith,Blankenship,visitor460@mail.com,email,2 - February
13726,James,Jones,visitor461@mail.com,yahoo,3 - March
99152,Michael,Brown,visitor462@mail.com,facebook,2 - February
37723,Kyle,Miller,visitor463@mail.com,yahoo,1 - January
19108,Amanda,Miller,visitor464@mail.com,yahoo,2 - February
87714,David,Jones,visitor465@mail.com,facebook,3 - March
45643,Amanda,Blankenship,visitor466@mail.com,twitter,2 - February
41324,Amanda,Peck,visitor467@mail.com,facebook,3 - March
93360,Amanda,Miller,visitor468@mail.com,yahoo,3 - March
18927,Sarah,Brown,visitor469@mail.com,facebook,1 - January
32443,Sarah,Miller,visitor470@mail.com,google,3 - March
89973,Ashley,Blankenship,visitor471@mail.com,twitter,2 - February
73449,Kyle,Dillon,visitor472@mail.com,yahoo,1 - January
86743,Jessica,Sweeney,visitor473@mail.com,facebook,3 - March
70233,Michael,Dillon,visitor474@mail.com,twitter,3 - March
35537,Ryan,Miller,visitor475@mail.com,facebook,1 - January
87576,David,Williams,visitor476@mail.com,facebook,3 - March
32612,Emily,Saunders,visitor477@mail.com,twitter,3 - March
16471,Donna,Blankenship,visitor478@mail.com,facebook,3 - March
45631,Elizabeth,Velazquez,visitor479@mail.com,facebook,2 - February
41348,Ashley,Rodriguez,visitor480@mail.com,yahoo,3 - March
74732,Jessica,Velazquez,visitor481@mail.com,email,2 - February
11177,Amanda,Davis,visitor482@mail.com,twitter,1 - January
14760,James,Johnson,visitor483@mail.com,facebook,3 - March
42779,James,Jones,visitor484@mail.com,email,3 - March
31636,Albert,Davis,visitor485@mail.com,facebook,2 - February
91889,Keith,Jones,visitor486@mail.com,google,2 - February
63551,James,Rodriguez,visitor487@mail.com,twitter,1 - January
21556,Sarah,Garcia,visitor488@mail.com,email,2 - February
37598,Jessica,Jones,visitor489@mail.com,email,2 - February
21563,Keith,Dillon,visitor490@mail.com,yahoo,2 - February
56819,Elizabeth,Sweeney,visitor491@mail.com,email,2 - February
83770,Sarah,Blankenship,visitor492@mail.com,yahoo,3 - March
36966,Sarah,Peck,visitor493@mail.com,facebook,2 - February
91709,Ryan,Johnson,visitor494@mail.com,twitter,3 - March
69889,Emily,Williams,visitor495@mail.com,facebook,3 - March
36987,Jessica,Brown,visitor496@mail.com,yahoo,2 - February
88714,Christopher,Williams,visitor497@mail.com,twitter,1 - January
68348,Michael,Blankenship,visitor498@mail.com,facebook,1 - January
34596,Ashley,Saunders,visitor499@mail.com,email,3 - March
43174,Ashley,Jones,visitor500@mail.com,twitter,1 - January
74106,Kyle,Garcia,visitor501@mail.com,twitter,2 - February
79967,Kyle,Brown,visitor502@mail.com,email,1 - January
69182,Donna,Martinez,visitor503@mail.com,email,1 - January
97163,Albert,Dillon,visitor504@mail.com,yahoo,2 - February
49310,Keith,Martinez,visitor505@mail.com,facebook,3 - March
66088,Ashley,Blankenship,visitor506@mail.com,twitter,2 - February
18906,Jessica,Davis,visitor507@mail.com,google,3 - March
46914,James,Saunders,visitor508@mail.com,yahoo,3 - March
55379,David,Dillon,visitor509@mail.com,yahoo,1 - January
88612,Christopher,Saunders,visitor510@mail.com,yahoo,2 - February
47650,Amanda,Jones,visitor511@mail.com,email,3 - March
56881,Albert,Miller,visitor512@mail.com,yahoo,3 - March
56413,Ryan,Dillon,visitor513@mail.com,facebook,2 - February
16012,James,Sweeney,visitor514@mail.com,google,3 - March
60115,Sarah,Martinez,visitor515@mail.com,google,1 - January
17151,Michael,Velazquez,visitor516@mail.com,email,1 - January
67716,Jessica,Williams,visitor517@mail.com,yahoo,2 - February
46378,Ashley,Sweeney,visitor518@mail.com,email,2 - February
52652,Emily,Brown,visitor519@mail.com,twitter,1 - January
82430,Albert,Johnson,visitor520@mail.com,yahoo,2 - February
23467,Amanda,Miller,visitor521@mail.com,yahoo,1 - January
41010,Albert,Velazquez,visitor522@mail.com,email,2 - February
64691,Michael,Sweeney,visitor523@mail.com,google,3 - March
74157,James,Blankenship,visitor524@mail.com,yahoo,3 - March
22289,Donna,Saunders,visitor525@mail.com,facebook,3 - March
54976,Christopher,Brown,visitor526@mail.com,google,2 - February
53596,Keith,Davis,visitor527@mail.com,facebook,2 - February
33171,James,Blankenship,visitor528@mail.com,google,1 - January
96365,Keith,Velazquez,visitor529@mail.com,yahoo,2 - February
54139,Ashley,Garcia,visitor530@mail.com,google,1 - January
58713,Albert,Saunders,visitor531@mail.com,google,3 - March
39734,Elizabeth,Rodriguez,visitor532@mail.com,facebook,3 - March
82588,Albert,Martinez,visitor533@mail.com,google,2 - February
73646,Ashley,Brown,visitor534@mail.com,email,3 - March
13654,Albert,Johnson,visitor535@mail.com,facebook,1 - January
99022,Michael,Velazquez,visitor536@mail.com,google,2 - February
28743,Sarah,Brown,visitor537@mail.com,twitter,3 - March
58368,Michael,Rodriguez,visitor538@mail.com,google,2 - February
84172,Christopher,Sweeney,visitor539@mail.com,facebook,1 - January
16441,Jessica,Davis,visitor540@mail.com,facebook,3 - March
34611,Albert,Brown,visitor541@mail.com,facebook,3 - March
22149,Christopher,Martinez,visitor542@mail.com,yahoo,3 - March
69189,Keith,Davis,visitor543@mail.com,google,3 - March
31675,David,Velazquez,visitor544@mail.com,email,3 - March
81031,Keith,Martinez,visitor545@mail.com,email,1 - January
52668,Emily,Miller,visitor546@mail.com,yahoo,1 - January
23673,James,Jones,visitor547@mail.com,facebook,2 - February
86666,Kyle,Miller,visitor548@mail.com,yahoo,1 - January
98204,Emily,Sweeney,visitor549@mail.com,email,2 - February
90758,Amanda,Blankenship,visitor550@mail.com,yahoo,2 - February
75429,Ashley,Velazquez,visitor551@mail.com,yahoo,2 - February
33669,Amanda,Jones,visitor552@mail.com,google,1 - January
44068,Donna,Peck,visitor553@mail.com,email,3 - March
98789,Christopher,Johnson,visitor554@mail.com,facebook,1 - January
19435,Ryan,Jones,visitor555@mail.com,facebook,2 - February
62249,Jessica,Peck,visitor556@mail.com,google,3 - March
47384,Amanda,Garcia,visitor557@mail.com,facebook,3 - March
91929,Jessica,Garcia,visitor558@mail.com,email,2 - February
86153,Amanda,Williams,visitor559@mail.com,google,1 - January
85388,Christopher,Saunders,visitor560@mail.com,google,2 - February
41401,Donna,Rodriguez,visitor561@mail.com,facebook,1 - January
81831,David,Jones,visitor562@mail.com,email,1 - January
44084,Ryan,Dillon,visitor563@mail.com,yahoo,3 - March
65826,Sarah,Johnson,visitor564@mail.com,google,2 - February
46451,Amanda,Jones,visitor565@mail.com,yahoo,2 - February
17227,Albert,Peck,visitor566@mail.com,google,2 - February
41910,Ryan,Rodriguez,visitor567@mail.com,email,3 - March
46041,Ashley,Dillon,visitor568@mail.com,facebook,3 - March
98920,Ashley,Johnson,visitor569@mail.com,facebook,2 - February
75681,Amanda,Dillon,visitor570@mail.com,yahoo,1 - January
91571,David,Sweeney,visitor571@mail.com,twitter,2 - February
75481,Elizabeth,Peck,visitor572@mail.com,facebook,1 - January
78576,Kyle,Garcia,visitor573@mail.com,yahoo,2 - February
74174,Ryan,Brown,visitor574@mail.com,facebook,2 - February
36160,Ryan,Sweeney,visitor575@mail.com,yahoo,2 - February
27633,Ashley,Johnson,visitor576@mail.com,yahoo,2 - February
27014,Kyle,Johnson,visitor577@mail.com,facebook,1 - January
90532,Albert,Velazquez,visitor578@mail.com,facebook,2 - February
59104,Ryan,Peck,visitor579@mail.com,google,2 - February
51621,Kyle,Williams,visitor580@mail.com,twitter,2 - February
87231,Kyle,Williams,visitor581@mail.com,google,3 - March
78388,Amanda,Johnson,visitor582@mail.com,yahoo,2 - February
26014,Ashley,Rodriguez,visitor583@mail.com,twitter,2 - February
43755,Kyle,Martinez,visitor584@mail.com,facebook,2 - February
50390,Michael,Martinez,visitor585@mail.com,email,1 - January
33711,David,Martinez,visitor586@mail.com,twitter,1 - January
67993,Michael,Martinez,visitor587@mail.com,facebook,2 - February
84696,Elizabeth,Williams,visitor588@mail.com,yahoo,1 - January
37213,Emily,Saunders,visitor589@mail.com,facebook,3 - March
67784,Ashley,Garcia,visitor590@mail.com,facebook,3 - March
17421,Sarah,Velazquez,visitor591@mail.com,email,3 - March
96936,Christopher,Johnson,visitor592@mail.com,twitter,3 - March
27727,Michael,Williams,visitor593@mail.com,email,1 - January
14358,Michael,Peck,visitor594@mail.com,yahoo,3 - March
75108,Emily,Miller,visitor595@mail.com,google,3 - March
42117,David,Jones,visitor596@mail.com,yahoo,2 - February
98700,Amanda,Brown,visitor597@mail.com,google,1 - January
41910,Emily,Martinez,visitor598@mail.com,email,3 - March
65754,Ashley,Davis,visitor599@mail.com,yahoo,1 - January
72438,Sarah,Martinez,visitor600@mail.com,email,3 - March
39371,Donna,Garcia,visitor601@mail.com,google,1 - January
61501,Kyle,Sweeney,visitor602@mail.com,facebook,2 - February
70946,James,Rodriguez,visitor603@mail.com,yahoo,2 - February
48467,Jessica,Miller,visitor604@mail.com,yahoo,1 - January
27625,Ashley,Rodriguez,visitor605@mail.com,google,1 - January
43893,Sarah,Sweeney,visitor606@mail.com,google,2 - February
86329,Elizabeth,Saunders,visitor607@mail.com,yahoo,1 - January
41007,Albert,Dillon,visitor608@mail.com,email,2 - February
49532,Elizabeth,Peck,visitor609@mail.com,yahoo,2 - February
64253,Amanda,Dillon,visitor610@mail.com,facebook,3 - March
22323,Kyle,Velazquez,visitor611@mail.com,yahoo,3 - March
83379,Christopher,Brown,visitor612@mail.com,twitter,1 - January
24210,Sarah,Velazquez,visitor613@mail.com,yahoo,2 - February
26456,Ashley,Johnson,visitor614@mail.com,twitter,1 - January
41367,Elizabeth,Miller,visitor615@mail.com,google,3 - March
64624,Ashley,Peck,visitor616@mail.com,google,3 - March
20106,Christopher,Miller,visitor617@mail.com,email,2 - February
78008,Christopher,Johnson,visitor618@mail.com,twitter,1 - January
82240,Elizabeth,Blankenship,visitor619@mail.com,twitter,3 - March
74315,Ashley,Williams,visitor620@mail.com,yahoo,3 - March
79249,Emily,Sweeney,visitor621@mail.com,google,3 - March
80587,Donna,Martinez,visitor622@mail.com,email,3 - March
20756,Christopher,Miller,visitor623@mail.com,facebook,2 - February
78011,Donna,Martinez,visitor624@mail.com,twitter,1 - January
46378,Sarah,Jones,visitor625@mail.com,facebook,2 - February
14255,Kyle,Johnson,visitor626@mail.com,facebook,2 - February
24484,Michael,Dillon,visitor627@mail.com,yahoo,2 - February
66549,Keith,Blankenship,visitor628@mail.com,google,2 - February
44503,Ryan,Sweeney,visitor629@mail.com,google,1 - January
83794,Amanda,Martinez,visitor630@mail.com,facebook,2 - February
55113,Jessica,Johnson,visitor631@mail.com,twitter,2 - February
84069,Ryan,Miller,visitor632@mail.com,facebook,1 - January
15249,David,Blankenship,visitor633@mail.com,twitter,2 - February
29201,James,Blankenship,visitor634@mail.com,email,3 - March
68576,Amanda,Martinez,visitor635@mail.com,yahoo,3 - March
19686,Donna,Peck,visitor636@mail.com,google,2 - February
63363,Sarah,Velazquez,visitor637@mail.com,google,2 - February
10661,Ryan,Blankenship,visitor638@mail.com,twitter,1 - January
54843,Christopher,Davis,visitor639@mail.com,twitter,3 - March
70963,Kyle,Saunders,visitor640@mail.com,email,2 - February
52828,Jessica,Rodriguez,visitor641@mail.com,yahoo,2 - February
58604,Ryan,Davis,visitor642@mail.com,facebook,3 - March
20526,Jessica,Velazquez,visitor643@mail.com,yahoo,2 - February
78910,Albert,Rodriguez,visitor644@mail.com,yahoo,1 - January
35592,Amanda,Rodriguez,visitor645@mail.com,facebook,1 - January
38982,Kyle,Sweeney,visitor646@mail.com,yahoo,2 - February
10207,James,Sweeney,visitor647@mail.com,facebook,2 - February
98733,Keith,Sweeney,visitor648@mail.com,email,3 - March
78619,Emily,Sweeney,visitor649@mail.com,yahoo,2 - February
39328,Elizabeth,Saunders,visitor650@mail.com,twitter,3 - March
56479,Jessica,Davis,visitor651@mail.com,google,2 - February
30103,Amanda,Miller,visitor652@mail.com,facebook,2 - February
49891,James,Johnson,visitor653@mail.com,facebook,2 - February
20754,Kyle,Brown,visitor654@mail.com,yahoo,2 - February
91437,Ashley,Miller,visitor655@mail.com,email,2 - February
82982,Christopher,Blankenship,visitor656@mail.com,facebook,1 - January
65922,Jessica,Sweeney,visitor657@mail.com,google,3 - March
58231,Jessica,Garcia,visitor658@mail.com,google,2 - February
39301,Michael,Velazquez,visitor659@mail.com,google,1 - January
72711,Michael,Velazquez,visitor660@mail.com,facebook,1 - January
51323,Emily,Blankenship,visitor661@mail.com,email,1 - January
28752,Christopher,Johnson,visitor662@mail.com,facebook,2 - February
92205,James,Jones,visitor663@mail.com,yahoo,1 - January
23395,Kyle,Jones,visitor664@mail.com,email,1 - January
95957,Emily,Brown,visitor665@mail.com,yahoo,2 - February
66273,Michael,Davis,visitor666@mail.com,yahoo,3 - March
14895,David,Johnson,visitor667@mail.com,yahoo,1 - January
86559,Christopher,Blankenship,visitor668@mail.com,yahoo,2 - February
20699,Keith,Jones,visitor669@mail.com,facebook,3 - March
75061,Emily,Jones,visitor670@mail.com,facebook,3 - March
19715,Sarah,Jones,visitor671@mail.com,google,3 - March
29169,Emily,Dillon,visitor672@mail.com,facebook,1 - January
26163,Amanda,Garcia,visitor673@mail.com,twitter,3 - March
15782,Kyle,Miller,visitor674@mail.com,twitter,2 - February
98177,Kyle,Saunders,visitor675@mail.com,yahoo,1 - January
94328,David,Blankenship,visitor676@mail.com,email,3 - March
45585,Ashley,Williams,visitor677@mail.com,yahoo,2 - February
40682,Donna,Peck,visitor678@mail.com,facebook,3 - March
57864,Donna,Miller,visitor679@mail.com,google,3 - March
94416,Michael,Peck,visitor680@mail.com,google,2 - February
65114,Sarah,Johnson,visitor681@mail.com,yahoo,3 - March
48067,Michael,Rodriguez,visitor682@mail.com,facebook,2 - February
52685,Albert,Blankenship,visitor683@mail.com,yahoo,2 - February
28073,Albert,Rodriguez,visitor684@mail.com,yahoo,3 - March
46035,Elizabeth,Blankenship,visitor685@mail.com,yahoo,3 - March
74977,Albert,Peck,visitor686@mail.com,email,3 - March
93362,Donna,Brown,visitor687@mail.com,yahoo,3 - March
75450,Ashley,Peck,visitor688@mail.com,yahoo,3 - March
20382,Keith,Blankenship,visitor689@mail.com,email,3 - March
14437,Albert,Jones,visitor690@mail.com,email,2 - February
80971,Michael,Brown,visitor691@mail.com,email,1 - January
74612,Jessica,Rodriguez,visitor692@mail.com,email,3 - March
71929,Kyle,Martinez,visitor693@mail.com,google,1 - January
22329,Keith,Sweeney,visitor694@mail.com,yahoo,1 - January
35169,Keith,Davis,visitor695@mail.com,google,1 - January
97468,Emily,Williams,visitor696@mail.com,google,3 - March
44594,Michael,Dillon,visitor697@mail.com,yahoo,3 - March
86957,Kyle,Garcia,visitor698@mail.com,facebook,2 - February
70631,Donna,Martinez,visitor699@mail.com,yahoo,2 - February
55033,Keith,Saunders,visitor700@mail.com,google,3 - March
73133,Elizabeth,Sweeney,visitor701@mail.com,google,2 - February
83165,Amanda,Velazquez,visitor702@mail.com,facebook,2 - February
83861,Michael,Peck,visitor703@mail.com,google,2 - February
62290,Keith,Davis,visitor704@mail.com,email,2 - February
41750,Sarah,Rodriguez,visitor705@mail.com,yahoo,2 - February
50461,James,Williams,visitor706@mail.com,facebook,2 - February
83800,Emily,Peck,visitor707@mail.com,yahoo,2 - February
88222,Kyle,Rodriguez,visitor708@mail.com,facebook,3 - March
34226,Albert,Davis,visitor709@mail.com,email,1 - January
16721,Keith,Garcia,visitor710@mail.com,twitter,2 - February
66154,Michael,Peck,visitor711@mail.com,facebook,2 - February
30609,Albert,Sweeney,visitor712@mail.com,yahoo,1 - January
62130,James,Jones,visitor713@mail.com,yahoo,2 - February
82909,Elizabeth,Miller,visitor714@mail.com,yahoo,1 - January
65249,Albert,Jones,visitor715@mail.com,email,2 - February
58895,Sarah,Martinez,visitor716@mail.com,google,2 - February
15656,Donna,Dillon,visitor717@mail.com,twitter,3 - March
84520,Keith,Brown,visitor718@mail.com,yahoo,2 - February
73740,Ryan,Peck,visitor719@mail.com,email,1 - January
74309,Ryan,Johnson,visitor720@mail.com,google,3 - March
39984,Albert,Jones,visitor721@mail.com,google,1 - January
83822,David,Garcia,visitor722@mail.com,facebook,3 - March
15901,Kyle,Blankenship,visitor723@mail.com,facebook,3 - March
41552,Emily,Miller,visitor724@mail.com,google,2 - February
41055,Ryan,Martinez,visitor725@mail.com,yahoo,3 - March
47685,David,Williams,visitor726@mail.com,yahoo,3 - March
83965,Ashley,Rodriguez,visitor727@mail.com,twitter,3 - March
24716,Ryan,Johnson,visitor728@mail.com,facebook,3 - March
21138,David,Sweeney,visitor729@mail.com,facebook,1 - January
45298,Kyle,Sweeney,visitor730@mail.com,yahoo,3 - March
61112,Jessica,Dillon,visitor731@mail.com,yahoo,1 - January
33429,Ryan,Dillon,visitor732@mail.com,yahoo,1 - January
60200,Sarah,Brown,visitor733@mail.com,yahoo,1 - January
81308,James,Miller,visitor734@mail.com,facebook,2 - February
58244,Christopher,Blankenship,visitor735@mail.com,yahoo,2 - February
27347,Keith,Williams,visitor736@mail.com,facebook,3 - March
26920,David,Blankenship,visitor737@mail.com,facebook,3 - March
41822,James,Velazquez,visitor738@mail.com,twitter,1 - January
56659,Keith,Martinez,visitor739@mail.com,email,3 - March
50108,Christopher,Dillon,visitor740@mail.com,email,3 - March
99099,Michael,Brown,visitor741@mail.com,google,1 - January
17967,Michael,Davis,visitor742@mail.com,google,2 - February
21871,Emily,Saunders,visitor743@mail.com,yahoo,3 - March
87452,James,Peck,visitor744@mail.com,email,2 - February
84270,Kyle,Peck,visitor745@mail.com,email,3 - March
43613,David,Davis,visitor746@mail.com,email,3 - March
38179,Elizabeth,Saunders,visitor747@mail.com,email,2 - February
62188,Michael,Jones,visitor748@mail.com,email,1 - January
65099,Kyle,Blankenship,visitor749@mail.com,twitter,2 - February
45262,Amanda,Saunders,visitor750@mail.com,google,1 - January
88213,James,Brown,visitor751@mail.com,yahoo,2 - February
28268,Michael,Williams,visitor752@mail.com,yahoo,3 - March
87866,Michael,Saunders,visitor753@mail.com,twitter,2 - February
96269,Elizabeth,Brown,visitor754@mail.com,email,3 - March
70545,Ryan,Martinez,visitor755@mail.com,email,2 - February
82146,Albert,Davis,visitor756@mail.com,yahoo,3 - March
81966,James,Dillon,visitor757@mail.com,google,3 - March
49922,Emily,Davis,visitor758@mail.com,yahoo,3 - March
89364,Jessica,Johnson,visitor759@mail.com,yahoo,3 - March
52913,Amanda,Sweeney,visitor760@mail.com,yahoo,1 - January
65677,Michael,Sweeney,visitor761@mail.com,yahoo,3 - March
59841,James,Miller,visitor762@mail.com,google,3 - March
56332,Amanda,Davis,visitor763@mail.com,facebook,1 - January
35032,Michael,Velazquez,visitor764@mail.com,yahoo,3 - March
47846,Sarah,Blankenship,visitor765@mail.com,google,3 - March
69474,Christopher,Williams,visitor766@mail.com,email,2 - February
54936,Ashley,Johnson,visitor767@mail.com,twitter,2 - February
39794,Jessica,Johnson,visitor768@mail.com,google,3 - March
71588,Amanda,Dillon,visitor769@mail.com,yahoo,3 - March
80984,Elizabeth,Saunders,visitor770@mail.com,twitter,2 - February
60331,Keith,Blankenship,visitor771@mail.com,facebook,1 - January
38141,David,Davis,visitor772@mail.com,yahoo,1 - January
19074,Michael,Peck,visitor773@mail.com,yahoo,3 - March
16406,Christopher,Johnson,visitor774@mail.com,twitter,3 - March
33291,Albert,Brown,visitor775@mail.com,facebook,1 - January
51568,David,Peck,visitor776@mail.com,facebook,2 - February
56851,Jessica,Davis,visitor777@mail.com,twitter,1 - January
64823,David,Velazquez,visitor778@mail.com,email,3 - March
33312,Ryan,Saunders,visitor779@mail.com,facebook,1 - January
53108,Michael,Saunders,visitor780@mail.com,twitter,1 - January
76918,David,Williams,visitor781@mail.com,google,1 - January
44171,Keith,Johnson,visitor782@mail.com,facebook,2 - February
51779,Keith,Dillon,visitor783@mail.com,email,2 - February
78828,Michael,Martinez,visitor784@mail.com,google,1 - January
22411,Donna,Jones,visitor785@mail.com,yahoo,3 - March
67009,Keith,Jones,visitor786@mail.com,facebook,1 - January
25422,David,Garcia,visitor787@mail.com,email,2 - February
52468,Emily,Sweeney,visitor788@mail.com,twitter,3 - March
42371,Kyle,Brown,visitor789@mail.com,yahoo,2 - February
67022,Amanda,Peck,visitor790@mail.com,google,2 - February
81229,Keith,Garcia,visitor791@mail.com,email,1 - January
61196,James,Martinez,visitor792@mail.com,facebook,3 - March
90354,Jessica,Velazquez,visitor793@mail.com,yahoo,2 - February
36715,Donna,Martinez,visitor794@mail.com,facebook,3 - March
37605,James,Rodriguez,visitor795@mail.com,google,1 - January
41174,David,Sweeney,visitor796@mail.com,facebook,2 - February
19956,Amanda,Saunders,visitor797@mail.com,facebook,3 - March
86373,Elizabeth,Peck,visitor798@mail.com,yahoo,3 - March
79252,Sarah,Blankenship,visitor799@mail.com,twitter,1 - January
71949,Amanda,Johnson,visitor800@mail.com,twitter,3 - March
72646,Elizabeth,Velazquez,visitor801@mail.com,facebook,2 - February
80017,Ryan,Blankenship,visitor802@mail.com,email,2 - February
73037,James,Dillon,visitor803@mail.com,google,1 - January
99818,Sarah,Garcia,visitor804@mail.com,google,2 - February
16548,Ryan,Johnson,visitor805@mail.com,facebook,2 - February
83294,Sarah,Peck,visitor806@mail.com,email,2 - February
33177,Sarah,Johnson,visitor807@mail.com,email,1 - January
34022,Kyle,Sweeney,visitor808@mail.com,yahoo,1 - January
15542,Albert,Williams,visitor809@mail.com,yahoo,3 - March
70428,Jessica,Davis,visitor810@mail.com,yahoo,3 - March
32740,Elizabeth,Sweeney,visitor811@mail.com,facebook,3 - March
69353,Christopher,Dillon,visitor812@mail.com,yahoo,1 - January
66532,Keith,Brown,visitor813@mail.com,email,2 - February
26052,David,Blankenship,visitor814@mail.com,google,3 - March
57076,Donna,Rodriguez,visitor815@mail.com,yahoo,3 - March
63420,Jessica,Miller,visitor816@mail.com,facebook,2 - February
10671,Ryan,Sweeney,visitor817@mail.com,facebook,3 - March
10163,Kyle,Williams,visitor818@mail.com,email,3 - March
51424,Ryan,Davis,visitor819@mail.com,email,3 - March
63744,Albert,Brown,visitor820@mail.com,twitter,1 - January
80331,Donna,Sweeney,visitor821@mail.com,twitter,1 - January
20634,Christopher,Saunders,visitor822@mail.com,yahoo,2 - February
14798,Ashley,Williams,visitor823@mail.com,google,2 - February
32420,Kyle,Rodriguez,visitor824@mail.com,twitter,1 - January
39300,Ryan,Blankenship,visitor825@mail.com,email,1 - January
99881,Albert,Velazquez,visitor826@mail.com,facebook,3 - March
20749,Ashley,Jones,visitor827@mail.com,yahoo,2 - February
35121,Amanda,Brown,visitor828@mail.com,email,2 - February
47487,David,Saunders,visitor829@mail.com,twitter,2 - February
43361,David,Miller,visitor830@mail.com,facebook,3 - March
31223,Christopher,Velazquez,visitor831@mail.com,twitter,3 - March
82930,Ryan,Peck,visitor832@mail.com,twitter,1 - January
24056,Amanda,Rodriguez,visitor833@mail.com,facebook,3 - March
38380,Christopher,Williams,visitor834@mail.com,facebook,2 - February
36035,Jessica,Garcia,visitor835@mail.com,twitter,1 - January
40620,Donna,Saunders,visitor836@mail.com,facebook,3 - March
29877,Michael,Johnson,visitor837@mail.com,facebook,2 - February
65316,Jessica,Peck,visitor838@mail.com,twitter,2 - February
74041,David,Peck,visitor839@mail.com,facebook,2 - February
63352,Donna,Martinez,visitor840@mail.com,yahoo,2 - February
40911,Albert,Miller,visitor841@mail.com,google,2 - February
42784,Kyle,Brown,visitor842@mail.com,email,3 - March
13191,Emily,Martinez,visitor843@mail.com,twitter,1 - January
43160,James,Miller,visitor844@mail.com,google,3 - March
74641,Amanda,Williams,visitor845@mail.com,facebook,2 - February
59723,Sarah,Miller,visitor846@mail.com,facebook,1 - January
13631,Ryan,Davis,visitor847@mail.com,facebook,1 - January
16172,Emily,Saunders,visitor848@mail.com,facebook,2 - February
52080,Elizabeth,Dillon,visitor849@mail.com,facebook,2 - February
99097,Donna,Garcia,visitor850@mail.com,facebook,1 - January
30281,James,Saunders,visitor851@mail.com,facebook,1 - January
38671,Keith,Davis,visitor852@mail.com,twitter,3 - March
61431,Albert,Miller,visitor853@mail.com,twitter,1 - January
38602,Michael,Sweeney,visitor854@mail.com,google,3 - March
98789,Sarah,Peck,visitor855@mail.com,yahoo,3 - March
61399,Keith,Blankenship,visitor856@mail.com,yahoo,2 - February
33472,Michael,Peck,visitor857@mail.com,google,2 - February
59230,Elizabeth,Davis,visitor858@mail.com,twitter,1 - January
83616,David,Peck,visitor859@mail.com,facebook,3 - March
17099,Jessica,Jones,visitor860@mail.com,yahoo,1 - January
35431,Ryan,Martinez,visitor861@mail.com,email,2 - February
66492,Kyle,Garcia,visitor862@mail.com,facebook,2 - February
57684,Michael,Garcia,visitor863@mail.com,twitter,1 - January
40111,Sarah,Rodriguez,visitor864@mail.com,email,2 - February
73936,Emily,Johnson,visitor865@mail.com,facebook,3 - March
32614,Ashley,Miller,visitor866@mail.com,google,2 - February
51991,Donna,Dillon,visitor867@mail.com,google,3 - March
80476,David,Velazquez,visitor868@mail.com,twitter,3 - March
70920,Ashley,Rodriguez,visitor869@mail.com,yahoo,2 - February
73530,Donna,Garcia,visitor870@mail.com,email,2 - February
46224,Sarah,Miller,visitor871@mail.com,email,2 - February
17788,Donna,Velazquez,visitor872@mail.com,twitter,2 - February
38082,Michael,Garcia,visitor873@mail.com,facebook,1 - January
99570,Emily,Johnson,visitor874@mail.com,twitter,3 - March
86816,Ashley,Peck,visitor875@mail.com,email,2 - February
93588,Albert,Davis,visitor876@mail.com,google,2 - February
26531,Ashley,Velazquez,visitor877@mail.com,google,2 - February
98340,Donna,Miller,visitor878@mail.com,google,2 - February
54857,Jessica,Williams,visitor879@mail.com,google,3 - March
20142,Emily,Dillon,visitor880@mail.com,google,2 - February
58355,Elizabeth,Martinez,visitor881@mail.com,facebook,1 - January
19866,Kyle,Rodriguez,visitor882@mail.com,email,1 - January
80067,Michael,Velazquez,visitor883@mail.com,email,3 - March
74027,James,Johnson,visitor884@mail.com,google,2 - February
67906,Keith,Sweeney,visitor885@mail.com,facebook,3 - March
38138,Christopher,Velazquez,visitor886@mail.com,google,1 - January
39956,Emily,Miller,visitor887@mail.com,facebook,1 - January
86295,James,Dillon,visitor888@mail.com,twitter,1 - January
15439,James,Garcia,visitor889@mail.com,yahoo,2 - February
57241,James,Martinez,visitor890@mail.com,facebook,2 - February
52533,Sarah,Brown,visitor891@mail.com,facebook,1 - January
38270,David,Garcia,visitor892@mail.com,email,2 - February
88815,Ashley,Brown,visitor893@mail.com,twitter,2 - February
49279,Emily,Rodriguez,visitor894@mail.com,google,1 - January
33888,Michael,Williams,visitor895@mail.com,facebook,2 - February
27630,Amanda,Martinez,visitor896@mail.com,twitter,3 - March
71063,Ashley,Saunders,visitor897@mail.com,email,1 - January
45144,Ashley,Saunders,visitor898@mail.com,google,1 - January
62161,Albert,Velazquez,visitor899@mail.com,google,2 - February
87360,James,Blankenship,visitor900@mail.com,twitter,3 - March
60979,David,Rodriguez,visitor901@mail.com,email,3 - March
16979,Christopher,Miller,visitor902@mail.com,yahoo,2 - February
36189,Jessica,Rodriguez,visitor903@mail.com,twitter,1 - January
52600,Sarah,Sweeney,visitor904@mail.com,facebook,3 - March
69560,Amanda,Johnson,visitor905@mail.com,facebook,3 - March
88040,David,Sweeney,visitor906@mail.com,google,3 - March
71558,Donna,Brown,visitor907@mail.com,yahoo,3 - March
96205,Michael,Miller,visitor908@mail.com,yahoo,3 - March
16910,Amanda,Miller,visitor909@mail.com,google,3 - March
67713,Elizabeth,Velazquez,visitor910@mail.com,yahoo,2 - February
56857,Sarah,Garcia,visitor911@mail.com,email,2 - February
44964,Amanda,Rodriguez,visitor912@mail.com,email,1 - January
95667,Ryan,Dillon,visitor913@mail.com,yahoo,3 - March
35227,Jessica,Martinez,visitor914@mail.com,yahoo,3 - March
15978,James,Johnson,visitor915@mail.com,google,2 - February
97527,Kyle,Sweeney,visitor916@mail.com,yahoo,2 - February
27153,Sarah,Davis,visitor917@mail.com,yahoo,1 - January
69765,Albert,Dillon,visitor918@mail.com,yahoo,1 - January
49071,Michael,Johnson,visitor919@mail.com,yahoo,1 - January
79519,Donna,Sweeney,visitor920@mail.com,yahoo,2 - February
19503,Amanda,Martinez,visitor921@mail.com,facebook,3 - March
70703,Kyle,Williams,visitor922@mail.com,yahoo,1 - January
74379,Kyle,Brown,visitor923@mail.com,facebook,1 - January
67866,Jessica,Peck,visitor924@mail.com,yahoo,2 - February
26905,Amanda,Johnson,visitor925@mail.com,google,1 - January
55838,David,Brown,visitor926@mail.com,twitter,3 - March
68279,Albert,Martinez,visitor927@mail.com,google,2 - February
99489,David,Miller,visitor928@mail.com,email,1 - January
36806,Donna,Jones,visitor929@mail.com,facebook,1 - January
55000,Amanda,Blankenship,visitor930@mail.com,yahoo,1 - January
32168,Kyle,Miller,visitor931@mail.com,yahoo,2 - February
80119,Albert,Velazquez,visitor932@mail.com,facebook,1 - January
48714,Albert,Jones,visitor933@mail.com,yahoo,2 - February
64093,Keith,Dillon,visitor934@mail.com,yahoo,2 - February
65419,Ashley,Miller,visitor935@mail.com,twitter,1 - January
59145,Michael,Miller,visitor936@mail.com,email,1 - January
87425,Christopher,Johnson,visitor937@mail.com,yahoo,2 - February
87811,Amanda,Velazquez,visitor938@mail.com,google,3 - March
12461,Kyle,Velazquez,visitor939@mail.com,yahoo,3 - March
24291,Kyle,Jones,visitor940@mail.com,yahoo,1 - January
56804,Albert,Martinez,visitor941@mail.com,yahoo,1 - January
86971,David,Rodriguez,visitor942@mail.com,twitter,1 - January
74946,Ashley,Miller,visitor943@mail.com,facebook,2 - February
94080,Kyle,Jones,visitor944@mail.com,facebook,2 - February
71332,Albert,Peck,visitor945@mail.com,facebook,3 - March
87794,Kyle,Sweeney,visitor946@mail.com,email,3 - March
40841,Christopher,Johnson,visitor947@mail.com,google,1 - January
58758,Ashley,Rodriguez,visitor948@mail.com,twitter,2 - February
86272,Albert,Brown,visitor949@mail.com,yahoo,3 - March
47643,Keith,Martinez,visitor950@mail.com,email,2 - February
60408,Christopher,Saunders,visitor951@mail.com,google,2 - February
53950,Christopher,Miller,visitor952@mail.com,email,3 - March
66849,Amanda,Garcia,visitor953@mail.com,email,3 - March
38044,Michael,Johnson,visitor954@mail.com,email,3 - March
25997,Ashley,Johnson,visitor955@mail.com,twitter,1 - January
89751,Amanda,Johnson,visitor956@mail.com,email,2 - February
33911,Albert,Velazquez,visitor957@mail.com,twitter,1 - January
65533,Ashley,Dillon,visitor958@mail.com,facebook,2 - February
92566,Emily,Velazquez,visitor959@mail.com,yahoo,1 - January
24571,Ashley,Dillon,visitor960@mail.com,yahoo,3 - March
67941,Kyle,Davis,visitor961@mail.com,yahoo,3 - March
68005,Amanda,Jones,visitor962@mail.com,yahoo,2 - February
96250,Donna,Saunders,visitor963@mail.com,yahoo,1 - January
68712,Michael,Rodriguez,visitor964@mail.com,yahoo,1 - January
53541,Keith,Velazquez,visitor965@mail.com,twitter,3 - March
33387,James,Miller,visitor966@mail.com,facebook,2 - February
58908,Albert,Martinez,visitor967@mail.com,facebook,3 - March
95457,Donna,Rodriguez,visitor968@mail.com,facebook,2 - February
23057,Albert,Dillon,visitor969@mail.com,google,2 - February
74028,David,Velazquez,visitor970@mail.com,google,3 - March
65731,Kyle,Blankenship,visitor971@mail.com,yahoo,2 - February
34858,Sarah,Velazquez,visitor972@mail.com,yahoo,2 - February
58689,Jessica,Saunders,visitor973@mail.com,facebook,3 - March
54638,Elizabeth,Saunders,visitor974@mail.com,google,1 - January
56486,David,Dillon,visitor975@mail.com,yahoo,1 - January
30567,Amanda,Dillon,visitor976@mail.com,facebook,2 - February
39739,Donna,Jones,visitor977@mail.com,yahoo,1 - January
67804,David,Saunders,visitor978@mail.com,facebook,3 - March
13754,Ryan,Saunders,visitor979@mail.com,twitter,3 - March
37044,Albert,Davis,visitor980@mail.com,facebook,3 - March
77260,Albert,Miller,visitor981@mail.com,yahoo,2 - February
76912,Emily,Davis,visitor982@mail.com,google,1 - January
18706,Elizabeth,Peck,visitor983@mail.com,facebook,1 - January
18894,Elizabeth,Johnson,visitor984@mail.com,facebook,3 - March
28037,Ryan,Davis,visitor985@mail.com,google,1 - January
93986,Kyle,Williams,visitor986@mail.com,yahoo,3 - March
91942,Jessica,Velazquez,visitor987@mail.com,yahoo,3 - March
61612,Christopher,Sweeney,visitor988@mail.com,google,2 - February
39725,Christopher,Jones,visitor989@mail.com,facebook,2 - February
15926,Ashley,Johnson,visitor990@mail.com,google,2 - February
19496,Sarah,Williams,visitor991@mail.com,yahoo,3 - March
66447,James,Peck,visitor992@mail.com,yahoo,1 - January
39806,Sarah,Sweeney,visitor993@mail.com,facebook,3 - March
98199,Amanda,Dillon,visitor994@mail.com,twitter,2 - February
51321,Keith,Saunders,visitor995@mail.com,twitter,3 - March
75095,Amanda,Blankenship,visitor996@mail.com,yahoo,1 - January
32656,Emily,Jones,visitor997@mail.com,yahoo,1 - January
65147,Amanda,Brown,visitor998@mail.com,yahoo,3 - March
59666,James,Garcia,visitor999@mail.com,twitter,3 - March
92368,Keith,Davis,visitor1000@mail.com,facebook,2 - February
48787,Kyle,Saunders,visitor1001@mail.com,yahoo,3 - March
72946,Keith,Blankenship,visitor1002@mail.com,facebook,3 - March
31727,Keith,Williams,visitor1003@mail.com,facebook,1 - January
78056,Ryan,Dillon,visitor1004@mail.com,facebook,2 - February
13081,Ryan,Sweeney,visitor1005@mail.com,yahoo,3 - March
44196,Keith,Williams,visitor1006@mail.com,email,2 - February
46735,David,Garcia,visitor1007@mail.com,google,2 - February
90102,James,Saunders,visitor1008@mail.com,google,3 - March
89578,Michael,Saunders,visitor1009@mail.com,email,2 - February
35498,Michael,Sweeney,visitor1010@mail.com,facebook,1 - January
86865,Ashley,Brown,visitor1011@mail.com,yahoo,3 - March
41656,Ashley,Blankenship,visitor1012@mail.com,yahoo,2 - February
77695,Kyle,Williams,visitor1013@mail.com,facebook,3 - March
47900,Sarah,Dillon,visitor1014@mail.com,yahoo,3 - March
94899,Emily,Saunders,visitor1015@mail.com,yahoo,1 - January
57701,Elizabeth,Martinez,visitor1016@mail.com,facebook,1 - January
29033,Kyle,Williams,visitor1017@mail.com,yahoo,2 - February
20805,Keith,Miller,visitor1018@mail.com,yahoo,2 - February
45851,Ryan,Brown,visitor1019@mail.com,google,3 - March
36832,Ashley,Williams,visitor1020@mail.com,facebook,2 - February
73437,Albert,Davis,visitor1021@mail.com,yahoo,2 - February
23944,David,Sweeney,visitor1022@mail.com,google,1 - January
29873,Christopher,Rodriguez,visitor1023@mail.com,email,2 - February
50372,Donna,Rodriguez,visitor1024@mail.com,google,2 - February
99464,Amanda,Davis,visitor1025@mail.com,google,2 - February
25379,Amanda,Garcia,visitor1026@mail.com,yahoo,1 - January
46751,Christopher,Dillon,visitor1027@mail.com,google,2 - February
99822,Ryan,Peck,visitor1028@mail.com,facebook,1 - January
15110,Michael,Sweeney,visitor1029@mail.com,twitter,2 - February
64341,Emily,Williams,visitor1030@mail.com,google,3 - March
22087,James,Peck,visitor1031@mail.com,facebook,1 - January
33762,Christopher,Saunders,visitor1032@mail.com,google,2 - February
92617,Ryan,Peck,visitor1033@mail.com,yahoo,2 - February
19596,Ashley,Brown,visitor1034@mail.com,email,1 - January
28313,David,Velazquez,visitor1035@mail.com,twitter,1 - January
76549,James,Brown,visitor1036@mail.com,facebook,3 - March
33705,Ashley,Davis,visitor1037@mail.com,facebook,2 - February
77364,Elizabeth,Sweeney,visitor1038@mail.com,facebook,3 - March
83445,Amanda,Velazquez,visitor1039@mail.com,facebook,2 - February
88645,Keith,Sweeney,visitor1040@mail.com,yahoo,2 - February
12023,Albert,Miller,visitor1041@mail.com,facebook,2 - February
69796,Michael,Garcia,visitor1042@mail.com,twitter,2 - February
90073,Michael,Garcia,visitor1043@mail.com,email,1 - January
74429,Amanda,Jones,visitor1044@mail.com,yahoo,2 - February
71627,Emily,Dillon,visitor1045@mail.com,twitter,2 - February
43848,Amanda,Martinez,visitor1046@mail.com,twitter,1 - January
47804,Jessica,Garcia,visitor1047@mail.com,facebook,1 - January
25379,Sarah,Johnson,visitor1048@mail.com,facebook,1 - January
69664,Ashley,Saunders,visitor1049@mail.com,facebook,2 - February
37766,Elizabeth,Saunders,visitor1050@mail.com,yahoo,3 - March
78099,Michael,Miller,visitor1051@mail.com,google,3 - March
46060,Sarah,Jones,visitor1052@mail.com,twitter,1 - January
79122,Michael,Miller,visitor1053@mail.com,twitter,1 - January
26087,James,Williams,visitor1054@mail.com,facebook,2 - February
58868,Keith,Blankenship,visitor1055@mail.com,twitter,3 - March
33225,Sarah,Sweeney,visitor1056@mail.com,twitter,1 - January
16643,David,Johnson,visitor1057@mail.com,twitter,3 - March
46727,Ashley,Johnson,visitor1058@mail.com,google,2 - February
21005,Jessica,Davis,visitor1059@mail.com,facebook,1 - January
75697,Keith,Brown,visitor1060@mail.com,facebook,2 - February
26029,Christopher,Brown,visitor1061@mail.com,yahoo,1 - January
24226,David,Blankenship,visitor1062@mail.com,google,3 - March
73646,Albert,Davis,visitor1063@mail.com,google,2 - February
70603,Elizabeth,Miller,visitor1064@mail.com,yahoo,2 - February
38731,Elizabeth,Davis,visitor1065@mail.com,email,2 - February
78926,Donna,Williams,visitor1066@mail.com,yahoo,2 - February
15997,Donna,Jones,visitor1067@mail.com,yahoo,2 - February
65506,Ashley,Peck,visitor1068@mail.com,yahoo,1 - January
88229,Sarah,Brown,visitor1069@mail.com,yahoo,2 - February
59815,James,Williams,visitor1070@mail.com,facebook,1 - January
52092,Elizabeth,Dillon,visitor1071@mail.com,facebook,3 - March
72539,Emily,Davis,visitor1072@mail.com,twitter,1 - January
76077,Christopher,Saunders,visitor1073@mail.com,facebook,2 - February
31817,Ashley,Saunders,visitor1074@mail.com,facebook,1 - January
47861,Sarah,Williams,visitor1075@mail.com,yahoo,3 - March
23428,Donna,Blankenship,visitor1076@mail.com,facebook,2 - February
53934,Christopher,Jones,visitor1077@mail.com,yahoo,2 - February
20258,Albert,Garcia,visitor1078@mail.com,yahoo,3 - March
67775,Michael,Rodriguez,visitor1079@mail.com,yahoo,2 - February
91580,David,Johnson,visitor1080@mail.com,yahoo,3 - March
15469,Ashley,Blankenship,visitor1081@mail.com,yahoo,1 - January
38854,Christopher,Williams,visitor1082@mail.com,yahoo,2 - February
16256,James,Jones,visitor1083@mail.com,google,3 - March
86256,Ryan,Jones,visitor1084@mail.com,facebook,3 - March
43937,Ashley,Sweeney,visitor1085@mail.com,yahoo,1 - January
11651,Sarah,Velazquez,visitor1086@mail.com,yahoo,3 - March
60288,Albert,Saunders,visitor1087@mail.com,google,2 - February
94730,David,Williams,visitor1088@mail.com,email,3 - March
35051,Elizabeth,Martinez,visitor1089@mail.com,twitter,2 - February
37386,Amanda,Garcia,visitor1090@mail.com,email,1 - January
85054,Michael,Davis,visitor1091@mail.com,yahoo,3 - March
26184,David,Johnson,visitor1092@mail.com,yahoo,3 - March
43787,Jessica,Davis,visitor1093@mail.com,facebook,2 - February
31621,Donna,Velazquez,visitor1094@mail.com,twitter,1 - January
85564,David,Dillon,visitor1095@mail.com,email,1 - January
87984,Ryan,Brown,visitor1096@mail.com,twitter,2 - February
69792,Albert,Martinez,visitor1097@mail.com,facebook,1 - January
55253,Michael,Sweeney,visitor1098@mail.com,twitter,2 - February
44051,Emily,Brown,visitor1099@mail.com,facebook,2 - February
59811,Amanda,Velazquez,visitor1100@mail.com,email,3 - March
40447,Keith,Velazquez,visitor1101@mail.com,facebook,1 - January
93930,David,Brown,visitor1102@mail.com,email,2 - February
40254,Emily,Miller,visitor1103@mail.com,google,2 - February
94045,Emily,Johnson,visitor1104@mail.com,email,2 - February
67418,Kyle,Johnson,visitor1105@mail.com,google,2 - February
24472,Ryan,Peck,visitor1106@mail.com,yahoo,2 - February
13471,Amanda,Davis,visitor1107@mail.com,yahoo,3 - March
18329,Ryan,Garcia,visitor1108@mail.com,yahoo,3 - March
44865,Kyle,Dillon,visitor1109@mail.com,yahoo,3 - March
56850,Jessica,Davis,visitor1110@mail.com,email,3 - March
64220,Keith,Johnson,visitor1111@mail.com,email,3 - March
16397,Donna,Garcia,visitor1112@mail.com,google,3 - March
45525,Albert,Rodriguez,visitor1113@mail.com,yahoo,1 - January
63072,Michael,Dillon,visitor1114@mail.com,yahoo,2 - February
93820,Albert,Dillon,visitor1115@mail.com,email,2 - February
94530,Keith,Velazquez,visitor1116@mail.com,facebook,1 - January
33284,Albert,Dillon,visitor1117@mail.com,facebook,2 - February
71330,Kyle,Sweeney,visitor1118@mail.com,yahoo,1 - January
93369,Ryan,Brown,visitor1119@mail.com,twitter,3 - March
35122,Albert,Martinez,visitor1120@mail.com,email,2 - February
80553,Sarah,Miller,visitor1121@mail.com,google,2 - February
91906,Emily,Peck,visitor1122@mail.com,twitter,3 - March
72812,Ashley,Davis,visitor1123@mail.com,yahoo,2 - February
17999,Emily,Williams,visitor1124@mail.com,email,2 - February
32436,David,Blankenship,visitor1125@mail.com,yahoo,2 - February
52963,Keith,Peck,visitor1126@mail.com,google,3 - March
12096,Jessica,Sweeney,visitor1127@mail.com,yahoo,2 - February
35279,James,Peck,visitor1128@mail.com,yahoo,2 - February
36201,James,Dillon,visitor1129@mail.com,facebook,1 - January
29715,Sarah,Velazquez,visitor1130@mail.com,email,2 - February
39309,Christopher,Martinez,visitor1131@mail.com,twitter,1 - January
25078,Kyle,Blankenship,visitor1132@mail.com,facebook,3 - March
66614,Elizabeth,Johnson,visitor1133@mail.com,yahoo,3 - March
15105,Kyle,Velazquez,visitor1134@mail.com,twitter,3 - March
12839,Emily,Dillon,visitor1135@mail.com,yahoo,3 - March
78920,Jessica,Dillon,visitor1136@mail.com,facebook,2 - February
53619,Jessica,Blankenship,visitor1137@mail.com,facebook,3 - March
52821,Sarah,Blankenship,visitor1138@mail.com,twitter,2 - February
23493,David,Rodriguez,visitor1139@mail.com,email,3 - March
27069,Keith,Saunders,visitor1140@mail.com,twitter,1 - January
17531,Ashley,Martinez,visitor1141@mail.com,yahoo,1 - January
47051,Amanda,Jones,visitor1142@mail.com,facebook,2 - February
17736,Donna,Martinez,visitor1143@mail.com,yahoo,2 - February
17710,Amanda,Jones,visitor1144@mail.com,facebook,1 - January
77155,Ryan,Garcia,visitor1145@mail.com,facebook,3 - March
23975,Sarah,Miller,visitor1146@mail.com,yahoo,1 - January
72424,Christopher,Velazquez,visitor1147@mail.com,yahoo,1 - January
55603,Jessica,Johnson,visitor1148@mail.com,google,3 - March
33252,James,Peck,visitor1149@mail.com,yahoo,2 - February
90797,Elizabeth,Dillon,visitor1150@mail.com,google,3 - March
11431,Ashley,Dillon,visitor1151@mail.com,facebook,2 - February
84603,Michael,Saunders,visitor1152@mail.com,facebook,3 - March
47481,Amanda,Velazquez,visitor1153@mail.com,yahoo,2 - February
19557,Jessica,Miller,visitor1154@mail.com,facebook,1 - January
84971,David,Velazquez,visitor1155@mail.com,google,2 - February
10162,Christopher,Rodriguez,visitor1156@mail.com,google,1 - January
44742,David,Davis,visitor1157@mail.com,twitter,3 - March
29675,Jessica,Brown,visitor1158@mail.com,google,1 - January
83997,Christopher,Garcia,visitor1159@mail.com,facebook,2 - February
27015,David,Blankenship,visitor1160@mail.com,facebook,1 - January
60057,Christopher,Johnson,visitor1161@mail.com,twitter,3 - March
42591,Sarah,Miller,visitor1162@mail.com,twitter,2 - February
19833,Amanda,Blankenship,visitor1163@mail.com,google,3 - March
17896,Jessica,Johnson,visitor1164@mail.com,twitter,1 - January
42972,Jessica,Davis,visitor1165@mail.com,email,1 - January
59733,Christopher,Sweeney,visitor1166@mail.com,yahoo,1 - January
51800,Keith,Williams,visitor1167@mail.com,google,3 - March
15347,Ryan,Davis,visitor1168@mail.com,email,3 - March
69063,Elizabeth,Garcia,visitor1169@mail.com,google,1 - January
12643,David,Rodriguez,visitor1170@mail.com,yahoo,1 - January
50785,Keith,Jones,visitor1171@mail.com,yahoo,3 - March
28681,Emily,Davis,visitor1172@mail.com,facebook,1 - January
60026,Emily,Garcia,visitor1173@mail.com,twitter,1 - January
25892,Donna,Jones,visitor1174@mail.com,email,1 - January
57299,Donna,Johnson,visitor1175@mail.com,email,1 - January
27073,Albert,Jones,visitor1176@mail.com,google,1 - January
40682,Ashley,Martinez,visitor1177@mail.com,twitter,1 - January
24289,Sarah,Blankenship,visitor1178@mail.com,yahoo,2 - February
17927,Sarah,Garcia,visitor1179@mail.com,facebook,3 - March
58330,Kyle,Dillon,visitor1180@mail.com,email,2 - February
76707,Christopher,Blankenship,visitor1181@mail.com,google,3 - March
87454,Elizabeth,Johnson,visitor1182@mail.com,email,1 - January
75428,James,Miller,visitor1183@mail.com,email,3 - March
60601,Jessica,Velazquez,visitor1184@mail.com,facebook,2 - February
87465,David,Blankenship,visitor1185@mail.com,google,3 - March
12539,Elizabeth,Martinez,visitor1186@mail.com,facebook,1 - January
32669,Albert,Jones,visitor1187@mail.com,google,3 - March
80968,Emily,Martinez,visitor1188@mail.com,email,1 - January
30644,Emily,Saunders,visitor1189@mail.com,email,2 - February
28745,Kyle,Brown,visitor1190@mail.com,twitter,3 - March
38228,Keith,Davis,visitor1191@mail.com,email,2 - February
44521,Elizabeth,Dillon,visitor1192@mail.com,twitter,2 - February
36928,Keith,Davis,visitor1193@mail.com,email,3 - March
28322,Donna,Jones,visitor1194@mail.com,facebook,2 - February
67714,Emily,Saunders,visitor1195@mail.com,facebook,1 - January
97896,David,Johnson,visitor1196@mail.com,email,3 - March
72292,Albert,Sweeney,visitor1197@mail.com,google,1 - January
39055,Jessica,Rodriguez,visitor1198@mail.com,yahoo,3 - March
52891,James,Saunders,visitor1199@mail.com,email,1 - January
91912,Emily,Williams,visitor1200@mail.com,facebook,3 - March
16588,Amanda,Davis,visitor1201@mail.com,twitter,2 - February
16304,Amanda,Sweeney,visitor1202@mail.com,google,3 - March
17345,David,Garcia,visitor1203@mail.com,yahoo,2 - February
39300,James,Peck,visitor1204@mail.com,facebook,1 - January
34259,James,Dillon,visitor1205@mail.com,yahoo,2 - February
98553,Ashley,Jones,visitor1206@mail.com,facebook,1 - January
25352,Ryan,Garcia,visitor1207@mail.com,facebook,3 - March
43365,Sarah,Garcia,visitor1208@mail.com,yahoo,3 - March
29446,Albert,Peck,visitor1209@mail.com,google,2 - February
12336,Elizabeth,Blankenship,visitor1210@mail.com,google,3 - March
72032,David,Johnson,visitor1211@mail.com,twitter,1 - January
85415,Emily,Martinez,visitor1212@mail.com,google,2 - February
17521,Emily,Dillon,visitor1213@mail.com,facebook,2 - February
81707,Emily,Rodriguez,visitor1214@mail.com,twitter,2 - February
33481,Amanda,Velazquez,visitor1215@mail.com,email,1 - January
28474,Amanda,Garcia,visitor1216@mail.com,yahoo,3 - March
56760,Michael,Sweeney,visitor1217@mail.com,yahoo,1 - January
65718,Sarah,Garcia,visitor1218@mail.com,facebook,3 - March
54629,Amanda,Martinez,visitor1219@mail.com,google,1 - January
55232,Amanda,Velazquez,visitor1220@mail.com,email,3 - March
96544,Sarah,Garcia,visitor1221@mail.com,email,1 - January
77169,Christopher,Peck,visitor1222@mail.com,yahoo,2 - February
60669,Amanda,Martinez,visitor1223@mail.com,email,1 - January
88021,Michael,Saunders,visitor1224@mail.com,google,3 - March
79184,James,Saunders,visitor1225@mail.com,yahoo,2 - February
57945,James,Martinez,visitor1226@mail.com,yahoo,3 - March
23140,Ashley,Miller,visitor1227@mail.com,google,1 - January
93457,Christopher,Johnson,visitor1228@mail.com,google,3 - March
24357,Emily,Peck,visitor1229@mail.com,twitter,1 - January
78673,Kyle,Brown,visitor1230@mail.com,yahoo,1 - January
75633,Amanda,Garcia,visitor1231@mail.com,google,2 - February
86943,Ashley,Dillon,visitor1232@mail.com,google,1 - January
88258,Kyle,Sweeney,visitor1233@mail.com,email,1 - January
22924,Michael,Saunders,visitor1234@mail.com,email,3 - March
79286,Ryan,Martinez,visitor1235@mail.com,google,3 - March
84071,Donna,Saunders,visitor1236@mail.com,yahoo,3 - March
67326,Michael,Velazquez,visitor1237@mail.com,yahoo,1 - January
40651,Donna,Velazquez,visitor1238@mail.com,yahoo,1 - January
80202,David,Rodriguez,visitor1239@mail.com,google,2 - February
58777,Ryan,Miller,visitor1240@mail.com,yahoo,1 - January
26994,James,Davis,visitor1241@mail.com,yahoo,3 - March
77263,Albert,Jones,visitor1242@mail.com,twitter,1 - January
69634,Ashley,Blankenship,visitor1243@mail.com,facebook,3 - March
20800,Amanda,Brown,visitor1244@mail.com,google,2 - February
47823,James,Velazquez,visitor1245@mail.com,yahoo,3 - March
73878,Donna,Velazquez,visitor1246@mail.com,facebook,1 - January
28708,Christopher,Miller,visitor1247@mail.com,yahoo,3 - March
22819,Sarah,Dillon,visitor1248@mail.com,facebook,1 - January
84905,Christopher,Davis,visitor1249@mail.com,yahoo,3 - March
73870,David,Martinez,visitor1250@mail.com,twitter,3 - March
19283,Sarah,Jones,visitor1251@mail.com,yahoo,1 - January
40573,Ashley,Velazquez,visitor1252@mail.com,google,2 - February
88707,Ryan,Miller,visitor1253@mail.com,yahoo,2 - February
40933,James,Sweeney,visitor1254@mail.com,twitter,2 - February
15774,Ashley,Dillon,visitor1255@mail.com,facebook,2 - February
82055,Donna,Blankenship,visitor1256@mail.com,twitter,2 - February
20983,Ashley,Peck,visitor1257@mail.com,facebook,2 - February
28133,Keith,Martinez,visitor1258@mail.com,facebook,3 - March
24939,Amanda,Dillon,visitor1259@mail.com,facebook,2 - February
10781,Ryan,Peck,visitor1260@mail.com,yahoo,1 - January
66700,Amanda,Saunders,visitor1261@mail.com,google,3 - March
37624,Christopher,Jones,visitor1262@mail.com,twitter,3 - March
16823,Ryan,Blankenship,visitor1263@mail.com,facebook,2 - February
28489,Keith,Rodriguez,visitor1264@mail.com,facebook,2 - February
49961,Ashley,Jones,visitor1265@mail.com,yahoo,2 - February
39118,David,Davis,visitor1266@mail.com,google,3 - March
91816,Donna,Blankenship,visitor1267@mail.com,yahoo,3 - March
32263,Donna,Davis,visitor1268@mail.com,facebook,1 - January
23565,Emily,Jones,visitor1269@mail.com,email,3 - March
30354,Sarah,Dillon,visitor1270@mail.com,yahoo,1 - January
52951,Ryan,Martinez,visitor1271@mail.com,twitter,1 - January
33648,Ashley,Miller,visitor1272@mail.com,facebook,3 - March
60729,Ryan,Jones,visitor1273@mail.com,facebook,2 - February
51971,Jessica,Williams,visitor1274@mail.com,yahoo,2 - February
28658,Albert,Blankenship,visitor1275@mail.com,google,2 - February
31253,Amanda,Rodriguez,visitor1276@mail.com,twitter,3 - March
74166,Ryan,Martinez,visitor1277@mail.com,facebook,2 - February
58563,Elizabeth,Garcia,visitor1278@mail.com,facebook,3 - March
36390,Albert,Peck,visitor1279@mail.com,yahoo,1 - January
98664,Elizabeth,Blankenship,visitor1280@mail.com,facebook,1 - January
61578,Donna,Saunders,visitor1281@mail.com,google,2 - February
89025,Albert,Sweeney,visitor1282@mail.com,yahoo,2 - February
42658,Ryan,Martinez,visitor1283@mail.com,facebook,3 - March
16852,Christopher,Martinez,visitor1284@mail.com,facebook,2 - February
12551,Ashley,Davis,visitor1285@mail.com,twitter,2 - February
81947,Keith,Williams,visitor1286@mail.com,google,1 - January
71001,Sarah,Johnson,visitor1287@mail.com,google,1 - January
59159,Elizabeth,Garcia,visitor1288@mail.com,facebook,3 - March
61707,Ashley,Blankenship,visitor1289@mail.com,google,2 - February
43243,Emily,Velazquez,visitor1290@mail.com,twitter,1 - January
31800,Christopher,Dillon,visitor1291@mail.com,twitter,3 - March
85939,Albert,Garcia,visitor1292@mail.com,email,3 - March
67828,Ashley,Dillon,visitor1293@mail.com,twitter,3 - March
17239,Ryan,Jones,visitor1294@mail.com,yahoo,1 - January
16710,Albert,Jones,visitor1295@mail.com,google,2 - February
31384,Ryan,Rodriguez,visitor1296@mail.com,twitter,1 - January
31038,Ryan,Garcia,visitor1297@mail.com,google,3 - March
50846,Amanda,Dillon,visitor1298@mail.com,yahoo,3 - March
97983,Ryan,Rodriguez,visitor1299@mail.com,yahoo,2 - February
77821,Jessica,Brown,visitor1300@mail.com,facebook,2 - February
47991,Sarah,Garcia,visitor1301@mail.com,google,1 - January
89057,Keith,Williams,visitor1302@mail.com,facebook,1 - January
16971,Keith,Williams,visitor1303@mail.com,facebook,3 - March
39139,Albert,Peck,visitor1304@mail.com,email,1 - January
95445,Albert,Blankenship,visitor1305@mail.com,yahoo,1 - January
87067,Ryan,Johnson,visitor1306@mail.com,email,3 - March
90257,Amanda,Dillon,visitor1307@mail.com,google,2 - February
94742,Amanda,Blankenship,visitor1308@mail.com,twitter,3 - March
47711,Jessica,Williams,visitor1309@mail.com,facebook,1 - January
16530,Ryan,Saunders,visitor1310@mail.com,yahoo,2 - February
21116,Jessica,Dillon,visitor1311@mail.com,yahoo,2 - February
75794,Ryan,Martinez,visitor1312@mail.com,google,3 - March
10282,Elizabeth,Blankenship,visitor1313@mail.com,facebook,1 - January
89473,Elizabeth,Williams,visitor1314@mail.com,facebook,2 - February
11898,Donna,Sweeney,visitor1315@mail.com,twitter,3 - March
14135,Ryan,Williams,visitor1316@mail.com,email,2 - February
16629,Sarah,Jones,visitor1317@mail.com,twitter,2 - February
95120,Christopher,Rodriguez,visitor1318@mail.com,yahoo,1 - January
99087,Emily,Martinez,visitor1319@mail.com,facebook,1 - January
75031,Donna,Velazquez,visitor1320@mail.com,yahoo,3 - March
43380,Albert,Brown,visitor1321@mail.com,email,3 - March
27071,David,Davis,visitor1322@mail.com,yahoo,3 - March
30074,Ryan,Brown,visitor1323@mail.com,email,3 - March
77843,Ashley,Martinez,visitor1324@mail.com,twitter,2 - February
49901,James,Rodriguez,visitor1325@mail.com,facebook,3 - March
21205,Elizabeth,Jones,visitor1326@mail.com,yahoo,1 - January
65661,Ashley,Jones,visitor1327@mail.com,google,2 - February
15906,David,Davis,visitor1328@mail.com,email,1 - January
12591,Jessica,Dillon,visitor1329@mail.com,google,1 - January
72987,David,Sweeney,visitor1330@mail.com,facebook,3 - March
73370,Amanda,Sweeney,visitor1331@mail.com,twitter,2 - February
90685,Sarah,Davis,visitor1332@mail.com,yahoo,2 - February
64400,Ryan,Dillon,visitor1333@mail.com,facebook,2 - February
35150,Keith,Blankenship,visitor1334@mail.com,facebook,2 - February
41852,David,Dillon,visitor1335@mail.com,email,1 - January
52870,Christopher,Johnson,visitor1336@mail.com,google,3 - March
62756,Amanda,Johnson,visitor1337@mail.com,facebook,2 - February
66481,Keith,Brown,visitor1338@mail.com,facebook,3 - March
11283,Jessica,Williams,visitor1339@mail.com,facebook,1 - January
43691,Donna,Davis,visitor1340@mail.com,google,1 - January
11125,Ashley,Dillon,visitor1341@mail.com,yahoo,2 - February
77065,Amanda,Miller,visitor1342@mail.com,facebook,3 - March
36170,Keith,Dillon,visitor1343@mail.com,google,2 - February
18438,Amanda,Martinez,visitor1344@mail.com,yahoo,3 - March
30095,Donna,Rodriguez,visitor1345@mail.com,yahoo,3 - March
26154,Elizabeth,Blankenship,visitor1346@mail.com,facebook,3 - March
18004,Emily,Peck,visitor1347@mail.com,twitter,3 - March
19752,Ryan,Brown,visitor1348@mail.com,yahoo,3 - March
65426,David,Brown,visitor1349@mail.com,email,1 - January
36819,Elizabeth,Brown,visitor1350@mail.com,google,3 - March
34217,Elizabeth,Martinez,visitor1351@mail.com,facebook,2 - February
98708,James,Garcia,visitor1352@mail.com,facebook,3 - March
42994,Michael,Williams,visitor1353@mail.com,facebook,1 - January
25036,Kyle,Davis,visitor1354@mail.com,twitter,2 - February
87275,Christopher,Jones,visitor1355@mail.com,email,2 - February
59416,Sarah,Davis,visitor1356@mail.com,google,2 - February
19587,Donna,Saunders,visitor1357@mail.com,google,1 - January
10645,Amanda,Peck,visitor1358@mail.com,google,2 - February
40930,Emily,Garcia,visitor1359@mail.com,twitter,3 - March
91835,Michael,Miller,visitor1360@mail.com,facebook,2 - February
40090,Kyle,Miller,visitor1361@mail.com,yahoo,1 - January
97489,Emily,Williams,visitor1362@mail.com,google,3 - March
62142,Sarah,Johnson,visitor1363@mail.com,google,1 - January
36475,Donna,Davis,visitor1364@mail.com,yahoo,1 - January
28888,Ryan,Blankenship,visitor1365@mail.com,facebook,3 - March
53732,Sarah,Jones,visitor1366@mail.com,email,3 - March
91623,David,Johnson,visitor1367@mail.com,twitter,2 - February
56305,Amanda,Jones,visitor1368@mail.com,google,2 - February
56037,Elizabeth,Sweeney,visitor1369@mail.com,yahoo,2 - February
19346,James,Brown,visitor1370@mail.com,yahoo,2 - February
10587,Amanda,Garcia,visitor1371@mail.com,facebook,1 - January
22763,Kyle,Jones,visitor1372@mail.com,facebook,3 - March
69165,Kyle,Rodriguez,visitor1373@mail.com,facebook,3 - March
79615,Emily,Velazquez,visitor1374@mail.com,facebook,3 - March
46116,James,Brown,visitor1375@mail.com,yahoo,2 - February
95751,Kyle,Brown,visitor1376@mail.com,yahoo,3 - March
35556,Amanda,Blankenship,visitor1377@mail.com,google,2 - February
69042,James,Garcia,visitor1378@mail.com,email,1 - January
28099,Donna,Peck,visitor1379@mail.com,facebook,1 - January
55096,David,Johnson,visitor1380@mail.com,facebook,2 - February
81986,Sarah,Jones,visitor1381@mail.com,yahoo,3 - March
23230,Elizabeth,Jones,visitor1382@mail.com,email,1 - January
39009,David,Sweeney,visitor1383@mail.com,yahoo,1 - January
80969,Michael,Brown,visitor1384@mail.com,twitter,2 - February
43866,Ryan,Dillon,visitor1385@mail.com,twitter,3 - March
94246,James,Davis,visitor1386@mail.com,google,1 - January
86975,Keith,Saunders,visitor1387@mail.com,twitter,1 - January
51855,David,Dillon,visitor1388@mail.com,twitter,2 - February
91557,Emily,Davis,visitor1389@mail.com,yahoo,2 - February
16416,Michael,Jones,visitor1390@mail.com,google,1 - January
82516,Elizabeth,Dillon,visitor1391@mail.com,google,1 - January
65915,Emily,Blankenship,visitor1392@mail.com,twitter,2 - February
28058,Emily,Velazquez,visitor1393@mail.com,email,2 - February
86637,Ashley,Jones,visitor1394@mail.com,google,3 - March
50718,Keith,Jones,visitor1395@mail.com,yahoo,3 - March
42602,James,Velazquez,visitor1396@mail.com,email,1 - January
84658,Keith,Johnson,visitor1397@mail.com,facebook,2 - February
88112,David,Velazquez,visitor1398@mail.com,facebook,2 - February
68067,Emily,Miller,visitor1399@mail.com,twitter,1 - January
37516,Kyle,Dillon,visitor1400@mail.com,email,3 - March
97969,Albert,Blankenship,visitor1401@mail.com,twitter,3 - March
11089,Elizabeth,Sweeney,visitor1402@mail.com,email,1 - January
47346,Kyle,Johnson,visitor1403@mail.com,email,1 - January
84663,Elizabeth,Williams,visitor1404@mail.com,twitter,1 - January
20487,James,Sweeney,visitor1405@mail.com,facebook,1 - January
10155,Albert,Peck,visitor1406@mail.com,yahoo,2 - February
77494,Christopher,Peck,visitor1407@mail.com,email,2 - February
86229,Ryan,Peck,visitor1408@mail.com,google,3 - March
48547,Albert,Garcia,visitor1409@mail.com,email,1 - January
38795,James,Peck,visitor1410@mail.com,facebook,2 - February
65296,Jessica,Blankenship,visitor1411@mail.com,yahoo,3 - March
31447,Ashley,Sweeney,visitor1412@mail.com,yahoo,2 - February
46598,David,Davis,visitor1413@mail.com,email,1 - January
51814,James,Rodriguez,visitor1414@mail.com,google,1 - January
85330,David,Brown,visitor1415@mail.com,twitter,2 - February
97960,Michael,Martinez,visitor1416@mail.com,facebook,3 - March
73278,Kyle,Saunders,visitor1417@mail.com,email,3 - March
65077,Ashley,Rodriguez,visitor1418@mail.com,yahoo,3 - March
81906,Michael,Johnson,visitor1419@mail.com,yahoo,3 - March
19528,Jessica,Garcia,visitor1420@mail.com,yahoo,2 - February
60100,Albert,Williams,visitor1421@mail.com,yahoo,3 - March
18179,David,Dillon,visitor1422@mail.com,twitter,3 - March
58781,Amanda,Miller,visitor1423@mail.com,facebook,2 - February
65267,Donna,Davis,visitor1424@mail.com,facebook,1 - January
92379,Albert,Jones,visitor1425@mail.com,email,2 - February
33952,Ashley,Davis,visitor1426@mail.com,twitter,1 - January
63798,Albert,Peck,visitor1427@mail.com,yahoo,1 - January
60939,Jessica,Williams,visitor1428@mail.com,yahoo,3 - March
39516,Ryan,Martinez,visitor1429@mail.com,yahoo,3 - March
66526,Elizabeth,Jones,visitor1430@mail.com,yahoo,1 - January
20449,Emily,Saunders,visitor1431@mail.com,yahoo,2 - February
60290,Emily,Williams,visitor1432@mail.com,facebook,3 - March
96661,Jessica,Miller,visitor1433@mail.com,yahoo,3 - March
82954,Elizabeth,Sweeney,visitor1434@mail.com,google,2 - February
32746,David,Williams,visitor1435@mail.com,facebook,3 - March
77990,Jessica,Garcia,visitor1436@mail.com,yahoo,3 - March
68810,Elizabeth,Peck,visitor1437@mail.com,yahoo,3 - March
93297,James,Saunders,visitor1438@mail.com,email,2 - February
25223,Michael,Dillon,visitor1439@mail.com,email,1 - January
82237,Jessica,Martinez,visitor1440@mail.com,twitter,3 - March
12597,James,Martinez,visitor1441@mail.com,google,1 - January
75677,David,Brown,visitor1442@mail.com,yahoo,3 - March
12659,Jessica,Velazquez,visitor1443@mail.com,facebook,1 - January
96516,David,Garcia,visitor1444@mail.com,email,2 - February
84567,Jessica,Peck,visitor1445@mail.com,facebook,2 - February
25037,Elizabeth,Martinez,visitor1446@mail.com,email,1 - January
56738,Ryan,Jones,visitor1447@mail.com,email,3 - March
81678,Sarah,Saunders,visitor1448@mail.com,yahoo,1 - January
22109,James,Sweeney,visitor1449@mail.com,facebook,3 - March
32010,Elizabeth,Garcia,visitor1450@mail.com,facebook,3 - March
18787,Kyle,Blankenship,visitor1451@mail.com,email,2 - February
18472,Keith,Saunders,visitor1452@mail.com,facebook,3 - March
33383,James,Davis,visitor1453@mail.com,yahoo,1 - January
71709,Ryan,Jones,visitor1454@mail.com,twitter,3 - March
79785,Michael,Garcia,visitor1455@mail.com,yahoo,2 - February
44518,Albert,Velazquez,visitor1456@mail.com,google,2 - February
63909,Emily,Velazquez,visitor1457@mail.com,facebook,2 - February
28351,Elizabeth,Johnson,visitor1458@mail.com,google,3 - March
79624,Amanda,Brown,visitor1459@mail.com,facebook,3 - March
63330,Jessica,Jones,visitor1460@mail.com,yahoo,1 - January
25282,Christopher,Velazquez,visitor1461@mail.com,facebook,2 - February
94866,Elizabeth,Johnson,visitor1462@mail.com,twitter,1 - January
31778,Ashley,Johnson,visitor1463@mail.com,email,3 - March
34264,Amanda,Garcia,visitor1464@mail.com,twitter,1 - January
69675,James,Johnson,visitor1465@mail.com,yahoo,3 - March
15075,Donna,Saunders,visitor1466@mail.com,google,1 - January
85948,James,Miller,visitor1467@mail.com,google,2 - February
58454,Ryan,Johnson,visitor1468@mail.com,yahoo,3 - March
38365,Ashley,Peck,visitor1469@mail.com,twitter,3 - March
82766,Sarah,Jones,visitor1470@mail.com,facebook,3 - March
58200,Michael,Peck,visitor1471@mail.com,facebook,2 - February
21002,Donna,Blankenship,visitor1472@mail.com,twitter,3 - March
23947,David,Martinez,visitor1473@mail.com,twitter,2 - February
89222,Christopher,Velazquez,visitor1474@mail.com,facebook,3 - March
88610,Christopher,Brown,visitor1475@mail.com,facebook,2 - February
62142,Donna,Martinez,visitor1476@mail.com,yahoo,2 - February
66307,Elizabeth,Johnson,visitor1477@mail.com,email,1 - January
14493,Michael,Sweeney,visitor1478@mail.com,facebook,2 - February
60085,Christopher,Sweeney,visitor1479@mail.com,email,1 - January
44228,Elizabeth,Velazquez,visitor1480@mail.com,yahoo,3 - March
89676,David,Blankenship,visitor1481@mail.com,email,3 - March
61875,James,Sweeney,visitor1482@mail.com,twitter,3 - March
41655,Albert,Miller,visitor1483@mail.com,email,1 - January
53472,Michael,Davis,visitor1484@mail.com,twitter,1 - January
59437,Albert,Peck,visitor1485@mail.com,yahoo,3 - March
59416,Ryan,Miller,visitor1486@mail.com,facebook,2 - February
69711,Ashley,Williams,visitor1487@mail.com,google,2 - February
16816,Ryan,Saunders,visitor1488@mail.com,facebook,3 - March
87175,Albert,Rodriguez,visitor1489@mail.com,facebook,2 - February
74307,Christopher,Dillon,visitor1490@mail.com,yahoo,1 - January
56733,Amanda,Sweeney,visitor1491@mail.com,facebook,3 - March
21240,Ashley,Brown,visitor1492@mail.com,twitter,1 - January
81363,Ryan,Johnson,visitor1493@mail.com,facebook,3 - March
42762,Michael,Brown,visitor1494@mail.com,facebook,1 - January
18259,Jessica,Jones,visitor1495@mail.com,facebook,3 - March
60139,Kyle,Saunders,visitor1496@mail.com,google,1 - January
24849,Ashley,Peck,visitor1497@mail.com,google,3 - March
91768,Ryan,Blankenship,visitor1498@mail.com,twitter,1 - January
99709,Ryan,Saunders,visitor1499@mail.com,facebook,3 - March
64869,Elizabeth,Dillon,visitor1500@mail.com,email,2 - February
73095,Albert,Williams,visitor1501@mail.com,yahoo,1 - January
80910,Keith,Garcia,visitor1502@mail.com,yahoo,3 - March
96710,Sarah,Davis,visitor1503@mail.com,email,2 - February
33567,Ashley,Sweeney,visitor1504@mail.com,twitter,1 - January
45292,Emily,Blankenship,visitor1505@mail.com,facebook,1 - January
84813,Emily,Blankenship,visitor1506@mail.com,yahoo,2 - February
61631,Donna,Sweeney,visitor1507@mail.com,yahoo,1 - January
19885,Ryan,Sweeney,visitor1508@mail.com,yahoo,1 - January
69659,Donna,Sweeney,visitor1509@mail.com,yahoo,1 - January
64306,Michael,Sweeney,visitor1510@mail.com,facebook,2 - February
76314,Keith,Sweeney,visitor1511@mail.com,yahoo,2 - February
75087,Christopher,Blankenship,visitor1512@mail.com,google,1 - January
39165,Sarah,Velazquez,visitor1513@mail.com,email,3 - March
68929,Amanda,Velazquez,visitor1514@mail.com,google,3 - March
77028,Christopher,Brown,visitor1515@mail.com,yahoo,1 - January
59812,Albert,Velazquez,visitor1516@mail.com,yahoo,1 - January
60500,James,Dillon,visitor1517@mail.com,email,3 - March
89151,Kyle,Velazquez,visitor1518@mail.com,twitter,2 - February
68643,Ashley,Blankenship,visitor1519@mail.com,yahoo,2 - February
54900,Sarah,Sweeney,visitor1520@mail.com,facebook,2 - February
52946,Christopher,Miller,visitor1521@mail.com,google,3 - March
17851,Ashley,Johnson,visitor1522@mail.com,twitter,1 - January
26288,Sarah,Martinez,visitor1523@mail.com,google,3 - March
82692,Christopher,Johnson,visitor1524@mail.com,email,3 - March
77580,Amanda,Davis,visitor1525@mail.com,twitter,2 - February
17368,James,Dillon,visitor1526@mail.com,yahoo,3 - March
95436,Kyle,Jones,visitor1527@mail.com,twitter,1 - January
56403,Jessica,Blankenship,visitor1528@mail.com,yahoo,2 - February
19168,Albert,Peck,visitor1529@mail.com,facebook,2 - February
96497,Amanda,Miller,visitor1530@mail.com,facebook,2 - February
59879,James,Martinez,visitor1531@mail.com,twitter,1 - January
69871,Elizabeth,Saunders,visitor1532@mail.com,facebook,2 - February
99388,Donna,Brown,visitor1533@mail.com,yahoo,1 - January
42174,Ashley,Martinez,visitor1534@mail.com,email,1 - January
16581,Emily,Rodriguez,visitor1535@mail.com,google,1 - January
81853,Ryan,Peck,visitor1536@mail.com,facebook,3 - March
74046,Sarah,Blankenship,visitor1537@mail.com,yahoo,1 - January
59678,Michael,Velazquez,visitor1538@mail.com,email,3 - March
36649,Emily,Sweeney,visitor1539@mail.com,email,1 - January
98668,Christopher,Rodriguez,visitor1540@mail.com,facebook,1 - January
92325,Amanda,Rodriguez,visitor1541@mail.com,yahoo,2 - February
24567,Emily,Garcia,visitor1542@mail.com,facebook,1 - January
90404,Kyle,Peck,visitor1543@mail.com,facebook,2 - February
99906,Donna,Saunders,visitor1544@mail.com,email,2 - February
71944,Amanda,Jones,visitor1545@mail.com,twitter,3 - March
88002,Keith,Johnson,visitor1546@mail.com,email,3 - March
38803,Kyle,Jones,visitor1547@mail.com,facebook,2 - February
28230,James,Martinez,visitor1548@mail.com,facebook,3 - March
27862,Keith,Saunders,visitor1549@mail.com,google,1 - January
53355,Christopher,Sweeney,visitor1550@mail.com,twitter,2 - February
41259,Albert,Velazquez,visitor1551@mail.com,google,3 - March
97445,Christopher,Saunders,visitor1552@mail.com,yahoo,1 - January
40795,Sarah,Brown,visitor1553@mail.com,yahoo,1 - January
18770,Michael,Saunders,visitor1554@mail.com,facebook,1 - January
21093,Ashley,Garcia,visitor1555@mail.com,yahoo,2 - February
56571,Emily,Blankenship,visitor1556@mail.com,twitter,2 - February
10193,Ryan,Velazquez,visitor1557@mail.com,yahoo,2 - February
27569,Keith,Sweeney,visitor1558@mail.com,google,2 - February
21190,Donna,Miller,visitor1559@mail.com,google,2 - February
72824,Jessica,Davis,visitor1560@mail.com,facebook,3 - March
52752,Ashley,Johnson,visitor1561@mail.com,yahoo,1 - January
42327,Albert,Rodriguez,visitor1562@mail.com,facebook,3 - March
52070,Amanda,Johnson,visitor1563@mail.com,facebook,3 - March
95925,Jessica,Miller,visitor1564@mail.com,facebook,3 - March
50197,Amanda,Saunders,visitor1565@mail.com,facebook,3 - March
12261,Albert,Blankenship,visitor1566@mail.com,google,2 - February
36512,Elizabeth,Peck,visitor1567@mail.com,email,1 - January
16716,Ashley,Jones,visitor1568@mail.com,facebook,2 - February
96795,Donna,Jones,visitor1569@mail.com,yahoo,3 - March
38933,James,Jones,visitor1570@mail.com,facebook,2 - February
14378,Emily,Garcia,visitor1571@mail.com,yahoo,1 - January
50583,Jessica,Peck,visitor1572@mail.com,email,1 - January
95371,Michael,Blankenship,visitor1573@mail.com,facebook,3 - March
39033,Sarah,Davis,visitor1574@mail.com,yahoo,1 - January
34000,Kyle,Jones,visitor1575@mail.com,yahoo,1 - January
85868,Ryan,Brown,visitor1576@mail.com,facebook,2 - February
52604,James,Peck,visitor1577@mail.com,yahoo,3 - March
78336,Sarah,Peck,visitor1578@mail.com,yahoo,2 - February
83869,Emily,Sweeney,visitor1579@mail.com,yahoo,2 - February
15410,Sarah,Sweeney,visitor1580@mail.com,facebook,2 - February
93375,Amanda,Velazquez,visitor1581@mail.com,facebook,1 - January
66044,Albert,Brown,visitor1582@mail.com,twitter,3 - March
73315,Michael,Rodriguez,visitor1583@mail.com,twitter,2 - February
81344,Emily,Brown,visitor1584@mail.com,email,2 - February
16796,Ashley,Davis,visitor1585@mail.com,yahoo,3 - March
96716,Albert,Davis,visitor1586@mail.com,email,3 - March
64245,David,Velazquez,visitor1587@mail.com,google,2 - February
53056,Keith,Rodriguez,visitor1588@mail.com,facebook,1 - January
27709,Ryan,Brown,visitor1589@mail.com,twitter,3 - March
68557,Christopher,Martinez,visitor1590@mail.com,facebook,2 - February
27543,Keith,Dillon,visitor1591@mail.com,yahoo,3 - March
47418,Kyle,Williams,visitor1592@mail.com,google,3 - March
26724,Amanda,Jones,visitor1593@mail.com,yahoo,1 - January
13828,David,Davis,visitor1594@mail.com,yahoo,3 - March
27087,Donna,Martinez,visitor1595@mail.com,twitter,2 - February
22605,Amanda,Davis,visitor1596@mail.com,yahoo,2 - February
41337,Kyle,Sweeney,visitor1597@mail.com,email,1 - January
15482,Kyle,Velazquez,visitor1598@mail.com,facebook,3 - March
75333,Elizabeth,Velazquez,visitor1599@mail.com,email,2 - February
98296,Ashley,Brown,visitor1600@mail.com,facebook,2 - February
60952,Ryan,Peck,visitor1601@mail.com,yahoo,3 - March
15463,Albert,Miller,visitor1602@mail.com,email,2 - February
80448,Michael,Johnson,visitor1603@mail.com,google,2 - February
14648,Ashley,Garcia,visitor1604@mail.com,google,3 - March
43623,Keith,Rodriguez,visitor1605@mail.com,google,3 - March
69156,Kyle,Saunders,visitor1606@mail.com,google,3 - March
45634,Keith,Saunders,visitor1607@mail.com,yahoo,3 - March
54602,James,Velazquez,visitor1608@mail.com,email,2 - February
59334,Keith,Rodriguez,visitor1609@mail.com,facebook,2 - February
78648,Donna,Jones,visitor1610@mail.com,twitter,1 - January
32054,Emily,Dillon,visitor1611@mail.com,twitter,3 - March
80028,James,Davis,visitor1612@mail.com,facebook,2 - February
32207,James,Jones,visitor1613@mail.com,yahoo,3 - March
90650,Ryan,Velazquez,visitor1614@mail.com,facebook,1 - January
91554,Ashley,Jones,visitor1615@mail.com,facebook,1 - January
31386,Ryan,Martinez,visitor1616@mail.com,email,1 - January
93276,Jessica,Sweeney,visitor1617@mail.com,google,1 - January
69518,Sarah,Jones,visitor1618@mail.com,twitter,2 - February
62781,Ryan,Brown,visitor1619@mail.com,email,1 - January
62780,Keith,Brown,visitor1620@mail.com,facebook,1 - January
71440,Albert,Dillon,visitor1621@mail.com,yahoo,1 - January
54199,Keith,Davis,visitor1622@mail.com,facebook,3 - March
71035,Albert,Sweeney,visitor1623@mail.com,facebook,3 - March
18210,Emily,Johnson,visitor1624@mail.com,twitter,1 - January
54363,Ashley,Rodriguez,visitor1625@mail.com,facebook,3 - March
88279,Emily,Peck,visitor1626@mail.com,yahoo,2 - February
70348,Ashley,Miller,visitor1627@mail.com,email,1 - January
65284,Ashley,Sweeney,visitor1628@mail.com,twitter,2 - February
82124,James,Blankenship,visitor1629@mail.com,google,1 - January
78847,Jessica,Williams,visitor1630@mail.com,yahoo,3 - March
32432,Albert,Miller,visitor1631@mail.com,email,1 - January
74089,James,Velazquez,visitor1632@mail.com,twitter,3 - March
65398,Ryan,Miller,visitor1633@mail.com,google,1 - January
13321,Amanda,Blankenship,visitor1634@mail.com,google,2 - February
91348,Donna,Dillon,visitor1635@mail.com,google,3 - March
47383,Ashley,Blankenship,visitor1636@mail.com,twitter,1 - January
88682,Albert,Martinez,visitor1637@mail.com,yahoo,2 - February
89190,Emily,Davis,visitor1638@mail.com,email,2 - February
62893,Keith,Brown,visitor1639@mail.com,email,2 - February
45820,Michael,Jones,visitor1640@mail.com,yahoo,1 - January
76262,Ryan,Peck,visitor1641@mail.com,email,1 - January
13760,Michael,Rodriguez,visitor1642@mail.com,yahoo,2 - February
32190,David,Saunders,visitor1643@mail.com,twitter,2 - February
77411,David,Rodriguez,visitor1644@mail.com,twitter,2 - February
33377,Keith,Velazquez,visitor1645@mail.com,facebook,1 - January
56737,David,Miller,visitor1646@mail.com,facebook,2 - February
79569,Sarah,Davis,visitor1647@mail.com,twitter,2 - February
48211,Emily,Saunders,visitor1648@mail.com,yahoo,2 - February
92909,Ashley,Jones,visitor1649@mail.com,yahoo,2 - February
13744,James,Brown,visitor1650@mail.com,facebook,1 - January
34995,Jessica,Davis,visitor1651@mail.com,email,1 - January
26977,Ryan,Rodriguez,visitor1652@mail.com,email,1 - January
44542,Michael,Brown,visitor1653@mail.com,yahoo,2 - February
20651,Keith,Jones,visitor1654@mail.com,facebook,1 - January
88931,Sarah,Velazquez,visitor1655@mail.com,email,2 - February
26715,Keith,Rodriguez,visitor1656@mail.com,facebook,2 - February
54409,James,Saunders,visitor1657@mail.com,facebook,2 - February
34306,Amanda,Rodriguez,visitor1658@mail.com,yahoo,2 - February
29086,Amanda,Sweeney,visitor1659@mail.com,google,1 - January
24376,Sarah,Brown,visitor1660@mail.com,facebook,2 - February
71350,Christopher,Saunders,visitor1661@mail.com,facebook,3 - March
81425,Emily,Davis,visitor1662@mail.com,facebook,3 - March
46636,David,Johnson,visitor1663@mail.com,email,3 - March
96120,David,Miller,visitor1664@mail.com,email,3 - March
61649,Emily,Saunders,visitor1665@mail.com,twitter,2 - February
44610,Emily,Johnson,visitor1666@mail.com,email,1 - January
20058,Albert,Johnson,visitor1667@mail.com,facebook,2 - February
84637,Elizabeth,Brown,visitor1668@mail.com,facebook,1 - January
88033,Emily,Velazquez,visitor1669@mail.com,yahoo,2 - February
80194,Keith,Davis,visitor1670@mail.com,google,3 - March
86917,Albert,Dillon,visitor1671@mail.com,twitter,3 - March
74200,Christopher,Brown,visitor1672@mail.com,google,2 - February
56619,Ryan,Miller,visitor1673@mail.com,twitter,2 - February
27154,Albert,Martinez,visitor1674@mail.com,email,2 - February
29539,Kyle,Miller,visitor1675@mail.com,yahoo,3 - March
70058,David,Martinez,visitor1676@mail.com,email,3 - March
72068,James,Velazquez,visitor1677@mail.com,facebook,3 - March
87313,Kyle,Velazquez,visitor1678@mail.com,yahoo,1 - January
40373,Keith,Davis,visitor1679@mail.com,google,2 - February
43154,Michael,Rodriguez,visitor1680@mail.com,yahoo,1 - January
16031,Michael,Blankenship,visitor1681@mail.com,google,1 - January
81975,Emily,Jones,visitor1682@mail.com,yahoo,3 - March
32785,Ryan,Jones,visitor1683@mail.com,yahoo,3 - March
88928,Albert,Miller,visitor1684@mail.com,yahoo,1 - January
38669,Amanda,Jones,visitor1685@mail.com,yahoo,1 - January
12282,Michael,Williams,visitor1686@mail.com,yahoo,1 - January
44624,Sarah,Garcia,visitor1687@mail.com,twitter,3 - March
58438,Emily,Martinez,visitor1688@mail.com,facebook,1 - January
99900,Sarah,Brown,visitor1689@mail.com,email,1 - January
77534,Ashley,Velazquez,visitor1690@mail.com,twitter,1 - January
41705,Ryan,Blankenship,visitor1691@mail.com,yahoo,2 - February
48244,Jessica,Rodriguez,visitor1692@mail.com,twitter,3 - March
84964,James,Johnson,visitor1693@mail.com,yahoo,1 - January
47437,David,Martinez,visitor1694@mail.com,yahoo,2 - February
87872,Albert,Dillon,visitor1695@mail.com,facebook,1 - January
84878,Christopher,Dillon,visitor1696@mail.com,facebook,2 - February
82982,James,Johnson,visitor1697@mail.com,facebook,3 - March
60583,Emily,Saunders,visitor1698@mail.com,facebook,1 - January
48392,Keith,Davis,visitor1699@mail.com,google,1 - January
17461,Donna,Saunders,visitor1700@mail.com,yahoo,3 - March
20516,Donna,Jones,visitor1701@mail.com,yahoo,1 - January
89285,Christopher,Brown,visitor1702@mail.com,facebook,2 - February
27514,Donna,Rodriguez,visitor1703@mail.com,email,2 - February
46268,Michael,Williams,visitor1704@mail.com,facebook,1 - January
46788,Jessica,Blankenship,visitor1705@mail.com,google,3 - March
85749,Ashley,Dillon,visitor1706@mail.com,facebook,3 - March
71049,Jessica,Garcia,visitor1707@mail.com,email,2 - February
72493,Ashley,Miller,visitor1708@mail.com,google,1 - January
46027,Albert,Jones,visitor1709@mail.com,facebook,2 - February
52849,Albert,Peck,visitor1710@mail.com,yahoo,2 - February
27858,Jessica,Jones,visitor1711@mail.com,email,2 - February
94162,Ryan,Miller,visitor1712@mail.com,email,3 - March
89003,Albert,Peck,visitor1713@mail.com,email,1 - January
62395,Ryan,Sweeney,visitor1714@mail.com,facebook,2 - February
49758,Emily,Velazquez,visitor1715@mail.com,twitter,2 - February
64312,Kyle,Garcia,visitor1716@mail.com,twitter,2 - February
78670,Sarah,Johnson,visitor1717@mail.com,google,3 - March
92279,Christopher,Velazquez,visitor1718@mail.com,twitter,1 - January
25434,David,Jones,visitor1719@mail.com,facebook,2 - February
74047,Emily,Velazquez,visitor1720@mail.com,twitter,3 - March
57775,James,Blankenship,visitor1721@mail.com,email,2 - February
85769,Albert,Sweeney,visitor1722@mail.com,facebook,2 - February
76677,Jessica,Williams,visitor1723@mail.com,yahoo,2 - February
93555,Sarah,Sweeney,visitor1724@mail.com,yahoo,3 - March
95920,Ashley,Rodriguez,visitor1725@mail.com,twitter,3 - March
55734,Sarah,Miller,visitor1726@mail.com,facebook,2 - February
98503,Elizabeth,Dillon,visitor1727@mail.com,facebook,1 - January
50603,James,Blankenship,visitor1728@mail.com,yahoo,3 - March
86708,Emily,Garcia,visitor1729@mail.com,email,2 - February
91926,Amanda,Rodriguez,visitor1730@mail.com,facebook,2 - February
78803,Jessica,Velazquez,visitor1731@mail.com,email,3 - March
49332,David,Garcia,visitor1732@mail.com,facebook,2 - February
31312,Jessica,Martinez,visitor1733@mail.com,facebook,1 - January
94526,Albert,Davis,visitor1734@mail.com,google,3 - March
54179,Ashley,Miller,visitor1735@mail.com,google,2 - February
81442,Keith,Rodriguez,visitor1736@mail.com,yahoo,2 - February
50379,Kyle,Williams,visitor1737@mail.com,email,1 - January
27297,Ryan,Velazquez,visitor1738@mail.com,facebook,2 - February
12011,Christopher,Brown,visitor1739@mail.com,google,1 - January
54014,Christopher,Martinez,visitor1740@mail.com,google,2 - February
21738,Keith,Brown,visitor1741@mail.com,google,2 - February
57498,Christopher,Saunders,visitor1742@mail.com,yahoo,3 - March
21120,James,Sweeney,visitor1743@mail.com,email,2 - February
18767,Kyle,Williams,visitor1744@mail.com,yahoo,3 - March
32852,Keith,Brown,visitor1745@mail.com,google,3 - March
89239,Christopher,Saunders,visitor1746@mail.com,email,3 - March
10929,Christopher,Blankenship,visitor1747@mail.com,yahoo,1 - January
87487,Ryan,Garcia,visitor1748@mail.com,twitter,3 - March
27438,Ashley,Martinez,visitor1749@mail.com,facebook,2 - February
58515,Ashley,Williams,visitor1750@mail.com,email,1 - January
15744,Amanda,Saunders,visitor1751@mail.com,email,1 - January
93820,Christopher,Johnson,visitor1752@mail.com,google,3 - March
52417,Michael,Garcia,visitor1753@mail.com,facebook,1 - January
17069,Jessica,Williams,visitor1754@mail.com,facebook,1 - January
52359,Keith,Jones,visitor1755@mail.com,email,3 - March
29799,Albert,Garcia,visitor1756@mail.com,twitter,3 - March
80188,David,Rodriguez,visitor1757@mail.com,yahoo,2 - February
99859,Emily,Saunders,visitor1758@mail.com,yahoo,1 - January
17597,Amanda,Velazquez,visitor1759@mail.com,email,1 - January
57093,Donna,Jones,visitor1760@mail.com,yahoo,2 - February
47226,Albert,Davis,visitor1761@mail.com,twitter,1 - January
82127,Ryan,Johnson,visitor1762@mail.com,yahoo,2 - February
87362,David,Miller,visitor1763@mail.com,google,1 - January
36417,Albert,Brown,visitor1764@mail.com,google,3 - March
28693,Sarah,Peck,visitor1765@mail.com,yahoo,2 - February
89674,Jessica,Saunders,visitor1766@mail.com,email,1 - January
63161,David,Blankenship,visitor1767@mail.com,google,3 - March
12169,Sarah,Saunders,visitor1768@mail.com,yahoo,1 - January
94092,Albert,Peck,visitor1769@mail.com,yahoo,2 - February
32052,Kyle,Martinez,visitor1770@mail.com,yahoo,3 - March
81849,Elizabeth,Johnson,visitor1771@mail.com,twitter,2 - February
83851,Kyle,Johnson,visitor1772@mail.com,facebook,2 - February
18036,Jessica,Jones,visitor1773@mail.com,email,2 - February
41778,David,Miller,visitor1774@mail.com,google,1 - January
37734,David,Williams,visitor1775@mail.com,google,1 - January
33173,Jessica,Blankenship,visitor1776@mail.com,facebook,3 - March
40403,Sarah,Jones,visitor1777@mail.com,email,2 - February
76321,Ashley,Miller,visitor1778@mail.com,google,1 - January
81675,Elizabeth,Blankenship,visitor1779@mail.com,yahoo,1 - January
16344,Albert,Blankenship,visitor1780@mail.com,yahoo,3 - March
28800,Emily,Peck,visitor1781@mail.com,yahoo,3 - March
35372,Ryan,Jones,visitor1782@mail.com,yahoo,2 - February
71516,Kyle,Blankenship,visitor1783@mail.com,twitter,3 - March
30538,Kyle,Dillon,visitor1784@mail.com,yahoo,3 - March
73918,James,Martinez,visitor1785@mail.com,twitter,1 - January
24973,Donna,Davis,visitor1786@mail.com,yahoo,1 - January
81155,James,Miller,visitor1787@mail.com,yahoo,1 - January
69500,Elizabeth,Peck,visitor1788@mail.com,yahoo,3 - March
46575,Ryan,Garcia,visitor1789@mail.com,facebook,3 - March
52261,Kyle,Johnson,visitor1790@mail.com,email,3 - March
37716,Ryan,Peck,visitor1791@mail.com,facebook,1 - January
13236,Emily,Garcia,visitor1792@mail.com,email,2 - February
25848,Albert,Velazquez,visitor1793@mail.com,email,3 - March
12352,David,Velazquez,visitor1794@mail.com,facebook,3 - March
11932,Ryan,Blankenship,visitor1795@mail.com,facebook,1 - January
86449,Kyle,Rodriguez,visitor1796@mail.com,google,3 - March
18556,Sarah,Jones,visitor1797@mail.com,twitter,1 - January
96836,Christopher,Davis,visitor1798@mail.com,facebook,3 - March
15498,Elizabeth,Johnson,visitor1799@mail.com,twitter,2 - February
86118,Jessica,Peck,visitor1800@mail.com,twitter,1 - January
60098,Ashley,Jones,visitor1801@mail.com,google,3 - March
74386,Keith,Peck,visitor1802@mail.com,yahoo,1 - January
19569,Michael,Peck,visitor1803@mail.com,email,3 - March
66882,Ashley,Dillon,visitor1804@mail.com,facebook,1 - January
80393,Michael,Velazquez,visitor1805@mail.com,google,3 - March
10340,Keith,Peck,visitor1806@mail.com,email,3 - March
53949,Ryan,Dillon,visitor1807@mail.com,google,2 - February
92302,Elizabeth,Rodriguez,visitor1808@mail.com,facebook,2 - February
72443,Ryan,Velazquez,visitor1809@mail.com,facebook,2 - February
84027,Emily,Dillon,visitor1810@mail.com,facebook,1 - January
10138,Emily,Jones,visitor1811@mail.com,facebook,2 - February
10358,Emily,Williams,visitor1812@mail.com,google,3 - March
85250,Christopher,Velazquez,visitor1813@mail.com,google,3 - March
95376,Jessica,Garcia,visitor1814@mail.com,facebook,3 - March
40654,Elizabeth,Brown,visitor1815@mail.com,email,2 - February
35879,James,Williams,visitor1816@mail.com,email,3 - March
91532,James,Miller,visitor1817@mail.com,email,3 - March
65778,Ashley,Jones,visitor1818@mail.com,yahoo,2 - February
47772,Keith,Peck,visitor1819@mail.com,email,1 - January
68478,Amanda,Johnson,visitor1820@mail.com,twitter,2 - February
74353,Emily,Rodriguez,visitor1821@mail.com,yahoo,3 - March
36762,Emily,Davis,visitor1822@mail.com,email,2 - February
23283,Amanda,Jones,visitor1823@mail.com,google,3 - March
73922,Ryan,Dillon,visitor1824@mail.com,yahoo,1 - January
49420,Donna,Rodriguez,visitor1825@mail.com,yahoo,3 - March
65568,Kyle,Dillon,visitor1826@mail.com,google,2 - February
95090,Sarah,Dillon,visitor1827@mail.com,yahoo,3 - March
30219,Christopher,Dillon,visitor1828@mail.com,yahoo,1 - January
67169,David,Jones,visitor1829@mail.com,facebook,1 - January
84965,Sarah,Johnson,visitor1830@mail.com,yahoo,3 - March
56840,Jessica,Miller,visitor1831@mail.com,google,3 - March
54695,Ryan,Saunders,visitor1832@mail.com,google,2 - February
94754,Christopher,Rodriguez,visitor1833@mail.com,yahoo,1 - January
87988,Christopher,Dillon,visitor1834@mail.com,yahoo,2 - February
68342,Albert,Saunders,visitor1835@mail.com,facebook,1 - January
28951,Emily,Johnson,visitor1836@mail.com,email,1 - January
11307,Elizabeth,Johnson,visitor1837@mail.com,twitter,3 - March
90388,James,Williams,visitor1838@mail.com,twitter,3 - March
45428,James,Velazquez,visitor1839@mail.com,twitter,1 - January
85774,Christopher,Brown,visitor1840@mail.com,yahoo,2 - February
48975,Ryan,Davis,visitor1841@mail.com,yahoo,1 - January
11140,Elizabeth,Blankenship,visitor1842@mail.com,google,1 - January
34842,David,Brown,visitor1843@mail.com,email,1 - January
36421,Donna,Jones,visitor1844@mail.com,google,2 - February
11708,Amanda,Blankenship,visitor1845@mail.com,twitter,1 - January
13630,Sarah,Johnson,visitor1846@mail.com,google,2 - February
29595,Ashley,Garcia,visitor1847@mail.com,google,1 - January
86021,Kyle,Brown,visitor1848@mail.com,google,1 - January
38308,Amanda,Martinez,visitor1849@mail.com,facebook,1 - January
54789,David,Sweeney,visitor1850@mail.com,facebook,3 - March
65690,David,Velazquez,visitor1851@mail.com,google,3 - March
36086,Sarah,Brown,visitor1852@mail.com,facebook,3 - March
26859,David,Davis,visitor1853@mail.com,facebook,2 - February
17684,Ashley,Velazquez,visitor1854@mail.com,facebook,2 - February
11207,Albert,Saunders,visitor1855@mail.com,google,2 - February
56099,Albert,Jones,visitor1856@mail.com,email,1 - January
77496,James,Velazquez,visitor1857@mail.com,yahoo,3 - March
76093,Michael,Saunders,visitor1858@mail.com,google,2 - February
39689,Michael,Dillon,visitor1859@mail.com,twitter,2 - February
58651,Albert,Saunders,visitor1860@mail.com,twitter,2 - February
23893,Keith,Martinez,visitor1861@mail.com,facebook,2 - February
76418,Donna,Jones,visitor1862@mail.com,google,3 - March
70011,Elizabeth,Williams,visitor1863@mail.com,yahoo,2 - February
48635,Amanda,Garcia,visitor1864@mail.com,yahoo,2 - February
66115,Christopher,Dillon,visitor1865@mail.com,yahoo,2 - February
88405,Donna,Johnson,visitor1866@mail.com,twitter,3 - March
82702,Christopher,Peck,visitor1867@mail.com,facebook,2 - February
88518,Jessica,Saunders,visitor1868@mail.com,email,2 - February
82805,David,Saunders,visitor1869@mail.com,google,1 - January
68954,Kyle,Velazquez,visitor1870@mail.com,facebook,3 - March
38064,David,Johnson,visitor1871@mail.com,facebook,1 - January
89063,Donna,Brown,visitor1872@mail.com,yahoo,2 - February
12454,James,Sweeney,visitor1873@mail.com,facebook,3 - March
30878,Albert,Miller,visitor1874@mail.com,facebook,3 - March
61098,Christopher,Blankenship,visitor1875@mail.com,yahoo,2 - February
72154,Emily,Saunders,visitor1876@mail.com,yahoo,3 - March
22991,Sarah,Garcia,visitor1877@mail.com,facebook,1 - January
78344,Jessica,Brown,visitor1878@mail.com,yahoo,3 - March
46593,Albert,Rodriguez,visitor1879@mail.com,yahoo,2 - February
46304,Donna,Sweeney,visitor1880@mail.com,facebook,2 - February
40386,James,Blankenship,visitor1881@mail.com,email,3 - March
65220,Sarah,Peck,visitor1882@mail.com,email,3 - March
79338,Ashley,Garcia,visitor1883@mail.com,google,1 - January
31083,Kyle,Miller,visitor1884@mail.com,facebook,3 - March
28354,Emily,Martinez,visitor1885@mail.com,yahoo,1 - January
32190,Christopher,Davis,visitor1886@mail.com,yahoo,3 - March
16142,Donna,Velazquez,visitor1887@mail.com,yahoo,3 - March
38398,Amanda,Miller,visitor1888@mail.com,yahoo,1 - January
61971,Elizabeth,Davis,visitor1889@mail.com,yahoo,3 - March
51862,Ryan,Brown,visitor1890@mail.com,facebook,2 - February
63410,Sarah,Velazquez,visitor1891@mail.com,facebook,2 - February
29503,Donna,Blankenship,visitor1892@mail.com,twitter,1 - January
58456,James,Davis,visitor1893@mail.com,facebook,1 - January
92035,Albert,Williams,visitor1894@mail.com,google,3 - March
18016,Elizabeth,Saunders,visitor1895@mail.com,twitter,1 - January
12384,Keith,Dillon,visitor1896@mail.com,yahoo,2 - February
72320,Sarah,Sweeney,visitor1897@mail.com,facebook,3 - March
25072,Emily,Garcia,visitor1898@mail.com,yahoo,1 - January
90018,Elizabeth,Johnson,visitor1899@mail.com,facebook,2 - February
50510,James,Jones,visitor1900@mail.com,twitter,2 - February
58933,Albert,Rodriguez,visitor1901@mail.com,email,3 - March
31826,Donna,Davis,visitor1902@mail.com,yahoo,2 - February
78026,David,Saunders,visitor1903@mail.com,email,2 - February
35518,Kyle,Dillon,visitor1904@mail.com,twitter,2 - February
34045,James,Martinez,visitor1905@mail.com,email,3 - March
60876,Emily,Miller,visitor1906@mail.com,facebook,1 - January
61919,Amanda,Martinez,visitor1907@mail.com,google,3 - March
37103,David,Jones,visitor1908@mail.com,facebook,2 - February
46188,Emily,Brown,visitor1909@mail.com,facebook,3 - March
15845,Ryan,Garcia,visitor1910@mail.com,facebook,2 - February
96698,Emily,Jones,visitor1911@mail.com,twitter,2 - February
46674,Elizabeth,Peck,visitor1912@mail.com,twitter,3 - March
29337,Ryan,Saunders,visitor1913@mail.com,email,1 - January
32313,Kyle,Velazquez,visitor1914@mail.com,yahoo,1 - January
36943,Elizabeth,Williams,visitor1915@mail.com,email,1 - January
87949,Ashley,Johnson,visitor1916@mail.com,google,3 - March
10276,Michael,Velazquez,visitor1917@mail.com,facebook,2 - February
61151,Albert,Dillon,visitor1918@mail.com,google,2 - February
27611,Elizabeth,Martinez,visitor1919@mail.com,facebook,3 - March
21944,James,Saunders,visitor1920@mail.com,yahoo,2 - February
62887,Amanda,Williams,visitor1921@mail.com,facebook,3 - March
91442,Albert,Jones,visitor1922@mail.com,facebook,2 - February
59847,David,Davis,visitor1923@mail.com,facebook,3 - March
68653,Jessica,Saunders,visitor1924@mail.com,yahoo,1 - January
96072,Sarah,Jones,visitor1925@mail.com,twitter,1 - January
66622,Jessica,Rodriguez,visitor1926@mail.com,twitter,2 - February
37810,Donna,Brown,visitor1927@mail.com,yahoo,2 - February
87842,Sarah,Peck,visitor1928@mail.com,yahoo,2 - February
20503,Emily,Blankenship,visitor1929@mail.com,twitter,2 - February
94761,Amanda,Saunders,visitor1930@mail.com,facebook,1 - January
46976,Christopher,Dillon,visitor1931@mail.com,yahoo,2 - February
21590,Sarah,Jones,visitor1932@mail.com,facebook,2 - February
20886,James,Velazquez,visitor1933@mail.com,twitter,1 - January
22866,James,Brown,visitor1934@mail.com,twitter,2 - February
76624,Keith,Dillon,visitor1935@mail.com,yahoo,2 - February
78899,Sarah,Johnson,visitor1936@mail.com,google,2 - February
42792,Kyle,Blankenship,visitor1937@mail.com,twitter,1 - January
19764,Jessica,Brown,visitor1938@mail.com,yahoo,3 - March
96156,David,Peck,visitor1939@mail.com,email,3 - March
52727,Ashley,Blankenship,visitor1940@mail.com,facebook,1 - January
88471,Albert,Garcia,visitor1941@mail.com,twitter,2 - February
18068,Donna,Jones,visitor1942@mail.com,yahoo,3 - March
17295,Sarah,Garcia,visitor1943@mail.com,email,2 - February
51160,Donna,Dillon,visitor1944@mail.com,email,3 - March
21390,David,Johnson,visitor1945@mail.com,email,1 - January
30131,Donna,Miller,visitor1946@mail.com,email,3 - March
85969,Emily,Sweeney,visitor1947@mail.com,yahoo,2 - February
25038,David,Miller,visitor1948@mail.com,twitter,1 - January
62327,Emily,Davis,visitor1949@mail.com,twitter,2 - February
87064,Sarah,Peck,visitor1950@mail.com,google,3 - March
31281,David,Martinez,visitor1951@mail.com,yahoo,3 - March
64189,Amanda,Garcia,visitor1952@mail.com,facebook,2 - February
58511,Sarah,Williams,visitor1953@mail.com,facebook,1 - January
18605,Ashley,Jones,visitor1954@mail.com,google,2 - February
11381,Emily,Sweeney,visitor1955@mail.com,email,1 - January
76634,Amanda,Saunders,visitor1956@mail.com,facebook,1 - January
29810,Keith,Miller,visitor1957@mail.com,facebook,2 - February
34322,Keith,Johnson,visitor1958@mail.com,email,3 - March
51869,David,Miller,visitor1959@mail.com,email,3 - March
42955,James,Velazquez,visitor1960@mail.com,yahoo,1 - January
71388,Ashley,Williams,visitor1961@mail.com,email,2 - February
20207,Amanda,Rodriguez,visitor1962@mail.com,yahoo,3 - March
97329,Keith,Dillon,visitor1963@mail.com,email,3 - March
77628,Albert,Johnson,visitor1964@mail.com,yahoo,3 - March
38220,James,Rodriguez,visitor1965@mail.com,yahoo,3 - March
94050,Amanda,Blankenship,visitor1966@mail.com,yahoo,3 - March
84085,Albert,Brown,visitor1967@mail.com,yahoo,1 - January
32031,Ashley,Blankenship,visitor1968@mail.com,facebook,2 - February
80721,Ashley,Garcia,visitor1969@mail.com,facebook,3 - March
90807,Keith,Blankenship,visitor1970@mail.com,facebook,2 - February
81312,Keith,Saunders,visitor1971@mail.com,email,1 - January
69766,Michael,Garcia,visitor1972@mail.com,email,2 - February
22449,Michael,Peck,visitor1973@mail.com,yahoo,3 - March
99833,Sarah,Velazquez,visitor1974@mail.com,google,3 - March
66699,David,Williams,visitor1975@mail.com,google,2 - February
91253,Ryan,Martinez,visitor1976@mail.com,yahoo,2 - February
56092,Amanda,Peck,visitor1977@mail.com,twitter,3 - March
73671,Ryan,Johnson,visitor1978@mail.com,twitter,2 - February
20350,Keith,Rodriguez,visitor1979@mail.com,yahoo,1 - January
78487,Donna,Rodriguez,visitor1980@mail.com,email,3 - March
27622,Keith,Blankenship,visitor1981@mail.com,facebook,2 - February
80263,Ashley,Saunders,visitor1982@mail.com,yahoo,2 - February
63117,Michael,Miller,visitor1983@mail.com,yahoo,2 - February
68394,Sarah,Miller,visitor1984@mail.com,yahoo,1 - January
33782,Ashley,Martinez,visitor1985@mail.com,google,3 - March
38454,Keith,Garcia,visitor1986@mail.com,yahoo,2 - February
77904,Jessica,Johnson,visitor1987@mail.com,email,2 - February
25592,James,Brown,visitor1988@mail.com,email,1 - January
32173,Christopher,Velazquez,visitor1989@mail.com,facebook,2 - February
43204,Ashley,Williams,visitor1990@mail.com,google,3 - March
45596,Donna,Brown,visitor1991@mail.com,facebook,3 - March
44324,Jessica,Garcia,visitor1992@mail.com,facebook,3 - March
71202,Sarah,Saunders,visitor1993@mail.com,facebook,2 - February
99400,Amanda,Velazquez,visitor1994@mail.com,google,3 - March
40750,Sarah,Johnson,visitor1995@mail.com,yahoo,2 - February
86112,Albert,Blankenship,visitor1996@mail.com,twitter,3 - March
26566,Elizabeth,Blankenship,visitor1997@mail.com,email,3 - March
17190,Jessica,Jones,visitor1998@mail.com,google,2 - February
98607,Albert,Blankenship,visitor1999@mail.com,twitter,2 - February
48333,Michael,Sweeney,visitor2000@mail.com,google,1 - January
90905,Kyle,Davis,visitor2001@mail.com,facebook,2 - February
99571,Donna,Blankenship,visitor2002@mail.com,twitter,3 - March
11589,James,Davis,visitor2003@mail.com,yahoo,1 - January
35235,Kyle,Sweeney,visitor2004@mail.com,email,1 - January
10159,David,Martinez,visitor2005@mail.com,facebook,1 - January
22145,Emily,Davis,visitor2006@mail.com,facebook,3 - March
90909,Christopher,Dillon,visitor2007@mail.com,google,2 - February
41921,Michael,Sweeney,visitor2008@mail.com,email,1 - January
26237,Michael,Velazquez,visitor2009@mail.com,facebook,2 - February
18244,Kyle,Brown,visitor2010@mail.com,facebook,2 - February
24743,Jessica,Velazquez,visitor2011@mail.com,yahoo,2 - February
56101,Elizabeth,Brown,visitor2012@mail.com,twitter,3 - March
94227,James,Jones,visitor2013@mail.com,twitter,2 - February
66378,Jessica,Dillon,visitor2014@mail.com,yahoo,2 - February
81126,Kyle,Brown,visitor2015@mail.com,email,1 - January
66071,James,Brown,visitor2016@mail.com,yahoo,1 - January
81121,David,Saunders,visitor2017@mail.com,google,2 - February
84763,Christopher,Peck,visitor2018@mail.com,facebook,2 - February
22237,Christopher,Peck,visitor2019@mail.com,yahoo,2 - February
25649,Jessica,Saunders,visitor2020@mail.com,yahoo,1 - January
47713,Ryan,Blankenship,visitor2021@mail.com,yahoo,1 - January
83463,Jessica,Davis,visitor2022@mail.com,email,3 - March
55409,Sarah,Saunders,visitor2023@mail.com,yahoo,2 - February
58766,Emily,Miller,visitor2024@mail.com,yahoo,3 - March
56154,Albert,Brown,visitor2025@mail.com,facebook,3 - March
17016,Amanda,Brown,visitor2026@mail.com,email,2 - February
89563,Donna,Saunders,visitor2027@mail.com,facebook,3 - March
58688,Emily,Saunders,visitor2028@mail.com,yahoo,2 - February
99678,Jessica,Miller,visitor2029@mail.com,google,1 - January
64238,Elizabeth,Rodriguez,visitor2030@mail.com,facebook,2 - February
68608,Christopher,Blankenship,visitor2031@mail.com,facebook,2 - February
99081,Ashley,Velazquez,visitor2032@mail.com,facebook,2 - February
41897,Emily,Dillon,visitor2033@mail.com,twitter,2 - February
60961,Christopher,Johnson,visitor2034@mail.com,facebook,2 - February
78703,James,Davis,visitor2035@mail.com,yahoo,1 - January
54757,Elizabeth,Brown,visitor2036@mail.com,twitter,1 - January
36917,Emily,Martinez,visitor2037@mail.com,yahoo,1 - January
32736,James,Dillon,visitor2038@mail.com,facebook,1 - January
37990,Amanda,Saunders,visitor2039@mail.com,email,2 - February
72551,Jessica,Miller,visitor2040@mail.com,google,2 - February
68161,James,Blankenship,visitor2041@mail.com,facebook,1 - January
89623,Keith,Sweeney,visitor2042@mail.com,facebook,3 - March
32440,Michael,Martinez,visitor2043@mail.com,yahoo,3 - March
45205,Emily,Blankenship,visitor2044@mail.com,google,2 - February
90811,Amanda,Williams,visitor2045@mail.com,facebook,3 - March
65103,Jessica,Williams,visitor2046@mail.com,facebook,2 - February
80812,Michael,Dillon,visitor2047@mail.com,facebook,1 - January
51627,Ryan,Peck,visitor2048@mail.com,yahoo,3 - March
29008,James,Williams,visitor2049@mail.com,facebook,1 - January
81274,Kyle,Williams,visitor2050@mail.com,facebook,3 - March
42402,Ryan,Velazquez,visitor2051@mail.com,twitter,2 - February
63384,Christopher,Sweeney,visitor2052@mail.com,facebook,2 - February
15793,Jessica,Miller,visitor2053@mail.com,facebook,2 - February
15571,Elizabeth,Velazquez,visitor2054@mail.com,facebook,2 - February
26209,Keith,Sweeney,visitor2055@mail.com,facebook,1 - January
53148,David,Miller,visitor2056@mail.com,email,2 - February
12224,Michael,Davis,visitor2057@mail.com,email,3 - March
58695,Albert,Davis,visitor2058@mail.com,yahoo,2 - February
42441,Michael,Jones,visitor2059@mail.com,email,1 - January
49129,Sarah,Johnson,visitor2060@mail.com,yahoo,2 - February
72368,Christopher,Brown,visitor2061@mail.com,yahoo,3 - March
54760,Ashley,Rodriguez,visitor2062@mail.com,google,2 - February
33478,Ashley,Rodriguez,visitor2063@mail.com,facebook,2 - February
81854,Donna,Williams,visitor2064@mail.com,email,3 - March
95716,Jessica,Martinez,visitor2065@mail.com,twitter,2 - February
22180,Ryan,Miller,visitor2066@mail.com,google,2 - February
25372,Albert,Brown,visitor2067@mail.com,twitter,3 - March
39796,Elizabeth,Williams,visitor2068@mail.com,email,3 - March
68272,Amanda,Velazquez,visitor2069@mail.com,yahoo,1 - January
99963,Elizabeth,Johnson,visitor2070@mail.com,email,1 - January
64040,Elizabeth,Velazquez,visitor2071@mail.com,facebook,3 - March
85357,David,Davis,visitor2072@mail.com,facebook,1 - January
81368,Sarah,Miller,visitor2073@mail.com,email,3 - March
88356,Ashley,Garcia,visitor2074@mail.com,google,1 - January
26211,Elizabeth,Velazquez,visitor2075@mail.com,yahoo,2 - February
15842,Amanda,Martinez,visitor2076@mail.com,yahoo,1 - January
73115,Amanda,Sweeney,visitor2077@mail.com,yahoo,3 - March
76852,James,Peck,visitor2078@mail.com,google,3 - March
55968,Amanda,Martinez,visitor2079@mail.com,twitter,2 - February
27508,Ashley,Blankenship,visitor2080@mail.com,email,3 - March
32005,Elizabeth,Dillon,visitor2081@mail.com,google,1 - January
64575,Amanda,Brown,visitor2082@mail.com,facebook,1 - January
90742,Jessica,Jones,visitor2083@mail.com,facebook,3 - March
28971,Sarah,Williams,visitor2084@mail.com,facebook,3 - March
35599,Emily,Velazquez,visitor2085@mail.com,facebook,3 - March
97592,Keith,Peck,visitor2086@mail.com,google,3 - March
76914,Keith,Velazquez,visitor2087@mail.com,yahoo,2 - February
77055,Sarah,Johnson,visitor2088@mail.com,facebook,1 - January
97697,Donna,Sweeney,visitor2089@mail.com,yahoo,3 - March
15355,David,Jones,visitor2090@mail.com,yahoo,2 - February
64120,Christopher,Blankenship,visitor2091@mail.com,google,2 - February
84619,Christopher,Miller,visitor2092@mail.com,twitter,3 - March
48342,Albert,Johnson,visitor2093@mail.com,email,1 - January
95992,Ashley,Saunders,visitor2094@mail.com,yahoo,3 - March
88860,James,Jones,visitor2095@mail.com,google,1 - January
12257,Michael,Velazquez,visitor2096@mail.com,yahoo,3 - March
37364,Jessica,Davis,visitor2097@mail.com,twitter,2 - February
34972,Kyle,Johnson,visitor2098@mail.com,yahoo,2 - February
36654,Keith,Blankenship,visitor2099@mail.com,yahoo,2 - February
90769,Emily,Rodriguez,visitor2100@mail.com,facebook,1 - January
91423,Sarah,Martinez,visitor2101@mail.com,facebook,2 - February
39320,Albert,Peck,visitor2102@mail.com,google,2 - February
30808,Sarah,Peck,visitor2103@mail.com,google,2 - February
62389,Michael,Brown,visitor2104@mail.com,facebook,1 - January
44773,Albert,Blankenship,visitor2105@mail.com,yahoo,1 - January
61168,Keith,Peck,visitor2106@mail.com,google,1 - January
37747,Elizabeth,Johnson,visitor2107@mail.com,yahoo,3 - March
86396,James,Brown,visitor2108@mail.com,yahoo,1 - January
93692,Sarah,Garcia,visitor2109@mail.com,google,3 - March
67505,James,Peck,visitor2110@mail.com,yahoo,3 - March
95896,James,Jones,visitor2111@mail.com,google,3 - March
28135,James,Rodriguez,visitor2112@mail.com,yahoo,3 - March
57377,Emily,Davis,visitor2113@mail.com,facebook,1 - January
33554,Kyle,Sweeney,visitor2114@mail.com,facebook,3 - March
72491,Keith,Rodriguez,visitor2115@mail.com,facebook,2 - February
65621,James,Saunders,visitor2116@mail.com,google,3 - March
68283,Emily,Blankenship,visitor2117@mail.com,google,3 - March
95140,Ryan,Johnson,visitor2118@mail.com,google,1 - January
26923,Ashley,Williams,visitor2119@mail.com,facebook,2 - February
57591,Christopher,Davis,visitor2120@mail.com,yahoo,2 - February
72261,Kyle,Velazquez,visitor2121@mail.com,google,3 - March
64336,Donna,Johnson,visitor2122@mail.com,facebook,1 - January
84083,David,Rodriguez,visitor2123@mail.com,twitter,1 - January
70948,Keith,Rodriguez,visitor2124@mail.com,yahoo,2 - February
43002,Elizabeth,Peck,visitor2125@mail.com,yahoo,2 - February
90098,Amanda,Johnson,visitor2126@mail.com,google,3 - March
83016,Keith,Williams,visitor2127@mail.com,email,3 - March
36672,Michael,Velazquez,visitor2128@mail.com,google,2 - February
14213,Albert,Brown,visitor2129@mail.com,google,1 - January
20293,Ashley,Peck,visitor2130@mail.com,yahoo,1 - January
65860,Christopher,Davis,visitor2131@mail.com,facebook,2 - February
72507,Sarah,Dillon,visitor2132@mail.com,yahoo,3 - March
67134,James,Peck,visitor2133@mail.com,google,2 - February
12100,Albert,Saunders,visitor2134@mail.com,yahoo,2 - February
71997,Albert,Garcia,visitor2135@mail.com,email,3 - March
38172,James,Dillon,visitor2136@mail.com,yahoo,3 - March
30132,Keith,Saunders,visitor2137@mail.com,yahoo,1 - January
28199,James,Williams,visitor2138@mail.com,yahoo,1 - January
46609,Ashley,Blankenship,visitor2139@mail.com,email,2 - February
52965,Christopher,Velazquez,visitor2140@mail.com,facebook,3 - March
18016,Michael,Sweeney,visitor2141@mail.com,twitter,3 - March
49779,James,Brown,visitor2142@mail.com,email,1 - January
41881,Sarah,Sweeney,visitor2143@mail.com,email,1 - January
92594,Sarah,Jones,visitor2144@mail.com,facebook,3 - March
34472,Albert,Jones,visitor2145@mail.com,google,3 - March
61813,Donna,Williams,visitor2146@mail.com,google,3 - March
46021,David,Blankenship,visitor2147@mail.com,email,2 - February
64131,Michael,Garcia,visitor2148@mail.com,facebook,2 - February
34087,Donna,Garcia,visitor2149@mail.com,google,1 - January
22828,Jessica,Jones,visitor2150@mail.com,google,1 - January
71610,Jessica,Davis,visitor2151@mail.com,email,2 - February
11401,Kyle,Davis,visitor2152@mail.com,facebook,2 - February
95179,Albert,Rodriguez,visitor2153@mail.com,yahoo,1 - January
25193,Sarah,Martinez,visitor2154@mail.com,yahoo,3 - March
54864,Keith,Peck,visitor2155@mail.com,yahoo,1 - January
30307,Sarah,Johnson,visitor2156@mail.com,yahoo,3 - March
29611,Emily,Saunders,visitor2157@mail.com,facebook,1 - January
53791,Emily,Jones,visitor2158@mail.com,twitter,3 - March
21950,Sarah,Williams,visitor2159@mail.com,facebook,1 - January
86240,Christopher,Rodriguez,visitor2160@mail.com,twitter,3 - March
87403,Ashley,Miller,visitor2161@mail.com,facebook,1 - January
12745,Emily,Saunders,visitor2162@mail.com,google,2 - February
65243,Elizabeth,Peck,visitor2163@mail.com,google,3 - March
13866,Sarah,Blankenship,visitor2164@mail.com,email,1 - January
42245,Amanda,Velazquez,visitor2165@mail.com,yahoo,1 - January
54724,Kyle,Garcia,visitor2166@mail.com,email,3 - March
81354,Donna,Sweeney,visitor2167@mail.com,facebook,3 - March
61374,Jessica,Peck,visitor2168@mail.com,email,1 - January
40116,Sarah,Brown,visitor2169@mail.com,facebook,1 - January
91029,Sarah,Dillon,visitor2170@mail.com,email,1 - January
30447,Emily,Williams,visitor2171@mail.com,yahoo,1 - January
40431,Ashley,Garcia,visitor2172@mail.com,facebook,3 - March
27908,James,Sweeney,visitor2173@mail.com,google,2 - February
39336,Elizabeth,Brown,visitor2174@mail.com,facebook,2 - February
50992,Michael,Velazquez,visitor2175@mail.com,twitter,3 - March
65350,Keith,Brown,visitor2176@mail.com,yahoo,2 - February
79561,Amanda,Miller,visitor2177@mail.com,twitter,3 - March
61955,Michael,Blankenship,visitor2178@mail.com,yahoo,2 - February
71240,Keith,Davis,visitor2179@mail.com,yahoo,2 - February
30093,David,Dillon,visitor2180@mail.com,yahoo,2 - February
16155,Sarah,Saunders,visitor2181@mail.com,twitter,1 - January
56607,Elizabeth,Sweeney,visitor2182@mail.com,facebook,1 - January
43487,Ryan,Dillon,visitor2183@mail.com,twitter,1 - January
65668,Emily,Johnson,visitor2184@mail.com,google,1 - January
30963,Albert,Peck,visitor2185@mail.com,twitter,2 - February
60124,Emily,Johnson,visitor2186@mail.com,yahoo,2 - February
62870,Jessica,Peck,visitor2187@mail.com,twitter,2 - February
66547,Donna,Blankenship,visitor2188@mail.com,yahoo,1 - January
74110,Ashley,Dillon,visitor2189@mail.com,email,3 - March
63554,Jessica,Davis,visitor2190@mail.com,email,1 - January
30936,Amanda,Velazquez,visitor2191@mail.com,facebook,2 - February
14426,Donna,Martinez,visitor2192@mail.com,yahoo,3 - March
98839,David,Martinez,visitor2193@mail.com,yahoo,1 - January
37606,Michael,Davis,visitor2194@mail.com,twitter,3 - March
57832,Ashley,Jones,visitor2195@mail.com,twitter,3 - March
38151,Ashley,Brown,visitor2196@mail.com,twitter,1 - January
89303,Kyle,Rodriguez,visitor2197@mail.com,yahoo,1 - January
21308,Sarah,Jones,visitor2198@mail.com,yahoo,3 - March
72522,Ryan,Dillon,visitor2199@mail.com,twitter,1 - January
55671,Donna,Johnson,visitor2200@mail.com,twitter,3 - March
12204,Albert,Rodriguez,visitor2201@mail.com,facebook,2 - February
97265,Donna,Martinez,visitor2202@mail.com,twitter,1 - January
41131,James,Jones,visitor2203@mail.com,facebook,1 - January
62428,Kyle,Martinez,visitor2204@mail.com,email,2 - February
43870,James,Williams,visitor2205@mail.com,yahoo,2 - February
59067,Jessica,Garcia,visitor2206@mail.com,google,3 - March
68585,Elizabeth,Martinez,visitor2207@mail.com,yahoo,3 - March
31607,Jessica,Davis,visitor2208@mail.com,facebook,3 - March
34968,David,Jones,visitor2209@mail.com,google,1 - January
21908,Elizabeth,Peck,visitor2210@mail.com,google,3 - March
36423,Jessica,Rodriguez,visitor2211@mail.com,email,3 - March
84707,Albert,Williams,visitor2212@mail.com,facebook,3 - March
88257,Emily,Sweeney,visitor2213@mail.com,facebook,2 - February
71215,Jessica,Jones,visitor2214@mail.com,facebook,3 - March
65835,Ashley,Williams,visitor2215@mail.com,facebook,2 - February
59429,Albert,Davis,visitor2216@mail.com,facebook,2 - February
92152,Albert,Martinez,visitor2217@mail.com,twitter,3 - March
48458,Ashley,Dillon,visitor2218@mail.com,email,1 - January
56169,Emily,Garcia,visitor2219@mail.com,twitter,1 - January
17659,Christopher,Brown,visitor2220@mail.com,yahoo,3 - March
70614,Elizabeth,Garcia,visitor2221@mail.com,google,1 - January
87240,Michael,Sweeney,visitor2222@mail.com,yahoo,3 - March
42793,Keith,Velazquez,visitor2223@mail.com,twitter,3 - March
56473,Sarah,Rodriguez,visitor2224@mail.com,yahoo,1 - January
99388,Donna,Velazquez,visitor2225@mail.com,facebook,2 - February
98330,Keith,Blankenship,visitor2226@mail.com,yahoo,3 - March
65751,Kyle,Jones,visitor2227@mail.com,yahoo,2 - February
88915,Michael,Brown,visitor2228@mail.com,facebook,3 - March
64254,Keith,Miller,visitor2229@mail.com,facebook,3 - March
17006,Elizabeth,Saunders,visitor2230@mail.com,facebook,2 - February
84218,Kyle,Williams,visitor2231@mail.com,twitter,1 - January
75344,Ryan,Sweeney,visitor2232@mail.com,facebook,3 - March
43840,Ashley,Dillon,visitor2233@mail.com,twitter,2 - February
42430,Michael,Jones,visitor2234@mail.com,email,1 - January
33091,Ashley,Dillon,visitor2235@mail.com,yahoo,3 - March
42983,Keith,Saunders,visitor2236@mail.com,facebook,3 - March
33989,Christopher,Rodriguez,visitor2237@mail.com,facebook,2 - February
85451,Kyle,Blankenship,visitor2238@mail.com,google,2 - February
28990,Ryan,Miller,visitor2239@mail.com,email,3 - March
90360,Jessica,Saunders,visitor2240@mail.com,email,3 - March
46081,Ashley,Garcia,visitor2241@mail.com,facebook,3 - March
21033,Kyle,Martinez,visitor2242@mail.com,google,3 - March
26241,James,Garcia,visitor2243@mail.com,yahoo,2 - February
15939,Christopher,Martinez,visitor2244@mail.com,yahoo,3 - March
57562,Emily,Peck,visitor2245@mail.com,google,3 - March
45063,Elizabeth,Johnson,visitor2246@mail.com,email,1 - January
86721,Jessica,Sweeney,visitor2247@mail.com,google,1 - January
37045,Elizabeth,Rodriguez,visitor2248@mail.com,twitter,3 - March
54769,Ashley,Johnson,visitor2249@mail.com,facebook,1 - January
57118,Keith,Saunders,visitor2250@mail.com,email,1 - January
94703,Sarah,Miller,visitor2251@mail.com,facebook,1 - January
31625,Keith,Martinez,visitor2252@mail.com,yahoo,2 - February
37076,Jessica,Martinez,visitor2253@mail.com,facebook,1 - January
74805,Albert,Garcia,visitor2254@mail.com,yahoo,2 - February
54605,Keith,Blankenship,visitor2255@mail.com,facebook,3 - March
94565,Jessica,Blankenship,visitor2256@mail.com,facebook,3 - March
98509,Kyle,Martinez,visitor2257@mail.com,google,3 - March
49121,David,Davis,visitor2258@mail.com,google,1 - January
75101,Keith,Velazquez,visitor2259@mail.com,email,3 - March
41433,Kyle,Garcia,visitor2260@mail.com,email,3 - March
53309,Elizabeth,Jones,visitor2261@mail.com,facebook,3 - March
77468,James,Miller,visitor2262@mail.com,email,1 - January
54254,Michael,Velazquez,visitor2263@mail.com,facebook,2 - February
77293,Sarah,Sweeney,visitor2264@mail.com,yahoo,3 - March
47853,Elizabeth,Martinez,visitor2265@mail.com,google,3 - March
48405,Elizabeth,Sweeney,visitor2266@mail.com,twitter,3 - March
76652,Jessica,Sweeney,visitor2267@mail.com,facebook,2 - February
53527,Ashley,Dillon,visitor2268@mail.com,facebook,2 - February
87227,Ashley,Velazquez,visitor2269@mail.com,email,3 - March
10492,Albert,Dillon,visitor2270@mail.com,google,1 - January
18811,Donna,Johnson,visitor2271@mail.com,google,3 - March
34272,David,Garcia,visitor2272@mail.com,facebook,3 - March
82010,Albert,Jones,visitor2273@mail.com,yahoo,3 - March
57153,Jessica,Saunders,visitor2274@mail.com,google,1 - January
64110,Emily,Garcia,visitor2275@mail.com,facebook,1 - January
23979,Sarah,Miller,visitor2276@mail.com,email,3 - March
38328,Amanda,Williams,visitor2277@mail.com,google,3 - March
22867,David,Velazquez,visitor2278@mail.com,yahoo,2 - February
69234,David,Garcia,visitor2279@mail.com,facebook,2 - February
35851,Christopher,Williams,visitor2280@mail.com,facebook,1 - January
41279,Jessica,Davis,visitor2281@mail.com,google,3 - March
83402,Ryan,Garcia,visitor2282@mail.com,facebook,3 - March
25449,Elizabeth,Blankenship,visitor2283@mail.com,twitter,3 - March
86221,James,Velazquez,visitor2284@mail.com,google,2 - February
99080,Michael,Johnson,visitor2285@mail.com,email,3 - March
15451,Ryan,Rodriguez,visitor2286@mail.com,email,2 - February
97178,Ashley,Velazquez,visitor2287@mail.com,twitter,2 - February
51316,Jessica,Rodriguez,visitor2288@mail.com,facebook,3 - March
73064,Amanda,Dillon,visitor2289@mail.com,email,1 - January
73761,Amanda,Jones,visitor2290@mail.com,yahoo,2 - February
48870,Ryan,Saunders,visitor2291@mail.com,facebook,3 - March
40873,Amanda,Brown,visitor2292@mail.com,google,2 - February
68627,Michael,Saunders,visitor2293@mail.com,facebook,1 - January
76155,Jessica,Garcia,visitor2294@mail.com,twitter,2 - February
35372,Ashley,Martinez,visitor2295@mail.com,facebook,2 - February
13642,Jessica,Miller,visitor2296@mail.com,yahoo,3 - March
38001,David,Miller,visitor2297@mail.com,twitter,1 - January
44064,Ryan,Saunders,visitor2298@mail.com,email,3 - March
24122,Kyle,Blankenship,visitor2299@mail.com,facebook,1 - January
34820,Amanda,Johnson,visitor2300@mail.com,facebook,1 - January
78431,Keith,Rodriguez,visitor2301@mail.com,google,1 - January
65745,Jessica,Williams,visitor2302@mail.com,yahoo,3 - March
60081,Ryan,Miller,visitor2303@mail.com,google,1 - January
80902,Donna,Garcia,visitor2304@mail.com,email,3 - March
18711,Sarah,Johnson,visitor2305@mail.com,twitter,2 - February
95132,Donna,Brown,visitor2306@mail.com,email,3 - March
28793,Ryan,Blankenship,visitor2307@mail.com,yahoo,3 - March
18199,Amanda,Jones,visitor2308@mail.com,twitter,3 - March
86253,Elizabeth,Garcia,visitor2309@mail.com,facebook,3 - March
46191,Amanda,Martinez,visitor2310@mail.com,facebook,2 - February
20211,Elizabeth,Saunders,visitor2311@mail.com,yahoo,3 - March
73069,Ashley,Dillon,visitor2312@mail.com,yahoo,1 - January
98896,Ashley,Blankenship,visitor2313@mail.com,facebook,1 - January
66746,Ryan,Miller,visitor2314@mail.com,facebook,2 - February
31542,David,Sweeney,visitor2315@mail.com,google,2 - February
41312,Ashley,Miller,visitor2316@mail.com,email,2 - February
55242,David,Velazquez,visitor2317@mail.com,email,2 - February
97893,Ashley,Johnson,visitor2318@mail.com,email,2 - February
65388,Amanda,Davis,visitor2319@mail.com,facebook,2 - February
37691,Jessica,Blankenship,visitor2320@mail.com,google,1 - January
87960,Michael,Sweeney,visitor2321@mail.com,yahoo,3 - March
94388,Keith,Miller,visitor2322@mail.com,twitter,3 - March
32601,Amanda,Rodriguez,visitor2323@mail.com,email,3 - March
28020,Christopher,Williams,visitor2324@mail.com,google,2 - February
18155,Jessica,Brown,visitor2325@mail.com,google,2 - February
79119,Christopher,Brown,visitor2326@mail.com,email,3 - March
91051,Donna,Saunders,visitor2327@mail.com,yahoo,3 - March
46777,Emily,Saunders,visitor2328@mail.com,google,3 - March
29710,Keith,Blankenship,visitor2329@mail.com,yahoo,2 - February
34532,Donna,Blankenship,visitor2330@mail.com,facebook,2 - February
28601,Ashley,Jones,visitor2331@mail.com,google,3 - March
73227,David,Velazquez,visitor2332@mail.com,email,1 - January
14967,Ashley,Peck,visitor2333@mail.com,google,2 - February
94289,Ryan,Williams,visitor2334@mail.com,facebook,3 - March
30022,Michael,Saunders,visitor2335@mail.com,yahoo,3 - March
53463,Ashley,Peck,visitor2336@mail.com,yahoo,2 - February
84671,James,Peck,visitor2337@mail.com,yahoo,2 - February
15722,Donna,Garcia,visitor2338@mail.com,twitter,3 - March
37413,David,Martinez,visitor2339@mail.com,yahoo,2 - February
91050,James,Velazquez,visitor2340@mail.com,facebook,3 - March
95867,Michael,Dillon,visitor2341@mail.com,google,3 - March
93596,Jessica,Dillon,visitor2342@mail.com,twitter,3 - March
76732,Ryan,Rodriguez,visitor2343@mail.com,twitter,3 - March
22297,Sarah,Saunders,visitor2344@mail.com,twitter,2 - February
78323,Elizabeth,Miller,visitor2345@mail.com,facebook,2 - February
33816,Albert,Sweeney,visitor2346@mail.com,email,2 - February
50695,Michael,Miller,visitor2347@mail.com,yahoo,1 - January
29702,James,Davis,visitor2348@mail.com,google,1 - January
35242,Sarah,Velazquez,visitor2349@mail.com,email,1 - January
65841,Sarah,Velazquez,visitor2350@mail.com,yahoo,3 - March
77712,Michael,Martinez,visitor2351@mail.com,yahoo,1 - January
95663,Sarah,Johnson,visitor2352@mail.com,facebook,1 - January
63574,Donna,Davis,visitor2353@mail.com,yahoo,1 - January
95744,Sarah,Peck,visitor2354@mail.com,yahoo,3 - March
38482,Ashley,Johnson,visitor2355@mail.com,yahoo,1 - January
19171,Christopher,Rodriguez,visitor2356@mail.com,yahoo,2 - February
13696,David,Miller,visitor2357@mail.com,google,1 - January
30058,Keith,Rodriguez,visitor2358@mail.com,facebook,3 - March
30313,Donna,Miller,visitor2359@mail.com,email,3 - March
29149,Sarah,Rodriguez,visitor2360@mail.com,email,3 - March
63521,Amanda,Peck,visitor2361@mail.com,google,2 - February
55740,Jessica,Rodriguez,visitor2362@mail.com,facebook,2 - February
14956,Amanda,Dillon,visitor2363@mail.com,facebook,2 - February
85731,Elizabeth,Saunders,visitor2364@mail.com,facebook,2 - February
92612,Ryan,Williams,visitor2365@mail.com,facebook,2 - February
76641,James,Dillon,visitor2366@mail.com,yahoo,1 - January
73811,Sarah,Garcia,visitor2367@mail.com,facebook,3 - March
62160,Kyle,Velazquez,visitor2368@mail.com,google,1 - January
61313,Ashley,Williams,visitor2369@mail.com,google,2 - February
73232,Elizabeth,Blankenship,visitor2370@mail.com,email,2 - February
25417,Jessica,Williams,visitor2371@mail.com,yahoo,2 - February
34729,Ashley,Williams,visitor2372@mail.com,google,3 - March
40099,David,Dillon,visitor2373@mail.com,facebook,3 - March
39961,Sarah,Velazquez,visitor2374@mail.com,facebook,3 - March
22602,James,Williams,visitor2375@mail.com,facebook,2 - February
19256,David,Martinez,visitor2376@mail.com,email,1 - January
96120,Sarah,Martinez,visitor2377@mail.com,facebook,2 - February
44681,Albert,Garcia,visitor2378@mail.com,google,3 - March
97440,Keith,Dillon,visitor2379@mail.com,yahoo,3 - March
74789,David,Dillon,visitor2380@mail.com,twitter,3 - March
53361,Keith,Williams,visitor2381@mail.com,email,1 - January
74503,Elizabeth,Peck,visitor2382@mail.com,email,1 - January
44540,Emily,Velazquez,visitor2383@mail.com,google,2 - February
36536,Albert,Miller,visitor2384@mail.com,facebook,3 - March
94700,Ryan,Miller,visitor2385@mail.com,email,3 - March
73043,Donna,Brown,visitor2386@mail.com,yahoo,3 - March
88532,Keith,Garcia,visitor2387@mail.com,email,2 - February
66575,Albert,Miller,visitor2388@mail.com,yahoo,1 - January
12871,Emily,Williams,visitor2389@mail.com,email,1 - January
56002,James,Miller,visitor2390@mail.com,yahoo,1 - January
59812,Keith,Johnson,visitor2391@mail.com,google,2 - February
32626,Christopher,Johnson,visitor2392@mail.com,twitter,1 - January
69979,Amanda,Blankenship,visitor2393@mail.com,email,3 - March
86057,Christopher,Velazquez,visitor2394@mail.com,yahoo,3 - March
76668,Michael,Garcia,visitor2395@mail.com,yahoo,2 - February
90070,Jessica,Dillon,visitor2396@mail.com,twitter,1 - January
99390,Ryan,Jones,visitor2397@mail.com,google,1 - January
52998,Amanda,Saunders,visitor2398@mail.com,twitter,3 - March
73814,Jessica,Sweeney,visitor2399@mail.com,email,2 - February
55607,James,Davis,visitor2400@mail.com,google,2 - February
17812,Sarah,Jones,visitor2401@mail.com,yahoo,3 - March
71844,Keith,Miller,visitor2402@mail.com,facebook,2 - February
80093,Sarah,Garcia,visitor2403@mail.com,email,2 - February
12179,Christopher,Velazquez,visitor2404@mail.com,facebook,3 - March
53798,Kyle,Rodriguez,visitor2405@mail.com,twitter,3 - March
84601,Keith,Velazquez,visitor2406@mail.com,email,3 - March
18275,Albert,Miller,visitor2407@mail.com,facebook,2 - February
60574,Ryan,Williams,visitor2408@mail.com,email,2 - February
57857,Sarah,Williams,visitor2409@mail.com,yahoo,3 - March
30700,Christopher,Jones,visitor2410@mail.com,email,2 - February
49464,Keith,Dillon,visitor2411@mail.com,twitter,3 - March
52351,Kyle,Davis,visitor2412@mail.com,facebook,3 - March
92534,Jessica,Blankenship,visitor2413@mail.com,yahoo,3 - March
23869,Amanda,Williams,visitor2414@mail.com,yahoo,1 - January
70315,Albert,Sweeney,visitor2415@mail.com,email,1 - January
30954,Michael,Garcia,visitor2416@mail.com,facebook,1 - January
41555,Keith,Sweeney,visitor2417@mail.com,yahoo,3 - March
73353,Michael,Blankenship,visitor2418@mail.com,facebook,2 - February
92190,Elizabeth,Peck,visitor2419@mail.com,facebook,1 - January
55026,James,Peck,visitor2420@mail.com,yahoo,1 - January
56976,Ryan,Velazquez,visitor2421@mail.com,yahoo,2 - February
90578,Keith,Rodriguez,visitor2422@mail.com,google,1 - January
55095,David,Williams,visitor2423@mail.com,facebook,1 - January
24270,Kyle,Johnson,visitor2424@mail.com,facebook,3 - March
40908,Amanda,Martinez,visitor2425@mail.com,facebook,1 - January
25523,Ashley,Martinez,visitor2426@mail.com,yahoo,1 - January
72433,Ashley,Jones,visitor2427@mail.com,yahoo,3 - March
57068,Sarah,Brown,visitor2428@mail.com,yahoo,3 - March
29991,Emily,Blankenship,visitor2429@mail.com,email,2 - February
20775,David,Velazquez,visitor2430@mail.com,google,1 - January
87801,Elizabeth,Johnson,visitor2431@mail.com,facebook,3 - March
94995,Ryan,Martinez,visitor2432@mail.com,facebook,2 - February
71250,Jessica,Williams,visitor2433@mail.com,yahoo,1 - January
26673,Albert,Miller,visitor2434@mail.com,facebook,1 - January
37056,Michael,Johnson,visitor2435@mail.com,twitter,1 - January
16614,Elizabeth,Rodriguez,visitor2436@mail.com,twitter,2 - February
17415,Sarah,Johnson,visitor2437@mail.com,yahoo,3 - March
98691,Albert,Miller,visitor2438@mail.com,yahoo,3 - March
53884,Ashley,Martinez,visitor2439@mail.com,yahoo,2 - February
26964,Christopher,Rodriguez,visitor2440@mail.com,google,2 - February
47726,Jessica,Blankenship,visitor2441@mail.com,facebook,2 - February
47044,Sarah,Velazquez,visitor2442@mail.com,facebook,2 - February
67149,Kyle,Dillon,visitor2443@mail.com,google,1 - January
47544,Christopher,Sweeney,visitor2444@mail.com,twitter,3 - March
59976,Michael,Jones,visitor2445@mail.com,google,3 - March
42252,Emily,Velazquez,visitor2446@mail.com,facebook,2 - February
13832,David,Miller,visitor2447@mail.com,facebook,3 - March
90437,Amanda,Brown,visitor2448@mail.com,facebook,2 - February
44148,Keith,Johnson,visitor2449@mail.com,twitter,2 - February
71240,Christopher,Dillon,visitor2450@mail.com,twitter,1 - January
98454,Elizabeth,Miller,visitor2451@mail.com,twitter,3 - March
95076,James,Blankenship,visitor2452@mail.com,facebook,3 - March
87116,Keith,Saunders,visitor2453@mail.com,facebook,3 - March
63459,Emily,Miller,visitor2454@mail.com,yahoo,1 - January
48402,Albert,Martinez,visitor2455@mail.com,yahoo,1 - January
67727,Ashley,Martinez,visitor2456@mail.com,google,2 - February
48578,Christopher,Jones,visitor2457@mail.com,twitter,2 - February
32318,Keith,Jones,visitor2458@mail.com,facebook,2 - February
85715,David,Sweeney,visitor2459@mail.com,twitter,3 - March
87787,Donna,Saunders,visitor2460@mail.com,yahoo,3 - March
95029,Albert,Miller,visitor2461@mail.com,twitter,2 - February
30466,Michael,Garcia,visitor2462@mail.com,google,1 - January
55475,Sarah,Williams,visitor2463@mail.com,google,1 - January
70142,Christopher,Saunders,visitor2464@mail.com,twitter,3 - March
95160,Emily,Johnson,visitor2465@mail.com,twitter,3 - March
36564,Michael,Johnson,visitor2466@mail.com,google,3 - March
32412,Keith,Johnson,visitor2467@mail.com,twitter,2 - February
61001,Ryan,Davis,visitor2468@mail.com,email,1 - January
67649,Albert,Johnson,visitor2469@mail.com,yahoo,3 - March
70957,Emily,Rodriguez,visitor2470@mail.com,yahoo,3 - March
45517,Sarah,Velazquez,visitor2471@mail.com,facebook,2 - February
23156,Jessica,Jones,visitor2472@mail.com,google,1 - January
33064,Ashley,Saunders,visitor2473@mail.com,email,2 - February
35711,Kyle,Jones,visitor2474@mail.com,email,3 - March
40106,Ashley,Brown,visitor2475@mail.com,facebook,3 - March
75458,Amanda,Saunders,visitor2476@mail.com,twitter,3 - March
26589,Michael,Velazquez,visitor2477@mail.com,yahoo,1 - January
99272,Michael,Brown,visitor2478@mail.com,google,1 - January
96511,Albert,Davis,visitor2479@mail.com,google,1 - January
17214,Ryan,Jones,visitor2480@mail.com,facebook,3 - March
95731,Keith,Brown,visitor2481@mail.com,facebook,2 - February
37127,Emily,Sweeney,visitor2482@mail.com,email,3 - March
15141,Keith,Rodriguez,visitor2483@mail.com,yahoo,1 - January
38884,Albert,Miller,visitor2484@mail.com,yahoo,3 - March
12708,Ashley,Brown,visitor2485@mail.com,google,3 - March
28375,Michael,Saunders,visitor2486@mail.com,twitter,1 - January
25088,Sarah,Johnson,visitor2487@mail.com,yahoo,3 - March
67615,Emily,Johnson,visitor2488@mail.com,email,1 - January
55046,Kyle,Martinez,visitor2489@mail.com,yahoo,1 - January
20014,Emily,Garcia,visitor2490@mail.com,twitter,1 - January
74425,Albert,Williams,visitor2491@mail.com,google,3 - March
13273,Sarah,Jones,visitor2492@mail.com,facebook,3 - March
57135,James,Martinez,visitor2493@mail.com,twitter,2 - February
40881,Sarah,Sweeney,visitor2494@mail.com,yahoo,3 - March
88077,Jessica,Saunders,visitor2495@mail.com,email,3 - March
18712,Emily,Saunders,visitor2496@mail.com,google,3 - March
84704,Emily,Martinez,visitor2497@mail.com,email,1 - January
62874,David,Miller,visitor2498@mail.com,yahoo,2 - February
79087,Donna,Blankenship,visitor2499@mail.com,google,3 - March
22297,Kyle,Garcia,visitor2500@mail.com,yahoo,1 - January
37128,Elizabeth,Martinez,visitor2501@mail.com,facebook,2 - February
78368,Amanda,Rodriguez,visitor2502@mail.com,email,3 - March
97599,Ryan,Peck,visitor2503@mail.com,email,1 - January
98499,Donna,Jones,visitor2504@mail.com,facebook,3 - March
88958,Jessica,Saunders,visitor2505@mail.com,facebook,1 - January
42920,Emily,Rodriguez,visitor2506@mail.com,google,3 - March
21156,Amanda,Dillon,visitor2507@mail.com,email,1 - January
21108,Kyle,Saunders,visitor2508@mail.com,google,1 - January
41845,Keith,Blankenship,visitor2509@mail.com,facebook,1 - January
12800,Donna,Brown,visitor2510@mail.com,google,3 - March
52712,Keith,Velazquez,visitor2511@mail.com,twitter,3 - March
12610,Ryan,Garcia,visitor2512@mail.com,twitter,1 - January
87603,Amanda,Velazquez,visitor2513@mail.com,yahoo,1 - January
43872,Christopher,Miller,visitor2514@mail.com,email,2 - February
20728,Keith,Dillon,visitor2515@mail.com,google,2 - February
30583,Ryan,Dillon,visitor2516@mail.com,facebook,3 - March
95774,Christopher,Garcia,visitor2517@mail.com,facebook,1 - January
17263,Amanda,Garcia,visitor2518@mail.com,twitter,2 - February
77450,Ashley,Williams,visitor2519@mail.com,google,3 - March
99285,Ashley,Miller,visitor2520@mail.com,google,3 - March
29456,Amanda,Davis,visitor2521@mail.com,google,3 - March
75942,Amanda,Garcia,visitor2522@mail.com,yahoo,1 - January
23689,Kyle,Rodriguez,visitor2523@mail.com,yahoo,1 - January
42934,James,Velazquez,visitor2524@mail.com,facebook,2 - February
43276,Michael,Brown,visitor2525@mail.com,email,2 - February
29873,Ryan,Martinez,visitor2526@mail.com,yahoo,3 - March
23050,Sarah,Velazquez,visitor2527@mail.com,yahoo,3 - March
76216,Elizabeth,Davis,visitor2528@mail.com,facebook,2 - February
94444,Elizabeth,Peck,visitor2529@mail.com,facebook,2 - February
94040,Albert,Jones,visitor2530@mail.com,yahoo,2 - February
31644,Christopher,Velazquez,visitor2531@mail.com,twitter,1 - January
72021,Elizabeth,Miller,visitor2532@mail.com,facebook,1 - January
47125,Amanda,Johnson,visitor2533@mail.com,google,2 - February
76899,Amanda,Williams,visitor2534@mail.com,yahoo,1 - January
52291,Albert,Blankenship,visitor2535@mail.com,yahoo,1 - January
45060,Emily,Dillon,visitor2536@mail.com,twitter,1 - January
11538,Amanda,Miller,visitor2537@mail.com,twitter,1 - January
46176,Elizabeth,Peck,visitor2538@mail.com,facebook,1 - January
51520,Ryan,Martinez,visitor2539@mail.com,yahoo,3 - March
35675,Sarah,Dillon,visitor2540@mail.com,facebook,2 - February
28287,Michael,Miller,visitor2541@mail.com,yahoo,2 - February
10174,Amanda,Martinez,visitor2542@mail.com,facebook,2 - February
44998,Keith,Williams,visitor2543@mail.com,yahoo,3 - March
63312,Christopher,Davis,visitor2544@mail.com,facebook,1 - January
22112,Amanda,Saunders,visitor2545@mail.com,google,2 - February
85225,Ashley,Garcia,visitor2546@mail.com,email,1 - January
54814,Jessica,Peck,visitor2547@mail.com,twitter,2 - February
95091,Elizabeth,Garcia,visitor2548@mail.com,yahoo,3 - March
60719,Michael,Sweeney,visitor2549@mail.com,twitter,3 - March
43919,Michael,Peck,visitor2550@mail.com,google,3 - March
83155,Ashley,Rodriguez,visitor2551@mail.com,email,2 - February
81569,Christopher,Williams,visitor2552@mail.com,yahoo,3 - March
51328,Ryan,Blankenship,visitor2553@mail.com,twitter,1 - January
80482,Kyle,Peck,visitor2554@mail.com,twitter,2 - February
34618,Ashley,Rodriguez,visitor2555@mail.com,yahoo,2 - February
44675,Kyle,Williams,visitor2556@mail.com,yahoo,2 - February
28919,Elizabeth,Brown,visitor2557@mail.com,google,1 - January
14173,Christopher,Jones,visitor2558@mail.com,twitter,3 - March
36400,Amanda,Velazquez,visitor2559@mail.com,twitter,1 - January
60445,James,Brown,visitor2560@mail.com,yahoo,1 - January
80305,Christopher,Williams,visitor2561@mail.com,yahoo,2 - February
47564,Jessica,Johnson,visitor2562@mail.com,email,1 - January
55814,Ashley,Saunders,visitor2563@mail.com,facebook,3 - March
89747,Elizabeth,Velazquez,visitor2564@mail.com,email,2 - February
98791,Elizabeth,Johnson,visitor2565@mail.com,email,3 - March
37962,Albert,Martinez,visitor2566@mail.com,google,2 - February
94892,Sarah,Blankenship,visitor2567@mail.com,yahoo,3 - March
95842,Ashley,Dillon,visitor2568@mail.com,email,3 - March
80533,Sarah,Sweeney,visitor2569@mail.com,google,2 - February
66184,Amanda,Velazquez,visitor2570@mail.com,yahoo,2 - February
92912,Ashley,Brown,visitor2571@mail.com,yahoo,3 - March
20578,Jessica,Saunders,visitor2572@mail.com,google,1 - January
28624,Albert,Miller,visitor2573@mail.com,yahoo,2 - February
49194,Christopher,Rodriguez,visitor2574@mail.com,google,1 - January
10389,Michael,Johnson,visitor2575@mail.com,facebook,1 - January
77391,Emily,Rodriguez,visitor2576@mail.com,email,1 - January
23794,Albert,Williams,visitor2577@mail.com,facebook,2 - February
68002,Elizabeth,Velazquez,visitor2578@mail.com,facebook,3 - March
45531,Kyle,Rodriguez,visitor2579@mail.com,yahoo,1 - January
62815,Donna,Dillon,visitor2580@mail.com,yahoo,3 - March
14986,Christopher,Garcia,visitor2581@mail.com,google,2 - February
42298,Jessica,Williams,visitor2582@mail.com,google,3 - March
11481,Michael,Johnson,visitor2583@mail.com,facebook,3 - March
66408,Christopher,Garcia,visitor2584@mail.com,twitter,3 - March
79267,Ashley,Saunders,visitor2585@mail.com,yahoo,3 - March
26835,Ryan,Peck,visitor2586@mail.com,facebook,3 - March
37798,Donna,Rodriguez,visitor2587@mail.com,email,3 - March
74887,Ashley,Dillon,visitor2588@mail.com,twitter,1 - January
29477,Donna,Williams,visitor2589@mail.com,google,2 - February
27266,Albert,Dillon,visitor2590@mail.com,facebook,3 - March
96328,Keith,Blankenship,visitor2591@mail.com,twitter,2 - February
95988,Donna,Garcia,visitor2592@mail.com,google,3 - March
53526,Elizabeth,Miller,visitor2593@mail.com,facebook,3 - March
21889,David,Williams,visitor2594@mail.com,facebook,1 - January
34335,Kyle,Velazquez,visitor2595@mail.com,google,3 - March
21254,Emily,Martinez,visitor2596@mail.com,yahoo,1 - January
96610,Kyle,Miller,visitor2597@mail.com,yahoo,2 - February
21442,David,Martinez,visitor2598@mail.com,yahoo,2 - February
56289,Sarah,Peck,visitor2599@mail.com,twitter,1 - January
63747,Elizabeth,Peck,visitor2600@mail.com,google,2 - February
47327,Ryan,Martinez,visitor2601@mail.com,twitter,2 - February
26199,Donna,Rodriguez,visitor2602@mail.com,yahoo,1 - January
82827,Sarah,Sweeney,visitor2603@mail.com,facebook,3 - March
10112,Elizabeth,Dillon,visitor2604@mail.com,google,2 - February
97051,Christopher,Davis,visitor2605@mail.com,twitter,2 - February
29581,Albert,Brown,visitor2606@mail.com,twitter,1 - January
69722,Kyle,Peck,visitor2607@mail.com,facebook,3 - March
26523,Sarah,Miller,visitor2608@mail.com,google,3 - March
76960,Jessica,Peck,visitor2609@mail.com,yahoo,1 - January
29552,Donna,Davis,visitor2610@mail.com,google,1 - January
20808,Donna,Davis,visitor2611@mail.com,yahoo,3 - March
82525,Ryan,Blankenship,visitor2612@mail.com,facebook,2 - February
33620,Keith,Jones,visitor2613@mail.com,yahoo,1 - January
10887,Jessica,Blankenship,visitor2614@mail.com,google,2 - February
41802,Donna,Blankenship,visitor2615@mail.com,google,2 - February
95024,Michael,Jones,visitor2616@mail.com,email,3 - March
91938,Jessica,Dillon,visitor2617@mail.com,facebook,1 - January
96741,Donna,Williams,visitor2618@mail.com,twitter,2 - February
36049,David,Saunders,visitor2619@mail.com,facebook,1 - January
87789,Jessica,Brown,visitor2620@mail.com,google,3 - March
94526,Elizabeth,Davis,visitor2621@mail.com,email,3 - March
17846,Jessica,Peck,visitor2622@mail.com,yahoo,3 - March
56220,Emily,Sweeney,visitor2623@mail.com,yahoo,3 - March
56163,Ryan,Brown,visitor2624@mail.com,facebook,2 - February
13765,Albert,Martinez,visitor2625@mail.com,twitter,3 - March
91486,Albert,Rodriguez,visitor2626@mail.com,yahoo,1 - January
55270,Albert,Williams,visitor2627@mail.com,twitter,3 - March
85277,Elizabeth,Jones,visitor2628@mail.com,facebook,1 - January
98278,Sarah,Brown,visitor2629@mail.com,twitter,2 - February
32931,Ashley,Peck,visitor2630@mail.com,facebook,2 - February
99116,Albert,Brown,visitor2631@mail.com,facebook,3 - March
65633,Emily,Saunders,visitor2632@mail.com,facebook,3 - March
90702,Christopher,Garcia,visitor2633@mail.com,google,2 - February
61913,Kyle,Miller,visitor2634@mail.com,email,2 - February
35991,Elizabeth,Jones,visitor2635@mail.com,yahoo,3 - March
64845,Sarah,Brown,visitor2636@mail.com,facebook,1 - January
65312,Kyle,Peck,visitor2637@mail.com,facebook,3 - March
20561,Amanda,Peck,visitor2638@mail.com,google,2 - February
26901,Kyle,Brown,visitor2639@mail.com,facebook,2 - February
72875,Kyle,Garcia,visitor2640@mail.com,google,1 - January
35917,Michael,Rodriguez,visitor2641@mail.com,facebook,2 - February
72120,Ryan,Dillon,visitor2642@mail.com,email,1 - January
11988,Ryan,Sweeney,visitor2643@mail.com,facebook,1 - January
24256,Ashley,Johnson,visitor2644@mail.com,google,1 - January
97728,Elizabeth,Blankenship,visitor2645@mail.com,email,2 - February
38230,Emily,Jones,visitor2646@mail.com,yahoo,2 - February
69778,Emily,Rodriguez,visitor2647@mail.com,twitter,3 - March
55833,Emily,Johnson,visitor2648@mail.com,google,1 - January
32625,Kyle,Williams,visitor2649@mail.com,google,2 - February
42088,James,Williams,visitor2650@mail.com,google,2 - February
89650,David,Peck,visitor2651@mail.com,yahoo,2 - February
51167,Jessica,Williams,visitor2652@mail.com,email,3 - March
81291,Sarah,Dillon,visitor2653@mail.com,email,2 - February
75303,Ryan,Sweeney,visitor2654@mail.com,facebook,3 - March
86361,James,Davis,visitor2655@mail.com,facebook,2 - February
98229,Albert,Rodriguez,visitor2656@mail.com,facebook,2 - February
14117,Christopher,Miller,visitor2657@mail.com,twitter,2 - February
70710,Elizabeth,Williams,visitor2658@mail.com,google,3 - March
77054,Sarah,Saunders,visitor2659@mail.com,yahoo,3 - March
40949,Elizabeth,Davis,visitor2660@mail.com,facebook,2 - February
32547,David,Sweeney,visitor2661@mail.com,facebook,3 - March
91882,Michael,Martinez,visitor2662@mail.com,yahoo,1 - January
78136,Michael,Dillon,visitor2663@mail.com,yahoo,3 - March
74619,Kyle,Garcia,visitor2664@mail.com,google,1 - January
71842,Ashley,Johnson,visitor2665@mail.com,google,1 - January
36990,Michael,Sweeney,visitor2666@mail.com,yahoo,1 - January
26193,Elizabeth,Sweeney,visitor2667@mail.com,google,3 - March
40109,Albert,Johnson,visitor2668@mail.com,facebook,3 - March
29233,Ashley,Dillon,visitor2669@mail.com,yahoo,3 - March
91730,Kyle,Davis,visitor2670@mail.com,google,3 - March
44510,Donna,Garcia,visitor2671@mail.com,email,2 - February
11306,Emily,Williams,visitor2672@mail.com,google,3 - March
13849,Sarah,Peck,visitor2673@mail.com,facebook,3 - March
22360,Ashley,Jones,visitor2674@mail.com,yahoo,2 - February
55800,David,Davis,visitor2675@mail.com,email,1 - January
46963,Kyle,Garcia,visitor2676@mail.com,yahoo,3 - March
64330,Amanda,Johnson,visitor2677@mail.com,google,3 - March
61707,Elizabeth,Miller,visitor2678@mail.com,facebook,3 - March
28689,Sarah,Johnson,visitor2679@mail.com,facebook,3 - March
39084,Albert,Garcia,visitor2680@mail.com,twitter,3 - March
50387,Keith,Johnson,visitor2681@mail.com,yahoo,3 - March
84816,Christopher,Johnson,visitor2682@mail.com,facebook,3 - March
12642,David,Jones,visitor2683@mail.com,facebook,3 - March
52137,Elizabeth,Rodriguez,visitor2684@mail.com,google,1 - January
89832,David,Jones,visitor2685@mail.com,yahoo,2 - February
65561,Ryan,Williams,visitor2686@mail.com,email,2 - February
72260,Keith,Brown,visitor2687@mail.com,twitter,3 - March
25438,Sarah,Brown,visitor2688@mail.com,google,2 - February
58442,Michael,Velazquez,visitor2689@mail.com,facebook,1 - January
12994,Elizabeth,Davis,visitor2690@mail.com,google,1 - January
11813,David,Davis,visitor2691@mail.com,facebook,3 - March
94381,Sarah,Johnson,visitor2692@mail.com,yahoo,2 - February
65276,Michael,Johnson,visitor2693@mail.com,twitter,2 - February
51243,Albert,Sweeney,visitor2694@mail.com,google,1 - January
72912,Albert,Brown,visitor2695@mail.com,facebook,2 - February
70272,David,Williams,visitor2696@mail.com,facebook,1 - January
52051,Kyle,Miller,visitor2697@mail.com,yahoo,2 - February
88854,Ryan,Peck,visitor2698@mail.com,google,2 - February
92736,Christopher,Velazquez,visitor2699@mail.com,google,2 - February
75618,Kyle,Davis,visitor2700@mail.com,google,2 - February
11920,Ryan,Martinez,visitor2701@mail.com,google,1 - January
87219,Elizabeth,Davis,visitor2702@mail.com,facebook,3 - March
86872,Emily,Velazquez,visitor2703@mail.com,email,2 - February
91132,Ashley,Miller,visitor2704@mail.com,email,1 - January
12093,Donna,Miller,visitor2705@mail.com,yahoo,1 - January
22905,David,Garcia,visitor2706@mail.com,facebook,2 - February
34351,Christopher,Martinez,visitor2707@mail.com,email,1 - January
40981,Jessica,Martinez,visitor2708@mail.com,yahoo,1 - January
83903,Emily,Williams,visitor2709@mail.com,facebook,2 - February
80821,Amanda,Martinez,visitor2710@mail.com,twitter,2 - February
92289,James,Peck,visitor2711@mail.com,facebook,2 - February
94021,David,Sweeney,visitor2712@mail.com,email,3 - March
88513,Keith,Jones,visitor2713@mail.com,facebook,1 - January
29874,Michael,Miller,visitor2714@mail.com,email,3 - March
60931,Keith,Blankenship,visitor2715@mail.com,yahoo,1 - January
17674,Albert,Brown,visitor2716@mail.com,google,3 - March
60516,Ryan,Johnson,visitor2717@mail.com,email,1 - January
70686,Michael,Williams,visitor2718@mail.com,facebook,3 - March
79212,Emily,Rodriguez,visitor2719@mail.com,google,2 - February
12426,Albert,Garcia,visitor2720@mail.com,facebook,1 - January
78498,Michael,Brown,visitor2721@mail.com,facebook,2 - February
39943,Kyle,Davis,visitor2722@mail.com,google,1 - January
76395,Albert,Johnson,visitor2723@mail.com,yahoo,3 - March
54816,Kyle,Blankenship,visitor2724@mail.com,facebook,3 - March
14138,Kyle,Davis,visitor2725@mail.com,twitter,1 - January
85945,Michael,Martinez,visitor2726@mail.com,yahoo,2 - February
14017,Amanda,Blankenship,visitor2727@mail.com,facebook,1 - January
20451,Sarah,Jones,visitor2728@mail.com,yahoo,3 - March
72956,Keith,Garcia,visitor2729@mail.com,yahoo,2 - February
20278,Albert,Dillon,visitor2730@mail.com,facebook,2 - February
53764,Amanda,Blankenship,visitor2731@mail.com,yahoo,3 - March
11134,Jessica,Davis,visitor2732@mail.com,facebook,1 - January
72943,Sarah,Miller,visitor2733@mail.com,facebook,3 - March
64318,James,Garcia,visitor2734@mail.com,yahoo,2 - February
70128,Keith,Brown,visitor2735@mail.com,google,1 - January
98056,Christopher,Saunders,visitor2736@mail.com,facebook,2 - February
31869,Christopher,Saunders,visitor2737@mail.com,facebook,3 - March
15039,Ashley,Martinez,visitor2738@mail.com,yahoo,2 - February
31281,Albert,Johnson,visitor2739@mail.com,yahoo,1 - January
20442,Emily,Johnson,visitor2740@mail.com,google,1 - January
83788,Ryan,Dillon,visitor2741@mail.com,yahoo,3 - March
37586,Christopher,Saunders,visitor2742@mail.com,facebook,2 - February
63053,Ashley,Rodriguez,visitor2743@mail.com,facebook,2 - February
60489,Keith,Davis,visitor2744@mail.com,twitter,1 - January
93104,Jessica,Johnson,visitor2745@mail.com,yahoo,3 - March
96346,David,Blankenship,visitor2746@mail.com,facebook,3 - March
77087,Elizabeth,Johnson,visitor2747@mail.com,email,1 - January
22625,Kyle,Velazquez,visitor2748@mail.com,yahoo,1 - January
44397,Amanda,Dillon,visitor2749@mail.com,yahoo,3 - March
68671,Christopher,Rodriguez,visitor2750@mail.com,twitter,3 - March
76897,Elizabeth,Williams,visitor2751@mail.com,facebook,2 - February
36149,Sarah,Peck,visitor2752@mail.com,yahoo,3 - March
70030,David,Sweeney,visitor2753@mail.com,yahoo,2 - February
79906,Kyle,Garcia,visitor2754@mail.com,google,1 - January
15283,Albert,Peck,visitor2755@mail.com,yahoo,3 - March
17610,Christopher,Rodriguez,visitor2756@mail.com,yahoo,2 - February
53326,Sarah,Peck,visitor2757@mail.com,yahoo,3 - March
24924,Jessica,Jones,visitor2758@mail.com,yahoo,1 - January
86162,Amanda,Miller,visitor2759@mail.com,twitter,2 - February
10869,Christopher,Rodriguez,visitor2760@mail.com,twitter,3 - March
11014,Michael,Rodriguez,visitor2761@mail.com,google,2 - February
20103,Albert,Garcia,visitor2762@mail.com,twitter,2 - February
92522,Keith,Williams,visitor2763@mail.com,yahoo,3 - March
43458,Michael,Johnson,visitor2764@mail.com,yahoo,2 - February
92409,Sarah,Miller,visitor2765@mail.com,google,2 - February
33248,Keith,Jones,visitor2766@mail.com,google,3 - March
99160,Jessica,Davis,visitor2767@mail.com,google,1 - January
53516,James,Peck,visitor2768@mail.com,twitter,3 - March
39061,Elizabeth,Garcia,visitor2769@mail.com,twitter,3 - March
34170,Keith,Rodriguez,visitor2770@mail.com,email,2 - February
18024,Elizabeth,Davis,visitor2771@mail.com,google,2 - February
92214,Ashley,Velazquez,visitor2772@mail.com,email,3 - March
95947,Kyle,Sweeney,visitor2773@mail.com,email,1 - January
53803,Ryan,Peck,visitor2774@mail.com,yahoo,2 - February
29296,Donna,Saunders,visitor2775@mail.com,facebook,2 - February
96664,Ashley,Williams,visitor2776@mail.com,facebook,1 - January
28257,Albert,Williams,visitor2777@mail.com,email,2 - February
22855,Donna,Williams,visitor2778@mail.com,facebook,3 - March
95178,Kyle,Dillon,visitor2779@mail.com,yahoo,3 - March
30025,Keith,Dillon,visitor2780@mail.com,google,2 - February
14458,Kyle,Blankenship,visitor2781@mail.com,yahoo,2 - February
73610,Emily,Davis,visitor2782@mail.com,facebook,3 - March
80843,Donna,Brown,visitor2783@mail.com,facebook,1 - January
93961,Donna,Sweeney,visitor2784@mail.com,facebook,3 - March
59831,James,Jones,visitor2785@mail.com,twitter,3 - March
53427,Emily,Martinez,visitor2786@mail.com,google,3 - March
48506,Ashley,Miller,visitor2787@mail.com,yahoo,2 - February
15668,Albert,Miller,visitor2788@mail.com,google,2 - February
57195,Michael,Miller,visitor2789@mail.com,google,1 - January
83233,David,Johnson,visitor2790@mail.com,yahoo,2 - February
34417,James,Peck,visitor2791@mail.com,yahoo,2 - February
91982,Kyle,Martinez,visitor2792@mail.com,facebook,3 - March
20751,Ryan,Brown,visitor2793@mail.com,facebook,3 - March
56218,David,Johnson,visitor2794@mail.com,twitter,3 - March
17352,Emily,Jones,visitor2795@mail.com,google,3 - March
89052,Kyle,Miller,visitor2796@mail.com,yahoo,1 - January
98835,Jessica,Brown,visitor2797@mail.com,google,2 - February
38927,Emily,Johnson,visitor2798@mail.com,email,1 - January
51094,Sarah,Velazquez,visitor2799@mail.com,yahoo,1 - January
64122,Sarah,Martinez,visitor2800@mail.com,yahoo,2 - February
39493,James,Dillon,visitor2801@mail.com,facebook,3 - March
83539,Donna,Jones,visitor2802@mail.com,yahoo,3 - March
41707,Sarah,Miller,visitor2803@mail.com,facebook,1 - January
78814,James,Garcia,visitor2804@mail.com,facebook,1 - January
17296,Amanda,Sweeney,visitor2805@mail.com,yahoo,1 - January
35398,Elizabeth,Saunders,visitor2806@mail.com,google,1 - January
45842,Christopher,Velazquez,visitor2807@mail.com,email,1 - January
23261,Ashley,Dillon,visitor2808@mail.com,facebook,3 - March
86709,Ryan,Williams,visitor2809@mail.com,twitter,3 - March
66704,Christopher,Dillon,visitor2810@mail.com,facebook,2 - February
77173,Christopher,Brown,visitor2811@mail.com,google,3 - March
41781,Sarah,Rodriguez,visitor2812@mail.com,twitter,1 - January
23652,Keith,Blankenship,visitor2813@mail.com,facebook,3 - March
15103,Elizabeth,Velazquez,visitor2814@mail.com,twitter,2 - February
35500,David,Williams,visitor2815@mail.com,yahoo,3 - March
45529,Elizabeth,Brown,visitor2816@mail.com,google,3 - March
28452,Ashley,Rodriguez,visitor2817@mail.com,facebook,3 - March
59393,Kyle,Jones,visitor2818@mail.com,facebook,1 - January
41174,Donna,Sweeney,visitor2819@mail.com,google,3 - March
74450,James,Dillon,visitor2820@mail.com,yahoo,1 - January
45436,Albert,Martinez,visitor2821@mail.com,facebook,1 - January
57406,Albert,Garcia,visitor2822@mail.com,facebook,1 - January
73059,Jessica,Jones,visitor2823@mail.com,facebook,3 - March
25954,Ryan,Williams,visitor2824@mail.com,google,3 - March
92722,Kyle,Brown,visitor2825@mail.com,facebook,1 - January
22356,Albert,Miller,visitor2826@mail.com,yahoo,2 - February
12187,Amanda,Blankenship,visitor2827@mail.com,facebook,3 - March
87243,Donna,Miller,visitor2828@mail.com,twitter,2 - February
45098,David,Dillon,visitor2829@mail.com,google,2 - February
31225,Albert,Garcia,visitor2830@mail.com,google,2 - February
13606,Keith,Sweeney,visitor2831@mail.com,facebook,3 - March
67620,Elizabeth,Blankenship,visitor2832@mail.com,twitter,2 - February
42828,Albert,Johnson,visitor2833@mail.com,facebook,3 - March
36489,Ashley,Brown,visitor2834@mail.com,email,2 - February
24387,Kyle,Jones,visitor2835@mail.com,google,1 - January
79463,Sarah,Garcia,visitor2836@mail.com,twitter,2 - February
81832,Sarah,Davis,visitor2837@mail.com,email,1 - January
12591,David,Dillon,visitor2838@mail.com,email,2 - February
58516,Ashley,Rodriguez,visitor2839@mail.com,yahoo,1 - January
72061,Sarah,Dillon,visitor2840@mail.com,yahoo,3 - March
76736,Amanda,Williams,visitor2841@mail.com,facebook,2 - February
91257,James,Garcia,visitor2842@mail.com,twitter,3 - March
71753,Emily,Sweeney,visitor2843@mail.com,google,3 - March
94774,David,Saunders,visitor2844@mail.com,twitter,3 - March
21087,Kyle,Rodriguez,visitor2845@mail.com,yahoo,3 - March
40816,Amanda,Johnson,visitor2846@mail.com,email,2 - February
33408,Ryan,Blankenship,visitor2847@mail.com,yahoo,1 - January
10136,Ashley,Velazquez,visitor2848@mail.com,google,3 - March
27413,Sarah,Velazquez,visitor2849@mail.com,google,3 - March
69500,Emily,Garcia,visitor2850@mail.com,twitter,3 - March
94514,Jessica,Dillon,visitor2851@mail.com,yahoo,3 - March
66358,Donna,Williams,visitor2852@mail.com,email,2 - February
76197,Ashley,Peck,visitor2853@mail.com,email,1 - January
42854,Elizabeth,Martinez,visitor2854@mail.com,facebook,3 - March
86240,Sarah,Garcia,visitor2855@mail.com,yahoo,1 - January
26322,David,Dillon,visitor2856@mail.com,twitter,1 - January
16968,Kyle,Miller,visitor2857@mail.com,twitter,2 - February
37518,Sarah,Velazquez,visitor2858@mail.com,email,2 - February
61925,Albert,Velazquez,visitor2859@mail.com,yahoo,1 - January
69848,Sarah,Johnson,visitor2860@mail.com,yahoo,3 - March
11700,Christopher,Jones,visitor2861@mail.com,twitter,3 - March
33199,Ashley,Peck,visitor2862@mail.com,facebook,3 - March
54589,David,Dillon,visitor2863@mail.com,email,2 - February
42115,Keith,Rodriguez,visitor2864@mail.com,google,3 - March
71934,Amanda,Johnson,visitor2865@mail.com,twitter,1 - January
64316,Keith,Rodriguez,visitor2866@mail.com,email,3 - March
15520,Sarah,Williams,visitor2867@mail.com,twitter,1 - January
46455,Ashley,Johnson,visitor2868@mail.com,facebook,2 - February
96465,Elizabeth,Dillon,visitor2869@mail.com,yahoo,2 - February
51605,Kyle,Brown,visitor2870@mail.com,google,3 - March
24955,Jessica,Davis,visitor2871@mail.com,email,1 - January
54049,Jessica,Saunders,visitor2872@mail.com,google,1 - January
23917,Sarah,Garcia,visitor2873@mail.com,facebook,2 - February
80293,Sarah,Dillon,visitor2874@mail.com,facebook,2 - February
88581,Keith,Sweeney,visitor2875@mail.com,yahoo,2 - February
74925,David,Velazquez,visitor2876@mail.com,email,2 - February
80269,Amanda,Peck,visitor2877@mail.com,facebook,2 - February
40954,Elizabeth,Miller,visitor2878@mail.com,email,1 - January
82617,Emily,Miller,visitor2879@mail.com,email,1 - January
51458,Sarah,Rodriguez,visitor2880@mail.com,facebook,2 - February
99037,Jessica,Peck,visitor2881@mail.com,email,3 - March
31113,Kyle,Garcia,visitor2882@mail.com,google,1 - January
53939,Ashley,Jones,visitor2883@mail.com,email,1 - January
39345,Christopher,Saunders,visitor2884@mail.com,twitter,2 - February
56313,Ryan,Sweeney,visitor2885@mail.com,email,1 - January
79166,Albert,Velazquez,visitor2886@mail.com,email,2 - February
57861,Sarah,Davis,visitor2887@mail.com,facebook,2 - February
59298,David,Miller,visitor2888@mail.com,yahoo,1 - January
57221,Sarah,Garcia,visitor2889@mail.com,twitter,1 - January
54942,David,Garcia,visitor2890@mail.com,yahoo,3 - March
13453,Elizabeth,Rodriguez,visitor2891@mail.com,email,3 - March
64935,Christopher,Garcia,visitor2892@mail.com,yahoo,3 - March
53370,Ryan,Peck,visitor2893@mail.com,email,2 - February
18328,Donna,Sweeney,visitor2894@mail.com,facebook,3 - March
25534,Christopher,Martinez,visitor2895@mail.com,twitter,3 - March
95280,James,Johnson,visitor2896@mail.com,facebook,3 - March
94925,Kyle,Jones,visitor2897@mail.com,yahoo,1 - January
46320,Kyle,Garcia,visitor2898@mail.com,email,2 - February
59170,David,Dillon,visitor2899@mail.com,yahoo,2 - February
90201,Keith,Dillon,visitor2900@mail.com,twitter,2 - February
18640,Amanda,Garcia,visitor2901@mail.com,google,2 - February
40049,Amanda,Brown,visitor2902@mail.com,email,3 - March
15618,David,Rodriguez,visitor2903@mail.com,facebook,3 - March
66053,Keith,Martinez,visitor2904@mail.com,yahoo,1 - January
11920,James,Velazquez,visitor2905@mail.com,facebook,1 - January
53937,Michael,Sweeney,visitor2906@mail.com,twitter,2 - February
79724,Jessica,Blankenship,visitor2907@mail.com,yahoo,1 - January
22207,Amanda,Peck,visitor2908@mail.com,facebook,2 - February
75774,Christopher,Williams,visitor2909@mail.com,google,2 - February
42972,Emily,Williams,visitor2910@mail.com,twitter,2 - February
20799,James,Dillon,visitor2911@mail.com,facebook,3 - March
81088,Kyle,Miller,visitor2912@mail.com,email,2 - February
38916,Christopher,Blankenship,visitor2913@mail.com,google,1 - January
80463,Emily,Williams,visitor2914@mail.com,facebook,1 - January
86700,Elizabeth,Saunders,visitor2915@mail.com,twitter,2 - February
47158,David,Saunders,visitor2916@mail.com,email,1 - January
94607,Elizabeth,Velazquez,visitor2917@mail.com,yahoo,2 - February
81696,Amanda,Blankenship,visitor2918@mail.com,email,1 - January
71510,Ryan,Saunders,visitor2919@mail.com,google,2 - February
68692,Elizabeth,Saunders,visitor2920@mail.com,google,3 - March
71744,Sarah,Martinez,visitor2921@mail.com,email,1 - January
25810,Ashley,Dillon,visitor2922@mail.com,email,2 - February
15126,Amanda,Williams,visitor2923@mail.com,yahoo,2 - February
40009,Jessica,Velazquez,visitor2924@mail.com,yahoo,3 - March
10192,Sarah,Sweeney,visitor2925@mail.com,facebook,2 - February
46413,James,Garcia,visitor2926@mail.com,google,2 - February
22816,Albert,Johnson,visitor2927@mail.com,facebook,3 - March
49082,Amanda,Peck,visitor2928@mail.com,email,2 - February
75048,David,Peck,visitor2929@mail.com,twitter,2 - February
60940,Kyle,Miller,visitor2930@mail.com,yahoo,1 - January
42130,Emily,Davis,visitor2931@mail.com,facebook,3 - March
50142,David,Jones,visitor2932@mail.com,yahoo,3 - March
46468,Jessica,Johnson,visitor2933@mail.com,email,3 - March
40698,Donna,Rodriguez,visitor2934@mail.com,twitter,3 - March
20655,Emily,Johnson,visitor2935@mail.com,google,3 - March
57897,Donna,Peck,visitor2936@mail.com,google,2 - February
40075,Albert,Peck,visitor2937@mail.com,google,3 - March
19359,Jessica,Sweeney,visitor2938@mail.com,facebook,2 - February
52056,Ashley,Blankenship,visitor2939@mail.com,twitter,2 - February
61831,Michael,Blankenship,visitor2940@mail.com,twitter,2 - February
69191,Michael,Sweeney,visitor2941@mail.com,facebook,2 - February
43272,Christopher,Williams,visitor2942@mail.com,yahoo,3 - March
24671,Michael,Johnson,visitor2943@mail.com,facebook,2 - February
37048,Kyle,Brown,visitor2944@mail.com,twitter,1 - January
86274,Kyle,Johnson,visitor2945@mail.com,email,1 - January
35963,Michael,Martinez,visitor2946@mail.com,facebook,3 - March
53954,Donna,Jones,visitor2947@mail.com,facebook,3 - March
82309,Jessica,Peck,visitor2948@mail.com,google,2 - February
10717,Elizabeth,Davis,visitor2949@mail.com,twitter,2 - February
21676,Jessica,Rodriguez,visitor2950@mail.com,facebook,2 - February
14434,James,Johnson,visitor2951@mail.com,email,1 - January
59810,Christopher,Peck,visitor2952@mail.com,facebook,2 - February
14994,Michael,Johnson,visitor2953@mail.com,twitter,3 - March
14234,Jessica,Jones,visitor2954@mail.com,twitter,2 - February
79300,Ryan,Williams,visitor2955@mail.com,facebook,2 - February
53949,Kyle,Garcia,visitor2956@mail.com,email,1 - January
47405,Kyle,Brown,visitor2957@mail.com,yahoo,2 - February
44872,Donna,Miller,visitor2958@mail.com,email,1 - January
52215,Elizabeth,Saunders,visitor2959@mail.com,email,2 - February
33185,Christopher,Martinez,visitor2960@mail.com,email,2 - February
53442,Michael,Sweeney,visitor2961@mail.com,google,3 - March
61759,David,Sweeney,visitor2962@mail.com,google,2 - February
51153,Emily,Miller,visitor2963@mail.com,twitter,2 - February
87535,Donna,Brown,visitor2964@mail.com,facebook,2 - February
12581,Donna,Davis,visitor2965@mail.com,twitter,3 - March
61717,Elizabeth,Johnson,visitor2966@mail.com,facebook,1 - January
12763,Sarah,Saunders,visitor2967@mail.com,yahoo,2 - February
65480,Ashley,Jones,visitor2968@mail.com,google,3 - March
48759,Michael,Blankenship,visitor2969@mail.com,google,1 - January
86067,David,Johnson,visitor2970@mail.com,facebook,2 - February
35307,Ashley,Williams,visitor2971@mail.com,email,3 - March
21064,Kyle,Peck,visitor2972@mail.com,google,2 - February
86848,Elizabeth,Miller,visitor2973@mail.com,twitter,3 - March
47548,David,Velazquez,visitor2974@mail.com,email,2 - February
46945,Ryan,Johnson,visitor2975@mail.com,yahoo,2 - February
57937,Donna,Garcia,visitor2976@mail.com,yahoo,3 - March
16476,Ashley,Martinez,visitor2977@mail.com,google,3 - March
61756,Elizabeth,Davis,visitor2978@mail.com,yahoo,3 - March
12382,Kyle,Rodriguez,visitor2979@mail.com,facebook,1 - January
59683,Jessica,Davis,visitor2980@mail.com,email,2 - February
97999,Christopher,Martinez,visitor2981@mail.com,email,1 - January
55276,Kyle,Velazquez,visitor2982@mail.com,google,1 - January
43402,Ashley,Johnson,visitor2983@mail.com,email,2 - February
36946,Amanda,Martinez,visitor2984@mail.com,yahoo,2 - February
89698,Ryan,Brown,visitor2985@mail.com,email,1 - January
83933,Elizabeth,Garcia,visitor2986@mail.com,facebook,1 - January
32335,Emily,Velazquez,visitor2987@mail.com,yahoo,2 - February
55095,Ryan,Johnson,visitor2988@mail.com,facebook,3 - March
89930,Michael,Sweeney,visitor2989@mail.com,facebook,3 - March
37197,Michael,Garcia,visitor2990@mail.com,twitter,1 - January
32010,Amanda,Davis,visitor2991@mail.com,facebook,3 - March
34123,Emily,Velazquez,visitor2992@mail.com,facebook,2 - February
97923,James,Davis,visitor2993@mail.com,facebook,3 - March
12890,Jessica,Johnson,visitor2994@mail.com,google,2 - February
18026,Ashley,Davis,visitor2995@mail.com,yahoo,2 - February
74925,Amanda,Blankenship,visitor2996@mail.com,yahoo,3 - March
78842,Emily,Peck,visitor2997@mail.com,facebook,1 - January
43665,Amanda,Blankenship,visitor2998@mail.com,facebook,3 - March
19277,James,Miller,visitor2999@mail.com,google,3 - March
