aircraft_type,manufacturer,manufacture_year,total_flight_hours,total_cycles,engine_type,engine_hours_since_overhaul,engine_cycles_since_overhaul,airframe_check_status,maintenance_program,lease_status,operator_region,winglets_installed,avionics_upgrade,damage_history,paint_condition,seat_count,airworthiness_directives_open,last_major_check_months_ago,market_demand_index,fuel_burn_kg_per_hr,broker_asking_price_usd,recent_comparable_sale_price_usd,appraised_fair_market_value_usd
A320neo,AIRBUS,2007,"62,189 hrs","45,564 cycles",LEAP-1A,"1,040 hrs",572 cycles,Fresh C-Check,MSG-3,Owned,Middle East,No,No,None,Excellent,180 seats,1 ADs,55,47.6,"2,637 kg/hr",18961000.0,14495000.0,15605000.0
A320-200,AIRBUS,2002,"72,519 hrs","40,983 cycles",CFM56-5B,"2,911 hrs","1,309 cycles",Fresh C-Check,Hourly Inspection,On Lease,Europe,Yes,No,None,Poor,180 seats,5 ADs,35,58.6,"1,653 kg/hr",8729000.0,9419000.0,10003000.0
A320neo,Airbus,1998,"71,095 hrs","31,999 cycles",PW1100G,"6,762 hrs","3,906 cycles",Fresh C-Check,MSG-3,Off Lease,North America,Yes,No,Major,Excellent,180 seats,2 ADs,27,100.0,"2,420 kg/hr",7403000.0,8669000.0,8244000.0
737 MAX 8,BOEING,2012,"35,716 hrs","25,395 cycles",LEAP-1B,"8,175 hrs","5,134 cycles",Fresh C-Check,MSG-3,On Lease,Latin America,No,Yes,None,Excellent,178 seats,1 ADs,21,49.2,"3,382 kg/hr",28611000.0,24753000.0,27843000.0
787-9,boeing,2022,"9,489 hrs","4,187 cycles",GEnx-1B,"1,997 hrs","1,424 cycles",Fresh D-Check,Hourly Inspection,Owned,Latin America,Yes,No,None,Good,296 seats,1 ADs,50,50.9,"1,098 kg/hr",141872000.0,136714000.0,128802000.0
747-8F,boeing,2003,"57,400 hrs","25,297 cycles",GEnx-2B,"7,475 hrs","4,684 cycles",Fresh C-Check,OEM Managed,Off Lease,North America,Yes,Yes,None,Poor,Freighter (0 seats),0 ADs,51,83.2,"2,473 kg/hr",41822000.0,39249000.0,40644000.0
737-800,BOEING,2018,"26,437 hrs","14,554 cycles",CFM56-7B,"4,948 hrs","2,720 cycles",Fresh D-Check,Hourly Inspection,On Lease,Europe,No,No,None,Fair,189 seats,1 ADs,35,34.7,"2,866 kg/hr",36853000.0,28590000.0,30938000.0
737 MAX 8,BOEING,2011,"41,938 hrs","29,370 cycles",LEAP-1B,"3,497 hrs","2,591 cycles",Fresh C-Check,OEM Managed,On Lease,Europe,No,Yes,None,Good,178 seats,Not Reported,37,78.3,"2,407 kg/hr",24505000.0,24397000.0,23830000.0
737 MAX 8,BOEING,2006,"31,577 hrs","22,752 cycles",LEAP-1B,"8,399 hrs","5,164 cycles",Fresh D-Check,Hourly Inspection,Owned,North America,Yes,Yes,Minor,Excellent,178 seats,2 ADs,39,61.4,"2,669 kg/hr",24243000.0,19843000.0,19514000.0
737-800,boeing,2019,"12,931 hrs","6,157 cycles",CFM56-7B,"1,971 hrs","1,012 cycles",Fresh C-Check,MSG-3,Off Lease,Middle East,Yes,No,None,Fair,189 seats,1 ADs,2,44.4,"3,921 kg/hr",32858000.0,34954000.0,34226000.0
747-8F,boeing,2008,"47,209 hrs","28,584 cycles",GEnx-2B,977 hrs,697 cycles,D-Check Due,OEM Managed,On Lease,Europe,No,No,None,Good,Freighter (0 seats),1 ADs,37,63.7,"3,627 kg/hr",45040000.0,47057000.0,48644000.0
A330-300,airbus,2007,"45,828 hrs","25,014 cycles",PW4000,"3,928 hrs","2,923 cycles",Fresh C-Check,Hourly Inspection,Owned,North America,No,No,None,Excellent,277 seats,2 ADs,19,59.9,"3,033 kg/hr",36359000.0,31576000.0,32761000.0
787-9,BOEING,2001,"56,222 hrs","26,384 cycles",GEnx-1B,"2,630 hrs","1,899 cycles",Fresh D-Check,MSG-3,Owned,North America,Yes,Yes,Minor,Good,296 seats,2 ADs,14,32.8,"1,244 kg/hr",29338000.0,29998000.0,31423000.0
737-800,Boeing,2021,"12,014 hrs","5,996 cycles",CFM56-7B,"2,119 hrs","1,120 cycles",C-Check Due,Hourly Inspection,On Lease,North America,Yes,No,None,Good,189 seats,0 ADs,20,48.7,"3,253 kg/hr",39461000.0,39459000.0,38223000.0
737-800,BOEING,2016,"22,643 hrs","12,458 cycles",CFM56-7B,"8,545 hrs","4,647 cycles",Fresh C-Check,MSG-3,On Lease,Asia-Pacific,No,No,None,Excellent,189 seats,1 ADs,52,57.9,"3,548 kg/hr",23382000.0,30859000.0,28037000.0
A320neo,Airbus,2022,"6,200 hrs","2,918 cycles",PW1100G,"1,843 hrs",800 cycles,Fresh C-Check,MSG-3,On Lease,Asia-Pacific,Yes,Yes,None,Good,180 seats,0 ADs,48,72.5,"1,742 kg/hr",69136000.0,56730000.0,58062000.0
A320-200,Airbus,2010,"30,164 hrs","21,143 cycles",V2500,"4,968 hrs","2,102 cycles",Fresh C-Check,Hourly Inspection,Owned,Africa,No,No,None,Good,180 seats,0 ADs,9,36.6,"2,023 kg/hr",24432000.0,19250000.0,19121000.0
787-9,BOEING,2011,"36,011 hrs","18,999 cycles",GEnx-1B,351 hrs,243 cycles,Fresh D-Check,MSG-3,On Lease,Europe,No,No,None,Good,296 seats,Not Reported,15,52.9,"3,309 kg/hr",69132000.0,70493000.0,73044000.0
A350-900,airbus,2018,"22,128 hrs","11,157 cycles",Trent XWB,"4,952 hrs","2,672 cycles",Fresh C-Check,OEM Managed,Owned,Europe,No,No,Minor,Good,325 seats,1 ADs,55,36.4,"3,328 kg/hr",92826000.0,84473000.0,96442000.0
747-8F,boeing,1999,"70,728 hrs","31,760 cycles",GEnx-2B,"3,853 hrs","2,083 cycles",Fresh C-Check,Hourly Inspection,Owned,Europe,Yes,No,None,Poor,Freighter (0 seats),1 ADs,17,43.1,"2,624 kg/hr",24403000.0,27692000.0,25458000.0
777-300ER,boeing,2008,"63,326 hrs","34,057 cycles",GE90-115B,"1,185 hrs",771 cycles,Fresh C-Check,OEM Managed,Owned,Africa,No,No,None,Excellent,396 seats,0 ADs,29,69.4,"2,878 kg/hr",41301000.0,38278000.0,34449000.0
777-300ER,Boeing,2000,"79,680 hrs","52,168 cycles",GE90-115B,713 hrs,434 cycles,D-Check Due,Hourly Inspection,Owned,Latin America,Yes,No,None,Poor,396 seats,6 ADs,52,59.4,"3,052 kg/hr",19016000.0,17754000.0,18065000.0
A320-200,Airbus,2010,"51,419 hrs","25,967 cycles",CFM56-5B,"2,554 hrs","1,445 cycles",Fresh D-Check,Hourly Inspection,Off Lease,Latin America,Yes,Yes,None,Excellent,180 seats,1 ADs,4,68.1,"3,257 kg/hr",23083000.0,20475000.0,17974000.0
ATR 72-600,ATR,2022,"7,741 hrs","5,223 cycles",PW127M,"1,616 hrs",676 cycles,C-Check Due,MSG-3,Off Lease,Africa,No,No,None,Excellent,70 seats,0 ADs,23,66.7,"1,986 kg/hr",22978000.0,20544000.0,23116000.0
E175,Embraer,2006,"55,615 hrs","25,931 cycles",CF34-8E,"3,772 hrs","1,721 cycles",D-Check Due,MSG-3,Owned,Africa,Yes,Yes,Minor,Fair,76 seats,0 ADs,30,35.9,"2,065 kg/hr",7053000.0,6425000.0,6212000.0
E175,Embraer,2002,"60,739 hrs","26,388 cycles",CF34-8E,"3,621 hrs","2,615 cycles",D-Check Due,OEM Managed,Owned,Europe,Yes,No,Minor,Excellent,76 seats,2 ADs,40,61.6,"3,181 kg/hr",6651000.0,5596000.0,5314000.0
A330-300,AIRBUS,2006,"40,715 hrs","19,993 cycles",CF6-80E1,"3,009 hrs","2,024 cycles",Fresh C-Check,Hourly Inspection,Owned,Africa,Yes,No,Minor,Good,277 seats,1 ADs,50,55.9,"2,699 kg/hr",33366000.0,31565000.0,30187000.0
737 MAX 8,boeing,2005,"50,776 hrs","33,946 cycles",LEAP-1B,"8,724 hrs","3,905 cycles",C-Check Due,MSG-3,On Lease,Middle East,No,No,None,Good,178 seats,1 ADs,18,49.6,"2,044 kg/hr",15726000.0,13127000.0,13317000.0
ATR 72-600,ATR,2017,"21,687 hrs","13,475 cycles",PW127M,"3,030 hrs","1,541 cycles",C-Check Due,MSG-3,Off Lease,North America,Yes,No,None,Excellent,70 seats,1 ADs,7,77.4,"4,390 kg/hr",17851000.0,16864000.0,17288000.0
777-300ER,boeing,2014,"29,446 hrs","19,356 cycles",GE90-115B,826 hrs,472 cycles,Fresh D-Check,OEM Managed,Off Lease,Europe,Yes,Yes,None,Poor,396 seats,2 ADs,11,72.4,"1,711 kg/hr",70709000.0,72695000.0,64781000.0
737-800,Boeing,2009,"35,220 hrs","19,221 cycles",CFM56-7B,670 hrs,399 cycles,D-Check Due,OEM Managed,On Lease,Latin America,Yes,No,None,Excellent,189 seats,0 ADs,26,56.1,"3,561 kg/hr",18801000.0,16029000.0,17122000.0
777-300ER,BOEING,2007,"45,861 hrs","21,351 cycles",GE90-115B,"4,016 hrs","2,807 cycles",Fresh C-Check,MSG-3,On Lease,Europe,No,No,None,Good,396 seats,0 ADs,38,81.5,"2,888 kg/hr",61002000.0,47773000.0,50260000.0
A320-200,AIRBUS,2000,"76,775 hrs","35,891 cycles",CFM56-5B,"2,657 hrs","1,244 cycles",Fresh C-Check,OEM Managed,Owned,Middle East,Yes,Yes,None,Excellent,180 seats,Not Reported,5,73.4,"3,276 kg/hr",9929000.0,10376000.0,10572000.0
A350-900,Airbus,2012,"44,120 hrs","23,925 cycles",Trent XWB,"4,358 hrs","2,727 cycles",Fresh C-Check,MSG-3,Owned,North America,No,No,None,Good,325 seats,1 ADs,21,71.8,"1,835 kg/hr",71853000.0,64394000.0,66222000.0
737 MAX 8,BOEING,2017,"21,317 hrs","8,834 cycles",LEAP-1B,"7,753 hrs","3,707 cycles",C-Check Due,MSG-3,On Lease,Latin America,No,Yes,None,Good,178 seats,2 ADs,48,37.9,"2,533 kg/hr",38362000.0,31841000.0,31643000.0
787-9,boeing,2005,"46,204 hrs","25,297 cycles",Trent 1000,"3,545 hrs","1,501 cycles",C-Check Due,MSG-3,On Lease,Europe,Yes,Yes,None,Good,296 seats,1 ADs,54,58.1,"2,296 kg/hr",46611000.0,42018000.0,42499000.0
A320-200,airbus,2019,"16,093 hrs","7,959 cycles",CFM56-5B,892 hrs,448 cycles,Fresh D-Check,MSG-3,Owned,Africa,Yes,Yes,None,Good,180 seats,0 ADs,25,69.5,"1,333 kg/hr",43984000.0,41421000.0,41285000.0
A320-200,airbus,2010,"45,319 hrs","28,888 cycles",CFM56-5B,"2,537 hrs","1,724 cycles",Fresh C-Check,Hourly Inspection,Owned,Africa,No,No,Minor,Fair,180 seats,1 ADs,44,84.9,"3,638 kg/hr",18018000.0,18141000.0,17158000.0
A330-300,airbus,2020,"13,786 hrs","8,040 cycles",Trent 700,"1,946 hrs","1,202 cycles",D-Check Due,MSG-3,On Lease,Middle East,No,No,None,Poor,277 seats,0 ADs,54,37.3,"2,793 kg/hr",64437000.0,64366000.0,55368000.0
787-9,boeing,2019,"17,488 hrs","8,997 cycles",GEnx-1B,"8,132 hrs","4,000 cycles",C-Check Due,Hourly Inspection,Owned,Europe,Yes,Yes,Minor,Good,296 seats,0 ADs,46,54.4,"2,960 kg/hr",87395000.0,90561000.0,90532000.0
747-8F,boeing,2006,"47,733 hrs","21,017 cycles",GEnx-2B,"7,705 hrs","3,450 cycles",C-Check Due,MSG-3,On Lease,Europe,Yes,Yes,None,Good,Freighter (0 seats),2 ADs,10,55.5,900 kg/hr,46514000.0,46250000.0,44817000.0
ATR 72-600,atr,2000,"54,607 hrs","23,925 cycles",PW127M,"6,591 hrs","3,647 cycles",Fresh C-Check,Hourly Inspection,On Lease,Europe,Yes,No,None,Good,70 seats,2 ADs,9,60.2,"1,518 kg/hr",4578000.0,5297000.0,5350000.0
A320-200,Airbus,2016,"24,976 hrs","13,837 cycles",V2500,"3,884 hrs","2,205 cycles",D-Check Due,MSG-3,Owned,Middle East,No,No,None,Poor,180 seats,1 ADs,42,58.0,"3,805 kg/hr",19024000.0,21364000.0,22213000.0
737 MAX 8,boeing,2011,"36,785 hrs","22,181 cycles",LEAP-1B,661 hrs,334 cycles,Fresh C-Check,MSG-3,On Lease,Africa,No,Yes,None,Excellent,178 seats,2 ADs,58,52.9,"3,860 kg/hr",26604000.0,25630000.0,25102000.0
737 MAX 8,boeing,2013,"41,961 hrs","22,962 cycles",LEAP-1B,"5,793 hrs","2,573 cycles",C-Check Due,OEM Managed,On Lease,North America,No,Yes,None,Good,178 seats,3 ADs,56,12.7,"1,521 kg/hr",22488000.0,19419000.0,20146000.0
ATR 72-600,atr,2020,"11,105 hrs","6,116 cycles",PW127M,196 hrs,118 cycles,D-Check Due,Hourly Inspection,Owned,Middle East,Yes,Yes,None,Good,70 seats,0 ADs,28,37.6,"5,099 kg/hr",17075000.0,16239000.0,16562000.0
737-800,boeing,2000,"85,995 hrs","49,351 cycles",CFM56-7B,"6,125 hrs","2,886 cycles",C-Check Due,MSG-3,Owned,Africa,No,No,Minor,Excellent,189 seats,2 ADs,46,89.5,"2,808 kg/hr",8983000.0,9013000.0,8470000.0
737-800,BOEING,1999,"63,369 hrs","30,526 cycles",CFM56-7B,"8,315 hrs","4,439 cycles",Fresh C-Check,MSG-3,Off Lease,Latin America,Yes,No,Minor,Poor,189 seats,1 ADs,52,44.7,"1,883 kg/hr",8985000.0,7091000.0,6629000.0
CRJ900,Bombardier,2013,"35,711 hrs","14,608 cycles",CF34-8C5,"8,206 hrs","4,169 cycles",Fresh C-Check,MSG-3,Owned,North America,Yes,No,None,Good,76 seats,0 ADs,22,59.9,"3,491 kg/hr",14961000.0,13275000.0,13221000.0
CRJ900,bombardier,2020,"15,441 hrs","7,529 cycles",CF34-8C5,"5,330 hrs","3,037 cycles",C-Check Due,MSG-3,Owned,Africa,No,No,None,Good,76 seats,3 ADs,20,58.1,"2,920 kg/hr",17467000.0,19196000.0,19193000.0
777-300ER,boeing,1999,"73,383 hrs","49,601 cycles",GE90-115B,"7,614 hrs","4,218 cycles",C-Check Due,MSG-3,On Lease,Middle East,Yes,No,Minor,Good,396 seats,2 ADs,12,70.1,"3,028 kg/hr",29901000.0,20726000.0,22929000.0
787-9,boeing,2001,"55,065 hrs","22,144 cycles",Trent 1000,"3,547 hrs","1,870 cycles",Fresh C-Check,MSG-3,Off Lease,Middle East,No,No,None,Poor,296 seats,2 ADs,2,54.1,"3,891 kg/hr",31357000.0,29222000.0,27418000.0
E175,Embraer,2014,"32,522 hrs","16,878 cycles",CF34-8E,"4,535 hrs","2,353 cycles",D-Check Due,MSG-3,Off Lease,Europe,No,No,None,Good,76 seats,2 ADs,24,58.6,"2,464 kg/hr",14193000.0,13652000.0,12322000.0
777-300ER,BOEING,2001,"48,073 hrs","32,904 cycles",GE90-115B,"8,006 hrs","4,438 cycles",C-Check Due,Hourly Inspection,On Lease,Africa,Yes,Yes,None,Fair,396 seats,1 ADs,15,82.6,"4,719 kg/hr",28704000.0,31439000.0,32271000.0
A320neo,airbus,2012,"47,094 hrs","30,602 cycles",PW1100G,"5,137 hrs","2,389 cycles",Fresh C-Check,MSG-3,On Lease,Middle East,Yes,Yes,None,Good,180 seats,2 ADs,21,20.0,"3,529 kg/hr",27159000.0,21846000.0,22137000.0
787-9,Boeing,2019,"15,518 hrs","5,740 cycles",GEnx-1B,"3,361 hrs","1,918 cycles",Fresh C-Check,MSG-3,Owned,North America,Yes,Yes,Minor,Good,296 seats,1 ADs,25,55.8,900 kg/hr,109844000.0,109205000.0,105640000.0
E175,embraer,2013,"44,243 hrs","18,011 cycles",CF34-8E,"4,317 hrs","2,228 cycles",D-Check Due,Hourly Inspection,On Lease,Middle East,Yes,No,None,Excellent,76 seats,0 ADs,16,38.4,"3,883 kg/hr",10368000.0,11551000.0,11851000.0
737 MAX 8,BOEING,1999,"63,694 hrs","32,550 cycles",LEAP-1B,"5,160 hrs","3,673 cycles",Fresh C-Check,MSG-3,On Lease,Asia-Pacific,No,Yes,None,Poor,178 seats,1 ADs,26,77.2,"3,761 kg/hr",9539000.0,10241000.0,9376000.0
777-300ER,BOEING,2011,"40,158 hrs","18,818 cycles",GE90-115B,"2,949 hrs","1,317 cycles",C-Check Due,MSG-3,On Lease,Africa,Yes,No,None,Fair,396 seats,1 ADs,35,73.2,"1,938 kg/hr",57090000.0,50870000.0,52701000.0
CRJ900,Bombardier,2017,"20,840 hrs","9,886 cycles",CF34-8C5,"4,588 hrs","2,678 cycles",D-Check Due,Hourly Inspection,On Lease,North America,Yes,Yes,None,Good,76 seats,0 ADs,18,40.2,"3,125 kg/hr",15275000.0,14959000.0,15479000.0
737-800,BOEING,1998,"81,273 hrs","44,418 cycles",CFM56-7B,"8,372 hrs","4,277 cycles",Fresh C-Check,Hourly Inspection,Owned,Latin America,Yes,No,None,Good,189 seats,0 ADs,4,34.1,"2,124 kg/hr",6594000.0,7797000.0,8233000.0
A320-200,airbus,2009,"39,769 hrs","29,294 cycles",V2500,"3,220 hrs","1,702 cycles",C-Check Due,MSG-3,Owned,Middle East,No,Yes,None,Good,180 seats,1 ADs,10,57.3,"2,373 kg/hr",17609000.0,18318000.0,17348000.0
A320neo,airbus,2000,"57,109 hrs","25,803 cycles",PW1100G,"5,130 hrs","2,262 cycles",Fresh C-Check,OEM Managed,Owned,Europe,No,No,Minor,Good,180 seats,0 ADs,36,51.1,"2,666 kg/hr",12264000.0,11479000.0,10931000.0
ATR 72-600,atr,1999,"62,137 hrs","44,359 cycles",PW127M,894 hrs,670 cycles,Fresh C-Check,MSG-3,Owned,Middle East,Yes,No,None,Good,70 seats,1 ADs,17,39.5,"4,074 kg/hr",5387000.0,4632000.0,4327000.0
E175,embraer,2013,"35,457 hrs","20,554 cycles",CF34-8E,"8,051 hrs","3,704 cycles",Fresh C-Check,MSG-3,On Lease,North America,No,No,Minor,Poor,76 seats,0 ADs,56,37.9,"2,306 kg/hr",11999000.0,13053000.0,11999000.0
ATR 72-600,ATR,2003,"62,732 hrs","31,222 cycles",PW127M,"4,078 hrs","1,907 cycles",C-Check Due,MSG-3,Off Lease,Latin America,Yes,No,None,Fair,70 seats,3 ADs,41,54.7,"2,765 kg/hr",4910000.0,5048000.0,4823000.0
CRJ900,bombardier,2011,"46,516 hrs","22,392 cycles",CF34-8C5,"6,209 hrs","3,667 cycles",D-Check Due,Hourly Inspection,Owned,Europe,No,No,None,Fair,76 seats,0 ADs,5,59.5,"3,607 kg/hr",9596000.0,8143000.0,8634000.0
A350-900,AIRBUS,2022,"8,900 hrs","3,107 cycles",Trent XWB,"3,730 hrs","1,713 cycles",D-Check Due,MSG-3,On Lease,Latin America,Yes,Yes,Minor,Good,325 seats,1 ADs,11,30.5,"3,068 kg/hr",110421000.0,98702000.0,95855000.0
A330-300,Airbus,2018,"19,348 hrs","10,738 cycles",PW4000,"2,911 hrs","1,278 cycles",Fresh C-Check,Hourly Inspection,On Lease,Europe,Yes,No,None,Poor,277 seats,0 ADs,12,48.3,"3,305 kg/hr",75958000.0,62166000.0,68817000.0
ATR 72-600,atr,2013,"38,683 hrs","24,603 cycles",PW127M,"2,584 hrs","1,553 cycles",D-Check Due,Hourly Inspection,On Lease,Middle East,No,No,Major,Fair,70 seats,1 ADs,35,41.5,"2,410 kg/hr",8101000.0,6753000.0,6909000.0
A320-200,airbus,1998,"49,270 hrs","26,475 cycles",CFM56-5B,"7,109 hrs","3,078 cycles",Fresh C-Check,MSG-3,Owned,Latin America,No,Yes,None,Good,180 seats,3 ADs,46,55.8,"3,395 kg/hr",9801000.0,10387000.0,9895000.0
747-8F,Boeing,2014,"31,665 hrs","17,023 cycles",GEnx-2B,"2,437 hrs","1,019 cycles",Fresh C-Check,OEM Managed,On Lease,Asia-Pacific,No,Yes,None,Good,Freighter (0 seats),3 ADs,28,79.9,"2,497 kg/hr",103261000.0,95442000.0,88350000.0
A330-300,Airbus,2009,"37,980 hrs","17,784 cycles",CF6-80E1,"1,553 hrs",874 cycles,Fresh D-Check,MSG-3,Off Lease,Africa,No,No,None,Poor,277 seats,0 ADs,32,52.7,900 kg/hr,30894000.0,38723000.0,38680000.0
777-300ER,Boeing,2022,"8,972 hrs","5,531 cycles",GE90-115B,"8,264 hrs","3,847 cycles",C-Check Due,MSG-3,On Lease,Middle East,Yes,No,Minor,Excellent,396 seats,1 ADs,9,60.3,"2,447 kg/hr",126248000.0,100647000.0,106235000.0
CRJ900,bombardier,2008,"54,018 hrs","41,424 cycles",CF34-8C5,"6,162 hrs","2,957 cycles",Fresh C-Check,Hourly Inspection,On Lease,Europe,No,Yes,None,Good,76 seats,2 ADs,31,51.9,"2,727 kg/hr",7838000.0,8727000.0,9161000.0
A330-300,Airbus,1998,"82,775 hrs","36,099 cycles",Trent 700,"3,878 hrs","2,146 cycles",C-Check Due,MSG-3,Off Lease,Latin America,No,No,Minor,Fair,277 seats,0 ADs,5,30.3,"2,182 kg/hr",16929000.0,14169000.0,14083000.0
747-8F,boeing,2013,"37,520 hrs","19,597 cycles",GEnx-2B,"3,540 hrs","2,027 cycles",C-Check Due,MSG-3,On Lease,Asia-Pacific,Yes,Yes,None,Good,Freighter (0 seats),3 ADs,12,84.1,"3,202 kg/hr",84111000.0,82068000.0,71399000.0
787-9,Boeing,2022,"6,751 hrs","3,054 cycles",Trent 1000,"4,682 hrs","2,192 cycles",C-Check Due,MSG-3,On Lease,Latin America,No,No,None,Fair,296 seats,1 ADs,1,80.3,"2,400 kg/hr",158223000.0,125568000.0,141268000.0
A320neo,Airbus,2019,"10,986 hrs","5,591 cycles",PW1100G,658 hrs,318 cycles,Fresh D-Check,MSG-3,Owned,Middle East,Yes,No,None,Good,180 seats,0 ADs,51,45.4,"3,036 kg/hr",48609000.0,48366000.0,47867000.0
787-9,boeing,2002,"66,379 hrs","39,688 cycles",Trent 1000,"8,663 hrs","5,622 cycles",D-Check Due,MSG-3,Owned,Latin America,Yes,No,None,Good,296 seats,2 ADs,35,60.8,"2,510 kg/hr",32826000.0,23833000.0,24093000.0
A330-300,AIRBUS,2008,"49,046 hrs","24,087 cycles",CF6-80E1,"8,469 hrs","3,625 cycles",C-Check Due,MSG-3,Owned,Middle East,Yes,No,None,Good,277 seats,1 ADs,42,77.6,"3,879 kg/hr",34551000.0,33403000.0,30379000.0
787-9,boeing,2005,"64,025 hrs","29,608 cycles",GEnx-1B,"7,532 hrs","4,699 cycles",D-Check Due,OEM Managed,On Lease,Africa,No,Yes,None,Fair,296 seats,1 ADs,3,64.3,"3,201 kg/hr",27726000.0,30218000.0,30841000.0
747-8F,Boeing,1998,"83,280 hrs","46,253 cycles",GEnx-2B,"6,127 hrs","3,151 cycles",C-Check Due,MSG-3,On Lease,Middle East,No,No,None,Excellent,Freighter (0 seats),0 ADs,31,41.4,"3,825 kg/hr",25431000.0,26465000.0,27255000.0
A320-200,airbus,2011,"31,035 hrs","16,058 cycles",V2500,"7,412 hrs","5,399 cycles",D-Check Due,OEM Managed,Off Lease,Asia-Pacific,Yes,Yes,None,Fair,180 seats,2 ADs,48,54.6,"2,420 kg/hr",15397000.0,17631000.0,16677000.0
737-800,BOEING,2001,"57,340 hrs","31,896 cycles",CFM56-7B,"3,062 hrs","2,308 cycles",D-Check Due,Hourly Inspection,On Lease,Europe,Yes,Yes,None,Fair,189 seats,1 ADs,5,60.6,"2,413 kg/hr",10476000.0,9046000.0,8621000.0
A330-300,airbus,2001,"66,553 hrs","29,714 cycles",PW4000,"5,619 hrs","2,518 cycles",C-Check Due,Hourly Inspection,Owned,Europe,Yes,No,Minor,Good,277 seats,0 ADs,5,40.9,"2,184 kg/hr",21115000.0,17788000.0,17652000.0
787-9,BOEING,2016,"31,235 hrs","19,434 cycles",Trent 1000,"8,694 hrs","3,961 cycles",Fresh D-Check,OEM Managed,On Lease,Middle East,No,Yes,None,Good,296 seats,1 ADs,53,79.9,"3,042 kg/hr",105479000.0,92318000.0,92266000.0
CRJ900,bombardier,2000,"56,019 hrs","37,594 cycles",CF34-8C5,449 hrs,263 cycles,Fresh D-Check,OEM Managed,On Lease,Latin America,Yes,No,None,Good,76 seats,2 ADs,59,64.0,"3,598 kg/hr",6470000.0,6416000.0,7419000.0
A320neo,airbus,2007,"64,167 hrs","26,715 cycles",LEAP-1A,"6,092 hrs","4,605 cycles",Fresh C-Check,MSG-3,On Lease,Asia-Pacific,Yes,No,None,Excellent,180 seats,0 ADs,41,34.4,"1,967 kg/hr",14006000.0,14478000.0,15009000.0
E175,Embraer,1999,"67,781 hrs","33,103 cycles",CF34-8E,"5,814 hrs","3,144 cycles",C-Check Due,MSG-3,On Lease,Middle East,Yes,No,None,Good,76 seats,0 ADs,7,68.8,"3,054 kg/hr",6412000.0,6198000.0,5666000.0
E175,Embraer,2006,"42,676 hrs","19,178 cycles",CF34-8E,"8,131 hrs","4,362 cycles",Fresh C-Check,OEM Managed,On Lease,Latin America,No,No,None,Excellent,76 seats,2 ADs,35,70.7,"3,115 kg/hr",11727000.0,10673000.0,10614000.0
A330-300,AIRBUS,2005,"44,741 hrs","17,968 cycles",CF6-80E1,"8,969 hrs","5,238 cycles",C-Check Due,MSG-3,Owned,North America,No,No,None,Excellent,277 seats,1 ADs,49,48.9,"3,321 kg/hr",24235000.0,27914000.0,29297000.0
ATR 72-600,atr,1999,"70,775 hrs","34,436 cycles",PW127M,"5,712 hrs","2,949 cycles",C-Check Due,Hourly Inspection,On Lease,Middle East,Yes,No,None,Fair,70 seats,3 ADs,15,58.3,"2,823 kg/hr",3693000.0,4270000.0,4057000.0
CRJ900,Bombardier,2006,"43,481 hrs","20,838 cycles",CF34-8C5,"8,846 hrs","4,237 cycles",C-Check Due,Hourly Inspection,On Lease,Europe,No,Yes,None,Good,76 seats,1 ADs,57,88.2,"2,179 kg/hr",10040000.0,9125000.0,9153000.0
787-9,Boeing,2015,"27,729 hrs","19,531 cycles",Trent 1000,"4,540 hrs","2,252 cycles",Fresh C-Check,OEM Managed,Owned,North America,Yes,No,None,Good,296 seats,1 ADs,19,44.5,"2,311 kg/hr",85355000.0,78792000.0,82039000.0
ATR 72-600,ATR,2006,"31,930 hrs","21,464 cycles",PW127M,"4,696 hrs","2,164 cycles",C-Check Due,MSG-3,On Lease,Africa,No,No,Major,Good,70 seats,1 ADs,3,95.9,"2,721 kg/hr",7287000.0,7655000.0,7204000.0
E175,Embraer,2009,"33,188 hrs","18,126 cycles",CF34-8E,"5,242 hrs","3,113 cycles",C-Check Due,OEM Managed,Owned,Europe,Yes,No,Major,Good,76 seats,1 ADs,59,67.4,"1,650 kg/hr",11006000.0,9963000.0,9841000.0
ATR 72-600,ATR,2019,"13,912 hrs","11,026 cycles",PW127M,"5,631 hrs","2,669 cycles",D-Check Due,MSG-3,On Lease,Latin America,Yes,No,None,Excellent,70 seats,1 ADs,11,74.8,"4,081 kg/hr",22399000.0,17417000.0,18184000.0
CRJ900,Bombardier,2022,"12,061 hrs","4,308 cycles",CF34-8C5,"3,550 hrs","2,549 cycles",Fresh D-Check,OEM Managed,On Lease,Middle East,Yes,No,None,Good,76 seats,2 ADs,13,65.5,"3,422 kg/hr",26753000.0,27855000.0,29165000.0
A330-300,AIRBUS,2016,"14,017 hrs","8,358 cycles",PW4000,"8,960 hrs","6,563 cycles",Fresh D-Check,OEM Managed,Owned,Asia-Pacific,Yes,Yes,None,Fair,277 seats,2 ADs,32,37.1,"1,205 kg/hr",83364000.0,64408000.0,66453000.0
A320neo,Airbus,2021,"10,428 hrs","6,668 cycles",PW1100G,131 hrs,64 cycles,Fresh C-Check,OEM Managed,Owned,North America,No,Yes,None,Good,180 seats,1 ADs,56,59.5,900 kg/hr,51387000.0,52093000.0,50660000.0
A330-300,Airbus,2002,"81,990 hrs","53,390 cycles",Trent 700,"1,596 hrs","1,118 cycles",Fresh C-Check,Hourly Inspection,Off Lease,Africa,Yes,No,None,Excellent,277 seats,0 ADs,32,7.0,"2,970 kg/hr",20719000.0,19537000.0,19140000.0
ATR 72-600,ATR,1999,"96,715 hrs","47,127 cycles",PW127M,"2,291 hrs","1,115 cycles",C-Check Due,MSG-3,Owned,Asia-Pacific,Yes,No,None,Poor,70 seats,3 ADs,6,32.0,"4,067 kg/hr",3830000.0,3639000.0,3885000.0
A350-900,airbus,1999,"74,534 hrs","35,360 cycles",Trent XWB,"8,773 hrs","4,219 cycles",Fresh C-Check,Hourly Inspection,On Lease,Africa,Yes,No,None,Good,325 seats,0 ADs,15,77.5,"3,094 kg/hr",31459000.0,29557000.0,30868000.0
A350-900,Airbus,2016,"24,347 hrs","14,302 cycles",Trent XWB,"2,810 hrs","1,372 cycles",C-Check Due,MSG-3,Owned,Middle East,No,Yes,None,Good,325 seats,Not Reported,40,43.1,"1,648 kg/hr",114348000.0,81385000.0,82167000.0
A350-900,AIRBUS,2002,"55,081 hrs","28,374 cycles",Trent XWB,"7,508 hrs","5,569 cycles",Fresh D-Check,OEM Managed,Off Lease,North America,No,No,None,Excellent,325 seats,0 ADs,40,70.9,"3,589 kg/hr",40106000.0,36140000.0,38539000.0
E175,Embraer,2019,"16,533 hrs","11,980 cycles",CF34-8E,"2,685 hrs","1,405 cycles",Fresh D-Check,MSG-3,Owned,Latin America,Yes,No,None,Good,76 seats,1 ADs,1,76.7,"4,308 kg/hr",27705000.0,26526000.0,26354000.0
A320-200,AIRBUS,2005,"64,399 hrs","36,021 cycles",CFM56-5B,"6,226 hrs","4,292 cycles",Fresh C-Check,Hourly Inspection,Owned,Asia-Pacific,Yes,No,None,Excellent,180 seats,4 ADs,53,24.7,"1,738 kg/hr",11525000.0,10532000.0,10896000.0
A320neo,AIRBUS,2012,"27,957 hrs","18,242 cycles",LEAP-1A,"7,554 hrs","3,474 cycles",Fresh D-Check,MSG-3,Owned,North America,Yes,No,None,Fair,180 seats,1 ADs,51,58.5,"2,616 kg/hr",30170000.0,28337000.0,29386000.0
CRJ900,bombardier,2012,"48,033 hrs","23,211 cycles",CF34-8C5,"8,914 hrs","6,176 cycles",D-Check Due,Hourly Inspection,Owned,North America,Yes,No,None,Excellent,76 seats,1 ADs,14,81.2,"1,787 kg/hr",9023000.0,10404000.0,9929000.0
ATR 72-600,atr,2012,"39,120 hrs","26,456 cycles",PW127M,"6,101 hrs","3,917 cycles",Fresh C-Check,MSG-3,Owned,Latin America,Yes,No,None,Excellent,70 seats,2 ADs,0,49.0,"2,504 kg/hr",13289000.0,10028000.0,10845000.0
CRJ900,bombardier,2012,"30,943 hrs","22,905 cycles",CF34-8C5,"4,756 hrs","3,077 cycles",Fresh C-Check,MSG-3,On Lease,Middle East,Yes,Yes,Minor,Excellent,76 seats,0 ADs,29,47.5,"2,873 kg/hr",13420000.0,13332000.0,12594000.0
E175,Embraer,2012,"36,722 hrs","21,282 cycles",CF34-8E,"6,747 hrs","4,747 cycles",C-Check Due,MSG-3,On Lease,Asia-Pacific,No,Yes,None,Fair,76 seats,1 ADs,22,43.8,"2,269 kg/hr",11177000.0,12387000.0,11405000.0
E175,embraer,2007,"48,554 hrs","24,164 cycles",CF34-8E,"3,192 hrs","1,782 cycles",D-Check Due,OEM Managed,Off Lease,Asia-Pacific,Yes,No,None,Good,76 seats,1 ADs,45,13.4,"2,023 kg/hr",7157000.0,7540000.0,6644000.0
747-8F,Boeing,2019,"21,205 hrs","17,539 cycles",GEnx-2B,"6,254 hrs","3,899 cycles",C-Check Due,MSG-3,Owned,Latin America,No,Yes,None,Excellent,Freighter (0 seats),0 ADs,26,28.0,"2,040 kg/hr",99008000.0,100822000.0,95228000.0
747-8F,Boeing,2005,"67,682 hrs","44,121 cycles",GEnx-2B,"8,241 hrs","3,531 cycles",Fresh C-Check,OEM Managed,Owned,Asia-Pacific,Yes,Yes,None,Good,Freighter (0 seats),1 ADs,44,73.6,"2,676 kg/hr",44070000.0,41983000.0,40677000.0
A330-300,airbus,2021,"7,346 hrs","5,634 cycles",CF6-80E1,"1,713 hrs",806 cycles,D-Check Due,Hourly Inspection,On Lease,Asia-Pacific,No,No,None,Fair,277 seats,0 ADs,32,24.7,"3,136 kg/hr",76097000.0,70338000.0,70587000.0
A320-200,Airbus,2022,"9,028 hrs","5,488 cycles",V2500,194 hrs,149 cycles,Fresh C-Check,MSG-3,On Lease,Europe,Yes,No,Minor,Good,180 seats,0 ADs,12,48.5,"2,772 kg/hr",41163000.0,44877000.0,43829000.0
A320neo,airbus,2003,"65,448 hrs","44,472 cycles",PW1100G,"2,654 hrs","1,509 cycles",C-Check Due,Hourly Inspection,Off Lease,North America,Yes,Yes,None,Good,180 seats,0 ADs,32,23.8,900 kg/hr,11086000.0,11723000.0,10586000.0
E175,Embraer,1998,"89,298 hrs","40,752 cycles",CF34-8E,"7,580 hrs","3,525 cycles",Fresh D-Check,MSG-3,On Lease,Europe,Yes,No,None,Poor,76 seats,0 ADs,49,49.7,"2,180 kg/hr",5883000.0,5330000.0,5103000.0
E175,embraer,2010,"36,095 hrs","17,655 cycles",CF34-8E,"5,312 hrs","2,805 cycles",Fresh C-Check,MSG-3,On Lease,Africa,Yes,No,None,Fair,76 seats,2 ADs,29,44.0,"1,540 kg/hr",14120000.0,12700000.0,12289000.0
A350-900,Airbus,2017,"24,390 hrs","14,359 cycles",Trent XWB,"4,027 hrs","2,200 cycles",D-Check Due,MSG-3,Owned,Europe,Yes,Yes,None,Poor,325 seats,0 ADs,31,54.3,"2,755 kg/hr",77385000.0,77319000.0,69187000.0
A350-900,Airbus,1999,"93,816 hrs","50,712 cycles",Trent XWB,"3,176 hrs","1,325 cycles",C-Check Due,MSG-3,Owned,Middle East,Yes,No,None,Excellent,325 seats,2 ADs,54,59.9,"2,664 kg/hr",31807000.0,27382000.0,24619000.0
737-800,BOEING,2022,"9,921 hrs","6,160 cycles",CFM56-7B,"7,197 hrs","3,602 cycles",C-Check Due,OEM Managed,On Lease,Middle East,No,No,Minor,Good,189 seats,0 ADs,19,34.0,"2,813 kg/hr",33295000.0,35373000.0,34479000.0
737-800,boeing,2005,"45,330 hrs","24,699 cycles",CFM56-7B,"2,745 hrs","1,729 cycles",Fresh C-Check,MSG-3,Off Lease,Middle East,Yes,No,None,Good,189 seats,1 ADs,15,48.5,"2,969 kg/hr",16760000.0,13850000.0,12727000.0
A320-200,airbus,2016,"22,802 hrs","11,552 cycles",V2500,"8,269 hrs","4,589 cycles",Fresh C-Check,MSG-3,On Lease,Latin America,Yes,Yes,None,Excellent,180 seats,1 ADs,26,83.5,"3,978 kg/hr",26629000.0,36920000.0,37052000.0
E175,Embraer,2001,"52,467 hrs","39,780 cycles",CF34-8E,"4,259 hrs","2,402 cycles",C-Check Due,MSG-3,Off Lease,Europe,Yes,Yes,Minor,Fair,76 seats,1 ADs,42,62.5,"2,424 kg/hr",7698000.0,6178000.0,6282000.0
747-8F,BOEING,1999,"62,198 hrs","32,607 cycles",GEnx-2B,173 hrs,113 cycles,C-Check Due,OEM Managed,Owned,Middle East,No,Yes,None,Good,Freighter (0 seats),Not Reported,44,57.7,"1,775 kg/hr",30806000.0,28406000.0,27633000.0
A330-300,airbus,2020,"14,027 hrs","6,924 cycles",Trent 700,"7,670 hrs","3,750 cycles",Fresh C-Check,MSG-3,Off Lease,Africa,Yes,No,None,Fair,277 seats,Not Reported,12,55.1,"2,442 kg/hr",79095000.0,75484000.0,83111000.0
747-8F,Boeing,2017,"19,407 hrs","8,752 cycles",GEnx-2B,"8,345 hrs","3,800 cycles",C-Check Due,OEM Managed,Owned,Asia-Pacific,Yes,No,None,Excellent,Freighter (0 seats),2 ADs,41,55.8,"2,087 kg/hr",114561000.0,102383000.0,101308000.0
CRJ900,bombardier,2015,"26,939 hrs","20,489 cycles",CF34-8C5,"5,473 hrs","2,573 cycles",D-Check Due,Hourly Inspection,On Lease,North America,No,No,None,Excellent,76 seats,2 ADs,7,36.0,"2,625 kg/hr",11824000.0,12659000.0,12194000.0
747-8F,BOEING,2002,"67,724 hrs","43,231 cycles",GEnx-2B,"7,470 hrs","3,903 cycles",Fresh C-Check,MSG-3,Off Lease,Asia-Pacific,Yes,No,None,Poor,Freighter (0 seats),1 ADs,41,66.7,"2,643 kg/hr",32201000.0,31652000.0,31755000.0
777-300ER,Boeing,2012,"40,156 hrs","22,961 cycles",GE90-115B,"5,120 hrs","2,472 cycles",C-Check Due,MSG-3,On Lease,Europe,No,No,None,Excellent,396 seats,Not Reported,21,59.3,"2,651 kg/hr",46816000.0,58219000.0,54769000.0
737 MAX 8,BOEING,2017,"23,793 hrs","14,969 cycles",LEAP-1B,"1,067 hrs",536 cycles,Fresh C-Check,MSG-3,On Lease,Latin America,Yes,No,Minor,Good,178 seats,0 ADs,37,70.7,"4,341 kg/hr",38344000.0,36952000.0,36285000.0
787-9,BOEING,2012,"38,168 hrs","24,666 cycles",GEnx-1B,"7,719 hrs","3,580 cycles",Fresh C-Check,MSG-3,On Lease,Africa,Yes,Yes,Major,Excellent,296 seats,3 ADs,48,76.0,"1,975 kg/hr",59092000.0,52272000.0,54659000.0
787-9,boeing,2011,"44,871 hrs","25,529 cycles",GEnx-1B,"1,694 hrs",984 cycles,C-Check Due,MSG-3,Off Lease,Middle East,No,Yes,Minor,Good,296 seats,2 ADs,23,63.4,"4,547 kg/hr",52889000.0,49908000.0,50557000.0
CRJ900,bombardier,2010,"33,156 hrs","20,800 cycles",CF34-8C5,"7,413 hrs","3,308 cycles",Fresh C-Check,MSG-3,On Lease,Middle East,No,No,None,Fair,76 seats,0 ADs,50,85.2,"3,009 kg/hr",10828000.0,12337000.0,11326000.0
737 MAX 8,BOEING,2008,"52,857 hrs","30,902 cycles",LEAP-1B,"3,583 hrs","1,906 cycles",C-Check Due,MSG-3,Owned,Africa,Yes,No,None,Excellent,178 seats,1 ADs,31,75.9,"3,268 kg/hr",17786000.0,18212000.0,18304000.0
ATR 72-600,atr,2009,"36,494 hrs","25,529 cycles",PW127M,841 hrs,420 cycles,Fresh C-Check,OEM Managed,Owned,Latin America,Yes,Yes,None,Good,70 seats,1 ADs,8,37.7,"3,249 kg/hr",10659000.0,9617000.0,9813000.0
A350-900,Airbus,2018,"23,385 hrs","12,065 cycles",Trent XWB,"7,351 hrs","5,398 cycles",Fresh C-Check,MSG-3,Owned,Europe,Yes,Yes,Minor,Fair,325 seats,2 ADs,26,39.6,"2,658 kg/hr",95249000.0,80838000.0,88394000.0
E175,Embraer,2021,"5,457 hrs","5,504 cycles",CF34-8E,"5,457 hrs","3,877 cycles",C-Check Due,OEM Managed,On Lease,North America,No,Yes,Minor,Good,76 seats,1 ADs,54,59.1,"2,949 kg/hr",27717000.0,26208000.0,26481000.0
CRJ900,Bombardier,2007,"37,765 hrs","23,265 cycles",CF34-8C5,"8,982 hrs","6,270 cycles",C-Check Due,Hourly Inspection,On Lease,North America,No,No,None,Excellent,76 seats,2 ADs,44,54.0,"2,848 kg/hr",9267000.0,8354000.0,9515000.0
ATR 72-600,ATR,2004,"51,898 hrs","24,658 cycles",PW127M,"6,094 hrs","3,749 cycles",Fresh C-Check,OEM Managed,Off Lease,Asia-Pacific,Yes,No,Minor,Fair,70 seats,1 ADs,28,45.2,"2,983 kg/hr",6472000.0,5542000.0,5555000.0
A320neo,AIRBUS,2022,"8,836 hrs","5,922 cycles",LEAP-1A,"7,909 hrs","4,464 cycles",D-Check Due,OEM Managed,Owned,Asia-Pacific,No,No,None,Excellent,180 seats,2 ADs,26,44.2,"1,566 kg/hr",39324000.0,39943000.0,40400000.0
A320-200,airbus,2017,"20,200 hrs","9,650 cycles",CFM56-5B,"8,891 hrs","4,534 cycles",D-Check Due,OEM Managed,On Lease,Latin America,No,Yes,None,Good,180 seats,1 ADs,1,71.7,"2,336 kg/hr",30300000.0,29140000.0,28150000.0
737-800,BOEING,2019,"19,502 hrs","8,705 cycles",CFM56-7B,"4,102 hrs","1,774 cycles",D-Check Due,Hourly Inspection,Owned,Latin America,Yes,No,None,Fair,189 seats,2 ADs,41,83.1,"2,688 kg/hr",31271000.0,29012000.0,30521000.0
A320-200,Airbus,2012,"34,747 hrs","18,120 cycles",V2500,"7,520 hrs","3,155 cycles",D-Check Due,MSG-3,On Lease,Africa,Yes,Yes,None,Excellent,180 seats,2 ADs,54,77.6,"2,779 kg/hr",21845000.0,20110000.0,19262000.0
A320-200,AIRBUS,2003,"62,126 hrs","29,572 cycles",V2500,"1,276 hrs",548 cycles,D-Check Due,OEM Managed,Owned,Asia-Pacific,Yes,Yes,None,Good,180 seats,2 ADs,50,51.9,"4,473 kg/hr",10772000.0,9811000.0,9382000.0
ATR 72-600,atr,2017,"29,346 hrs","13,709 cycles",PW127M,"6,925 hrs","4,171 cycles",Fresh C-Check,MSG-3,Off Lease,Middle East,Yes,Yes,None,Good,70 seats,3 ADs,46,46.1,"4,185 kg/hr",12635000.0,14151000.0,14194000.0
CRJ900,Bombardier,2008,"61,367 hrs","27,128 cycles",CF34-8C5,"7,693 hrs","3,386 cycles",C-Check Due,MSG-3,On Lease,Middle East,No,Yes,None,Good,76 seats,1 ADs,36,30.5,"3,084 kg/hr",6203000.0,7015000.0,7125000.0
ATR 72-600,atr,1999,"70,981 hrs","35,211 cycles",PW127M,"2,041 hrs",983 cycles,D-Check Due,MSG-3,Off Lease,Middle East,No,No,None,Good,70 seats,2 ADs,35,66.7,"3,338 kg/hr",4443000.0,3799000.0,3793000.0
737 MAX 8,BOEING,2006,"52,349 hrs","35,051 cycles",LEAP-1B,"4,146 hrs","2,894 cycles",C-Check Due,OEM Managed,Owned,Middle East,Yes,No,Minor,Good,178 seats,1 ADs,40,58.5,"1,693 kg/hr",11702000.0,14904000.0,14670000.0
A320-200,airbus,2009,"48,913 hrs","34,171 cycles",V2500,"5,777 hrs","2,886 cycles",C-Check Due,MSG-3,On Lease,Europe,Yes,No,Minor,Poor,180 seats,0 ADs,15,55.1,"2,869 kg/hr",14164000.0,14764000.0,14803000.0
777-300ER,BOEING,1999,"116,440 hrs","68,829 cycles",GE90-115B,"4,472 hrs","2,652 cycles",Fresh C-Check,OEM Managed,Owned,Africa,Yes,No,Major,Good,396 seats,1 ADs,7,51.5,"1,453 kg/hr",18040000.0,18069000.0,18481000.0
A350-900,AIRBUS,2006,"63,510 hrs","40,029 cycles",Trent XWB,"5,602 hrs","2,382 cycles",D-Check Due,MSG-3,Owned,North America,No,Yes,None,Good,325 seats,2 ADs,56,39.5,"2,504 kg/hr",27229000.0,29320000.0,28043000.0
787-9,Boeing,2006,"48,258 hrs","33,845 cycles",Trent 1000,"7,747 hrs","5,022 cycles",D-Check Due,OEM Managed,On Lease,Asia-Pacific,Yes,Yes,None,Good,296 seats,1 ADs,18,28.9,"3,363 kg/hr",36685000.0,36548000.0,29633000.0
737-800,boeing,2021,"8,786 hrs","7,872 cycles",CFM56-7B,"3,618 hrs","2,211 cycles",D-Check Due,Hourly Inspection,On Lease,North America,Yes,No,Minor,Excellent,189 seats,3 ADs,3,41.4,"1,966 kg/hr",30475000.0,31818000.0,29638000.0
CRJ900,bombardier,2006,"63,733 hrs","30,346 cycles",CF34-8C5,"2,503 hrs","1,709 cycles",Fresh D-Check,MSG-3,On Lease,Middle East,No,Yes,None,Excellent,76 seats,1 ADs,12,91.1,"2,635 kg/hr",7881000.0,9183000.0,9267000.0
787-9,BOEING,2014,"33,324 hrs","20,883 cycles",Trent 1000,"6,197 hrs","3,364 cycles",Fresh C-Check,Hourly Inspection,Owned,Asia-Pacific,Yes,Yes,Minor,Fair,296 seats,1 ADs,46,45.9,"4,718 kg/hr",77795000.0,64787000.0,69476000.0
A320-200,airbus,2019,"19,365 hrs","9,061 cycles",CFM56-5B,"4,097 hrs","2,051 cycles",Fresh C-Check,MSG-3,On Lease,North America,Yes,No,None,Poor,180 seats,1 ADs,46,57.6,"1,554 kg/hr",40089000.0,33086000.0,32474000.0
787-9,BOEING,2015,"19,778 hrs","12,032 cycles",GEnx-1B,"2,768 hrs","1,237 cycles",Fresh C-Check,Hourly Inspection,Owned,Europe,Yes,Yes,None,Excellent,296 seats,Not Reported,7,71.1,"2,114 kg/hr",85890000.0,88816000.0,96460000.0
737-800,boeing,2013,"40,842 hrs","19,484 cycles",CFM56-7B,"8,070 hrs","5,294 cycles",D-Check Due,MSG-3,Off Lease,Asia-Pacific,No,Yes,None,Fair,189 seats,1 ADs,27,62.4,"2,597 kg/hr",16737000.0,17894000.0,16980000.0
777-300ER,BOEING,1998,"64,239 hrs","40,751 cycles",GE90-115B,"4,981 hrs","2,894 cycles",C-Check Due,Hourly Inspection,Owned,North America,Yes,Yes,None,Poor,396 seats,0 ADs,8,48.8,"2,828 kg/hr",24476000.0,19091000.0,19577000.0
787-9,boeing,2002,"91,930 hrs","62,202 cycles",GEnx-1B,"1,787 hrs","1,101 cycles",D-Check Due,Hourly Inspection,Owned,North America,No,No,None,Fair,296 seats,1 ADs,27,48.3,"3,080 kg/hr",21942000.0,24608000.0,23295000.0
A320-200,AIRBUS,2010,"54,398 hrs","38,169 cycles",CFM56-5B,"6,801 hrs","3,922 cycles",C-Check Due,OEM Managed,Owned,Europe,Yes,No,None,Excellent,180 seats,3 ADs,52,73.0,"3,534 kg/hr",17159000.0,16128000.0,17634000.0
ATR 72-600,ATR,2007,"45,842 hrs","21,568 cycles",PW127M,"4,971 hrs","2,088 cycles",C-Check Due,MSG-3,Owned,Latin America,Yes,No,None,Good,70 seats,1 ADs,51,58.5,"3,732 kg/hr",7657000.0,7620000.0,7633000.0
777-300ER,boeing,2003,"58,727 hrs","25,058 cycles",GE90-115B,"6,217 hrs","4,344 cycles",Fresh C-Check,MSG-3,Owned,Asia-Pacific,Yes,No,None,Good,396 seats,1 ADs,25,69.1,"2,896 kg/hr",36201000.0,28612000.0,32908000.0
737 MAX 8,boeing,2006,"60,021 hrs","37,748 cycles",LEAP-1B,"2,603 hrs","1,438 cycles",D-Check Due,MSG-3,On Lease,Middle East,No,No,None,Good,178 seats,3 ADs,19,47.2,"1,100 kg/hr",13520000.0,11879000.0,13000000.0
777-300ER,BOEING,2005,"55,224 hrs","26,436 cycles",GE90-115B,"4,276 hrs","1,838 cycles",Fresh C-Check,MSG-3,Off Lease,Europe,No,No,None,Excellent,396 seats,0 ADs,35,43.0,"2,518 kg/hr",33066000.0,32718000.0,37284000.0
777-300ER,boeing,2016,"21,679 hrs","8,984 cycles",GE90-115B,"2,751 hrs","1,502 cycles",C-Check Due,MSG-3,On Lease,Africa,Yes,No,None,Good,396 seats,0 ADs,13,40.6,"2,995 kg/hr",70423000.0,72667000.0,67966000.0
E175,Embraer,2011,"42,174 hrs","27,868 cycles",CF34-8E,"5,277 hrs","2,415 cycles",C-Check Due,OEM Managed,Off Lease,Europe,Yes,No,None,Poor,76 seats,2 ADs,14,47.9,"4,231 kg/hr",11981000.0,10309000.0,11221000.0
737-800,BOEING,2012,"30,167 hrs","14,767 cycles",CFM56-7B,"4,890 hrs","2,916 cycles",Fresh C-Check,OEM Managed,On Lease,Middle East,Yes,No,None,Good,189 seats,1 ADs,39,98.9,"2,685 kg/hr",28247000.0,24952000.0,26831000.0
787-9,BOEING,2021,"11,308 hrs","9,070 cycles",GEnx-1B,"7,568 hrs","5,266 cycles",Fresh C-Check,MSG-3,On Lease,Europe,Yes,Yes,None,Excellent,296 seats,1 ADs,7,42.9,"2,065 kg/hr",162616000.0,118482000.0,127402000.0
777-300ER,boeing,2002,"49,971 hrs","23,996 cycles",GE90-115B,"3,095 hrs","1,667 cycles",D-Check Due,MSG-3,Owned,Asia-Pacific,Yes,No,None,Good,396 seats,1 ADs,48,54.8,"4,184 kg/hr",33808000.0,26104000.0,25730000.0
A320neo,airbus,2004,"45,775 hrs","28,126 cycles",LEAP-1A,"7,090 hrs","4,012 cycles",C-Check Due,Hourly Inspection,Owned,Latin America,Yes,No,None,Excellent,180 seats,0 ADs,57,60.4,"3,964 kg/hr",18027000.0,16247000.0,15323000.0
A320-200,airbus,2001,"73,470 hrs","44,759 cycles",V2500,"3,789 hrs","1,864 cycles",Fresh D-Check,MSG-3,On Lease,Europe,Yes,Yes,Minor,Good,180 seats,0 ADs,35,49.7,"2,070 kg/hr",13754000.0,9552000.0,10813000.0
A350-900,Airbus,2017,"25,986 hrs","10,503 cycles",Trent XWB,"8,524 hrs","6,318 cycles",Fresh D-Check,Hourly Inspection,On Lease,Latin America,Yes,Yes,None,Good,325 seats,2 ADs,41,52.4,"2,856 kg/hr",88201000.0,98811000.0,94736000.0
E175,Embraer,2016,"24,898 hrs","16,332 cycles",CF34-8E,"1,177 hrs",582 cycles,Fresh D-Check,MSG-3,On Lease,Africa,Yes,Yes,None,Good,76 seats,2 ADs,40,43.1,"2,667 kg/hr",23691000.0,21469000.0,21660000.0
777-300ER,boeing,2002,"81,789 hrs","50,911 cycles",GE90-115B,"8,035 hrs","5,587 cycles",C-Check Due,Hourly Inspection,On Lease,Middle East,Yes,No,None,Good,396 seats,1 ADs,59,78.0,"3,107 kg/hr",25036000.0,26756000.0,27865000.0
A330-300,Airbus,1999,"84,948 hrs","46,768 cycles",CF6-80E1,"4,150 hrs","3,101 cycles",Fresh D-Check,MSG-3,Owned,Asia-Pacific,No,No,Minor,Fair,277 seats,0 ADs,29,46.6,"2,956 kg/hr",20971000.0,18419000.0,18402000.0
CRJ900,bombardier,2019,"17,771 hrs","7,373 cycles",CF34-8C5,"6,648 hrs","3,338 cycles",C-Check Due,Hourly Inspection,On Lease,Africa,No,Yes,None,Excellent,76 seats,1 ADs,51,5.0,"2,211 kg/hr",20261000.0,17211000.0,16749000.0
A320-200,airbus,2008,"46,839 hrs","22,744 cycles",V2500,"7,678 hrs","4,245 cycles",C-Check Due,MSG-3,Owned,Latin America,Yes,No,None,Fair,180 seats,0 ADs,44,50.4,"3,436 kg/hr",13265000.0,15021000.0,15356000.0
CRJ900,Bombardier,2017,"20,431 hrs","9,388 cycles",CF34-8C5,"1,048 hrs",656 cycles,D-Check Due,MSG-3,On Lease,Latin America,Yes,No,None,Good,76 seats,1 ADs,41,46.2,"3,736 kg/hr",18527000.0,14669000.0,15538000.0
737-800,boeing,2000,"76,672 hrs","48,246 cycles",CFM56-7B,"5,222 hrs","2,678 cycles",D-Check Due,MSG-3,On Lease,Africa,Yes,Yes,None,Excellent,189 seats,1 ADs,4,45.8,"1,289 kg/hr",7436000.0,7749000.0,7614000.0
CRJ900,Bombardier,1998,"81,617 hrs","46,471 cycles",CF34-8C5,492 hrs,368 cycles,D-Check Due,Hourly Inspection,On Lease,Africa,Yes,Yes,None,Fair,76 seats,0 ADs,19,61.2,"1,811 kg/hr",4539000.0,4409000.0,4221000.0
A350-900,AIRBUS,2021,"6,296 hrs","8,498 cycles",Trent XWB,768 hrs,327 cycles,Fresh D-Check,Hourly Inspection,Owned,Middle East,Yes,No,None,Fair,325 seats,Not Reported,43,76.1,"3,323 kg/hr",143283000.0,146741000.0,137649000.0
E175,Embraer,1998,"69,163 hrs","35,559 cycles",CF34-8E,"8,630 hrs","5,056 cycles",Fresh C-Check,MSG-3,Owned,Middle East,No,No,None,Good,76 seats,0 ADs,48,57.8,"3,257 kg/hr",5451000.0,5552000.0,5132000.0
A350-900,airbus,2020,"15,844 hrs","8,846 cycles",Trent XWB,"4,443 hrs","2,033 cycles",Fresh C-Check,MSG-3,Owned,Africa,Yes,No,None,Fair,325 seats,3 ADs,13,37.0,"3,797 kg/hr",116005000.0,107983000.0,107216000.0
ATR 72-600,atr,2008,"35,787 hrs","28,195 cycles",PW127M,"7,474 hrs","3,288 cycles",Fresh C-Check,OEM Managed,Owned,Latin America,Yes,No,None,Fair,70 seats,1 ADs,47,67.3,"2,100 kg/hr",10828000.0,9636000.0,8728000.0
737 MAX 8,BOEING,2014,"32,720 hrs","15,260 cycles",LEAP-1B,"6,461 hrs","3,060 cycles",Fresh C-Check,Hourly Inspection,Owned,Europe,No,No,None,Good,178 seats,2 ADs,41,33.7,"2,212 kg/hr",22612000.0,23520000.0,25587000.0
E175,embraer,2008,"52,223 hrs","27,768 cycles",CF34-8E,"2,463 hrs","1,482 cycles",Fresh D-Check,Hourly Inspection,Off Lease,Asia-Pacific,Yes,No,None,Good,76 seats,1 ADs,10,83.4,"1,861 kg/hr",10527000.0,10973000.0,11976000.0
737 MAX 8,Boeing,2014,"35,735 hrs","17,284 cycles",LEAP-1B,"3,808 hrs","2,136 cycles",Fresh D-Check,MSG-3,Owned,Asia-Pacific,No,No,None,Excellent,178 seats,0 ADs,26,21.4,"3,785 kg/hr",27430000.0,25651000.0,25185000.0
737-800,Boeing,2018,"23,457 hrs","14,960 cycles",CFM56-7B,"1,714 hrs",743 cycles,D-Check Due,OEM Managed,Off Lease,Africa,Yes,No,None,Good,189 seats,3 ADs,43,77.6,"1,919 kg/hr",23602000.0,26903000.0,29196000.0
A330-300,AIRBUS,2016,"16,719 hrs","11,233 cycles",PW4000,"3,519 hrs","1,858 cycles",C-Check Due,MSG-3,Off Lease,North America,No,No,Minor,Good,277 seats,3 ADs,46,50.7,"1,417 kg/hr",61314000.0,52769000.0,49735000.0
A330-300,Airbus,2004,"57,257 hrs","23,366 cycles",Trent 700,"1,334 hrs",955 cycles,Fresh C-Check,MSG-3,Off Lease,North America,Yes,Yes,None,Good,277 seats,2 ADs,56,74.2,"2,321 kg/hr",28785000.0,27183000.0,22877000.0
737-800,Boeing,2008,"58,876 hrs","32,270 cycles",CFM56-7B,"7,518 hrs","3,580 cycles",Fresh C-Check,MSG-3,Owned,Latin America,No,No,None,Good,189 seats,0 ADs,1,27.5,"1,699 kg/hr",14999000.0,12306000.0,13093000.0
A320neo,airbus,2020,"12,365 hrs","5,517 cycles",PW1100G,"2,854 hrs","1,197 cycles",C-Check Due,MSG-3,Off Lease,North America,No,No,None,Good,180 seats,0 ADs,41,43.9,"3,655 kg/hr",46147000.0,40843000.0,42072000.0
E175,Embraer,2016,"24,370 hrs","20,216 cycles",CF34-8E,"2,886 hrs","1,650 cycles",Fresh C-Check,MSG-3,Owned,North America,Yes,Yes,None,Good,76 seats,1 ADs,21,64.8,"2,668 kg/hr",21837000.0,20196000.0,19169000.0
ATR 72-600,atr,2001,"70,797 hrs","47,686 cycles",PW127M,"5,600 hrs","4,033 cycles",Fresh C-Check,MSG-3,Owned,Latin America,No,No,None,Good,70 seats,0 ADs,31,62.1,"3,414 kg/hr",5524000.0,5224000.0,5144000.0
787-9,Boeing,2003,"55,715 hrs","31,216 cycles",Trent 1000,"2,546 hrs","1,167 cycles",D-Check Due,Hourly Inspection,On Lease,North America,No,Yes,None,Good,296 seats,0 ADs,50,46.6,"3,262 kg/hr",31714000.0,30586000.0,29861000.0
CRJ900,Bombardier,2017,"24,726 hrs","9,598 cycles",CF34-8C5,"4,164 hrs","1,743 cycles",Fresh C-Check,MSG-3,Off Lease,North America,No,Yes,None,Good,76 seats,0 ADs,51,39.3,"2,733 kg/hr",17626000.0,16443000.0,18356000.0
E175,embraer,2018,"20,048 hrs","11,059 cycles",CF34-8E,"3,268 hrs","1,958 cycles",C-Check Due,Hourly Inspection,On Lease,North America,No,No,None,Good,76 seats,2 ADs,32,62.1,"2,319 kg/hr",22533000.0,20418000.0,21521000.0
ATR 72-600,atr,2004,"58,688 hrs","36,110 cycles",PW127M,141 hrs,59 cycles,C-Check Due,MSG-3,On Lease,Africa,Yes,No,Minor,Excellent,70 seats,Not Reported,30,32.5,"2,212 kg/hr",6056000.0,5121000.0,4730000.0
A330-300,Airbus,2004,"59,921 hrs","34,414 cycles",Trent 700,"2,663 hrs","1,297 cycles",Fresh C-Check,Hourly Inspection,Owned,Middle East,No,No,None,Good,277 seats,2 ADs,0,48.4,"1,868 kg/hr",22971000.0,25714000.0,23774000.0
ATR 72-600,atr,2013,"32,928 hrs","19,507 cycles",PW127M,"1,482 hrs",752 cycles,Fresh D-Check,MSG-3,On Lease,Middle East,Yes,Yes,Minor,Fair,70 seats,3 ADs,49,20.9,"1,635 kg/hr",10420000.0,11369000.0,11227000.0
A320neo,AIRBUS,2021,"4,872 hrs","6,128 cycles",PW1100G,"2,141 hrs","1,022 cycles",D-Check Due,MSG-3,On Lease,Africa,Yes,No,None,Excellent,180 seats,2 ADs,39,38.6,"2,813 kg/hr",50425000.0,40173000.0,40595000.0
CRJ900,bombardier,2020,"12,479 hrs","6,600 cycles",CF34-8C5,"7,519 hrs","4,914 cycles",Fresh D-Check,Hourly Inspection,Off Lease,Europe,No,No,Major,Poor,76 seats,1 ADs,56,63.2,"1,306 kg/hr",19318000.0,16984000.0,17174000.0
A350-900,airbus,2012,"38,691 hrs","19,909 cycles",Trent XWB,"6,632 hrs","3,692 cycles",Fresh C-Check,Hourly Inspection,On Lease,Latin America,Yes,No,None,Good,325 seats,1 ADs,9,37.5,"2,699 kg/hr",73858000.0,66019000.0,63085000.0
747-8F,BOEING,2017,"19,410 hrs","9,916 cycles",GEnx-2B,708 hrs,517 cycles,Fresh D-Check,MSG-3,Owned,Asia-Pacific,No,No,None,Good,Freighter (0 seats),2 ADs,17,23.5,"3,680 kg/hr",127006000.0,99381000.0,99520000.0
737 MAX 8,Boeing,2016,"20,778 hrs","8,840 cycles",LEAP-1B,"5,084 hrs","3,672 cycles",D-Check Due,Hourly Inspection,On Lease,Africa,No,Yes,None,Fair,178 seats,2 ADs,3,62.8,967 kg/hr,31665000.0,28336000.0,25433000.0
747-8F,boeing,2019,"18,141 hrs","6,893 cycles",GEnx-2B,"3,837 hrs","2,454 cycles",Fresh C-Check,MSG-3,Owned,Africa,Yes,No,Major,Good,Freighter (0 seats),0 ADs,48,52.5,"2,328 kg/hr",91106000.0,91460000.0,98001000.0
A320-200,AIRBUS,2017,"27,385 hrs","17,645 cycles",CFM56-5B,"5,163 hrs","3,345 cycles",C-Check Due,MSG-3,On Lease,Middle East,No,Yes,None,Good,180 seats,0 ADs,46,61.6,"3,435 kg/hr",30113000.0,28943000.0,29288000.0
737 MAX 8,boeing,2000,"77,289 hrs","41,580 cycles",LEAP-1B,"5,346 hrs","3,525 cycles",C-Check Due,Hourly Inspection,On Lease,North America,Yes,Yes,None,Good,178 seats,1 ADs,30,71.7,"1,226 kg/hr",10965000.0,10367000.0,11475000.0
A350-900,Airbus,2022,"9,669 hrs","4,606 cycles",Trent XWB,"8,152 hrs","3,622 cycles",D-Check Due,Hourly Inspection,On Lease,Africa,Yes,Yes,None,Excellent,325 seats,0 ADs,52,81.6,"3,449 kg/hr",128729000.0,118121000.0,125373000.0
A320-200,airbus,2010,"47,047 hrs","30,831 cycles",CFM56-5B,"5,474 hrs","2,589 cycles",Fresh C-Check,MSG-3,On Lease,North America,Yes,Yes,None,Poor,180 seats,Not Reported,21,77.9,"2,905 kg/hr",18517000.0,17896000.0,17562000.0
777-300ER,Boeing,2012,"45,968 hrs","27,399 cycles",GE90-115B,"5,918 hrs","2,801 cycles",Fresh C-Check,MSG-3,Owned,Middle East,No,No,Major,Excellent,396 seats,1 ADs,25,50.9,"2,598 kg/hr",42780000.0,41981000.0,39590000.0
A350-900,AIRBUS,2015,"27,254 hrs","21,774 cycles",Trent XWB,"5,962 hrs","3,729 cycles",Fresh D-Check,MSG-3,Owned,Europe,Yes,No,None,Good,325 seats,1 ADs,9,41.3,"2,962 kg/hr",84336000.0,88136000.0,80992000.0
A330-300,AIRBUS,2007,"62,836 hrs","35,482 cycles",PW4000,"8,936 hrs","5,649 cycles",Fresh C-Check,MSG-3,On Lease,Asia-Pacific,Yes,No,None,Excellent,277 seats,3 ADs,10,78.3,"2,802 kg/hr",27821000.0,30487000.0,30211000.0
E175,embraer,2003,"51,326 hrs","24,237 cycles",CF34-8E,"7,358 hrs","3,422 cycles",Fresh C-Check,OEM Managed,On Lease,Middle East,Yes,No,None,Excellent,76 seats,1 ADs,32,40.2,"4,366 kg/hr",7701000.0,8048000.0,8309000.0
787-9,boeing,2008,"32,456 hrs","14,828 cycles",Trent 1000,"5,126 hrs","2,361 cycles",C-Check Due,MSG-3,Off Lease,Africa,No,Yes,None,Fair,296 seats,2 ADs,53,53.2,"3,056 kg/hr",42968000.0,46652000.0,49272000.0
E175,embraer,2009,"51,879 hrs","24,417 cycles",CF34-8E,"7,072 hrs","3,307 cycles",Fresh C-Check,MSG-3,On Lease,Europe,No,No,Minor,Good,76 seats,5 ADs,13,68.2,"2,831 kg/hr",10437000.0,9838000.0,9215000.0
ATR 72-600,ATR,2019,"14,029 hrs","6,180 cycles",PW127M,"7,173 hrs","3,718 cycles",C-Check Due,Hourly Inspection,Owned,Asia-Pacific,No,Yes,None,Good,70 seats,1 ADs,54,30.3,"2,932 kg/hr",17211000.0,15694000.0,16197000.0
E175,embraer,2010,"40,916 hrs","23,294 cycles",CF34-8E,"6,341 hrs","4,453 cycles",C-Check Due,MSG-3,Owned,Europe,Yes,No,Minor,Good,76 seats,4 ADs,18,72.3,"2,231 kg/hr",11298000.0,11181000.0,11131000.0
ATR 72-600,atr,2016,"21,240 hrs","14,196 cycles",PW127M,"7,380 hrs","3,257 cycles",Fresh C-Check,Hourly Inspection,On Lease,Africa,Yes,No,None,Good,70 seats,2 ADs,2,59.4,"2,760 kg/hr",15984000.0,14222000.0,16031000.0
737-800,Boeing,2010,"50,391 hrs","36,760 cycles",CFM56-7B,"5,855 hrs","3,358 cycles",C-Check Due,Hourly Inspection,Owned,Asia-Pacific,Yes,No,None,Good,189 seats,1 ADs,47,75.2,"2,988 kg/hr",18695000.0,15580000.0,16968000.0
A330-300,airbus,2019,"15,845 hrs","11,574 cycles",Trent 700,"4,367 hrs","3,338 cycles",C-Check Due,OEM Managed,On Lease,Latin America,Yes,Yes,None,Poor,277 seats,1 ADs,57,47.7,"1,149 kg/hr",80152000.0,70763000.0,67278000.0
787-9,Boeing,2009,"46,975 hrs","30,522 cycles",GEnx-1B,"4,939 hrs","2,453 cycles",C-Check Due,MSG-3,On Lease,Europe,No,Yes,None,Excellent,296 seats,2 ADs,50,85.2,"3,526 kg/hr",60469000.0,52846000.0,56124000.0
747-8F,Boeing,2003,"65,952 hrs","36,662 cycles",GEnx-2B,"5,156 hrs","3,705 cycles",C-Check Due,MSG-3,Owned,Africa,Yes,No,None,Fair,Freighter (0 seats),0 ADs,54,17.0,"1,829 kg/hr",30225000.0,28531000.0,28003000.0
777-300ER,BOEING,2005,"49,136 hrs","20,640 cycles",GE90-115B,"7,357 hrs","3,436 cycles",Fresh D-Check,MSG-3,Owned,Europe,Yes,No,Minor,Excellent,396 seats,2 ADs,53,38.3,"2,830 kg/hr",29186000.0,34704000.0,32111000.0
A330-300,AIRBUS,2012,"41,163 hrs","22,142 cycles",CF6-80E1,"6,741 hrs","2,876 cycles",C-Check Due,Hourly Inspection,On Lease,Asia-Pacific,Yes,No,None,Good,277 seats,2 ADs,29,69.5,"1,930 kg/hr",45932000.0,45430000.0,44100000.0
737-800,boeing,1999,"78,483 hrs","39,961 cycles",CFM56-7B,"8,146 hrs","3,956 cycles",Fresh C-Check,OEM Managed,Off Lease,Asia-Pacific,Yes,No,None,Good,189 seats,1 ADs,53,75.5,"2,300 kg/hr",9448000.0,8487000.0,9717000.0
ATR 72-600,atr,2015,"26,246 hrs","15,242 cycles",PW127M,"5,667 hrs","3,244 cycles",Fresh C-Check,MSG-3,Off Lease,North America,Yes,Yes,None,Good,70 seats,2 ADs,38,49.7,"2,800 kg/hr",15684000.0,13585000.0,12478000.0
A330-300,Airbus,2018,"15,794 hrs","7,021 cycles",Trent 700,"2,205 hrs","1,231 cycles",Fresh C-Check,Hourly Inspection,On Lease,North America,Yes,No,None,Excellent,277 seats,1 ADs,56,46.8,"1,788 kg/hr",84730000.0,75207000.0,79008000.0
CRJ900,Bombardier,2001,"59,570 hrs","39,551 cycles",CF34-8C5,"5,471 hrs","3,951 cycles",Fresh C-Check,MSG-3,On Lease,Africa,Yes,No,None,Poor,76 seats,2 ADs,5,17.3,"2,783 kg/hr",5574000.0,4819000.0,4914000.0
747-8F,BOEING,2012,"43,800 hrs","27,006 cycles",GEnx-2B,"7,425 hrs","4,686 cycles",Fresh D-Check,OEM Managed,Off Lease,Middle East,Yes,Yes,Minor,Good,Freighter (0 seats),3 ADs,1,49.9,"2,834 kg/hr",76232000.0,65034000.0,64842000.0
777-300ER,BOEING,2012,"36,824 hrs","23,241 cycles",GE90-115B,317 hrs,147 cycles,Fresh D-Check,Hourly Inspection,Owned,Middle East,No,No,None,Excellent,396 seats,1 ADs,20,73.4,"3,701 kg/hr",83771000.0,67387000.0,67236000.0
A330-300,AIRBUS,2009,"44,389 hrs","23,743 cycles",CF6-80E1,"1,671 hrs",716 cycles,Fresh C-Check,Hourly Inspection,On Lease,Europe,Yes,No,None,Excellent,277 seats,0 ADs,41,31.7,"1,774 kg/hr",42859000.0,38082000.0,35141000.0
737-800,boeing,2008,"48,721 hrs","26,780 cycles",CFM56-7B,314 hrs,180 cycles,Fresh C-Check,MSG-3,On Lease,Europe,Yes,No,Minor,Excellent,189 seats,0 ADs,53,54.0,"1,163 kg/hr",16234000.0,17196000.0,16514000.0
747-8F,BOEING,2008,"57,875 hrs","44,204 cycles",GEnx-2B,"3,421 hrs","1,672 cycles",C-Check Due,OEM Managed,Owned,Latin America,No,No,None,Good,Freighter (0 seats),0 ADs,17,76.4,"3,388 kg/hr",53227000.0,46529000.0,51290000.0
747-8F,Boeing,2010,"50,212 hrs","35,304 cycles",GEnx-2B,"1,985 hrs","1,342 cycles",Fresh D-Check,MSG-3,On Lease,Middle East,Yes,No,None,Excellent,Freighter (0 seats),0 ADs,37,66.1,"4,078 kg/hr",62800000.0,70235000.0,70064000.0
CRJ900,Bombardier,2004,"31,820 hrs","12,994 cycles",CF34-8C5,"5,602 hrs","4,103 cycles",Fresh D-Check,Hourly Inspection,Owned,Europe,No,No,None,Good,76 seats,0 ADs,18,35.4,"1,139 kg/hr",9954000.0,8864000.0,8780000.0
747-8F,Boeing,2011,"53,038 hrs","24,790 cycles",GEnx-2B,"7,553 hrs","4,727 cycles",C-Check Due,MSG-3,Off Lease,North America,Yes,No,None,Excellent,Freighter (0 seats),2 ADs,12,29.4,"2,624 kg/hr",50353000.0,48820000.0,49643000.0
CRJ900,Bombardier,2014,"29,457 hrs","17,139 cycles",CF34-8C5,"6,944 hrs","4,601 cycles",D-Check Due,MSG-3,On Lease,Middle East,No,No,None,Good,76 seats,0 ADs,36,28.5,"3,780 kg/hr",12091000.0,11759000.0,11760000.0
737-800,BOEING,2022,"3,523 hrs","1,431 cycles",CFM56-7B,"2,931 hrs","1,431 cycles",D-Check Due,OEM Managed,Off Lease,Africa,No,No,Minor,Good,189 seats,0 ADs,49,60.4,"2,519 kg/hr",32578000.0,33145000.0,33298000.0
737 MAX 8,BOEING,2007,"51,171 hrs","22,261 cycles",LEAP-1B,637 hrs,331 cycles,D-Check Due,MSG-3,On Lease,Europe,Yes,Yes,None,Fair,178 seats,0 ADs,20,76.0,"1,654 kg/hr",17901000.0,15509000.0,15127000.0
A330-300,airbus,2009,"40,919 hrs","21,217 cycles",CF6-80E1,"7,972 hrs","3,379 cycles",Fresh D-Check,Hourly Inspection,Owned,Asia-Pacific,No,Yes,None,Good,277 seats,1 ADs,18,51.2,"3,051 kg/hr",43115000.0,42366000.0,41885000.0
ATR 72-600,ATR,2017,"25,099 hrs","12,605 cycles",PW127M,"6,991 hrs","2,975 cycles",Fresh D-Check,Hourly Inspection,On Lease,North America,Yes,No,None,Good,70 seats,0 ADs,7,89.8,"3,665 kg/hr",20390000.0,17748000.0,19327000.0
737-800,boeing,2010,"35,884 hrs","18,585 cycles",CFM56-7B,"7,755 hrs","5,833 cycles",D-Check Due,MSG-3,On Lease,Asia-Pacific,Yes,Yes,None,Fair,189 seats,2 ADs,19,50.8,"4,277 kg/hr",17214000.0,15199000.0,16118000.0
A320neo,AIRBUS,2008,"63,826 hrs","30,393 cycles",LEAP-1A,"2,599 hrs","1,807 cycles",Fresh C-Check,OEM Managed,Off Lease,North America,Yes,No,None,Fair,180 seats,Not Reported,53,62.3,"2,361 kg/hr",21425000.0,15971000.0,15435000.0
E175,embraer,2020,"12,640 hrs","6,148 cycles",CF34-8E,"4,271 hrs","2,455 cycles",D-Check Due,OEM Managed,Owned,Africa,Yes,No,None,Fair,76 seats,Not Reported,59,42.9,"2,021 kg/hr",24231000.0,18950000.0,20915000.0
787-9,boeing,2006,"44,049 hrs","22,987 cycles",Trent 1000,"8,167 hrs","3,563 cycles",Fresh C-Check,Hourly Inspection,On Lease,North America,Yes,Yes,None,Excellent,296 seats,0 ADs,41,56.8,"3,397 kg/hr",46713000.0,48426000.0,46275000.0
737-800,BOEING,1998,"75,689 hrs","37,838 cycles",CFM56-7B,"2,357 hrs","1,702 cycles",C-Check Due,OEM Managed,Owned,Africa,No,No,None,Good,189 seats,1 ADs,53,34.2,"3,129 kg/hr",7501000.0,7997000.0,7619000.0
A350-900,AIRBUS,2016,"26,502 hrs","19,834 cycles",Trent XWB,"3,084 hrs","1,665 cycles",Fresh C-Check,Hourly Inspection,On Lease,North America,Yes,No,None,Good,325 seats,0 ADs,41,42.2,"3,844 kg/hr",94478000.0,89260000.0,88029000.0
777-300ER,boeing,2014,"28,457 hrs","18,279 cycles",GE90-115B,"3,303 hrs","1,429 cycles",C-Check Due,MSG-3,On Lease,Asia-Pacific,No,No,None,Good,396 seats,0 ADs,39,46.2,"3,616 kg/hr",80976000.0,64581000.0,65365000.0
A330-300,airbus,2011,"38,629 hrs","21,153 cycles",PW4000,"7,328 hrs","3,092 cycles",D-Check Due,OEM Managed,Off Lease,Africa,Yes,No,None,Good,277 seats,0 ADs,12,49.3,"1,759 kg/hr",39771000.0,33762000.0,34018000.0
777-300ER,BOEING,2019,"18,419 hrs","9,177 cycles",GE90-115B,"6,786 hrs","5,051 cycles",Fresh C-Check,Hourly Inspection,On Lease,Middle East,Yes,No,None,Good,396 seats,Not Reported,39,40.6,"4,330 kg/hr",92106000.0,92177000.0,90779000.0
737 MAX 8,Boeing,2012,"33,160 hrs","23,711 cycles",LEAP-1B,"8,837 hrs","4,021 cycles",Fresh C-Check,MSG-3,Owned,Middle East,No,No,None,Excellent,178 seats,0 ADs,15,70.9,"2,544 kg/hr",20385000.0,25639000.0,27379000.0
777-300ER,Boeing,2012,"24,933 hrs","14,003 cycles",GE90-115B,"6,286 hrs","3,571 cycles",Fresh C-Check,MSG-3,On Lease,Latin America,Yes,No,Major,Fair,396 seats,1 ADs,20,36.3,"2,629 kg/hr",50957000.0,46086000.0,47036000.0
777-300ER,BOEING,2020,"17,843 hrs","11,328 cycles",GE90-115B,"4,439 hrs","2,108 cycles",Fresh C-Check,MSG-3,On Lease,Middle East,No,Yes,Minor,Fair,396 seats,0 ADs,33,79.0,"2,275 kg/hr",131075000.0,105515000.0,94252000.0
737 MAX 8,BOEING,2010,"29,619 hrs","13,064 cycles",LEAP-1B,"4,232 hrs","2,021 cycles",C-Check Due,MSG-3,On Lease,Europe,Yes,Yes,None,Fair,178 seats,0 ADs,59,40.6,"1,974 kg/hr",23412000.0,22063000.0,22057000.0
737-800,Boeing,2010,"42,637 hrs","22,073 cycles",CFM56-7B,"3,448 hrs","2,243 cycles",Fresh C-Check,OEM Managed,Owned,Asia-Pacific,No,No,None,Good,189 seats,1 ADs,20,51.4,"2,812 kg/hr",19475000.0,17603000.0,16407000.0
A320neo,AIRBUS,2014,"39,814 hrs","20,383 cycles",LEAP-1A,"8,819 hrs","5,385 cycles",D-Check Due,MSG-3,On Lease,Africa,Yes,No,None,Good,180 seats,4 ADs,21,41.7,"3,330 kg/hr",21873000.0,20499000.0,20500000.0
ATR 72-600,ATR,2005,"74,463 hrs","40,843 cycles",PW127M,"7,605 hrs","4,797 cycles",Fresh C-Check,MSG-3,On Lease,Middle East,Yes,No,None,Poor,70 seats,4 ADs,38,22.1,"3,013 kg/hr",5357000.0,4999000.0,4970000.0
A330-300,Airbus,2006,"49,147 hrs","29,625 cycles",CF6-80E1,"3,812 hrs","2,651 cycles",C-Check Due,MSG-3,Off Lease,Europe,Yes,No,None,Poor,277 seats,Not Reported,23,60.8,"1,862 kg/hr",29741000.0,26777000.0,25527000.0
ATR 72-600,ATR,2021,"9,736 hrs","8,994 cycles",PW127M,"4,804 hrs","2,632 cycles",D-Check Due,Hourly Inspection,Off Lease,Europe,No,Yes,None,Excellent,70 seats,2 ADs,44,61.1,"3,261 kg/hr",16190000.0,17901000.0,18267000.0
CRJ900,Bombardier,2005,"61,374 hrs","24,638 cycles",CF34-8C5,"3,444 hrs","1,951 cycles",D-Check Due,Hourly Inspection,On Lease,Europe,No,Yes,Minor,Fair,76 seats,Not Reported,30,72.3,"1,838 kg/hr",5340000.0,6114000.0,5542000.0
737 MAX 8,boeing,1999,"73,193 hrs","39,618 cycles",LEAP-1B,"8,279 hrs","4,129 cycles",C-Check Due,MSG-3,On Lease,Latin America,No,Yes,None,Excellent,178 seats,0 ADs,3,93.4,"4,771 kg/hr",12997000.0,10606000.0,10651000.0
747-8F,BOEING,1998,"79,958 hrs","50,907 cycles",GEnx-2B,"5,638 hrs","2,751 cycles",Fresh C-Check,OEM Managed,On Lease,Middle East,No,Yes,None,Fair,Freighter (0 seats),0 ADs,48,48.0,"1,365 kg/hr",26025000.0,29093000.0,26031000.0
ATR 72-600,ATR,1999,"66,587 hrs","45,002 cycles",PW127M,"7,301 hrs","5,246 cycles",Fresh D-Check,MSG-3,Owned,Europe,No,No,None,Good,70 seats,0 ADs,36,52.5,"3,184 kg/hr",5655000.0,4739000.0,5019000.0
A320neo,Airbus,2003,"62,497 hrs","48,656 cycles",PW1100G,339 hrs,223 cycles,Fresh C-Check,MSG-3,On Lease,North America,Yes,No,None,Fair,180 seats,2 ADs,5,61.4,"4,622 kg/hr",18242000.0,13105000.0,13097000.0
737 MAX 8,BOEING,2002,"59,714 hrs","41,772 cycles",LEAP-1B,"1,253 hrs",571 cycles,C-Check Due,OEM Managed,On Lease,Latin America,Yes,Yes,None,Fair,178 seats,2 ADs,39,35.6,"2,806 kg/hr",11838000.0,10980000.0,10991000.0
CRJ900,Bombardier,2017,"13,618 hrs","11,564 cycles",CF34-8C5,"2,279 hrs","1,627 cycles",D-Check Due,Hourly Inspection,On Lease,Latin America,No,Yes,None,Excellent,76 seats,3 ADs,21,48.3,"3,294 kg/hr",15660000.0,15938000.0,15306000.0
A320neo,AIRBUS,2005,"53,880 hrs","25,129 cycles",LEAP-1A,"7,680 hrs","3,342 cycles",D-Check Due,MSG-3,Off Lease,Middle East,No,No,Minor,Excellent,180 seats,0 ADs,38,73.9,"1,378 kg/hr",12780000.0,12338000.0,12321000.0
737-800,Boeing,2019,"16,041 hrs","11,865 cycles",CFM56-7B,"6,676 hrs","2,815 cycles",D-Check Due,MSG-3,On Lease,Middle East,Yes,No,None,Excellent,189 seats,2 ADs,23,69.5,"1,605 kg/hr",30657000.0,29140000.0,29080000.0
A350-900,Airbus,2000,"58,226 hrs","31,557 cycles",Trent XWB,"4,730 hrs","3,543 cycles",C-Check Due,Hourly Inspection,Off Lease,Europe,Yes,No,None,Poor,325 seats,0 ADs,41,63.7,"2,794 kg/hr",30396000.0,27901000.0,27533000.0
CRJ900,bombardier,2012,"48,649 hrs","20,126 cycles",CF34-8C5,"1,395 hrs","1,015 cycles",Fresh D-Check,MSG-3,Owned,North America,No,No,Minor,Excellent,76 seats,2 ADs,59,23.1,"1,518 kg/hr",10634000.0,10063000.0,10233000.0
A330-300,Airbus,2001,"67,999 hrs","50,130 cycles",PW4000,297 hrs,133 cycles,Fresh C-Check,MSG-3,On Lease,Middle East,Yes,No,Minor,Good,277 seats,1 ADs,6,51.8,"1,769 kg/hr",21527000.0,21161000.0,20710000.0
CRJ900,bombardier,2011,"55,955 hrs","43,074 cycles",CF34-8C5,"4,997 hrs","2,498 cycles",Fresh C-Check,Hourly Inspection,On Lease,North America,Yes,Yes,None,Fair,76 seats,0 ADs,54,44.4,"3,122 kg/hr",10763000.0,10009000.0,9954000.0
A320-200,airbus,2019,"19,943 hrs","10,625 cycles",V2500,"3,740 hrs","2,545 cycles",Fresh C-Check,Hourly Inspection,Off Lease,Europe,No,Yes,None,Good,180 seats,3 ADs,12,53.7,"1,871 kg/hr",35368000.0,34397000.0,34702000.0
ATR 72-600,atr,2019,"15,811 hrs","13,806 cycles",PW127M,"1,722 hrs",928 cycles,D-Check Due,Hourly Inspection,Owned,Africa,No,No,Major,Excellent,70 seats,1 ADs,27,56.7,"1,245 kg/hr",12042000.0,12078000.0,11377000.0
777-300ER,boeing,2011,"35,765 hrs","16,323 cycles",GE90-115B,"8,427 hrs","5,521 cycles",C-Check Due,MSG-3,On Lease,Europe,No,No,None,Good,396 seats,3 ADs,16,72.9,"1,958 kg/hr",52193000.0,54652000.0,52952000.0
737 MAX 8,BOEING,2007,"55,834 hrs","42,810 cycles",LEAP-1B,"2,756 hrs","1,445 cycles",C-Check Due,OEM Managed,On Lease,Africa,No,Yes,None,Good,178 seats,2 ADs,25,27.8,"2,392 kg/hr",17940000.0,13730000.0,14018000.0
A330-300,Airbus,2021,"7,791 hrs","5,444 cycles",Trent 700,"1,140 hrs",827 cycles,C-Check Due,Hourly Inspection,On Lease,Latin America,No,No,None,Good,277 seats,1 ADs,20,76.6,"4,898 kg/hr",94109000.0,96762000.0,96254000.0
737-800,BOEING,2022,"9,005 hrs","5,042 cycles",CFM56-7B,"5,320 hrs","2,391 cycles",C-Check Due,MSG-3,Owned,Asia-Pacific,Yes,No,None,Good,189 seats,2 ADs,56,49.4,"2,764 kg/hr",32214000.0,36459000.0,35816000.0
A350-900,airbus,2003,"51,033 hrs","25,744 cycles",Trent XWB,"7,886 hrs","4,933 cycles",C-Check Due,OEM Managed,Off Lease,North America,No,No,None,Good,325 seats,1 ADs,25,52.5,900 kg/hr,41879000.0,31503000.0,33284000.0
A350-900,airbus,2003,"62,134 hrs","33,904 cycles",Trent XWB,"3,742 hrs","2,063 cycles",Fresh C-Check,MSG-3,Off Lease,North America,Yes,No,None,Good,325 seats,1 ADs,8,78.6,"2,654 kg/hr",38860000.0,34513000.0,38083000.0
A330-300,AIRBUS,2017,"23,684 hrs","9,867 cycles",Trent 700,453 hrs,199 cycles,D-Check Due,Hourly Inspection,On Lease,Asia-Pacific,No,No,None,Good,277 seats,2 ADs,33,58.6,"2,681 kg/hr",73515000.0,56157000.0,56445000.0
737 MAX 8,boeing,2007,"39,351 hrs","27,842 cycles",LEAP-1B,"4,722 hrs","2,070 cycles",D-Check Due,OEM Managed,Off Lease,Middle East,No,No,Major,Fair,178 seats,1 ADs,33,46.0,"2,410 kg/hr",12218000.0,10851000.0,11002000.0
747-8F,Boeing,2018,"12,307 hrs","9,816 cycles",GEnx-2B,"1,659 hrs",871 cycles,C-Check Due,OEM Managed,On Lease,Africa,Yes,No,None,Excellent,Freighter (0 seats),0 ADs,27,57.8,"3,192 kg/hr",129225000.0,115781000.0,119586000.0
ATR 72-600,ATR,2006,"49,880 hrs","29,253 cycles",PW127M,"6,398 hrs","3,944 cycles",D-Check Due,MSG-3,Owned,North America,Yes,No,None,Good,70 seats,1 ADs,58,36.3,"2,152 kg/hr",5322000.0,5549000.0,5446000.0
737-800,Boeing,1999,"70,530 hrs","45,871 cycles",CFM56-7B,"3,470 hrs","1,737 cycles",Fresh C-Check,Hourly Inspection,On Lease,Latin America,Yes,Yes,Major,Good,189 seats,2 ADs,16,65.6,"2,639 kg/hr",7850000.0,7153000.0,6555000.0
A350-900,Airbus,2007,"41,033 hrs","18,246 cycles",Trent XWB,"6,720 hrs","4,106 cycles",C-Check Due,OEM Managed,Owned,Asia-Pacific,No,Yes,Major,Good,325 seats,0 ADs,49,45.3,"2,756 kg/hr",38513000.0,36312000.0,37198000.0
A330-300,AIRBUS,2009,"51,602 hrs","30,449 cycles",PW4000,"1,509 hrs",927 cycles,Fresh C-Check,MSG-3,Owned,Asia-Pacific,No,No,Minor,Fair,277 seats,1 ADs,15,80.6,"2,277 kg/hr",39110000.0,35158000.0,35487000.0
747-8F,boeing,2003,"63,624 hrs","46,042 cycles",GEnx-2B,"2,525 hrs","1,870 cycles",Fresh C-Check,MSG-3,Off Lease,Latin America,Yes,Yes,Minor,Excellent,Freighter (0 seats),1 ADs,59,49.8,"3,210 kg/hr",36796000.0,35252000.0,32685000.0
787-9,BOEING,2001,"54,891 hrs","24,173 cycles",GEnx-1B,"4,371 hrs","3,193 cycles",C-Check Due,MSG-3,Owned,Asia-Pacific,No,No,None,Fair,296 seats,0 ADs,8,63.9,"3,423 kg/hr",36095000.0,30759000.0,30693000.0
A350-900,AIRBUS,2007,"58,947 hrs","37,794 cycles",Trent XWB,885 hrs,387 cycles,Fresh C-Check,MSG-3,Owned,Europe,No,Yes,None,Good,325 seats,0 ADs,31,76.5,"1,930 kg/hr",38515000.0,43835000.0,46152000.0
A350-900,Airbus,2016,"19,466 hrs","13,340 cycles",Trent XWB,"1,046 hrs",639 cycles,D-Check Due,Hourly Inspection,Owned,Middle East,Yes,No,Minor,Good,325 seats,0 ADs,9,74.1,900 kg/hr,81910000.0,75692000.0,78392000.0
A320neo,AIRBUS,2002,"58,517 hrs","33,994 cycles",PW1100G,"6,834 hrs","3,861 cycles",Fresh D-Check,MSG-3,Owned,Latin America,Yes,Yes,None,Good,180 seats,3 ADs,44,46.6,"1,487 kg/hr",11809000.0,12351000.0,13583000.0
777-300ER,boeing,2006,"56,005 hrs","33,348 cycles",GE90-115B,727 hrs,506 cycles,D-Check Due,OEM Managed,On Lease,Middle East,No,No,None,Good,396 seats,0 ADs,17,73.7,"2,839 kg/hr",39575000.0,32949000.0,35026000.0
CRJ900,bombardier,2012,"41,490 hrs","24,903 cycles",CF34-8C5,"4,776 hrs","2,952 cycles",C-Check Due,MSG-3,On Lease,North America,No,Yes,None,Excellent,76 seats,3 ADs,46,57.1,"3,083 kg/hr",15298000.0,11906000.0,11040000.0
737 MAX 8,BOEING,2000,"57,285 hrs","28,769 cycles",LEAP-1B,"2,023 hrs","1,194 cycles",Fresh C-Check,MSG-3,Off Lease,Asia-Pacific,No,Yes,None,Good,178 seats,0 ADs,8,59.7,"1,849 kg/hr",10660000.0,11269000.0,11700000.0
E175,Embraer,2011,"34,665 hrs","18,306 cycles",CF34-8E,"3,267 hrs","1,952 cycles",Fresh C-Check,Hourly Inspection,On Lease,North America,Yes,No,None,Good,76 seats,1 ADs,38,56.1,"2,260 kg/hr",16339000.0,13548000.0,15781000.0
777-300ER,boeing,2017,"27,459 hrs","14,927 cycles",GE90-115B,"1,010 hrs",633 cycles,Fresh C-Check,OEM Managed,Owned,Africa,Yes,Yes,Major,Fair,396 seats,2 ADs,40,42.9,"1,935 kg/hr",60546000.0,59393000.0,64415000.0
A320-200,AIRBUS,2022,"9,715 hrs","5,117 cycles",V2500,"4,482 hrs","2,418 cycles",Fresh C-Check,OEM Managed,On Lease,Middle East,No,No,None,Excellent,180 seats,2 ADs,14,63.9,"2,484 kg/hr",54431000.0,44156000.0,45297000.0
A320neo,airbus,2005,"54,391 hrs","27,815 cycles",LEAP-1A,"8,731 hrs","4,037 cycles",D-Check Due,MSG-3,On Lease,Africa,Yes,No,None,Fair,180 seats,2 ADs,50,69.1,"2,130 kg/hr",13424000.0,12931000.0,12693000.0
A330-300,AIRBUS,2006,"61,793 hrs","38,675 cycles",Trent 700,747 hrs,399 cycles,D-Check Due,MSG-3,On Lease,North America,Yes,Yes,None,Good,277 seats,0 ADs,0,64.1,"2,151 kg/hr",22053000.0,23913000.0,24138000.0
A350-900,Airbus,2017,"23,186 hrs","15,378 cycles",Trent XWB,"7,770 hrs","3,270 cycles",C-Check Due,MSG-3,On Lease,Asia-Pacific,No,No,None,Poor,325 seats,2 ADs,14,72.8,"1,362 kg/hr",97260000.0,80683000.0,72785000.0
A350-900,airbus,1998,"68,815 hrs","37,530 cycles",Trent XWB,"6,853 hrs","4,968 cycles",Fresh C-Check,Hourly Inspection,On Lease,Europe,Yes,No,Major,Excellent,325 seats,1 ADs,22,27.3,"1,793 kg/hr",22405000.0,17710000.0,19756000.0
E175,embraer,2011,"33,548 hrs","21,568 cycles",CF34-8E,751 hrs,404 cycles,D-Check Due,MSG-3,Owned,Asia-Pacific,Yes,Yes,Minor,Good,76 seats,0 ADs,36,61.4,"2,764 kg/hr",10540000.0,11247000.0,10584000.0
737-800,BOEING,1998,"94,690 hrs","47,472 cycles",CFM56-7B,"3,203 hrs","1,713 cycles",C-Check Due,MSG-3,Owned,Africa,No,No,None,Good,189 seats,1 ADs,27,37.7,"1,720 kg/hr",8642000.0,7534000.0,8133000.0
A320-200,AIRBUS,1998,"75,990 hrs","51,569 cycles",V2500,367 hrs,180 cycles,C-Check Due,OEM Managed,On Lease,Asia-Pacific,Yes,Yes,None,Good,180 seats,1 ADs,32,23.4,900 kg/hr,8749000.0,7771000.0,8109000.0
ATR 72-600,atr,2013,"22,709 hrs","13,522 cycles",PW127M,"3,213 hrs","1,866 cycles",Fresh C-Check,MSG-3,Off Lease,Middle East,No,Yes,Minor,Excellent,70 seats,0 ADs,31,63.0,"1,293 kg/hr",11027000.0,12773000.0,13144000.0
E175,embraer,1999,"66,124 hrs","49,381 cycles",CF34-8E,826 hrs,452 cycles,Fresh C-Check,MSG-3,Owned,North America,Yes,No,None,Good,76 seats,1 ADs,50,91.9,"2,673 kg/hr",7103000.0,6028000.0,6411000.0
787-9,boeing,2016,"16,367 hrs","9,076 cycles",Trent 1000,"8,318 hrs","3,503 cycles",Fresh C-Check,OEM Managed,On Lease,Europe,Yes,No,None,Good,296 seats,2 ADs,52,53.3,"3,677 kg/hr",103616000.0,89670000.0,87046000.0
ATR 72-600,atr,2009,"28,910 hrs","13,342 cycles",PW127M,884 hrs,394 cycles,D-Check Due,Hourly Inspection,On Lease,North America,Yes,Yes,None,Good,70 seats,2 ADs,31,76.2,"1,233 kg/hr",9025000.0,10076000.0,9674000.0
A350-900,airbus,2019,"22,644 hrs","14,212 cycles",Trent XWB,"3,370 hrs","1,584 cycles",Fresh C-Check,Hourly Inspection,On Lease,Latin America,Yes,Yes,None,Good,325 seats,0 ADs,33,56.6,"1,311 kg/hr",106520000.0,104756000.0,115767000.0
A320neo,airbus,2000,"73,134 hrs","49,477 cycles",LEAP-1A,"8,927 hrs","3,724 cycles",Fresh C-Check,Hourly Inspection,Owned,North America,No,No,Minor,Good,180 seats,1 ADs,49,55.3,"1,100 kg/hr",11594000.0,10723000.0,10650000.0
ATR 72-600,atr,2001,"76,250 hrs","36,917 cycles",PW127M,"8,103 hrs","3,798 cycles",C-Check Due,OEM Managed,On Lease,Latin America,No,Yes,None,Poor,70 seats,1 ADs,34,86.4,"2,556 kg/hr",4757000.0,4603000.0,5087000.0
ATR 72-600,ATR,2009,"34,362 hrs","16,649 cycles",PW127M,"8,303 hrs","6,104 cycles",Fresh D-Check,MSG-3,Owned,Africa,Yes,No,None,Good,70 seats,3 ADs,51,70.4,"2,297 kg/hr",9473000.0,10889000.0,9865000.0
A350-900,AIRBUS,2019,"19,168 hrs","10,148 cycles",Trent XWB,"2,968 hrs","2,172 cycles",C-Check Due,MSG-3,On Lease,Africa,Yes,Yes,None,Good,325 seats,1 ADs,5,57.8,"2,541 kg/hr",120785000.0,102876000.0,112961000.0
A320-200,Airbus,2018,"21,470 hrs","10,687 cycles",V2500,"8,559 hrs","4,048 cycles",Fresh C-Check,OEM Managed,On Lease,Africa,Yes,Yes,Major,Good,180 seats,1 ADs,3,40.4,"3,141 kg/hr",26539000.0,26011000.0,26082000.0
777-300ER,Boeing,1999,"58,328 hrs","30,771 cycles",GE90-115B,"3,525 hrs","2,444 cycles",C-Check Due,MSG-3,Off Lease,Middle East,No,No,None,Excellent,396 seats,Not Reported,26,79.5,"2,464 kg/hr",21488000.0,25739000.0,24462000.0
A320-200,airbus,2003,"66,916 hrs","33,136 cycles",V2500,"8,974 hrs","3,993 cycles",Fresh C-Check,MSG-3,Off Lease,Latin America,Yes,Yes,None,Good,180 seats,2 ADs,40,60.1,"2,587 kg/hr",9413000.0,10189000.0,10311000.0
737-800,boeing,2002,"54,789 hrs","28,743 cycles",CFM56-7B,"7,752 hrs","3,289 cycles",Fresh C-Check,Hourly Inspection,On Lease,Europe,Yes,No,None,Good,189 seats,1 ADs,17,5.9,"2,301 kg/hr",8064000.0,9288000.0,10236000.0
ATR 72-600,atr,2012,"30,375 hrs","12,952 cycles",PW127M,"3,835 hrs","1,830 cycles",Fresh C-Check,MSG-3,On Lease,Asia-Pacific,Yes,No,None,Excellent,70 seats,0 ADs,41,65.3,"1,261 kg/hr",9800000.0,13085000.0,12860000.0
777-300ER,Boeing,2001,"76,948 hrs","49,410 cycles",GE90-115B,"1,032 hrs",531 cycles,D-Check Due,MSG-3,On Lease,Latin America,Yes,Yes,None,Good,396 seats,2 ADs,42,43.3,900 kg/hr,19010000.0,21364000.0,22511000.0
A320neo,AIRBUS,2006,"37,495 hrs","22,017 cycles",LEAP-1A,"2,085 hrs","1,134 cycles",C-Check Due,MSG-3,On Lease,Middle East,No,No,None,Good,180 seats,0 ADs,46,58.7,"1,736 kg/hr",19919000.0,18696000.0,19553000.0
A320neo,airbus,1998,"76,614 hrs","37,456 cycles",LEAP-1A,846 hrs,426 cycles,Fresh C-Check,MSG-3,On Lease,Africa,Yes,No,None,Good,180 seats,1 ADs,27,34.3,"2,534 kg/hr",10354000.0,10098000.0,9465000.0
787-9,Boeing,2017,"22,933 hrs","11,253 cycles",Trent 1000,"7,741 hrs","3,243 cycles",Fresh C-Check,OEM Managed,Owned,Asia-Pacific,No,No,None,Good,296 seats,0 ADs,40,73.0,"3,038 kg/hr",104960000.0,92404000.0,95381000.0
737-800,boeing,2005,"48,022 hrs","22,120 cycles",CFM56-7B,"7,493 hrs","3,826 cycles",D-Check Due,OEM Managed,Owned,North America,Yes,No,Minor,Good,189 seats,1 ADs,7,43.0,"3,126 kg/hr",10128000.0,9900000.0,9507000.0
E175,Embraer,1998,"65,497 hrs","30,076 cycles",CF34-8E,"3,347 hrs","2,142 cycles",Fresh C-Check,MSG-3,Owned,Africa,Yes,No,None,Good,76 seats,2 ADs,55,82.5,"2,029 kg/hr",7019000.0,5979000.0,6494000.0
A330-300,AIRBUS,2000,"52,980 hrs","37,705 cycles",CF6-80E1,"5,083 hrs","3,329 cycles",C-Check Due,MSG-3,On Lease,Europe,Yes,No,None,Excellent,277 seats,2 ADs,53,50.8,"2,323 kg/hr",26647000.0,20997000.0,20251000.0
ATR 72-600,atr,2017,"24,214 hrs","12,562 cycles",PW127M,547 hrs,381 cycles,C-Check Due,MSG-3,On Lease,Africa,No,No,None,Poor,70 seats,0 ADs,54,41.6,"4,376 kg/hr",19176000.0,13610000.0,15016000.0
777-300ER,boeing,2014,"23,761 hrs","13,099 cycles",GE90-115B,"8,147 hrs","6,000 cycles",D-Check Due,MSG-3,Off Lease,Latin America,Yes,No,None,Poor,396 seats,1 ADs,29,49.9,"3,344 kg/hr",58105000.0,50556000.0,52438000.0
A320neo,Airbus,2021,"10,411 hrs","5,030 cycles",LEAP-1A,"6,772 hrs","3,073 cycles",D-Check Due,MSG-3,Off Lease,Europe,Yes,No,None,Excellent,180 seats,1 ADs,9,67.2,"2,387 kg/hr",48555000.0,43019000.0,39333000.0
737-800,boeing,2002,"53,185 hrs","28,056 cycles",CFM56-7B,"3,161 hrs","1,790 cycles",C-Check Due,OEM Managed,On Lease,Middle East,No,No,None,Poor,189 seats,1 ADs,50,38.0,"3,254 kg/hr",10882000.0,9462000.0,8271000.0
787-9,boeing,2017,"21,718 hrs","12,334 cycles",GEnx-1B,"2,552 hrs","1,550 cycles",D-Check Due,MSG-3,Owned,Africa,Yes,Yes,None,Good,296 seats,0 ADs,20,77.6,"3,601 kg/hr",105673000.0,83405000.0,87605000.0
A320-200,AIRBUS,2009,"46,018 hrs","22,415 cycles",CFM56-5B,"8,646 hrs","6,293 cycles",C-Check Due,Hourly Inspection,On Lease,Latin America,Yes,Yes,None,Poor,180 seats,3 ADs,54,17.6,"3,683 kg/hr",17392000.0,14016000.0,12829000.0
CRJ900,bombardier,2018,"15,797 hrs","10,775 cycles",CF34-8C5,"3,817 hrs","2,126 cycles",D-Check Due,OEM Managed,On Lease,Middle East,Yes,No,None,Excellent,76 seats,0 ADs,28,58.9,"2,336 kg/hr",16557000.0,17648000.0,16749000.0
A320-200,Airbus,2022,"11,411 hrs","5,362 cycles",CFM56-5B,"8,194 hrs","4,299 cycles",Fresh C-Check,Hourly Inspection,Owned,North America,No,No,None,Excellent,180 seats,1 ADs,3,50.7,"3,558 kg/hr",49948000.0,44456000.0,44039000.0
A320-200,airbus,2016,"29,932 hrs","24,103 cycles",V2500,"7,573 hrs","3,558 cycles",Fresh C-Check,Hourly Inspection,On Lease,Africa,No,No,Minor,Fair,180 seats,1 ADs,57,44.5,"1,717 kg/hr",31801000.0,26007000.0,24125000.0
A330-300,Airbus,2012,"45,840 hrs","30,058 cycles",Trent 700,"3,056 hrs","1,628 cycles",D-Check Due,MSG-3,Off Lease,Latin America,Yes,No,None,Excellent,277 seats,2 ADs,26,69.6,"2,894 kg/hr",29742000.0,38542000.0,38454000.0
747-8F,BOEING,2000,"86,837 hrs","41,596 cycles",GEnx-2B,"3,124 hrs","1,817 cycles",C-Check Due,MSG-3,Owned,Latin America,Yes,Yes,None,Poor,Freighter (0 seats),1 ADs,11,46.7,"2,603 kg/hr",23164000.0,27466000.0,28566000.0
737-800,boeing,2004,"57,834 hrs","29,647 cycles",CFM56-7B,"2,900 hrs","1,543 cycles",Fresh C-Check,OEM Managed,Owned,Europe,Yes,Yes,None,Good,189 seats,1 ADs,57,70.4,"2,092 kg/hr",14693000.0,13227000.0,13763000.0
777-300ER,boeing,2011,"25,259 hrs","19,675 cycles",GE90-115B,"6,663 hrs","3,204 cycles",D-Check Due,MSG-3,Off Lease,Middle East,No,Yes,None,Fair,396 seats,1 ADs,36,31.0,"2,994 kg/hr",39790000.0,42368000.0,44331000.0
A320neo,airbus,2002,"77,179 hrs","36,021 cycles",PW1100G,"7,165 hrs","3,743 cycles",Fresh C-Check,MSG-3,Owned,Europe,Yes,No,None,Excellent,180 seats,0 ADs,58,39.2,"3,435 kg/hr",12256000.0,11537000.0,10966000.0
A320-200,Airbus,1998,"55,569 hrs","27,597 cycles",V2500,"2,814 hrs","1,475 cycles",Fresh C-Check,Hourly Inspection,On Lease,Europe,Yes,Yes,None,Fair,180 seats,1 ADs,52,43.4,"1,771 kg/hr",7967000.0,9548000.0,9779000.0
CRJ900,bombardier,2012,"36,678 hrs","24,786 cycles",CF34-8C5,"4,565 hrs","2,414 cycles",D-Check Due,MSG-3,Owned,Africa,Yes,No,None,Poor,76 seats,3 ADs,36,51.2,"1,622 kg/hr",9429000.0,9117000.0,9863000.0
A330-300,AIRBUS,2000,"92,484 hrs","56,617 cycles",Trent 700,"6,712 hrs","5,132 cycles",Fresh C-Check,MSG-3,Owned,Middle East,Yes,Yes,None,Excellent,277 seats,0 ADs,3,68.8,"1,719 kg/hr",24682000.0,22369000.0,21802000.0
CRJ900,bombardier,1998,"61,167 hrs","31,673 cycles",CF34-8C5,"2,770 hrs","1,202 cycles",Fresh C-Check,MSG-3,On Lease,North America,Yes,Yes,Major,Excellent,76 seats,1 ADs,43,60.8,"1,847 kg/hr",5163000.0,4250000.0,4462000.0
777-300ER,Boeing,1998,"72,871 hrs","31,171 cycles",GE90-115B,"3,649 hrs","2,594 cycles",Fresh C-Check,MSG-3,On Lease,Africa,No,No,None,Fair,396 seats,Not Reported,56,45.5,"2,053 kg/hr",26648000.0,21049000.0,22808000.0
A320neo,airbus,2002,"72,093 hrs","37,154 cycles",PW1100G,"4,245 hrs","2,397 cycles",Fresh C-Check,MSG-3,Owned,Latin America,No,Yes,None,Fair,180 seats,2 ADs,2,34.0,"2,649 kg/hr",10924000.0,11140000.0,10459000.0
E175,Embraer,2001,"78,699 hrs","33,321 cycles",CF34-8E,930 hrs,476 cycles,Fresh D-Check,Hourly Inspection,Off Lease,Africa,Yes,No,None,Good,76 seats,0 ADs,30,15.9,"3,161 kg/hr",8209000.0,6274000.0,6617000.0
E175,Embraer,2016,"34,530 hrs","16,818 cycles",CF34-8E,749 hrs,539 cycles,C-Check Due,MSG-3,Owned,Asia-Pacific,No,No,None,Poor,76 seats,1 ADs,33,69.5,"2,789 kg/hr",17182000.0,15971000.0,15734000.0
CRJ900,bombardier,2013,"37,195 hrs","17,127 cycles",CF34-8C5,997 hrs,592 cycles,D-Check Due,MSG-3,On Lease,Middle East,No,Yes,Minor,Fair,76 seats,0 ADs,21,67.8,"2,043 kg/hr",10781000.0,10870000.0,11012000.0
737 MAX 8,Boeing,2010,"32,303 hrs","17,521 cycles",LEAP-1B,"2,175 hrs","1,282 cycles",Fresh D-Check,MSG-3,On Lease,North America,Yes,No,None,Excellent,178 seats,0 ADs,8,56.5,"1,008 kg/hr",30843000.0,26574000.0,29657000.0
ATR 72-600,atr,2006,"61,652 hrs","30,266 cycles",PW127M,"8,330 hrs","3,559 cycles",D-Check Due,Hourly Inspection,On Lease,Africa,No,Yes,None,Poor,70 seats,1 ADs,8,64.2,"3,819 kg/hr",5770000.0,5007000.0,5043000.0
CRJ900,Bombardier,2015,"31,773 hrs","21,572 cycles",CF34-8C5,"2,592 hrs","1,775 cycles",C-Check Due,OEM Managed,On Lease,Europe,Yes,No,None,Good,76 seats,2 ADs,4,43.9,"2,712 kg/hr",16052000.0,13763000.0,12922000.0
A320-200,AIRBUS,2012,"31,577 hrs","14,191 cycles",V2500,"6,579 hrs","3,344 cycles",Fresh C-Check,OEM Managed,On Lease,Asia-Pacific,No,Yes,None,Good,180 seats,3 ADs,55,53.4,"2,124 kg/hr",20734000.0,23888000.0,22402000.0
A330-300,Airbus,2021,"10,850 hrs","5,344 cycles",PW4000,"5,664 hrs","2,372 cycles",C-Check Due,OEM Managed,On Lease,Europe,Yes,Yes,None,Good,277 seats,1 ADs,38,70.1,"2,719 kg/hr",96574000.0,85498000.0,91225000.0
737 MAX 8,BOEING,2015,"20,998 hrs","15,636 cycles",LEAP-1B,"6,771 hrs","3,041 cycles",D-Check Due,OEM Managed,On Lease,Africa,No,Yes,None,Excellent,178 seats,0 ADs,25,49.2,"2,889 kg/hr",28665000.0,28194000.0,26166000.0
A320-200,airbus,2006,"44,428 hrs","31,138 cycles",CFM56-5B,"6,214 hrs","4,388 cycles",Fresh D-Check,MSG-3,Off Lease,Latin America,No,No,None,Fair,180 seats,Not Reported,50,65.3,"2,397 kg/hr",15586000.0,16091000.0,15718000.0
737-800,Boeing,2011,"39,957 hrs","21,580 cycles",CFM56-7B,"7,694 hrs","3,411 cycles",Fresh C-Check,MSG-3,On Lease,Middle East,Yes,No,None,Good,189 seats,0 ADs,11,46.3,"1,456 kg/hr",17217000.0,20022000.0,19270000.0
A330-300,airbus,2019,"19,541 hrs","8,620 cycles",PW4000,"6,141 hrs","4,351 cycles",C-Check Due,MSG-3,Owned,Europe,Yes,Yes,None,Fair,277 seats,0 ADs,14,84.2,"1,507 kg/hr",73787000.0,74428000.0,75184000.0
737-800,BOEING,2012,"37,028 hrs","25,422 cycles",CFM56-7B,"7,419 hrs","5,028 cycles",D-Check Due,MSG-3,Off Lease,Europe,No,Yes,None,Good,189 seats,0 ADs,20,62.8,"2,583 kg/hr",16421000.0,16541000.0,16247000.0
A320neo,Airbus,2007,"51,204 hrs","20,909 cycles",PW1100G,"7,806 hrs","5,881 cycles",Fresh C-Check,OEM Managed,On Lease,Africa,Yes,Yes,None,Fair,180 seats,0 ADs,30,72.1,"3,630 kg/hr",20395000.0,18868000.0,19854000.0
777-300ER,Boeing,2019,"15,774 hrs","8,154 cycles",GE90-115B,"6,045 hrs","2,597 cycles",C-Check Due,MSG-3,Off Lease,Africa,Yes,No,None,Excellent,396 seats,1 ADs,51,57.2,"2,532 kg/hr",96447000.0,84715000.0,89496000.0
A350-900,Airbus,2019,"15,660 hrs","7,240 cycles",Trent XWB,"2,838 hrs","2,020 cycles",Fresh C-Check,MSG-3,Owned,North America,No,No,None,Good,325 seats,2 ADs,59,35.8,"1,874 kg/hr",127972000.0,103553000.0,89827000.0
A320neo,airbus,2011,"32,170 hrs","20,896 cycles",PW1100G,"3,614 hrs","2,067 cycles",C-Check Due,Hourly Inspection,On Lease,North America,Yes,No,None,Fair,180 seats,0 ADs,26,57.2,"2,853 kg/hr",29796000.0,23952000.0,25522000.0
747-8F,Boeing,2022,"10,463 hrs","3,730 cycles",GEnx-2B,293 hrs,123 cycles,Fresh C-Check,MSG-3,Owned,Asia-Pacific,No,No,None,Good,Freighter (0 seats),1 ADs,12,62.4,"3,497 kg/hr",131691000.0,148399000.0,158091000.0
737 MAX 8,BOEING,1998,"87,827 hrs","35,948 cycles",LEAP-1B,"7,221 hrs","4,000 cycles",C-Check Due,MSG-3,On Lease,North America,Yes,No,None,Good,178 seats,1 ADs,59,53.6,"3,521 kg/hr",10929000.0,9085000.0,9233000.0
787-9,boeing,1998,"105,828 hrs","58,729 cycles",Trent 1000,"6,885 hrs","3,756 cycles",C-Check Due,MSG-3,On Lease,Asia-Pacific,Yes,Yes,None,Good,296 seats,4 ADs,10,58.7,"3,766 kg/hr",25743000.0,24665000.0,23514000.0
737-800,boeing,2019,"20,247 hrs","9,765 cycles",CFM56-7B,"3,119 hrs","1,471 cycles",D-Check Due,Hourly Inspection,On Lease,Europe,Yes,No,None,Fair,189 seats,2 ADs,22,39.0,"3,524 kg/hr",30768000.0,25404000.0,27538000.0
A320neo,Airbus,2002,"67,374 hrs","38,076 cycles",PW1100G,"6,454 hrs","3,119 cycles",D-Check Due,MSG-3,On Lease,Middle East,Yes,Yes,None,Fair,180 seats,0 ADs,50,18.9,"3,763 kg/hr",9591000.0,8991000.0,9790000.0
737-800,boeing,2020,"12,560 hrs","7,322 cycles",CFM56-7B,"5,502 hrs","3,040 cycles",D-Check Due,MSG-3,On Lease,Latin America,No,No,None,Good,189 seats,1 ADs,31,11.7,"3,446 kg/hr",29473000.0,27031000.0,28725000.0
A320neo,Airbus,2016,"18,769 hrs","13,673 cycles",PW1100G,"1,972 hrs",869 cycles,D-Check Due,Hourly Inspection,Owned,Europe,Yes,No,None,Excellent,180 seats,2 ADs,3,53.0,"1,469 kg/hr",37249000.0,34039000.0,29270000.0
A330-300,AIRBUS,2016,"16,719 hrs","11,233 cycles",PW4000,"3,519 hrs","1,858 cycles",C-Check Due,MSG-3,Off Lease,North America,No,No,Minor,Good,277 seats,3 ADs,46,50.7,"1,417 kg/hr",61314000.0,52769000.0,49735000.0
ATR 72-600,atr,2017,"26,756 hrs","13,606 cycles",PW127M,"8,891 hrs","6,628 cycles",C-Check Due,MSG-3,On Lease,North America,No,Yes,Minor,Good,70 seats,Not Reported,18,65.7,"2,318 kg/hr",13870000.0,13239000.0,13774000.0
737-800,Boeing,2019,"19,161 hrs","10,727 cycles",CFM56-7B,"2,423 hrs","1,246 cycles",D-Check Due,MSG-3,Off Lease,Latin America,Yes,Yes,None,Fair,189 seats,1 ADs,43,38.7,"2,914 kg/hr",23518000.0,27464000.0,24139000.0
E175,embraer,2020,"10,535 hrs","7,870 cycles",CF34-8E,"8,418 hrs","4,172 cycles",Fresh C-Check,MSG-3,Owned,Asia-Pacific,No,No,None,Excellent,76 seats,0 ADs,52,30.4,"2,562 kg/hr",24823000.0,23639000.0,23547000.0
A320-200,airbus,2015,"21,119 hrs","11,587 cycles",CFM56-5B,"2,954 hrs","1,763 cycles",D-Check Due,MSG-3,On Lease,Latin America,Yes,No,None,Fair,180 seats,1 ADs,0,59.9,"3,350 kg/hr",23391000.0,24726000.0,26634000.0
787-9,Boeing,2004,"72,204 hrs","34,383 cycles",Trent 1000,"2,464 hrs","1,193 cycles",Fresh C-Check,OEM Managed,On Lease,Africa,No,No,None,Fair,296 seats,0 ADs,34,69.5,"2,684 kg/hr",35186000.0,33810000.0,35319000.0
CRJ900,bombardier,2004,"79,447 hrs","52,039 cycles",CF34-8C5,"8,583 hrs","4,921 cycles",D-Check Due,Hourly Inspection,On Lease,Middle East,Yes,No,None,Fair,76 seats,0 ADs,26,29.9,"2,541 kg/hr",4410000.0,4889000.0,4377000.0
737 MAX 8,BOEING,1999,"72,795 hrs","31,894 cycles",LEAP-1B,"6,488 hrs","3,315 cycles",D-Check Due,MSG-3,Owned,North America,No,No,Major,Excellent,178 seats,2 ADs,47,38.0,"2,083 kg/hr",5612000.0,6153000.0,6017000.0
747-8F,boeing,2004,"45,127 hrs","25,285 cycles",GEnx-2B,"7,014 hrs","3,535 cycles",D-Check Due,OEM Managed,Off Lease,Latin America,Yes,Yes,Minor,Good,Freighter (0 seats),1 ADs,11,63.4,"3,068 kg/hr",35092000.0,38659000.0,35046000.0
777-300ER,BOEING,2022,"6,440 hrs","2,920 cycles",GE90-115B,"6,440 hrs","2,920 cycles",C-Check Due,MSG-3,Owned,Middle East,Yes,Yes,None,Fair,396 seats,3 ADs,22,42.5,"1,908 kg/hr",104485000.0,104671000.0,101102000.0
747-8F,Boeing,2003,"53,899 hrs","22,535 cycles",GEnx-2B,"6,905 hrs","4,442 cycles",Fresh C-Check,OEM Managed,Owned,Middle East,No,No,None,Good,Freighter (0 seats),3 ADs,55,17.8,"1,992 kg/hr",28514000.0,33998000.0,33886000.0
747-8F,Boeing,2011,"42,953 hrs","22,508 cycles",GEnx-2B,"8,714 hrs","4,623 cycles",Fresh C-Check,MSG-3,On Lease,Middle East,Yes,No,None,Fair,Freighter (0 seats),2 ADs,15,52.8,"2,080 kg/hr",65964000.0,62389000.0,63721000.0
737 MAX 8,BOEING,2008,"45,657 hrs","19,029 cycles",LEAP-1B,"8,320 hrs","4,534 cycles",Fresh D-Check,MSG-3,On Lease,Latin America,Yes,Yes,Minor,Fair,178 seats,0 ADs,33,79.2,"1,897 kg/hr",21250000.0,20287000.0,18991000.0
A320-200,Airbus,2022,"9,815 hrs","5,631 cycles",CFM56-5B,"7,156 hrs","4,852 cycles",Fresh C-Check,OEM Managed,On Lease,North America,Yes,No,None,Good,180 seats,1 ADs,11,36.3,"1,946 kg/hr",43896000.0,44235000.0,43845000.0
A350-900,Airbus,2013,"40,121 hrs","19,334 cycles",Trent XWB,"4,317 hrs","2,070 cycles",Fresh C-Check,MSG-3,Owned,Africa,No,No,None,Fair,325 seats,1 ADs,59,67.1,"3,401 kg/hr",64365000.0,64874000.0,60950000.0
CRJ900,bombardier,2002,"71,798 hrs","44,733 cycles",CF34-8C5,490 hrs,281 cycles,Fresh C-Check,MSG-3,On Lease,Africa,Yes,No,None,Fair,76 seats,1 ADs,21,67.4,"3,498 kg/hr",6788000.0,6617000.0,5797000.0
777-300ER,boeing,2000,"73,896 hrs","30,236 cycles",GE90-115B,"2,309 hrs","1,731 cycles",D-Check Due,OEM Managed,On Lease,Asia-Pacific,Yes,No,None,Good,396 seats,3 ADs,46,54.1,"3,728 kg/hr",22520000.0,21308000.0,21943000.0
ATR 72-600,atr,2018,"25,879 hrs","15,466 cycles",PW127M,"5,312 hrs","3,482 cycles",D-Check Due,OEM Managed,Off Lease,Asia-Pacific,Yes,Yes,None,Good,70 seats,0 ADs,35,41.8,"2,321 kg/hr",15922000.0,12270000.0,11649000.0
737 MAX 8,BOEING,2005,"62,422 hrs","37,917 cycles",LEAP-1B,"3,260 hrs","1,627 cycles",D-Check Due,OEM Managed,On Lease,Latin America,Yes,No,None,Good,178 seats,1 ADs,7,66.1,"3,044 kg/hr",11801000.0,12131000.0,11733000.0
787-9,Boeing,1998,"77,140 hrs","42,844 cycles",Trent 1000,"6,437 hrs","3,073 cycles",Fresh C-Check,MSG-3,Off Lease,Latin America,Yes,No,None,Fair,296 seats,2 ADs,46,47.0,"1,871 kg/hr",23573000.0,22423000.0,22828000.0
CRJ900,bombardier,2002,"63,789 hrs","26,919 cycles",CF34-8C5,"2,723 hrs","1,735 cycles",C-Check Due,MSG-3,Off Lease,Europe,No,Yes,None,Good,76 seats,1 ADs,54,46.6,"3,124 kg/hr",5021000.0,5006000.0,4673000.0
A320-200,Airbus,2001,"88,685 hrs","51,311 cycles",CFM56-5B,"6,557 hrs","3,578 cycles",Fresh C-Check,Hourly Inspection,Owned,Middle East,No,No,Minor,Good,180 seats,1 ADs,10,70.3,"3,997 kg/hr",7886000.0,10194000.0,9544000.0
E175,embraer,2013,"43,941 hrs","23,852 cycles",CF34-8E,"3,734 hrs","2,679 cycles",D-Check Due,MSG-3,Owned,Middle East,No,No,None,Excellent,76 seats,0 ADs,17,61.8,"2,393 kg/hr",11387000.0,11188000.0,12607000.0
A330-300,Airbus,2014,"27,851 hrs","12,222 cycles",Trent 700,"2,678 hrs","1,599 cycles",Fresh C-Check,OEM Managed,Off Lease,Asia-Pacific,Yes,No,None,Fair,277 seats,0 ADs,56,64.5,"2,636 kg/hr",56791000.0,55757000.0,52127000.0
A320-200,AIRBUS,2013,"39,814 hrs","19,840 cycles",CFM56-5B,"2,367 hrs",999 cycles,D-Check Due,MSG-3,On Lease,Africa,Yes,Yes,None,Excellent,180 seats,3 ADs,12,31.2,"2,624 kg/hr",22101000.0,17799000.0,18662000.0
737-800,Boeing,1998,"69,747 hrs","31,508 cycles",CFM56-7B,"7,713 hrs","4,523 cycles",Fresh C-Check,Hourly Inspection,On Lease,Europe,Yes,Yes,None,Good,189 seats,1 ADs,52,41.6,"2,341 kg/hr",7816000.0,8780000.0,7835000.0
737 MAX 8,BOEING,2021,"11,419 hrs","5,893 cycles",LEAP-1B,"1,295 hrs",809 cycles,C-Check Due,MSG-3,Off Lease,Middle East,Yes,No,None,Poor,178 seats,1 ADs,5,61.3,"2,295 kg/hr",36337000.0,39398000.0,37980000.0
A330-300,airbus,2001,"81,588 hrs","44,664 cycles",Trent 700,"6,168 hrs","2,583 cycles",Fresh C-Check,Hourly Inspection,On Lease,Middle East,Yes,Yes,None,Excellent,277 seats,1 ADs,6,47.1,"2,335 kg/hr",21665000.0,20189000.0,22566000.0
787-9,BOEING,2019,"18,213 hrs","8,621 cycles",Trent 1000,"3,117 hrs","1,394 cycles",D-Check Due,OEM Managed,Owned,Latin America,Yes,Yes,None,Fair,296 seats,1 ADs,15,79.4,"3,238 kg/hr",79927000.0,93206000.0,91100000.0
E175,Embraer,2018,"20,126 hrs","9,856 cycles",CF34-8E,761 hrs,355 cycles,D-Check Due,Hourly Inspection,On Lease,Africa,No,No,Major,Excellent,76 seats,1 ADs,14,70.5,"2,581 kg/hr",17943000.0,15771000.0,15619000.0
777-300ER,Boeing,2016,"27,248 hrs","14,150 cycles",GE90-115B,683 hrs,324 cycles,Fresh D-Check,MSG-3,Off Lease,Europe,No,No,None,Good,396 seats,3 ADs,53,89.1,"2,970 kg/hr",91692000.0,91144000.0,80390000.0
777-300ER,boeing,2019,"15,357 hrs","8,074 cycles",GE90-115B,"5,432 hrs","3,229 cycles",Fresh C-Check,Hourly Inspection,Owned,North America,Yes,Yes,None,Good,396 seats,3 ADs,5,60.0,"3,129 kg/hr",110747000.0,90856000.0,92659000.0
777-300ER,boeing,1999,"72,187 hrs","40,775 cycles",GE90-115B,"4,627 hrs","2,928 cycles",Fresh C-Check,OEM Managed,Owned,Europe,Yes,No,None,Excellent,396 seats,0 ADs,7,59.7,"1,022 kg/hr",29095000.0,25007000.0,25122000.0
787-9,Boeing,2007,"62,714 hrs","38,074 cycles",GEnx-1B,"8,256 hrs","3,665 cycles",C-Check Due,OEM Managed,Owned,Asia-Pacific,Yes,Yes,None,Good,296 seats,1 ADs,40,38.5,"3,568 kg/hr",36831000.0,34385000.0,36193000.0
787-9,boeing,2008,"54,113 hrs","22,608 cycles",Trent 1000,421 hrs,193 cycles,D-Check Due,OEM Managed,Off Lease,Europe,No,No,None,Excellent,296 seats,1 ADs,2,57.1,"2,828 kg/hr",48840000.0,37070000.0,39594000.0
737-800,Boeing,2013,"19,671 hrs","15,316 cycles",CFM56-7B,"4,450 hrs","2,804 cycles",C-Check Due,MSG-3,Owned,Latin America,Yes,No,Major,Good,189 seats,1 ADs,7,53.3,"1,541 kg/hr",22639000.0,19407000.0,21254000.0
CRJ900,bombardier,2013,"27,075 hrs","11,191 cycles",CF34-8C5,745 hrs,462 cycles,Fresh C-Check,MSG-3,Owned,Middle East,No,Yes,None,Excellent,76 seats,0 ADs,10,28.6,"3,492 kg/hr",12657000.0,13893000.0,12715000.0
777-300ER,boeing,2004,"65,760 hrs","32,185 cycles",GE90-115B,"5,766 hrs","2,679 cycles",Fresh C-Check,MSG-3,On Lease,Asia-Pacific,Yes,Yes,None,Good,396 seats,Not Reported,37,42.1,"2,922 kg/hr",29356000.0,29623000.0,30718000.0
737 MAX 8,BOEING,2009,"44,383 hrs","25,020 cycles",LEAP-1B,"7,798 hrs","3,736 cycles",Fresh D-Check,OEM Managed,Owned,Middle East,No,Yes,None,Fair,178 seats,4 ADs,47,38.1,"3,047 kg/hr",18960000.0,18716000.0,18400000.0
787-9,BOEING,2004,"77,696 hrs","46,260 cycles",Trent 1000,"6,690 hrs","3,252 cycles",Fresh D-Check,Hourly Inspection,Off Lease,Africa,Yes,No,None,Poor,296 seats,0 ADs,22,29.0,900 kg/hr,32553000.0,29388000.0,31612000.0
787-9,Boeing,2006,"63,565 hrs","43,289 cycles",GEnx-1B,"1,659 hrs",794 cycles,Fresh C-Check,MSG-3,On Lease,Middle East,Yes,No,None,Poor,296 seats,0 ADs,12,51.0,"2,201 kg/hr",33536000.0,36390000.0,38344000.0
737-800,boeing,2007,"36,180 hrs","25,216 cycles",CFM56-7B,"8,191 hrs","3,504 cycles",C-Check Due,OEM Managed,Off Lease,Asia-Pacific,Yes,No,None,Excellent,189 seats,2 ADs,49,62.7,"1,529 kg/hr",19851000.0,14707000.0,13738000.0
747-8F,Boeing,2009,"36,404 hrs","22,588 cycles",GEnx-2B,"4,873 hrs","3,160 cycles",Fresh C-Check,OEM Managed,On Lease,Middle East,Yes,No,None,Fair,Freighter (0 seats),1 ADs,48,51.1,"1,714 kg/hr",50939000.0,65328000.0,63036000.0
A320neo,AIRBUS,2016,"19,357 hrs","9,100 cycles",LEAP-1A,"1,669 hrs",712 cycles,C-Check Due,MSG-3,Owned,Latin America,Yes,No,None,Excellent,180 seats,0 ADs,35,31.2,"2,853 kg/hr",36148000.0,33088000.0,32847000.0
ATR 72-600,atr,2007,"58,727 hrs","35,725 cycles",PW127M,"6,882 hrs","3,623 cycles",C-Check Due,OEM Managed,On Lease,Latin America,No,No,None,Good,70 seats,1 ADs,55,49.1,"2,653 kg/hr",5296000.0,5929000.0,6611000.0
E175,Embraer,2017,"25,525 hrs","13,366 cycles",CF34-8E,"4,718 hrs","2,331 cycles",Fresh D-Check,Hourly Inspection,Off Lease,Middle East,Yes,Yes,None,Good,76 seats,0 ADs,39,46.0,"1,469 kg/hr",24261000.0,20825000.0,19712000.0
CRJ900,Bombardier,2014,"38,961 hrs","28,538 cycles",CF34-8C5,"8,305 hrs","4,848 cycles",C-Check Due,MSG-3,Off Lease,Middle East,Yes,Yes,None,Excellent,76 seats,2 ADs,5,57.6,"2,754 kg/hr",14263000.0,12037000.0,11966000.0
A320neo,airbus,2002,"72,836 hrs","41,411 cycles",PW1100G,470 hrs,250 cycles,Fresh C-Check,MSG-3,On Lease,Latin America,Yes,No,Major,Fair,180 seats,0 ADs,28,23.7,"1,134 kg/hr",10010000.0,8971000.0,8471000.0
737-800,boeing,2005,"61,019 hrs","36,738 cycles",CFM56-7B,948 hrs,675 cycles,Fresh C-Check,OEM Managed,Owned,Europe,No,Yes,None,Excellent,189 seats,2 ADs,19,90.9,"3,616 kg/hr",16657000.0,13196000.0,12540000.0
737-800,BOEING,2001,"56,055 hrs","39,515 cycles",CFM56-7B,"6,294 hrs","2,768 cycles",C-Check Due,MSG-3,On Lease,Europe,Yes,Yes,None,Excellent,189 seats,1 ADs,30,54.3,"2,768 kg/hr",11049000.0,10339000.0,10453000.0
777-300ER,Boeing,2015,"39,856 hrs","18,149 cycles",GE90-115B,335 hrs,195 cycles,D-Check Due,MSG-3,Owned,North America,Yes,Yes,None,Good,396 seats,0 ADs,20,48.6,"2,720 kg/hr",52621000.0,55768000.0,56230000.0
737 MAX 8,Boeing,2000,"52,847 hrs","32,360 cycles",LEAP-1B,"8,053 hrs","4,028 cycles",Fresh C-Check,MSG-3,Owned,North America,Yes,Yes,None,Good,178 seats,1 ADs,8,34.9,"3,127 kg/hr",10917000.0,11203000.0,11311000.0
787-9,BOEING,2022,"6,784 hrs","2,857 cycles",GEnx-1B,"5,486 hrs","2,405 cycles",Fresh D-Check,MSG-3,On Lease,Asia-Pacific,Yes,No,None,Fair,296 seats,0 ADs,10,72.3,"3,309 kg/hr",153360000.0,155188000.0,147865000.0
A350-900,Airbus,2000,"75,554 hrs","35,890 cycles",Trent XWB,"3,568 hrs","1,968 cycles",D-Check Due,MSG-3,On Lease,Latin America,No,No,None,Poor,325 seats,Not Reported,46,47.8,"2,298 kg/hr",23669000.0,21223000.0,22685000.0
787-9,BOEING,2014,"36,835 hrs","22,990 cycles",GEnx-1B,"2,528 hrs","1,386 cycles",Fresh D-Check,OEM Managed,On Lease,North America,Yes,No,None,Excellent,296 seats,1 ADs,52,50.9,"2,950 kg/hr",82002000.0,75899000.0,79750000.0
737 MAX 8,boeing,2002,"58,676 hrs","41,191 cycles",LEAP-1B,"6,007 hrs","2,612 cycles",C-Check Due,OEM Managed,On Lease,Africa,No,Yes,None,Good,178 seats,2 ADs,58,35.1,"1,687 kg/hr",12455000.0,10815000.0,10678000.0
777-300ER,BOEING,2022,"8,639 hrs","5,719 cycles",GE90-115B,"5,611 hrs","4,090 cycles",C-Check Due,Hourly Inspection,On Lease,Europe,No,Yes,Minor,Excellent,396 seats,0 ADs,16,52.3,"3,715 kg/hr",102376000.0,106130000.0,109769000.0
737 MAX 8,Boeing,2006,"42,344 hrs","23,725 cycles",LEAP-1B,"8,083 hrs","3,746 cycles",Fresh C-Check,MSG-3,Owned,Latin America,Yes,No,None,Good,178 seats,3 ADs,9,70.8,"2,120 kg/hr",17982000.0,16894000.0,15659000.0
A330-300,Airbus,2020,"14,780 hrs","11,002 cycles",CF6-80E1,"4,330 hrs","2,868 cycles",C-Check Due,MSG-3,Owned,North America,Yes,Yes,None,Fair,277 seats,1 ADs,50,38.0,"2,843 kg/hr",77804000.0,76184000.0,74412000.0
A350-900,Airbus,2017,"28,784 hrs","18,370 cycles",Trent XWB,"7,539 hrs","5,250 cycles",C-Check Due,MSG-3,On Lease,Latin America,Yes,No,None,Good,325 seats,2 ADs,58,63.4,"2,814 kg/hr",98512000.0,81628000.0,85556000.0
777-300ER,boeing,2016,"21,162 hrs","17,356 cycles",GE90-115B,"4,619 hrs","2,634 cycles",Fresh C-Check,MSG-3,Off Lease,Europe,Yes,Yes,None,Good,396 seats,0 ADs,46,45.4,977 kg/hr,96304000.0,79510000.0,80993000.0
A320-200,Airbus,2018,"20,866 hrs","9,531 cycles",CFM56-5B,"6,538 hrs","3,182 cycles",C-Check Due,MSG-3,Off Lease,Middle East,Yes,No,None,Good,180 seats,2 ADs,31,55.9,"2,971 kg/hr",36999000.0,31342000.0,31333000.0
737 MAX 8,boeing,2003,"66,846 hrs","35,124 cycles",LEAP-1B,"3,457 hrs","1,873 cycles",Fresh C-Check,Hourly Inspection,On Lease,Middle East,No,No,None,Good,178 seats,0 ADs,32,38.1,"3,879 kg/hr",14088000.0,11549000.0,11240000.0
A320-200,AIRBUS,2000,"61,369 hrs","32,407 cycles",V2500,677 hrs,305 cycles,C-Check Due,MSG-3,Owned,North America,Yes,Yes,None,Good,180 seats,0 ADs,26,41.4,"2,233 kg/hr",9508000.0,8760000.0,8333000.0
747-8F,BOEING,2018,"22,277 hrs","11,301 cycles",GEnx-2B,"2,423 hrs","1,244 cycles",Fresh C-Check,MSG-3,Off Lease,Europe,Yes,No,None,Excellent,Freighter (0 seats),1 ADs,48,79.5,"1,984 kg/hr",108739000.0,118414000.0,110018000.0
E175,Embraer,2022,"10,041 hrs","5,828 cycles",CF34-8E,"7,587 hrs","3,178 cycles",C-Check Due,Hourly Inspection,On Lease,Asia-Pacific,No,No,None,Poor,76 seats,1 ADs,56,42.9,"3,076 kg/hr",23342000.0,22896000.0,23397000.0
A320-200,Airbus,2005,"46,445 hrs","28,730 cycles",CFM56-5B,"5,190 hrs","3,949 cycles",C-Check Due,Hourly Inspection,Off Lease,Africa,Yes,Yes,None,Good,180 seats,0 ADs,18,48.5,"3,119 kg/hr",13976000.0,12919000.0,13707000.0
A330-300,AIRBUS,2017,"20,604 hrs","12,555 cycles",Trent 700,"6,031 hrs","4,321 cycles",Fresh C-Check,MSG-3,On Lease,Africa,No,No,None,Good,277 seats,0 ADs,51,67.3,"3,472 kg/hr",62129000.0,70678000.0,73892000.0
A330-300,airbus,2001,"64,412 hrs","33,804 cycles",CF6-80E1,"1,935 hrs",901 cycles,Fresh C-Check,Hourly Inspection,Off Lease,Europe,Yes,No,None,Good,277 seats,2 ADs,11,50.1,942 kg/hr,27533000.0,19419000.0,19925000.0
777-300ER,BOEING,2017,"19,745 hrs","12,890 cycles",GE90-115B,"5,346 hrs","2,502 cycles",D-Check Due,MSG-3,On Lease,Europe,No,No,Minor,Good,396 seats,0 ADs,43,52.5,"2,150 kg/hr",70591000.0,68304000.0,67208000.0
787-9,BOEING,2020,"12,932 hrs","7,135 cycles",Trent 1000,"8,707 hrs","5,706 cycles",Fresh D-Check,MSG-3,Off Lease,Europe,Yes,No,None,Fair,296 seats,0 ADs,4,16.5,"2,237 kg/hr",115414000.0,102008000.0,104504000.0
CRJ900,bombardier,2019,"9,586 hrs","5,558 cycles",CF34-8C5,"6,030 hrs","3,344 cycles",C-Check Due,MSG-3,Off Lease,Europe,Yes,Yes,Minor,Good,76 seats,1 ADs,44,71.6,"3,742 kg/hr",17308000.0,18004000.0,19776000.0
747-8F,Boeing,2021,"14,686 hrs","4,931 cycles",GEnx-2B,"3,737 hrs","1,581 cycles",D-Check Due,Hourly Inspection,On Lease,Europe,Yes,No,None,Poor,Freighter (0 seats),0 ADs,7,45.7,"2,400 kg/hr",110086000.0,105630000.0,104371000.0
737 MAX 8,Boeing,2013,"41,471 hrs","21,245 cycles",LEAP-1B,"3,315 hrs","2,275 cycles",Fresh D-Check,MSG-3,Owned,Africa,No,Yes,Minor,Good,178 seats,0 ADs,26,64.2,"3,081 kg/hr",26123000.0,27000000.0,23987000.0
737 MAX 8,boeing,2012,"35,518 hrs","15,861 cycles",LEAP-1B,"7,758 hrs","4,761 cycles",Fresh C-Check,MSG-3,Off Lease,Europe,No,Yes,None,Excellent,178 seats,2 ADs,25,56.2,"2,376 kg/hr",23636000.0,24214000.0,24363000.0
ATR 72-600,atr,2014,"31,565 hrs","12,819 cycles",PW127M,"2,329 hrs","1,009 cycles",Fresh D-Check,Hourly Inspection,Off Lease,Europe,Yes,No,Minor,Excellent,70 seats,1 ADs,26,47.3,"1,289 kg/hr",13613000.0,13237000.0,12936000.0
A330-300,AIRBUS,2020,"12,567 hrs","9,775 cycles",CF6-80E1,990 hrs,749 cycles,Fresh D-Check,OEM Managed,On Lease,Middle East,Yes,Yes,Minor,Good,277 seats,3 ADs,49,79.2,"1,262 kg/hr",100257000.0,97357000.0,85855000.0
A320neo,airbus,2013,"42,623 hrs","20,135 cycles",PW1100G,"7,503 hrs","4,508 cycles",Fresh D-Check,OEM Managed,On Lease,Europe,Yes,No,None,Excellent,180 seats,Not Reported,5,76.7,"2,474 kg/hr",33278000.0,28315000.0,28238000.0
A350-900,airbus,2018,"19,856 hrs","8,018 cycles",Trent XWB,"5,456 hrs","2,637 cycles",Fresh C-Check,Hourly Inspection,On Lease,Latin America,Yes,Yes,None,Good,325 seats,1 ADs,14,69.4,"3,686 kg/hr",116154000.0,112359000.0,112878000.0
A320neo,AIRBUS,1999,"78,878 hrs","49,524 cycles",PW1100G,"2,817 hrs","1,965 cycles",Fresh C-Check,MSG-3,On Lease,Middle East,No,Yes,Major,Good,180 seats,Not Reported,35,46.2,"4,224 kg/hr",9919000.0,8679000.0,7504000.0
737 MAX 8,boeing,2013,"29,144 hrs","17,031 cycles",LEAP-1B,"4,688 hrs","2,136 cycles",C-Check Due,MSG-3,Off Lease,Latin America,Yes,No,None,Excellent,178 seats,3 ADs,2,55.3,"2,806 kg/hr",28703000.0,24866000.0,24861000.0
787-9,BOEING,2011,"50,137 hrs","24,484 cycles",GEnx-1B,"7,554 hrs","5,754 cycles",Fresh C-Check,Hourly Inspection,Owned,Middle East,No,No,Minor,Good,296 seats,2 ADs,48,60.1,"2,257 kg/hr",57975000.0,50553000.0,53670000.0
E175,Embraer,2009,"49,256 hrs","28,673 cycles",CF34-8E,"3,502 hrs","2,674 cycles",D-Check Due,MSG-3,Off Lease,Europe,No,No,None,Good,76 seats,2 ADs,28,100.0,"3,509 kg/hr",12082000.0,9870000.0,9429000.0
CRJ900,bombardier,2010,"25,544 hrs","13,247 cycles",CF34-8C5,"2,418 hrs","1,250 cycles",D-Check Due,Hourly Inspection,Off Lease,North America,Yes,No,Minor,Fair,76 seats,1 ADs,22,61.7,"1,989 kg/hr",8941000.0,9759000.0,9730000.0
777-300ER,Boeing,1998,"102,109 hrs","49,594 cycles",GE90-115B,483 hrs,281 cycles,D-Check Due,MSG-3,Off Lease,Middle East,No,Yes,None,Fair,396 seats,2 ADs,46,21.7,"5,338 kg/hr",19590000.0,16185000.0,15972000.0
E175,Embraer,2018,"14,401 hrs","6,226 cycles",CF34-8E,"1,780 hrs",818 cycles,Fresh D-Check,Hourly Inspection,Off Lease,North America,Yes,No,None,Good,76 seats,1 ADs,57,76.9,"1,426 kg/hr",21472000.0,25601000.0,27803000.0
A330-300,Airbus,2004,"65,604 hrs","28,453 cycles",PW4000,"6,434 hrs","4,447 cycles",Fresh C-Check,OEM Managed,On Lease,Latin America,Yes,No,None,Good,277 seats,Not Reported,34,59.0,"1,221 kg/hr",29094000.0,25241000.0,25627000.0
A320neo,airbus,2000,"68,045 hrs","32,753 cycles",LEAP-1A,"6,914 hrs","4,610 cycles",Fresh C-Check,Hourly Inspection,Owned,Middle East,Yes,No,None,Good,180 seats,1 ADs,30,66.9,"2,871 kg/hr",7705000.0,11349000.0,11504000.0
E175,Embraer,2016,"22,335 hrs","14,080 cycles",CF34-8E,"3,177 hrs","1,539 cycles",D-Check Due,MSG-3,Owned,Middle East,No,No,None,Fair,76 seats,1 ADs,48,92.4,976 kg/hr,15123000.0,16719000.0,17637000.0
737 MAX 8,Boeing,2018,"13,548 hrs","9,840 cycles",LEAP-1B,"1,835 hrs","1,084 cycles",Fresh D-Check,OEM Managed,On Lease,Middle East,Yes,No,Minor,Excellent,178 seats,2 ADs,25,73.2,"2,040 kg/hr",42868000.0,44613000.0,43737000.0
CRJ900,Bombardier,1998,"77,609 hrs","33,395 cycles",CF34-8C5,"8,131 hrs","3,855 cycles",Fresh C-Check,Hourly Inspection,Owned,Middle East,No,Yes,None,Good,76 seats,2 ADs,41,59.9,"2,192 kg/hr",5168000.0,4871000.0,5006000.0
E175,embraer,2003,"51,334 hrs","24,867 cycles",CF34-8E,"4,513 hrs","1,949 cycles",C-Check Due,MSG-3,Off Lease,Africa,Yes,No,None,Excellent,76 seats,1 ADs,7,62.6,"1,103 kg/hr",8801000.0,7473000.0,7678000.0
A320neo,Airbus,2006,"52,946 hrs","32,327 cycles",PW1100G,"2,829 hrs","1,299 cycles",D-Check Due,OEM Managed,Owned,Asia-Pacific,Yes,No,None,Poor,180 seats,0 ADs,22,77.3,"3,263 kg/hr",14910000.0,13793000.0,14241000.0
787-9,Boeing,1998,"73,297 hrs","52,852 cycles",GEnx-1B,"8,374 hrs","4,163 cycles",D-Check Due,Hourly Inspection,Owned,Latin America,No,Yes,None,Fair,296 seats,0 ADs,44,82.5,"2,158 kg/hr",24889000.0,22244000.0,22509000.0
A320-200,Airbus,2014,"30,407 hrs","18,030 cycles",CFM56-5B,"4,510 hrs","2,191 cycles",C-Check Due,Hourly Inspection,Off Lease,Latin America,Yes,No,None,Good,180 seats,Not Reported,0,46.7,"1,289 kg/hr",29816000.0,22685000.0,23932000.0
A350-900,Airbus,2008,"52,572 hrs","25,143 cycles",Trent XWB,"4,636 hrs","2,267 cycles",Fresh C-Check,OEM Managed,On Lease,North America,Yes,No,None,Good,325 seats,Not Reported,27,26.2,"3,879 kg/hr",45196000.0,43120000.0,45974000.0
A320neo,airbus,2017,"24,493 hrs","10,905 cycles",LEAP-1A,"7,289 hrs","4,407 cycles",Fresh C-Check,MSG-3,Owned,Latin America,Yes,No,Major,Fair,180 seats,3 ADs,16,53.0,"3,831 kg/hr",28616000.0,27003000.0,26085000.0
A320neo,airbus,2011,"37,291 hrs","16,794 cycles",LEAP-1A,"6,234 hrs","3,219 cycles",Fresh C-Check,MSG-3,Owned,Asia-Pacific,No,Yes,None,Excellent,180 seats,1 ADs,12,66.6,"1,659 kg/hr",28992000.0,27578000.0,25297000.0
A320-200,airbus,2002,"55,168 hrs","23,654 cycles",V2500,"6,538 hrs","4,121 cycles",Fresh C-Check,MSG-3,Off Lease,Latin America,Yes,Yes,None,Poor,180 seats,1 ADs,25,48.5,"2,137 kg/hr",7838000.0,10211000.0,10749000.0
737-800,boeing,2003,"88,085 hrs","49,621 cycles",CFM56-7B,"8,863 hrs","3,770 cycles",Fresh C-Check,MSG-3,Owned,Asia-Pacific,No,No,None,Good,189 seats,0 ADs,36,70.2,"3,689 kg/hr",8642000.0,10902000.0,11126000.0
A320neo,Airbus,2016,"22,620 hrs","14,643 cycles",LEAP-1A,"1,246 hrs",565 cycles,Fresh D-Check,MSG-3,On Lease,Africa,Yes,Yes,Major,Fair,180 seats,1 ADs,29,37.3,"2,562 kg/hr",36689000.0,28188000.0,28544000.0
A350-900,AIRBUS,2016,"27,131 hrs","14,467 cycles",Trent XWB,"4,996 hrs","2,511 cycles",Fresh C-Check,OEM Managed,On Lease,Latin America,No,No,None,Poor,325 seats,1 ADs,56,52.0,"1,871 kg/hr",71329000.0,83575000.0,80154000.0
737 MAX 8,BOEING,2005,"47,994 hrs","21,257 cycles",LEAP-1B,"8,762 hrs","4,060 cycles",D-Check Due,MSG-3,Owned,Europe,Yes,No,None,Excellent,178 seats,0 ADs,33,53.2,"3,035 kg/hr",13651000.0,13121000.0,12693000.0
737 MAX 8,BOEING,2002,"79,494 hrs","56,280 cycles",LEAP-1B,"6,729 hrs","3,446 cycles",C-Check Due,Hourly Inspection,Off Lease,Asia-Pacific,Yes,No,None,Good,178 seats,2 ADs,15,47.9,"3,404 kg/hr",10404000.0,10251000.0,9824000.0
737 MAX 8,boeing,2003,"54,962 hrs","24,700 cycles",LEAP-1B,"4,425 hrs","2,561 cycles",C-Check Due,OEM Managed,Owned,Middle East,No,Yes,None,Fair,178 seats,1 ADs,40,85.9,"2,824 kg/hr",13386000.0,13410000.0,12938000.0
737 MAX 8,boeing,2007,"53,405 hrs","27,080 cycles",LEAP-1B,"8,208 hrs","5,188 cycles",C-Check Due,Hourly Inspection,On Lease,Asia-Pacific,Yes,Yes,None,Fair,178 seats,1 ADs,23,37.4,900 kg/hr,13061000.0,14812000.0,13353000.0
787-9,BOEING,2003,"75,283 hrs","48,489 cycles",Trent 1000,"7,293 hrs","3,639 cycles",Fresh D-Check,MSG-3,Owned,Middle East,Yes,Yes,None,Good,296 seats,0 ADs,3,64.3,"1,697 kg/hr",28266000.0,35094000.0,33390000.0
A330-300,airbus,2003,"44,848 hrs","20,926 cycles",PW4000,"2,593 hrs","1,965 cycles",D-Check Due,OEM Managed,On Lease,Europe,Yes,No,None,Good,277 seats,0 ADs,36,43.9,"2,972 kg/hr",27946000.0,26073000.0,23980000.0
CRJ900,bombardier,2010,"42,185 hrs","29,758 cycles",CF34-8C5,"3,254 hrs","1,564 cycles",Fresh D-Check,OEM Managed,Owned,Africa,Yes,No,None,Fair,76 seats,1 ADs,2,52.0,"1,648 kg/hr",10695000.0,10875000.0,10820000.0
A330-300,airbus,2021,"10,527 hrs","7,789 cycles",PW4000,"4,395 hrs","2,299 cycles",D-Check Due,Hourly Inspection,On Lease,Europe,No,No,Major,Good,277 seats,0 ADs,38,23.3,"4,284 kg/hr",58734000.0,51172000.0,50885000.0
A320neo,Airbus,2002,"71,457 hrs","42,627 cycles",LEAP-1A,"1,972 hrs",970 cycles,Fresh C-Check,MSG-3,Owned,Middle East,No,Yes,None,Fair,180 seats,3 ADs,48,73.8,"2,120 kg/hr",12225000.0,12948000.0,13340000.0
777-300ER,BOEING,2005,"63,937 hrs","28,035 cycles",GE90-115B,"7,381 hrs","4,435 cycles",Fresh C-Check,MSG-3,On Lease,Africa,No,Yes,Minor,Excellent,396 seats,0 ADs,46,47.9,"1,879 kg/hr",27284000.0,29709000.0,31223000.0
777-300ER,BOEING,2019,"19,514 hrs","11,552 cycles",GE90-115B,637 hrs,289 cycles,D-Check Due,OEM Managed,On Lease,Latin America,Yes,No,Major,Good,396 seats,2 ADs,40,65.6,"1,016 kg/hr",58629000.0,67823000.0,64337000.0
CRJ900,bombardier,2015,"25,186 hrs","12,842 cycles",CF34-8C5,"7,896 hrs","4,509 cycles",D-Check Due,OEM Managed,Off Lease,Latin America,No,No,Minor,Good,76 seats,2 ADs,56,33.6,"2,156 kg/hr",10627000.0,11070000.0,10587000.0
747-8F,BOEING,2017,"16,790 hrs","8,784 cycles",GEnx-2B,"2,673 hrs","1,954 cycles",C-Check Due,MSG-3,On Lease,Asia-Pacific,Yes,No,None,Poor,Freighter (0 seats),1 ADs,31,77.3,"3,649 kg/hr",96956000.0,99750000.0,99917000.0
A320neo,AIRBUS,2017,"19,472 hrs","12,266 cycles",LEAP-1A,"8,333 hrs","3,752 cycles",C-Check Due,MSG-3,Off Lease,North America,Yes,No,Minor,Good,180 seats,5 ADs,54,47.0,"2,997 kg/hr",38687000.0,28857000.0,29483000.0
ATR 72-600,ATR,2017,"26,957 hrs","13,061 cycles",PW127M,"3,460 hrs","1,806 cycles",Fresh C-Check,Hourly Inspection,On Lease,Asia-Pacific,Yes,No,Minor,Good,70 seats,1 ADs,17,43.7,"3,701 kg/hr",12536000.0,14280000.0,13427000.0
787-9,BOEING,2016,"23,394 hrs","13,916 cycles",GEnx-1B,"8,931 hrs","4,407 cycles",C-Check Due,MSG-3,On Lease,Middle East,No,Yes,None,Good,296 seats,1 ADs,23,60.3,"2,936 kg/hr",87319000.0,77944000.0,77730000.0
737 MAX 8,boeing,2021,"12,698 hrs","6,358 cycles",LEAP-1B,"6,845 hrs","2,980 cycles",C-Check Due,OEM Managed,Owned,Asia-Pacific,No,No,Minor,Good,178 seats,1 ADs,1,49.0,"2,942 kg/hr",43714000.0,37049000.0,37624000.0
737-800,Boeing,2001,"66,182 hrs","33,159 cycles",CFM56-7B,"6,450 hrs","3,933 cycles",Fresh D-Check,Hourly Inspection,Owned,Asia-Pacific,No,No,None,Good,189 seats,0 ADs,44,85.1,"2,993 kg/hr",9755000.0,10734000.0,10975000.0
737 MAX 8,boeing,2018,"19,040 hrs","12,869 cycles",LEAP-1B,"2,394 hrs","1,356 cycles",Fresh C-Check,OEM Managed,Owned,Africa,Yes,Yes,None,Fair,178 seats,1 ADs,32,49.2,"3,488 kg/hr",47410000.0,38483000.0,36063000.0
A320-200,AIRBUS,2002,"68,233 hrs","55,792 cycles",CFM56-5B,"1,292 hrs",538 cycles,D-Check Due,Hourly Inspection,On Lease,Europe,Yes,No,None,Fair,180 seats,1 ADs,50,66.8,"2,785 kg/hr",7893000.0,8821000.0,8860000.0
A320neo,Airbus,2011,"36,051 hrs","15,650 cycles",PW1100G,921 hrs,386 cycles,Fresh D-Check,Hourly Inspection,On Lease,Asia-Pacific,No,No,None,Good,180 seats,1 ADs,38,27.3,900 kg/hr,22763000.0,25319000.0,26603000.0
777-300ER,BOEING,2011,"55,865 hrs","40,172 cycles",GE90-115B,"7,090 hrs","3,773 cycles",Fresh C-Check,Hourly Inspection,On Lease,Europe,Yes,No,Major,Good,396 seats,2 ADs,9,42.4,"3,857 kg/hr",35449000.0,32472000.0,32082000.0
777-300ER,Boeing,1998,"74,166 hrs","55,610 cycles",GE90-115B,"4,773 hrs","2,355 cycles",C-Check Due,MSG-3,Owned,North America,Yes,No,None,Good,396 seats,3 ADs,53,76.0,"2,148 kg/hr",24491000.0,22087000.0,22599000.0
A350-900,Airbus,2000,"47,613 hrs","27,549 cycles",Trent XWB,"4,432 hrs","2,513 cycles",Fresh C-Check,MSG-3,Owned,Asia-Pacific,Yes,Yes,None,Poor,325 seats,3 ADs,20,40.0,"2,817 kg/hr",35601000.0,30423000.0,30540000.0
CRJ900,bombardier,2022,"10,608 hrs","3,596 cycles",CF34-8C5,"8,603 hrs","3,596 cycles",C-Check Due,MSG-3,Off Lease,Latin America,Yes,No,None,Fair,76 seats,0 ADs,17,60.3,"3,990 kg/hr",22049000.0,21371000.0,20180000.0
737 MAX 8,Boeing,2001,"71,809 hrs","32,077 cycles",LEAP-1B,"3,971 hrs","2,310 cycles",C-Check Due,MSG-3,Owned,Europe,Yes,No,None,Good,178 seats,2 ADs,1,50.7,"3,743 kg/hr",10059000.0,10432000.0,10631000.0
737-800,BOEING,2019,"11,584 hrs","6,594 cycles",CFM56-7B,"2,704 hrs","1,505 cycles",C-Check Due,Hourly Inspection,On Lease,Europe,No,Yes,Minor,Good,189 seats,1 ADs,26,59.4,"2,949 kg/hr",40279000.0,35366000.0,31879000.0
A320-200,AIRBUS,1998,"77,823 hrs","50,423 cycles",V2500,"7,873 hrs","3,732 cycles",Fresh D-Check,OEM Managed,Owned,Africa,Yes,Yes,Major,Good,180 seats,1 ADs,0,49.5,"1,528 kg/hr",7926000.0,7153000.0,6932000.0
777-300ER,Boeing,2013,"37,783 hrs","18,854 cycles",GE90-115B,"5,940 hrs","2,607 cycles",Fresh D-Check,MSG-3,On Lease,Latin America,Yes,No,None,Good,396 seats,1 ADs,5,33.4,"2,819 kg/hr",57216000.0,60011000.0,65026000.0
E175,embraer,2022,"9,493 hrs","4,725 cycles",CF34-8E,"7,962 hrs","4,725 cycles",Fresh C-Check,MSG-3,Owned,Latin America,No,Yes,None,Good,76 seats,0 ADs,3,60.7,"1,749 kg/hr",33693000.0,27337000.0,29028000.0
E175,Embraer,2010,"49,959 hrs","22,298 cycles",CF34-8E,"2,561 hrs","1,083 cycles",Fresh D-Check,MSG-3,On Lease,Africa,Yes,No,None,Good,76 seats,Not Reported,3,44.2,"2,605 kg/hr",12376000.0,11820000.0,11698000.0
A320neo,Airbus,2012,"56,016 hrs","38,702 cycles",LEAP-1A,"3,970 hrs","1,689 cycles",D-Check Due,MSG-3,Owned,Asia-Pacific,Yes,No,None,Good,180 seats,0 ADs,13,39.4,"3,359 kg/hr",17246000.0,16935000.0,18052000.0
ATR 72-600,ATR,2001,"70,246 hrs","48,196 cycles",PW127M,"1,201 hrs",633 cycles,Fresh C-Check,Hourly Inspection,On Lease,Europe,Yes,No,None,Poor,70 seats,0 ADs,1,32.0,"4,033 kg/hr",4866000.0,4766000.0,4629000.0
A320-200,AIRBUS,2014,"23,687 hrs","12,793 cycles",V2500,"3,631 hrs","2,325 cycles",Fresh C-Check,MSG-3,On Lease,Asia-Pacific,No,No,None,Excellent,180 seats,2 ADs,51,66.2,"1,522 kg/hr",28212000.0,30123000.0,30047000.0
737-800,BOEING,2012,"33,588 hrs","19,027 cycles",CFM56-7B,"7,950 hrs","4,160 cycles",D-Check Due,Hourly Inspection,On Lease,Africa,No,No,None,Fair,189 seats,3 ADs,0,33.5,"3,063 kg/hr",18044000.0,15804000.0,16572000.0
ATR 72-600,ATR,2018,"18,854 hrs","11,917 cycles",PW127M,448 hrs,257 cycles,D-Check Due,MSG-3,On Lease,Latin America,No,No,None,Fair,70 seats,2 ADs,7,59.9,"1,585 kg/hr",13644000.0,14313000.0,14299000.0
737-800,boeing,2022,"10,948 hrs","3,269 cycles",CFM56-7B,"1,817 hrs","1,004 cycles",Fresh C-Check,OEM Managed,On Lease,Middle East,Yes,No,None,Fair,189 seats,3 ADs,54,88.7,"1,448 kg/hr",53595000.0,45795000.0,51610000.0
CRJ900,bombardier,2014,"33,341 hrs","17,931 cycles",CF34-8C5,"1,960 hrs","1,436 cycles",Fresh C-Check,MSG-3,On Lease,North America,No,No,None,Good,76 seats,0 ADs,3,39.7,"4,098 kg/hr",13966000.0,13534000.0,13320000.0
E175,Embraer,2007,"53,528 hrs","24,731 cycles",CF34-8E,"8,555 hrs","5,835 cycles",C-Check Due,Hourly Inspection,On Lease,North America,Yes,No,None,Fair,76 seats,1 ADs,26,59.1,"1,691 kg/hr",7698000.0,8794000.0,7934000.0
A320neo,airbus,1999,"99,885 hrs","47,970 cycles",PW1100G,98 hrs,48 cycles,C-Check Due,MSG-3,Owned,Latin America,No,Yes,None,Good,180 seats,1 ADs,7,61.0,"2,392 kg/hr",10677000.0,10235000.0,11209000.0
737-800,Boeing,2006,"54,932 hrs","34,905 cycles",CFM56-7B,"8,846 hrs","5,183 cycles",D-Check Due,MSG-3,Owned,North America,Yes,Yes,None,Fair,189 seats,4 ADs,25,34.0,"2,446 kg/hr",8853000.0,9655000.0,9308000.0
777-300ER,boeing,2017,"19,982 hrs","12,076 cycles",GE90-115B,836 hrs,422 cycles,D-Check Due,MSG-3,On Lease,Asia-Pacific,Yes,No,None,Excellent,396 seats,3 ADs,4,55.8,"5,086 kg/hr",65357000.0,71206000.0,73461000.0
A320neo,airbus,2011,"33,316 hrs","23,346 cycles",LEAP-1A,611 hrs,449 cycles,D-Check Due,MSG-3,Owned,Africa,Yes,Yes,None,Fair,180 seats,1 ADs,58,34.5,"2,451 kg/hr",20950000.0,18395000.0,19918000.0
A350-900,Airbus,2015,"32,308 hrs","15,424 cycles",Trent XWB,844 hrs,372 cycles,Fresh C-Check,Hourly Inspection,Owned,Latin America,No,No,None,Fair,325 seats,0 ADs,44,74.7,"1,308 kg/hr",89711000.0,80971000.0,84491000.0
ATR 72-600,atr,1999,"71,006 hrs","46,550 cycles",PW127M,817 hrs,382 cycles,D-Check Due,MSG-3,Owned,Middle East,No,Yes,None,Fair,70 seats,1 ADs,6,100.0,"2,164 kg/hr",4341000.0,4621000.0,3949000.0
E175,Embraer,1999,"55,929 hrs","40,705 cycles",CF34-8E,817 hrs,432 cycles,Fresh C-Check,OEM Managed,On Lease,Africa,Yes,No,None,Good,76 seats,0 ADs,15,74.0,"1,906 kg/hr",7646000.0,7055000.0,6677000.0
747-8F,boeing,2018,"21,374 hrs","10,253 cycles",GEnx-2B,"2,726 hrs","1,574 cycles",Fresh C-Check,MSG-3,Owned,North America,No,Yes,None,Good,Freighter (0 seats),0 ADs,29,71.4,"1,963 kg/hr",123681000.0,121660000.0,114392000.0
CRJ900,Bombardier,2017,"25,728 hrs","11,619 cycles",CF34-8C5,"7,304 hrs","4,476 cycles",Fresh D-Check,Hourly Inspection,Owned,Africa,Yes,No,None,Good,76 seats,0 ADs,24,79.0,"2,949 kg/hr",16988000.0,19546000.0,19533000.0
E175,Embraer,2011,"46,028 hrs","18,443 cycles",CF34-8E,"2,344 hrs","1,522 cycles",Fresh D-Check,Hourly Inspection,Off Lease,Asia-Pacific,Yes,No,Minor,Good,76 seats,3 ADs,27,59.9,"3,275 kg/hr",12856000.0,11820000.0,12141000.0
A320neo,airbus,2012,"23,259 hrs","15,410 cycles",LEAP-1A,"8,797 hrs","3,830 cycles",D-Check Due,Hourly Inspection,On Lease,Middle East,Yes,No,None,Excellent,180 seats,1 ADs,37,60.3,"2,268 kg/hr",24971000.0,24069000.0,26359000.0
CRJ900,Bombardier,2001,"73,360 hrs","34,998 cycles",CF34-8C5,"3,657 hrs","2,159 cycles",C-Check Due,Hourly Inspection,On Lease,Middle East,No,No,None,Excellent,76 seats,0 ADs,42,21.5,"2,240 kg/hr",5188000.0,4668000.0,4987000.0
CRJ900,Bombardier,2019,"15,476 hrs","5,893 cycles",CF34-8C5,"4,218 hrs","2,269 cycles",Fresh C-Check,Hourly Inspection,Off Lease,Latin America,No,No,None,Excellent,76 seats,2 ADs,3,65.0,"2,177 kg/hr",20527000.0,21714000.0,20472000.0
ATR 72-600,ATR,2005,"47,946 hrs","21,364 cycles",PW127M,"5,910 hrs","3,808 cycles",Fresh D-Check,Hourly Inspection,Off Lease,Europe,Yes,No,Minor,Poor,70 seats,Not Reported,50,38.6,"2,915 kg/hr",7334000.0,5948000.0,6302000.0
ATR 72-600,ATR,2021,"13,014 hrs","5,654 cycles",PW127M,"3,547 hrs","1,781 cycles",C-Check Due,OEM Managed,Off Lease,Asia-Pacific,Yes,No,None,Fair,70 seats,1 ADs,13,53.0,"1,501 kg/hr",17941000.0,18039000.0,18692000.0
737-800,boeing,2010,"40,143 hrs","17,517 cycles",CFM56-7B,"1,484 hrs",767 cycles,D-Check Due,MSG-3,On Lease,Latin America,Yes,No,None,Fair,189 seats,1 ADs,39,52.8,"2,645 kg/hr",15775000.0,16750000.0,15922000.0
CRJ900,bombardier,2020,"16,544 hrs","6,958 cycles",CF34-8C5,"1,929 hrs","1,021 cycles",C-Check Due,MSG-3,On Lease,Africa,No,Yes,None,Good,76 seats,5 ADs,41,77.5,"2,259 kg/hr",21363000.0,21596000.0,23059000.0
787-9,boeing,2021,"9,413 hrs","3,992 cycles",GEnx-1B,"3,821 hrs","1,923 cycles",D-Check Due,Hourly Inspection,On Lease,Latin America,Yes,No,None,Excellent,296 seats,1 ADs,12,39.7,"2,785 kg/hr",116395000.0,97200000.0,101046000.0
737 MAX 8,BOEING,2018,"16,154 hrs","10,402 cycles",LEAP-1B,"4,578 hrs","2,685 cycles",Fresh C-Check,MSG-3,Off Lease,Asia-Pacific,Yes,Yes,None,Excellent,178 seats,2 ADs,19,21.0,"3,121 kg/hr",39898000.0,33764000.0,34527000.0
737 MAX 8,boeing,2013,"35,054 hrs","16,910 cycles",LEAP-1B,"5,311 hrs","3,984 cycles",C-Check Due,MSG-3,Owned,Europe,No,Yes,Minor,Good,178 seats,2 ADs,45,16.4,"1,513 kg/hr",19351000.0,21047000.0,19011000.0
E175,Embraer,2000,"84,205 hrs","62,066 cycles",CF34-8E,"1,413 hrs",790 cycles,Fresh C-Check,MSG-3,On Lease,Africa,Yes,No,Minor,Good,76 seats,0 ADs,40,48.8,"2,623 kg/hr",6513000.0,6276000.0,6088000.0
ATR 72-600,atr,2002,"65,008 hrs","30,466 cycles",PW127M,"1,455 hrs",781 cycles,Fresh C-Check,MSG-3,Off Lease,Asia-Pacific,Yes,No,None,Excellent,70 seats,Not Reported,58,72.8,"3,657 kg/hr",5778000.0,5777000.0,5354000.0
CRJ900,Bombardier,2020,"16,194 hrs","8,638 cycles",CF34-8C5,"2,871 hrs","1,399 cycles",C-Check Due,MSG-3,Owned,Asia-Pacific,No,No,None,Fair,76 seats,0 ADs,41,26.7,"3,142 kg/hr",18326000.0,18439000.0,16774000.0
A320-200,airbus,2003,"56,555 hrs","35,095 cycles",V2500,"4,354 hrs","2,332 cycles",C-Check Due,Hourly Inspection,On Lease,Latin America,No,No,None,Fair,180 seats,0 ADs,41,33.9,900 kg/hr,10593000.0,11039000.0,11235000.0
E175,embraer,2018,"22,238 hrs","15,073 cycles",CF34-8E,"6,482 hrs","2,853 cycles",C-Check Due,MSG-3,Off Lease,Africa,Yes,Yes,None,Good,76 seats,Not Reported,2,31.1,"3,096 kg/hr",18778000.0,18814000.0,18694000.0
CRJ900,Bombardier,2002,"76,068 hrs","46,681 cycles",CF34-8C5,"7,007 hrs","3,936 cycles",Fresh C-Check,MSG-3,On Lease,Africa,No,No,None,Excellent,76 seats,1 ADs,23,37.0,900 kg/hr,7422000.0,5540000.0,5826000.0
A320-200,Airbus,1998,"76,540 hrs","39,498 cycles",CFM56-5B,"1,084 hrs",502 cycles,D-Check Due,MSG-3,Off Lease,Africa,No,No,Minor,Excellent,180 seats,Not Reported,27,5.0,"2,347 kg/hr",5520000.0,5747000.0,5954000.0
A330-300,AIRBUS,2002,"81,276 hrs","36,401 cycles",PW4000,"7,587 hrs","4,294 cycles",C-Check Due,Hourly Inspection,Off Lease,Europe,No,No,None,Good,277 seats,1 ADs,14,41.4,"3,393 kg/hr",21480000.0,18030000.0,19415000.0
A350-900,AIRBUS,2001,"53,343 hrs","26,921 cycles",Trent XWB,181 hrs,96 cycles,C-Check Due,Hourly Inspection,On Lease,Asia-Pacific,No,Yes,None,Good,325 seats,0 ADs,46,60.0,"3,515 kg/hr",38719000.0,35663000.0,32415000.0
A320neo,Airbus,2000,"71,685 hrs","34,094 cycles",LEAP-1A,"5,507 hrs","2,768 cycles",C-Check Due,MSG-3,On Lease,Asia-Pacific,Yes,No,None,Excellent,180 seats,1 ADs,44,57.9,"2,416 kg/hr",10761000.0,11121000.0,11487000.0
ATR 72-600,atr,2021,"10,132 hrs","7,052 cycles",PW127M,"8,218 hrs","3,713 cycles",Fresh C-Check,Hourly Inspection,On Lease,Middle East,Yes,No,None,Excellent,70 seats,Not Reported,33,48.9,"2,264 kg/hr",18294000.0,19266000.0,20291000.0
777-300ER,Boeing,1999,"65,858 hrs","38,324 cycles",GE90-115B,148 hrs,65 cycles,C-Check Due,Hourly Inspection,On Lease,Africa,No,No,Minor,Good,396 seats,2 ADs,12,52.6,"2,346 kg/hr",27173000.0,22104000.0,21646000.0
A330-300,AIRBUS,2012,"37,402 hrs","26,643 cycles",PW4000,"2,348 hrs","1,363 cycles",D-Check Due,Hourly Inspection,On Lease,Europe,No,Yes,None,Good,277 seats,1 ADs,39,69.5,"4,724 kg/hr",42818000.0,41843000.0,40878000.0
737 MAX 8,Boeing,2006,"36,238 hrs","18,723 cycles",LEAP-1B,"5,211 hrs","2,859 cycles",Fresh C-Check,OEM Managed,On Lease,North America,Yes,No,None,Good,178 seats,1 ADs,22,67.0,"2,645 kg/hr",23408000.0,18695000.0,20366000.0
A320neo,AIRBUS,2010,"43,407 hrs","20,702 cycles",PW1100G,"2,993 hrs","1,519 cycles",D-Check Due,OEM Managed,Owned,Europe,No,Yes,None,Good,180 seats,3 ADs,6,51.3,"2,838 kg/hr",15758000.0,16689000.0,17857000.0
A350-900,airbus,2015,"26,970 hrs","13,773 cycles",Trent XWB,"8,904 hrs","5,303 cycles",Fresh D-Check,OEM Managed,Owned,Africa,Yes,Yes,Minor,Excellent,325 seats,0 ADs,25,66.0,"2,013 kg/hr",95177000.0,84234000.0,92827000.0
737 MAX 8,Boeing,2009,"39,148 hrs","25,429 cycles",LEAP-1B,"5,567 hrs","2,412 cycles",C-Check Due,Hourly Inspection,On Lease,Latin America,No,Yes,None,Excellent,178 seats,2 ADs,51,51.9,"3,933 kg/hr",26665000.0,20743000.0,20229000.0
747-8F,BOEING,2022,"6,960 hrs","2,245 cycles",GEnx-2B,"4,531 hrs","2,245 cycles",Fresh C-Check,MSG-3,Owned,Europe,Yes,No,None,Good,Freighter (0 seats),0 ADs,49,80.0,"4,065 kg/hr",179218000.0,157704000.0,155756000.0
A320neo,Airbus,2000,"61,744 hrs","33,165 cycles",PW1100G,"7,631 hrs","4,010 cycles",Fresh D-Check,OEM Managed,On Lease,Latin America,No,Yes,None,Good,180 seats,2 ADs,58,43.0,"3,017 kg/hr",13998000.0,11992000.0,12012000.0
CRJ900,bombardier,2021,"12,170 hrs","5,437 cycles",CF34-8C5,"1,373 hrs","1,025 cycles",Fresh D-Check,MSG-3,Owned,Europe,Yes,Yes,Major,Excellent,76 seats,2 ADs,49,82.7,"2,406 kg/hr",26258000.0,21854000.0,20004000.0
A320neo,AIRBUS,1999,"69,304 hrs","40,659 cycles",LEAP-1A,"5,134 hrs","2,407 cycles",Fresh C-Check,MSG-3,Owned,Latin America,No,Yes,None,Good,180 seats,0 ADs,36,59.3,"2,921 kg/hr",11459000.0,11231000.0,10718000.0
737 MAX 8,BOEING,2013,"31,328 hrs","19,155 cycles",LEAP-1B,"4,523 hrs","2,570 cycles",Fresh C-Check,OEM Managed,On Lease,North America,Yes,Yes,None,Excellent,178 seats,0 ADs,28,57.3,"3,872 kg/hr",33383000.0,29456000.0,27829000.0
737-800,BOEING,2014,"40,118 hrs","17,256 cycles",CFM56-7B,"5,635 hrs","3,865 cycles",Fresh C-Check,Hourly Inspection,Owned,Europe,Yes,No,None,Poor,189 seats,0 ADs,45,79.0,"3,077 kg/hr",23960000.0,22083000.0,20821000.0
A330-300,Airbus,2001,"70,226 hrs","34,110 cycles",CF6-80E1,"6,480 hrs","3,139 cycles",D-Check Due,OEM Managed,On Lease,Europe,Yes,Yes,None,Fair,277 seats,0 ADs,40,27.0,"3,306 kg/hr",19251000.0,17155000.0,17107000.0
A320-200,Airbus,2004,"56,242 hrs","33,069 cycles",CFM56-5B,"5,503 hrs","3,149 cycles",Fresh C-Check,OEM Managed,On Lease,Latin America,Yes,No,Minor,Excellent,180 seats,3 ADs,36,48.9,"2,960 kg/hr",12375000.0,11621000.0,11658000.0
E175,Embraer,2008,"56,763 hrs","38,981 cycles",CF34-8E,"5,830 hrs","2,623 cycles",Fresh C-Check,OEM Managed,Owned,North America,Yes,No,None,Excellent,76 seats,1 ADs,41,51.6,"3,825 kg/hr",10554000.0,9415000.0,9145000.0
A320neo,AIRBUS,2020,"13,771 hrs","4,521 cycles",PW1100G,"8,982 hrs","4,521 cycles",C-Check Due,Hourly Inspection,Off Lease,North America,No,Yes,Minor,Excellent,180 seats,1 ADs,7,94.7,"4,007 kg/hr",58551000.0,41795000.0,42752000.0
777-300ER,BOEING,2010,"29,491 hrs","16,838 cycles",GE90-115B,"4,605 hrs","3,159 cycles",D-Check Due,MSG-3,Off Lease,Africa,Yes,Yes,None,Good,396 seats,3 ADs,34,69.9,"3,543 kg/hr",55967000.0,47185000.0,47531000.0
737 MAX 8,Boeing,2010,"45,059 hrs","32,457 cycles",LEAP-1B,"3,280 hrs","1,929 cycles",Fresh C-Check,Hourly Inspection,On Lease,Africa,No,No,Minor,Excellent,178 seats,Not Reported,7,80.0,"2,360 kg/hr",26341000.0,20585000.0,20604000.0
747-8F,boeing,2016,"21,297 hrs","12,141 cycles",GEnx-2B,"3,212 hrs","2,183 cycles",C-Check Due,Hourly Inspection,Off Lease,Middle East,No,No,Major,Good,Freighter (0 seats),4 ADs,11,58.2,"3,303 kg/hr",83975000.0,67522000.0,68879000.0
A320-200,AIRBUS,2015,"25,056 hrs","17,550 cycles",CFM56-5B,"8,810 hrs","3,955 cycles",C-Check Due,OEM Managed,Owned,Latin America,Yes,No,None,Good,180 seats,0 ADs,23,59.3,"1,600 kg/hr",26325000.0,26599000.0,24855000.0
737-800,Boeing,2004,"66,527 hrs","33,825 cycles",CFM56-7B,"4,971 hrs","3,120 cycles",Fresh C-Check,OEM Managed,On Lease,Asia-Pacific,Yes,No,Major,Good,189 seats,2 ADs,7,33.2,"3,420 kg/hr",8767000.0,8209000.0,8355000.0
A350-900,airbus,2020,"14,550 hrs","6,587 cycles",Trent XWB,"2,826 hrs","1,621 cycles",Fresh C-Check,MSG-3,On Lease,Middle East,Yes,Yes,None,Good,325 seats,0 ADs,29,48.1,"1,724 kg/hr",131172000.0,116028000.0,132086000.0
A350-900,airbus,1998,"66,107 hrs","47,075 cycles",Trent XWB,"4,680 hrs","3,555 cycles",Fresh C-Check,MSG-3,Owned,Middle East,No,Yes,None,Good,325 seats,0 ADs,7,68.2,"3,614 kg/hr",27256000.0,28695000.0,28271000.0
737 MAX 8,boeing,2003,"69,636 hrs","51,647 cycles",LEAP-1B,"5,447 hrs","2,574 cycles",D-Check Due,OEM Managed,On Lease,Africa,Yes,No,None,Poor,178 seats,3 ADs,41,34.8,"2,565 kg/hr",9174000.0,8593000.0,8914000.0
737-800,boeing,2005,"56,461 hrs","42,472 cycles",CFM56-7B,"2,305 hrs","1,451 cycles",Fresh D-Check,MSG-3,On Lease,North America,Yes,Yes,None,Fair,189 seats,0 ADs,3,41.3,"2,032 kg/hr",16044000.0,13497000.0,13031000.0
737 MAX 8,BOEING,2014,"30,033 hrs","13,087 cycles",LEAP-1B,"3,253 hrs","1,658 cycles",C-Check Due,Hourly Inspection,Off Lease,Africa,No,No,None,Poor,178 seats,2 ADs,28,48.6,"3,030 kg/hr",25246000.0,23114000.0,24233000.0
ATR 72-600,atr,2005,"70,835 hrs","40,774 cycles",PW127M,283 hrs,126 cycles,C-Check Due,MSG-3,On Lease,Middle East,Yes,Yes,None,Poor,70 seats,3 ADs,57,90.9,"1,948 kg/hr",5924000.0,6136000.0,5221000.0
CRJ900,bombardier,2002,"58,783 hrs","34,600 cycles",CF34-8C5,51 hrs,23 cycles,Fresh C-Check,MSG-3,Owned,Europe,No,No,Major,Excellent,76 seats,1 ADs,54,46.3,"2,816 kg/hr",5384000.0,4790000.0,4754000.0
777-300ER,BOEING,2018,"14,641 hrs","7,205 cycles",GE90-115B,"2,057 hrs","1,145 cycles",D-Check Due,Hourly Inspection,Owned,North America,Yes,No,None,Good,396 seats,1 ADs,36,38.8,"1,848 kg/hr",83619000.0,71665000.0,67855000.0
A320-200,Airbus,2007,"42,930 hrs","24,880 cycles",CFM56-5B,"3,194 hrs","1,749 cycles",D-Check Due,MSG-3,On Lease,Middle East,No,No,None,Good,180 seats,1 ADs,10,47.8,"3,426 kg/hr",13959000.0,14087000.0,14671000.0
787-9,boeing,2007,"48,603 hrs","28,325 cycles",GEnx-1B,"5,988 hrs","3,065 cycles",Fresh C-Check,MSG-3,Owned,Latin America,Yes,No,None,Excellent,296 seats,Not Reported,43,43.2,"3,888 kg/hr",48249000.0,42850000.0,48204000.0
737-800,Boeing,2021,"10,457 hrs","3,877 cycles",CFM56-7B,"1,419 hrs",610 cycles,C-Check Due,MSG-3,Off Lease,North America,No,No,Minor,Good,189 seats,2 ADs,34,46.4,"1,006 kg/hr",35721000.0,34007000.0,30865000.0
ATR 72-600,atr,2014,"35,856 hrs","16,830 cycles",PW127M,"1,981 hrs","1,190 cycles",C-Check Due,Hourly Inspection,Off Lease,North America,Yes,Yes,None,Excellent,70 seats,1 ADs,55,38.9,"2,851 kg/hr",9054000.0,11178000.0,11211000.0
787-9,boeing,2020,"13,368 hrs","10,197 cycles",GEnx-1B,"6,853 hrs","4,922 cycles",D-Check Due,Hourly Inspection,Owned,Middle East,No,Yes,None,Fair,296 seats,1 ADs,39,27.4,"1,880 kg/hr",100233000.0,82325000.0,84186000.0
777-300ER,Boeing,2022,"9,470 hrs","4,441 cycles",GE90-115B,"6,567 hrs","2,746 cycles",Fresh C-Check,MSG-3,Owned,North America,Yes,No,None,Fair,396 seats,0 ADs,12,53.6,"2,831 kg/hr",138903000.0,110681000.0,110664000.0
CRJ900,Bombardier,2018,"18,668 hrs","14,256 cycles",CF34-8C5,911 hrs,593 cycles,D-Check Due,Hourly Inspection,Off Lease,Latin America,Yes,Yes,None,Good,76 seats,0 ADs,23,53.2,"3,376 kg/hr",16878000.0,16287000.0,15823000.0
A350-900,airbus,2010,"35,385 hrs","24,698 cycles",Trent XWB,142 hrs,99 cycles,Fresh D-Check,Hourly Inspection,Owned,North America,Yes,Yes,None,Good,325 seats,3 ADs,2,56.1,"1,204 kg/hr",59568000.0,69190000.0,62849000.0
CRJ900,Bombardier,2003,"58,086 hrs","27,881 cycles",CF34-8C5,"8,728 hrs","5,550 cycles",Fresh C-Check,Hourly Inspection,On Lease,Asia-Pacific,No,No,None,Poor,76 seats,0 ADs,57,54.7,"1,700 kg/hr",6026000.0,6197000.0,6030000.0
E175,embraer,2007,"52,494 hrs","25,658 cycles",CF34-8E,762 hrs,443 cycles,C-Check Due,MSG-3,On Lease,Africa,Yes,No,None,Excellent,76 seats,4 ADs,18,13.1,"3,183 kg/hr",9220000.0,8650000.0,8548000.0
E175,Embraer,2014,"30,477 hrs","18,741 cycles",CF34-8E,"8,733 hrs","4,066 cycles",C-Check Due,MSG-3,Owned,North America,No,No,None,Fair,76 seats,Not Reported,1,88.9,"1,625 kg/hr",16039000.0,15688000.0,15149000.0
ATR 72-600,atr,2013,"31,269 hrs","11,861 cycles",PW127M,"3,881 hrs","2,697 cycles",C-Check Due,OEM Managed,On Lease,Europe,No,Yes,None,Excellent,70 seats,0 ADs,51,42.9,"1,044 kg/hr",13591000.0,11532000.0,11028000.0
737-800,boeing,2010,"54,004 hrs","28,605 cycles",CFM56-7B,"1,770 hrs",778 cycles,Fresh D-Check,Hourly Inspection,Owned,Africa,No,Yes,None,Good,189 seats,1 ADs,31,21.2,"2,512 kg/hr",13354000.0,15691000.0,15044000.0
A320-200,Airbus,2002,"57,522 hrs","29,868 cycles",V2500,"6,046 hrs","3,377 cycles",Fresh C-Check,Hourly Inspection,On Lease,North America,Yes,No,None,Good,180 seats,2 ADs,0,68.9,"1,031 kg/hr",13105000.0,12389000.0,10724000.0
737 MAX 8,Boeing,2022,"10,185 hrs","5,524 cycles",LEAP-1B,"6,344 hrs","2,661 cycles",Fresh C-Check,OEM Managed,On Lease,Middle East,Yes,No,None,Excellent,178 seats,2 ADs,59,45.7,"1,162 kg/hr",45805000.0,47826000.0,47895000.0
E175,Embraer,1999,"51,276 hrs","22,503 cycles",CF34-8E,"2,267 hrs",947 cycles,C-Check Due,OEM Managed,Off Lease,Europe,Yes,No,None,Fair,76 seats,0 ADs,50,69.1,"2,787 kg/hr",8600000.0,6367000.0,6340000.0
747-8F,Boeing,2021,"15,466 hrs","8,095 cycles",GEnx-2B,"1,430 hrs",829 cycles,D-Check Due,OEM Managed,On Lease,Europe,No,No,None,Excellent,Freighter (0 seats),1 ADs,59,32.6,"2,896 kg/hr",106142000.0,107966000.0,100674000.0
737 MAX 8,Boeing,2008,"41,161 hrs","25,933 cycles",LEAP-1B,"4,690 hrs","2,530 cycles",Fresh C-Check,MSG-3,Owned,North America,Yes,Yes,None,Poor,178 seats,2 ADs,0,24.2,"2,376 kg/hr",17528000.0,15896000.0,16124000.0
A350-900,Airbus,2021,"15,131 hrs","7,861 cycles",Trent XWB,"3,269 hrs","1,529 cycles",Fresh D-Check,Hourly Inspection,On Lease,Africa,Yes,No,None,Fair,325 seats,0 ADs,19,40.7,"1,728 kg/hr",132200000.0,127152000.0,118757000.0
777-300ER,boeing,2020,"11,865 hrs","8,045 cycles",GE90-115B,227 hrs,121 cycles,D-Check Due,Hourly Inspection,On Lease,Latin America,Yes,Yes,None,Excellent,396 seats,0 ADs,36,60.2,"1,926 kg/hr",107124000.0,89520000.0,96311000.0
ATR 72-600,atr,1999,"78,028 hrs","33,286 cycles",PW127M,"5,970 hrs","4,452 cycles",C-Check Due,MSG-3,On Lease,North America,No,Yes,None,Excellent,70 seats,1 ADs,26,84.7,"3,443 kg/hr",4747000.0,4966000.0,5263000.0
A320neo,AIRBUS,2022,"10,098 hrs","4,263 cycles",PW1100G,540 hrs,415 cycles,Fresh C-Check,MSG-3,On Lease,Europe,No,No,None,Poor,180 seats,2 ADs,23,46.8,"2,950 kg/hr",61065000.0,48103000.0,44448000.0
CRJ900,Bombardier,2009,"39,145 hrs","19,020 cycles",CF34-8C5,"8,516 hrs","4,490 cycles",D-Check Due,MSG-3,On Lease,North America,Yes,No,None,Good,76 seats,1 ADs,29,43.7,"3,819 kg/hr",8209000.0,7914000.0,8769000.0
777-300ER,boeing,2017,"25,499 hrs","10,816 cycles",GE90-115B,76 hrs,42 cycles,D-Check Due,OEM Managed,On Lease,Asia-Pacific,Yes,No,None,Good,396 seats,3 ADs,9,17.7,"2,729 kg/hr",61773000.0,61954000.0,62788000.0
737 MAX 8,BOEING,1999,"58,704 hrs","35,706 cycles",LEAP-1B,404 hrs,211 cycles,Fresh C-Check,MSG-3,On Lease,Latin America,Yes,No,None,Good,178 seats,1 ADs,8,57.4,"3,072 kg/hr",12125000.0,11206000.0,11351000.0
737 MAX 8,boeing,2002,"57,421 hrs","40,492 cycles",LEAP-1B,"7,175 hrs","4,447 cycles",C-Check Due,MSG-3,On Lease,Middle East,Yes,Yes,None,Fair,178 seats,1 ADs,11,65.4,"4,170 kg/hr",13321000.0,11705000.0,12920000.0
E175,Embraer,2022,"10,960 hrs","5,843 cycles",CF34-8E,"5,035 hrs","2,276 cycles",C-Check Due,MSG-3,On Lease,Latin America,Yes,No,None,Excellent,76 seats,1 ADs,4,59.9,"2,103 kg/hr",29141000.0,26068000.0,28062000.0
ATR 72-600,atr,2019,"12,744 hrs","7,896 cycles",PW127M,"3,441 hrs","1,978 cycles",Fresh D-Check,Hourly Inspection,On Lease,Middle East,Yes,No,Minor,Fair,70 seats,1 ADs,42,47.4,"2,172 kg/hr",18471000.0,18567000.0,17981000.0
777-300ER,boeing,2004,"41,356 hrs","22,103 cycles",GE90-115B,"5,843 hrs","2,646 cycles",C-Check Due,MSG-3,Off Lease,Asia-Pacific,Yes,No,None,Excellent,396 seats,1 ADs,1,87.3,"3,579 kg/hr",41495000.0,38448000.0,40198000.0
A320-200,Airbus,2017,"17,233 hrs","10,982 cycles",V2500,"6,340 hrs","2,743 cycles",D-Check Due,Hourly Inspection,Off Lease,Europe,No,No,None,Excellent,180 seats,1 ADs,24,61.0,"2,921 kg/hr",31908000.0,26131000.0,25174000.0
777-300ER,BOEING,2009,"39,908 hrs","25,007 cycles",GE90-115B,"1,197 hrs",864 cycles,Fresh D-Check,Hourly Inspection,Owned,Middle East,No,No,Minor,Good,396 seats,0 ADs,13,68.6,"2,719 kg/hr",57937000.0,49149000.0,48198000.0
A350-900,airbus,2008,"47,340 hrs","29,264 cycles",Trent XWB,927 hrs,390 cycles,Fresh C-Check,OEM Managed,Owned,Africa,No,No,None,Excellent,325 seats,0 ADs,55,83.7,"1,914 kg/hr",72332000.0,55065000.0,59069000.0
CRJ900,bombardier,2021,"9,965 hrs","6,435 cycles",CF34-8C5,"4,082 hrs","2,878 cycles",C-Check Due,OEM Managed,Off Lease,Latin America,Yes,Yes,None,Fair,76 seats,3 ADs,2,54.0,"3,872 kg/hr",19544000.0,20312000.0,22234000.0
A350-900,AIRBUS,1999,"87,114 hrs","49,120 cycles",Trent XWB,"7,830 hrs","5,445 cycles",Fresh C-Check,MSG-3,On Lease,Middle East,Yes,Yes,None,Excellent,325 seats,0 ADs,43,100.0,"3,552 kg/hr",36486000.0,34292000.0,31719000.0
A350-900,Airbus,2004,"62,530 hrs","32,668 cycles",Trent XWB,"6,086 hrs","3,218 cycles",Fresh D-Check,MSG-3,On Lease,Asia-Pacific,No,Yes,None,Excellent,325 seats,1 ADs,26,25.5,"2,433 kg/hr",30458000.0,35795000.0,33675000.0
737 MAX 8,BOEING,2017,"23,793 hrs","14,969 cycles",LEAP-1B,"1,067 hrs",536 cycles,Fresh C-Check,MSG-3,On Lease,Latin America,Yes,No,Minor,Good,178 seats,0 ADs,37,70.7,"4,341 kg/hr",38344000.0,36952000.0,36285000.0
E175,embraer,2000,"61,441 hrs","41,033 cycles",CF34-8E,"1,145 hrs",503 cycles,D-Check Due,OEM Managed,Off Lease,Africa,Yes,No,None,Excellent,76 seats,0 ADs,15,40.4,"3,021 kg/hr",5674000.0,4963000.0,5165000.0
747-8F,Boeing,2004,"69,731 hrs","37,027 cycles",GEnx-2B,"3,314 hrs","2,497 cycles",Fresh D-Check,Hourly Inspection,Owned,Middle East,Yes,No,None,Fair,Freighter (0 seats),1 ADs,40,61.5,"2,277 kg/hr",42048000.0,37972000.0,40309000.0
CRJ900,Bombardier,2022,"7,644 hrs","5,962 cycles",CF34-8C5,"6,511 hrs","3,322 cycles",C-Check Due,Hourly Inspection,Owned,Middle East,Yes,No,Minor,Fair,76 seats,1 ADs,43,84.0,"2,379 kg/hr",26640000.0,23020000.0,22084000.0
777-300ER,Boeing,2020,"13,682 hrs","5,472 cycles",GE90-115B,603 hrs,399 cycles,Fresh C-Check,Hourly Inspection,On Lease,North America,No,Yes,None,Good,396 seats,3 ADs,55,47.8,"2,806 kg/hr",95394000.0,106226000.0,104163000.0
747-8F,boeing,2010,"43,318 hrs","22,087 cycles",GEnx-2B,"7,073 hrs","5,436 cycles",Fresh C-Check,Hourly Inspection,On Lease,Middle East,No,No,Major,Excellent,Freighter (0 seats),2 ADs,23,33.4,"3,213 kg/hr",47766000.0,44940000.0,47515000.0
CRJ900,bombardier,2013,"33,927 hrs","17,396 cycles",CF34-8C5,"8,073 hrs","4,629 cycles",Fresh C-Check,OEM Managed,Off Lease,Europe,Yes,Yes,None,Fair,76 seats,2 ADs,50,60.0,"2,554 kg/hr",12234000.0,12046000.0,12703000.0
A320-200,AIRBUS,2017,"21,989 hrs","12,528 cycles",CFM56-5B,"2,527 hrs","1,198 cycles",Fresh C-Check,OEM Managed,On Lease,North America,No,Yes,None,Good,180 seats,1 ADs,19,49.4,"3,550 kg/hr",35313000.0,33635000.0,30459000.0
787-9,Boeing,2012,"28,584 hrs","24,240 cycles",Trent 1000,"2,960 hrs","1,848 cycles",C-Check Due,MSG-3,On Lease,Middle East,No,Yes,None,Fair,296 seats,3 ADs,42,73.8,"2,709 kg/hr",76791000.0,68942000.0,69031000.0
777-300ER,boeing,2000,"86,340 hrs","40,606 cycles",GE90-115B,"5,011 hrs","3,079 cycles",D-Check Due,Hourly Inspection,Owned,Latin America,Yes,Yes,None,Good,396 seats,1 ADs,22,51.4,"3,376 kg/hr",24489000.0,20262000.0,18854000.0
ATR 72-600,atr,1998,"58,110 hrs","29,757 cycles",PW127M,"8,692 hrs","6,172 cycles",C-Check Due,OEM Managed,Owned,Latin America,Yes,No,None,Good,70 seats,2 ADs,44,62.9,"1,516 kg/hr",4568000.0,4222000.0,3903000.0
A330-300,airbus,2009,"40,843 hrs","27,468 cycles",PW4000,"6,205 hrs","2,838 cycles",Fresh D-Check,Hourly Inspection,Owned,North America,No,No,Minor,Excellent,277 seats,1 ADs,16,49.1,"4,088 kg/hr",36481000.0,36807000.0,40781000.0
737-800,boeing,2014,"30,282 hrs","20,682 cycles",CFM56-7B,"5,340 hrs","3,082 cycles",C-Check Due,Hourly Inspection,Owned,North America,Yes,No,None,Good,189 seats,0 ADs,48,63.8,"1,338 kg/hr",20693000.0,24171000.0,22886000.0
A320neo,Airbus,2011,"40,283 hrs","25,951 cycles",PW1100G,"2,471 hrs","1,373 cycles",C-Check Due,OEM Managed,On Lease,Asia-Pacific,Yes,No,None,Good,180 seats,3 ADs,27,22.1,"2,844 kg/hr",22311000.0,19795000.0,18287000.0
A320-200,airbus,2010,"42,772 hrs","30,511 cycles",CFM56-5B,"2,490 hrs","1,394 cycles",C-Check Due,MSG-3,Owned,Europe,No,No,None,Poor,180 seats,2 ADs,52,73.0,"3,099 kg/hr",19367000.0,17176000.0,17926000.0
737 MAX 8,boeing,2002,"77,146 hrs","40,062 cycles",LEAP-1B,"7,146 hrs","3,719 cycles",Fresh C-Check,Hourly Inspection,On Lease,Europe,Yes,No,None,Fair,178 seats,2 ADs,56,79.0,"1,634 kg/hr",10408000.0,11909000.0,11760000.0
787-9,BOEING,2007,"49,972 hrs","35,186 cycles",GEnx-1B,"2,100 hrs","1,048 cycles",Fresh C-Check,MSG-3,On Lease,Africa,Yes,Yes,None,Excellent,296 seats,2 ADs,40,94.8,"1,656 kg/hr",64232000.0,54779000.0,54689000.0
A320-200,airbus,2017,"24,685 hrs","13,562 cycles",CFM56-5B,"1,648 hrs","1,017 cycles",C-Check Due,MSG-3,Owned,North America,Yes,No,Major,Excellent,180 seats,0 ADs,13,20.7,"1,980 kg/hr",23185000.0,21711000.0,21415000.0
747-8F,boeing,2017,"19,000 hrs","7,883 cycles",GEnx-2B,"5,696 hrs","2,589 cycles",Fresh C-Check,MSG-3,Owned,Africa,No,No,None,Good,Freighter (0 seats),1 ADs,44,41.4,"3,254 kg/hr",113478000.0,101241000.0,100236000.0
747-8F,BOEING,2014,"30,303 hrs","17,782 cycles",GEnx-2B,"5,420 hrs","2,438 cycles",C-Check Due,OEM Managed,On Lease,Latin America,No,Yes,None,Excellent,Freighter (0 seats),1 ADs,27,23.6,"1,530 kg/hr",78786000.0,81730000.0,76773000.0
737 MAX 8,boeing,2003,"47,790 hrs","34,282 cycles",LEAP-1B,"3,779 hrs","1,778 cycles",Fresh C-Check,OEM Managed,On Lease,Africa,Yes,No,None,Good,178 seats,2 ADs,34,55.8,"3,562 kg/hr",17906000.0,15273000.0,13970000.0
A320-200,Airbus,1998,"56,817 hrs","34,168 cycles",V2500,"8,798 hrs","5,496 cycles",Fresh C-Check,MSG-3,On Lease,Asia-Pacific,Yes,No,None,Good,180 seats,0 ADs,25,45.6,"4,725 kg/hr",11208000.0,9008000.0,9446000.0
787-9,BOEING,2004,"62,243 hrs","27,812 cycles",GEnx-1B,"6,605 hrs","3,394 cycles",Fresh D-Check,MSG-3,Owned,Europe,No,No,None,Good,296 seats,0 ADs,12,50.4,"1,716 kg/hr",31971000.0,36295000.0,35692000.0
747-8F,BOEING,2015,"22,012 hrs","11,621 cycles",GEnx-2B,"5,509 hrs","3,313 cycles",Fresh C-Check,MSG-3,On Lease,Asia-Pacific,No,Yes,None,Excellent,Freighter (0 seats),4 ADs,13,40.6,"2,100 kg/hr",101207000.0,99007000.0,85930000.0
E175,embraer,2007,"46,936 hrs","20,209 cycles",CF34-8E,"5,461 hrs","2,776 cycles",C-Check Due,MSG-3,Owned,Europe,Yes,Yes,Minor,Excellent,76 seats,1 ADs,22,54.9,"3,421 kg/hr",7732000.0,9315000.0,10050000.0
747-8F,BOEING,2010,"41,438 hrs","30,308 cycles",GEnx-2B,"1,221 hrs",758 cycles,D-Check Due,MSG-3,On Lease,North America,No,No,None,Fair,Freighter (0 seats),1 ADs,45,5.0,"2,777 kg/hr",42081000.0,47383000.0,46060000.0
737-800,BOEING,2011,"38,880 hrs","29,909 cycles",CFM56-7B,"5,541 hrs","2,909 cycles",D-Check Due,MSG-3,On Lease,Middle East,No,No,None,Good,189 seats,1 ADs,48,58.7,"3,210 kg/hr",17851000.0,16807000.0,16238000.0
CRJ900,bombardier,2020,"11,467 hrs","5,594 cycles",CF34-8C5,"3,554 hrs","2,248 cycles",D-Check Due,MSG-3,Off Lease,Africa,No,No,None,Excellent,76 seats,3 ADs,30,26.0,"2,412 kg/hr",16517000.0,16525000.0,17186000.0
A320-200,Airbus,2005,"56,849 hrs","28,378 cycles",V2500,"5,121 hrs","3,751 cycles",Fresh D-Check,Hourly Inspection,On Lease,Europe,Yes,No,None,Excellent,180 seats,2 ADs,7,46.0,"1,127 kg/hr",15155000.0,13935000.0,14267000.0
787-9,Boeing,2015,"28,162 hrs","13,563 cycles",GEnx-1B,886 hrs,510 cycles,C-Check Due,Hourly Inspection,Owned,Middle East,No,No,None,Poor,296 seats,0 ADs,44,64.9,"2,457 kg/hr",86617000.0,70632000.0,76483000.0
787-9,Boeing,2010,"56,770 hrs","30,366 cycles",Trent 1000,"3,130 hrs","1,836 cycles",C-Check Due,MSG-3,Owned,Europe,No,No,Minor,Fair,296 seats,1 ADs,17,81.9,"2,548 kg/hr",52874000.0,43303000.0,43045000.0
A330-300,Airbus,2010,"36,263 hrs","14,741 cycles",CF6-80E1,"7,343 hrs","3,432 cycles",C-Check Due,OEM Managed,On Lease,Latin America,Yes,No,None,Fair,277 seats,1 ADs,17,33.1,"2,444 kg/hr",37318000.0,37289000.0,37213000.0
737 MAX 8,boeing,2021,"11,524 hrs","5,997 cycles",LEAP-1B,"2,492 hrs","1,074 cycles",D-Check Due,MSG-3,Owned,Latin America,Yes,No,None,Fair,178 seats,1 ADs,43,52.4,"3,034 kg/hr",39855000.0,34727000.0,36686000.0
E175,embraer,2015,"20,595 hrs","10,916 cycles",CF34-8E,"8,917 hrs","6,694 cycles",C-Check Due,MSG-3,On Lease,Asia-Pacific,No,No,None,Excellent,76 seats,2 ADs,14,66.1,"2,013 kg/hr",21644000.0,19256000.0,19462000.0
ATR 72-600,atr,2002,"44,879 hrs","32,903 cycles",PW127M,"1,897 hrs","1,378 cycles",D-Check Due,MSG-3,Owned,Asia-Pacific,Yes,No,None,Excellent,70 seats,1 ADs,38,60.9,"1,501 kg/hr",5181000.0,5631000.0,5306000.0
ATR 72-600,atr,2009,"45,978 hrs","34,655 cycles",PW127M,"2,778 hrs","1,299 cycles",Fresh C-Check,MSG-3,On Lease,Latin America,Yes,No,None,Fair,70 seats,0 ADs,17,73.3,"3,654 kg/hr",14087000.0,8708000.0,9821000.0
737-800,BOEING,2006,"45,795 hrs","30,461 cycles",CFM56-7B,"7,978 hrs","4,144 cycles",D-Check Due,MSG-3,Off Lease,Europe,Yes,No,None,Excellent,189 seats,1 ADs,26,50.2,"2,624 kg/hr",13922000.0,12772000.0,11272000.0
747-8F,BOEING,2017,"34,862 hrs","19,384 cycles",GEnx-2B,"3,978 hrs","2,589 cycles",D-Check Due,Hourly Inspection,Owned,Middle East,No,No,None,Excellent,Freighter (0 seats),1 ADs,3,58.5,"2,530 kg/hr",75609000.0,76796000.0,75856000.0
787-9,Boeing,2018,"25,521 hrs","10,161 cycles",Trent 1000,"2,119 hrs","1,303 cycles",D-Check Due,OEM Managed,Owned,Asia-Pacific,Yes,No,None,Good,296 seats,4 ADs,44,55.4,"1,266 kg/hr",72349000.0,71472000.0,77042000.0
747-8F,boeing,2010,"47,040 hrs","34,073 cycles",GEnx-2B,"4,000 hrs","1,695 cycles",Fresh C-Check,Hourly Inspection,Owned,Africa,No,No,None,Good,Freighter (0 seats),2 ADs,0,75.8,"3,187 kg/hr",59549000.0,62827000.0,61734000.0
A320-200,airbus,2008,"47,584 hrs","33,831 cycles",V2500,"7,967 hrs","6,100 cycles",C-Check Due,MSG-3,On Lease,Europe,Yes,No,Minor,Good,180 seats,2 ADs,39,68.6,"3,155 kg/hr",20342000.0,15321000.0,15394000.0
E175,embraer,2006,"47,412 hrs","28,764 cycles",CF34-8E,"1,476 hrs",629 cycles,C-Check Due,OEM Managed,On Lease,Europe,Yes,Yes,None,Excellent,76 seats,2 ADs,21,60.2,900 kg/hr,11908000.0,10074000.0,10081000.0
A320-200,AIRBUS,1999,"68,822 hrs","31,742 cycles",V2500,"6,912 hrs","3,097 cycles",Fresh D-Check,MSG-3,Owned,Europe,Yes,Yes,None,Good,180 seats,1 ADs,30,48.8,"4,092 kg/hr",11397000.0,9473000.0,10423000.0
A350-900,airbus,2015,"18,327 hrs","8,947 cycles",Trent XWB,"7,890 hrs","4,523 cycles",C-Check Due,MSG-3,On Lease,North America,Yes,No,None,Excellent,325 seats,1 ADs,47,35.1,"2,769 kg/hr",83278000.0,78586000.0,81511000.0
737 MAX 8,boeing,2008,"49,536 hrs","22,003 cycles",LEAP-1B,"6,672 hrs","2,821 cycles",D-Check Due,MSG-3,On Lease,North America,Yes,Yes,None,Fair,178 seats,1 ADs,51,69.9,"3,399 kg/hr",15385000.0,16129000.0,16152000.0
777-300ER,BOEING,2017,"30,895 hrs","16,972 cycles",GE90-115B,"2,984 hrs","1,248 cycles",C-Check Due,MSG-3,Owned,Africa,No,Yes,Minor,Excellent,396 seats,0 ADs,43,63.7,"2,653 kg/hr",59051000.0,72365000.0,72206000.0
A350-900,AIRBUS,2000,"80,474 hrs","52,894 cycles",Trent XWB,"8,588 hrs","5,337 cycles",C-Check Due,Hourly Inspection,Owned,Middle East,Yes,Yes,Minor,Excellent,325 seats,0 ADs,27,62.9,"1,860 kg/hr",29298000.0,25791000.0,25247000.0
777-300ER,Boeing,2008,"55,328 hrs","26,599 cycles",GE90-115B,"7,143 hrs","4,860 cycles",Fresh C-Check,MSG-3,Owned,North America,Yes,Yes,None,Good,396 seats,0 ADs,7,73.2,"2,237 kg/hr",41897000.0,42025000.0,41985000.0
A350-900,airbus,1999,"91,091 hrs","45,292 cycles",Trent XWB,219 hrs,127 cycles,D-Check Due,OEM Managed,Owned,Africa,Yes,No,None,Excellent,325 seats,Not Reported,51,23.3,"4,517 kg/hr",25686000.0,21867000.0,22208000.0
E175,Embraer,2022,"10,369 hrs","5,909 cycles",CF34-8E,"5,262 hrs","3,402 cycles",Fresh C-Check,OEM Managed,Owned,Africa,No,No,Minor,Excellent,76 seats,2 ADs,25,22.2,"2,853 kg/hr",21585000.0,23362000.0,26220000.0
A330-300,Airbus,2005,"43,215 hrs","19,136 cycles",Trent 700,"7,529 hrs","3,539 cycles",Fresh C-Check,MSG-3,On Lease,Africa,Yes,No,None,Excellent,277 seats,Not Reported,53,62.1,"4,466 kg/hr",35706000.0,34714000.0,33633000.0
E175,Embraer,2020,"13,232 hrs","6,404 cycles",CF34-8E,"8,585 hrs","3,672 cycles",Fresh C-Check,MSG-3,Owned,Latin America,No,No,None,Fair,76 seats,1 ADs,0,57.6,"1,370 kg/hr",25858000.0,23352000.0,22613000.0
787-9,BOEING,2013,"25,972 hrs","14,865 cycles",GEnx-1B,"1,523 hrs","1,053 cycles",D-Check Due,MSG-3,On Lease,Asia-Pacific,No,No,Minor,Excellent,296 seats,0 ADs,23,69.7,"3,429 kg/hr",77879000.0,64551000.0,62407000.0
E175,Embraer,2005,"53,915 hrs","37,619 cycles",CF34-8E,"3,496 hrs","1,832 cycles",C-Check Due,MSG-3,Off Lease,Middle East,Yes,Yes,None,Good,76 seats,0 ADs,25,43.8,"3,641 kg/hr",8072000.0,7767000.0,7701000.0
E175,embraer,2008,"36,798 hrs","22,415 cycles",CF34-8E,"6,548 hrs","4,330 cycles",Fresh C-Check,MSG-3,Off Lease,Latin America,Yes,No,None,Excellent,76 seats,0 ADs,16,85.4,"3,082 kg/hr",13264000.0,12450000.0,12678000.0
737 MAX 8,boeing,2005,"53,974 hrs","21,969 cycles",LEAP-1B,"8,918 hrs","4,374 cycles",Fresh C-Check,MSG-3,On Lease,Middle East,No,No,None,Good,178 seats,2 ADs,4,58.8,"3,546 kg/hr",15652000.0,14487000.0,14319000.0
777-300ER,Boeing,2009,"50,725 hrs","27,216 cycles",GE90-115B,"1,576 hrs",667 cycles,D-Check Due,Hourly Inspection,On Lease,North America,No,No,None,Excellent,396 seats,1 ADs,14,44.1,"1,330 kg/hr",41113000.0,38137000.0,37824000.0
747-8F,Boeing,2012,"27,343 hrs","17,645 cycles",GEnx-2B,"3,535 hrs","2,447 cycles",Fresh C-Check,OEM Managed,On Lease,Europe,Yes,Yes,None,Good,Freighter (0 seats),1 ADs,40,63.6,"3,012 kg/hr",89111000.0,89966000.0,85136000.0
787-9,boeing,2021,"12,206 hrs","7,235 cycles",Trent 1000,"7,703 hrs","5,069 cycles",Fresh D-Check,MSG-3,On Lease,Europe,Yes,No,Major,Fair,296 seats,3 ADs,55,43.7,"2,158 kg/hr",96406000.0,89644000.0,95126000.0
A320-200,Airbus,2021,"9,949 hrs","8,076 cycles",CFM56-5B,"3,591 hrs","1,666 cycles",C-Check Due,OEM Managed,On Lease,Europe,No,No,None,Good,180 seats,0 ADs,30,64.7,"1,454 kg/hr",47093000.0,40958000.0,42903000.0
ATR 72-600,atr,2005,"51,843 hrs","24,698 cycles",PW127M,"4,935 hrs","2,383 cycles",D-Check Due,MSG-3,Off Lease,North America,Yes,No,None,Good,70 seats,1 ADs,25,93.3,"2,295 kg/hr",7654000.0,6123000.0,5703000.0
777-300ER,Boeing,2014,"36,102 hrs","20,010 cycles",GE90-115B,"5,128 hrs","2,928 cycles",Fresh D-Check,MSG-3,On Lease,Middle East,Yes,No,Minor,Poor,396 seats,2 ADs,37,70.0,915 kg/hr,80522000.0,58160000.0,59402000.0
737-800,Boeing,1998,"66,612 hrs","50,076 cycles",CFM56-7B,261 hrs,184 cycles,Fresh D-Check,OEM Managed,On Lease,Africa,No,No,None,Fair,189 seats,2 ADs,36,44.5,"1,234 kg/hr",9439000.0,8052000.0,9043000.0
777-300ER,boeing,2020,"10,140 hrs","9,098 cycles",GE90-115B,"3,243 hrs","1,533 cycles",C-Check Due,MSG-3,Off Lease,North America,No,Yes,None,Excellent,396 seats,1 ADs,23,73.4,"2,849 kg/hr",118282000.0,106696000.0,115567000.0
ATR 72-600,atr,2018,"17,041 hrs","8,687 cycles",PW127M,"8,966 hrs","4,462 cycles",C-Check Due,Hourly Inspection,On Lease,Latin America,Yes,Yes,None,Good,70 seats,0 ADs,26,60.4,"1,722 kg/hr",16351000.0,16855000.0,15806000.0
A350-900,AIRBUS,1999,"74,694 hrs","42,444 cycles",Trent XWB,"7,831 hrs","5,704 cycles",Fresh C-Check,OEM Managed,On Lease,North America,Yes,No,None,Good,325 seats,2 ADs,10,61.8,"3,111 kg/hr",32111000.0,29099000.0,28281000.0
CRJ900,bombardier,2010,"34,236 hrs","17,416 cycles",CF34-8C5,"8,525 hrs","4,619 cycles",Fresh D-Check,MSG-3,Off Lease,Europe,Yes,No,None,Good,76 seats,1 ADs,44,83.8,"1,693 kg/hr",10425000.0,12574000.0,11458000.0
CRJ900,Bombardier,2015,"33,263 hrs","14,006 cycles",CF34-8C5,"8,800 hrs","4,416 cycles",Fresh D-Check,Hourly Inspection,On Lease,Latin America,No,No,None,Good,76 seats,2 ADs,22,73.8,"2,944 kg/hr",17173000.0,16200000.0,14597000.0
A350-900,airbus,2017,"28,001 hrs","14,416 cycles",Trent XWB,"3,502 hrs","1,633 cycles",Fresh C-Check,MSG-3,On Lease,Latin America,Yes,No,None,Good,325 seats,1 ADs,18,57.1,"3,890 kg/hr",111095000.0,100205000.0,90035000.0
737 MAX 8,BOEING,2005,"38,611 hrs","19,245 cycles",LEAP-1B,"4,150 hrs","1,740 cycles",Fresh D-Check,MSG-3,On Lease,Europe,Yes,Yes,None,Good,178 seats,1 ADs,8,10.6,"3,120 kg/hr",16693000.0,16613000.0,14559000.0
737-800,Boeing,2015,"34,598 hrs","22,130 cycles",CFM56-7B,"6,913 hrs","3,013 cycles",D-Check Due,OEM Managed,Owned,Asia-Pacific,No,No,Minor,Excellent,189 seats,1 ADs,27,63.2,900 kg/hr,19964000.0,19485000.0,18775000.0
747-8F,boeing,2009,"46,086 hrs","18,192 cycles",GEnx-2B,"8,350 hrs","4,829 cycles",Fresh C-Check,MSG-3,Owned,Europe,Yes,No,None,Good,Freighter (0 seats),1 ADs,7,40.1,"2,915 kg/hr",61063000.0,53781000.0,52473000.0
A320-200,AIRBUS,2011,"33,368 hrs","23,469 cycles",CFM56-5B,"6,499 hrs","3,702 cycles",Fresh D-Check,MSG-3,On Lease,Latin America,No,No,None,Fair,180 seats,2 ADs,13,60.5,"3,176 kg/hr",21524000.0,23256000.0,23171000.0
E175,Embraer,2016,"24,393 hrs","14,770 cycles",CF34-8E,"1,030 hrs",524 cycles,Fresh C-Check,Hourly Inspection,On Lease,Asia-Pacific,Yes,No,None,Good,76 seats,1 ADs,15,78.6,"2,303 kg/hr",21151000.0,21721000.0,20644000.0
A330-300,airbus,1999,"79,406 hrs","46,413 cycles",PW4000,"4,548 hrs","2,408 cycles",D-Check Due,MSG-3,Off Lease,Asia-Pacific,Yes,Yes,Minor,Excellent,277 seats,1 ADs,10,43.9,"4,153 kg/hr",12726000.0,14996000.0,16247000.0
ATR 72-600,ATR,2004,"61,692 hrs","39,812 cycles",PW127M,"5,628 hrs","2,513 cycles",C-Check Due,MSG-3,Owned,Middle East,Yes,Yes,Major,Good,70 seats,1 ADs,31,82.3,"3,508 kg/hr",4735000.0,4699000.0,4734000.0
CRJ900,bombardier,2020,"12,127 hrs","6,944 cycles",CF34-8C5,"4,176 hrs","2,263 cycles",D-Check Due,MSG-3,Owned,Africa,Yes,Yes,None,Excellent,76 seats,1 ADs,46,68.3,"3,223 kg/hr",21714000.0,19147000.0,19457000.0
A320-200,Airbus,2010,"43,960 hrs","22,322 cycles",CFM56-5B,"7,927 hrs","3,564 cycles",C-Check Due,MSG-3,Owned,Asia-Pacific,Yes,No,None,Good,180 seats,1 ADs,9,70.2,"1,269 kg/hr",15340000.0,17354000.0,17346000.0
737-800,Boeing,2016,"32,847 hrs","25,281 cycles",CFM56-7B,371 hrs,211 cycles,Fresh D-Check,OEM Managed,On Lease,Asia-Pacific,Yes,No,None,Good,189 seats,0 ADs,9,64.9,"2,011 kg/hr",36044000.0,31112000.0,30181000.0
CRJ900,bombardier,2008,"31,168 hrs","19,589 cycles",CF34-8C5,"8,596 hrs","5,229 cycles",D-Check Due,Hourly Inspection,On Lease,Africa,Yes,Yes,None,Excellent,76 seats,1 ADs,23,73.5,"1,556 kg/hr",12856000.0,10045000.0,9860000.0
A350-900,AIRBUS,2014,"33,918 hrs","20,031 cycles",Trent XWB,"6,749 hrs","3,749 cycles",C-Check Due,MSG-3,On Lease,Europe,Yes,No,None,Poor,325 seats,1 ADs,8,57.7,"2,534 kg/hr",70234000.0,64279000.0,66161000.0
A350-900,AIRBUS,2003,"63,370 hrs","40,875 cycles",Trent XWB,530 hrs,296 cycles,C-Check Due,OEM Managed,Owned,North America,Yes,No,None,Good,325 seats,Not Reported,17,51.2,"3,735 kg/hr",34264000.0,32187000.0,28919000.0
A320neo,Airbus,2002,"73,666 hrs","32,064 cycles",LEAP-1A,"3,431 hrs","2,271 cycles",C-Check Due,MSG-3,Off Lease,Middle East,Yes,Yes,None,Fair,180 seats,2 ADs,23,59.5,"3,989 kg/hr",11939000.0,10864000.0,10142000.0
A330-300,AIRBUS,2022,"10,046 hrs","3,365 cycles",PW4000,"2,943 hrs","1,658 cycles",C-Check Due,MSG-3,Owned,Asia-Pacific,No,No,None,Good,277 seats,0 ADs,35,93.0,"1,799 kg/hr",89399000.0,95786000.0,92781000.0
ATR 72-600,atr,2015,"26,394 hrs","19,873 cycles",PW127M,"6,468 hrs","2,960 cycles",C-Check Due,MSG-3,Owned,Asia-Pacific,Yes,No,None,Good,70 seats,1 ADs,14,68.6,"4,248 kg/hr",12828000.0,13517000.0,13642000.0
787-9,boeing,2013,"20,710 hrs","12,187 cycles",Trent 1000,"5,948 hrs","3,563 cycles",Fresh D-Check,MSG-3,Owned,North America,Yes,Yes,None,Excellent,296 seats,0 ADs,43,96.1,"2,191 kg/hr",106840000.0,100988000.0,91027000.0
777-300ER,boeing,2022,"6,990 hrs","5,621 cycles",GE90-115B,"5,707 hrs","3,530 cycles",Fresh C-Check,MSG-3,On Lease,Africa,No,Yes,None,Good,396 seats,2 ADs,2,75.7,"2,362 kg/hr",110467000.0,121408000.0,128257000.0
A350-900,AIRBUS,2000,"66,665 hrs","37,823 cycles",Trent XWB,806 hrs,365 cycles,D-Check Due,MSG-3,Owned,Europe,No,No,Minor,Excellent,325 seats,1 ADs,42,100.0,"1,483 kg/hr",27612000.0,26086000.0,27232000.0
A320neo,airbus,2015,"26,321 hrs","19,346 cycles",PW1100G,"5,127 hrs","2,444 cycles",C-Check Due,Hourly Inspection,On Lease,Asia-Pacific,Yes,Yes,None,Excellent,180 seats,3 ADs,54,54.5,"4,596 kg/hr",33049000.0,31965000.0,30941000.0
A350-900,AIRBUS,2001,"78,528 hrs","37,552 cycles",Trent XWB,"6,807 hrs","3,351 cycles",C-Check Due,Hourly Inspection,Off Lease,Middle East,No,Yes,None,Excellent,325 seats,2 ADs,16,70.1,"3,329 kg/hr",23509000.0,29422000.0,29001000.0
A350-900,Airbus,2012,"47,620 hrs","21,847 cycles",Trent XWB,"2,358 hrs","1,317 cycles",D-Check Due,Hourly Inspection,On Lease,Middle East,No,No,None,Excellent,325 seats,1 ADs,21,56.6,"1,500 kg/hr",49811000.0,49631000.0,55892000.0
737-800,Boeing,2020,"13,361 hrs","8,284 cycles",CFM56-7B,"2,131 hrs","1,308 cycles",D-Check Due,MSG-3,Owned,North America,Yes,No,None,Good,189 seats,1 ADs,45,55.2,"2,309 kg/hr",31013000.0,31545000.0,30537000.0
787-9,BOEING,2012,"41,807 hrs","18,158 cycles",Trent 1000,"5,205 hrs","3,838 cycles",D-Check Due,MSG-3,Off Lease,North America,No,No,Major,Excellent,296 seats,1 ADs,32,55.8,"2,075 kg/hr",41712000.0,40156000.0,36810000.0
737-800,boeing,2020,"20,859 hrs","14,390 cycles",CFM56-7B,"2,435 hrs","1,609 cycles",Fresh D-Check,MSG-3,Owned,Asia-Pacific,Yes,Yes,None,Excellent,189 seats,1 ADs,23,94.9,"2,150 kg/hr",44366000.0,44856000.0,46302000.0
747-8F,Boeing,2010,"36,504 hrs","16,668 cycles",GEnx-2B,"4,381 hrs","2,432 cycles",C-Check Due,MSG-3,Off Lease,North America,Yes,No,None,Good,Freighter (0 seats),1 ADs,29,50.5,"3,751 kg/hr",80301000.0,58414000.0,62008000.0
ATR 72-600,atr,2017,"27,123 hrs","17,196 cycles",PW127M,"5,063 hrs","2,435 cycles",C-Check Due,MSG-3,Owned,Middle East,No,No,None,Fair,70 seats,1 ADs,21,38.2,"2,084 kg/hr",13612000.0,12631000.0,12702000.0
737-800,Boeing,2009,"42,963 hrs","18,931 cycles",CFM56-7B,"7,924 hrs","5,320 cycles",C-Check Due,OEM Managed,On Lease,Europe,Yes,Yes,Minor,Fair,189 seats,0 ADs,40,38.5,"3,018 kg/hr",16572000.0,14215000.0,13553000.0
747-8F,BOEING,2008,"53,904 hrs","23,408 cycles",GEnx-2B,"6,039 hrs","3,020 cycles",Fresh C-Check,OEM Managed,Off Lease,North America,No,Yes,None,Poor,Freighter (0 seats),0 ADs,24,88.7,"2,636 kg/hr",47237000.0,48803000.0,49647000.0
CRJ900,Bombardier,2007,"39,862 hrs","17,731 cycles",CF34-8C5,632 hrs,267 cycles,Fresh C-Check,MSG-3,On Lease,Africa,Yes,Yes,Minor,Fair,76 seats,0 ADs,53,52.9,"3,974 kg/hr",11398000.0,9634000.0,10050000.0
787-9,Boeing,2017,"18,526 hrs","9,640 cycles",Trent 1000,"3,803 hrs","1,769 cycles",Fresh C-Check,Hourly Inspection,On Lease,Middle East,Yes,No,None,Good,296 seats,Not Reported,29,66.0,"3,861 kg/hr",99394000.0,98043000.0,98881000.0
777-300ER,Boeing,2005,"48,871 hrs","26,566 cycles",GE90-115B,"7,499 hrs","3,337 cycles",D-Check Due,MSG-3,On Lease,Latin America,No,No,Major,Excellent,396 seats,2 ADs,4,48.4,"2,357 kg/hr",16952000.0,23237000.0,22607000.0
A320-200,AIRBUS,1998,"77,823 hrs","50,423 cycles",V2500,"7,873 hrs","3,732 cycles",Fresh D-Check,OEM Managed,Owned,Africa,Yes,Yes,Major,Good,180 seats,1 ADs,0,49.5,"1,528 kg/hr",7926000.0,7153000.0,6932000.0
CRJ900,bombardier,2003,"64,979 hrs","39,408 cycles",CF34-8C5,"8,923 hrs","4,238 cycles",Fresh D-Check,OEM Managed,On Lease,Latin America,Yes,No,Minor,Excellent,76 seats,0 ADs,38,49.7,"2,441 kg/hr",6420000.0,6307000.0,5901000.0
737-800,BOEING,2017,"23,722 hrs","16,674 cycles",CFM56-7B,"3,452 hrs","2,087 cycles",Fresh D-Check,MSG-3,On Lease,Asia-Pacific,No,No,None,Poor,189 seats,0 ADs,49,64.5,"1,295 kg/hr",34119000.0,30761000.0,31276000.0
ATR 72-600,atr,2015,"37,507 hrs","21,486 cycles",PW127M,"2,699 hrs","1,387 cycles",Fresh C-Check,MSG-3,On Lease,Europe,Yes,No,None,Excellent,70 seats,Not Reported,52,33.9,"2,967 kg/hr",13681000.0,12577000.0,12333000.0
787-9,boeing,2020,"18,122 hrs","9,166 cycles",Trent 1000,"5,899 hrs","3,535 cycles",Fresh C-Check,Hourly Inspection,Owned,Middle East,Yes,No,None,Good,296 seats,3 ADs,48,86.5,"2,033 kg/hr",118577000.0,108120000.0,115510000.0
A320neo,Airbus,2009,"35,695 hrs","17,260 cycles",LEAP-1A,"1,720 hrs",814 cycles,Fresh C-Check,Hourly Inspection,Off Lease,Asia-Pacific,No,No,None,Fair,180 seats,1 ADs,36,39.5,"4,272 kg/hr",19886000.0,20819000.0,21013000.0
A320-200,AIRBUS,2005,"45,121 hrs","20,354 cycles",V2500,"2,499 hrs","1,078 cycles",Fresh C-Check,OEM Managed,On Lease,Asia-Pacific,Yes,Yes,None,Poor,180 seats,4 ADs,53,78.9,"2,269 kg/hr",16070000.0,15494000.0,15543000.0
737 MAX 8,Boeing,2013,"30,656 hrs","14,603 cycles",LEAP-1B,"8,584 hrs","5,617 cycles",Fresh C-Check,MSG-3,On Lease,North America,Yes,Yes,None,Poor,178 seats,2 ADs,32,59.5,"2,125 kg/hr",26093000.0,25301000.0,25803000.0
ATR 72-600,atr,2018,"15,747 hrs","8,540 cycles",PW127M,"8,008 hrs","3,561 cycles",C-Check Due,OEM Managed,Owned,Africa,Yes,No,None,Excellent,70 seats,1 ADs,37,48.7,"1,432 kg/hr",15867000.0,16851000.0,15681000.0
E175,embraer,1999,"68,183 hrs","36,839 cycles",CF34-8E,506 hrs,254 cycles,C-Check Due,MSG-3,Owned,Europe,No,Yes,None,Good,76 seats,2 ADs,36,66.7,"2,297 kg/hr",6452000.0,5493000.0,5982000.0
747-8F,boeing,2008,"42,608 hrs","28,145 cycles",GEnx-2B,"1,037 hrs",735 cycles,Fresh C-Check,OEM Managed,Owned,Africa,No,No,None,Excellent,Freighter (0 seats),1 ADs,8,50.2,"2,867 kg/hr",58226000.0,56519000.0,52722000.0
E175,Embraer,2016,"23,834 hrs","11,119 cycles",CF34-8E,"8,824 hrs","5,987 cycles",Fresh D-Check,OEM Managed,Off Lease,North America,No,No,None,Fair,76 seats,1 ADs,15,50.1,"1,887 kg/hr",17841000.0,17917000.0,18568000.0
737 MAX 8,BOEING,2017,"22,314 hrs","12,499 cycles",LEAP-1B,"7,180 hrs","3,651 cycles",Fresh D-Check,Hourly Inspection,Off Lease,Middle East,Yes,No,Minor,Excellent,178 seats,2 ADs,32,51.3,"4,154 kg/hr",40010000.0,33463000.0,34003000.0
737 MAX 8,Boeing,2005,"67,814 hrs","33,054 cycles",LEAP-1B,"6,784 hrs","3,097 cycles",Fresh C-Check,MSG-3,On Lease,North America,No,No,None,Good,178 seats,0 ADs,57,24.3,"3,988 kg/hr",12823000.0,11831000.0,12618000.0
A320-200,AIRBUS,2019,"17,933 hrs","8,877 cycles",CFM56-5B,"8,205 hrs","3,521 cycles",C-Check Due,MSG-3,Off Lease,North America,Yes,No,None,Fair,180 seats,0 ADs,46,79.0,"2,138 kg/hr",29232000.0,33327000.0,32967000.0
E175,Embraer,2009,"39,485 hrs","18,810 cycles",CF34-8E,"2,585 hrs","1,445 cycles",D-Check Due,MSG-3,On Lease,North America,Yes,No,None,Fair,76 seats,1 ADs,14,59.5,"2,384 kg/hr",9847000.0,9710000.0,9270000.0
E175,Embraer,2017,"13,503 hrs","7,335 cycles",CF34-8E,"8,941 hrs","3,891 cycles",Fresh C-Check,MSG-3,Off Lease,North America,Yes,No,Minor,Good,76 seats,1 ADs,36,61.9,"1,461 kg/hr",17455000.0,19109000.0,20017000.0
737-800,boeing,2007,"40,494 hrs","22,408 cycles",CFM56-7B,"5,748 hrs","2,556 cycles",Fresh C-Check,MSG-3,On Lease,Africa,No,No,None,Fair,189 seats,1 ADs,43,79.7,"2,334 kg/hr",20262000.0,16680000.0,18765000.0
CRJ900,Bombardier,2020,"13,312 hrs","6,454 cycles",CF34-8C5,"4,266 hrs","2,409 cycles",Fresh C-Check,MSG-3,On Lease,Middle East,No,No,None,Excellent,76 seats,3 ADs,1,71.4,"1,321 kg/hr",23346000.0,24654000.0,20259000.0
A350-900,airbus,2017,"22,631 hrs","11,690 cycles",Trent XWB,"2,102 hrs","1,037 cycles",C-Check Due,OEM Managed,On Lease,Middle East,Yes,Yes,None,Good,325 seats,0 ADs,32,37.8,"2,701 kg/hr",85260000.0,92315000.0,94406000.0
777-300ER,boeing,2006,"63,848 hrs","48,009 cycles",GE90-115B,"4,342 hrs","2,095 cycles",D-Check Due,MSG-3,On Lease,Middle East,Yes,Yes,None,Good,396 seats,0 ADs,31,62.8,"1,178 kg/hr",27654000.0,29333000.0,31766000.0
ATR 72-600,atr,2001,"76,250 hrs","36,917 cycles",PW127M,"8,103 hrs","3,798 cycles",C-Check Due,OEM Managed,On Lease,Latin America,No,Yes,None,Poor,70 seats,1 ADs,34,86.4,"2,556 kg/hr",4757000.0,4603000.0,5087000.0
E175,embraer,2018,"17,304 hrs","7,242 cycles",CF34-8E,220 hrs,169 cycles,Fresh C-Check,MSG-3,Owned,Asia-Pacific,No,No,None,Good,76 seats,1 ADs,27,63.4,"1,903 kg/hr",31028000.0,24303000.0,22960000.0
787-9,BOEING,2022,"11,138 hrs","4,811 cycles",Trent 1000,"4,186 hrs","2,812 cycles",Fresh C-Check,OEM Managed,Owned,North America,Yes,No,None,Good,296 seats,0 ADs,32,37.2,"1,995 kg/hr",131328000.0,118873000.0,120238000.0
CRJ900,Bombardier,2004,"49,115 hrs","24,117 cycles",CF34-8C5,"3,778 hrs","1,687 cycles",Fresh C-Check,Hourly Inspection,Owned,Europe,Yes,No,None,Fair,76 seats,0 ADs,13,61.1,"1,729 kg/hr",8576000.0,7535000.0,7687000.0
737-800,Boeing,2006,"64,543 hrs","40,812 cycles",CFM56-7B,"6,639 hrs","3,360 cycles",Fresh C-Check,MSG-3,Owned,Middle East,No,No,None,Good,189 seats,2 ADs,41,75.7,"1,430 kg/hr",13249000.0,12220000.0,12522000.0
E175,embraer,2020,"17,795 hrs","6,586 cycles",CF34-8E,"2,554 hrs","1,485 cycles",C-Check Due,Hourly Inspection,On Lease,Asia-Pacific,No,Yes,None,Good,76 seats,1 ADs,13,74.4,"1,867 kg/hr",22846000.0,24805000.0,25271000.0
A320-200,Airbus,2007,"39,089 hrs","18,348 cycles",V2500,"7,800 hrs","4,090 cycles",D-Check Due,Hourly Inspection,On Lease,Europe,No,No,None,Good,180 seats,Not Reported,4,37.5,"3,001 kg/hr",11108000.0,13650000.0,12936000.0
737-800,BOEING,2016,"24,816 hrs","15,695 cycles",CFM56-7B,"3,366 hrs","1,997 cycles",Fresh C-Check,MSG-3,Off Lease,Africa,No,No,None,Fair,189 seats,1 ADs,27,48.8,"3,222 kg/hr",32968000.0,26436000.0,25313000.0
737-800,BOEING,2017,"25,666 hrs","12,665 cycles",CFM56-7B,"7,231 hrs","5,037 cycles",C-Check Due,MSG-3,Off Lease,Latin America,No,Yes,None,Excellent,189 seats,1 ADs,4,53.7,"2,144 kg/hr",31457000.0,27592000.0,28293000.0
CRJ900,bombardier,2000,"91,974 hrs","45,815 cycles",CF34-8C5,"5,393 hrs","2,349 cycles",C-Check Due,MSG-3,Off Lease,North America,No,No,None,Fair,76 seats,3 ADs,55,37.2,"1,295 kg/hr",3092000.0,4234000.0,3946000.0
E175,Embraer,2017,"19,586 hrs","13,755 cycles",CF34-8E,"4,653 hrs","2,375 cycles",D-Check Due,MSG-3,Owned,North America,Yes,No,None,Good,76 seats,1 ADs,8,40.7,"3,330 kg/hr",17351000.0,15583000.0,16265000.0
737 MAX 8,BOEING,2007,"68,074 hrs","31,953 cycles",LEAP-1B,"4,997 hrs","2,286 cycles",Fresh C-Check,MSG-3,Owned,Asia-Pacific,No,No,None,Good,178 seats,0 ADs,13,61.8,"1,996 kg/hr",17986000.0,14694000.0,14671000.0
A320-200,AIRBUS,2000,"69,223 hrs","41,329 cycles",CFM56-5B,"2,087 hrs","1,457 cycles",Fresh D-Check,Hourly Inspection,On Lease,Asia-Pacific,Yes,Yes,None,Good,180 seats,1 ADs,46,64.4,"3,101 kg/hr",10854000.0,10856000.0,11290000.0
E175,embraer,2003,"41,771 hrs","27,824 cycles",CF34-8E,"1,012 hrs",426 cycles,Fresh C-Check,MSG-3,Owned,Asia-Pacific,No,No,None,Good,76 seats,1 ADs,39,65.2,"1,174 kg/hr",11216000.0,9806000.0,9589000.0
777-300ER,boeing,2006,"58,093 hrs","38,682 cycles",GE90-115B,"3,548 hrs","1,590 cycles",Fresh C-Check,MSG-3,On Lease,Latin America,Yes,Yes,None,Good,396 seats,2 ADs,28,67.1,"1,739 kg/hr",41166000.0,39190000.0,36335000.0
A330-300,Airbus,2014,"27,050 hrs","16,258 cycles",CF6-80E1,"8,733 hrs","5,808 cycles",D-Check Due,MSG-3,On Lease,Asia-Pacific,No,Yes,None,Good,277 seats,1 ADs,46,51.5,"3,837 kg/hr",42266000.0,44564000.0,44314000.0
A350-900,AIRBUS,2014,"30,303 hrs","22,585 cycles",Trent XWB,"2,875 hrs","1,210 cycles",C-Check Due,MSG-3,Owned,North America,Yes,No,None,Excellent,325 seats,1 ADs,19,85.8,"1,283 kg/hr",80600000.0,80258000.0,81084000.0
E175,embraer,2002,"65,493 hrs","48,289 cycles",CF34-8E,"3,138 hrs","2,065 cycles",C-Check Due,Hourly Inspection,Owned,North America,No,No,None,Good,76 seats,0 ADs,58,59.0,"2,914 kg/hr",5465000.0,6444000.0,5530000.0
ATR 72-600,ATR,2007,"53,838 hrs","23,327 cycles",PW127M,129 hrs,55 cycles,D-Check Due,Hourly Inspection,On Lease,North America,Yes,Yes,None,Fair,70 seats,1 ADs,53,64.4,"1,641 kg/hr",6793000.0,5955000.0,6439000.0
CRJ900,bombardier,2018,"26,446 hrs","16,796 cycles",CF34-8C5,"8,058 hrs","5,567 cycles",Fresh D-Check,MSG-3,Owned,Latin America,Yes,No,None,Good,76 seats,0 ADs,32,66.3,"3,202 kg/hr",19818000.0,19000000.0,19783000.0
777-300ER,Boeing,1998,"77,806 hrs","49,523 cycles",GE90-115B,843 hrs,379 cycles,D-Check Due,MSG-3,Owned,Middle East,Yes,No,Major,Fair,396 seats,1 ADs,53,34.9,"2,417 kg/hr",13543000.0,14150000.0,13450000.0
787-9,BOEING,2005,"54,739 hrs","33,017 cycles",Trent 1000,"2,066 hrs",943 cycles,Fresh C-Check,MSG-3,On Lease,Asia-Pacific,No,Yes,None,Good,296 seats,3 ADs,0,58.8,"1,950 kg/hr",41945000.0,39416000.0,35106000.0
CRJ900,Bombardier,2020,"16,692 hrs","9,757 cycles",CF34-8C5,"7,306 hrs","5,358 cycles",Fresh D-Check,Hourly Inspection,On Lease,North America,No,Yes,None,Excellent,76 seats,4 ADs,41,34.1,"3,328 kg/hr",20645000.0,20647000.0,21822000.0
A320-200,airbus,2010,"43,403 hrs","32,763 cycles",CFM56-5B,"5,096 hrs","2,495 cycles",Fresh D-Check,OEM Managed,Off Lease,Middle East,No,No,None,Excellent,180 seats,Not Reported,34,50.6,"4,138 kg/hr",18981000.0,18755000.0,20504000.0
A320neo,Airbus,2002,"71,457 hrs","42,627 cycles",LEAP-1A,"1,972 hrs",970 cycles,Fresh C-Check,MSG-3,Owned,Middle East,No,Yes,None,Fair,180 seats,3 ADs,48,73.8,"2,120 kg/hr",12225000.0,12948000.0,13340000.0
737 MAX 8,Boeing,2004,"60,252 hrs","34,248 cycles",LEAP-1B,"3,510 hrs","1,684 cycles",Fresh C-Check,MSG-3,Owned,Africa,Yes,No,None,Fair,178 seats,2 ADs,25,27.3,"2,290 kg/hr",12463000.0,11981000.0,10799000.0
A320neo,Airbus,1999,"59,948 hrs","38,677 cycles",PW1100G,"6,443 hrs","2,942 cycles",D-Check Due,MSG-3,Owned,Europe,No,No,None,Good,180 seats,1 ADs,55,30.3,"1,685 kg/hr",9150000.0,7558000.0,8639000.0
777-300ER,Boeing,2018,"25,769 hrs","12,018 cycles",GE90-115B,"4,214 hrs","2,241 cycles",Fresh C-Check,MSG-3,Owned,Asia-Pacific,Yes,No,None,Good,396 seats,1 ADs,17,63.8,"1,658 kg/hr",75200000.0,89154000.0,88206000.0
A330-300,Airbus,2009,"45,864 hrs","20,805 cycles",CF6-80E1,"8,583 hrs","5,625 cycles",C-Check Due,Hourly Inspection,Owned,Latin America,Yes,No,Minor,Good,277 seats,1 ADs,31,71.1,"1,235 kg/hr",28041000.0,33284000.0,33586000.0
E175,Embraer,2002,"61,533 hrs","34,306 cycles",CF34-8E,"1,631 hrs",787 cycles,Fresh D-Check,MSG-3,Off Lease,North America,No,Yes,None,Fair,76 seats,1 ADs,57,81.4,"2,305 kg/hr",8531000.0,7660000.0,7745000.0
737-800,Boeing,2007,"41,291 hrs","28,997 cycles",CFM56-7B,933 hrs,396 cycles,C-Check Due,MSG-3,Off Lease,Africa,Yes,No,None,Good,189 seats,0 ADs,10,76.1,"1,399 kg/hr",17353000.0,15664000.0,16040000.0
737-800,boeing,2001,"60,132 hrs","30,327 cycles",CFM56-7B,"8,071 hrs","4,329 cycles",C-Check Due,MSG-3,Owned,North America,Yes,No,None,Good,189 seats,0 ADs,30,56.1,"1,462 kg/hr",6686000.0,8773000.0,9043000.0
787-9,boeing,2022,"9,778 hrs","4,244 cycles",Trent 1000,"7,708 hrs","4,244 cycles",Fresh C-Check,OEM Managed,Off Lease,Europe,Yes,No,None,Good,296 seats,0 ADs,21,53.2,"2,371 kg/hr",138675000.0,122872000.0,121297000.0
A320neo,airbus,2017,"15,709 hrs","9,972 cycles",PW1100G,"4,226 hrs","2,693 cycles",Fresh C-Check,MSG-3,On Lease,Latin America,No,No,None,Good,180 seats,Not Reported,6,84.6,"2,762 kg/hr",41436000.0,42824000.0,43552000.0
A320neo,airbus,2022,"6,825 hrs","4,015 cycles",LEAP-1A,"6,825 hrs","2,876 cycles",Fresh D-Check,Hourly Inspection,Owned,North America,No,No,None,Excellent,180 seats,2 ADs,6,50.7,"2,860 kg/hr",53548000.0,54943000.0,54514000.0
ATR 72-600,atr,2003,"73,187 hrs","32,064 cycles",PW127M,"4,259 hrs","3,131 cycles",C-Check Due,OEM Managed,Off Lease,Africa,Yes,No,None,Excellent,70 seats,0 ADs,47,42.9,"4,046 kg/hr",5052000.0,5068000.0,4587000.0
E175,embraer,2013,"22,181 hrs","18,226 cycles",CF34-8E,784 hrs,569 cycles,D-Check Due,MSG-3,Owned,Africa,Yes,Yes,None,Excellent,76 seats,Not Reported,39,31.8,"3,090 kg/hr",14863000.0,13874000.0,13322000.0
737 MAX 8,Boeing,2009,"43,970 hrs","21,365 cycles",LEAP-1B,"8,044 hrs","4,953 cycles",C-Check Due,OEM Managed,On Lease,Latin America,Yes,No,None,Good,178 seats,4 ADs,10,81.8,"2,564 kg/hr",17784000.0,18870000.0,16142000.0
737 MAX 8,BOEING,2009,"39,424 hrs","16,088 cycles",LEAP-1B,"5,239 hrs","2,420 cycles",D-Check Due,MSG-3,Owned,North America,Yes,No,None,Good,178 seats,0 ADs,26,60.3,"1,929 kg/hr",20093000.0,17514000.0,18313000.0
ATR 72-600,ATR,2003,"80,600 hrs","44,426 cycles",PW127M,"5,130 hrs","2,449 cycles",C-Check Due,MSG-3,On Lease,North America,Yes,Yes,None,Fair,70 seats,3 ADs,24,63.1,"3,334 kg/hr",5105000.0,5188000.0,4942000.0
737-800,boeing,2018,"19,161 hrs","10,174 cycles",CFM56-7B,215 hrs,154 cycles,Fresh C-Check,MSG-3,Owned,Asia-Pacific,No,Yes,None,Good,189 seats,0 ADs,2,62.2,"4,585 kg/hr",34421000.0,35077000.0,34293000.0
737 MAX 8,Boeing,2014,"29,203 hrs","13,307 cycles",LEAP-1B,268 hrs,169 cycles,Fresh D-Check,Hourly Inspection,On Lease,North America,Yes,Yes,Minor,Good,178 seats,3 ADs,40,49.0,"2,673 kg/hr",30601000.0,29503000.0,28912000.0
777-300ER,BOEING,2019,"16,757 hrs","12,359 cycles",GE90-115B,"4,655 hrs","2,919 cycles",D-Check Due,MSG-3,Owned,North America,Yes,No,Minor,Good,396 seats,1 ADs,36,39.2,"4,394 kg/hr",79621000.0,72540000.0,60688000.0
747-8F,Boeing,2011,"43,078 hrs","17,777 cycles",GEnx-2B,"1,135 hrs",861 cycles,C-Check Due,OEM Managed,On Lease,North America,Yes,No,None,Excellent,Freighter (0 seats),2 ADs,49,86.4,"1,898 kg/hr",87999000.0,68629000.0,66619000.0
A320neo,airbus,2004,"54,472 hrs","37,855 cycles",PW1100G,"1,449 hrs",704 cycles,C-Check Due,MSG-3,On Lease,Africa,Yes,Yes,None,Excellent,180 seats,0 ADs,7,69.0,"1,566 kg/hr",14508000.0,16502000.0,16747000.0
747-8F,BOEING,2013,"39,496 hrs","14,942 cycles",GEnx-2B,"4,402 hrs","2,577 cycles",Fresh C-Check,OEM Managed,On Lease,North America,Yes,Yes,None,Good,Freighter (0 seats),1 ADs,9,55.9,"1,476 kg/hr",68133000.0,79103000.0,80141000.0
A330-300,airbus,2014,"34,072 hrs","20,271 cycles",PW4000,"2,599 hrs","1,197 cycles",D-Check Due,MSG-3,Owned,Africa,No,Yes,None,Fair,277 seats,1 ADs,34,42.4,"2,744 kg/hr",43801000.0,38525000.0,42418000.0
A320-200,Airbus,2014,"30,407 hrs","18,030 cycles",CFM56-5B,"4,510 hrs","2,191 cycles",C-Check Due,Hourly Inspection,Off Lease,Latin America,Yes,No,None,Good,180 seats,Not Reported,0,46.7,"1,289 kg/hr",29816000.0,22685000.0,23932000.0
787-9,Boeing,2000,"88,996 hrs","45,133 cycles",GEnx-1B,"3,196 hrs","2,321 cycles",Fresh D-Check,Hourly Inspection,On Lease,North America,Yes,No,Minor,Fair,296 seats,1 ADs,55,54.0,"2,514 kg/hr",30925000.0,27520000.0,29289000.0
737 MAX 8,boeing,2016,"26,702 hrs","14,187 cycles",LEAP-1B,103 hrs,46 cycles,C-Check Due,MSG-3,On Lease,Asia-Pacific,Yes,No,Minor,Excellent,178 seats,1 ADs,19,69.2,"1,280 kg/hr",32685000.0,31727000.0,32754000.0
787-9,boeing,1998,"72,630 hrs","52,543 cycles",GEnx-1B,"2,990 hrs","1,323 cycles",C-Check Due,MSG-3,On Lease,Africa,Yes,Yes,None,Excellent,296 seats,2 ADs,47,53.3,"4,488 kg/hr",26173000.0,24885000.0,24787000.0
737 MAX 8,boeing,2017,"30,824 hrs","16,202 cycles",LEAP-1B,"3,892 hrs","2,542 cycles",Fresh C-Check,MSG-3,On Lease,North America,Yes,No,None,Fair,178 seats,0 ADs,9,63.5,"4,088 kg/hr",35610000.0,34633000.0,33461000.0
787-9,BOEING,2019,"13,663 hrs","6,065 cycles",Trent 1000,"1,928 hrs","1,018 cycles",Fresh D-Check,OEM Managed,On Lease,North America,No,No,None,Fair,296 seats,0 ADs,49,67.5,"1,874 kg/hr",131757000.0,122152000.0,116100000.0
E175,Embraer,1998,"86,430 hrs","47,230 cycles",CF34-8E,"8,997 hrs","4,723 cycles",Fresh D-Check,Hourly Inspection,Off Lease,Africa,Yes,Yes,None,Good,76 seats,1 ADs,24,44.2,"1,738 kg/hr",5822000.0,5448000.0,5755000.0
747-8F,BOEING,2014,"29,501 hrs","18,120 cycles",GEnx-2B,"5,253 hrs","2,644 cycles",Fresh C-Check,MSG-3,Owned,Middle East,No,Yes,None,Good,Freighter (0 seats),1 ADs,36,64.8,"3,481 kg/hr",89039000.0,87482000.0,94241000.0
A350-900,airbus,1998,"52,329 hrs","27,417 cycles",Trent XWB,"4,495 hrs","2,747 cycles",D-Check Due,Hourly Inspection,Off Lease,Middle East,Yes,No,None,Good,325 seats,0 ADs,26,91.0,"1,968 kg/hr",23761000.0,27550000.0,27931000.0
737-800,boeing,1999,"72,047 hrs","50,283 cycles",CFM56-7B,"8,065 hrs","3,710 cycles",D-Check Due,Hourly Inspection,Off Lease,Middle East,No,Yes,Minor,Good,189 seats,1 ADs,47,55.6,"2,265 kg/hr",6833000.0,6464000.0,7111000.0
A320neo,AIRBUS,2002,"52,647 hrs","36,501 cycles",LEAP-1A,"6,847 hrs","4,068 cycles",D-Check Due,OEM Managed,Owned,Latin America,No,No,None,Fair,180 seats,0 ADs,30,73.1,"3,156 kg/hr",11228000.0,11125000.0,11384000.0
A350-900,Airbus,2022,"9,801 hrs","8,400 cycles",Trent XWB,"1,410 hrs",683 cycles,Fresh C-Check,MSG-3,Owned,Europe,No,No,Minor,Fair,325 seats,3 ADs,0,18.6,"2,032 kg/hr",92055000.0,103535000.0,105743000.0
A320neo,Airbus,2019,"14,182 hrs","5,347 cycles",LEAP-1A,"4,393 hrs","3,117 cycles",C-Check Due,MSG-3,On Lease,Africa,Yes,No,Minor,Good,180 seats,3 ADs,48,68.9,"3,220 kg/hr",39304000.0,38557000.0,36310000.0
747-8F,BOEING,2011,"39,871 hrs","23,735 cycles",GEnx-2B,"2,475 hrs","1,182 cycles",Fresh C-Check,OEM Managed,On Lease,North America,Yes,No,None,Fair,Freighter (0 seats),0 ADs,20,50.1,"1,351 kg/hr",83857000.0,65023000.0,65750000.0
ATR 72-600,atr,2008,"32,345 hrs","20,465 cycles",PW127M,"5,977 hrs","3,644 cycles",Fresh C-Check,OEM Managed,On Lease,Europe,Yes,No,None,Good,70 seats,0 ADs,41,61.3,"2,450 kg/hr",9250000.0,10013000.0,9770000.0
787-9,boeing,2002,"82,053 hrs","48,992 cycles",GEnx-1B,"2,994 hrs","1,280 cycles",C-Check Due,OEM Managed,Owned,Africa,Yes,Yes,None,Fair,296 seats,2 ADs,22,71.3,"2,714 kg/hr",34379000.0,28576000.0,30221000.0
A330-300,Airbus,2011,"42,576 hrs","32,958 cycles",Trent 700,"1,695 hrs",928 cycles,C-Check Due,OEM Managed,On Lease,Asia-Pacific,No,Yes,None,Excellent,277 seats,2 ADs,0,69.0,"2,764 kg/hr",51698000.0,45352000.0,45853000.0
A330-300,Airbus,2000,"76,829 hrs","46,097 cycles",CF6-80E1,953 hrs,601 cycles,D-Check Due,MSG-3,On Lease,North America,Yes,No,None,Good,277 seats,3 ADs,11,57.6,"2,806 kg/hr",18431000.0,16420000.0,16409000.0
A320neo,airbus,2002,"71,965 hrs","36,297 cycles",PW1100G,"4,396 hrs","2,554 cycles",Fresh C-Check,MSG-3,Owned,Asia-Pacific,No,Yes,Minor,Good,180 seats,2 ADs,16,69.9,"2,180 kg/hr",11256000.0,12746000.0,11819000.0
737-800,BOEING,1998,"81,846 hrs","33,990 cycles",CFM56-7B,"3,072 hrs","1,536 cycles",C-Check Due,Hourly Inspection,On Lease,Asia-Pacific,Yes,Yes,None,Poor,189 seats,1 ADs,10,69.4,"1,972 kg/hr",7831000.0,8336000.0,8511000.0
E175,Embraer,2015,"30,103 hrs","15,568 cycles",CF34-8E,"7,495 hrs","3,907 cycles",Fresh D-Check,MSG-3,Owned,Middle East,Yes,Yes,None,Poor,76 seats,0 ADs,50,62.5,"1,548 kg/hr",16790000.0,18419000.0,17781000.0
A350-900,AIRBUS,2002,"79,302 hrs","51,658 cycles",Trent XWB,"7,085 hrs","4,191 cycles",Fresh C-Check,OEM Managed,On Lease,North America,No,No,Minor,Good,325 seats,2 ADs,2,32.1,"2,496 kg/hr",33193000.0,26532000.0,27353000.0
CRJ900,Bombardier,2000,"78,433 hrs","58,526 cycles",CF34-8C5,923 hrs,597 cycles,C-Check Due,MSG-3,Off Lease,Africa,No,No,Minor,Fair,76 seats,Not Reported,55,90.0,"2,976 kg/hr",5404000.0,4927000.0,5026000.0
A320-200,airbus,2015,"34,119 hrs","22,240 cycles",V2500,667 hrs,280 cycles,Fresh C-Check,OEM Managed,Owned,Middle East,Yes,No,None,Poor,180 seats,2 ADs,32,62.4,"1,956 kg/hr",26948000.0,26514000.0,25067000.0
747-8F,boeing,2000,"74,810 hrs","57,693 cycles",GEnx-2B,"3,095 hrs","2,320 cycles",C-Check Due,OEM Managed,On Lease,Africa,Yes,No,None,Poor,Freighter (0 seats),1 ADs,27,14.1,"2,285 kg/hr",25932000.0,26443000.0,24931000.0
747-8F,boeing,2008,"48,510 hrs","35,249 cycles",GEnx-2B,"2,005 hrs","1,223 cycles",Fresh C-Check,Hourly Inspection,On Lease,Latin America,Yes,No,None,Excellent,Freighter (0 seats),Not Reported,54,17.5,"2,505 kg/hr",46789000.0,50151000.0,46690000.0
A320neo,AIRBUS,2017,"24,770 hrs","15,127 cycles",LEAP-1A,"2,651 hrs","1,929 cycles",C-Check Due,MSG-3,Owned,Latin America,No,No,Major,Fair,180 seats,1 ADs,48,60.0,"2,745 kg/hr",25899000.0,25694000.0,26205000.0
747-8F,boeing,2003,"55,480 hrs","35,367 cycles",GEnx-2B,"3,369 hrs","1,818 cycles",D-Check Due,MSG-3,On Lease,Asia-Pacific,Yes,No,None,Good,Freighter (0 seats),0 ADs,58,39.9,900 kg/hr,32831000.0,33443000.0,31024000.0
A330-300,airbus,2021,"9,541 hrs","6,129 cycles",Trent 700,"8,357 hrs","5,237 cycles",C-Check Due,OEM Managed,Off Lease,Africa,Yes,No,None,Excellent,277 seats,0 ADs,1,65.8,"1,184 kg/hr",86685000.0,83611000.0,74877000.0
A320neo,Airbus,2006,"56,885 hrs","38,982 cycles",PW1100G,994 hrs,450 cycles,Fresh D-Check,MSG-3,Owned,Africa,No,Yes,None,Excellent,180 seats,0 ADs,21,52.5,"3,416 kg/hr",16831000.0,18265000.0,20156000.0
A330-300,AIRBUS,2017,"23,033 hrs","11,135 cycles",PW4000,"1,036 hrs",434 cycles,Fresh C-Check,MSG-3,Owned,Latin America,No,No,None,Good,277 seats,0 ADs,29,52.6,"3,330 kg/hr",63943000.0,69584000.0,67688000.0
737 MAX 8,boeing,2006,"35,236 hrs","28,831 cycles",LEAP-1B,"1,265 hrs",681 cycles,Fresh C-Check,MSG-3,On Lease,Europe,No,No,None,Fair,178 seats,1 ADs,57,51.5,"3,038 kg/hr",18916000.0,17762000.0,18219000.0
737-800,boeing,2016,"27,251 hrs","15,226 cycles",CFM56-7B,"5,927 hrs","2,497 cycles",C-Check Due,Hourly Inspection,On Lease,Latin America,No,No,None,Excellent,189 seats,1 ADs,54,29.0,"1,082 kg/hr",28508000.0,25713000.0,24530000.0
A330-300,Airbus,2005,"57,425 hrs","40,788 cycles",Trent 700,"3,272 hrs","2,422 cycles",C-Check Due,OEM Managed,Owned,Asia-Pacific,No,No,Major,Excellent,277 seats,4 ADs,47,75.0,"3,002 kg/hr",22191000.0,20971000.0,21906000.0
A320neo,AIRBUS,2003,"56,826 hrs","26,657 cycles",LEAP-1A,"4,794 hrs","2,612 cycles",Fresh C-Check,MSG-3,On Lease,Middle East,No,No,Minor,Fair,180 seats,0 ADs,53,22.3,"2,492 kg/hr",10500000.0,11233000.0,11457000.0
ATR 72-600,atr,2009,"51,118 hrs","29,349 cycles",PW127M,"1,884 hrs","1,086 cycles",Fresh D-Check,OEM Managed,Owned,Asia-Pacific,No,Yes,None,Excellent,70 seats,0 ADs,46,45.2,"4,170 kg/hr",11510000.0,9846000.0,9313000.0
787-9,Boeing,2006,"65,128 hrs","43,852 cycles",Trent 1000,"3,751 hrs","1,610 cycles",C-Check Due,OEM Managed,Owned,Middle East,Yes,Yes,None,Fair,296 seats,1 ADs,29,60.7,"2,695 kg/hr",33560000.0,34671000.0,33084000.0
A320neo,Airbus,2005,"65,694 hrs","29,799 cycles",PW1100G,"1,344 hrs",957 cycles,Fresh C-Check,MSG-3,Off Lease,Middle East,Yes,No,None,Poor,180 seats,3 ADs,26,31.5,"1,870 kg/hr",11133000.0,11491000.0,11171000.0
A350-900,AIRBUS,2014,"32,458 hrs","21,268 cycles",Trent XWB,606 hrs,379 cycles,Fresh C-Check,Hourly Inspection,Off Lease,Asia-Pacific,Yes,No,None,Good,325 seats,0 ADs,29,78.1,"3,554 kg/hr",94695000.0,81160000.0,84481000.0
E175,embraer,2010,"38,149 hrs","26,231 cycles",CF34-8E,310 hrs,150 cycles,D-Check Due,MSG-3,On Lease,Africa,Yes,Yes,Minor,Fair,76 seats,0 ADs,23,32.3,"2,838 kg/hr",8510000.0,9475000.0,9231000.0
A320neo,airbus,2002,"53,277 hrs","28,245 cycles",PW1100G,"7,986 hrs","3,897 cycles",C-Check Due,Hourly Inspection,Owned,Middle East,No,No,Major,Good,180 seats,0 ADs,24,73.6,"2,153 kg/hr",11064000.0,10143000.0,10934000.0
787-9,boeing,2022,"9,735 hrs","4,351 cycles",Trent 1000,"5,391 hrs","2,741 cycles",C-Check Due,MSG-3,Off Lease,Europe,No,No,Minor,Fair,296 seats,0 ADs,16,50.7,"3,493 kg/hr",112522000.0,106541000.0,97233000.0
787-9,BOEING,2000,"65,435 hrs","39,510 cycles",Trent 1000,"4,048 hrs","2,423 cycles",Fresh C-Check,MSG-3,Owned,Africa,Yes,No,None,Poor,296 seats,2 ADs,40,58.0,"1,701 kg/hr",21798000.0,28544000.0,27300000.0
777-300ER,boeing,2014,"32,924 hrs","22,925 cycles",GE90-115B,"2,210 hrs","1,691 cycles",Fresh C-Check,Hourly Inspection,Owned,Europe,Yes,No,None,Poor,396 seats,2 ADs,17,70.4,"2,219 kg/hr",70416000.0,67548000.0,60876000.0
E175,Embraer,2012,"38,340 hrs","23,248 cycles",CF34-8E,"2,061 hrs","1,045 cycles",Fresh D-Check,OEM Managed,Owned,Europe,No,No,Minor,Excellent,76 seats,2 ADs,43,98.6,"1,623 kg/hr",17990000.0,16055000.0,14798000.0
A320-200,airbus,2017,"26,439 hrs","16,673 cycles",CFM56-5B,"2,711 hrs","1,363 cycles",D-Check Due,Hourly Inspection,Owned,North America,Yes,No,None,Excellent,180 seats,0 ADs,44,41.7,"2,531 kg/hr",29201000.0,24721000.0,25883000.0
A330-300,Airbus,2017,"21,622 hrs","14,170 cycles",Trent 700,"3,556 hrs","1,535 cycles",Fresh C-Check,Hourly Inspection,Off Lease,Asia-Pacific,No,Yes,None,Good,277 seats,2 ADs,53,46.8,"4,678 kg/hr",65687000.0,64163000.0,65549000.0
A320neo,Airbus,1999,"76,180 hrs","37,276 cycles",PW1100G,66 hrs,49 cycles,D-Check Due,MSG-3,Off Lease,North America,Yes,Yes,None,Good,180 seats,Not Reported,26,58.4,"2,937 kg/hr",7755000.0,9458000.0,9645000.0
ATR 72-600,atr,2016,"26,418 hrs","21,025 cycles",PW127M,"7,244 hrs","4,090 cycles",C-Check Due,OEM Managed,On Lease,Africa,No,Yes,None,Excellent,70 seats,1 ADs,1,72.9,"1,256 kg/hr",15764000.0,14201000.0,15016000.0
E175,Embraer,2009,"39,774 hrs","23,129 cycles",CF34-8E,"6,252 hrs","2,808 cycles",Fresh C-Check,Hourly Inspection,On Lease,Middle East,Yes,No,None,Excellent,76 seats,2 ADs,20,45.8,"1,833 kg/hr",12465000.0,12179000.0,10911000.0
ATR 72-600,ATR,2022,"9,732 hrs","5,177 cycles",PW127M,"3,228 hrs","2,163 cycles",Fresh D-Check,MSG-3,Off Lease,Latin America,Yes,Yes,None,Fair,70 seats,1 ADs,20,42.8,"2,900 kg/hr",22808000.0,21567000.0,21248000.0
A330-300,airbus,2002,"76,775 hrs","44,554 cycles",Trent 700,"3,627 hrs","2,242 cycles",C-Check Due,Hourly Inspection,Off Lease,Africa,No,No,None,Good,277 seats,1 ADs,8,47.7,"2,425 kg/hr",21865000.0,19681000.0,19915000.0
737-800,boeing,2014,"26,180 hrs","16,902 cycles",CFM56-7B,"1,480 hrs",725 cycles,Fresh C-Check,MSG-3,Owned,Middle East,No,No,None,Poor,189 seats,Not Reported,25,63.5,"2,281 kg/hr",24121000.0,22856000.0,24558000.0
A350-900,airbus,2013,"29,502 hrs","16,415 cycles",Trent XWB,"5,930 hrs","4,396 cycles",Fresh C-Check,Hourly Inspection,Off Lease,Middle East,Yes,Yes,None,Good,325 seats,1 ADs,59,63.9,"2,020 kg/hr",88812000.0,70427000.0,67727000.0
A330-300,AIRBUS,2012,"38,581 hrs","18,677 cycles",Trent 700,"5,456 hrs","2,920 cycles",C-Check Due,MSG-3,Owned,Middle East,Yes,No,Minor,Good,277 seats,1 ADs,8,49.5,"2,842 kg/hr",39923000.0,37470000.0,40094000.0
E175,embraer,2010,"35,482 hrs","27,409 cycles",CF34-8E,"1,576 hrs",744 cycles,D-Check Due,MSG-3,Owned,North America,No,Yes,None,Good,76 seats,5 ADs,47,44.9,"1,851 kg/hr",13031000.0,10433000.0,10958000.0
A320neo,Airbus,2001,"70,515 hrs","32,741 cycles",PW1100G,"2,058 hrs","1,420 cycles",D-Check Due,Hourly Inspection,On Lease,Europe,Yes,Yes,None,Good,180 seats,0 ADs,6,30.4,"2,703 kg/hr",10231000.0,9291000.0,10010000.0
ATR 72-600,atr,2020,"19,497 hrs","13,331 cycles",PW127M,"8,617 hrs","4,079 cycles",Fresh C-Check,Hourly Inspection,Off Lease,Europe,Yes,No,Minor,Good,70 seats,3 ADs,15,56.4,"2,410 kg/hr",17181000.0,15504000.0,16859000.0
A330-300,Airbus,2007,"35,265 hrs","15,496 cycles",CF6-80E1,"8,467 hrs","4,608 cycles",C-Check Due,Hourly Inspection,Off Lease,Latin America,Yes,No,None,Good,277 seats,2 ADs,2,52.8,"2,916 kg/hr",37143000.0,32158000.0,30363000.0
777-300ER,Boeing,2000,"79,408 hrs","54,634 cycles",GE90-115B,"2,777 hrs","1,322 cycles",Fresh C-Check,Hourly Inspection,On Lease,Africa,No,Yes,Minor,Good,396 seats,1 ADs,24,67.5,"1,879 kg/hr",25951000.0,26697000.0,26428000.0
787-9,Boeing,2002,"62,563 hrs","32,535 cycles",GEnx-1B,"3,660 hrs","2,030 cycles",Fresh C-Check,MSG-3,Owned,Africa,No,No,None,Fair,296 seats,1 ADs,29,32.5,"2,173 kg/hr",36600000.0,28828000.0,28283000.0
737-800,BOEING,2000,"54,988 hrs","31,662 cycles",CFM56-7B,"1,800 hrs",965 cycles,C-Check Due,OEM Managed,On Lease,Latin America,Yes,No,None,Good,189 seats,0 ADs,55,55.6,"1,054 kg/hr",11024000.0,9588000.0,10767000.0
A320neo,AIRBUS,2018,"20,289 hrs","9,011 cycles",LEAP-1A,"3,321 hrs","2,318 cycles",C-Check Due,MSG-3,On Lease,Latin America,No,No,None,Good,180 seats,2 ADs,1,47.4,"2,957 kg/hr",37552000.0,34030000.0,35215000.0
747-8F,BOEING,2010,"34,139 hrs","15,776 cycles",GEnx-2B,"1,915 hrs",967 cycles,C-Check Due,MSG-3,Owned,Europe,Yes,No,Minor,Good,Freighter (0 seats),1 ADs,44,46.2,"2,907 kg/hr",57940000.0,60524000.0,63526000.0
E175,Embraer,2012,"36,731 hrs","23,402 cycles",CF34-8E,"4,467 hrs","2,967 cycles",C-Check Due,MSG-3,Owned,Asia-Pacific,Yes,No,None,Good,76 seats,Not Reported,40,46.0,"4,177 kg/hr",14765000.0,13533000.0,14257000.0
A330-300,AIRBUS,2018,"8,823 hrs","7,490 cycles",PW4000,567 hrs,271 cycles,C-Check Due,MSG-3,Off Lease,Asia-Pacific,No,No,None,Good,277 seats,1 ADs,42,62.6,"3,182 kg/hr",78099000.0,75742000.0,74520000.0
A350-900,AIRBUS,1999,"39,738 hrs","26,507 cycles",Trent XWB,"4,093 hrs","2,458 cycles",Fresh C-Check,MSG-3,On Lease,North America,No,No,None,Poor,325 seats,1 ADs,47,55.9,"2,516 kg/hr",33142000.0,32790000.0,36052000.0
A350-900,AIRBUS,1999,"69,311 hrs","32,710 cycles",Trent XWB,"4,244 hrs","2,714 cycles",Fresh D-Check,MSG-3,On Lease,North America,Yes,Yes,None,Good,325 seats,Not Reported,54,72.7,"3,404 kg/hr",35451000.0,30017000.0,33813000.0
777-300ER,boeing,2014,"30,693 hrs","18,667 cycles",GE90-115B,"2,219 hrs","1,154 cycles",Fresh C-Check,Hourly Inspection,Owned,Asia-Pacific,No,No,None,Good,396 seats,3 ADs,59,48.6,"4,304 kg/hr",63975000.0,63391000.0,64468000.0
747-8F,boeing,2009,"46,802 hrs","21,866 cycles",GEnx-2B,"2,936 hrs","1,586 cycles",C-Check Due,Hourly Inspection,Owned,North America,No,No,None,Good,Freighter (0 seats),2 ADs,41,23.6,"2,615 kg/hr",38325000.0,48303000.0,47185000.0
777-300ER,boeing,2001,"80,310 hrs","57,129 cycles",GE90-115B,"1,003 hrs",422 cycles,Fresh C-Check,MSG-3,On Lease,Latin America,No,Yes,None,Excellent,396 seats,1 ADs,56,41.2,"3,187 kg/hr",35269000.0,25581000.0,27695000.0
CRJ900,Bombardier,2013,"30,938 hrs","19,491 cycles",CF34-8C5,"7,628 hrs","3,372 cycles",Fresh C-Check,Hourly Inspection,Off Lease,Europe,No,No,None,Good,76 seats,1 ADs,43,44.8,"2,851 kg/hr",10882000.0,12049000.0,11898000.0
747-8F,boeing,2013,"46,186 hrs","26,319 cycles",GEnx-2B,"3,901 hrs","1,644 cycles",D-Check Due,MSG-3,Off Lease,Europe,No,Yes,None,Excellent,Freighter (0 seats),0 ADs,53,84.6,"3,409 kg/hr",70492000.0,64381000.0,67817000.0
737 MAX 8,boeing,2003,"47,790 hrs","34,282 cycles",LEAP-1B,"3,779 hrs","1,778 cycles",Fresh C-Check,OEM Managed,On Lease,Africa,Yes,No,None,Good,178 seats,2 ADs,34,55.8,"3,562 kg/hr",17906000.0,15273000.0,13970000.0
747-8F,Boeing,2018,"15,023 hrs","5,893 cycles",GEnx-2B,"2,984 hrs","1,914 cycles",Fresh C-Check,Hourly Inspection,Owned,Latin America,No,No,None,Fair,Freighter (0 seats),Not Reported,39,91.6,"3,988 kg/hr",168622000.0,131153000.0,123376000.0
A350-900,AIRBUS,2012,"26,771 hrs","15,498 cycles",Trent XWB,"1,186 hrs",676 cycles,Fresh C-Check,MSG-3,On Lease,Latin America,Yes,Yes,Minor,Good,325 seats,0 ADs,22,39.0,"2,379 kg/hr",71439000.0,71809000.0,70613000.0
A320neo,airbus,2000,"78,402 hrs","53,537 cycles",PW1100G,917 hrs,449 cycles,D-Check Due,OEM Managed,On Lease,Middle East,Yes,Yes,None,Good,180 seats,0 ADs,14,71.7,"2,694 kg/hr",12622000.0,10395000.0,9966000.0
A320-200,Airbus,2004,"57,149 hrs","28,581 cycles",CFM56-5B,"3,496 hrs","1,948 cycles",C-Check Due,MSG-3,Owned,Asia-Pacific,No,Yes,None,Good,180 seats,Not Reported,30,37.5,"3,723 kg/hr",12432000.0,10689000.0,11006000.0
A330-300,airbus,2002,"79,612 hrs","40,852 cycles",PW4000,"2,381 hrs","1,524 cycles",Fresh C-Check,MSG-3,Off Lease,North America,No,Yes,None,Poor,277 seats,1 ADs,36,46.6,"2,285 kg/hr",22654000.0,20810000.0,18009000.0
CRJ900,bombardier,2003,"76,739 hrs","50,601 cycles",CF34-8C5,"5,025 hrs","3,669 cycles",Fresh D-Check,MSG-3,Off Lease,Asia-Pacific,Yes,No,None,Good,76 seats,0 ADs,50,54.9,"1,645 kg/hr",6514000.0,6739000.0,6381000.0
787-9,boeing,2009,"54,113 hrs","38,445 cycles",Trent 1000,"1,276 hrs",606 cycles,D-Check Due,MSG-3,On Lease,Asia-Pacific,Yes,Yes,None,Fair,296 seats,1 ADs,53,51.5,"2,783 kg/hr",47698000.0,38190000.0,38046000.0
777-300ER,boeing,2020,"13,209 hrs","5,687 cycles",GE90-115B,"7,925 hrs","3,650 cycles",C-Check Due,Hourly Inspection,Off Lease,Europe,Yes,No,None,Excellent,396 seats,1 ADs,35,74.7,"3,338 kg/hr",115865000.0,95496000.0,105058000.0
E175,embraer,2008,"50,917 hrs","20,563 cycles",CF34-8E,"5,985 hrs","4,122 cycles",Fresh C-Check,MSG-3,Off Lease,Latin America,Yes,No,None,Good,76 seats,1 ADs,35,69.8,"3,380 kg/hr",11058000.0,10678000.0,10326000.0
737-800,Boeing,2007,"40,266 hrs","21,696 cycles",CFM56-7B,"8,678 hrs","3,984 cycles",D-Check Due,MSG-3,Off Lease,Europe,No,No,None,Good,189 seats,2 ADs,31,47.1,"2,770 kg/hr",9867000.0,11927000.0,12297000.0
747-8F,BOEING,2002,"74,709 hrs","50,741 cycles",GEnx-2B,"7,287 hrs","3,538 cycles",Fresh D-Check,MSG-3,On Lease,Europe,No,No,Major,Excellent,Freighter (0 seats),Not Reported,0,30.7,"2,493 kg/hr",28587000.0,28851000.0,26115000.0
E175,Embraer,2004,"69,077 hrs","41,268 cycles",CF34-8E,299 hrs,141 cycles,Fresh D-Check,OEM Managed,On Lease,Europe,No,No,None,Poor,76 seats,2 ADs,29,62.5,"3,014 kg/hr",7430000.0,7865000.0,7480000.0
A350-900,Airbus,2010,"30,275 hrs","16,125 cycles",Trent XWB,"5,995 hrs","2,533 cycles",Fresh D-Check,Hourly Inspection,On Lease,Latin America,Yes,No,Major,Excellent,325 seats,0 ADs,6,83.3,"2,255 kg/hr",76833000.0,62293000.0,60415000.0
747-8F,Boeing,2018,"23,650 hrs","10,352 cycles",GEnx-2B,"2,430 hrs","1,521 cycles",Fresh C-Check,MSG-3,On Lease,North America,Yes,No,None,Excellent,Freighter (0 seats),0 ADs,24,44.7,"2,118 kg/hr",151535000.0,111368000.0,109423000.0
737 MAX 8,Boeing,2014,"31,409 hrs","11,911 cycles",LEAP-1B,"1,725 hrs",807 cycles,D-Check Due,MSG-3,Off Lease,North America,No,Yes,None,Excellent,178 seats,2 ADs,3,53.0,"5,328 kg/hr",22017000.0,23683000.0,24645000.0
A350-900,Airbus,2013,"42,721 hrs","20,038 cycles",Trent XWB,"2,922 hrs","1,668 cycles",C-Check Due,MSG-3,Off Lease,North America,No,Yes,None,Fair,325 seats,4 ADs,47,56.9,900 kg/hr,58344000.0,56519000.0,53253000.0
747-8F,Boeing,2012,"37,336 hrs","27,033 cycles",GEnx-2B,576 hrs,343 cycles,D-Check Due,MSG-3,On Lease,Africa,Yes,No,Major,Fair,Freighter (0 seats),1 ADs,2,42.0,"2,184 kg/hr",46128000.0,47658000.0,50137000.0
747-8F,Boeing,2015,"23,565 hrs","11,548 cycles",GEnx-2B,"8,775 hrs","5,816 cycles",D-Check Due,MSG-3,On Lease,North America,No,Yes,None,Good,Freighter (0 seats),3 ADs,13,93.5,"2,496 kg/hr",88070000.0,84178000.0,93356000.0
787-9,BOEING,2015,"28,042 hrs","19,631 cycles",GEnx-1B,"6,988 hrs","4,118 cycles",Fresh D-Check,Hourly Inspection,Off Lease,Europe,No,No,None,Excellent,296 seats,3 ADs,44,52.0,"3,029 kg/hr",97676000.0,77546000.0,75517000.0
A330-300,Airbus,2008,"33,287 hrs","17,748 cycles",CF6-80E1,"7,843 hrs","5,876 cycles",D-Check Due,MSG-3,Owned,Africa,Yes,Yes,None,Excellent,277 seats,Not Reported,44,8.0,"3,029 kg/hr",30296000.0,26227000.0,27368000.0
777-300ER,Boeing,2014,"34,988 hrs","14,638 cycles",GE90-115B,"5,206 hrs","2,590 cycles",Fresh D-Check,MSG-3,Off Lease,Europe,Yes,No,None,Good,396 seats,0 ADs,44,41.7,"3,377 kg/hr",68011000.0,61405000.0,63638000.0
777-300ER,BOEING,2022,"9,203 hrs","4,061 cycles",GE90-115B,"6,693 hrs","3,264 cycles",Fresh C-Check,MSG-3,On Lease,North America,Yes,No,None,Fair,396 seats,2 ADs,55,70.3,"3,359 kg/hr",114124000.0,116143000.0,120044000.0
A350-900,AIRBUS,2009,"38,752 hrs","21,614 cycles",Trent XWB,"4,539 hrs","2,982 cycles",C-Check Due,MSG-3,Owned,North America,No,No,Minor,Good,325 seats,1 ADs,19,55.4,"3,057 kg/hr",47573000.0,48111000.0,47824000.0
ATR 72-600,ATR,2002,"60,857 hrs","36,602 cycles",PW127M,"5,397 hrs","3,601 cycles",Fresh C-Check,OEM Managed,On Lease,Latin America,Yes,No,None,Good,70 seats,1 ADs,29,55.4,"2,526 kg/hr",5655000.0,5450000.0,5383000.0
747-8F,BOEING,2018,"16,631 hrs","10,481 cycles",GEnx-2B,"2,953 hrs","1,927 cycles",D-Check Due,MSG-3,Owned,Latin America,No,No,Minor,Fair,Freighter (0 seats),2 ADs,31,74.6,"2,418 kg/hr",88653000.0,87350000.0,93995000.0
777-300ER,BOEING,2000,"55,845 hrs","38,203 cycles",GE90-115B,"3,876 hrs","1,625 cycles",Fresh C-Check,MSG-3,On Lease,North America,Yes,No,None,Good,396 seats,0 ADs,1,7.3,"3,325 kg/hr",28918000.0,24106000.0,24526000.0
E175,embraer,2010,"35,778 hrs","22,122 cycles",CF34-8E,"1,625 hrs","1,184 cycles",D-Check Due,MSG-3,Off Lease,Europe,Yes,Yes,Minor,Excellent,76 seats,2 ADs,27,35.8,"2,088 kg/hr",10718000.0,9582000.0,9076000.0
A350-900,airbus,2005,"54,690 hrs","28,033 cycles",Trent XWB,"5,388 hrs","2,718 cycles",C-Check Due,OEM Managed,Owned,Latin America,No,No,None,Good,325 seats,1 ADs,17,50.6,"2,494 kg/hr",42539000.0,38314000.0,35595000.0
A320neo,AIRBUS,2016,"26,420 hrs","11,848 cycles",PW1100G,"7,919 hrs","3,465 cycles",C-Check Due,MSG-3,On Lease,Europe,Yes,No,None,Poor,180 seats,1 ADs,58,46.2,"3,652 kg/hr",32177000.0,30219000.0,29479000.0
747-8F,Boeing,2018,"22,022 hrs","14,643 cycles",GEnx-2B,"8,354 hrs","5,015 cycles",C-Check Due,OEM Managed,Owned,Middle East,Yes,Yes,None,Good,Freighter (0 seats),0 ADs,22,63.6,"2,602 kg/hr",97526000.0,103288000.0,99837000.0
CRJ900,bombardier,2007,"59,327 hrs","38,071 cycles",CF34-8C5,"5,539 hrs","2,903 cycles",C-Check Due,MSG-3,Owned,North America,No,Yes,None,Excellent,76 seats,0 ADs,6,53.8,"1,218 kg/hr",7339000.0,7193000.0,6907000.0
777-300ER,Boeing,2013,"25,159 hrs","13,223 cycles",GE90-115B,"7,413 hrs","4,147 cycles",C-Check Due,Hourly Inspection,On Lease,Europe,No,No,None,Good,396 seats,0 ADs,50,70.3,"1,485 kg/hr",65587000.0,65765000.0,62324000.0
A350-900,airbus,2021,"11,770 hrs","7,550 cycles",Trent XWB,"7,610 hrs","3,928 cycles",C-Check Due,MSG-3,Owned,Europe,Yes,No,None,Good,325 seats,2 ADs,5,77.3,"2,999 kg/hr",117190000.0,117659000.0,125232000.0
777-300ER,Boeing,2020,"18,190 hrs","6,497 cycles",GE90-115B,"1,980 hrs","1,239 cycles",Fresh C-Check,OEM Managed,Owned,Europe,No,Yes,None,Good,396 seats,0 ADs,22,84.3,"2,238 kg/hr",123539000.0,111181000.0,106890000.0
A320neo,Airbus,2002,"78,352 hrs","40,487 cycles",PW1100G,"7,384 hrs","3,235 cycles",D-Check Due,Hourly Inspection,Owned,Asia-Pacific,Yes,Yes,None,Good,180 seats,1 ADs,16,45.8,"4,815 kg/hr",10136000.0,10097000.0,10240000.0
ATR 72-600,atr,1999,"61,615 hrs","37,901 cycles",PW127M,"4,401 hrs","2,252 cycles",C-Check Due,MSG-3,On Lease,Europe,Yes,Yes,None,Good,70 seats,1 ADs,41,78.0,"2,185 kg/hr",5217000.0,4929000.0,4698000.0
787-9,boeing,2015,"27,616 hrs","17,126 cycles",Trent 1000,"7,551 hrs","4,667 cycles",C-Check Due,MSG-3,On Lease,North America,No,No,None,Excellent,296 seats,1 ADs,2,46.9,"3,336 kg/hr",83511000.0,73625000.0,74921000.0
777-300ER,boeing,2008,"60,154 hrs","40,525 cycles",GE90-115B,"1,463 hrs",810 cycles,C-Check Due,MSG-3,Owned,Africa,Yes,No,Minor,Excellent,396 seats,2 ADs,13,68.6,"2,717 kg/hr",36008000.0,33807000.0,37033000.0
A320neo,AIRBUS,2013,"20,876 hrs","9,029 cycles",LEAP-1A,196 hrs,144 cycles,C-Check Due,MSG-3,On Lease,Asia-Pacific,Yes,Yes,None,Good,180 seats,2 ADs,30,62.7,"1,196 kg/hr",31886000.0,31938000.0,32216000.0
A330-300,airbus,2014,"28,585 hrs","17,447 cycles",CF6-80E1,"8,633 hrs","5,893 cycles",Fresh C-Check,OEM Managed,On Lease,Asia-Pacific,No,Yes,None,Excellent,277 seats,3 ADs,25,44.8,"2,329 kg/hr",56573000.0,54410000.0,51821000.0
787-9,BOEING,2003,"76,908 hrs","37,507 cycles",Trent 1000,"6,008 hrs","3,182 cycles",Fresh C-Check,MSG-3,On Lease,North America,No,Yes,None,Excellent,296 seats,0 ADs,47,54.7,"3,340 kg/hr",36805000.0,33435000.0,36862000.0
ATR 72-600,ATR,2002,"53,776 hrs","28,319 cycles",PW127M,"8,246 hrs","4,027 cycles",Fresh C-Check,Hourly Inspection,On Lease,North America,Yes,No,None,Good,70 seats,0 ADs,36,71.6,"2,462 kg/hr",7397000.0,6467000.0,5849000.0
CRJ900,bombardier,2006,"49,017 hrs","21,711 cycles",CF34-8C5,"7,245 hrs","3,747 cycles",C-Check Due,OEM Managed,On Lease,Asia-Pacific,No,No,None,Excellent,76 seats,1 ADs,39,67.4,"2,628 kg/hr",8179000.0,7169000.0,8082000.0
747-8F,boeing,2021,"13,722 hrs","7,545 cycles",GEnx-2B,"8,158 hrs","5,058 cycles",Fresh C-Check,MSG-3,On Lease,Europe,Yes,No,Major,Excellent,Freighter (0 seats),Not Reported,9,60.3,"4,182 kg/hr",140678000.0,109635000.0,115185000.0
A350-900,Airbus,2002,"52,981 hrs","22,268 cycles",Trent XWB,"5,024 hrs","2,247 cycles",C-Check Due,MSG-3,On Lease,Latin America,Yes,Yes,None,Fair,325 seats,1 ADs,34,88.5,"1,631 kg/hr",45723000.0,37446000.0,36578000.0
737-800,BOEING,2003,"61,825 hrs","28,184 cycles",CFM56-7B,"5,811 hrs","3,368 cycles",C-Check Due,MSG-3,On Lease,Africa,Yes,No,None,Excellent,189 seats,0 ADs,48,30.2,"3,736 kg/hr",11117000.0,9603000.0,9544000.0
777-300ER,boeing,2018,"20,634 hrs","11,603 cycles",GE90-115B,"3,391 hrs","2,215 cycles",Fresh C-Check,OEM Managed,Owned,Latin America,No,No,Minor,Fair,396 seats,2 ADs,48,44.4,"2,837 kg/hr",83872000.0,77180000.0,75423000.0
737 MAX 8,boeing,2021,"11,642 hrs","7,198 cycles",LEAP-1B,"8,272 hrs","3,811 cycles",D-Check Due,MSG-3,Owned,Asia-Pacific,Yes,Yes,None,Excellent,178 seats,Not Reported,51,92.1,"4,212 kg/hr",43799000.0,41720000.0,42816000.0
777-300ER,boeing,2006,"35,360 hrs","29,326 cycles",GE90-115B,679 hrs,293 cycles,C-Check Due,Hourly Inspection,Owned,North America,No,No,None,Excellent,396 seats,1 ADs,7,90.3,"5,179 kg/hr",47151000.0,47996000.0,49918000.0
CRJ900,bombardier,2002,"61,590 hrs","27,444 cycles",CF34-8C5,"5,542 hrs","2,375 cycles",C-Check Due,Hourly Inspection,On Lease,Middle East,Yes,Yes,None,Excellent,76 seats,0 ADs,37,35.2,"1,752 kg/hr",5054000.0,5429000.0,5761000.0
CRJ900,bombardier,1998,"66,265 hrs","31,205 cycles",CF34-8C5,"3,938 hrs","2,848 cycles",C-Check Due,MSG-3,Owned,Latin America,Yes,No,Minor,Excellent,76 seats,1 ADs,19,73.2,"3,458 kg/hr",5229000.0,4658000.0,4479000.0
777-300ER,BOEING,1998,"93,751 hrs","50,281 cycles",GE90-115B,"8,452 hrs","6,243 cycles",C-Check Due,MSG-3,Owned,Middle East,Yes,No,None,Excellent,396 seats,1 ADs,6,81.2,"2,442 kg/hr",22887000.0,22335000.0,22803000.0
E175,embraer,2020,"19,988 hrs","7,806 cycles",CF34-8E,"2,116 hrs","1,573 cycles",Fresh C-Check,MSG-3,On Lease,Middle East,Yes,Yes,None,Poor,76 seats,1 ADs,57,44.1,"3,217 kg/hr",23901000.0,22046000.0,22607000.0
747-8F,BOEING,2021,"9,949 hrs","7,552 cycles",GEnx-2B,"7,725 hrs","4,543 cycles",Fresh C-Check,MSG-3,On Lease,Middle East,Yes,Yes,None,Good,Freighter (0 seats),1 ADs,29,53.7,"3,027 kg/hr",140132000.0,147640000.0,148442000.0
A320neo,airbus,2001,"109,497 hrs","63,520 cycles",LEAP-1A,"6,037 hrs","4,365 cycles",Fresh D-Check,MSG-3,Off Lease,North America,No,No,None,Poor,180 seats,2 ADs,1,48.3,"2,504 kg/hr",9531000.0,9855000.0,10541000.0
A320-200,Airbus,2002,"77,215 hrs","33,599 cycles",V2500,550 hrs,294 cycles,Fresh C-Check,Hourly Inspection,Owned,Latin America,Yes,No,None,Good,180 seats,1 ADs,18,55.2,900 kg/hr,11118000.0,10979000.0,10883000.0
737-800,BOEING,2018,"19,530 hrs","9,704 cycles",CFM56-7B,"5,971 hrs","3,418 cycles",Fresh C-Check,OEM Managed,On Lease,Europe,Yes,Yes,Minor,Fair,189 seats,1 ADs,57,79.6,"3,190 kg/hr",37074000.0,32835000.0,32798000.0
737-800,Boeing,2005,"57,004 hrs","25,526 cycles",CFM56-7B,"1,828 hrs",831 cycles,Fresh D-Check,MSG-3,Off Lease,Middle East,Yes,No,None,Excellent,189 seats,0 ADs,23,36.0,"3,698 kg/hr",11067000.0,12775000.0,12664000.0
A350-900,Airbus,2006,"66,689 hrs","29,515 cycles",Trent XWB,"2,227 hrs","1,097 cycles",Fresh D-Check,Hourly Inspection,On Lease,Africa,Yes,No,None,Excellent,325 seats,2 ADs,5,49.4,"3,526 kg/hr",47082000.0,41915000.0,41073000.0
E175,embraer,2020,"14,371 hrs","9,973 cycles",CF34-8E,"7,846 hrs","5,271 cycles",D-Check Due,MSG-3,On Lease,Latin America,No,No,None,Excellent,76 seats,1 ADs,56,46.7,"3,277 kg/hr",20722000.0,19088000.0,20489000.0
A320neo,airbus,2016,"27,303 hrs","13,186 cycles",LEAP-1A,"7,982 hrs","4,048 cycles",Fresh C-Check,Hourly Inspection,On Lease,Europe,Yes,No,None,Good,180 seats,Not Reported,56,48.8,"3,930 kg/hr",38218000.0,35326000.0,35738000.0
787-9,BOEING,2000,"76,750 hrs","40,863 cycles",GEnx-1B,350 hrs,257 cycles,Fresh C-Check,MSG-3,Owned,Asia-Pacific,Yes,Yes,None,Good,296 seats,2 ADs,22,76.3,"2,958 kg/hr",32116000.0,29465000.0,30643000.0
737-800,BOEING,2006,"44,379 hrs","22,941 cycles",CFM56-7B,647 hrs,395 cycles,C-Check Due,MSG-3,Owned,Asia-Pacific,Yes,No,None,Good,189 seats,2 ADs,17,54.3,"2,346 kg/hr",16314000.0,13862000.0,12757000.0
CRJ900,Bombardier,2021,"14,804 hrs","3,111 cycles",CF34-8C5,"7,993 hrs","3,111 cycles",C-Check Due,OEM Managed,Owned,Europe,Yes,Yes,None,Fair,76 seats,2 ADs,8,61.5,"3,659 kg/hr",21130000.0,20968000.0,20952000.0
777-300ER,BOEING,2017,"25,463 hrs","10,895 cycles",GE90-115B,"8,365 hrs","4,907 cycles",Fresh C-Check,MSG-3,On Lease,Europe,Yes,No,None,Fair,396 seats,0 ADs,37,33.5,"1,711 kg/hr",84761000.0,77216000.0,72742000.0
787-9,boeing,2008,"46,188 hrs","26,509 cycles",GEnx-1B,"1,598 hrs","1,009 cycles",Fresh C-Check,MSG-3,Owned,North America,No,Yes,None,Excellent,296 seats,3 ADs,29,53.8,"3,464 kg/hr",52396000.0,48110000.0,48563000.0
A350-900,airbus,2014,"30,137 hrs","20,411 cycles",Trent XWB,"5,904 hrs","2,731 cycles",C-Check Due,MSG-3,Owned,Middle East,Yes,No,None,Good,325 seats,2 ADs,13,42.9,"1,746 kg/hr",83861000.0,68710000.0,71308000.0
A320neo,Airbus,2013,"27,156 hrs","13,720 cycles",PW1100G,"3,153 hrs","1,970 cycles",C-Check Due,MSG-3,On Lease,Asia-Pacific,No,No,None,Excellent,180 seats,3 ADs,22,59.6,900 kg/hr,32160000.0,28360000.0,26609000.0
737 MAX 8,Boeing,2018,"19,208 hrs","10,704 cycles",LEAP-1B,"5,543 hrs","3,068 cycles",Fresh C-Check,MSG-3,On Lease,Latin America,No,Yes,None,Fair,178 seats,1 ADs,43,38.1,"4,085 kg/hr",41741000.0,35138000.0,34487000.0
A350-900,airbus,2015,"25,754 hrs","15,625 cycles",Trent XWB,"5,441 hrs","2,849 cycles",Fresh D-Check,MSG-3,Owned,Middle East,Yes,No,None,Good,325 seats,1 ADs,9,54.1,"3,298 kg/hr",85911000.0,89368000.0,83968000.0
E175,Embraer,2003,"74,923 hrs","32,056 cycles",CF34-8E,"1,138 hrs",673 cycles,C-Check Due,MSG-3,On Lease,Latin America,No,No,Minor,Poor,76 seats,Not Reported,56,73.6,"3,778 kg/hr",6019000.0,6295000.0,5984000.0
ATR 72-600,atr,2017,"19,341 hrs","6,369 cycles",PW127M,"4,943 hrs","2,734 cycles",Fresh C-Check,Hourly Inspection,Owned,Europe,Yes,No,None,Good,70 seats,0 ADs,39,77.7,"2,023 kg/hr",16517000.0,17187000.0,17966000.0
ATR 72-600,atr,1999,"55,790 hrs","26,079 cycles",PW127M,"3,948 hrs","3,009 cycles",C-Check Due,MSG-3,Owned,Latin America,Yes,No,None,Good,70 seats,0 ADs,5,57.4,"3,944 kg/hr",3868000.0,4792000.0,4779000.0
A320neo,airbus,1998,"82,717 hrs","35,065 cycles",PW1100G,"8,918 hrs","4,720 cycles",Fresh D-Check,MSG-3,On Lease,Africa,Yes,Yes,None,Fair,180 seats,1 ADs,42,28.5,"1,235 kg/hr",11424000.0,10431000.0,9844000.0
A320-200,AIRBUS,2022,"9,812 hrs","4,709 cycles",V2500,"2,217 hrs",998 cycles,D-Check Due,Hourly Inspection,On Lease,Africa,Yes,No,None,Poor,180 seats,2 ADs,43,42.4,"2,550 kg/hr",34277000.0,34651000.0,35941000.0
787-9,Boeing,2020,"17,060 hrs","5,406 cycles",Trent 1000,"5,099 hrs","3,156 cycles",Fresh C-Check,MSG-3,Off Lease,North America,No,No,None,Good,296 seats,0 ADs,26,58.0,"2,260 kg/hr",114897000.0,111290000.0,109273000.0
787-9,Boeing,2007,"50,876 hrs","27,141 cycles",GEnx-1B,"5,705 hrs","2,912 cycles",Fresh C-Check,MSG-3,Owned,Latin America,No,No,None,Excellent,296 seats,0 ADs,11,40.0,"2,738 kg/hr",46180000.0,42586000.0,44965000.0
747-8F,boeing,2022,"11,341 hrs","6,786 cycles",GEnx-2B,"2,084 hrs","1,003 cycles",Fresh D-Check,Hourly Inspection,On Lease,Europe,No,Yes,Minor,Good,Freighter (0 seats),0 ADs,9,75.5,"2,701 kg/hr",158098000.0,161122000.0,162698000.0
747-8F,boeing,2008,"54,448 hrs","34,885 cycles",GEnx-2B,"4,192 hrs","2,017 cycles",C-Check Due,MSG-3,On Lease,Middle East,Yes,Yes,None,Good,Freighter (0 seats),0 ADs,10,32.2,"2,138 kg/hr",45485000.0,44929000.0,45036000.0
787-9,BOEING,2007,"38,916 hrs","21,472 cycles",Trent 1000,"5,678 hrs","2,570 cycles",D-Check Due,Hourly Inspection,On Lease,Middle East,Yes,No,Minor,Fair,296 seats,0 ADs,30,48.0,"1,823 kg/hr",30388000.0,35747000.0,35841000.0
A320neo,airbus,2011,"39,972 hrs","19,392 cycles",LEAP-1A,"8,477 hrs","4,901 cycles",Fresh D-Check,MSG-3,On Lease,Middle East,No,Yes,None,Fair,180 seats,Not Reported,1,62.8,"3,599 kg/hr",33373000.0,23892000.0,23713000.0
A320neo,AIRBUS,2003,"79,971 hrs","34,202 cycles",LEAP-1A,"7,927 hrs","3,346 cycles",D-Check Due,MSG-3,On Lease,Middle East,Yes,Yes,None,Good,180 seats,1 ADs,29,76.7,"2,696 kg/hr",10575000.0,11028000.0,12099000.0
747-8F,BOEING,2002,"53,355 hrs","36,144 cycles",GEnx-2B,"3,306 hrs","2,374 cycles",Fresh C-Check,OEM Managed,On Lease,Latin America,Yes,No,None,Good,Freighter (0 seats),1 ADs,33,56.8,"2,796 kg/hr",40759000.0,39027000.0,42814000.0
CRJ900,bombardier,2011,"44,834 hrs","26,887 cycles",CF34-8C5,"4,573 hrs","2,099 cycles",Fresh C-Check,Hourly Inspection,On Lease,Africa,No,No,None,Fair,76 seats,2 ADs,18,36.3,900 kg/hr,9010000.0,9535000.0,9767000.0
A350-900,airbus,2012,"41,513 hrs","18,296 cycles",Trent XWB,"6,236 hrs","3,138 cycles",Fresh C-Check,Hourly Inspection,On Lease,Latin America,No,No,Minor,Good,325 seats,3 ADs,59,52.7,"1,389 kg/hr",62008000.0,60706000.0,56585000.0
ATR 72-600,atr,2002,"52,751 hrs","23,139 cycles",PW127M,"7,167 hrs","3,783 cycles",Fresh C-Check,Hourly Inspection,Off Lease,Middle East,Yes,No,None,Excellent,70 seats,1 ADs,30,58.1,"2,162 kg/hr",5825000.0,5603000.0,5697000.0
A320neo,airbus,2015,"24,845 hrs","13,326 cycles",LEAP-1A,"6,981 hrs","3,445 cycles",Fresh C-Check,MSG-3,Owned,Europe,Yes,No,None,Excellent,180 seats,0 ADs,12,33.8,"2,451 kg/hr",36863000.0,31810000.0,30865000.0
E175,embraer,2011,"40,409 hrs","24,750 cycles",CF34-8E,"6,269 hrs","2,819 cycles",C-Check Due,MSG-3,Owned,Asia-Pacific,No,Yes,None,Fair,76 seats,2 ADs,41,25.5,"2,994 kg/hr",10609000.0,10515000.0,11320000.0
A320neo,AIRBUS,2013,"25,378 hrs","14,059 cycles",LEAP-1A,"1,067 hrs",615 cycles,Fresh C-Check,MSG-3,On Lease,Latin America,Yes,No,Minor,Good,180 seats,3 ADs,10,45.3,"1,924 kg/hr",28311000.0,28623000.0,31033000.0
A350-900,AIRBUS,2011,"32,579 hrs","20,147 cycles",Trent XWB,"1,724 hrs",797 cycles,C-Check Due,MSG-3,On Lease,Middle East,Yes,No,None,Excellent,325 seats,3 ADs,1,66.5,"3,089 kg/hr",70259000.0,68633000.0,63818000.0
777-300ER,Boeing,2000,"77,063 hrs","47,349 cycles",GE90-115B,"7,286 hrs","4,813 cycles",C-Check Due,MSG-3,On Lease,Middle East,Yes,No,None,Excellent,396 seats,1 ADs,31,58.4,"2,962 kg/hr",22977000.0,24013000.0,23311000.0
787-9,boeing,2002,"67,592 hrs","31,136 cycles",GEnx-1B,"2,553 hrs","1,085 cycles",Fresh C-Check,MSG-3,On Lease,Middle East,Yes,No,Major,Good,296 seats,0 ADs,1,55.1,"3,494 kg/hr",31479000.0,25187000.0,24611000.0
A350-900,AIRBUS,2005,"51,474 hrs","26,160 cycles",Trent XWB,"2,063 hrs",995 cycles,Fresh D-Check,MSG-3,Owned,Africa,No,No,None,Good,325 seats,3 ADs,54,79.3,"1,718 kg/hr",46015000.0,48949000.0,48494000.0
A320-200,Airbus,2017,"23,569 hrs","10,332 cycles",CFM56-5B,"6,676 hrs","3,797 cycles",D-Check Due,MSG-3,On Lease,North America,No,No,None,Poor,180 seats,Not Reported,11,70.9,"2,334 kg/hr",25913000.0,26373000.0,24866000.0
CRJ900,bombardier,2002,"69,028 hrs","45,463 cycles",CF34-8C5,"8,049 hrs","5,930 cycles",Fresh C-Check,MSG-3,Owned,Africa,Yes,No,None,Good,76 seats,1 ADs,11,14.6,"1,225 kg/hr",4865000.0,5058000.0,5078000.0
777-300ER,BOEING,2013,"26,735 hrs","16,019 cycles",GE90-115B,"6,535 hrs","2,837 cycles",Fresh C-Check,MSG-3,On Lease,Middle East,No,Yes,None,Poor,396 seats,2 ADs,47,84.6,"3,533 kg/hr",99865000.0,67102000.0,64624000.0
A350-900,airbus,1999,"80,021 hrs","42,999 cycles",Trent XWB,"6,654 hrs","4,191 cycles",D-Check Due,OEM Managed,Owned,Asia-Pacific,Yes,Yes,None,Good,325 seats,1 ADs,28,57.8,"3,997 kg/hr",25230000.0,22216000.0,22947000.0
737-800,Boeing,2012,"36,610 hrs","17,931 cycles",CFM56-7B,"7,107 hrs","3,742 cycles",D-Check Due,MSG-3,Off Lease,Africa,No,No,None,Good,189 seats,0 ADs,44,33.9,"4,190 kg/hr",13902000.0,15616000.0,15229000.0
E175,Embraer,2007,"43,157 hrs","25,247 cycles",CF34-8E,"1,939 hrs","1,292 cycles",C-Check Due,MSG-3,On Lease,Latin America,Yes,No,Minor,Fair,76 seats,2 ADs,1,43.8,"1,652 kg/hr",10059000.0,9473000.0,9127000.0
A350-900,airbus,2005,"42,582 hrs","21,131 cycles",Trent XWB,"7,403 hrs","4,714 cycles",Fresh C-Check,MSG-3,On Lease,Africa,No,Yes,None,Good,325 seats,2 ADs,52,33.9,"2,596 kg/hr",42380000.0,41165000.0,40550000.0
CRJ900,Bombardier,2015,"33,793 hrs","18,647 cycles",CF34-8C5,"8,740 hrs","6,572 cycles",C-Check Due,Hourly Inspection,On Lease,Asia-Pacific,No,Yes,None,Fair,76 seats,Not Reported,9,62.1,900 kg/hr,11224000.0,12907000.0,13736000.0
E175,Embraer,2022,"9,749 hrs","4,918 cycles",CF34-8E,"2,520 hrs","1,649 cycles",Fresh D-Check,OEM Managed,Owned,Latin America,Yes,No,Major,Fair,76 seats,0 ADs,58,9.2,"1,414 kg/hr",20148000.0,19338000.0,19065000.0
737 MAX 8,BOEING,2007,"41,487 hrs","19,240 cycles",LEAP-1B,229 hrs,148 cycles,Fresh C-Check,MSG-3,On Lease,Asia-Pacific,No,No,None,Good,178 seats,Not Reported,50,18.3,"2,411 kg/hr",22464000.0,17996000.0,17652000.0
A330-300,Airbus,1998,"54,182 hrs","28,453 cycles",CF6-80E1,"2,332 hrs","1,262 cycles",Fresh D-Check,MSG-3,On Lease,Middle East,No,No,None,Good,277 seats,2 ADs,49,100.0,"3,463 kg/hr",27478000.0,24997000.0,24201000.0
A330-300,airbus,2009,"47,042 hrs","27,746 cycles",PW4000,"8,445 hrs","4,413 cycles",Fresh C-Check,MSG-3,Off Lease,Middle East,No,No,None,Excellent,277 seats,1 ADs,2,44.4,"3,001 kg/hr",43581000.0,34651000.0,32802000.0
747-8F,boeing,2008,"58,053 hrs","37,066 cycles",GEnx-2B,"8,272 hrs","4,003 cycles",Fresh D-Check,OEM Managed,Owned,Latin America,No,No,Minor,Fair,Freighter (0 seats),2 ADs,22,53.3,"2,714 kg/hr",46409000.0,44968000.0,44359000.0
A320-200,airbus,2018,"21,273 hrs","13,387 cycles",CFM56-5B,815 hrs,447 cycles,Fresh C-Check,Hourly Inspection,Owned,Europe,Yes,No,Minor,Good,180 seats,1 ADs,53,67.9,"4,412 kg/hr",34697000.0,34274000.0,35900000.0
A320neo,airbus,2001,"59,284 hrs","27,548 cycles",LEAP-1A,710 hrs,439 cycles,Fresh D-Check,Hourly Inspection,Off Lease,Middle East,Yes,No,None,Good,180 seats,1 ADs,35,58.5,"2,879 kg/hr",11942000.0,12600000.0,13015000.0
CRJ900,Bombardier,2018,"23,253 hrs","10,302 cycles",CF34-8C5,"7,818 hrs","5,764 cycles",Fresh D-Check,MSG-3,Owned,Middle East,No,Yes,None,Poor,76 seats,2 ADs,57,62.5,"1,962 kg/hr",23527000.0,18430000.0,17087000.0
777-300ER,BOEING,2011,"22,327 hrs","16,571 cycles",GE90-115B,853 hrs,464 cycles,Fresh C-Check,MSG-3,On Lease,North America,Yes,Yes,None,Fair,396 seats,0 ADs,25,35.0,"2,672 kg/hr",74238000.0,60420000.0,60561000.0
E175,Embraer,2019,"14,600 hrs","6,310 cycles",CF34-8E,"8,983 hrs","6,294 cycles",C-Check Due,OEM Managed,Owned,Middle East,Yes,No,Minor,Good,76 seats,0 ADs,53,37.5,900 kg/hr,20546000.0,19505000.0,19072000.0
747-8F,BOEING,2004,"61,859 hrs","31,184 cycles",GEnx-2B,"6,015 hrs","3,425 cycles",Fresh C-Check,MSG-3,On Lease,Latin America,Yes,Yes,None,Good,Freighter (0 seats),0 ADs,1,50.8,"2,757 kg/hr",40689000.0,38129000.0,39592000.0
737-800,boeing,2004,"63,448 hrs","39,132 cycles",CFM56-7B,"6,432 hrs","2,962 cycles",C-Check Due,MSG-3,On Lease,Europe,No,No,Minor,Fair,189 seats,0 ADs,51,66.1,"1,460 kg/hr",9658000.0,9737000.0,10551000.0
737 MAX 8,BOEING,1999,"83,368 hrs","53,680 cycles",LEAP-1B,"4,427 hrs","2,981 cycles",Fresh C-Check,MSG-3,On Lease,Europe,Yes,Yes,None,Fair,178 seats,1 ADs,54,46.2,"3,378 kg/hr",9890000.0,10579000.0,10930000.0
A330-300,Airbus,2011,"43,296 hrs","25,951 cycles",CF6-80E1,864 hrs,522 cycles,C-Check Due,MSG-3,On Lease,Middle East,No,No,Minor,Fair,277 seats,1 ADs,47,62.0,"2,613 kg/hr",33695000.0,38578000.0,35989000.0
A350-900,airbus,2020,"14,665 hrs","6,864 cycles",Trent XWB,"7,926 hrs","3,522 cycles",C-Check Due,Hourly Inspection,Off Lease,North America,No,No,Minor,Excellent,325 seats,2 ADs,20,52.1,"2,969 kg/hr",93128000.0,97001000.0,99592000.0
CRJ900,Bombardier,2018,"16,905 hrs","10,268 cycles",CF34-8C5,"8,103 hrs","4,940 cycles",C-Check Due,MSG-3,On Lease,North America,Yes,No,None,Excellent,76 seats,1 ADs,32,47.5,"2,173 kg/hr",20362000.0,19039000.0,18977000.0
787-9,BOEING,2005,"54,912 hrs","29,138 cycles",GEnx-1B,"5,391 hrs","2,285 cycles",C-Check Due,Hourly Inspection,Owned,Asia-Pacific,Yes,No,None,Good,296 seats,1 ADs,52,67.5,"2,279 kg/hr",36859000.0,36329000.0,39960000.0
A320neo,airbus,2008,"41,718 hrs","28,044 cycles",PW1100G,"1,098 hrs",567 cycles,Fresh C-Check,MSG-3,Off Lease,Middle East,No,Yes,Minor,Good,180 seats,1 ADs,43,82.6,"2,483 kg/hr",20879000.0,21488000.0,20011000.0
A320neo,AIRBUS,2015,"27,183 hrs","14,837 cycles",LEAP-1A,"1,269 hrs",585 cycles,Fresh D-Check,Hourly Inspection,On Lease,Middle East,Yes,No,Minor,Excellent,180 seats,1 ADs,31,58.0,"3,189 kg/hr",40955000.0,35412000.0,35208000.0
747-8F,Boeing,2007,"27,540 hrs","14,035 cycles",GEnx-2B,"1,779 hrs",890 cycles,Fresh D-Check,OEM Managed,Owned,Latin America,Yes,Yes,None,Excellent,Freighter (0 seats),0 ADs,56,58.8,"2,815 kg/hr",75493000.0,73908000.0,70049000.0
737-800,BOEING,2009,"42,645 hrs","17,644 cycles",CFM56-7B,"4,955 hrs","3,206 cycles",Fresh C-Check,MSG-3,On Lease,North America,Yes,No,Minor,Fair,189 seats,1 ADs,41,51.5,"1,832 kg/hr",15255000.0,15517000.0,15031000.0
787-9,boeing,2005,"52,047 hrs","27,819 cycles",GEnx-1B,"8,281 hrs","4,194 cycles",C-Check Due,MSG-3,Owned,Asia-Pacific,Yes,No,Minor,Excellent,296 seats,0 ADs,47,48.1,"2,842 kg/hr",32441000.0,35290000.0,37264000.0
777-300ER,boeing,2016,"27,155 hrs","11,393 cycles",GE90-115B,"1,250 hrs",820 cycles,Fresh C-Check,MSG-3,Owned,Middle East,Yes,No,None,Fair,396 seats,2 ADs,15,84.4,"1,447 kg/hr",100194000.0,73941000.0,72194000.0
737 MAX 8,BOEING,2009,"32,861 hrs","16,405 cycles",LEAP-1B,"7,826 hrs","3,866 cycles",D-Check Due,OEM Managed,Off Lease,Europe,Yes,No,None,Excellent,178 seats,7 ADs,52,63.8,"3,109 kg/hr",17994000.0,16099000.0,18056000.0
A320neo,Airbus,1999,"73,337 hrs","45,587 cycles",PW1100G,"2,977 hrs","1,428 cycles",Fresh D-Check,OEM Managed,Owned,Africa,Yes,No,None,Good,180 seats,1 ADs,31,20.3,"2,685 kg/hr",11153000.0,10719000.0,9655000.0
A350-900,airbus,2013,"28,422 hrs","14,487 cycles",Trent XWB,"5,033 hrs","3,709 cycles",Fresh D-Check,Hourly Inspection,Owned,North America,No,No,None,Good,325 seats,1 ADs,53,56.0,"2,188 kg/hr",88466000.0,74594000.0,69438000.0
A320neo,Airbus,2009,"35,695 hrs","17,260 cycles",LEAP-1A,"1,720 hrs",814 cycles,Fresh C-Check,Hourly Inspection,Off Lease,Asia-Pacific,No,No,None,Fair,180 seats,1 ADs,36,39.5,"4,272 kg/hr",19886000.0,20819000.0,21013000.0
737-800,BOEING,2007,"52,691 hrs","30,582 cycles",CFM56-7B,"5,319 hrs","2,916 cycles",Fresh C-Check,MSG-3,On Lease,Africa,No,No,Major,Fair,189 seats,1 ADs,21,63.0,"2,520 kg/hr",11937000.0,10483000.0,10524000.0
ATR 72-600,ATR,2009,"55,564 hrs","34,595 cycles",PW127M,"6,703 hrs","4,492 cycles",Fresh C-Check,OEM Managed,On Lease,Middle East,No,No,None,Poor,70 seats,1 ADs,29,50.6,900 kg/hr,6390000.0,6996000.0,7786000.0
777-300ER,boeing,2005,"55,919 hrs","29,127 cycles",GE90-115B,"3,594 hrs","1,736 cycles",Fresh C-Check,OEM Managed,On Lease,North America,No,No,None,Good,396 seats,1 ADs,46,34.2,"2,455 kg/hr",33622000.0,30402000.0,30490000.0
E175,embraer,2006,"47,731 hrs","32,881 cycles",CF34-8E,"5,188 hrs","3,812 cycles",C-Check Due,MSG-3,On Lease,Africa,Yes,No,None,Fair,76 seats,1 ADs,15,38.0,"1,663 kg/hr",8360000.0,8780000.0,8216000.0
777-300ER,boeing,2021,"11,051 hrs","6,818 cycles",GE90-115B,"7,210 hrs","3,315 cycles",D-Check Due,OEM Managed,Off Lease,Asia-Pacific,Yes,No,None,Fair,396 seats,1 ADs,1,11.3,"1,287 kg/hr",55613000.0,73934000.0,68554000.0
A350-900,airbus,2020,"17,791 hrs","6,204 cycles",Trent XWB,"4,919 hrs","2,589 cycles",Fresh C-Check,Hourly Inspection,On Lease,Asia-Pacific,Yes,No,None,Fair,325 seats,1 ADs,57,47.3,"1,544 kg/hr",99403000.0,117007000.0,114348000.0
747-8F,BOEING,2007,"47,573 hrs","24,137 cycles",GEnx-2B,"2,055 hrs","1,057 cycles",Fresh C-Check,Hourly Inspection,Off Lease,Middle East,No,No,None,Fair,Freighter (0 seats),Not Reported,37,49.2,"1,854 kg/hr",52271000.0,49402000.0,47279000.0
CRJ900,Bombardier,2019,"17,698 hrs","11,652 cycles",CF34-8C5,"6,026 hrs","2,540 cycles",Fresh C-Check,Hourly Inspection,Off Lease,Africa,No,Yes,None,Poor,76 seats,1 ADs,56,56.5,"2,834 kg/hr",17304000.0,17581000.0,17759000.0
737-800,BOEING,2007,"51,535 hrs","30,662 cycles",CFM56-7B,826 hrs,474 cycles,D-Check Due,MSG-3,On Lease,Africa,No,No,None,Fair,189 seats,2 ADs,19,52.8,"1,912 kg/hr",14087000.0,11661000.0,10805000.0
777-300ER,boeing,2020,"19,275 hrs","10,952 cycles",GE90-115B,"1,609 hrs",820 cycles,Fresh C-Check,OEM Managed,On Lease,Asia-Pacific,No,No,None,Fair,396 seats,0 ADs,56,72.0,"3,697 kg/hr",126996000.0,106562000.0,108231000.0
737 MAX 8,boeing,2000,"62,967 hrs","29,498 cycles",LEAP-1B,"4,493 hrs","2,204 cycles",Fresh C-Check,OEM Managed,Owned,Asia-Pacific,No,No,None,Fair,178 seats,0 ADs,53,73.8,"3,924 kg/hr",11125000.0,10355000.0,11106000.0
A350-900,airbus,2013,"34,795 hrs","20,303 cycles",Trent XWB,"6,197 hrs","3,596 cycles",Fresh D-Check,Hourly Inspection,On Lease,Africa,No,Yes,None,Good,325 seats,2 ADs,4,68.4,"4,171 kg/hr",70584000.0,80745000.0,82803000.0
CRJ900,Bombardier,2005,"57,947 hrs","25,594 cycles",CF34-8C5,"2,975 hrs","1,438 cycles",Fresh C-Check,MSG-3,Owned,Middle East,Yes,No,None,Good,76 seats,0 ADs,12,40.9,"2,636 kg/hr",7608000.0,7278000.0,7014000.0
747-8F,Boeing,2011,"44,614 hrs","27,242 cycles",GEnx-2B,"6,248 hrs","3,331 cycles",Fresh C-Check,MSG-3,On Lease,Middle East,Yes,No,None,Good,Freighter (0 seats),1 ADs,24,49.6,"2,866 kg/hr",73393000.0,62595000.0,58312000.0
737-800,BOEING,2017,"20,985 hrs","12,959 cycles",CFM56-7B,"8,352 hrs","4,109 cycles",Fresh D-Check,MSG-3,Off Lease,Asia-Pacific,No,No,None,Excellent,189 seats,Not Reported,16,76.1,"3,451 kg/hr",35160000.0,33238000.0,32411000.0
A320neo,AIRBUS,2006,"49,085 hrs","21,522 cycles",PW1100G,"6,974 hrs","3,752 cycles",Fresh D-Check,Hourly Inspection,Off Lease,Africa,Yes,Yes,None,Good,180 seats,0 ADs,18,75.0,"2,003 kg/hr",19230000.0,18863000.0,19201000.0
A350-900,Airbus,2011,"43,169 hrs","27,783 cycles",Trent XWB,"4,439 hrs","1,983 cycles",Fresh C-Check,MSG-3,On Lease,Europe,No,No,None,Good,325 seats,1 ADs,6,59.4,"3,963 kg/hr",79594000.0,57291000.0,59337000.0
737 MAX 8,BOEING,2003,"62,402 hrs","27,058 cycles",LEAP-1B,353 hrs,215 cycles,Fresh C-Check,Hourly Inspection,Owned,Middle East,No,Yes,None,Good,178 seats,0 ADs,3,68.9,"4,275 kg/hr",12628000.0,13316000.0,13319000.0
A320neo,AIRBUS,2002,"61,046 hrs","27,251 cycles",LEAP-1A,"4,553 hrs","2,344 cycles",Fresh C-Check,Hourly Inspection,Off Lease,Africa,Yes,No,Major,Poor,180 seats,1 ADs,20,34.4,"2,331 kg/hr",7373000.0,7982000.0,8230000.0
A350-900,AIRBUS,1998,"60,735 hrs","25,677 cycles",Trent XWB,"7,075 hrs","5,361 cycles",Fresh D-Check,Hourly Inspection,On Lease,Europe,Yes,No,None,Good,325 seats,1 ADs,4,38.7,"2,568 kg/hr",32205000.0,27858000.0,26683000.0
787-9,BOEING,2000,"60,530 hrs","26,882 cycles",Trent 1000,"6,839 hrs","4,873 cycles",Fresh C-Check,Hourly Inspection,Owned,Latin America,No,No,None,Poor,296 seats,0 ADs,25,42.9,"4,049 kg/hr",21644000.0,26100000.0,24143000.0
787-9,Boeing,2015,"27,236 hrs","13,875 cycles",GEnx-1B,"3,319 hrs","1,523 cycles",Fresh C-Check,OEM Managed,On Lease,Europe,Yes,No,None,Good,296 seats,3 ADs,23,35.5,"1,940 kg/hr",83649000.0,77670000.0,79667000.0
737 MAX 8,boeing,2015,"38,788 hrs","19,276 cycles",LEAP-1B,"4,613 hrs","2,793 cycles",Fresh D-Check,MSG-3,Off Lease,North America,Yes,Yes,None,Poor,178 seats,1 ADs,17,63.0,"1,620 kg/hr",34831000.0,28530000.0,25421000.0
A330-300,Airbus,2020,"9,318 hrs","4,441 cycles",PW4000,"3,314 hrs","1,468 cycles",Fresh C-Check,OEM Managed,Owned,Europe,No,No,None,Fair,277 seats,2 ADs,51,42.8,"1,850 kg/hr",83526000.0,76712000.0,71446000.0
787-9,Boeing,2007,"61,957 hrs","30,857 cycles",GEnx-1B,"5,861 hrs","3,149 cycles",C-Check Due,MSG-3,On Lease,North America,Yes,No,Major,Excellent,296 seats,1 ADs,29,71.0,"1,776 kg/hr",35991000.0,33094000.0,33184000.0
A320-200,AIRBUS,2016,"24,892 hrs","14,029 cycles",CFM56-5B,46 hrs,23 cycles,Fresh C-Check,MSG-3,Owned,Asia-Pacific,Yes,No,None,Poor,180 seats,2 ADs,10,55.9,"2,812 kg/hr",26602000.0,27008000.0,28032000.0
A320neo,airbus,2001,"72,953 hrs","41,788 cycles",LEAP-1A,"7,047 hrs","3,515 cycles",Fresh C-Check,Hourly Inspection,Owned,North America,Yes,No,Minor,Fair,180 seats,3 ADs,38,23.7,"4,566 kg/hr",10707000.0,9445000.0,9420000.0
747-8F,Boeing,2006,"61,524 hrs","30,614 cycles",GEnx-2B,"3,294 hrs","1,633 cycles",C-Check Due,Hourly Inspection,Owned,Europe,No,No,None,Good,Freighter (0 seats),Not Reported,57,68.1,"1,483 kg/hr",45961000.0,39431000.0,43153000.0
CRJ900,bombardier,2010,"48,229 hrs","22,506 cycles",CF34-8C5,"7,606 hrs","4,568 cycles",C-Check Due,Hourly Inspection,On Lease,Middle East,No,Yes,None,Fair,76 seats,Not Reported,58,69.6,"2,340 kg/hr",9953000.0,9690000.0,9289000.0
E175,embraer,2001,"47,435 hrs","25,502 cycles",CF34-8E,"6,125 hrs","4,072 cycles",Fresh C-Check,MSG-3,Owned,Asia-Pacific,Yes,No,None,Good,76 seats,2 ADs,21,64.9,"2,183 kg/hr",7530000.0,7977000.0,8209000.0
E175,embraer,2018,"20,797 hrs","13,687 cycles",CF34-8E,686 hrs,336 cycles,C-Check Due,MSG-3,On Lease,Europe,No,Yes,None,Fair,76 seats,0 ADs,58,91.7,"2,102 kg/hr",28523000.0,24086000.0,22850000.0
787-9,BOEING,2000,"64,508 hrs","31,627 cycles",GEnx-1B,"8,824 hrs","5,022 cycles",C-Check Due,Hourly Inspection,On Lease,Africa,Yes,No,None,Poor,296 seats,0 ADs,30,60.1,"3,101 kg/hr",25456000.0,25572000.0,23299000.0
ATR 72-600,atr,2004,"47,616 hrs","29,006 cycles",PW127M,"5,850 hrs","2,584 cycles",Fresh C-Check,MSG-3,On Lease,Latin America,Yes,Yes,None,Good,70 seats,0 ADs,33,23.5,"1,621 kg/hr",6157000.0,6523000.0,6400000.0
747-8F,boeing,2011,"46,695 hrs","19,223 cycles",GEnx-2B,234 hrs,133 cycles,Fresh D-Check,MSG-3,Off Lease,Middle East,No,No,Minor,Fair,Freighter (0 seats),2 ADs,39,73.0,"3,035 kg/hr",60395000.0,60820000.0,68009000.0
747-8F,Boeing,2021,"16,521 hrs","12,017 cycles",GEnx-2B,"7,179 hrs","3,206 cycles",D-Check Due,OEM Managed,On Lease,Latin America,No,No,None,Excellent,Freighter (0 seats),2 ADs,31,63.5,"2,557 kg/hr",114284000.0,115448000.0,107028000.0
A330-300,Airbus,2012,"32,346 hrs","14,414 cycles",PW4000,"6,580 hrs","3,358 cycles",Fresh C-Check,MSG-3,Owned,Middle East,Yes,Yes,Minor,Excellent,277 seats,1 ADs,47,72.2,"2,997 kg/hr",48372000.0,50480000.0,45532000.0
737 MAX 8,boeing,2011,"36,119 hrs","14,931 cycles",LEAP-1B,"5,322 hrs","2,633 cycles",Fresh C-Check,MSG-3,Owned,Europe,Yes,No,None,Good,178 seats,2 ADs,1,50.2,"2,159 kg/hr",24325000.0,22874000.0,24687000.0
ATR 72-600,atr,2018,"13,273 hrs","8,813 cycles",PW127M,"1,787 hrs","1,118 cycles",Fresh D-Check,OEM Managed,Owned,Asia-Pacific,Yes,No,None,Excellent,70 seats,1 ADs,26,65.9,"2,525 kg/hr",20230000.0,20883000.0,20029000.0
A350-900,AIRBUS,2005,"48,656 hrs","20,883 cycles",Trent XWB,"7,365 hrs","3,138 cycles",Fresh C-Check,OEM Managed,On Lease,Asia-Pacific,No,No,None,Good,325 seats,Not Reported,26,49.9,"2,526 kg/hr",47329000.0,43671000.0,41865000.0
ATR 72-600,ATR,2009,"44,122 hrs","35,619 cycles",PW127M,106 hrs,74 cycles,C-Check Due,MSG-3,Owned,Asia-Pacific,Yes,Yes,None,Excellent,70 seats,1 ADs,38,53.3,"2,150 kg/hr",9180000.0,9041000.0,8821000.0
A350-900,airbus,2017,"20,521 hrs","9,397 cycles",Trent XWB,"6,891 hrs","4,266 cycles",Fresh C-Check,MSG-3,On Lease,Latin America,Yes,Yes,None,Good,325 seats,1 ADs,59,37.1,"4,282 kg/hr",100524000.0,98835000.0,91605000.0
747-8F,Boeing,2008,"50,142 hrs","19,314 cycles",GEnx-2B,"8,059 hrs","5,089 cycles",D-Check Due,MSG-3,On Lease,Middle East,Yes,No,None,Good,Freighter (0 seats),0 ADs,59,46.3,"3,737 kg/hr",52009000.0,43361000.0,41032000.0
787-9,Boeing,1998,"77,140 hrs","42,844 cycles",Trent 1000,"6,437 hrs","3,073 cycles",Fresh C-Check,MSG-3,Off Lease,Latin America,Yes,No,None,Fair,296 seats,2 ADs,46,47.0,"1,871 kg/hr",23573000.0,22423000.0,22828000.0
A320-200,AIRBUS,2022,"6,283 hrs","7,294 cycles",CFM56-5B,"5,494 hrs","4,180 cycles",Fresh C-Check,MSG-3,On Lease,North America,No,Yes,Minor,Fair,180 seats,3 ADs,32,45.6,"2,011 kg/hr",40490000.0,40307000.0,42208000.0
A350-900,Airbus,2001,"67,119 hrs","28,437 cycles",Trent XWB,"8,799 hrs","5,835 cycles",Fresh C-Check,OEM Managed,Owned,Latin America,No,Yes,None,Poor,325 seats,3 ADs,47,27.5,"1,962 kg/hr",21045000.0,25273000.0,24308000.0
787-9,boeing,2006,"59,350 hrs","36,312 cycles",Trent 1000,"3,845 hrs","1,709 cycles",Fresh D-Check,OEM Managed,Owned,Middle East,Yes,Yes,Minor,Good,296 seats,2 ADs,54,58.5,"3,316 kg/hr",47611000.0,41252000.0,40030000.0
787-9,BOEING,2006,"46,199 hrs","26,800 cycles",GEnx-1B,"2,308 hrs","1,124 cycles",Fresh C-Check,OEM Managed,Off Lease,North America,Yes,Yes,None,Good,296 seats,0 ADs,31,64.9,"3,513 kg/hr",56468000.0,46733000.0,41915000.0
A320-200,AIRBUS,1998,"58,092 hrs","41,810 cycles",CFM56-5B,"6,556 hrs","3,399 cycles",D-Check Due,MSG-3,Owned,North America,Yes,Yes,None,Excellent,180 seats,0 ADs,6,64.6,"2,395 kg/hr",7492000.0,8333000.0,8014000.0
E175,embraer,2000,"63,971 hrs","42,612 cycles",CF34-8E,"1,980 hrs","1,099 cycles",Fresh D-Check,MSG-3,On Lease,North America,No,No,Minor,Fair,76 seats,1 ADs,41,40.7,"3,421 kg/hr",5984000.0,5925000.0,5814000.0
737-800,BOEING,2013,"40,594 hrs","20,611 cycles",CFM56-7B,"6,031 hrs","2,848 cycles",C-Check Due,MSG-3,Owned,Africa,No,No,None,Good,189 seats,3 ADs,30,78.7,"3,318 kg/hr",25827000.0,19032000.0,20551000.0
E175,embraer,2002,"64,216 hrs","32,099 cycles",CF34-8E,457 hrs,285 cycles,Fresh D-Check,MSG-3,Off Lease,Latin America,Yes,No,Minor,Good,76 seats,3 ADs,8,91.5,"2,394 kg/hr",7047000.0,7620000.0,6980000.0
ATR 72-600,ATR,2017,"28,778 hrs","13,284 cycles",PW127M,"8,586 hrs","4,080 cycles",D-Check Due,MSG-3,On Lease,Europe,No,No,None,Poor,70 seats,2 ADs,2,28.3,"1,252 kg/hr",12054000.0,10568000.0,10599000.0
CRJ900,bombardier,2018,"24,872 hrs","16,178 cycles",CF34-8C5,"1,433 hrs",995 cycles,Fresh C-Check,MSG-3,On Lease,Asia-Pacific,Yes,No,None,Good,76 seats,2 ADs,43,69.3,"2,506 kg/hr",17198000.0,19232000.0,19078000.0
A320neo,airbus,2004,"48,970 hrs","21,417 cycles",LEAP-1A,"3,647 hrs","2,270 cycles",C-Check Due,MSG-3,Off Lease,Africa,No,Yes,None,Excellent,180 seats,1 ADs,52,100.0,"2,691 kg/hr",14395000.0,17026000.0,16832000.0
A320neo,airbus,2010,"35,892 hrs","20,544 cycles",PW1100G,"3,729 hrs","2,271 cycles",Fresh D-Check,Hourly Inspection,On Lease,Europe,Yes,No,None,Excellent,180 seats,1 ADs,27,65.3,"3,231 kg/hr",29934000.0,26518000.0,28351000.0
A330-300,Airbus,2009,"42,375 hrs","22,162 cycles",Trent 700,"6,350 hrs","2,908 cycles",Fresh C-Check,OEM Managed,On Lease,Middle East,Yes,Yes,None,Good,277 seats,1 ADs,52,72.9,"3,021 kg/hr",49124000.0,42083000.0,42551000.0
CRJ900,Bombardier,2017,"26,801 hrs","10,537 cycles",CF34-8C5,"4,801 hrs","2,486 cycles",D-Check Due,MSG-3,Owned,Middle East,No,No,None,Fair,76 seats,1 ADs,3,49.3,"2,424 kg/hr",10869000.0,12720000.0,13103000.0
ATR 72-600,ATR,2003,"67,244 hrs","41,602 cycles",PW127M,"1,175 hrs",746 cycles,Fresh C-Check,OEM Managed,On Lease,Europe,Yes,No,None,Good,70 seats,3 ADs,7,59.2,"3,309 kg/hr",6231000.0,5440000.0,5900000.0
A330-300,airbus,2013,"36,693 hrs","25,114 cycles",PW4000,624 hrs,417 cycles,D-Check Due,MSG-3,On Lease,North America,No,Yes,None,Good,277 seats,2 ADs,58,68.3,900 kg/hr,42120000.0,44525000.0,47574000.0
777-300ER,boeing,1998,"61,571 hrs","29,655 cycles",GE90-115B,"7,120 hrs","5,250 cycles",Fresh C-Check,MSG-3,Owned,Middle East,Yes,No,None,Good,396 seats,0 ADs,3,54.1,"2,982 kg/hr",27277000.0,22205000.0,22710000.0
737-800,Boeing,2009,"55,075 hrs","26,001 cycles",CFM56-7B,"6,149 hrs","2,576 cycles",C-Check Due,Hourly Inspection,Owned,Africa,Yes,Yes,None,Good,189 seats,2 ADs,21,62.3,"1,297 kg/hr",17963000.0,14067000.0,14436000.0
A320-200,AIRBUS,2011,"42,134 hrs","22,192 cycles",CFM56-5B,"3,089 hrs","1,535 cycles",C-Check Due,MSG-3,On Lease,North America,Yes,Yes,None,Fair,180 seats,1 ADs,12,25.9,"2,831 kg/hr",14943000.0,16503000.0,18197000.0
787-9,BOEING,2012,"29,645 hrs","20,307 cycles",Trent 1000,"3,291 hrs","2,427 cycles",Fresh C-Check,MSG-3,Owned,Middle East,No,Yes,None,Good,296 seats,1 ADs,12,43.1,"1,538 kg/hr",58726000.0,66247000.0,64665000.0
737 MAX 8,Boeing,2001,"59,580 hrs","37,333 cycles",LEAP-1B,"7,529 hrs","4,539 cycles",C-Check Due,OEM Managed,On Lease,Middle East,Yes,Yes,Major,Fair,178 seats,1 ADs,49,34.2,"3,296 kg/hr",9493000.0,7146000.0,7804000.0
737-800,boeing,2002,"63,195 hrs","41,401 cycles",CFM56-7B,24 hrs,12 cycles,Fresh C-Check,MSG-3,On Lease,Latin America,No,No,None,Fair,189 seats,0 ADs,34,42.0,"2,614 kg/hr",10702000.0,9623000.0,10275000.0
ATR 72-600,atr,2006,"74,142 hrs","35,423 cycles",PW127M,"6,161 hrs","3,416 cycles",Fresh C-Check,MSG-3,On Lease,Middle East,Yes,Yes,None,Good,70 seats,0 ADs,51,64.2,"4,262 kg/hr",8059000.0,6911000.0,6754000.0
A320-200,AIRBUS,2001,"63,366 hrs","29,412 cycles",CFM56-5B,"3,008 hrs","1,728 cycles",C-Check Due,MSG-3,Off Lease,Latin America,No,No,None,Fair,180 seats,2 ADs,45,46.2,"3,395 kg/hr",8470000.0,8529000.0,7376000.0
A330-300,AIRBUS,2014,"37,470 hrs","14,466 cycles",PW4000,"7,338 hrs","3,131 cycles",Fresh D-Check,Hourly Inspection,Off Lease,Asia-Pacific,Yes,No,None,Good,277 seats,3 ADs,56,82.8,"3,495 kg/hr",60556000.0,55090000.0,55230000.0
A330-300,AIRBUS,2015,"32,244 hrs","24,769 cycles",CF6-80E1,"4,611 hrs","2,979 cycles",Fresh C-Check,Hourly Inspection,Owned,Asia-Pacific,Yes,No,None,Good,277 seats,3 ADs,12,23.2,"3,081 kg/hr",45059000.0,50762000.0,53794000.0
737 MAX 8,BOEING,2008,"55,202 hrs","31,694 cycles",LEAP-1B,"1,862 hrs",927 cycles,C-Check Due,MSG-3,Owned,Latin America,No,Yes,None,Good,178 seats,0 ADs,57,55.5,"2,664 kg/hr",15125000.0,15237000.0,16826000.0
ATR 72-600,ATR,2014,"26,635 hrs","14,837 cycles",PW127M,"7,115 hrs","4,199 cycles",Fresh C-Check,Hourly Inspection,On Lease,Latin America,Yes,Yes,Minor,Good,70 seats,2 ADs,53,72.9,"2,458 kg/hr",12861000.0,13714000.0,12241000.0
737 MAX 8,boeing,2016,"25,106 hrs","12,226 cycles",LEAP-1B,"8,249 hrs","5,118 cycles",D-Check Due,MSG-3,On Lease,Latin America,Yes,Yes,None,Fair,178 seats,1 ADs,26,56.9,"3,148 kg/hr",33026000.0,28307000.0,25901000.0
E175,embraer,1998,"74,700 hrs","48,308 cycles",CF34-8E,"4,099 hrs","2,497 cycles",Fresh C-Check,OEM Managed,Owned,Middle East,Yes,No,None,Fair,76 seats,2 ADs,30,67.3,"1,993 kg/hr",4926000.0,5727000.0,5808000.0
747-8F,boeing,2012,"33,311 hrs","17,071 cycles",GEnx-2B,41 hrs,27 cycles,C-Check Due,MSG-3,On Lease,Europe,No,No,None,Fair,Freighter (0 seats),2 ADs,57,62.3,"2,193 kg/hr",72343000.0,73413000.0,70958000.0
777-300ER,boeing,2016,"28,127 hrs","10,720 cycles",GE90-115B,"1,032 hrs",571 cycles,Fresh D-Check,MSG-3,On Lease,Asia-Pacific,Yes,No,None,Excellent,396 seats,2 ADs,10,78.0,"1,917 kg/hr",104583000.0,93405000.0,89723000.0
A320-200,Airbus,2017,"20,593 hrs","14,524 cycles",V2500,"6,417 hrs","2,820 cycles",D-Check Due,MSG-3,On Lease,Latin America,Yes,No,None,Excellent,180 seats,Not Reported,58,32.0,900 kg/hr,25497000.0,25266000.0,26507000.0
747-8F,BOEING,2004,"68,516 hrs","40,809 cycles",GEnx-2B,"2,698 hrs","1,565 cycles",Fresh C-Check,MSG-3,On Lease,Middle East,Yes,No,Minor,Excellent,Freighter (0 seats),1 ADs,19,32.4,"2,861 kg/hr",37675000.0,34991000.0,35688000.0
747-8F,boeing,2012,"30,228 hrs","16,868 cycles",GEnx-2B,"6,887 hrs","3,363 cycles",D-Check Due,MSG-3,Off Lease,Europe,Yes,No,Minor,Excellent,Freighter (0 seats),1 ADs,30,50.2,"2,906 kg/hr",47409000.0,55681000.0,61309000.0
777-300ER,boeing,2001,"56,641 hrs","44,507 cycles",GE90-115B,"7,465 hrs","3,685 cycles",Fresh C-Check,Hourly Inspection,Off Lease,Africa,No,No,None,Excellent,396 seats,1 ADs,48,60.8,"4,239 kg/hr",30385000.0,26625000.0,28795000.0
E175,Embraer,1998,"84,435 hrs","38,712 cycles",CF34-8E,745 hrs,392 cycles,Fresh C-Check,MSG-3,Owned,Asia-Pacific,No,Yes,None,Good,76 seats,Not Reported,35,53.1,"2,580 kg/hr",6347000.0,5561000.0,5938000.0
A350-900,AIRBUS,2003,"53,639 hrs","34,533 cycles",Trent XWB,"8,614 hrs","4,040 cycles",Fresh D-Check,MSG-3,Owned,Europe,Yes,Yes,Minor,Good,325 seats,0 ADs,14,70.5,"1,360 kg/hr",26040000.0,40682000.0,42280000.0
E175,embraer,2011,"46,375 hrs","20,574 cycles",CF34-8E,"6,361 hrs","4,030 cycles",C-Check Due,MSG-3,On Lease,Middle East,Yes,No,None,Poor,76 seats,0 ADs,56,67.7,"1,888 kg/hr",14411000.0,10905000.0,11626000.0
A320neo,Airbus,2021,"11,816 hrs","5,698 cycles",PW1100G,"7,459 hrs","5,227 cycles",Fresh C-Check,MSG-3,Owned,Middle East,Yes,Yes,None,Good,180 seats,0 ADs,56,54.9,"3,821 kg/hr",46686000.0,49857000.0,48769000.0
737-800,Boeing,2012,"40,225 hrs","19,416 cycles",CFM56-7B,"4,245 hrs","2,655 cycles",D-Check Due,MSG-3,Owned,North America,Yes,Yes,None,Excellent,189 seats,1 ADs,11,65.7,"2,527 kg/hr",18616000.0,17737000.0,17283000.0
CRJ900,Bombardier,1998,"55,387 hrs","40,279 cycles",CF34-8C5,"4,018 hrs","3,007 cycles",Fresh D-Check,OEM Managed,Owned,Asia-Pacific,Yes,Yes,Major,Good,76 seats,3 ADs,5,26.3,"1,853 kg/hr",4175000.0,3937000.0,4175000.0
747-8F,Boeing,2013,"38,397 hrs","27,160 cycles",GEnx-2B,"6,546 hrs","2,932 cycles",Fresh C-Check,OEM Managed,Off Lease,Europe,Yes,No,Minor,Good,Freighter (0 seats),1 ADs,18,57.5,"1,609 kg/hr",79391000.0,66894000.0,73176000.0
CRJ900,Bombardier,2022,"10,003 hrs","5,921 cycles",CF34-8C5,"2,045 hrs","1,444 cycles",D-Check Due,Hourly Inspection,Owned,North America,Yes,No,None,Good,76 seats,2 ADs,5,42.1,"1,326 kg/hr",20179000.0,18350000.0,21039000.0
777-300ER,boeing,2013,"28,262 hrs","16,397 cycles",GE90-115B,"4,216 hrs","2,268 cycles",D-Check Due,MSG-3,Owned,Middle East,No,Yes,None,Good,396 seats,0 ADs,15,47.6,"2,799 kg/hr",64550000.0,54457000.0,56250000.0
747-8F,BOEING,2015,"31,037 hrs","19,354 cycles",GEnx-2B,191 hrs,127 cycles,Fresh D-Check,MSG-3,Owned,Europe,No,No,None,Fair,Freighter (0 seats),1 ADs,27,78.5,"2,895 kg/hr",117739000.0,97979000.0,100883000.0
ATR 72-600,atr,1999,"84,855 hrs","36,719 cycles",PW127M,"2,918 hrs","1,561 cycles",Fresh D-Check,Hourly Inspection,Owned,Latin America,No,No,Minor,Excellent,70 seats,Not Reported,23,90.9,"3,061 kg/hr",5413000.0,4829000.0,5232000.0
CRJ900,bombardier,2013,"40,060 hrs","24,024 cycles",CF34-8C5,"8,732 hrs","4,090 cycles",C-Check Due,MSG-3,Off Lease,North America,Yes,Yes,None,Good,76 seats,1 ADs,16,47.4,"3,272 kg/hr",12688000.0,10581000.0,11061000.0
A320neo,airbus,2011,"37,475 hrs","25,950 cycles",PW1100G,"8,565 hrs","4,901 cycles",Fresh C-Check,MSG-3,On Lease,Latin America,No,Yes,None,Good,180 seats,0 ADs,32,57.8,"3,330 kg/hr",25932000.0,25507000.0,24494000.0
ATR 72-600,atr,2010,"50,021 hrs","30,537 cycles",PW127M,"3,000 hrs","2,241 cycles",C-Check Due,Hourly Inspection,Owned,Europe,Yes,No,None,Excellent,70 seats,4 ADs,1,48.2,"2,608 kg/hr",7194000.0,7423000.0,8070000.0
A330-300,airbus,2018,"16,603 hrs","10,119 cycles",PW4000,892 hrs,558 cycles,Fresh C-Check,MSG-3,Owned,Latin America,No,No,None,Fair,277 seats,0 ADs,28,30.8,"1,583 kg/hr",74929000.0,63839000.0,66477000.0
CRJ900,bombardier,2014,"41,294 hrs","31,899 cycles",CF34-8C5,"5,330 hrs","3,665 cycles",C-Check Due,MSG-3,Owned,Europe,Yes,No,None,Good,76 seats,1 ADs,10,51.7,"2,907 kg/hr",12976000.0,12423000.0,11549000.0
A330-300,AIRBUS,2007,"39,659 hrs","16,717 cycles",PW4000,"2,538 hrs","1,556 cycles",C-Check Due,OEM Managed,On Lease,Europe,Yes,No,None,Excellent,277 seats,2 ADs,16,52.1,"2,917 kg/hr",29462000.0,35575000.0,34780000.0
A320-200,AIRBUS,2011,"37,768 hrs","15,639 cycles",V2500,"3,183 hrs","1,484 cycles",C-Check Due,OEM Managed,Owned,Asia-Pacific,No,No,None,Fair,180 seats,0 ADs,27,77.1,"2,815 kg/hr",20182000.0,20723000.0,20081000.0
A330-300,airbus,2019,"15,238 hrs","7,025 cycles",PW4000,"4,661 hrs","2,732 cycles",Fresh D-Check,MSG-3,Off Lease,Latin America,Yes,Yes,None,Fair,277 seats,1 ADs,8,67.7,"5,283 kg/hr",83740000.0,85640000.0,85919000.0
A350-900,airbus,2010,"38,390 hrs","20,546 cycles",Trent XWB,"1,431 hrs",723 cycles,C-Check Due,OEM Managed,Off Lease,Asia-Pacific,No,No,None,Good,325 seats,1 ADs,57,60.7,"2,274 kg/hr",59819000.0,54051000.0,54443000.0
CRJ900,bombardier,2014,"37,895 hrs","17,021 cycles",CF34-8C5,"2,050 hrs","1,123 cycles",Fresh C-Check,OEM Managed,On Lease,Latin America,No,Yes,Minor,Excellent,76 seats,1 ADs,4,54.3,"3,032 kg/hr",11832000.0,13962000.0,13851000.0
777-300ER,BOEING,2001,"77,371 hrs","47,957 cycles",GE90-115B,"1,703 hrs",936 cycles,D-Check Due,Hourly Inspection,Owned,Middle East,Yes,No,None,Good,396 seats,2 ADs,33,50.9,"2,919 kg/hr",25373000.0,21622000.0,22318000.0
ATR 72-600,ATR,2006,"53,946 hrs","22,530 cycles",PW127M,"4,926 hrs","2,897 cycles",C-Check Due,MSG-3,Owned,Middle East,Yes,No,None,Excellent,70 seats,2 ADs,10,15.8,"2,903 kg/hr",6944000.0,5677000.0,5979000.0
787-9,boeing,1999,"75,316 hrs","35,313 cycles",Trent 1000,"4,182 hrs","2,106 cycles",C-Check Due,MSG-3,On Lease,Middle East,Yes,No,None,Good,296 seats,2 ADs,58,73.2,"2,327 kg/hr",27549000.0,25702000.0,26197000.0
777-300ER,boeing,2021,"9,244 hrs","3,681 cycles",GE90-115B,"5,289 hrs","3,024 cycles",C-Check Due,OEM Managed,Off Lease,Latin America,Yes,No,None,Excellent,396 seats,0 ADs,8,64.6,"2,474 kg/hr",141852000.0,101768000.0,106002000.0
A330-300,airbus,2022,"11,930 hrs","6,836 cycles",PW4000,"8,302 hrs","3,466 cycles",C-Check Due,MSG-3,On Lease,Africa,Yes,No,None,Good,277 seats,Not Reported,57,53.5,"3,185 kg/hr",108385000.0,84783000.0,88060000.0
737-800,Boeing,2014,"33,369 hrs","16,764 cycles",CFM56-7B,"8,454 hrs","3,908 cycles",Fresh C-Check,MSG-3,On Lease,Africa,Yes,Yes,Major,Good,189 seats,1 ADs,5,64.0,"2,257 kg/hr",21169000.0,20563000.0,20192000.0
E175,embraer,2019,"20,072 hrs","15,364 cycles",CF34-8E,"7,595 hrs","4,772 cycles",C-Check Due,OEM Managed,Off Lease,Middle East,Yes,No,None,Good,76 seats,0 ADs,59,62.7,"2,167 kg/hr",23915000.0,20881000.0,21161000.0
A320-200,Airbus,2017,"30,540 hrs","19,725 cycles",CFM56-5B,980 hrs,421 cycles,D-Check Due,Hourly Inspection,On Lease,North America,No,No,None,Poor,180 seats,0 ADs,40,43.1,"1,977 kg/hr",23402000.0,21539000.0,21747000.0
747-8F,BOEING,2022,"7,107 hrs","4,188 cycles",GEnx-2B,"4,875 hrs","3,064 cycles",Fresh D-Check,Hourly Inspection,Owned,Africa,Yes,No,Minor,Good,Freighter (0 seats),2 ADs,22,62.9,"3,021 kg/hr",170909000.0,148676000.0,150862000.0
A320neo,Airbus,1999,"94,073 hrs","45,130 cycles",LEAP-1A,"8,895 hrs","4,192 cycles",Fresh C-Check,MSG-3,On Lease,Middle East,Yes,No,None,Excellent,180 seats,Not Reported,59,70.9,900 kg/hr,9672000.0,11342000.0,9458000.0
E175,Embraer,2020,"12,472 hrs","8,120 cycles",CF34-8E,"4,998 hrs","2,479 cycles",Fresh C-Check,MSG-3,Owned,North America,No,Yes,None,Good,76 seats,1 ADs,10,50.1,"1,911 kg/hr",29176000.0,24952000.0,24925000.0
A320neo,AIRBUS,2000,"56,100 hrs","27,411 cycles",PW1100G,851 hrs,446 cycles,C-Check Due,MSG-3,On Lease,North America,Yes,No,None,Fair,180 seats,2 ADs,41,50.6,900 kg/hr,10371000.0,11384000.0,10664000.0
E175,embraer,2006,"47,731 hrs","32,881 cycles",CF34-8E,"5,188 hrs","3,812 cycles",C-Check Due,MSG-3,On Lease,Africa,Yes,No,None,Fair,76 seats,1 ADs,15,38.0,"1,663 kg/hr",8360000.0,8780000.0,8216000.0
737-800,Boeing,2016,"25,824 hrs","12,585 cycles",CFM56-7B,"2,241 hrs","1,305 cycles",D-Check Due,MSG-3,Off Lease,Middle East,Yes,Yes,None,Good,189 seats,2 ADs,12,47.2,"2,617 kg/hr",20492000.0,24615000.0,21544000.0
E175,Embraer,1999,"73,029 hrs","50,441 cycles",CF34-8E,"6,204 hrs","2,998 cycles",Fresh D-Check,MSG-3,Owned,Latin America,Yes,No,None,Excellent,76 seats,3 ADs,7,51.4,"3,753 kg/hr",5804000.0,6181000.0,6069000.0
737 MAX 8,Boeing,2005,"68,713 hrs","31,607 cycles",LEAP-1B,"3,290 hrs","1,464 cycles",C-Check Due,OEM Managed,Off Lease,Asia-Pacific,No,No,None,Good,178 seats,2 ADs,45,70.1,"1,851 kg/hr",13363000.0,11646000.0,10812000.0
A330-300,airbus,2021,"13,256 hrs","8,338 cycles",CF6-80E1,"5,607 hrs","3,206 cycles",C-Check Due,MSG-3,Owned,Africa,Yes,Yes,None,Good,277 seats,0 ADs,28,60.4,"4,004 kg/hr",104774000.0,79080000.0,85890000.0
777-300ER,BOEING,2006,"62,254 hrs","34,709 cycles",GE90-115B,"7,956 hrs","5,805 cycles",Fresh C-Check,MSG-3,Owned,Europe,Yes,Yes,None,Fair,396 seats,2 ADs,31,78.8,"2,166 kg/hr",34112000.0,33451000.0,36201000.0
A330-300,Airbus,2015,"31,075 hrs","16,832 cycles",CF6-80E1,"7,345 hrs","3,158 cycles",C-Check Due,Hourly Inspection,Owned,Europe,Yes,No,None,Fair,277 seats,0 ADs,39,64.4,"2,873 kg/hr",59423000.0,52147000.0,52335000.0
CRJ900,Bombardier,2013,"26,888 hrs","13,278 cycles",CF34-8C5,"6,441 hrs","3,175 cycles",C-Check Due,MSG-3,On Lease,North America,No,No,None,Fair,76 seats,1 ADs,31,43.4,"3,826 kg/hr",11762000.0,12719000.0,12113000.0
ATR 72-600,ATR,2022,"7,396 hrs","4,895 cycles",PW127M,"3,497 hrs","1,608 cycles",C-Check Due,Hourly Inspection,On Lease,Asia-Pacific,Yes,Yes,None,Good,70 seats,1 ADs,24,83.4,"4,145 kg/hr",30971000.0,22901000.0,23348000.0
737 MAX 8,Boeing,2017,"19,537 hrs","6,785 cycles",LEAP-1B,"3,437 hrs","1,526 cycles",Fresh C-Check,MSG-3,Owned,Europe,No,No,Major,Good,178 seats,0 ADs,13,59.3,900 kg/hr,33301000.0,26698000.0,30392000.0
A350-900,Airbus,2003,"51,417 hrs","25,108 cycles",Trent XWB,"6,785 hrs","4,621 cycles",Fresh C-Check,MSG-3,On Lease,Asia-Pacific,Yes,Yes,Minor,Fair,325 seats,1 ADs,22,91.8,"1,519 kg/hr",43720000.0,40085000.0,38976000.0
747-8F,boeing,2004,"44,477 hrs","24,899 cycles",GEnx-2B,"5,291 hrs","2,434 cycles",D-Check Due,MSG-3,On Lease,Middle East,Yes,Yes,None,Fair,Freighter (0 seats),1 ADs,4,84.7,"3,742 kg/hr",51561000.0,40286000.0,45299000.0
E175,Embraer,2011,"39,847 hrs","20,341 cycles",CF34-8E,"6,430 hrs","4,055 cycles",D-Check Due,MSG-3,On Lease,Europe,No,No,None,Good,76 seats,Not Reported,21,35.7,"1,780 kg/hr",10374000.0,10349000.0,10450000.0
737-800,BOEING,2003,"57,427 hrs","24,897 cycles",CFM56-7B,"4,373 hrs","2,814 cycles",C-Check Due,OEM Managed,Owned,North America,Yes,Yes,Minor,Good,189 seats,1 ADs,47,34.6,"3,905 kg/hr",10648000.0,9358000.0,9435000.0
A320neo,AIRBUS,2004,"46,007 hrs","20,391 cycles",LEAP-1A,"2,138 hrs",942 cycles,Fresh C-Check,MSG-3,Off Lease,Latin America,Yes,No,None,Fair,180 seats,3 ADs,37,66.5,"3,775 kg/hr",18522000.0,15218000.0,16766000.0
A320-200,AIRBUS,2012,"43,658 hrs","25,802 cycles",CFM56-5B,"7,097 hrs","3,608 cycles",D-Check Due,OEM Managed,Owned,Asia-Pacific,No,Yes,None,Excellent,180 seats,4 ADs,7,59.8,"3,689 kg/hr",18066000.0,17205000.0,16886000.0
A320neo,AIRBUS,1998,"72,622 hrs","52,743 cycles",LEAP-1A,"8,467 hrs","4,249 cycles",Fresh C-Check,Hourly Inspection,Off Lease,Asia-Pacific,Yes,No,Minor,Fair,180 seats,1 ADs,22,40.1,"2,468 kg/hr",9914000.0,8498000.0,8484000.0
E175,Embraer,2022,"7,784 hrs","4,762 cycles",CF34-8E,"7,492 hrs","3,841 cycles",Fresh C-Check,Hourly Inspection,On Lease,North America,No,Yes,None,Excellent,76 seats,2 ADs,12,36.8,"1,827 kg/hr",30860000.0,26714000.0,28035000.0
ATR 72-600,atr,2008,"60,015 hrs","27,951 cycles",PW127M,646 hrs,418 cycles,Fresh C-Check,Hourly Inspection,On Lease,Africa,No,Yes,Major,Good,70 seats,3 ADs,25,58.0,"3,742 kg/hr",6351000.0,5835000.0,5742000.0
A320neo,Airbus,2008,"36,692 hrs","23,711 cycles",PW1100G,"1,386 hrs","1,017 cycles",Fresh C-Check,OEM Managed,Owned,Africa,No,No,Minor,Good,180 seats,1 ADs,6,61.6,"2,439 kg/hr",24420000.0,20400000.0,19593000.0
A350-900,AIRBUS,2021,"8,175 hrs","5,271 cycles",Trent XWB,"5,638 hrs","2,708 cycles",Fresh C-Check,MSG-3,Owned,Middle East,No,No,None,Good,325 seats,0 ADs,13,87.9,"2,359 kg/hr",151894000.0,134443000.0,133891000.0
A320-200,Airbus,2010,"36,760 hrs","18,897 cycles",CFM56-5B,"4,375 hrs","2,026 cycles",D-Check Due,MSG-3,Off Lease,Africa,Yes,Yes,None,Good,180 seats,1 ADs,39,75.9,"3,318 kg/hr",20799000.0,17921000.0,17772000.0
E175,Embraer,2014,"35,879 hrs","23,605 cycles",CF34-8E,463 hrs,298 cycles,Fresh C-Check,MSG-3,On Lease,Middle East,Yes,Yes,None,Excellent,76 seats,0 ADs,39,92.5,"2,369 kg/hr",20693000.0,20251000.0,22004000.0
737-800,BOEING,2009,"56,046 hrs","26,400 cycles",CFM56-7B,"6,374 hrs","2,946 cycles",C-Check Due,MSG-3,On Lease,North America,No,Yes,None,Good,189 seats,1 ADs,42,70.1,"3,658 kg/hr",18594000.0,15262000.0,16042000.0
777-300ER,Boeing,2022,"9,503 hrs","8,250 cycles",GE90-115B,"2,697 hrs","2,047 cycles",D-Check Due,MSG-3,On Lease,Europe,Yes,No,None,Good,396 seats,1 ADs,14,7.1,"3,602 kg/hr",98575000.0,81570000.0,86645000.0
A320neo,Airbus,2002,"52,648 hrs","23,556 cycles",LEAP-1A,"6,875 hrs","3,544 cycles",C-Check Due,OEM Managed,On Lease,Europe,Yes,Yes,None,Good,180 seats,1 ADs,28,29.8,"2,955 kg/hr",11393000.0,11761000.0,12747000.0
787-9,boeing,2009,"54,113 hrs","38,445 cycles",Trent 1000,"1,276 hrs",606 cycles,D-Check Due,MSG-3,On Lease,Asia-Pacific,Yes,Yes,None,Fair,296 seats,1 ADs,53,51.5,"2,783 kg/hr",47698000.0,38190000.0,38046000.0
A320neo,Airbus,1999,"67,134 hrs","32,409 cycles",PW1100G,"5,150 hrs","2,376 cycles",C-Check Due,MSG-3,Off Lease,Middle East,No,No,None,Excellent,180 seats,1 ADs,48,77.2,"2,756 kg/hr",11570000.0,10679000.0,10721000.0
A350-900,airbus,2001,"62,193 hrs","27,724 cycles",Trent XWB,"2,607 hrs","1,208 cycles",Fresh C-Check,Hourly Inspection,Owned,North America,Yes,Yes,None,Good,325 seats,1 ADs,27,71.8,"3,872 kg/hr",36275000.0,34086000.0,33820000.0
A330-300,AIRBUS,2014,"23,573 hrs","8,911 cycles",PW4000,136 hrs,62 cycles,Fresh D-Check,MSG-3,Owned,North America,Yes,No,Major,Fair,277 seats,2 ADs,48,50.2,"3,318 kg/hr",55556000.0,44658000.0,48234000.0
E175,embraer,2013,"27,135 hrs","17,581 cycles",CF34-8E,"1,719 hrs",764 cycles,Fresh C-Check,Hourly Inspection,Owned,Middle East,Yes,No,Minor,Excellent,76 seats,0 ADs,10,53.5,"1,168 kg/hr",17081000.0,16274000.0,16036000.0
CRJ900,Bombardier,2014,"34,677 hrs","18,644 cycles",CF34-8C5,"6,158 hrs","2,595 cycles",C-Check Due,MSG-3,On Lease,Africa,Yes,Yes,Major,Good,76 seats,Not Reported,3,37.1,"3,132 kg/hr",11769000.0,9759000.0,9997000.0
A320-200,airbus,2022,"7,860 hrs","2,775 cycles",CFM56-5B,"4,502 hrs","2,486 cycles",Fresh D-Check,MSG-3,Off Lease,Europe,Yes,No,None,Excellent,180 seats,2 ADs,10,75.1,"2,277 kg/hr",55960000.0,48243000.0,45403000.0
A350-900,airbus,2017,"17,846 hrs","7,886 cycles",Trent XWB,"4,948 hrs","2,260 cycles",Fresh C-Check,MSG-3,On Lease,Africa,No,No,None,Fair,325 seats,2 ADs,23,56.0,"1,859 kg/hr",114562000.0,96684000.0,104216000.0
747-8F,BOEING,2021,"12,117 hrs","10,368 cycles",GEnx-2B,"2,886 hrs","1,227 cycles",C-Check Due,MSG-3,On Lease,Europe,No,No,None,Good,Freighter (0 seats),2 ADs,31,75.9,"4,628 kg/hr",155673000.0,128268000.0,135488000.0
737 MAX 8,boeing,2014,"19,847 hrs","15,316 cycles",LEAP-1B,"7,695 hrs","5,485 cycles",Fresh C-Check,MSG-3,On Lease,Asia-Pacific,No,Yes,None,Good,178 seats,Not Reported,44,32.5,900 kg/hr,33747000.0,29702000.0,29482000.0
A320-200,airbus,2001,"62,430 hrs","45,773 cycles",V2500,"3,657 hrs","2,058 cycles",Fresh C-Check,MSG-3,Off Lease,Europe,Yes,Yes,None,Fair,180 seats,0 ADs,5,13.2,"3,962 kg/hr",8109000.0,9254000.0,9315000.0
E175,embraer,2015,"29,653 hrs","15,578 cycles",CF34-8E,"3,914 hrs","1,649 cycles",C-Check Due,Hourly Inspection,On Lease,North America,No,No,None,Good,76 seats,2 ADs,12,71.5,"2,690 kg/hr",17267000.0,18036000.0,16344000.0
ATR 72-600,ATR,2018,"21,102 hrs","12,575 cycles",PW127M,"7,794 hrs","3,693 cycles",C-Check Due,MSG-3,On Lease,North America,Yes,Yes,None,Excellent,70 seats,2 ADs,34,65.5,"2,671 kg/hr",20768000.0,16885000.0,16393000.0
CRJ900,Bombardier,2002,"78,961 hrs","52,466 cycles",CF34-8C5,"4,749 hrs","2,191 cycles",Fresh D-Check,MSG-3,On Lease,Middle East,No,Yes,None,Good,76 seats,2 ADs,3,43.0,"2,611 kg/hr",5185000.0,5989000.0,6609000.0
777-300ER,Boeing,2011,"36,781 hrs","26,635 cycles",GE90-115B,"2,732 hrs","1,221 cycles",C-Check Due,OEM Managed,Off Lease,Middle East,Yes,No,None,Good,396 seats,2 ADs,18,70.8,"1,665 kg/hr",51700000.0,53178000.0,56026000.0
A330-300,airbus,2013,"31,022 hrs","21,906 cycles",CF6-80E1,"7,828 hrs","5,232 cycles",Fresh C-Check,MSG-3,On Lease,North America,No,No,None,Good,277 seats,1 ADs,4,63.1,"2,218 kg/hr",62484000.0,52221000.0,51813000.0
777-300ER,BOEING,2007,"43,825 hrs","27,318 cycles",GE90-115B,882 hrs,493 cycles,C-Check Due,MSG-3,On Lease,Latin America,Yes,No,None,Good,396 seats,4 ADs,43,43.8,"3,972 kg/hr",41533000.0,41468000.0,39638000.0
A320-200,AIRBUS,2013,"37,182 hrs","16,323 cycles",V2500,"4,703 hrs","2,029 cycles",C-Check Due,Hourly Inspection,On Lease,North America,No,No,None,Fair,180 seats,3 ADs,16,44.8,"2,603 kg/hr",22090000.0,19387000.0,20013000.0
A320neo,airbus,2016,"22,349 hrs","15,268 cycles",LEAP-1A,"4,073 hrs","1,706 cycles",Fresh C-Check,MSG-3,Owned,Asia-Pacific,No,Yes,None,Good,180 seats,0 ADs,55,85.8,"3,226 kg/hr",33558000.0,37597000.0,37308000.0
787-9,boeing,2015,"24,955 hrs","15,005 cycles",GEnx-1B,"1,764 hrs",821 cycles,C-Check Due,OEM Managed,Owned,Latin America,No,No,None,Good,296 seats,0 ADs,11,19.8,"1,503 kg/hr",78428000.0,64993000.0,72052000.0
ATR 72-600,ATR,2000,"72,542 hrs","39,955 cycles",PW127M,"1,693 hrs",930 cycles,C-Check Due,MSG-3,Owned,North America,No,No,None,Fair,70 seats,2 ADs,19,70.5,"2,629 kg/hr",5351000.0,4326000.0,4611000.0
787-9,boeing,2021,"8,992 hrs","7,999 cycles",Trent 1000,"2,376 hrs","1,638 cycles",Fresh D-Check,Hourly Inspection,On Lease,Africa,No,Yes,None,Excellent,296 seats,0 ADs,29,74.2,"2,053 kg/hr",149966000.0,143315000.0,161932000.0
737-800,BOEING,2018,"21,612 hrs","9,387 cycles",CFM56-7B,"8,008 hrs","5,461 cycles",C-Check Due,MSG-3,On Lease,Africa,Yes,No,Minor,Excellent,189 seats,2 ADs,7,40.7,"1,637 kg/hr",30498000.0,27329000.0,27443000.0
747-8F,Boeing,2010,"37,422 hrs","22,949 cycles",GEnx-2B,"6,537 hrs","4,594 cycles",Fresh D-Check,MSG-3,Off Lease,North America,Yes,Yes,None,Fair,Freighter (0 seats),1 ADs,14,44.9,"4,409 kg/hr",63878000.0,69155000.0,68687000.0
A330-300,airbus,2006,"47,099 hrs","19,608 cycles",Trent 700,"4,732 hrs","2,779 cycles",D-Check Due,Hourly Inspection,On Lease,Asia-Pacific,No,No,None,Good,277 seats,0 ADs,10,42.8,"2,858 kg/hr",29188000.0,27028000.0,26899000.0
737-800,boeing,2019,"15,378 hrs","9,822 cycles",CFM56-7B,"3,158 hrs","1,821 cycles",D-Check Due,Hourly Inspection,Off Lease,Middle East,No,No,None,Fair,189 seats,1 ADs,23,61.2,"2,548 kg/hr",32570000.0,27583000.0,28092000.0
CRJ900,Bombardier,2003,"53,398 hrs","40,700 cycles",CF34-8C5,238 hrs,107 cycles,Fresh D-Check,MSG-3,Owned,Asia-Pacific,No,No,None,Excellent,76 seats,1 ADs,28,44.3,"1,147 kg/hr",8537000.0,7116000.0,7077000.0
747-8F,Boeing,2016,"18,585 hrs","13,768 cycles",GEnx-2B,"1,902 hrs",808 cycles,C-Check Due,MSG-3,Owned,Africa,Yes,Yes,None,Fair,Freighter (0 seats),0 ADs,36,43.8,"2,770 kg/hr",104312000.0,94672000.0,92319000.0
737-800,BOEING,2003,"57,717 hrs","26,122 cycles",CFM56-7B,"7,214 hrs","5,114 cycles",Fresh C-Check,OEM Managed,Owned,Europe,No,No,Major,Good,189 seats,0 ADs,17,43.1,"2,206 kg/hr",7495000.0,8310000.0,8558000.0
A330-300,Airbus,2020,"12,173 hrs","11,925 cycles",Trent 700,"1,608 hrs",945 cycles,Fresh C-Check,Hourly Inspection,Owned,Europe,Yes,No,Minor,Good,277 seats,1 ADs,11,73.2,"1,700 kg/hr",92582000.0,85863000.0,87459000.0
787-9,boeing,2006,"52,121 hrs","26,247 cycles",GEnx-1B,"6,845 hrs","5,084 cycles",Fresh C-Check,MSG-3,Off Lease,Latin America,No,No,Minor,Good,296 seats,2 ADs,48,66.4,"3,729 kg/hr",37016000.0,38203000.0,38011000.0
A330-300,Airbus,1998,"61,676 hrs","30,402 cycles",PW4000,"5,722 hrs","3,836 cycles",Fresh D-Check,MSG-3,On Lease,North America,Yes,No,None,Excellent,277 seats,0 ADs,6,36.9,"1,113 kg/hr",19337000.0,19488000.0,19214000.0
A330-300,airbus,2021,"8,043 hrs","6,092 cycles",PW4000,"6,930 hrs","4,753 cycles",D-Check Due,MSG-3,On Lease,Africa,Yes,No,None,Fair,277 seats,1 ADs,19,62.5,"2,400 kg/hr",83264000.0,73213000.0,73270000.0
787-9,boeing,2007,"42,612 hrs","29,424 cycles",Trent 1000,"2,306 hrs","1,428 cycles",Fresh C-Check,MSG-3,Owned,Africa,No,No,None,Excellent,296 seats,1 ADs,39,62.5,"3,241 kg/hr",53885000.0,51890000.0,48307000.0
A350-900,airbus,1998,"69,265 hrs","45,945 cycles",Trent XWB,"7,686 hrs","3,696 cycles",Fresh C-Check,Hourly Inspection,On Lease,North America,Yes,No,None,Good,325 seats,1 ADs,1,70.1,"1,974 kg/hr",31797000.0,26999000.0,26470000.0
A350-900,Airbus,2021,"10,745 hrs","4,256 cycles",Trent XWB,"7,158 hrs","4,256 cycles",D-Check Due,MSG-3,Owned,Middle East,Yes,Yes,None,Good,325 seats,0 ADs,42,79.3,"2,645 kg/hr",140226000.0,113217000.0,109193000.0
747-8F,BOEING,2016,"29,081 hrs","15,453 cycles",GEnx-2B,"3,605 hrs","1,655 cycles",Fresh C-Check,OEM Managed,Owned,Latin America,Yes,Yes,None,Good,Freighter (0 seats),1 ADs,35,70.2,"3,155 kg/hr",110132000.0,104317000.0,92728000.0
A330-300,Airbus,1998,"54,182 hrs","28,453 cycles",CF6-80E1,"2,332 hrs","1,262 cycles",Fresh D-Check,MSG-3,On Lease,Middle East,No,No,None,Good,277 seats,2 ADs,49,100.0,"3,463 kg/hr",27478000.0,24997000.0,24201000.0
A320neo,AIRBUS,2021,"11,675 hrs","4,466 cycles",PW1100G,"4,349 hrs","3,198 cycles",C-Check Due,MSG-3,Owned,Europe,No,No,None,Good,180 seats,1 ADs,51,48.2,"2,013 kg/hr",44860000.0,45503000.0,44429000.0
737 MAX 8,BOEING,2021,"9,495 hrs","3,721 cycles",LEAP-1B,"7,509 hrs","3,721 cycles",C-Check Due,MSG-3,On Lease,Europe,No,Yes,None,Good,178 seats,2 ADs,1,10.7,"2,364 kg/hr",41266000.0,35646000.0,37633000.0
A320neo,Airbus,1999,"78,682 hrs","52,560 cycles",PW1100G,"6,183 hrs","4,653 cycles",Fresh C-Check,OEM Managed,Off Lease,Africa,Yes,No,None,Good,180 seats,2 ADs,31,51.2,"2,670 kg/hr",8328000.0,10587000.0,10370000.0
A330-300,Airbus,2003,"54,072 hrs","31,900 cycles",CF6-80E1,"7,546 hrs","3,631 cycles",Fresh C-Check,MSG-3,Owned,Europe,Yes,No,None,Excellent,277 seats,2 ADs,24,46.2,"2,540 kg/hr",24875000.0,24474000.0,26425000.0
777-300ER,Boeing,2013,"30,482 hrs","16,363 cycles",GE90-115B,"5,411 hrs","2,345 cycles",C-Check Due,MSG-3,On Lease,Africa,No,No,None,Poor,396 seats,4 ADs,24,47.6,"2,640 kg/hr",63646000.0,48506000.0,51859000.0
ATR 72-600,atr,2000,"58,674 hrs","33,651 cycles",PW127M,"6,151 hrs","3,146 cycles",D-Check Due,MSG-3,Off Lease,Africa,Yes,Yes,None,Good,70 seats,1 ADs,13,33.6,"1,248 kg/hr",5343000.0,3827000.0,4270000.0
A330-300,AIRBUS,2022,"6,919 hrs","2,929 cycles",CF6-80E1,"5,017 hrs","2,925 cycles",D-Check Due,MSG-3,On Lease,North America,No,Yes,None,Fair,277 seats,2 ADs,44,67.3,"2,828 kg/hr",82417000.0,76920000.0,75408000.0
737 MAX 8,BOEING,2019,"15,683 hrs","9,230 cycles",LEAP-1B,"3,847 hrs","2,148 cycles",Fresh C-Check,MSG-3,On Lease,Middle East,No,No,None,Good,178 seats,1 ADs,59,60.8,"3,827 kg/hr",36899000.0,42228000.0,41149000.0
A330-300,Airbus,2012,"50,386 hrs","20,131 cycles",Trent 700,"6,438 hrs","2,943 cycles",Fresh C-Check,MSG-3,Off Lease,Europe,Yes,No,None,Excellent,277 seats,1 ADs,10,68.9,"3,055 kg/hr",49360000.0,43341000.0,45640000.0
A330-300,AIRBUS,1999,"68,819 hrs","42,771 cycles",PW4000,"4,691 hrs","3,206 cycles",C-Check Due,MSG-3,On Lease,Asia-Pacific,Yes,No,None,Excellent,277 seats,0 ADs,25,100.0,"2,605 kg/hr",23513000.0,22974000.0,24231000.0
A320-200,Airbus,2013,"44,591 hrs","24,993 cycles",V2500,"6,237 hrs","3,573 cycles",Fresh C-Check,MSG-3,On Lease,Africa,No,No,None,Fair,180 seats,1 ADs,20,76.3,"2,085 kg/hr",25296000.0,22747000.0,22825000.0
A320-200,airbus,2013,"32,152 hrs","15,529 cycles",CFM56-5B,"6,576 hrs","3,090 cycles",D-Check Due,MSG-3,On Lease,Africa,Yes,Yes,None,Excellent,180 seats,0 ADs,10,94.0,"3,054 kg/hr",26162000.0,24567000.0,25122000.0
737-800,BOEING,2002,"57,601 hrs","37,699 cycles",CFM56-7B,"2,282 hrs","1,024 cycles",Fresh C-Check,MSG-3,Owned,Europe,No,Yes,None,Good,189 seats,2 ADs,22,82.7,"3,579 kg/hr",12430000.0,11728000.0,11383000.0
777-300ER,boeing,2009,"47,043 hrs","20,877 cycles",GE90-115B,"1,056 hrs",691 cycles,Fresh D-Check,MSG-3,On Lease,Asia-Pacific,Yes,Yes,None,Excellent,396 seats,2 ADs,26,51.7,"2,217 kg/hr",60272000.0,53509000.0,54304000.0
E175,embraer,2007,"35,000 hrs","13,243 cycles",CF34-8E,"6,780 hrs","4,009 cycles",Fresh C-Check,OEM Managed,On Lease,Latin America,Yes,No,None,Good,76 seats,0 ADs,5,88.2,"2,495 kg/hr",14526000.0,13222000.0,12641000.0
CRJ900,Bombardier,2013,"43,491 hrs","19,409 cycles",CF34-8C5,"5,397 hrs","2,912 cycles",Fresh C-Check,OEM Managed,Owned,Latin America,No,No,None,Poor,76 seats,2 ADs,14,48.6,"3,351 kg/hr",13599000.0,11027000.0,10240000.0
737-800,boeing,2005,"74,258 hrs","43,427 cycles",CFM56-7B,"7,351 hrs","4,796 cycles",Fresh C-Check,MSG-3,Owned,Middle East,Yes,Yes,Minor,Poor,189 seats,2 ADs,10,32.8,"1,981 kg/hr",11287000.0,9326000.0,8879000.0
737-800,Boeing,2010,"44,627 hrs","22,655 cycles",CFM56-7B,"2,811 hrs","1,288 cycles",C-Check Due,MSG-3,On Lease,Asia-Pacific,Yes,No,None,Good,189 seats,1 ADs,12,49.6,"2,431 kg/hr",17508000.0,17327000.0,15048000.0
A320neo,Airbus,2005,"73,430 hrs","31,763 cycles",PW1100G,"8,917 hrs","3,854 cycles",Fresh C-Check,OEM Managed,Off Lease,Europe,Yes,Yes,None,Excellent,180 seats,1 ADs,7,85.7,950 kg/hr,17934000.0,16147000.0,15914000.0
A320-200,Airbus,2022,"8,367 hrs","3,649 cycles",V2500,"5,390 hrs","2,444 cycles",C-Check Due,MSG-3,Owned,Europe,No,No,None,Fair,180 seats,3 ADs,33,74.0,"2,609 kg/hr",42894000.0,39337000.0,42701000.0
A320neo,airbus,2016,"29,700 hrs","16,292 cycles",PW1100G,788 hrs,576 cycles,Fresh C-Check,Hourly Inspection,On Lease,Asia-Pacific,Yes,No,None,Good,180 seats,2 ADs,1,21.0,"1,882 kg/hr",34209000.0,29766000.0,31627000.0
A320neo,AIRBUS,2002,"73,806 hrs","32,035 cycles",PW1100G,"3,362 hrs","1,455 cycles",Fresh C-Check,MSG-3,On Lease,Africa,Yes,Yes,None,Excellent,180 seats,0 ADs,49,78.8,"3,076 kg/hr",15783000.0,13630000.0,13975000.0
787-9,boeing,2009,"61,955 hrs","40,669 cycles",GEnx-1B,"4,776 hrs","2,201 cycles",C-Check Due,MSG-3,On Lease,Latin America,Yes,No,None,Good,296 seats,4 ADs,43,73.4,"2,956 kg/hr",42961000.0,40442000.0,39591000.0
A330-300,Airbus,2004,"53,729 hrs","35,623 cycles",CF6-80E1,"2,861 hrs","1,881 cycles",C-Check Due,MSG-3,On Lease,Latin America,No,No,None,Excellent,277 seats,0 ADs,53,49.7,"3,344 kg/hr",32993000.0,26453000.0,27821000.0
ATR 72-600,atr,2005,"65,853 hrs","28,712 cycles",PW127M,"7,104 hrs","4,778 cycles",C-Check Due,MSG-3,Off Lease,North America,Yes,Yes,None,Good,70 seats,1 ADs,11,53.9,"2,241 kg/hr",6410000.0,5705000.0,5278000.0
747-8F,Boeing,2020,"11,106 hrs","5,463 cycles",GEnx-2B,"4,601 hrs","3,005 cycles",D-Check Due,MSG-3,Owned,Latin America,No,No,None,Excellent,Freighter (0 seats),2 ADs,36,56.3,"3,974 kg/hr",105780000.0,108916000.0,99155000.0
737-800,boeing,2014,"33,088 hrs","13,814 cycles",CFM56-7B,"2,690 hrs","1,604 cycles",D-Check Due,MSG-3,Owned,North America,No,No,None,Good,189 seats,0 ADs,8,50.6,900 kg/hr,21250000.0,18915000.0,20688000.0
CRJ900,bombardier,2018,"15,024 hrs","9,029 cycles",CF34-8C5,"4,416 hrs","2,602 cycles",C-Check Due,MSG-3,On Lease,North America,No,Yes,None,Fair,76 seats,1 ADs,49,62.6,"2,158 kg/hr",19181000.0,18871000.0,21499000.0
A330-300,AIRBUS,2022,"8,509 hrs","3,447 cycles",PW4000,"6,503 hrs","2,813 cycles",Fresh D-Check,MSG-3,On Lease,Middle East,No,No,Minor,Good,277 seats,2 ADs,37,56.0,"1,939 kg/hr",86105000.0,97903000.0,89020000.0
A320-200,AIRBUS,2011,"41,682 hrs","22,756 cycles",CFM56-5B,"3,443 hrs","2,123 cycles",Fresh C-Check,MSG-3,On Lease,Latin America,Yes,Yes,None,Fair,180 seats,2 ADs,1,70.7,"2,670 kg/hr",24765000.0,21651000.0,21918000.0
737 MAX 8,Boeing,2001,"85,354 hrs","62,483 cycles",LEAP-1B,"8,354 hrs","6,065 cycles",Fresh D-Check,OEM Managed,Off Lease,Africa,Yes,No,None,Excellent,178 seats,2 ADs,22,67.3,"1,817 kg/hr",13003000.0,11467000.0,10615000.0
ATR 72-600,ATR,2017,"19,396 hrs","14,384 cycles",PW127M,"4,782 hrs","1,995 cycles",Fresh C-Check,Hourly Inspection,On Lease,Latin America,No,Yes,None,Fair,70 seats,2 ADs,37,75.6,"2,552 kg/hr",17942000.0,17098000.0,17938000.0
A320-200,Airbus,2019,"13,745 hrs","7,402 cycles",V2500,"2,358 hrs","1,496 cycles",D-Check Due,MSG-3,On Lease,Latin America,Yes,Yes,None,Good,180 seats,3 ADs,45,44.9,"3,666 kg/hr",36728000.0,31183000.0,30002000.0
787-9,Boeing,2019,"18,981 hrs","8,378 cycles",GEnx-1B,"4,241 hrs","2,003 cycles",Fresh C-Check,MSG-3,Owned,North America,Yes,No,None,Fair,296 seats,2 ADs,41,48.7,"1,984 kg/hr",91847000.0,96615000.0,95912000.0
ATR 72-600,atr,2016,"27,347 hrs","14,932 cycles",PW127M,546 hrs,401 cycles,Fresh D-Check,MSG-3,Owned,North America,Yes,Yes,None,Fair,70 seats,1 ADs,41,55.8,"2,230 kg/hr",21344000.0,15383000.0,15136000.0
CRJ900,bombardier,2021,"10,250 hrs","8,574 cycles",CF34-8C5,209 hrs,125 cycles,C-Check Due,MSG-3,On Lease,Africa,No,Yes,None,Good,76 seats,3 ADs,55,66.7,"1,956 kg/hr",24790000.0,21150000.0,25358000.0
E175,Embraer,2015,"21,649 hrs","10,860 cycles",CF34-8E,"5,163 hrs","3,679 cycles",C-Check Due,MSG-3,Owned,Middle East,Yes,Yes,None,Excellent,76 seats,2 ADs,43,47.8,"4,513 kg/hr",20530000.0,17155000.0,16778000.0
E175,Embraer,2008,"47,569 hrs","22,825 cycles",CF34-8E,"2,679 hrs","1,149 cycles",C-Check Due,MSG-3,On Lease,Asia-Pacific,No,Yes,None,Fair,76 seats,3 ADs,47,58.7,"3,141 kg/hr",11069000.0,9574000.0,9665000.0
737-800,boeing,2012,"41,149 hrs","19,707 cycles",CFM56-7B,"8,928 hrs","4,268 cycles",Fresh D-Check,MSG-3,On Lease,Europe,No,Yes,Minor,Good,189 seats,2 ADs,24,78.7,"2,397 kg/hr",21963000.0,20252000.0,22765000.0
A330-300,AIRBUS,2010,"63,211 hrs","41,631 cycles",CF6-80E1,"6,756 hrs","3,447 cycles",Fresh C-Check,Hourly Inspection,On Lease,Europe,Yes,Yes,None,Good,277 seats,1 ADs,35,62.1,"1,486 kg/hr",42358000.0,33081000.0,31123000.0
747-8F,Boeing,2018,"13,230 hrs","8,564 cycles",GEnx-2B,"7,455 hrs","4,653 cycles",C-Check Due,MSG-3,On Lease,Europe,Yes,No,Minor,Good,Freighter (0 seats),1 ADs,18,41.8,"4,544 kg/hr",91977000.0,99582000.0,97922000.0
A320-200,AIRBUS,2020,"12,062 hrs","6,151 cycles",V2500,"2,267 hrs",950 cycles,Fresh C-Check,OEM Managed,Off Lease,Asia-Pacific,Yes,Yes,None,Fair,180 seats,Not Reported,1,57.2,"2,758 kg/hr",36877000.0,38972000.0,38463000.0
CRJ900,Bombardier,2015,"31,773 hrs","21,572 cycles",CF34-8C5,"2,592 hrs","1,775 cycles",C-Check Due,OEM Managed,On Lease,Europe,Yes,No,None,Good,76 seats,2 ADs,4,43.9,"2,712 kg/hr",16052000.0,13763000.0,12922000.0
A320neo,AIRBUS,2011,"38,405 hrs","25,789 cycles",PW1100G,"5,430 hrs","2,836 cycles",Fresh C-Check,MSG-3,On Lease,North America,No,No,None,Good,180 seats,2 ADs,7,81.5,"1,788 kg/hr",34451000.0,25584000.0,25583000.0
A330-300,Airbus,2010,"44,828 hrs","27,834 cycles",PW4000,"1,637 hrs",707 cycles,D-Check Due,MSG-3,On Lease,Africa,Yes,No,None,Fair,277 seats,2 ADs,30,31.9,"2,558 kg/hr",34004000.0,30090000.0,32246000.0
777-300ER,boeing,2014,"38,252 hrs","26,308 cycles",GE90-115B,"7,944 hrs","4,140 cycles",Fresh C-Check,Hourly Inspection,On Lease,Latin America,Yes,Yes,None,Good,396 seats,0 ADs,21,51.7,"2,765 kg/hr",54099000.0,65400000.0,67673000.0
CRJ900,Bombardier,2001,"71,082 hrs","48,110 cycles",CF34-8C5,"1,146 hrs",601 cycles,D-Check Due,MSG-3,Owned,North America,Yes,No,None,Good,76 seats,Not Reported,42,47.0,"2,061 kg/hr",4872000.0,4855000.0,4704000.0
747-8F,BOEING,2010,"27,543 hrs","17,802 cycles",GEnx-2B,"1,499 hrs","1,105 cycles",Fresh C-Check,OEM Managed,On Lease,Middle East,Yes,No,None,Poor,Freighter (0 seats),0 ADs,1,79.9,"1,398 kg/hr",83703000.0,77062000.0,80437000.0
737 MAX 8,boeing,1998,"83,675 hrs","59,490 cycles",LEAP-1B,"5,049 hrs","2,589 cycles",Fresh C-Check,MSG-3,Owned,Latin America,Yes,No,None,Good,178 seats,Not Reported,35,24.7,"1,608 kg/hr",8573000.0,8537000.0,8098000.0
A320neo,Airbus,2010,"30,237 hrs","20,231 cycles",PW1100G,"8,619 hrs","4,384 cycles",C-Check Due,Hourly Inspection,Off Lease,Africa,No,Yes,None,Fair,180 seats,0 ADs,36,43.5,"3,954 kg/hr",21621000.0,21819000.0,21519000.0
ATR 72-600,atr,2020,"17,078 hrs","7,447 cycles",PW127M,"1,724 hrs",729 cycles,Fresh C-Check,Hourly Inspection,On Lease,North America,Yes,No,None,Good,70 seats,0 ADs,2,28.0,"3,811 kg/hr",16714000.0,18691000.0,18459000.0
ATR 72-600,ATR,2022,"5,555 hrs","3,832 cycles",PW127M,"3,293 hrs","1,574 cycles",C-Check Due,MSG-3,Owned,Europe,Yes,Yes,None,Fair,70 seats,0 ADs,16,47.9,"1,068 kg/hr",25600000.0,20753000.0,19264000.0
A320neo,Airbus,2019,"21,740 hrs","11,577 cycles",LEAP-1A,"4,777 hrs","2,674 cycles",D-Check Due,OEM Managed,Owned,Europe,No,Yes,None,Good,180 seats,1 ADs,25,34.1,"1,004 kg/hr",32854000.0,30322000.0,30496000.0
A350-900,AIRBUS,2019,"14,982 hrs","5,858 cycles",Trent XWB,"6,349 hrs","3,809 cycles",Fresh C-Check,MSG-3,Off Lease,North America,Yes,No,Minor,Good,325 seats,1 ADs,48,54.5,"2,972 kg/hr",110644000.0,101321000.0,97721000.0
737 MAX 8,Boeing,2015,"35,701 hrs","13,896 cycles",LEAP-1B,"6,001 hrs","3,716 cycles",C-Check Due,MSG-3,On Lease,Middle East,Yes,No,None,Excellent,178 seats,1 ADs,59,63.4,"2,141 kg/hr",27864000.0,26452000.0,28113000.0
A350-900,Airbus,2010,"36,491 hrs","20,250 cycles",Trent XWB,"5,993 hrs","3,804 cycles",C-Check Due,MSG-3,On Lease,Africa,No,No,None,Fair,325 seats,1 ADs,52,30.0,"3,836 kg/hr",49115000.0,47252000.0,51021000.0
ATR 72-600,atr,2020,"14,592 hrs","7,328 cycles",PW127M,"6,743 hrs","3,019 cycles",D-Check Due,Hourly Inspection,Off Lease,Latin America,Yes,Yes,None,Fair,70 seats,1 ADs,13,20.3,"2,779 kg/hr",13326000.0,14184000.0,12725000.0
787-9,BOEING,2005,"50,750 hrs","24,308 cycles",Trent 1000,"3,118 hrs","2,200 cycles",Fresh C-Check,MSG-3,On Lease,Latin America,Yes,Yes,None,Fair,296 seats,3 ADs,13,40.7,"1,527 kg/hr",47988000.0,37611000.0,40232000.0
747-8F,boeing,2002,"62,275 hrs","43,364 cycles",GEnx-2B,"4,477 hrs","2,089 cycles",D-Check Due,MSG-3,On Lease,Africa,No,Yes,None,Good,Freighter (0 seats),Not Reported,47,55.8,"1,523 kg/hr",32634000.0,27523000.0,30626000.0
747-8F,Boeing,2008,"51,963 hrs","28,334 cycles",GEnx-2B,"8,299 hrs","4,518 cycles",Fresh D-Check,Hourly Inspection,On Lease,Middle East,No,Yes,Minor,Good,Freighter (0 seats),0 ADs,36,52.7,"1,795 kg/hr",56042000.0,54860000.0,47902000.0
A350-900,Airbus,2001,"47,816 hrs","20,352 cycles",Trent XWB,53 hrs,24 cycles,D-Check Due,Hourly Inspection,On Lease,Africa,Yes,Yes,None,Good,325 seats,2 ADs,3,55.7,"3,509 kg/hr",24622000.0,32094000.0,29922000.0
ATR 72-600,ATR,2012,"38,444 hrs","16,456 cycles",PW127M,"3,487 hrs","2,040 cycles",D-Check Due,MSG-3,Owned,North America,Yes,No,Minor,Fair,70 seats,2 ADs,5,81.2,"3,490 kg/hr",9946000.0,8745000.0,8595000.0
747-8F,BOEING,2019,"14,799 hrs","10,002 cycles",GEnx-2B,"5,671 hrs","2,589 cycles",Fresh D-Check,Hourly Inspection,On Lease,Asia-Pacific,Yes,No,Minor,Good,Freighter (0 seats),1 ADs,19,41.0,"2,907 kg/hr",145333000.0,124142000.0,115328000.0
A330-300,airbus,2021,"11,717 hrs","2,832 cycles",Trent 700,"8,458 hrs","2,832 cycles",C-Check Due,MSG-3,Owned,North America,Yes,Yes,None,Excellent,277 seats,1 ADs,59,47.9,"2,322 kg/hr",77401000.0,77939000.0,78938000.0
747-8F,Boeing,2005,"51,513 hrs","33,189 cycles",GEnx-2B,"2,050 hrs",924 cycles,C-Check Due,MSG-3,On Lease,Asia-Pacific,Yes,Yes,None,Good,Freighter (0 seats),2 ADs,12,52.2,"1,422 kg/hr",46987000.0,45100000.0,46860000.0
ATR 72-600,ATR,2018,"22,644 hrs","15,248 cycles",PW127M,"4,607 hrs","2,391 cycles",Fresh D-Check,MSG-3,Off Lease,Europe,Yes,Yes,None,Good,70 seats,3 ADs,36,29.1,900 kg/hr,13866000.0,16747000.0,15511000.0
737-800,boeing,2010,"44,430 hrs","22,582 cycles",CFM56-7B,"4,326 hrs","3,265 cycles",Fresh D-Check,MSG-3,Off Lease,North America,Yes,Yes,None,Fair,189 seats,2 ADs,54,52.4,"2,614 kg/hr",21004000.0,17833000.0,18763000.0
CRJ900,Bombardier,2006,"45,486 hrs","30,228 cycles",CF34-8C5,"4,393 hrs","3,161 cycles",C-Check Due,MSG-3,Off Lease,North America,No,Yes,Minor,Fair,76 seats,0 ADs,54,91.5,"3,326 kg/hr",9078000.0,7878000.0,8167000.0
E175,Embraer,2011,"29,011 hrs","23,427 cycles",CF34-8E,"7,141 hrs","2,983 cycles",C-Check Due,MSG-3,On Lease,Africa,Yes,No,None,Fair,76 seats,1 ADs,5,29.1,"2,203 kg/hr",13769000.0,12245000.0,12574000.0
787-9,Boeing,2022,"10,295 hrs","4,186 cycles",GEnx-1B,"7,741 hrs","3,936 cycles",Fresh C-Check,Hourly Inspection,On Lease,Europe,No,No,None,Good,296 seats,1 ADs,43,51.4,"3,060 kg/hr",135317000.0,124996000.0,133374000.0
787-9,BOEING,2000,"60,922 hrs","27,415 cycles",Trent 1000,"1,168 hrs",534 cycles,D-Check Due,MSG-3,Owned,Latin America,Yes,No,None,Good,296 seats,0 ADs,37,41.0,"2,431 kg/hr",25394000.0,22903000.0,23009000.0
747-8F,BOEING,2012,"41,981 hrs","20,737 cycles",GEnx-2B,"4,963 hrs","3,586 cycles",Fresh C-Check,Hourly Inspection,Off Lease,Africa,No,No,None,Good,Freighter (0 seats),Not Reported,16,55.0,"3,070 kg/hr",86543000.0,63687000.0,69494000.0
787-9,BOEING,2011,"38,940 hrs","25,020 cycles",Trent 1000,"4,111 hrs","1,874 cycles",D-Check Due,Hourly Inspection,On Lease,North America,Yes,No,Minor,Fair,296 seats,2 ADs,47,25.0,"1,994 kg/hr",48468000.0,41345000.0,44164000.0
A350-900,Airbus,2006,"49,843 hrs","25,884 cycles",Trent XWB,"6,947 hrs","3,184 cycles",Fresh C-Check,Hourly Inspection,Owned,Middle East,Yes,No,None,Excellent,325 seats,1 ADs,53,12.1,"2,487 kg/hr",39023000.0,37062000.0,38450000.0
A320-200,AIRBUS,2015,"29,424 hrs","13,585 cycles",V2500,"5,198 hrs","3,004 cycles",Fresh D-Check,Hourly Inspection,On Lease,North America,Yes,Yes,None,Good,180 seats,2 ADs,41,66.8,"2,828 kg/hr",34210000.0,31021000.0,30716000.0
737-800,BOEING,2022,"9,465 hrs","6,863 cycles",CFM56-7B,"5,679 hrs","3,450 cycles",Fresh C-Check,OEM Managed,Off Lease,Latin America,Yes,No,Minor,Excellent,189 seats,1 ADs,20,49.0,"2,469 kg/hr",48942000.0,37442000.0,40820000.0
777-300ER,BOEING,1998,"53,794 hrs","42,003 cycles",GE90-115B,"6,763 hrs","4,454 cycles",Fresh C-Check,Hourly Inspection,On Lease,Europe,Yes,No,None,Good,396 seats,6 ADs,38,40.7,"2,940 kg/hr",24733000.0,23662000.0,26064000.0
777-300ER,boeing,2016,"21,278 hrs","12,822 cycles",GE90-115B,"2,727 hrs","1,873 cycles",Fresh D-Check,OEM Managed,On Lease,North America,No,No,None,Fair,396 seats,1 ADs,36,70.3,"2,789 kg/hr",77294000.0,91364000.0,81019000.0
E175,embraer,1999,"51,541 hrs","28,545 cycles",CF34-8E,"6,416 hrs","2,716 cycles",D-Check Due,MSG-3,On Lease,Europe,Yes,No,None,Fair,76 seats,Not Reported,38,57.9,"3,257 kg/hr",5983000.0,5714000.0,5243000.0
737 MAX 8,BOEING,2004,"37,989 hrs","23,031 cycles",LEAP-1B,"2,384 hrs","1,685 cycles",Fresh C-Check,MSG-3,On Lease,North America,No,No,None,Fair,178 seats,2 ADs,26,25.5,"2,042 kg/hr",16348000.0,14665000.0,14335000.0
737 MAX 8,Boeing,2011,"41,022 hrs","20,750 cycles",LEAP-1B,"6,256 hrs","3,239 cycles",C-Check Due,Hourly Inspection,Owned,Middle East,Yes,No,None,Fair,178 seats,0 ADs,55,38.5,"1,526 kg/hr",19058000.0,19707000.0,18465000.0
A320-200,AIRBUS,1998,"63,549 hrs","33,925 cycles",CFM56-5B,"4,819 hrs","2,308 cycles",C-Check Due,OEM Managed,Owned,Middle East,Yes,No,None,Excellent,180 seats,2 ADs,18,55.0,"3,370 kg/hr",7065000.0,8538000.0,7646000.0
747-8F,BOEING,2004,"81,840 hrs","45,833 cycles",GEnx-2B,"7,453 hrs","4,652 cycles",Fresh D-Check,MSG-3,On Lease,Europe,Yes,No,None,Good,Freighter (0 seats),1 ADs,48,72.3,"2,487 kg/hr",37733000.0,43550000.0,41924000.0
CRJ900,bombardier,2000,"89,350 hrs","38,508 cycles",CF34-8C5,"1,221 hrs",860 cycles,C-Check Due,MSG-3,Owned,Europe,No,Yes,None,Fair,76 seats,1 ADs,48,79.5,"2,271 kg/hr",5733000.0,5310000.0,5185000.0
787-9,Boeing,2013,"36,428 hrs","14,599 cycles",Trent 1000,"7,140 hrs","3,450 cycles",Fresh D-Check,Hourly Inspection,On Lease,Africa,Yes,No,Minor,Fair,296 seats,1 ADs,37,43.6,"2,591 kg/hr",75585000.0,65585000.0,64451000.0
777-300ER,boeing,2006,"43,785 hrs","20,839 cycles",GE90-115B,"2,899 hrs","1,280 cycles",Fresh D-Check,MSG-3,Off Lease,Latin America,No,Yes,None,Good,396 seats,1 ADs,47,37.8,"3,639 kg/hr",45285000.0,40189000.0,42678000.0
747-8F,boeing,1998,"68,573 hrs","34,037 cycles",GEnx-2B,"1,401 hrs",732 cycles,Fresh C-Check,MSG-3,Off Lease,Africa,No,Yes,None,Fair,Freighter (0 seats),3 ADs,6,71.6,"2,309 kg/hr",30252000.0,27335000.0,26742000.0
A320-200,Airbus,2009,"57,186 hrs","37,116 cycles",V2500,"4,190 hrs","2,873 cycles",Fresh D-Check,Hourly Inspection,On Lease,Asia-Pacific,Yes,No,None,Fair,180 seats,1 ADs,27,50.9,"1,078 kg/hr",16796000.0,16235000.0,14763000.0
ATR 72-600,ATR,1998,"90,157 hrs","53,894 cycles",PW127M,"4,748 hrs","1,997 cycles",Fresh D-Check,MSG-3,On Lease,Asia-Pacific,No,No,None,Good,70 seats,0 ADs,47,57.5,"3,472 kg/hr",5374000.0,4886000.0,5421000.0
ATR 72-600,ATR,2006,"65,768 hrs","29,820 cycles",PW127M,"5,183 hrs","3,315 cycles",D-Check Due,Hourly Inspection,Off Lease,Africa,Yes,No,None,Good,70 seats,1 ADs,7,50.4,"2,781 kg/hr",5712000.0,5234000.0,5081000.0
A320-200,Airbus,2019,"18,165 hrs","9,420 cycles",CFM56-5B,"6,852 hrs","3,707 cycles",D-Check Due,MSG-3,On Lease,Asia-Pacific,No,No,None,Good,180 seats,2 ADs,38,71.6,"3,305 kg/hr",27184000.0,31132000.0,30331000.0
E175,Embraer,2002,"62,402 hrs","29,335 cycles",CF34-8E,"2,032 hrs","1,185 cycles",C-Check Due,MSG-3,Off Lease,Latin America,Yes,No,None,Fair,76 seats,1 ADs,53,35.2,"2,678 kg/hr",6586000.0,6051000.0,5956000.0
747-8F,Boeing,2003,"55,721 hrs","31,463 cycles",GEnx-2B,"5,674 hrs","2,708 cycles",C-Check Due,MSG-3,Owned,Africa,Yes,No,None,Excellent,Freighter (0 seats),0 ADs,49,50.2,"1,999 kg/hr",25908000.0,36051000.0,36028000.0
747-8F,BOEING,2022,"8,048 hrs","8,220 cycles",GEnx-2B,"6,944 hrs","4,822 cycles",C-Check Due,Hourly Inspection,On Lease,Asia-Pacific,Yes,No,None,Good,Freighter (0 seats),2 ADs,38,48.1,"1,745 kg/hr",139712000.0,138642000.0,134679000.0
ATR 72-600,atr,2000,"51,808 hrs","22,439 cycles",PW127M,"6,261 hrs","3,880 cycles",D-Check Due,MSG-3,Owned,Asia-Pacific,Yes,Yes,None,Good,70 seats,0 ADs,17,51.3,"3,065 kg/hr",4488000.0,4747000.0,4275000.0
777-300ER,BOEING,2002,"80,469 hrs","46,269 cycles",GE90-115B,"2,915 hrs","1,379 cycles",D-Check Due,Hourly Inspection,On Lease,Asia-Pacific,Yes,No,None,Good,396 seats,3 ADs,44,78.3,"3,693 kg/hr",27070000.0,25370000.0,27458000.0
737-800,BOEING,2021,"10,950 hrs","9,026 cycles",CFM56-7B,"1,161 hrs",591 cycles,D-Check Due,MSG-3,On Lease,Middle East,No,Yes,Minor,Good,189 seats,0 ADs,23,26.3,"3,723 kg/hr",30083000.0,31638000.0,32609000.0
A350-900,Airbus,2007,"66,414 hrs","35,965 cycles",Trent XWB,"1,470 hrs",875 cycles,Fresh C-Check,MSG-3,On Lease,Asia-Pacific,No,No,None,Good,325 seats,0 ADs,16,59.9,"1,760 kg/hr",46248000.0,39511000.0,41942000.0
CRJ900,Bombardier,2021,"13,102 hrs","6,010 cycles",CF34-8C5,"1,745 hrs",777 cycles,D-Check Due,MSG-3,Off Lease,Europe,No,Yes,Minor,Good,76 seats,1 ADs,7,80.1,"2,645 kg/hr",21683000.0,19626000.0,20653000.0
E175,embraer,2016,"24,641 hrs","14,825 cycles",CF34-8E,"1,415 hrs","1,011 cycles",Fresh D-Check,MSG-3,On Lease,Latin America,No,No,None,Good,76 seats,2 ADs,11,53.6,"1,673 kg/hr",23681000.0,21882000.0,20451000.0
ATR 72-600,ATR,2006,"53,946 hrs","22,530 cycles",PW127M,"4,926 hrs","2,897 cycles",C-Check Due,MSG-3,Owned,Middle East,Yes,No,None,Excellent,70 seats,2 ADs,10,15.8,"2,903 kg/hr",6944000.0,5677000.0,5979000.0
A330-300,airbus,2021,"9,337 hrs","4,094 cycles",CF6-80E1,811 hrs,424 cycles,D-Check Due,MSG-3,Owned,Europe,Yes,No,None,Good,277 seats,1 ADs,37,48.3,"3,587 kg/hr",74165000.0,75679000.0,69632000.0
777-300ER,Boeing,2000,"78,002 hrs","41,512 cycles",GE90-115B,"5,567 hrs","3,500 cycles",Fresh C-Check,Hourly Inspection,On Lease,Africa,No,No,None,Good,396 seats,2 ADs,49,75.7,"2,010 kg/hr",25520000.0,26274000.0,26803000.0
A330-300,AIRBUS,2014,"36,630 hrs","26,118 cycles",CF6-80E1,"4,103 hrs","2,124 cycles",D-Check Due,MSG-3,On Lease,Middle East,Yes,No,Minor,Good,277 seats,1 ADs,49,26.3,"2,573 kg/hr",42505000.0,35923000.0,39431000.0
E175,Embraer,2002,"68,462 hrs","35,450 cycles",CF34-8E,"3,577 hrs","1,809 cycles",C-Check Due,Hourly Inspection,On Lease,Middle East,No,No,None,Excellent,76 seats,0 ADs,39,52.6,"3,625 kg/hr",7579000.0,6376000.0,6563000.0
737-800,Boeing,2016,"21,144 hrs","14,280 cycles",CFM56-7B,"5,489 hrs","4,121 cycles",Fresh D-Check,MSG-3,Owned,North America,No,No,Minor,Poor,189 seats,1 ADs,0,67.6,"3,447 kg/hr",31805000.0,28781000.0,27223000.0
A330-300,airbus,2011,"41,814 hrs","30,621 cycles",PW4000,"3,551 hrs","2,215 cycles",Fresh C-Check,Hourly Inspection,Off Lease,Asia-Pacific,No,Yes,None,Good,277 seats,0 ADs,13,30.5,"2,198 kg/hr",42841000.0,36721000.0,35688000.0
777-300ER,BOEING,2003,"67,718 hrs","49,181 cycles",GE90-115B,"1,206 hrs",847 cycles,C-Check Due,MSG-3,Owned,Latin America,Yes,Yes,None,Good,396 seats,1 ADs,24,80.5,"1,544 kg/hr",29706000.0,29683000.0,30311000.0
737-800,Boeing,2005,"47,161 hrs","22,713 cycles",CFM56-7B,"8,988 hrs","5,349 cycles",Fresh C-Check,OEM Managed,Owned,North America,Yes,No,None,Good,189 seats,2 ADs,3,62.3,"2,773 kg/hr",13905000.0,14094000.0,14345000.0
777-300ER,BOEING,2019,"21,277 hrs","16,144 cycles",GE90-115B,"5,137 hrs","3,498 cycles",C-Check Due,MSG-3,On Lease,Africa,Yes,No,None,Fair,396 seats,1 ADs,33,56.4,"2,927 kg/hr",77631000.0,78517000.0,89886000.0
A320-200,Airbus,2017,"18,363 hrs","10,020 cycles",V2500,"8,084 hrs","4,040 cycles",D-Check Due,Hourly Inspection,On Lease,Africa,No,Yes,None,Fair,180 seats,1 ADs,35,65.7,"2,204 kg/hr",31787000.0,27528000.0,27462000.0
A320-200,AIRBUS,2017,"20,100 hrs","10,708 cycles",CFM56-5B,"4,258 hrs","2,936 cycles",C-Check Due,Hourly Inspection,On Lease,Middle East,No,No,Major,Excellent,180 seats,1 ADs,2,61.5,"3,291 kg/hr",18756000.0,24303000.0,23776000.0
A320-200,AIRBUS,2009,"34,450 hrs","16,349 cycles",CFM56-5B,"2,794 hrs","1,712 cycles",Fresh C-Check,OEM Managed,On Lease,Europe,Yes,No,None,Poor,180 seats,2 ADs,32,89.2,"3,390 kg/hr",18745000.0,21628000.0,20564000.0
E175,Embraer,2009,"35,201 hrs","20,331 cycles",CF34-8E,"7,212 hrs","3,076 cycles",Fresh C-Check,MSG-3,On Lease,Africa,No,Yes,None,Good,76 seats,0 ADs,55,25.1,"2,130 kg/hr",10448000.0,12588000.0,10580000.0
A330-300,Airbus,2010,"51,049 hrs","26,096 cycles",CF6-80E1,"6,404 hrs","4,432 cycles",Fresh C-Check,MSG-3,Owned,Latin America,No,No,Major,Excellent,277 seats,0 ADs,35,44.2,"2,151 kg/hr",32053000.0,28735000.0,26443000.0
A330-300,AIRBUS,2015,"25,256 hrs","19,304 cycles",Trent 700,"7,595 hrs","3,523 cycles",C-Check Due,MSG-3,On Lease,Europe,No,No,None,Good,277 seats,1 ADs,45,47.2,"1,481 kg/hr",48644000.0,51466000.0,54949000.0
CRJ900,bombardier,2019,"22,892 hrs","9,995 cycles",CF34-8C5,"6,705 hrs","4,975 cycles",C-Check Due,MSG-3,On Lease,Africa,Yes,No,None,Excellent,76 seats,1 ADs,12,84.1,"2,085 kg/hr",21640000.0,20623000.0,21206000.0
A320-200,AIRBUS,2002,"56,573 hrs","42,289 cycles",CFM56-5B,"6,523 hrs","3,658 cycles",C-Check Due,OEM Managed,On Lease,Europe,No,No,None,Poor,180 seats,3 ADs,14,96.1,"1,821 kg/hr",9665000.0,10833000.0,10414000.0
CRJ900,Bombardier,2022,"7,022 hrs","4,390 cycles",CF34-8C5,388 hrs,175 cycles,C-Check Due,OEM Managed,On Lease,Latin America,Yes,No,None,Good,76 seats,0 ADs,10,37.1,"1,498 kg/hr",25242000.0,22644000.0,22997000.0
A330-300,airbus,2015,"19,295 hrs","10,238 cycles",PW4000,"1,633 hrs",976 cycles,C-Check Due,MSG-3,Off Lease,Latin America,Yes,Yes,Minor,Fair,277 seats,1 ADs,15,44.2,"4,584 kg/hr",55719000.0,51114000.0,52164000.0
A320-200,Airbus,1999,"78,975 hrs","34,969 cycles",CFM56-5B,"7,830 hrs","4,592 cycles",C-Check Due,Hourly Inspection,Owned,Asia-Pacific,Yes,No,None,Good,180 seats,0 ADs,36,51.0,"2,051 kg/hr",8723000.0,8672000.0,8040000.0
E175,Embraer,1999,"74,938 hrs","34,685 cycles",CF34-8E,"8,810 hrs","4,248 cycles",Fresh D-Check,Hourly Inspection,On Lease,Middle East,Yes,No,None,Good,76 seats,0 ADs,28,81.9,"3,379 kg/hr",6947000.0,6856000.0,6920000.0
777-300ER,BOEING,2013,"40,335 hrs","17,308 cycles",GE90-115B,"2,635 hrs","1,878 cycles",Fresh C-Check,OEM Managed,On Lease,Middle East,No,No,None,Fair,396 seats,2 ADs,4,51.2,900 kg/hr,62661000.0,56028000.0,57202000.0
737-800,boeing,2011,"47,560 hrs","19,014 cycles",CFM56-7B,"2,565 hrs","1,081 cycles",C-Check Due,MSG-3,Owned,Middle East,No,No,None,Good,189 seats,0 ADs,14,42.2,"2,863 kg/hr",16044000.0,17259000.0,16497000.0
777-300ER,boeing,2007,"62,720 hrs","50,367 cycles",GE90-115B,"7,413 hrs","4,879 cycles",C-Check Due,MSG-3,Owned,Middle East,Yes,Yes,None,Fair,396 seats,0 ADs,31,25.3,"1,526 kg/hr",26855000.0,27991000.0,29809000.0
737-800,boeing,2006,"44,508 hrs","21,297 cycles",CFM56-7B,902 hrs,422 cycles,C-Check Due,MSG-3,On Lease,Asia-Pacific,No,No,None,Excellent,189 seats,1 ADs,37,82.6,"1,291 kg/hr",16723000.0,16327000.0,14834000.0
747-8F,Boeing,2016,"35,913 hrs","17,077 cycles",GEnx-2B,"4,498 hrs","2,234 cycles",C-Check Due,MSG-3,Owned,North America,Yes,Yes,None,Good,Freighter (0 seats),2 ADs,11,58.3,"2,074 kg/hr",89647000.0,85040000.0,82370000.0
787-9,Boeing,2017,"17,832 hrs","7,956 cycles",Trent 1000,"1,611 hrs",877 cycles,Fresh D-Check,Hourly Inspection,Owned,Africa,Yes,No,None,Good,296 seats,1 ADs,18,52.9,"3,456 kg/hr",109599000.0,103919000.0,112527000.0
A350-900,AIRBUS,2018,"21,879 hrs","13,917 cycles",Trent XWB,"3,787 hrs","1,978 cycles",Fresh D-Check,MSG-3,Owned,Africa,Yes,No,None,Excellent,325 seats,0 ADs,9,39.0,"2,506 kg/hr",86232000.0,110076000.0,105975000.0
777-300ER,Boeing,2017,"13,534 hrs","9,697 cycles",GE90-115B,"8,725 hrs","3,998 cycles",Fresh D-Check,MSG-3,Owned,North America,No,No,None,Fair,396 seats,1 ADs,43,26.0,953 kg/hr,74484000.0,77200000.0,79785000.0
A320neo,airbus,2010,"57,126 hrs","29,759 cycles",PW1100G,"2,553 hrs","1,220 cycles",D-Check Due,Hourly Inspection,On Lease,Europe,Yes,Yes,Major,Good,180 seats,Not Reported,9,67.8,"1,917 kg/hr",12287000.0,13350000.0,13356000.0
ATR 72-600,atr,2004,"67,169 hrs","30,935 cycles",PW127M,"6,038 hrs","2,607 cycles",C-Check Due,OEM Managed,Owned,Latin America,Yes,No,None,Good,70 seats,2 ADs,19,51.9,"1,688 kg/hr",6119000.0,5035000.0,5171000.0
777-300ER,BOEING,2020,"15,950 hrs","6,908 cycles",GE90-115B,"6,286 hrs","3,593 cycles",Fresh C-Check,MSG-3,Owned,Africa,Yes,Yes,None,Good,396 seats,1 ADs,42,56.1,"3,822 kg/hr",103753000.0,108208000.0,91396000.0
CRJ900,Bombardier,2018,"19,613 hrs","9,559 cycles",CF34-8C5,"5,688 hrs","2,700 cycles",Fresh C-Check,MSG-3,Off Lease,Middle East,No,No,None,Excellent,76 seats,0 ADs,31,36.5,"2,024 kg/hr",16188000.0,17082000.0,19070000.0
ATR 72-600,ATR,2000,"63,089 hrs","27,950 cycles",PW127M,"2,171 hrs","1,167 cycles",D-Check Due,MSG-3,Off Lease,Europe,No,No,None,Good,70 seats,0 ADs,32,36.3,"2,652 kg/hr",4868000.0,3532000.0,3745000.0
737-800,Boeing,2003,"68,689 hrs","35,224 cycles",CFM56-7B,"5,598 hrs","2,370 cycles",Fresh D-Check,MSG-3,On Lease,Latin America,No,No,Minor,Good,189 seats,1 ADs,55,44.3,"3,235 kg/hr",11522000.0,10540000.0,10967000.0
A320neo,AIRBUS,2022,"10,144 hrs","4,439 cycles",LEAP-1A,"3,315 hrs","2,052 cycles",C-Check Due,MSG-3,Owned,Latin America,No,No,None,Excellent,180 seats,1 ADs,19,32.3,"2,214 kg/hr",52151000.0,42849000.0,45496000.0
A350-900,AIRBUS,2013,"23,980 hrs","10,614 cycles",Trent XWB,"8,150 hrs","5,124 cycles",D-Check Due,OEM Managed,Owned,Asia-Pacific,Yes,Yes,None,Good,325 seats,0 ADs,57,51.5,"3,114 kg/hr",67757000.0,61677000.0,71707000.0
777-300ER,Boeing,2012,"36,948 hrs","23,497 cycles",GE90-115B,"5,259 hrs","2,734 cycles",Fresh C-Check,MSG-3,Owned,Middle East,No,No,None,Excellent,396 seats,1 ADs,33,49.5,"2,345 kg/hr",61842000.0,56757000.0,56770000.0
E175,Embraer,2017,"21,282 hrs","14,737 cycles",CF34-8E,887 hrs,643 cycles,Fresh C-Check,MSG-3,Owned,Middle East,No,No,None,Good,76 seats,0 ADs,19,45.3,"2,038 kg/hr",18451000.0,20566000.0,19153000.0
747-8F,Boeing,2017,"21,088 hrs","14,368 cycles",GEnx-2B,"6,702 hrs","3,153 cycles",C-Check Due,Hourly Inspection,On Lease,Latin America,No,Yes,None,Good,Freighter (0 seats),2 ADs,26,43.6,"3,336 kg/hr",86603000.0,98125000.0,97010000.0
A350-900,Airbus,2021,"11,239 hrs","6,878 cycles",Trent XWB,"8,886 hrs","4,283 cycles",C-Check Due,OEM Managed,On Lease,Asia-Pacific,Yes,No,Minor,Excellent,325 seats,1 ADs,36,76.3,"4,093 kg/hr",115017000.0,123022000.0,100943000.0
777-300ER,BOEING,2006,"42,071 hrs","20,554 cycles",GE90-115B,"3,865 hrs","2,896 cycles",Fresh C-Check,MSG-3,On Lease,Asia-Pacific,No,No,None,Good,396 seats,1 ADs,36,87.2,"1,788 kg/hr",51748000.0,45797000.0,47201000.0
A320neo,AIRBUS,1998,"67,752 hrs","46,101 cycles",PW1100G,"7,898 hrs","3,453 cycles",C-Check Due,Hourly Inspection,On Lease,Africa,No,No,None,Good,180 seats,0 ADs,14,36.3,"3,311 kg/hr",9675000.0,8911000.0,8583000.0
A320-200,Airbus,2017,"24,975 hrs","16,744 cycles",CFM56-5B,"8,726 hrs","4,955 cycles",D-Check Due,OEM Managed,On Lease,Europe,Yes,No,None,Good,180 seats,1 ADs,9,38.2,"3,420 kg/hr",26711000.0,24109000.0,25787000.0
777-300ER,Boeing,2011,"42,039 hrs","21,718 cycles",GE90-115B,288 hrs,136 cycles,Fresh C-Check,MSG-3,Owned,Asia-Pacific,No,Yes,None,Fair,396 seats,2 ADs,42,53.5,"2,739 kg/hr",55734000.0,52186000.0,46706000.0
A330-300,AIRBUS,2016,"28,084 hrs","19,537 cycles",PW4000,7 hrs,4 cycles,Fresh C-Check,MSG-3,On Lease,Europe,Yes,No,None,Good,277 seats,3 ADs,0,43.8,"2,727 kg/hr",58684000.0,58114000.0,56671000.0
A350-900,AIRBUS,1999,"69,286 hrs","51,744 cycles",Trent XWB,"7,837 hrs","4,801 cycles",Fresh C-Check,MSG-3,Off Lease,Latin America,No,No,None,Good,325 seats,0 ADs,24,67.1,"4,581 kg/hr",27518000.0,27748000.0,28768000.0
ATR 72-600,atr,2006,"44,205 hrs","35,104 cycles",PW127M,"8,752 hrs","6,462 cycles",D-Check Due,Hourly Inspection,On Lease,Asia-Pacific,Yes,No,None,Good,70 seats,1 ADs,49,72.8,"2,877 kg/hr",7824000.0,6988000.0,6160000.0
A320neo,Airbus,1998,"78,509 hrs","43,975 cycles",PW1100G,975 hrs,475 cycles,C-Check Due,OEM Managed,Off Lease,Asia-Pacific,No,No,None,Poor,180 seats,0 ADs,41,43.3,"2,638 kg/hr",10926000.0,7859000.0,8499000.0
CRJ900,bombardier,2001,"86,723 hrs","53,438 cycles",CF34-8C5,"5,043 hrs","2,603 cycles",D-Check Due,OEM Managed,Owned,Asia-Pacific,No,Yes,None,Fair,76 seats,0 ADs,6,53.9,"1,634 kg/hr",5394000.0,4541000.0,4852000.0
CRJ900,Bombardier,2014,"33,047 hrs","15,252 cycles",CF34-8C5,"5,874 hrs","4,035 cycles",Fresh D-Check,MSG-3,Owned,Asia-Pacific,No,No,None,Fair,76 seats,5 ADs,31,65.6,"2,976 kg/hr",14111000.0,13991000.0,13867000.0
E175,embraer,2005,"29,434 hrs","22,515 cycles",CF34-8E,"3,205 hrs","1,432 cycles",C-Check Due,MSG-3,On Lease,Latin America,No,Yes,None,Good,76 seats,3 ADs,16,33.5,"3,640 kg/hr",8089000.0,10010000.0,9028000.0
ATR 72-600,atr,2010,"49,276 hrs","29,599 cycles",PW127M,"3,350 hrs","1,470 cycles",Fresh C-Check,MSG-3,On Lease,Middle East,Yes,No,None,Fair,70 seats,1 ADs,46,51.8,"1,299 kg/hr",10746000.0,8990000.0,8506000.0
CRJ900,Bombardier,2015,"26,149 hrs","16,639 cycles",CF34-8C5,"4,955 hrs","2,367 cycles",C-Check Due,MSG-3,On Lease,Africa,No,No,Minor,Excellent,76 seats,2 ADs,27,67.6,"4,109 kg/hr",13296000.0,14324000.0,15296000.0
A320-200,airbus,2021,"14,813 hrs","7,863 cycles",CFM56-5B,"2,162 hrs","1,106 cycles",Fresh D-Check,OEM Managed,Owned,Latin America,Yes,Yes,None,Excellent,180 seats,Not Reported,48,13.7,"1,829 kg/hr",44060000.0,38886000.0,39980000.0
777-300ER,boeing,2000,"79,899 hrs","54,698 cycles",GE90-115B,"2,205 hrs","1,353 cycles",Fresh C-Check,Hourly Inspection,Owned,Middle East,No,Yes,None,Excellent,396 seats,1 ADs,49,73.7,"2,999 kg/hr",26519000.0,26382000.0,28802000.0
A320neo,Airbus,2013,"31,890 hrs","21,299 cycles",PW1100G,556 hrs,368 cycles,D-Check Due,Hourly Inspection,Owned,Africa,No,Yes,Minor,Fair,180 seats,0 ADs,37,82.0,923 kg/hr,22131000.0,23011000.0,23073000.0
ATR 72-600,atr,2017,"28,337 hrs","14,025 cycles",PW127M,"6,694 hrs","3,099 cycles",Fresh D-Check,MSG-3,Off Lease,Asia-Pacific,Yes,Yes,None,Fair,70 seats,0 ADs,33,59.2,"2,416 kg/hr",14406000.0,15205000.0,15115000.0
A320-200,airbus,2007,"49,528 hrs","24,586 cycles",V2500,"3,557 hrs","1,687 cycles",C-Check Due,MSG-3,On Lease,Middle East,No,No,Minor,Fair,180 seats,0 ADs,18,85.1,"3,274 kg/hr",15637000.0,14518000.0,14789000.0
787-9,BOEING,2014,"27,855 hrs","16,919 cycles",GEnx-1B,"1,159 hrs",484 cycles,C-Check Due,Hourly Inspection,Owned,North America,No,No,Minor,Good,296 seats,0 ADs,34,82.2,"2,040 kg/hr",71848000.0,76979000.0,73314000.0
A320-200,AIRBUS,2008,"45,589 hrs","22,597 cycles",V2500,"5,236 hrs","2,403 cycles",Fresh C-Check,Hourly Inspection,Off Lease,Middle East,Yes,Yes,None,Good,180 seats,Not Reported,56,56.3,"2,587 kg/hr",16982000.0,16932000.0,17234000.0
777-300ER,boeing,2009,"38,112 hrs","27,988 cycles",GE90-115B,"4,785 hrs","3,596 cycles",Fresh C-Check,Hourly Inspection,On Lease,Africa,Yes,Yes,Minor,Excellent,396 seats,1 ADs,57,54.2,"1,983 kg/hr",53520000.0,50589000.0,49287000.0
777-300ER,Boeing,2021,"8,475 hrs","4,583 cycles",GE90-115B,"4,204 hrs","2,619 cycles",Fresh D-Check,OEM Managed,On Lease,Middle East,Yes,No,None,Fair,396 seats,0 ADs,10,74.8,"1,444 kg/hr",123490000.0,122238000.0,115014000.0
A330-300,Airbus,2011,"27,938 hrs","14,031 cycles",CF6-80E1,"1,895 hrs",959 cycles,Fresh C-Check,MSG-3,On Lease,Europe,Yes,Yes,Minor,Fair,277 seats,2 ADs,32,55.8,"4,682 kg/hr",40427000.0,46760000.0,43863000.0
A330-300,airbus,2018,"27,979 hrs","11,489 cycles",PW4000,"8,368 hrs","5,616 cycles",Fresh D-Check,MSG-3,Off Lease,Asia-Pacific,Yes,No,Minor,Good,277 seats,1 ADs,34,59.3,"2,739 kg/hr",70252000.0,64414000.0,65061000.0
A320neo,AIRBUS,2002,"75,389 hrs","36,536 cycles",LEAP-1A,"1,536 hrs",858 cycles,D-Check Due,OEM Managed,On Lease,Middle East,Yes,No,None,Fair,180 seats,0 ADs,50,52.5,"2,818 kg/hr",9914000.0,10573000.0,10322000.0
787-9,boeing,2012,"41,448 hrs","24,895 cycles",Trent 1000,"5,921 hrs","2,674 cycles",Fresh C-Check,Hourly Inspection,Off Lease,Europe,No,Yes,None,Excellent,296 seats,Not Reported,54,48.1,"1,667 kg/hr",68733000.0,62300000.0,62430000.0
787-9,Boeing,2000,"73,518 hrs","36,895 cycles",Trent 1000,"5,793 hrs","3,097 cycles",Fresh C-Check,MSG-3,Off Lease,Latin America,No,Yes,None,Excellent,296 seats,3 ADs,59,72.7,900 kg/hr,28830000.0,27252000.0,28460000.0
737 MAX 8,Boeing,1998,"78,609 hrs","39,574 cycles",LEAP-1B,"3,541 hrs","1,493 cycles",Fresh D-Check,MSG-3,Owned,Middle East,Yes,No,None,Good,178 seats,Not Reported,2,39.8,"2,837 kg/hr",9686000.0,9870000.0,10157000.0
737-800,Boeing,2009,"57,219 hrs","23,488 cycles",CFM56-7B,"6,909 hrs","4,643 cycles",Fresh C-Check,Hourly Inspection,Off Lease,North America,Yes,Yes,Minor,Fair,189 seats,1 ADs,10,40.9,"1,671 kg/hr",14734000.0,12528000.0,12809000.0
A320-200,airbus,2010,"44,152 hrs","22,821 cycles",V2500,"4,551 hrs","2,638 cycles",D-Check Due,Hourly Inspection,Off Lease,Asia-Pacific,Yes,No,Minor,Poor,180 seats,2 ADs,56,58.6,"2,929 kg/hr",13509000.0,12578000.0,12113000.0
777-300ER,boeing,2011,"37,846 hrs","16,605 cycles",GE90-115B,"3,169 hrs","2,126 cycles",D-Check Due,Hourly Inspection,On Lease,North America,No,No,Minor,Good,396 seats,0 ADs,58,62.5,"2,288 kg/hr",40363000.0,42751000.0,48426000.0
A320-200,Airbus,2011,"34,929 hrs","15,238 cycles",V2500,756 hrs,563 cycles,Fresh D-Check,Hourly Inspection,On Lease,Middle East,Yes,No,None,Excellent,180 seats,1 ADs,13,31.0,"3,035 kg/hr",23114000.0,23237000.0,23147000.0
E175,Embraer,2002,"49,331 hrs","24,311 cycles",CF34-8E,"3,019 hrs","1,465 cycles",C-Check Due,OEM Managed,Owned,Europe,Yes,No,None,Excellent,76 seats,0 ADs,51,54.5,"2,960 kg/hr",7308000.0,7387000.0,7806000.0
777-300ER,BOEING,2009,"47,338 hrs","25,782 cycles",GE90-115B,"4,132 hrs","2,173 cycles",C-Check Due,MSG-3,On Lease,Asia-Pacific,No,No,None,Excellent,396 seats,1 ADs,17,80.6,"3,087 kg/hr",44277000.0,46077000.0,43711000.0
A330-300,AIRBUS,2013,"37,925 hrs","23,866 cycles",Trent 700,"6,985 hrs","3,967 cycles",Fresh C-Check,Hourly Inspection,On Lease,Asia-Pacific,No,No,Minor,Good,277 seats,1 ADs,32,60.6,"4,103 kg/hr",48181000.0,44622000.0,43569000.0
A320neo,Airbus,2004,"32,275 hrs","18,600 cycles",LEAP-1A,"4,815 hrs","2,612 cycles",D-Check Due,MSG-3,Owned,Middle East,Yes,Yes,None,Excellent,180 seats,3 ADs,51,72.9,"4,135 kg/hr",19079000.0,16493000.0,16914000.0
A330-300,Airbus,2008,"47,645 hrs","26,051 cycles",Trent 700,"6,746 hrs","3,452 cycles",Fresh C-Check,OEM Managed,On Lease,Africa,Yes,No,None,Good,277 seats,1 ADs,32,77.6,"3,662 kg/hr",36196000.0,34005000.0,38025000.0
747-8F,Boeing,2016,"22,752 hrs","17,908 cycles",GEnx-2B,"2,747 hrs","1,352 cycles",Fresh D-Check,Hourly Inspection,Owned,Middle East,Yes,Yes,None,Excellent,Freighter (0 seats),2 ADs,34,78.5,"2,905 kg/hr",141231000.0,114313000.0,118302000.0
747-8F,Boeing,2016,"25,563 hrs","17,565 cycles",GEnx-2B,"8,330 hrs","5,947 cycles",D-Check Due,MSG-3,On Lease,Latin America,Yes,Yes,Minor,Good,Freighter (0 seats),1 ADs,52,61.2,"2,833 kg/hr",91210000.0,76054000.0,75747000.0
A350-900,Airbus,2009,"35,017 hrs","17,267 cycles",Trent XWB,"1,485 hrs",862 cycles,Fresh C-Check,Hourly Inspection,Off Lease,Asia-Pacific,No,No,None,Good,325 seats,1 ADs,51,50.2,"1,374 kg/hr",57203000.0,56879000.0,57343000.0
ATR 72-600,atr,2012,"52,115 hrs","27,148 cycles",PW127M,"3,972 hrs","1,707 cycles",C-Check Due,MSG-3,Owned,Africa,Yes,No,None,Fair,70 seats,1 ADs,13,49.9,"3,718 kg/hr",9763000.0,8454000.0,8690000.0
A330-300,airbus,2011,"39,160 hrs","28,981 cycles",Trent 700,"5,211 hrs","2,407 cycles",C-Check Due,MSG-3,Owned,North America,No,Yes,None,Excellent,277 seats,1 ADs,0,97.4,"2,853 kg/hr",46697000.0,48501000.0,45020000.0
777-300ER,boeing,2021,"11,957 hrs","8,784 cycles",GE90-115B,"4,210 hrs","2,592 cycles",Fresh C-Check,MSG-3,On Lease,North America,No,No,None,Poor,396 seats,1 ADs,57,74.6,"2,761 kg/hr",126648000.0,111044000.0,119743000.0
777-300ER,Boeing,2001,"56,067 hrs","36,481 cycles",GE90-115B,"5,058 hrs","2,141 cycles",C-Check Due,MSG-3,On Lease,North America,No,Yes,None,Poor,396 seats,3 ADs,10,61.8,"1,335 kg/hr",25504000.0,24650000.0,25924000.0
787-9,boeing,2001,"76,800 hrs","32,911 cycles",Trent 1000,"7,666 hrs","5,837 cycles",Fresh C-Check,Hourly Inspection,Owned,Asia-Pacific,No,Yes,Minor,Fair,296 seats,1 ADs,24,50.6,"2,769 kg/hr",30922000.0,24341000.0,23684000.0
777-300ER,Boeing,2002,"57,504 hrs","26,747 cycles",GE90-115B,498 hrs,379 cycles,Fresh C-Check,Hourly Inspection,Owned,Asia-Pacific,No,Yes,None,Fair,396 seats,2 ADs,22,53.7,"2,308 kg/hr",33311000.0,29823000.0,27089000.0
737 MAX 8,Boeing,2017,"18,548 hrs","10,264 cycles",LEAP-1B,"8,645 hrs","4,808 cycles",Fresh D-Check,OEM Managed,On Lease,Asia-Pacific,No,Yes,Minor,Fair,178 seats,1 ADs,1,70.1,"3,604 kg/hr",33555000.0,35562000.0,37339000.0
ATR 72-600,ATR,2021,"13,014 hrs","5,654 cycles",PW127M,"3,547 hrs","1,781 cycles",C-Check Due,OEM Managed,Off Lease,Asia-Pacific,Yes,No,None,Fair,70 seats,1 ADs,13,53.0,"1,501 kg/hr",17941000.0,18039000.0,18692000.0
CRJ900,bombardier,2021,"8,572 hrs","7,967 cycles",CF34-8C5,"3,273 hrs","1,947 cycles",C-Check Due,Hourly Inspection,On Lease,Middle East,No,Yes,None,Good,76 seats,1 ADs,10,36.3,"2,854 kg/hr",14997000.0,21600000.0,21472000.0
777-300ER,BOEING,2002,"62,742 hrs","43,245 cycles",GE90-115B,"3,484 hrs","1,991 cycles",Fresh C-Check,MSG-3,Off Lease,Africa,No,No,None,Good,396 seats,1 ADs,19,31.4,"1,959 kg/hr",29405000.0,25364000.0,21157000.0
CRJ900,Bombardier,1999,"95,396 hrs","40,190 cycles",CF34-8C5,"3,670 hrs","1,829 cycles",D-Check Due,OEM Managed,Off Lease,Latin America,Yes,Yes,None,Good,76 seats,3 ADs,44,55.1,"1,760 kg/hr",3942000.0,4257000.0,4325000.0
777-300ER,BOEING,2020,"14,294 hrs","8,688 cycles",GE90-115B,"7,077 hrs","3,123 cycles",C-Check Due,MSG-3,Owned,North America,Yes,Yes,None,Good,396 seats,2 ADs,17,32.1,"2,213 kg/hr",90653000.0,84137000.0,73878000.0
787-9,boeing,2015,"31,043 hrs","17,689 cycles",Trent 1000,"3,127 hrs","1,341 cycles",Fresh C-Check,Hourly Inspection,Off Lease,Africa,Yes,Yes,None,Excellent,296 seats,2 ADs,33,67.1,900 kg/hr,68984000.0,81269000.0,76278000.0
CRJ900,bombardier,2010,"50,028 hrs","24,480 cycles",CF34-8C5,"2,038 hrs","1,072 cycles",Fresh C-Check,OEM Managed,Owned,Middle East,No,No,None,Excellent,76 seats,1 ADs,9,68.4,"2,242 kg/hr",12053000.0,10185000.0,10285000.0
ATR 72-600,ATR,2012,"37,612 hrs","15,647 cycles",PW127M,"3,044 hrs","1,336 cycles",Fresh C-Check,MSG-3,On Lease,Latin America,No,No,None,Fair,70 seats,2 ADs,21,58.1,"1,361 kg/hr",8025000.0,11348000.0,10258000.0
737-800,Boeing,2011,"51,090 hrs","21,810 cycles",CFM56-7B,"4,642 hrs","3,154 cycles",Fresh D-Check,OEM Managed,Off Lease,Latin America,No,Yes,None,Poor,189 seats,0 ADs,19,52.7,"4,040 kg/hr",21009000.0,17482000.0,17974000.0
A320-200,Airbus,2021,"14,030 hrs","6,304 cycles",V2500,"1,432 hrs",624 cycles,Fresh C-Check,MSG-3,On Lease,Europe,Yes,No,None,Excellent,180 seats,1 ADs,11,36.9,"2,898 kg/hr",51055000.0,40364000.0,39384000.0
777-300ER,boeing,2011,"38,752 hrs","20,998 cycles",GE90-115B,"7,034 hrs","4,485 cycles",D-Check Due,MSG-3,On Lease,Europe,Yes,No,None,Excellent,396 seats,1 ADs,15,48.2,"3,992 kg/hr",41688000.0,43635000.0,45360000.0
A350-900,AIRBUS,2006,"59,436 hrs","29,853 cycles",Trent XWB,"3,040 hrs","1,439 cycles",Fresh C-Check,OEM Managed,On Lease,Europe,Yes,No,None,Excellent,325 seats,1 ADs,19,72.5,"3,636 kg/hr",44751000.0,44021000.0,45248000.0
A320-200,AIRBUS,2005,"62,286 hrs","33,825 cycles",V2500,"4,922 hrs","3,294 cycles",C-Check Due,OEM Managed,On Lease,Middle East,Yes,No,Minor,Fair,180 seats,1 ADs,8,45.2,"2,270 kg/hr",12042000.0,10789000.0,10088000.0
A320-200,AIRBUS,2019,"19,398 hrs","12,021 cycles",V2500,"2,478 hrs","1,184 cycles",Fresh C-Check,MSG-3,On Lease,North America,Yes,No,None,Excellent,180 seats,2 ADs,9,66.7,"4,117 kg/hr",33328000.0,39024000.0,41192000.0
E175,Embraer,2010,"51,485 hrs","22,294 cycles",CF34-8E,"6,930 hrs","3,506 cycles",Fresh C-Check,MSG-3,Off Lease,North America,Yes,No,Minor,Excellent,76 seats,Not Reported,2,46.2,"3,691 kg/hr",12329000.0,9898000.0,10115000.0
A330-300,AIRBUS,2018,"8,823 hrs","7,490 cycles",PW4000,567 hrs,271 cycles,C-Check Due,MSG-3,Off Lease,Asia-Pacific,No,No,None,Good,277 seats,1 ADs,42,62.6,"3,182 kg/hr",78099000.0,75742000.0,74520000.0
CRJ900,Bombardier,2009,"54,226 hrs","24,402 cycles",CF34-8C5,596 hrs,412 cycles,Fresh D-Check,MSG-3,Owned,North America,No,Yes,None,Fair,76 seats,1 ADs,50,75.7,"2,610 kg/hr",10862000.0,9857000.0,9898000.0
E175,Embraer,2016,"19,631 hrs","9,808 cycles",CF34-8E,778 hrs,442 cycles,C-Check Due,MSG-3,On Lease,Africa,Yes,Yes,None,Fair,76 seats,1 ADs,49,54.5,"2,729 kg/hr",21367000.0,19419000.0,18705000.0
