customer_id,credit_score,income_k,dti,card_util,deposit_k,loan_k,n_products,tenure_mo,late30_12m,logins_30d,segment,segment_name
C20272,647.0,37.8,0.526,0.736,4.8,16.0,2.0,12.0,1.0,16.0,2,Card Revolver
C20248,676.0,52.6,0.557,0.881,4.7,23.1,2.0,48.0,-0.0,26.0,2,Card Revolver
C00204,823.0,97.5,0.175,0.126,17.6,5.9,4.0,59.0,0.0,28.0,0,Prime Transactor
C10294,677.0,44.6,0.441,0.17,11.8,7.7,3.0,86.0,-0.0,2.0,1,Mass-Market Saver
C40158,730.0,150.2,0.265,0.249,43.2,133.6,7.0,107.0,-0.0,21.0,4,Affluent Relationship
C00284,785.0,58.9,0.143,0.164,42.0,13.7,4.0,62.0,0.0,14.0,0,Prime Transactor
C40266,773.0,176.6,0.424,0.155,117.8,366.2,5.0,127.0,-0.0,16.0,4,Affluent Relationship
C40326,735.0,134.0,0.354,0.396,98.5,236.6,7.0,92.0,0.0,9.0,4,Affluent Relationship
C40286,732.0,169.8,0.347,0.077,127.8,341.3,6.0,158.0,-0.0,9.0,4,Affluent Relationship
C40124,751.0,148.7,0.307,0.098,75.0,288.3,7.0,120.0,1.0,9.0,4,Affluent Relationship
C20068,664.0,42.5,0.261,0.657,2.1,29.1,2.0,30.0,0.0,18.0,2,Card Revolver
C40291,735.0,173.6,0.238,0.154,96.4,152.9,6.0,92.0,0.0,17.0,4,Affluent Relationship
C40182,733.0,155.1,0.285,0.233,115.8,146.7,7.0,60.0,2.0,11.0,4,Affluent Relationship
C40103,763.0,162.5,0.174,0.0,65.6,208.9,5.0,133.0,-0.0,8.0,4,Affluent Relationship
C20002,691.0,38.3,0.424,0.902,10.0,14.2,3.0,28.0,1.0,19.0,2,Card Revolver
C30102,546.0,34.7,0.516,0.703,2.3,35.9,2.0,8.0,5.0,2.0,3,Stressed Book
C30074,603.0,20.1,0.624,0.803,1.2,34.4,2.0,37.0,6.0,9.0,3,Stressed Book
C20237,588.0,62.5,0.374,0.855,9.7,7.6,2.0,73.0,1.0,21.0,2,Card Revolver
C10195,710.0,33.6,0.351,0.258,20.2,1.6,3.0,83.0,0.0,4.0,1,Mass-Market Saver
C40312,772.0,128.4,0.389,0.243,84.7,162.9,6.0,116.0,1.0,11.0,4,Affluent Relationship
C40224,749.0,141.5,0.321,0.194,123.9,232.8,6.0,146.0,0.0,16.0,4,Affluent Relationship
C20228,638.0,34.6,0.406,0.653,2.6,17.0,2.0,32.0,3.0,26.0,2,Card Revolver
C00350,785.0,96.0,0.202,0.174,45.1,9.1,3.0,18.0,0.0,15.0,0,Prime Transactor
C20289,659.0,37.1,0.432,0.637,6.8,27.1,2.0,39.0,3.0,26.0,2,Card Revolver
C00002,752.0,90.8,0.144,0.136,29.6,10.5,1.0,59.0,0.0,19.0,0,Prime Transactor
C20275,681.0,43.0,0.385,0.748,3.0,6.6,3.0,50.0,1.0,18.0,2,Card Revolver
C30304,566.0,26.2,0.45,0.936,4.1,36.0,2.0,39.0,4.0,4.0,3,Stressed Book
C00110,790.0,140.2,0.267,0.133,25.9,7.7,3.0,59.0,0.0,16.0,0,Prime Transactor
C20262,691.0,42.9,0.359,0.686,3.9,26.0,2.0,20.0,2.0,23.0,2,Card Revolver
C00108,765.0,90.1,0.206,0.13,30.7,10.3,4.0,21.0,0.0,14.0,0,Prime Transactor
C20118,642.0,28.4,0.456,0.874,3.2,18.8,2.0,33.0,2.0,28.0,2,Card Revolver
C10100,730.0,54.2,0.31,0.2,18.0,5.0,2.0,65.0,1.0,7.0,1,Mass-Market Saver
C00361,786.0,97.2,0.153,0.083,19.4,19.3,1.0,64.0,-0.0,15.0,0,Prime Transactor
C30347,588.0,28.0,0.524,0.795,3.1,13.9,2.0,36.0,4.0,5.0,3,Stressed Book
C30081,585.0,33.8,0.575,0.846,0.0,31.5,2.0,30.0,7.0,1.0,3,Stressed Book
C20358,629.0,41.7,0.344,0.833,3.3,20.7,3.0,48.0,1.0,22.0,2,Card Revolver
C30127,656.0,38.9,0.594,0.808,1.9,41.4,3.0,29.0,2.0,7.0,3,Stressed Book
C00196,765.0,80.9,0.313,0.205,20.6,2.6,3.0,60.0,-0.0,18.0,0,Prime Transactor
C40217,749.0,149.3,0.285,0.17,52.9,298.9,4.0,63.0,1.0,18.0,4,Affluent Relationship
C00237,777.0,70.0,0.317,0.198,35.5,2.4,3.0,66.0,0.0,17.0,0,Prime Transactor
C10388,734.0,41.2,0.366,0.265,10.4,2.0,2.0,56.0,1.0,7.0,1,Mass-Market Saver
C10320,682.0,51.0,0.162,0.144,16.5,6.1,1.0,74.0,0.0,7.0,1,Mass-Market Saver
C30095,569.0,33.2,0.537,0.99,2.3,29.2,2.0,39.0,5.0,9.0,3,Stressed Book
C30209,625.0,54.3,0.532,0.806,0.8,20.7,2.0,17.0,5.0,6.0,3,Stressed Book
C40104,762.0,198.6,0.421,0.112,78.2,211.3,7.0,116.0,0.0,17.0,4,Affluent Relationship
C10144,725.0,33.4,0.248,0.157,19.0,9.4,2.0,65.0,1.0,1.0,1,Mass-Market Saver
C30060,592.0,13.7,0.548,0.713,0.9,20.5,2.0,35.0,3.0,13.0,3,Stressed Book
C40284,747.0,207.6,0.301,0.316,50.8,274.8,5.0,149.0,1.0,9.0,4,Affluent Relationship
C30106,624.0,36.5,0.484,0.918,0.9,32.5,3.0,67.0,2.0,6.0,3,Stressed Book
C20045,670.0,52.1,0.438,0.826,5.0,31.7,3.0,16.0,0.0,27.0,2,Card Revolver
C20041,604.0,58.0,0.446,0.71,0.0,25.8,3.0,45.0,1.0,16.0,2,Card Revolver
C30117,560.0,32.4,0.606,0.77,2.5,29.2,1.0,36.0,3.0,6.0,3,Stressed Book
C30345,572.0,24.4,0.594,0.812,1.2,37.0,2.0,43.0,2.0,6.0,3,Stressed Book
C40047,747.0,135.6,0.271,0.146,88.7,188.6,6.0,104.0,0.0,26.0,4,Affluent Relationship
C40133,747.0,174.4,0.284,0.153,44.0,367.4,4.0,144.0,1.0,19.0,4,Affluent Relationship
C20256,664.0,57.7,0.548,0.89,2.3,8.7,2.0,8.0,3.0,21.0,2,Card Revolver
C40193,760.0,118.8,0.223,0.228,80.6,261.2,4.0,51.0,0.0,13.0,4,Affluent Relationship
C00172,761.0,106.7,0.241,0.137,5.9,11.2,4.0,54.0,0.0,4.0,0,Prime Transactor
C40187,757.0,87.9,0.231,0.197,25.9,130.2,6.0,56.0,0.0,15.0,4,Affluent Relationship
C20035,676.0,61.2,0.504,0.794,4.3,19.2,3.0,29.0,2.0,17.0,2,Card Revolver
C10041,689.0,49.4,0.304,0.27,16.9,6.5,2.0,25.0,1.0,8.0,1,Mass-Market Saver
C30354,556.0,29.4,0.527,0.911,1.4,15.5,1.0,45.0,6.0,3.0,3,Stressed Book
C30175,520.0,34.4,0.611,0.925,0.5,26.4,1.0,14.0,4.0,7.0,3,Stressed Book
C10389,725.0,32.3,0.067,0.193,25.7,4.6,2.0,62.0,2.0,8.0,1,Mass-Market Saver
C00185,791.0,115.2,0.221,0.192,36.5,17.7,4.0,82.0,0.0,19.0,0,Prime Transactor
C10038,717.0,42.8,0.354,0.177,16.7,11.9,3.0,57.0,1.0,11.0,1,Mass-Market Saver
C00372,784.0,76.1,0.279,0.056,33.1,0.6,4.0,47.0,1.0,8.0,0,Prime Transactor
C00140,763.0,91.8,0.088,0.018,28.9,4.1,3.0,69.0,1.0,26.0,0,Prime Transactor
C30077,585.0,47.9,0.621,0.99,1.6,23.8,3.0,22.0,4.0,7.0,3,Stressed Book
C30196,566.0,45.3,0.273,0.897,0.4,20.6,1.0,37.0,4.0,3.0,3,Stressed Book
C30269,604.0,35.7,0.475,0.882,2.8,35.6,3.0,12.0,6.0,0.0,3,Stressed Book
C10186,699.0,48.3,0.286,0.212,39.4,7.9,2.0,42.0,0.0,7.0,1,Mass-Market Saver
C20048,680.0,43.9,0.397,0.828,6.2,19.6,2.0,24.0,1.0,18.0,2,Card Revolver
C00299,770.0,72.8,0.187,0.113,25.3,0.4,3.0,120.0,-0.0,8.0,0,Prime Transactor
C10395,711.0,59.2,0.352,0.292,11.1,9.3,2.0,32.0,1.0,3.0,1,Mass-Market Saver
C30212,556.0,34.1,0.425,0.872,1.5,16.2,2.0,25.0,5.0,4.0,3,Stressed Book
C00353,757.0,77.4,0.123,0.184,34.1,17.6,2.0,44.0,0.0,19.0,0,Prime Transactor
C20270,683.0,43.2,0.395,0.747,4.6,26.8,4.0,29.0,0.0,16.0,2,Card Revolver
C30264,562.0,33.4,0.694,0.802,1.2,16.7,2.0,10.0,5.0,9.0,3,Stressed Book
C40086,755.0,172.4,0.163,0.135,66.7,355.1,6.0,120.0,1.0,13.0,4,Affluent Relationship
C40244,731.0,168.2,0.389,0.169,110.5,235.7,4.0,69.0,0.0,25.0,4,Affluent Relationship
C20157,659.0,56.1,0.34,0.791,1.9,27.8,4.0,36.0,2.0,34.0,2,Card Revolver
C30334,586.0,27.5,0.744,0.859,0.6,32.9,2.0,34.0,4.0,3.0,3,Stressed Book
C40082,745.0,170.2,0.327,0.145,113.1,340.5,5.0,109.0,-0.0,16.0,4,Affluent Relationship
C10315,687.0,45.8,0.171,0.328,25.3,13.3,2.0,30.0,1.0,1.0,1,Mass-Market Saver
C30232,570.0,29.6,0.621,0.831,2.3,27.9,1.0,32.0,5.0,1.0,3,Stressed Book
C10023,730.0,45.3,0.208,0.0,17.4,0.0,1.0,70.0,1.0,0.0,1,Mass-Market Saver
C00311,761.0,70.1,0.301,0.163,29.0,8.5,3.0,73.0,0.0,14.0,0,Prime Transactor
C30123,576.0,21.8,0.482,0.918,2.9,11.1,2.0,29.0,5.0,6.0,3,Stressed Book
C30181,618.0,27.8,0.568,0.835,2.8,26.4,2.0,15.0,4.0,5.0,3,Stressed Book
C40080,746.0,215.3,0.34,0.244,25.8,239.0,5.0,117.0,0.0,20.0,4,Affluent Relationship
C00037,782.0,64.2,0.198,0.079,34.4,30.1,3.0,53.0,-0.0,18.0,0,Prime Transactor
C10127,721.0,38.5,0.293,0.233,18.2,8.3,3.0,77.0,0.0,9.0,1,Mass-Market Saver
C10291,676.0,43.0,0.255,0.193,17.1,6.4,3.0,51.0,0.0,6.0,1,Mass-Market Saver
C30040,613.0,31.3,0.448,0.804,0.7,18.4,1.0,45.0,5.0,10.0,3,Stressed Book
C10307,704.0,40.7,0.317,0.107,21.7,5.9,1.0,59.0,-0.0,0.0,1,Mass-Market Saver
C00058,790.0,126.5,0.316,0.114,25.6,1.9,3.0,82.0,0.0,19.0,0,Prime Transactor
C30296,605.0,31.8,0.614,0.807,1.0,28.6,1.0,29.0,5.0,13.0,3,Stressed Book
C30010,578.0,35.9,0.517,0.787,1.8,27.2,2.0,57.0,3.0,6.0,3,Stressed Book
C00127,783.0,145.8,0.177,0.203,27.5,11.0,4.0,93.0,1.0,20.0,0,Prime Transactor
C10047,721.0,45.1,0.279,0.208,16.9,0.0,3.0,25.0,-0.0,7.0,1,Mass-Market Saver
C00397,814.0,114.2,0.214,0.036,20.1,16.6,3.0,93.0,0.0,20.0,0,Prime Transactor
C00229,778.0,98.1,0.193,0.089,35.8,13.4,2.0,104.0,1.0,15.0,0,Prime Transactor
C40236,747.0,132.1,0.397,0.169,136.6,159.1,5.0,76.0,1.0,20.0,4,Affluent Relationship
C00034,790.0,105.0,0.337,0.108,22.1,1.2,3.0,107.0,1.0,12.0,0,Prime Transactor
C20170,646.0,45.4,0.352,0.763,2.7,13.7,3.0,31.0,0.0,17.0,2,Card Revolver
C30285,576.0,29.7,0.505,0.703,1.2,30.2,1.0,23.0,5.0,11.0,3,Stressed Book
C20350,641.0,46.1,0.402,0.79,5.8,17.7,2.0,23.0,0.0,7.0,2,Card Revolver
C40205,784.0,127.4,0.279,0.288,148.1,195.1,5.0,49.0,-0.0,10.0,4,Affluent Relationship
C10348,684.0,41.9,0.322,0.26,24.0,11.1,2.0,46.0,0.0,15.0,1,Mass-Market Saver
C40320,728.0,148.5,0.319,0.191,95.7,212.0,5.0,130.0,0.0,14.0,4,Affluent Relationship
C10190,725.0,49.3,0.278,0.237,7.2,10.1,3.0,47.0,0.0,9.0,1,Mass-Market Saver
C20057,681.0,49.2,0.465,0.681,3.5,39.6,5.0,48.0,2.0,29.0,2,Card Revolver
C10010,691.0,54.9,0.258,0.359,34.2,9.1,2.0,66.0,1.0,4.0,1,Mass-Market Saver
C20306,667.0,23.3,0.342,0.898,7.5,19.7,3.0,30.0,1.0,15.0,2,Card Revolver
C40184,728.0,159.9,0.275,0.241,103.6,188.8,6.0,135.0,0.0,8.0,4,Affluent Relationship
C30199,601.0,32.2,0.505,0.869,3.9,5.9,1.0,35.0,4.0,11.0,3,Stressed Book
C20128,669.0,43.3,0.642,0.916,6.5,25.3,5.0,54.0,1.0,25.0,2,Card Revolver
C00007,797.0,59.1,0.192,0.114,40.6,17.5,3.0,63.0,0.0,27.0,0,Prime Transactor
C10321,696.0,40.8,0.208,0.306,23.1,5.3,3.0,39.0,1.0,8.0,1,Mass-Market Saver
C30241,603.0,32.5,0.541,0.962,1.9,26.2,1.0,4.0,1.0,0.0,3,Stressed Book
C40335,731.0,193.5,0.368,0.105,102.7,260.9,5.0,98.0,1.0,11.0,4,Affluent Relationship
C20171,658.0,66.4,0.438,0.939,5.8,3.5,3.0,24.0,0.0,14.0,2,Card Revolver
C30244,591.0,16.6,0.535,0.899,1.6,13.9,2.0,26.0,4.0,12.0,3,Stressed Book
C10172,719.0,57.4,0.341,0.349,24.9,9.1,4.0,48.0,1.0,15.0,1,Mass-Market Saver
C40351,794.0,189.6,0.268,0.236,87.2,348.1,4.0,99.0,1.0,8.0,4,Affluent Relationship
C40214,749.0,151.8,0.315,0.226,53.3,205.9,4.0,107.0,-0.0,10.0,4,Affluent Relationship
C30220,608.0,38.1,0.468,0.757,0.6,20.3,2.0,18.0,6.0,10.0,3,Stressed Book
C30376,535.0,35.6,0.44,0.867,0.0,30.6,1.0,26.0,6.0,8.0,3,Stressed Book
C00020,763.0,110.5,0.25,0.172,46.8,23.9,2.0,31.0,1.0,12.0,0,Prime Transactor
C10052,711.0,49.3,0.149,0.335,18.6,5.1,1.0,71.0,1.0,5.0,1,Mass-Market Saver
C00375,795.0,86.3,0.243,0.188,24.3,3.5,1.0,77.0,-0.0,20.0,0,Prime Transactor
C20244,687.0,30.9,0.377,0.679,4.2,18.7,3.0,16.0,1.0,18.0,2,Card Revolver
C40252,748.0,170.9,0.271,0.219,66.7,197.1,7.0,73.0,0.0,17.0,4,Affluent Relationship
C20092,659.0,39.5,0.366,0.678,1.9,11.2,3.0,41.0,2.0,20.0,2,Card Revolver
C40277,768.0,146.9,0.398,0.14,71.1,219.7,4.0,70.0,0.0,2.0,4,Affluent Relationship
C10070,709.0,34.1,0.224,0.112,11.0,3.1,2.0,64.0,1.0,7.0,1,Mass-Market Saver
C20125,626.0,35.2,0.478,0.956,0.0,19.9,3.0,9.0,1.0,10.0,2,Card Revolver
C20183,681.0,66.7,0.219,0.687,3.6,26.8,2.0,43.0,1.0,27.0,2,Card Revolver
C40253,749.0,196.1,0.27,0.25,42.0,146.7,5.0,138.0,1.0,10.0,4,Affluent Relationship
C00360,788.0,69.2,0.252,0.101,25.1,0.1,3.0,55.0,0.0,9.0,0,Prime Transactor
C10397,706.0,59.1,0.301,0.276,33.1,6.8,3.0,59.0,1.0,6.0,1,Mass-Market Saver
C30190,535.0,36.0,0.509,0.84,1.9,21.2,3.0,32.0,4.0,9.0,3,Stressed Book
C10079,751.0,27.5,0.264,0.302,11.7,4.9,4.0,82.0,-0.0,14.0,1,Mass-Market Saver
C30371,603.0,33.2,0.545,0.667,3.0,10.0,2.0,64.0,4.0,-0.0,3,Stressed Book
C10338,713.0,42.5,0.183,0.275,29.4,7.8,3.0,60.0,0.0,9.0,1,Mass-Market Saver
C40398,756.0,123.1,0.36,0.212,89.7,180.4,5.0,79.0,0.0,13.0,4,Affluent Relationship
C30394,560.0,42.1,0.716,0.882,0.0,32.4,2.0,27.0,5.0,7.0,3,Stressed Book
C20395,709.0,42.3,0.478,0.742,3.5,18.3,4.0,60.0,2.0,38.0,2,Card Revolver
C00262,786.0,87.6,0.244,0.035,27.5,15.5,3.0,98.0,-0.0,9.0,0,Prime Transactor
C00241,777.0,75.4,0.23,0.141,25.4,5.8,4.0,132.0,0.0,20.0,0,Prime Transactor
C30163,625.0,45.8,0.559,0.882,1.3,32.9,2.0,30.0,4.0,4.0,3,Stressed Book
C30150,545.0,30.2,0.396,0.897,1.8,20.5,2.0,8.0,3.0,11.0,3,Stressed Book
C20264,675.0,41.1,0.616,0.784,1.4,21.4,1.0,62.0,2.0,19.0,2,Card Revolver
C10253,712.0,42.6,0.243,0.102,20.3,14.3,2.0,62.0,0.0,11.0,1,Mass-Market Saver
C40141,746.0,125.3,0.305,0.109,71.1,231.2,6.0,120.0,1.0,13.0,4,Affluent Relationship
C00051,783.0,93.3,0.153,0.116,27.6,22.3,5.0,69.0,-0.0,18.0,0,Prime Transactor
C00036,794.0,128.7,0.256,0.123,11.1,15.1,2.0,38.0,1.0,22.0,0,Prime Transactor
C10220,712.0,51.1,0.273,0.23,19.4,2.5,4.0,17.0,1.0,10.0,1,Mass-Market Saver
C30071,597.0,40.3,0.463,0.946,2.7,19.6,4.0,28.0,5.0,0.0,3,Stressed Book
C40157,789.0,172.3,0.294,0.157,51.3,188.3,4.0,102.0,0.0,15.0,4,Affluent Relationship
C20062,658.0,38.9,0.312,0.74,1.1,7.2,3.0,64.0,3.0,21.0,2,Card Revolver
C10238,709.0,39.4,0.32,0.194,30.2,4.2,2.0,14.0,-0.0,11.0,1,Mass-Market Saver
C40036,737.0,177.9,0.3,0.189,65.9,272.3,6.0,43.0,1.0,26.0,4,Affluent Relationship
C20316,669.0,38.6,0.369,0.766,7.0,21.9,4.0,25.0,1.0,13.0,2,Card Revolver
C10335,703.0,48.5,0.163,0.301,21.0,5.4,1.0,61.0,0.0,13.0,1,Mass-Market Saver
C00206,779.0,104.3,0.307,0.08,28.1,9.1,3.0,43.0,0.0,8.0,0,Prime Transactor
C30108,597.0,41.2,0.432,0.842,1.7,27.5,2.0,27.0,6.0,4.0,3,Stressed Book
C40287,743.0,140.2,0.438,0.184,83.5,265.5,7.0,101.0,0.0,15.0,4,Affluent Relationship
C20145,700.0,31.0,0.494,0.718,7.2,11.6,3.0,30.0,1.0,21.0,2,Card Revolver
C30031,537.0,40.9,0.57,0.99,1.5,23.1,2.0,29.0,4.0,1.0,3,Stressed Book
C10347,695.0,38.8,0.293,0.264,17.2,5.1,3.0,67.0,0.0,5.0,1,Mass-Market Saver
C20121,628.0,46.7,0.42,0.84,5.9,12.8,3.0,54.0,1.0,20.0,2,Card Revolver
C40105,748.0,158.0,0.307,0.146,78.1,263.3,6.0,138.0,1.0,14.0,4,Affluent Relationship
C00146,781.0,96.8,0.131,0.079,32.7,13.8,4.0,74.0,1.0,14.0,0,Prime Transactor
C00278,782.0,118.1,0.177,0.057,35.9,17.6,4.0,46.0,1.0,21.0,0,Prime Transactor
C10030,723.0,49.5,0.315,0.278,21.1,4.7,3.0,45.0,1.0,12.0,1,Mass-Market Saver
C10223,729.0,43.0,0.286,0.09,4.2,2.5,2.0,23.0,0.0,10.0,1,Mass-Market Saver
C00377,793.0,99.1,0.242,0.09,40.9,13.5,1.0,57.0,0.0,24.0,0,Prime Transactor
C40242,763.0,221.0,0.328,0.149,71.0,183.6,6.0,120.0,0.0,13.0,4,Affluent Relationship
C10344,710.0,50.9,0.265,0.243,13.8,7.8,2.0,64.0,1.0,10.0,1,Mass-Market Saver
C00374,771.0,76.9,0.22,0.079,50.9,0.0,4.0,96.0,0.0,8.0,0,Prime Transactor
C00367,802.0,132.7,0.323,0.162,25.6,7.8,3.0,52.0,0.0,3.0,0,Prime Transactor
C20016,599.0,52.7,0.299,0.744,8.9,15.4,3.0,33.0,2.0,22.0,2,Card Revolver
C40305,763.0,195.6,0.353,0.176,110.4,286.2,5.0,100.0,1.0,11.0,4,Affluent Relationship
C00259,792.0,91.7,0.171,0.146,24.0,0.0,2.0,114.0,-0.0,19.0,0,Prime Transactor
C40022,742.0,121.1,0.247,0.232,50.8,318.4,4.0,104.0,1.0,20.0,4,Affluent Relationship
C30326,538.0,26.5,0.506,0.889,1.4,16.4,1.0,28.0,2.0,1.0,3,Stressed Book
C30236,557.0,15.2,0.572,0.905,0.3,41.2,1.0,42.0,5.0,7.0,3,Stressed Book
C20075,636.0,49.4,0.688,0.812,5.6,17.5,2.0,40.0,3.0,23.0,2,Card Revolver
C20339,648.0,53.6,0.434,0.804,6.2,16.5,3.0,52.0,2.0,26.0,2,Card Revolver
C40232,788.0,159.0,0.393,0.069,99.6,156.2,4.0,103.0,1.0,21.0,4,Affluent Relationship
C10251,687.0,52.0,0.287,0.347,15.7,4.0,2.0,81.0,-0.0,11.0,1,Mass-Market Saver
C40239,751.0,207.5,0.348,0.056,56.6,252.4,7.0,119.0,0.0,17.0,4,Affluent Relationship
C00217,790.0,90.5,0.177,0.073,16.7,7.6,3.0,68.0,-0.0,16.0,0,Prime Transactor
C40344,766.0,167.3,0.372,0.145,38.6,283.0,7.0,50.0,0.0,12.0,4,Affluent Relationship
C00141,784.0,116.8,0.173,0.1,37.1,2.1,3.0,40.0,0.0,28.0,0,Prime Transactor
C00339,781.0,98.5,0.224,0.176,7.8,14.6,2.0,101.0,0.0,12.0,0,Prime Transactor
C20309,664.0,35.1,0.461,0.753,2.0,28.8,3.0,4.0,1.0,15.0,2,Card Revolver
C40365,756.0,156.0,0.296,0.151,93.4,242.4,3.0,104.0,0.0,11.0,4,Affluent Relationship
C00313,765.0,118.4,0.242,0.269,20.4,10.9,4.0,66.0,-0.0,12.0,0,Prime Transactor
C20318,667.0,50.1,0.405,0.656,0.0,31.7,3.0,43.0,1.0,18.0,2,Card Revolver
C10128,757.0,37.0,0.296,0.291,23.2,8.6,3.0,69.0,1.0,7.0,1,Mass-Market Saver
C00344,805.0,94.2,0.197,0.093,42.7,23.5,1.0,50.0,1.0,16.0,0,Prime Transactor
C20197,617.0,35.3,0.358,0.86,6.5,20.9,3.0,45.0,1.0,6.0,2,Card Revolver
C20072,660.0,48.5,0.376,0.887,4.9,25.8,3.0,46.0,1.0,18.0,2,Card Revolver
C40227,770.0,103.6,0.279,0.267,108.2,247.4,4.0,74.0,0.0,20.0,4,Affluent Relationship
C40313,786.0,152.4,0.345,0.171,86.9,339.6,5.0,120.0,0.0,14.0,4,Affluent Relationship
C30387,603.0,36.2,0.498,0.747,1.7,28.0,2.0,14.0,6.0,2.0,3,Stressed Book
C20328,621.0,35.2,0.554,0.699,7.6,16.3,3.0,34.0,-0.0,19.0,2,Card Revolver
C10266,707.0,33.4,0.287,0.31,28.3,7.8,2.0,34.0,0.0,3.0,1,Mass-Market Saver
C30076,590.0,39.4,0.444,0.804,2.0,20.4,2.0,42.0,5.0,13.0,3,Stressed Book
C20210,641.0,35.0,0.404,0.73,0.0,21.9,2.0,56.0,2.0,27.0,2,Card Revolver
C10050,706.0,33.1,0.197,0.272,29.2,2.8,2.0,58.0,0.0,6.0,1,Mass-Market Saver
C00179,779.0,69.8,0.14,0.051,24.4,15.0,1.0,90.0,-0.0,12.0,0,Prime Transactor
C30284,567.0,25.7,0.477,0.774,3.1,28.0,3.0,21.0,4.0,5.0,3,Stressed Book
C10054,726.0,50.1,0.219,0.244,5.4,4.6,3.0,67.0,-0.0,11.0,1,Mass-Market Saver
C20278,628.0,42.9,0.27,0.584,1.6,7.3,3.0,53.0,1.0,21.0,2,Card Revolver
C10235,701.0,41.4,0.328,0.316,18.6,0.3,2.0,23.0,-0.0,13.0,1,Mass-Market Saver
C00328,809.0,93.6,0.282,0.081,13.9,3.1,3.0,47.0,1.0,26.0,0,Prime Transactor
C10334,684.0,36.2,0.283,0.184,22.4,4.9,4.0,44.0,0.0,8.0,1,Mass-Market Saver
C10178,757.0,54.2,0.229,0.262,18.5,0.8,2.0,100.0,0.0,8.0,1,Mass-Market Saver
C20322,675.0,32.8,0.379,0.785,3.3,18.9,3.0,28.0,3.0,16.0,2,Card Revolver
C40106,713.0,115.0,0.276,0.154,49.6,213.9,5.0,77.0,0.0,13.0,4,Affluent Relationship
C40053,777.0,122.8,0.295,0.215,85.7,258.9,5.0,118.0,-0.0,17.0,4,Affluent Relationship
C30375,543.0,30.8,0.551,0.99,0.0,26.6,4.0,20.0,6.0,7.0,3,Stressed Book
C00071,749.0,106.5,0.208,0.146,34.8,9.3,2.0,81.0,-0.0,16.0,0,Prime Transactor
C10162,703.0,44.7,0.326,0.184,18.9,9.4,3.0,69.0,1.0,10.0,1,Mass-Market Saver
C10365,721.0,48.5,0.23,0.322,22.9,2.7,2.0,73.0,-0.0,13.0,1,Mass-Market Saver
C00392,801.0,82.7,0.309,0.2,23.3,10.3,3.0,77.0,1.0,9.0,0,Prime Transactor
C10074,695.0,42.1,0.313,0.232,30.6,9.0,2.0,51.0,0.0,2.0,1,Mass-Market Saver
C10026,711.0,66.1,0.239,0.223,32.7,3.4,2.0,32.0,1.0,10.0,1,Mass-Market Saver
C40274,749.0,197.2,0.286,0.238,57.7,166.7,6.0,81.0,1.0,11.0,4,Affluent Relationship
C30261,535.0,31.4,0.553,0.853,2.2,16.4,2.0,40.0,5.0,7.0,3,Stressed Book
C00200,778.0,101.2,0.21,0.067,35.9,7.7,3.0,39.0,-0.0,22.0,0,Prime Transactor
C10165,693.0,36.3,0.225,0.223,5.4,6.3,2.0,67.0,0.0,8.0,1,Mass-Market Saver
C30051,554.0,30.1,0.54,0.794,0.0,26.7,2.0,41.0,3.0,9.0,3,Stressed Book
C20313,590.0,43.9,0.475,0.911,5.2,6.2,3.0,50.0,1.0,27.0,2,Card Revolver
C00308,780.0,102.6,0.28,0.121,48.7,11.4,6.0,96.0,0.0,15.0,0,Prime Transactor
C30061,592.0,42.7,0.589,0.932,1.5,41.8,1.0,35.0,4.0,5.0,3,Stressed Book
C30180,559.0,40.9,0.648,0.851,0.9,36.0,2.0,12.0,4.0,9.0,3,Stressed Book
C40090,771.0,225.8,0.301,0.251,94.9,247.9,7.0,69.0,0.0,6.0,4,Affluent Relationship
C20000,637.0,56.6,0.321,0.776,2.1,8.7,4.0,4.0,3.0,11.0,2,Card Revolver
C10203,676.0,55.8,0.176,0.341,20.4,7.3,3.0,64.0,0.0,7.0,1,Mass-Market Saver
C10369,733.0,55.0,0.313,0.359,32.9,8.7,2.0,27.0,0.0,7.0,1,Mass-Market Saver
C40028,789.0,90.5,0.3,0.24,52.4,139.5,5.0,89.0,-0.0,22.0,4,Affluent Relationship
C00116,793.0,113.8,0.191,0.071,11.6,4.6,4.0,73.0,-0.0,16.0,0,Prime Transactor
C30026,553.0,26.2,0.439,0.841,0.8,27.2,2.0,15.0,7.0,1.0,3,Stressed Book
C00298,752.0,53.8,0.124,0.136,27.5,10.0,3.0,86.0,0.0,16.0,0,Prime Transactor
C40060,744.0,207.1,0.26,0.2,105.7,306.2,4.0,85.0,0.0,5.0,4,Affluent Relationship
C10101,707.0,52.0,0.167,0.159,15.7,5.2,2.0,49.0,-0.0,11.0,1,Mass-Market Saver
C40390,773.0,225.2,0.303,0.171,113.9,137.7,5.0,72.0,0.0,-0.0,4,Affluent Relationship
C20359,641.0,43.5,0.267,0.99,1.9,18.6,2.0,28.0,2.0,18.0,2,Card Revolver
C00004,787.0,96.1,0.146,0.125,41.6,0.0,4.0,75.0,-0.0,30.0,0,Prime Transactor
C20386,616.0,37.9,0.344,0.594,8.9,4.8,3.0,45.0,1.0,43.0,2,Card Revolver
C10107,711.0,48.9,0.29,0.365,32.6,3.2,2.0,89.0,0.0,14.0,1,Mass-Market Saver
C00046,797.0,75.5,0.112,0.116,39.1,0.0,2.0,54.0,-0.0,20.0,0,Prime Transactor
C40397,803.0,172.4,0.259,0.145,104.3,371.6,6.0,111.0,0.0,12.0,4,Affluent Relationship
C30069,609.0,34.9,0.612,0.928,2.6,19.6,3.0,31.0,2.0,4.0,3,Stressed Book
C40225,787.0,167.7,0.337,0.232,81.3,161.0,4.0,89.0,1.0,19.0,4,Affluent Relationship
C10031,723.0,43.7,0.187,0.212,20.6,10.2,2.0,49.0,1.0,6.0,1,Mass-Market Saver
C20222,669.0,58.3,0.407,0.964,2.2,23.5,2.0,38.0,1.0,20.0,2,Card Revolver
C00330,765.0,101.7,0.226,0.072,24.1,24.5,2.0,50.0,0.0,14.0,0,Prime Transactor
C30399,569.0,36.5,0.376,0.746,1.1,14.1,2.0,34.0,6.0,11.0,3,Stressed Book
C30201,562.0,29.9,0.482,0.781,2.8,26.8,3.0,15.0,1.0,4.0,3,Stressed Book
C10193,706.0,59.6,0.286,0.148,31.0,6.9,3.0,57.0,1.0,11.0,1,Mass-Market Saver
C10161,702.0,35.7,0.159,0.253,15.5,8.0,2.0,66.0,0.0,2.0,1,Mass-Market Saver
C30388,587.0,27.6,0.367,0.989,2.2,28.8,1.0,26.0,5.0,3.0,3,Stressed Book
C00194,795.0,122.3,0.104,0.113,23.8,15.9,2.0,68.0,-0.0,22.0,0,Prime Transactor
C40357,753.0,164.2,0.33,0.253,104.3,161.1,6.0,66.0,0.0,15.0,4,Affluent Relationship
C30015,565.0,20.5,0.506,0.811,2.3,22.7,3.0,5.0,6.0,3.0,3,Stressed Book
C30291,585.0,30.8,0.549,0.793,0.2,38.0,1.0,28.0,6.0,0.0,3,Stressed Book
C00351,746.0,100.2,0.255,0.076,24.3,4.3,4.0,36.0,0.0,30.0,0,Prime Transactor
C20211,660.0,56.9,0.384,0.678,5.1,0.0,3.0,40.0,1.0,32.0,2,Card Revolver
C10063,674.0,46.0,0.243,0.128,18.7,1.8,2.0,53.0,1.0,6.0,1,Mass-Market Saver
C40181,767.0,171.3,0.271,0.191,95.7,280.9,7.0,95.0,0.0,26.0,4,Affluent Relationship
C10065,721.0,53.8,0.257,0.243,13.1,5.5,3.0,135.0,1.0,8.0,1,Mass-Market Saver
C20242,607.0,49.4,0.278,0.833,8.5,18.0,3.0,25.0,2.0,31.0,2,Card Revolver
C00341,778.0,95.1,0.197,0.141,47.0,14.9,3.0,57.0,-0.0,27.0,0,Prime Transactor
C40196,716.0,126.7,0.276,0.335,107.6,290.2,4.0,123.0,1.0,18.0,4,Affluent Relationship
C00396,749.0,74.4,0.276,0.056,23.4,13.8,4.0,72.0,0.0,15.0,0,Prime Transactor
C00109,787.0,99.0,0.165,0.082,35.9,14.8,3.0,121.0,1.0,9.0,0,Prime Transactor
C30140,566.0,24.5,0.657,0.814,1.9,20.3,2.0,9.0,6.0,4.0,3,Stressed Book
C30377,565.0,29.9,0.482,0.99,1.4,23.9,2.0,21.0,5.0,4.0,3,Stressed Book
C40129,739.0,132.4,0.35,0.215,142.3,222.4,4.0,103.0,0.0,10.0,4,Affluent Relationship
C30136,570.0,45.4,0.682,0.763,0.8,36.9,3.0,35.0,4.0,8.0,3,Stressed Book
C10140,717.0,29.3,0.332,0.231,18.9,4.3,4.0,85.0,1.0,3.0,1,Mass-Market Saver
C10071,679.0,55.6,0.135,0.061,27.5,8.5,3.0,49.0,-0.0,6.0,1,Mass-Market Saver
C30041,565.0,35.2,0.535,0.956,2.5,27.3,2.0,11.0,3.0,3.0,3,Stressed Book
C00095,777.0,115.0,0.233,0.173,40.0,16.7,5.0,52.0,1.0,16.0,0,Prime Transactor
C40038,786.0,231.6,0.366,0.149,78.0,182.3,6.0,115.0,0.0,19.0,4,Affluent Relationship
C30309,556.0,31.4,0.488,0.918,2.7,29.3,3.0,41.0,4.0,4.0,3,Stressed Book
C00019,760.0,112.1,0.278,0.112,33.4,18.3,4.0,94.0,0.0,27.0,0,Prime Transactor
C10263,682.0,41.8,0.312,0.068,6.5,5.0,3.0,44.0,0.0,8.0,1,Mass-Market Saver
C40230,767.0,135.8,0.258,0.267,96.1,300.5,5.0,74.0,-0.0,19.0,4,Affluent Relationship
C40328,750.0,158.3,0.369,0.172,73.2,273.0,6.0,126.0,0.0,12.0,4,Affluent Relationship
C20324,688.0,49.5,0.587,0.896,5.3,17.8,3.0,55.0,2.0,30.0,2,Card Revolver
C30057,560.0,35.3,0.566,0.923,2.5,18.0,2.0,45.0,3.0,7.0,3,Stressed Book
C00340,755.0,124.5,0.143,0.127,22.6,0.0,3.0,88.0,0.0,24.0,0,Prime Transactor
C40001,759.0,142.9,0.32,0.123,66.9,276.2,7.0,55.0,0.0,15.0,4,Affluent Relationship
C20147,628.0,44.2,0.392,0.943,5.1,22.1,4.0,29.0,1.0,15.0,2,Card Revolver
C30389,621.0,13.7,0.582,0.707,0.0,12.3,2.0,18.0,3.0,2.0,3,Stressed Book
C00222,797.0,58.4,0.309,0.257,37.8,20.1,2.0,69.0,-0.0,14.0,0,Prime Transactor
C20277,641.0,50.3,0.531,0.717,5.6,22.0,4.0,41.0,2.0,30.0,2,Card Revolver
C10269,690.0,30.0,0.257,0.201,52.1,7.3,4.0,79.0,0.0,10.0,1,Mass-Market Saver
C20238,661.0,53.9,0.518,0.791,3.0,17.7,3.0,57.0,2.0,37.0,2,Card Revolver
C10284,713.0,51.0,0.384,0.122,30.4,2.6,3.0,80.0,-0.0,9.0,1,Mass-Market Saver
C00111,777.0,73.4,0.217,0.066,26.2,20.3,3.0,84.0,0.0,18.0,0,Prime Transactor
C30329,568.0,44.4,0.352,0.849,2.1,25.1,2.0,18.0,2.0,1.0,3,Stressed Book
C10012,725.0,51.9,0.348,0.208,10.3,13.1,2.0,82.0,1.0,11.0,1,Mass-Market Saver
C00358,768.0,113.1,0.094,0.107,51.9,9.3,2.0,72.0,1.0,17.0,0,Prime Transactor
C00287,770.0,77.4,0.208,0.136,34.1,26.2,3.0,93.0,-0.0,22.0,0,Prime Transactor
C30104,561.0,26.5,0.532,0.865,1.3,11.5,2.0,19.0,4.0,10.0,3,Stressed Book
C20087,614.0,22.3,0.186,0.757,3.2,22.8,4.0,31.0,1.0,25.0,2,Card Revolver
C10088,724.0,43.9,0.484,0.201,17.3,10.6,3.0,53.0,0.0,10.0,1,Mass-Market Saver
C10019,692.0,48.5,0.286,0.341,14.5,3.9,1.0,64.0,0.0,10.0,1,Mass-Market Saver
C10015,706.0,33.8,0.301,0.289,17.6,10.5,1.0,17.0,-0.0,6.0,1,Mass-Market Saver
C30182,477.0,39.6,0.52,0.845,1.1,24.3,2.0,10.0,4.0,6.0,3,Stressed Book
C40245,767.0,156.8,0.33,0.195,72.7,232.8,5.0,118.0,1.0,21.0,4,Affluent Relationship
C10346,696.0,56.2,0.256,0.15,25.0,1.2,2.0,67.0,0.0,11.0,1,Mass-Market Saver
C40220,780.0,64.9,0.205,0.087,65.0,97.0,6.0,126.0,0.0,12.0,4,Affluent Relationship
C00017,771.0,103.2,0.188,0.111,16.9,2.3,4.0,60.0,0.0,18.0,0,Prime Transactor
C30299,519.0,32.9,0.324,0.83,3.5,27.7,2.0,30.0,8.0,8.0,3,Stressed Book
C40330,750.0,168.4,0.229,0.238,109.6,273.6,6.0,63.0,1.0,11.0,4,Affluent Relationship
C40294,756.0,173.1,0.301,0.256,107.9,202.0,5.0,56.0,1.0,13.0,4,Affluent Relationship
C20098,693.0,36.7,0.525,0.801,4.6,16.2,3.0,28.0,1.0,21.0,2,Card Revolver
C10114,680.0,36.5,0.176,0.163,14.4,0.3,2.0,65.0,-0.0,6.0,1,Mass-Market Saver
C10125,696.0,30.0,0.215,0.191,18.9,5.7,2.0,65.0,0.0,3.0,1,Mass-Market Saver
C40009,748.0,185.3,0.309,0.108,105.1,294.6,5.0,86.0,0.0,5.0,4,Affluent Relationship
C00054,787.0,97.7,0.211,0.095,24.3,4.2,3.0,59.0,0.0,11.0,0,Prime Transactor
C00263,789.0,103.2,0.347,0.157,19.3,18.4,3.0,36.0,1.0,20.0,0,Prime Transactor
C00101,786.0,95.9,0.203,0.011,25.7,0.0,3.0,55.0,-0.0,17.0,0,Prime Transactor
C00275,795.0,99.0,0.233,0.06,6.5,7.8,2.0,56.0,0.0,11.0,0,Prime Transactor
C20058,645.0,62.8,0.378,0.769,10.3,3.5,3.0,8.0,1.0,21.0,2,Card Revolver
C20151,657.0,46.7,0.416,0.848,0.6,29.5,3.0,44.0,2.0,31.0,2,Card Revolver
C00249,802.0,101.8,0.273,0.127,40.5,11.8,2.0,104.0,0.0,11.0,0,Prime Transactor
C20167,671.0,33.1,0.398,0.865,4.1,21.8,2.0,59.0,1.0,26.0,2,Card Revolver
C30217,567.0,25.9,0.41,0.895,1.8,34.3,2.0,19.0,2.0,6.0,3,Stressed Book
C00386,809.0,101.9,0.22,0.147,13.7,5.7,3.0,87.0,0.0,17.0,0,Prime Transactor
C10156,738.0,49.4,0.199,0.328,31.2,3.4,4.0,34.0,1.0,13.0,1,Mass-Market Saver
C30195,555.0,37.2,0.587,0.805,0.0,27.7,2.0,5.0,4.0,0.0,3,Stressed Book
C20249,669.0,24.5,0.568,0.663,7.2,14.3,3.0,25.0,4.0,31.0,2,Card Revolver
C40152,738.0,135.9,0.389,0.175,75.2,134.9,7.0,127.0,0.0,18.0,4,Affluent Relationship
C30143,599.0,35.8,0.591,0.785,2.3,28.0,1.0,4.0,4.0,3.0,3,Stressed Book
C00060,755.0,105.5,0.217,0.139,11.0,9.1,3.0,51.0,0.0,16.0,0,Prime Transactor
C00363,782.0,90.4,0.24,0.045,35.7,12.1,4.0,56.0,0.0,14.0,0,Prime Transactor
C20383,636.0,57.4,0.476,0.822,0.0,19.2,4.0,31.0,4.0,22.0,2,Card Revolver
C40059,752.0,182.4,0.249,0.075,40.6,318.8,4.0,82.0,-0.0,18.0,4,Affluent Relationship
C00210,814.0,93.9,0.282,0.151,25.0,12.6,3.0,50.0,1.0,10.0,0,Prime Transactor
C00281,738.0,68.9,0.159,0.112,34.2,10.8,3.0,76.0,-0.0,18.0,0,Prime Transactor
C30214,519.0,24.6,0.529,0.892,0.0,20.5,4.0,39.0,4.0,0.0,3,Stressed Book
C10237,722.0,47.0,0.235,0.248,17.0,0.0,3.0,40.0,-0.0,2.0,1,Mass-Market Saver
C10117,755.0,63.2,0.367,0.245,30.1,11.1,3.0,73.0,-0.0,10.0,1,Mass-Market Saver
C30093,566.0,14.9,0.4,0.941,0.5,35.8,3.0,25.0,5.0,3.0,3,Stressed Book
C30027,585.0,51.9,0.454,0.968,3.2,27.1,1.0,48.0,4.0,4.0,3,Stressed Book
C20208,662.0,27.4,0.36,0.965,1.0,19.2,2.0,57.0,1.0,19.0,2,Card Revolver
C30124,592.0,19.3,0.65,0.77,1.5,28.2,3.0,40.0,5.0,11.0,3,Stressed Book
C40069,743.0,174.6,0.285,0.226,75.6,227.8,7.0,91.0,-0.0,15.0,4,Affluent Relationship
C00324,769.0,91.8,0.114,0.127,34.5,10.8,4.0,50.0,-0.0,14.0,0,Prime Transactor
C10104,714.0,42.8,0.441,0.267,20.2,6.8,3.0,77.0,1.0,13.0,1,Mass-Market Saver
C40087,788.0,160.0,0.219,0.226,118.4,251.1,6.0,125.0,1.0,17.0,4,Affluent Relationship
C00028,786.0,75.6,0.204,0.109,39.9,14.7,3.0,109.0,-0.0,16.0,0,Prime Transactor
C40023,746.0,137.7,0.209,0.243,81.0,206.8,5.0,103.0,0.0,20.0,4,Affluent Relationship
C10187,692.0,39.8,0.398,0.226,19.6,5.1,2.0,83.0,1.0,13.0,1,Mass-Market Saver
C20392,640.0,34.0,0.346,0.641,3.1,12.7,2.0,43.0,0.0,31.0,2,Card Revolver
C10328,711.0,21.4,0.204,0.27,17.7,6.3,1.0,82.0,1.0,8.0,1,Mass-Market Saver
C40177,746.0,119.0,0.174,0.316,81.3,174.1,6.0,136.0,0.0,12.0,4,Affluent Relationship
C00224,766.0,80.4,0.292,0.246,31.3,6.3,3.0,98.0,-0.0,27.0,0,Prime Transactor
C40254,754.0,148.0,0.162,0.23,74.6,334.2,6.0,80.0,-0.0,13.0,4,Affluent Relationship
C20373,629.0,61.1,0.479,0.802,6.8,26.7,3.0,45.0,1.0,27.0,2,Card Revolver
C20020,673.0,41.1,0.421,0.904,3.1,16.1,4.0,44.0,3.0,25.0,2,Card Revolver
C20056,618.0,39.9,0.297,0.77,0.0,6.7,2.0,38.0,2.0,25.0,2,Card Revolver
C40132,746.0,166.4,0.323,0.183,86.8,227.9,6.0,118.0,0.0,12.0,4,Affluent Relationship
C30271,591.0,34.8,0.59,0.857,1.2,27.5,2.0,38.0,7.0,4.0,3,Stressed Book
C40147,728.0,161.9,0.279,0.257,62.3,352.8,5.0,73.0,0.0,11.0,4,Affluent Relationship
C40241,758.0,171.1,0.429,0.027,65.0,186.3,6.0,89.0,-0.0,15.0,4,Affluent Relationship
C40199,767.0,196.7,0.251,0.094,129.4,191.3,4.0,39.0,0.0,11.0,4,Affluent Relationship
C40393,777.0,196.4,0.221,0.209,94.5,298.0,4.0,78.0,0.0,21.0,4,Affluent Relationship
C20060,645.0,38.4,0.501,0.788,0.0,21.2,1.0,40.0,1.0,11.0,2,Card Revolver
C00151,806.0,125.6,0.245,0.166,40.8,6.6,4.0,51.0,-0.0,14.0,0,Prime Transactor
C00215,793.0,106.0,0.253,0.148,43.2,15.9,4.0,86.0,1.0,7.0,0,Prime Transactor
C00098,769.0,66.8,0.218,0.15,38.2,10.9,4.0,72.0,0.0,21.0,0,Prime Transactor
C10092,712.0,50.5,0.256,0.183,22.2,2.2,2.0,80.0,0.0,8.0,1,Mass-Market Saver
C20284,643.0,39.7,0.368,0.804,3.4,12.9,3.0,10.0,3.0,8.0,2,Card Revolver
C30179,569.0,19.0,0.44,0.949,1.2,20.5,2.0,27.0,4.0,-0.0,3,Stressed Book
C30086,599.0,31.8,0.379,0.802,3.8,31.4,2.0,41.0,2.0,3.0,3,Stressed Book
C30270,571.0,30.1,0.576,0.885,3.0,18.5,3.0,33.0,4.0,1.0,3,Stressed Book
C00012,787.0,84.4,0.213,0.0,16.7,14.9,1.0,92.0,-0.0,23.0,0,Prime Transactor
C10288,704.0,62.1,0.239,0.221,18.9,7.5,3.0,37.0,0.0,12.0,1,Mass-Market Saver
C40119,778.0,160.5,0.268,0.159,53.1,188.9,7.0,73.0,0.0,17.0,4,Affluent Relationship
C00167,778.0,84.7,0.17,0.116,39.8,3.5,4.0,92.0,0.0,23.0,0,Prime Transactor
C10358,687.0,53.1,0.249,0.224,24.9,0.0,3.0,40.0,0.0,8.0,1,Mass-Market Saver
C40288,780.0,158.1,0.408,0.201,80.2,274.4,7.0,89.0,1.0,17.0,4,Affluent Relationship
C00188,796.0,100.4,0.159,0.119,25.4,0.0,4.0,85.0,0.0,10.0,0,Prime Transactor
C40203,756.0,164.1,0.381,0.377,96.4,340.7,5.0,106.0,0.0,12.0,4,Affluent Relationship
C00043,784.0,85.3,0.17,0.102,17.7,1.7,3.0,93.0,-0.0,18.0,0,Prime Transactor
C20290,631.0,31.4,0.48,0.965,0.8,18.4,2.0,32.0,2.0,22.0,2,Card Revolver
C00009,785.0,107.0,0.2,0.183,27.9,16.7,2.0,80.0,-0.0,6.0,0,Prime Transactor
C30138,547.0,23.2,0.391,0.816,3.6,23.3,2.0,58.0,3.0,2.0,3,Stressed Book
C00147,790.0,60.5,0.145,0.2,18.6,16.2,3.0,47.0,0.0,15.0,0,Prime Transactor
C40173,764.0,207.8,0.352,0.132,55.4,322.0,6.0,76.0,0.0,21.0,4,Affluent Relationship
C00013,770.0,109.0,0.228,0.028,40.5,23.5,3.0,65.0,0.0,12.0,0,Prime Transactor
C00389,818.0,74.2,0.318,0.059,25.7,18.7,4.0,79.0,-0.0,20.0,0,Prime Transactor
C20146,668.0,47.0,0.54,0.867,0.0,15.6,1.0,31.0,2.0,12.0,2,Card Revolver
C10196,715.0,32.6,0.128,0.189,16.9,5.1,2.0,62.0,0.0,6.0,1,Mass-Market Saver
C30324,555.0,27.0,0.469,0.854,1.5,12.5,2.0,10.0,4.0,5.0,3,Stressed Book
C30287,584.0,30.2,0.497,0.841,0.0,39.5,3.0,49.0,4.0,6.0,3,Stressed Book
C40289,758.0,166.9,0.367,0.223,95.4,286.0,5.0,77.0,-0.0,12.0,4,Affluent Relationship
C20156,648.0,53.2,0.482,0.76,1.5,33.1,4.0,40.0,1.0,25.0,2,Card Revolver
C40096,742.0,185.8,0.389,0.096,60.6,271.2,7.0,137.0,1.0,19.0,4,Affluent Relationship
C40176,789.0,127.6,0.304,0.148,132.0,219.5,4.0,95.0,-0.0,10.0,4,Affluent Relationship
C10274,723.0,56.2,0.237,0.258,18.9,6.4,2.0,66.0,0.0,7.0,1,Mass-Market Saver
C10301,671.0,31.4,0.308,0.229,14.5,5.5,3.0,89.0,-0.0,10.0,1,Mass-Market Saver
C30073,491.0,25.7,0.515,0.976,0.5,26.1,2.0,34.0,4.0,10.0,3,Stressed Book
C30279,546.0,47.5,0.44,0.755,1.8,33.4,1.0,26.0,2.0,3.0,3,Stressed Book
C40336,748.0,167.9,0.296,0.051,102.6,303.1,7.0,79.0,-0.0,17.0,4,Affluent Relationship
C10055,745.0,43.2,0.328,0.091,5.9,8.2,2.0,57.0,0.0,7.0,1,Mass-Market Saver
C20127,639.0,37.7,0.507,0.933,2.3,12.7,3.0,41.0,1.0,27.0,2,Card Revolver
C10283,720.0,39.1,0.278,0.214,26.7,8.5,1.0,27.0,1.0,8.0,1,Mass-Market Saver
C20357,648.0,48.8,0.571,0.817,0.0,16.9,2.0,23.0,2.0,21.0,2,Card Revolver
C10106,694.0,47.2,0.303,0.076,28.4,7.4,3.0,35.0,-0.0,6.0,1,Mass-Market Saver
C00025,726.0,85.5,0.3,0.123,16.3,4.5,4.0,76.0,0.0,18.0,0,Prime Transactor
C30003,592.0,27.9,0.561,0.891,2.4,25.9,3.0,31.0,6.0,6.0,3,Stressed Book
C30253,604.0,29.1,0.693,0.613,0.6,20.0,2.0,47.0,4.0,2.0,3,Stressed Book
C20352,669.0,43.3,0.328,0.735,0.5,16.2,3.0,60.0,3.0,27.0,2,Card Revolver
C20030,630.0,38.7,0.352,0.669,0.3,19.1,3.0,26.0,0.0,35.0,2,Card Revolver
C00115,774.0,75.9,0.223,0.063,27.4,12.8,5.0,52.0,0.0,17.0,0,Prime Transactor
C00024,777.0,108.4,0.215,0.125,25.1,21.2,3.0,19.0,-0.0,6.0,0,Prime Transactor
C00370,770.0,74.8,0.289,0.064,38.8,13.9,4.0,114.0,0.0,23.0,0,Prime Transactor
C40194,728.0,136.8,0.364,0.149,100.9,355.3,6.0,100.0,-0.0,20.0,4,Affluent Relationship
C00096,818.0,125.6,0.103,0.062,34.6,18.3,4.0,70.0,0.0,22.0,0,Prime Transactor
C30235,598.0,35.7,0.517,0.836,1.5,30.7,2.0,32.0,4.0,6.0,3,Stressed Book
C20153,686.0,53.4,0.515,0.661,1.3,22.9,3.0,65.0,2.0,24.0,2,Card Revolver
C30243,629.0,32.5,0.45,0.828,0.0,20.9,1.0,44.0,5.0,0.0,3,Stressed Book
C00099,804.0,88.9,0.205,0.11,28.8,4.8,4.0,62.0,0.0,13.0,0,Prime Transactor
C40056,786.0,198.1,0.186,0.332,131.3,167.6,6.0,56.0,0.0,15.0,4,Affluent Relationship
C30290,583.0,40.5,0.532,0.757,0.2,9.2,3.0,34.0,3.0,2.0,3,Stressed Book
C20246,666.0,25.7,0.226,0.723,3.2,7.2,3.0,41.0,2.0,35.0,2,Card Revolver
C00357,798.0,94.8,0.208,0.127,34.7,15.7,4.0,76.0,-0.0,16.0,0,Prime Transactor
C20143,657.0,35.8,0.322,0.789,4.6,22.2,4.0,32.0,0.0,21.0,2,Card Revolver
C10171,726.0,49.6,0.209,0.159,29.6,4.5,2.0,67.0,0.0,2.0,1,Mass-Market Saver
C40218,784.0,169.0,0.264,0.259,81.8,229.9,5.0,107.0,0.0,17.0,4,Affluent Relationship
C20337,610.0,55.7,0.477,0.919,1.1,1.8,2.0,33.0,2.0,18.0,2,Card Revolver
C10379,701.0,23.0,0.345,0.222,21.9,7.1,2.0,53.0,1.0,12.0,1,Mass-Market Saver
C30008,550.0,32.5,0.499,0.99,2.3,9.5,2.0,49.0,5.0,10.0,3,Stressed Book
C40161,747.0,116.3,0.225,0.054,98.0,322.5,5.0,62.0,1.0,12.0,4,Affluent Relationship
C40098,762.0,172.4,0.287,0.22,56.7,212.6,8.0,60.0,0.0,8.0,4,Affluent Relationship
C00270,751.0,81.0,0.265,0.125,23.1,19.6,2.0,79.0,0.0,13.0,0,Prime Transactor
C00118,778.0,80.5,0.216,0.12,27.2,0.0,3.0,51.0,-0.0,19.0,0,Prime Transactor
C00117,786.0,104.1,0.184,0.105,9.8,2.8,4.0,19.0,0.0,19.0,0,Prime Transactor
C40301,763.0,156.8,0.295,0.182,99.3,229.9,4.0,92.0,0.0,20.0,4,Affluent Relationship
C40014,758.0,191.9,0.47,0.239,138.8,281.8,5.0,139.0,-0.0,18.0,4,Affluent Relationship
C30263,564.0,32.5,0.568,0.854,0.6,27.8,2.0,29.0,6.0,7.0,3,Stressed Book
C20177,651.0,56.8,0.355,0.912,0.0,17.5,4.0,49.0,0.0,13.0,2,Card Revolver
C10340,718.0,53.5,0.228,0.125,19.6,5.7,2.0,55.0,1.0,10.0,1,Mass-Market Saver
C20283,656.0,28.1,0.149,0.905,7.6,7.9,2.0,40.0,1.0,15.0,2,Card Revolver
C00164,766.0,79.9,0.189,0.251,23.9,7.8,3.0,68.0,0.0,19.0,0,Prime Transactor
C30056,570.0,22.6,0.568,0.856,2.3,37.5,2.0,33.0,6.0,6.0,3,Stressed Book
C30283,588.0,33.8,0.734,0.77,0.1,23.8,2.0,25.0,3.0,1.0,3,Stressed Book
C40190,715.0,225.2,0.186,0.279,84.4,264.1,4.0,124.0,1.0,11.0,4,Affluent Relationship
C30383,608.0,17.9,0.47,0.822,0.7,36.4,4.0,13.0,6.0,5.0,3,Stressed Book
C30392,527.0,37.4,0.476,0.946,0.8,20.7,2.0,44.0,1.0,9.0,3,Stressed Book
C00142,771.0,99.1,0.166,0.051,15.6,23.6,5.0,84.0,-0.0,22.0,0,Prime Transactor
C00113,772.0,115.6,0.173,0.0,20.7,0.0,3.0,97.0,0.0,10.0,0,Prime Transactor
C20387,655.0,33.2,0.551,0.697,0.0,10.7,2.0,36.0,2.0,10.0,2,Card Revolver
C00378,780.0,90.5,0.18,0.16,23.5,7.2,3.0,85.0,-0.0,8.0,0,Prime Transactor
C00063,789.0,119.2,0.218,0.208,18.3,10.5,3.0,91.0,1.0,9.0,0,Prime Transactor
C30176,619.0,35.3,0.614,0.768,0.2,19.9,3.0,10.0,2.0,6.0,3,Stressed Book
C30311,553.0,36.0,0.569,0.786,3.6,16.0,3.0,25.0,4.0,3.0,3,Stressed Book
C00186,803.0,85.8,0.324,0.114,37.9,11.3,3.0,121.0,0.0,10.0,0,Prime Transactor
C20285,654.0,46.1,0.446,0.809,7.9,10.3,3.0,39.0,1.0,17.0,2,Card Revolver
C20294,618.0,29.2,0.448,0.774,4.5,26.2,2.0,54.0,2.0,16.0,2,Card Revolver
C20218,650.0,41.9,0.423,0.903,0.0,14.5,2.0,20.0,1.0,31.0,2,Card Revolver
C00294,810.0,100.5,0.206,0.191,24.1,9.8,3.0,25.0,1.0,11.0,0,Prime Transactor
C30032,543.0,26.8,0.493,0.763,0.1,21.4,3.0,25.0,5.0,10.0,3,Stressed Book
C40138,778.0,227.4,0.372,0.198,68.3,176.2,7.0,125.0,0.0,9.0,4,Affluent Relationship
C00286,812.0,113.4,0.215,0.152,17.3,6.9,1.0,101.0,0.0,22.0,0,Prime Transactor
C40260,746.0,185.4,0.3,0.239,138.1,255.5,5.0,83.0,1.0,12.0,4,Affluent Relationship
C40026,776.0,208.5,0.412,0.213,86.6,266.0,5.0,80.0,1.0,23.0,4,Affluent Relationship
C00300,790.0,105.7,0.248,0.053,38.0,5.7,2.0,57.0,0.0,22.0,0,Prime Transactor
C40373,778.0,205.0,0.38,0.131,119.3,275.3,6.0,95.0,0.0,11.0,4,Affluent Relationship
C00315,786.0,103.1,0.201,0.035,18.0,18.1,4.0,110.0,0.0,23.0,0,Prime Transactor
C20076,676.0,39.2,0.609,0.612,5.7,21.6,3.0,18.0,0.0,20.0,2,Card Revolver
C10272,690.0,39.8,0.324,0.165,15.1,3.3,2.0,108.0,0.0,8.0,1,Mass-Market Saver
C00359,796.0,96.8,0.198,0.309,28.7,7.7,3.0,81.0,0.0,23.0,0,Prime Transactor
C00130,787.0,98.2,0.188,0.118,44.1,0.0,3.0,50.0,0.0,23.0,0,Prime Transactor
C20055,657.0,27.9,0.483,0.823,1.0,19.2,4.0,2.0,1.0,35.0,2,Card Revolver
C30129,597.0,29.2,0.468,0.92,1.7,19.3,2.0,25.0,5.0,6.0,3,Stressed Book
C00189,812.0,99.8,0.281,0.205,22.8,18.5,3.0,70.0,0.0,18.0,0,Prime Transactor
C00027,785.0,71.2,0.323,0.208,23.4,18.2,4.0,9.0,0.0,18.0,0,Prime Transactor
C20037,639.0,63.1,0.376,0.873,9.2,13.9,3.0,24.0,2.0,19.0,2,Card Revolver
C30365,524.0,31.7,0.553,0.74,2.7,12.3,3.0,31.0,3.0,-0.0,3,Stressed Book
C20099,639.0,45.1,0.415,0.751,3.3,16.2,4.0,35.0,1.0,19.0,2,Card Revolver
C30381,555.0,31.6,0.579,0.775,1.2,13.7,3.0,37.0,6.0,10.0,3,Stressed Book
C40163,740.0,197.5,0.241,0.229,94.5,212.6,5.0,86.0,1.0,10.0,4,Affluent Relationship
C10356,724.0,31.4,0.308,0.178,30.6,6.3,2.0,57.0,1.0,8.0,1,Mass-Market Saver
C10219,720.0,36.3,0.302,0.184,12.4,0.0,3.0,62.0,1.0,15.0,1,Mass-Market Saver
C10357,700.0,46.7,0.313,0.135,22.0,5.5,2.0,68.0,-0.0,7.0,1,Mass-Market Saver
C40367,758.0,126.6,0.264,0.192,93.5,239.9,5.0,90.0,0.0,8.0,4,Affluent Relationship
C30265,553.0,24.3,0.385,0.863,0.1,18.3,2.0,18.0,6.0,12.0,3,Stressed Book
C30001,545.0,20.5,0.451,0.878,0.7,5.8,2.0,26.0,4.0,3.0,3,Stressed Book
C30361,553.0,21.5,0.486,0.894,1.4,25.6,3.0,24.0,5.0,9.0,3,Stressed Book
C20362,654.0,48.6,0.399,0.802,1.2,13.7,3.0,32.0,1.0,27.0,2,Card Revolver
C30067,623.0,39.4,0.655,0.8,1.0,30.3,2.0,37.0,5.0,4.0,3,Stressed Book
C00266,764.0,104.2,0.351,0.089,26.7,19.1,4.0,87.0,-0.0,21.0,0,Prime Transactor
C10194,711.0,33.0,0.255,0.233,36.8,7.7,2.0,79.0,0.0,8.0,1,Mass-Market Saver
C10304,754.0,68.9,0.199,0.173,11.5,1.3,3.0,34.0,-0.0,7.0,1,Mass-Market Saver
C00325,806.0,113.6,0.193,0.192,24.8,24.1,4.0,61.0,1.0,13.0,0,Prime Transactor
C20327,621.0,52.9,0.424,0.722,4.6,15.1,2.0,40.0,3.0,20.0,2,Card Revolver
C20063,658.0,47.3,0.516,0.809,2.5,15.1,4.0,77.0,1.0,5.0,2,Card Revolver
C10230,717.0,44.2,0.31,0.147,23.9,10.1,3.0,9.0,1.0,8.0,1,Mass-Market Saver
C30294,590.0,49.4,0.595,0.865,3.9,26.9,2.0,35.0,4.0,2.0,3,Stressed Book
C00075,784.0,93.8,0.203,0.126,23.6,11.3,2.0,63.0,1.0,18.0,0,Prime Transactor
C30233,546.0,20.6,0.643,0.99,2.3,38.0,1.0,48.0,7.0,12.0,3,Stressed Book
C40006,781.0,173.1,0.29,0.196,65.6,228.3,7.0,76.0,1.0,9.0,4,Affluent Relationship
C20101,674.0,53.9,0.512,0.792,7.4,17.6,3.0,11.0,1.0,17.0,2,Card Revolver
C10317,706.0,35.3,0.22,0.321,17.3,3.3,2.0,47.0,1.0,3.0,1,Mass-Market Saver
C10337,685.0,46.4,0.234,0.224,19.1,0.0,2.0,79.0,1.0,10.0,1,Mass-Market Saver
C30068,623.0,42.4,0.381,0.812,1.5,30.3,2.0,9.0,6.0,5.0,3,Stressed Book
C30107,571.0,34.3,0.579,0.781,0.6,26.3,3.0,12.0,2.0,10.0,3,Stressed Book
C20029,670.0,63.8,0.4,0.612,6.4,25.1,2.0,12.0,2.0,28.0,2,Card Revolver
C20033,642.0,39.9,0.284,0.747,1.8,16.4,3.0,42.0,2.0,31.0,2,Card Revolver
C00180,797.0,93.7,0.128,0.231,19.4,14.0,3.0,106.0,0.0,24.0,0,Prime Transactor
C10342,704.0,49.7,0.331,0.21,17.5,2.8,2.0,40.0,1.0,6.0,1,Mass-Market Saver
C40037,740.0,208.9,0.249,0.15,137.3,261.6,7.0,108.0,1.0,14.0,4,Affluent Relationship
C20115,680.0,44.3,0.513,0.635,4.7,14.2,3.0,6.0,2.0,23.0,2,Card Revolver
C00376,789.0,70.1,0.323,0.185,36.5,2.5,3.0,59.0,0.0,11.0,0,Prime Transactor
C40378,744.0,149.4,0.172,0.177,117.2,281.3,5.0,155.0,1.0,16.0,4,Affluent Relationship
C00023,789.0,80.9,0.241,0.14,48.3,0.9,4.0,70.0,0.0,9.0,0,Prime Transactor
C00346,782.0,118.5,0.242,0.113,33.4,15.2,4.0,84.0,1.0,26.0,0,Prime Transactor
C40034,742.0,187.1,0.31,0.349,29.6,358.4,6.0,111.0,0.0,12.0,4,Affluent Relationship
C40136,767.0,169.9,0.274,0.174,94.5,186.1,6.0,128.0,1.0,20.0,4,Affluent Relationship
C00008,777.0,89.5,0.241,0.113,26.0,3.1,3.0,61.0,1.0,22.0,0,Prime Transactor
C00228,780.0,97.3,0.21,0.08,24.0,18.0,4.0,103.0,-0.0,16.0,0,Prime Transactor
C10089,723.0,55.6,0.259,0.255,28.8,9.1,1.0,36.0,-0.0,7.0,1,Mass-Market Saver
C00213,804.0,139.8,0.189,0.124,25.5,14.8,4.0,103.0,-0.0,27.0,0,Prime Transactor
C20017,644.0,56.6,0.392,0.654,3.1,21.8,2.0,49.0,2.0,39.0,2,Card Revolver
C30250,601.0,14.0,0.55,0.919,0.1,41.1,2.0,63.0,5.0,10.0,3,Stressed Book
C10049,677.0,47.5,0.249,0.262,30.3,0.0,2.0,92.0,1.0,14.0,1,Mass-Market Saver
C10325,673.0,48.4,0.311,0.161,14.0,3.8,2.0,53.0,0.0,8.0,1,Mass-Market Saver
C00015,773.0,89.1,0.186,0.12,24.2,9.6,2.0,53.0,1.0,14.0,0,Prime Transactor
C40201,776.0,167.2,0.357,0.211,68.7,332.5,6.0,120.0,-0.0,8.0,4,Affluent Relationship
C40171,758.0,169.5,0.331,0.13,125.2,213.0,6.0,45.0,0.0,15.0,4,Affluent Relationship
C10243,693.0,62.8,0.326,0.354,30.8,8.9,2.0,31.0,1.0,8.0,1,Mass-Market Saver
C30101,568.0,16.8,0.532,0.846,2.0,24.1,3.0,11.0,3.0,8.0,3,Stressed Book
C30133,563.0,31.1,0.564,0.775,0.6,25.5,1.0,28.0,2.0,7.0,3,Stressed Book
C10146,693.0,53.7,0.274,0.278,18.5,11.8,1.0,34.0,1.0,2.0,1,Mass-Market Saver
C20353,678.0,44.6,0.632,0.933,11.9,20.7,3.0,53.0,2.0,25.0,2,Card Revolver
C10240,740.0,45.8,0.258,0.252,30.4,7.7,2.0,60.0,1.0,5.0,1,Mass-Market Saver
C00354,770.0,97.6,0.259,0.134,17.6,0.0,3.0,76.0,0.0,15.0,0,Prime Transactor
C10368,696.0,47.0,0.33,0.219,32.0,3.2,3.0,27.0,0.0,5.0,1,Mass-Market Saver
C00207,787.0,95.4,0.181,0.059,14.2,27.0,2.0,109.0,0.0,16.0,0,Prime Transactor
C30174,589.0,38.5,0.501,0.88,1.8,19.9,4.0,22.0,7.0,10.0,3,Stressed Book
C20161,684.0,57.6,0.295,0.626,4.7,26.3,4.0,41.0,2.0,25.0,2,Card Revolver
C20274,689.0,41.1,0.454,0.958,3.0,18.8,3.0,32.0,3.0,29.0,2,Card Revolver
C10016,705.0,47.2,0.275,0.278,18.2,0.9,2.0,96.0,0.0,7.0,1,Mass-Market Saver
C40389,737.0,248.7,0.311,0.167,108.4,197.7,5.0,120.0,-0.0,12.0,4,Affluent Relationship
C20258,645.0,45.0,0.421,0.9,2.1,19.5,3.0,37.0,2.0,20.0,2,Card Revolver
C20367,598.0,32.7,0.308,0.776,5.1,11.3,3.0,40.0,1.0,20.0,2,Card Revolver
C10287,685.0,39.9,0.297,0.196,19.4,7.1,3.0,83.0,0.0,4.0,1,Mass-Market Saver
C10042,668.0,38.9,0.277,0.34,29.9,9.0,1.0,51.0,1.0,9.0,1,Mass-Market Saver
C40050,780.0,168.6,0.176,0.114,98.7,276.0,6.0,106.0,-0.0,14.0,4,Affluent Relationship
C10202,728.0,52.1,0.435,0.17,32.1,8.1,3.0,44.0,1.0,2.0,1,Mass-Market Saver
C40304,766.0,150.9,0.392,0.232,72.6,357.6,7.0,50.0,0.0,11.0,4,Affluent Relationship
C00348,762.0,113.7,0.188,0.143,32.2,5.6,3.0,22.0,-0.0,7.0,0,Prime Transactor
C10362,677.0,60.5,0.284,0.143,8.5,12.0,3.0,31.0,1.0,9.0,1,Mass-Market Saver
C10003,684.0,43.3,0.299,0.238,22.0,5.4,3.0,58.0,1.0,9.0,1,Mass-Market Saver
C00362,800.0,83.6,0.228,0.069,47.4,19.3,4.0,40.0,-0.0,24.0,0,Prime Transactor
C00026,786.0,109.5,0.253,0.133,17.6,16.1,3.0,98.0,-0.0,17.0,0,Prime Transactor
C40303,733.0,119.1,0.297,0.187,81.7,261.6,5.0,112.0,0.0,16.0,4,Affluent Relationship
C20368,597.0,36.8,0.471,0.802,0.0,15.9,3.0,20.0,2.0,15.0,2,Card Revolver
C00177,788.0,75.2,0.197,0.075,31.0,12.9,4.0,89.0,-0.0,20.0,0,Prime Transactor
C40323,741.0,173.9,0.24,0.223,91.1,276.3,6.0,112.0,0.0,18.0,4,Affluent Relationship
C20061,656.0,38.3,0.566,0.734,9.7,27.4,2.0,23.0,3.0,21.0,2,Card Revolver
C10210,675.0,39.0,0.353,0.192,21.3,9.1,3.0,60.0,0.0,13.0,1,Mass-Market Saver
C10264,676.0,54.3,0.272,0.24,27.0,3.9,3.0,78.0,1.0,13.0,1,Mass-Market Saver
C00252,793.0,91.6,0.286,0.152,22.1,17.7,3.0,29.0,1.0,16.0,0,Prime Transactor
C10014,664.0,48.4,0.23,0.313,18.6,7.8,2.0,67.0,1.0,6.0,1,Mass-Market Saver
C10158,740.0,34.7,0.227,0.195,22.0,9.2,3.0,48.0,0.0,8.0,1,Mass-Market Saver
C10153,704.0,57.0,0.233,0.104,26.4,7.0,3.0,54.0,1.0,6.0,1,Mass-Market Saver
C00193,808.0,75.0,0.199,0.036,29.4,11.2,3.0,56.0,0.0,14.0,0,Prime Transactor
C20333,645.0,39.1,0.527,0.721,6.4,15.2,2.0,40.0,2.0,13.0,2,Card Revolver
C40110,758.0,138.7,0.317,0.232,101.7,335.9,6.0,65.0,-0.0,16.0,4,Affluent Relationship
C20351,658.0,28.9,0.308,0.673,6.6,15.9,4.0,35.0,1.0,27.0,2,Card Revolver
C10045,696.0,69.8,0.218,0.176,21.9,1.5,1.0,74.0,-0.0,6.0,1,Mass-Market Saver
C40353,754.0,195.5,0.334,0.209,117.8,263.7,4.0,77.0,1.0,19.0,4,Affluent Relationship
C20112,638.0,46.4,0.335,0.622,7.8,5.1,3.0,11.0,1.0,20.0,2,Card Revolver
C20172,700.0,25.6,0.368,0.906,6.3,6.6,3.0,29.0,1.0,29.0,2,Card Revolver
C30254,599.0,46.0,0.289,0.906,1.9,16.5,2.0,32.0,4.0,5.0,3,Stressed Book
C10051,739.0,69.3,0.268,0.362,17.3,2.5,1.0,72.0,0.0,17.0,1,Mass-Market Saver
C30189,574.0,39.7,0.595,0.796,2.5,29.5,2.0,43.0,7.0,9.0,3,Stressed Book
C10064,675.0,34.3,0.259,0.339,28.4,3.2,3.0,30.0,1.0,6.0,1,Mass-Market Saver
C20288,637.0,53.9,0.418,0.972,9.1,23.1,3.0,49.0,0.0,24.0,2,Card Revolver
C10058,709.0,35.0,0.316,0.267,19.2,13.4,2.0,59.0,-0.0,1.0,1,Mass-Market Saver
C30184,585.0,26.2,0.474,0.666,0.5,17.2,2.0,45.0,2.0,1.0,3,Stressed Book
C40332,751.0,201.2,0.297,0.099,102.0,277.6,4.0,53.0,-0.0,20.0,4,Affluent Relationship
C10331,691.0,40.9,0.268,0.098,4.7,10.9,2.0,74.0,0.0,8.0,1,Mass-Market Saver
C00369,796.0,73.8,0.216,0.177,33.0,15.1,3.0,57.0,0.0,24.0,0,Prime Transactor
C10084,697.0,45.3,0.219,0.231,16.5,2.7,4.0,68.0,1.0,8.0,1,Mass-Market Saver
C30242,575.0,35.0,0.442,0.896,2.0,23.3,1.0,48.0,6.0,4.0,3,Stressed Book
C20378,619.0,33.2,0.225,0.793,0.0,0.0,4.0,43.0,2.0,24.0,2,Card Revolver
C00307,788.0,98.2,0.301,0.169,18.0,6.9,3.0,57.0,0.0,12.0,0,Prime Transactor
C00285,803.0,101.2,0.206,0.1,33.6,14.6,3.0,113.0,0.0,18.0,0,Prime Transactor
C10211,690.0,65.5,0.262,0.162,27.8,8.1,1.0,60.0,-0.0,5.0,1,Mass-Market Saver
C10249,698.0,49.9,0.18,0.286,21.1,6.5,3.0,89.0,0.0,6.0,1,Mass-Market Saver
C10316,709.0,40.7,0.255,0.237,22.1,13.2,3.0,28.0,1.0,3.0,1,Mass-Market Saver
C30177,608.0,17.9,0.499,0.756,3.2,30.2,2.0,28.0,4.0,7.0,3,Stressed Book
C30289,614.0,31.4,0.455,0.845,1.1,24.4,3.0,26.0,4.0,10.0,3,Stressed Book
C20287,689.0,33.0,0.544,0.738,6.1,19.3,3.0,5.0,3.0,16.0,2,Card Revolver
C10257,687.0,46.9,0.313,0.239,26.9,2.7,2.0,49.0,0.0,-0.0,1,Mass-Market Saver
C30151,566.0,42.9,0.445,0.854,1.0,21.8,3.0,1.0,5.0,9.0,3,Stressed Book
C20083,662.0,56.7,0.433,0.77,0.0,27.0,3.0,37.0,1.0,12.0,2,Card Revolver
C10299,708.0,55.8,0.265,0.194,33.7,3.3,3.0,71.0,-0.0,9.0,1,Mass-Market Saver
C20024,639.0,44.9,0.456,0.918,0.0,20.7,1.0,47.0,2.0,26.0,2,Card Revolver
C40325,772.0,153.0,0.226,0.174,103.3,234.7,6.0,80.0,1.0,22.0,4,Affluent Relationship
C00097,784.0,113.5,0.084,0.158,17.7,19.7,3.0,51.0,0.0,13.0,0,Prime Transactor
C40212,776.0,167.4,0.44,0.141,73.5,180.0,4.0,103.0,-0.0,16.0,4,Affluent Relationship
C20184,627.0,52.2,0.173,0.595,9.8,19.7,2.0,73.0,3.0,32.0,2,Card Revolver
C20010,718.0,52.9,0.493,0.745,5.8,33.6,3.0,53.0,3.0,27.0,2,Card Revolver
C00139,772.0,49.6,0.39,0.162,46.2,4.7,4.0,110.0,1.0,18.0,0,Prime Transactor
C20396,645.0,47.6,0.371,0.91,4.1,24.9,4.0,2.0,4.0,24.0,2,Card Revolver
C40379,749.0,184.7,0.487,0.211,39.9,254.8,7.0,131.0,0.0,16.0,4,Affluent Relationship
C10298,704.0,48.3,0.317,0.155,30.7,12.0,3.0,44.0,0.0,6.0,1,Mass-Market Saver
C30147,577.0,44.1,0.614,0.798,1.7,9.2,2.0,33.0,2.0,12.0,3,Stressed Book
C20105,658.0,47.8,0.424,0.796,3.5,17.0,2.0,13.0,2.0,17.0,2,Card Revolver
C20130,662.0,16.9,0.545,0.615,1.6,22.7,2.0,30.0,0.0,19.0,2,Card Revolver
C20372,695.0,35.8,0.465,0.752,0.7,26.7,3.0,38.0,2.0,20.0,2,Card Revolver
C10354,699.0,49.5,0.215,0.233,21.3,3.4,2.0,60.0,1.0,9.0,1,Mass-Market Saver
C00128,774.0,85.3,0.251,0.155,42.0,15.3,4.0,108.0,0.0,9.0,0,Prime Transactor
C10339,703.0,50.2,0.209,0.163,25.6,4.3,1.0,54.0,0.0,15.0,1,Mass-Market Saver
C10258,699.0,34.5,0.375,0.341,35.1,9.1,2.0,73.0,0.0,10.0,1,Mass-Market Saver
C10355,687.0,55.0,0.291,0.264,30.7,2.6,2.0,43.0,-0.0,15.0,1,Mass-Market Saver
C30152,575.0,32.7,0.501,0.913,1.6,16.7,2.0,41.0,5.0,6.0,3,Stressed Book
C10122,742.0,46.4,0.398,0.319,22.4,9.5,2.0,37.0,0.0,4.0,1,Mass-Market Saver
C00264,798.0,105.1,0.329,0.137,40.2,3.8,2.0,106.0,1.0,21.0,0,Prime Transactor
C30103,571.0,35.4,0.448,0.725,1.3,23.4,1.0,17.0,5.0,6.0,3,Stressed Book
C40167,734.0,182.4,0.226,0.248,69.8,224.6,7.0,125.0,-0.0,10.0,4,Affluent Relationship
C30380,613.0,23.0,0.449,0.948,1.2,22.2,2.0,29.0,4.0,7.0,3,Stressed Book
C10231,684.0,61.3,0.155,0.365,16.5,12.1,2.0,26.0,0.0,9.0,1,Mass-Market Saver
C10098,717.0,45.2,0.343,0.202,26.9,2.2,2.0,62.0,-0.0,6.0,1,Mass-Market Saver
C40035,737.0,113.5,0.459,0.252,106.4,271.8,4.0,90.0,0.0,20.0,4,Affluent Relationship
C30119,550.0,31.9,0.463,0.99,0.0,24.2,1.0,41.0,3.0,12.0,3,Stressed Book
C40049,760.0,162.2,0.34,0.083,75.8,175.9,5.0,116.0,0.0,12.0,4,Affluent Relationship
C20215,671.0,41.8,0.355,0.779,5.8,15.9,3.0,31.0,1.0,22.0,2,Card Revolver
C10032,700.0,64.6,0.381,0.267,23.8,1.9,3.0,54.0,1.0,6.0,1,Mass-Market Saver
C20349,644.0,34.1,0.46,0.891,5.5,24.9,3.0,34.0,1.0,18.0,2,Card Revolver
C40101,774.0,182.6,0.365,0.244,124.5,239.1,5.0,46.0,0.0,11.0,4,Affluent Relationship
C00068,796.0,89.0,0.25,0.067,24.4,3.8,4.0,71.0,-0.0,16.0,0,Prime Transactor
C40306,742.0,135.3,0.408,0.224,107.2,212.4,5.0,131.0,0.0,20.0,4,Affluent Relationship
C10260,702.0,42.5,0.274,0.295,29.3,7.0,2.0,56.0,0.0,10.0,1,Mass-Market Saver
C20390,683.0,31.8,0.295,0.781,6.8,6.3,4.0,50.0,1.0,23.0,2,Card Revolver
C20192,684.0,44.1,0.447,0.757,4.2,32.1,2.0,37.0,1.0,30.0,2,Card Revolver
C10173,722.0,66.4,0.34,0.15,31.1,7.3,3.0,57.0,1.0,10.0,1,Mass-Market Saver
C00334,783.0,114.2,0.224,0.084,49.9,3.4,3.0,92.0,-0.0,17.0,0,Prime Transactor
C00338,767.0,107.2,0.177,0.152,29.3,20.8,3.0,97.0,-0.0,22.0,0,Prime Transactor
C20227,655.0,24.1,0.425,0.798,6.2,15.9,2.0,34.0,0.0,37.0,2,Card Revolver
C00383,776.0,92.3,0.347,0.132,36.8,8.5,3.0,31.0,0.0,25.0,0,Prime Transactor
C30293,583.0,36.1,0.584,0.985,2.1,35.2,2.0,22.0,4.0,8.0,3,Stressed Book
C00055,789.0,97.6,0.212,0.094,33.5,0.0,4.0,78.0,0.0,20.0,0,Prime Transactor
C10281,681.0,47.6,0.251,0.158,24.9,8.1,1.0,33.0,1.0,9.0,1,Mass-Market Saver
C20281,642.0,60.7,0.482,0.825,0.0,20.8,2.0,43.0,2.0,16.0,2,Card Revolver
C40311,758.0,95.6,0.267,0.088,35.5,263.7,6.0,73.0,-0.0,16.0,4,Affluent Relationship
C30327,572.0,33.6,0.445,0.718,1.8,31.4,2.0,23.0,0.0,10.0,3,Stressed Book
C10305,722.0,44.2,0.253,0.29,25.5,7.7,3.0,34.0,1.0,5.0,1,Mass-Market Saver
C40071,752.0,228.0,0.194,0.086,94.5,145.9,7.0,53.0,-0.0,12.0,4,Affluent Relationship
C00170,768.0,103.1,0.098,0.194,23.2,5.7,3.0,97.0,0.0,24.0,0,Prime Transactor
C40249,745.0,196.9,0.263,0.223,99.1,240.7,4.0,57.0,-0.0,8.0,4,Affluent Relationship
C40191,742.0,194.8,0.382,0.233,74.1,239.7,6.0,121.0,1.0,15.0,4,Affluent Relationship
C00326,768.0,68.9,0.236,0.117,27.2,8.7,4.0,62.0,-0.0,25.0,0,Prime Transactor
C10103,739.0,50.4,0.34,0.312,14.3,12.8,3.0,73.0,-0.0,11.0,1,Mass-Market Saver
C20181,644.0,55.9,0.525,0.99,6.4,24.3,2.0,39.0,0.0,30.0,2,Card Revolver
C10009,717.0,51.8,0.331,0.426,27.8,7.7,3.0,27.0,-0.0,6.0,1,Mass-Market Saver
C00297,794.0,112.3,0.248,0.045,16.3,26.6,3.0,38.0,0.0,16.0,0,Prime Transactor
C20364,626.0,51.1,0.477,0.926,6.2,14.5,4.0,26.0,1.0,12.0,2,Card Revolver
C40067,753.0,108.9,0.274,0.412,102.5,233.6,6.0,67.0,0.0,18.0,4,Affluent Relationship
C30155,537.0,43.3,0.509,0.99,2.3,23.1,3.0,45.0,4.0,7.0,3,Stressed Book
C30142,579.0,43.6,0.596,0.924,1.0,28.1,2.0,27.0,4.0,0.0,3,Stressed Book
C40300,703.0,97.5,0.314,0.216,72.3,138.0,5.0,122.0,0.0,7.0,4,Affluent Relationship
C10318,677.0,53.4,0.167,0.188,30.6,5.9,2.0,39.0,-0.0,6.0,1,Mass-Market Saver
C10271,702.0,46.4,0.327,0.227,23.2,0.3,2.0,60.0,0.0,9.0,1,Mass-Market Saver
C10248,715.0,55.9,0.402,0.133,26.5,5.3,2.0,76.0,1.0,4.0,1,Mass-Market Saver
C40399,762.0,196.6,0.396,0.109,75.6,164.4,7.0,71.0,1.0,12.0,4,Affluent Relationship
C40073,779.0,208.2,0.302,0.308,99.2,314.2,4.0,74.0,-0.0,23.0,4,Affluent Relationship
C30332,546.0,45.4,0.569,0.799,0.4,21.8,4.0,35.0,3.0,7.0,3,Stressed Book
C40356,717.0,97.8,0.264,0.191,134.2,268.5,4.0,82.0,-0.0,14.0,4,Affluent Relationship
C10300,692.0,38.4,0.151,0.095,25.0,4.4,3.0,33.0,0.0,7.0,1,Mass-Market Saver
C10302,750.0,48.4,0.379,0.015,33.1,5.8,1.0,69.0,1.0,13.0,1,Mass-Market Saver
C10131,695.0,58.5,0.366,0.11,18.0,4.7,2.0,32.0,0.0,7.0,1,Mass-Market Saver
C10007,711.0,38.1,0.331,0.178,29.7,11.4,1.0,60.0,-0.0,2.0,1,Mass-Market Saver
C00199,762.0,99.5,0.229,0.282,29.0,0.0,3.0,75.0,-0.0,13.0,0,Prime Transactor
C10073,716.0,35.8,0.265,0.044,11.5,7.5,3.0,30.0,-0.0,11.0,1,Mass-Market Saver
C10329,712.0,50.2,0.37,0.229,9.7,4.6,3.0,63.0,0.0,10.0,1,Mass-Market Saver
C30226,603.0,44.8,0.474,0.99,1.3,33.7,2.0,29.0,3.0,6.0,3,Stressed Book
C00216,808.0,90.3,0.203,0.062,9.3,8.9,3.0,84.0,-0.0,27.0,0,Prime Transactor
C00253,774.0,101.1,0.126,0.039,23.0,7.8,3.0,99.0,0.0,21.0,0,Prime Transactor
C00152,782.0,97.7,0.248,0.033,48.3,21.5,4.0,63.0,0.0,21.0,0,Prime Transactor
C20365,684.0,52.8,0.371,0.746,4.0,19.2,3.0,37.0,2.0,10.0,2,Card Revolver
C40197,807.0,117.6,0.234,0.161,57.5,243.1,6.0,95.0,0.0,16.0,4,Affluent Relationship
C30047,594.0,19.9,0.515,0.929,2.2,22.0,2.0,40.0,4.0,9.0,3,Stressed Book
C40081,742.0,119.1,0.202,0.268,106.7,189.9,7.0,92.0,0.0,7.0,4,Affluent Relationship
C30120,559.0,40.9,0.534,0.947,1.5,0.0,2.0,7.0,6.0,8.0,3,Stressed Book
C30367,600.0,46.3,0.49,0.879,0.0,21.1,3.0,13.0,6.0,0.0,3,Stressed Book
C40299,751.0,157.6,0.285,0.186,41.4,241.3,6.0,56.0,1.0,9.0,4,Affluent Relationship
C30197,540.0,28.4,0.622,0.767,2.0,27.1,1.0,43.0,4.0,15.0,3,Stressed Book
C10130,738.0,40.8,0.276,0.368,13.4,9.4,3.0,51.0,-0.0,10.0,1,Mass-Market Saver
C20332,650.0,53.0,0.595,0.952,5.2,31.2,3.0,28.0,4.0,13.0,2,Card Revolver
C30044,573.0,28.5,0.513,0.845,0.2,19.2,3.0,25.0,6.0,1.0,3,Stressed Book
C00240,764.0,108.3,0.206,0.143,23.7,14.4,3.0,71.0,0.0,18.0,0,Prime Transactor
C30109,559.0,27.9,0.473,0.867,1.2,19.9,3.0,32.0,4.0,11.0,3,Stressed Book
C40042,740.0,171.1,0.363,0.122,39.9,237.5,6.0,107.0,-0.0,19.0,4,Affluent Relationship
C00187,772.0,89.3,0.349,0.132,37.3,4.0,3.0,88.0,1.0,14.0,0,Prime Transactor
C00246,793.0,102.5,0.276,0.077,22.1,5.4,3.0,70.0,-0.0,12.0,0,Prime Transactor
C20103,651.0,39.7,0.395,0.826,1.1,24.0,1.0,37.0,2.0,15.0,2,Card Revolver
C30225,566.0,26.0,0.582,0.915,1.1,18.3,3.0,54.0,5.0,5.0,3,Stressed Book
C30281,608.0,25.6,0.636,0.915,1.2,42.0,1.0,25.0,3.0,3.0,3,Stressed Book
C20082,612.0,33.9,0.402,0.816,7.1,13.7,2.0,48.0,3.0,18.0,2,Card Revolver
C10292,759.0,63.5,0.316,0.273,16.2,5.3,3.0,56.0,-0.0,5.0,1,Mass-Market Saver
C00302,783.0,86.2,0.193,0.204,2.7,19.1,5.0,73.0,0.0,22.0,0,Prime Transactor
C00283,777.0,80.8,0.14,0.049,27.3,10.3,4.0,57.0,1.0,20.0,0,Prime Transactor
C20079,628.0,45.3,0.411,0.635,0.0,14.4,3.0,43.0,1.0,0.0,2,Card Revolver
C10105,738.0,35.8,0.247,0.146,22.9,11.9,3.0,33.0,0.0,12.0,1,Mass-Market Saver
C40317,741.0,150.9,0.386,0.197,25.2,255.0,6.0,68.0,0.0,15.0,4,Affluent Relationship
C00321,814.0,106.1,0.241,0.195,37.0,15.7,3.0,114.0,0.0,17.0,0,Prime Transactor
C40355,758.0,127.8,0.344,0.166,70.0,286.4,6.0,100.0,0.0,14.0,4,Affluent Relationship
C30052,550.0,34.4,0.528,0.896,0.4,22.9,2.0,26.0,5.0,18.0,3,Stressed Book
C20032,650.0,64.2,0.299,0.809,2.2,20.2,3.0,38.0,2.0,24.0,2,Card Revolver
C10221,709.0,38.5,0.268,0.184,13.5,5.9,2.0,43.0,1.0,4.0,1,Mass-Market Saver
C30300,604.0,28.2,0.482,0.778,1.3,17.8,3.0,37.0,4.0,4.0,3,Stressed Book
C20234,624.0,39.8,0.325,0.7,4.1,14.6,3.0,11.0,4.0,32.0,2,Card Revolver
C00122,763.0,118.5,0.234,0.029,34.5,22.1,3.0,56.0,0.0,20.0,0,Prime Transactor
C30042,560.0,20.7,0.672,0.882,0.0,14.0,1.0,31.0,6.0,2.0,3,Stressed Book
C10110,710.0,37.1,0.317,0.229,23.9,11.5,3.0,81.0,1.0,3.0,1,Mass-Market Saver
C00280,803.0,112.8,0.173,0.117,38.3,6.8,3.0,92.0,1.0,11.0,0,Prime Transactor
C30046,576.0,34.6,0.649,0.757,0.5,14.9,3.0,1.0,2.0,14.0,3,Stressed Book
C30036,632.0,35.4,0.649,0.979,2.2,29.3,2.0,27.0,3.0,6.0,3,Stressed Book
C40334,711.0,166.6,0.228,0.088,100.6,227.1,6.0,147.0,0.0,16.0,4,Affluent Relationship
C20388,663.0,66.6,0.35,0.764,6.0,26.4,2.0,20.0,0.0,31.0,2,Card Revolver
C30000,536.0,26.5,0.722,0.811,5.0,23.9,2.0,47.0,4.0,8.0,3,Stressed Book
C30338,626.0,23.1,0.646,0.805,0.4,26.0,3.0,18.0,3.0,4.0,3,Stressed Book
C10277,698.0,69.2,0.258,0.322,16.4,2.7,3.0,66.0,0.0,10.0,1,Mass-Market Saver
C10118,693.0,36.3,0.201,0.255,30.5,0.6,4.0,83.0,0.0,6.0,1,Mass-Market Saver
C20346,661.0,24.2,0.257,0.99,8.3,26.1,1.0,40.0,2.0,23.0,2,Card Revolver
C30310,555.0,39.4,0.6,0.941,1.1,20.6,2.0,45.0,5.0,7.0,3,Stressed Book
C00067,767.0,97.1,0.247,0.07,11.5,0.5,4.0,54.0,0.0,19.0,0,Prime Transactor
C00332,777.0,92.7,0.22,0.126,26.3,20.0,3.0,76.0,0.0,12.0,0,Prime Transactor
C10168,696.0,48.7,0.233,0.101,16.6,4.0,2.0,78.0,0.0,9.0,1,Mass-Market Saver
C40229,755.0,138.5,0.281,0.189,74.4,199.7,4.0,48.0,0.0,15.0,4,Affluent Relationship
C20389,676.0,17.6,0.235,0.652,0.0,20.7,3.0,67.0,2.0,23.0,2,Card Revolver
C30223,588.0,24.1,0.514,0.83,0.0,38.9,3.0,17.0,2.0,3.0,3,Stressed Book
C40083,737.0,161.4,0.325,0.167,114.6,190.7,5.0,107.0,0.0,15.0,4,Affluent Relationship
C10072,717.0,39.9,0.228,0.104,12.3,9.2,3.0,30.0,-0.0,6.0,1,Mass-Market Saver
C30121,574.0,35.5,0.533,0.814,3.7,25.7,2.0,8.0,3.0,6.0,3,Stressed Book
C10111,711.0,53.1,0.18,0.328,22.7,7.5,2.0,56.0,1.0,7.0,1,Mass-Market Saver
C10077,664.0,57.9,0.308,0.16,20.5,3.9,2.0,73.0,0.0,13.0,1,Mass-Market Saver
C20085,657.0,25.3,0.38,0.83,0.0,7.6,3.0,20.0,2.0,12.0,2,Card Revolver
C30191,597.0,42.4,0.576,0.858,1.7,5.3,1.0,42.0,4.0,13.0,3,Stressed Book
C00318,760.0,93.4,0.169,0.177,27.7,25.3,4.0,92.0,0.0,19.0,0,Prime Transactor
C20136,697.0,41.1,0.461,0.686,4.6,28.9,3.0,39.0,-0.0,19.0,2,Card Revolver
C40108,743.0,168.3,0.256,0.217,85.6,262.7,4.0,116.0,0.0,12.0,4,Affluent Relationship
C20193,701.0,39.1,0.186,0.849,6.1,6.2,3.0,36.0,0.0,28.0,2,Card Revolver
C10181,697.0,34.4,0.248,0.19,31.8,14.0,2.0,47.0,0.0,7.0,1,Mass-Market Saver
C00132,813.0,100.2,0.235,0.035,42.3,26.5,3.0,67.0,-0.0,23.0,0,Prime Transactor
C40113,734.0,211.7,0.288,0.164,81.0,273.0,5.0,110.0,-0.0,19.0,4,Affluent Relationship
C20028,655.0,43.6,0.461,0.872,4.6,16.6,2.0,11.0,1.0,30.0,2,Card Revolver
C30396,596.0,18.2,0.491,0.903,1.3,19.4,2.0,50.0,1.0,12.0,3,Stressed Book
C20186,661.0,50.1,0.382,0.775,6.1,21.5,4.0,41.0,1.0,8.0,2,Card Revolver
C40338,735.0,157.8,0.276,0.121,123.6,306.8,4.0,112.0,0.0,18.0,4,Affluent Relationship
C00368,788.0,94.5,0.374,0.166,23.2,16.5,2.0,58.0,0.0,27.0,0,Prime Transactor
C10332,717.0,54.0,0.191,0.306,13.6,6.4,4.0,54.0,1.0,6.0,1,Mass-Market Saver
C30154,579.0,36.1,0.581,0.857,0.5,39.1,2.0,18.0,4.0,11.0,3,Stressed Book
C00125,773.0,86.8,0.161,0.132,39.9,8.1,2.0,121.0,0.0,11.0,0,Prime Transactor
C40002,750.0,146.0,0.454,0.114,92.2,198.6,5.0,24.0,1.0,12.0,4,Affluent Relationship
C30350,607.0,37.7,0.51,0.729,3.2,19.7,1.0,46.0,5.0,0.0,3,Stressed Book
C00256,771.0,87.1,0.21,0.212,43.0,9.9,4.0,71.0,0.0,23.0,0,Prime Transactor
C40354,751.0,110.5,0.262,0.326,118.7,326.0,4.0,56.0,0.0,7.0,4,Affluent Relationship
C30273,599.0,25.7,0.736,0.834,3.4,14.9,1.0,29.0,3.0,8.0,3,Stressed Book
C00289,774.0,122.9,0.058,0.078,34.9,0.0,5.0,10.0,1.0,27.0,0,Prime Transactor
C10377,747.0,37.1,0.219,0.195,27.9,8.2,2.0,80.0,1.0,13.0,1,Mass-Market Saver
C00081,759.0,92.0,0.204,0.132,14.4,25.1,3.0,43.0,-0.0,16.0,0,Prime Transactor
C00053,781.0,85.1,0.234,0.12,14.4,12.5,2.0,57.0,0.0,6.0,0,Prime Transactor
C30205,576.0,20.1,0.365,0.99,0.3,10.4,3.0,8.0,5.0,10.0,3,Stressed Book
C10157,655.0,58.0,0.275,0.219,13.4,7.3,2.0,35.0,0.0,3.0,1,Mass-Market Saver
C00040,788.0,102.1,0.197,0.182,30.1,2.3,2.0,91.0,0.0,7.0,0,Prime Transactor
C20320,627.0,46.5,0.527,0.869,0.6,0.0,3.0,44.0,1.0,32.0,2,Card Revolver
C00261,792.0,84.0,0.244,0.127,36.4,2.0,3.0,68.0,-0.0,19.0,0,Prime Transactor
C40271,739.0,217.9,0.42,0.13,99.4,360.3,6.0,132.0,0.0,13.0,4,Affluent Relationship
C20155,662.0,32.3,0.399,0.684,10.4,7.7,4.0,24.0,2.0,21.0,2,Card Revolver
C00083,777.0,79.9,0.267,0.051,23.2,11.8,2.0,49.0,0.0,5.0,0,Prime Transactor
C40044,755.0,115.1,0.319,0.099,91.0,86.0,7.0,157.0,1.0,10.0,4,Affluent Relationship
C30005,561.0,38.8,0.398,0.869,1.4,22.8,1.0,42.0,7.0,1.0,3,Stressed Book
C30343,617.0,28.4,0.612,0.868,1.5,33.0,2.0,28.0,4.0,7.0,3,Stressed Book
C20006,601.0,47.9,0.418,0.69,3.9,34.0,3.0,30.0,3.0,16.0,2,Card Revolver
C00030,812.0,105.0,0.216,0.085,21.7,24.8,4.0,74.0,0.0,11.0,0,Prime Transactor
C10113,684.0,70.3,0.319,0.378,14.0,8.7,2.0,66.0,1.0,2.0,1,Mass-Market Saver
C20176,669.0,37.8,0.436,0.719,4.6,25.6,2.0,48.0,1.0,20.0,2,Card Revolver
C30088,555.0,30.3,0.565,0.798,2.2,35.8,1.0,1.0,4.0,2.0,3,Stressed Book
C40140,764.0,138.1,0.282,0.199,84.1,248.0,5.0,118.0,-0.0,18.0,4,Affluent Relationship
C20202,667.0,33.2,0.454,0.87,6.3,19.0,2.0,43.0,3.0,23.0,2,Card Revolver
C30059,573.0,18.0,0.623,0.698,0.5,10.7,2.0,39.0,5.0,10.0,3,Stressed Book
C30096,572.0,37.5,0.655,0.796,0.0,31.2,3.0,25.0,3.0,17.0,3,Stressed Book
C30382,604.0,38.5,0.45,0.935,0.4,45.0,2.0,36.0,2.0,10.0,3,Stressed Book
C40322,714.0,210.6,0.182,0.093,106.4,152.3,6.0,94.0,0.0,9.0,4,Affluent Relationship
C20038,630.0,55.9,0.48,0.695,7.4,19.3,5.0,62.0,1.0,20.0,2,Card Revolver
C40222,783.0,86.1,0.301,0.166,39.0,193.5,6.0,112.0,0.0,16.0,4,Affluent Relationship
C40261,774.0,175.2,0.372,0.142,58.6,188.6,6.0,73.0,1.0,4.0,4,Affluent Relationship
C00048,789.0,94.4,0.23,0.123,47.1,3.7,2.0,48.0,-0.0,22.0,0,Prime Transactor
C20382,695.0,39.1,0.283,0.684,2.8,30.2,3.0,32.0,2.0,32.0,2,Card Revolver
C40243,782.0,168.5,0.345,0.105,68.2,91.7,4.0,107.0,1.0,13.0,4,Affluent Relationship
C10067,675.0,33.5,0.308,0.266,24.5,6.9,2.0,60.0,0.0,8.0,1,Mass-Market Saver
C00153,793.0,64.0,0.266,0.299,9.1,20.2,4.0,69.0,1.0,11.0,0,Prime Transactor
C30359,519.0,30.7,0.792,0.814,1.8,20.4,3.0,49.0,4.0,11.0,3,Stressed Book
C40262,742.0,159.3,0.184,0.138,43.7,235.2,5.0,118.0,-0.0,6.0,4,Affluent Relationship
C00394,785.0,134.7,0.197,0.121,34.7,5.5,3.0,95.0,0.0,20.0,0,Prime Transactor
C00123,797.0,116.3,0.293,0.191,41.6,17.3,2.0,69.0,0.0,16.0,0,Prime Transactor
C00355,773.0,107.9,0.217,0.127,18.3,7.0,3.0,48.0,-0.0,16.0,0,Prime Transactor
C00134,792.0,102.0,0.174,0.043,28.6,6.3,2.0,42.0,0.0,7.0,0,Prime Transactor
C00268,766.0,85.4,0.154,0.08,25.9,4.0,2.0,39.0,0.0,18.0,0,Prime Transactor
C00385,753.0,76.8,0.12,0.038,39.3,10.4,3.0,100.0,1.0,15.0,0,Prime Transactor
C10209,740.0,46.6,0.35,0.151,25.1,15.5,1.0,80.0,1.0,1.0,1,Mass-Market Saver
C00220,760.0,69.6,0.248,0.274,18.0,19.6,3.0,46.0,0.0,17.0,0,Prime Transactor
C00041,809.0,105.8,0.301,0.097,25.0,3.0,5.0,68.0,1.0,14.0,0,Prime Transactor
C00219,786.0,83.8,0.225,0.204,21.2,9.3,3.0,93.0,-0.0,11.0,0,Prime Transactor
C10197,696.0,54.9,0.351,0.297,28.0,0.0,2.0,49.0,1.0,2.0,1,Mass-Market Saver
C30049,612.0,48.9,0.651,0.846,3.3,27.8,3.0,10.0,7.0,4.0,3,Stressed Book
C30038,605.0,14.4,0.572,0.712,1.6,40.0,2.0,35.0,4.0,6.0,3,Stressed Book
C10280,703.0,41.8,0.277,0.328,26.1,4.2,2.0,45.0,1.0,15.0,1,Mass-Market Saver
C20273,677.0,29.5,0.38,0.851,3.8,21.8,4.0,9.0,1.0,14.0,2,Card Revolver
C40295,792.0,141.3,0.413,0.116,38.5,180.3,6.0,126.0,-0.0,19.0,4,Affluent Relationship
C20040,652.0,40.2,0.412,0.62,6.6,13.6,3.0,1.0,2.0,32.0,2,Card Revolver
C10141,691.0,57.1,0.195,0.162,7.6,13.4,3.0,63.0,1.0,6.0,1,Mass-Market Saver
C20241,647.0,35.4,0.311,0.59,3.9,16.0,4.0,9.0,2.0,33.0,2,Card Revolver
C30278,551.0,27.4,0.574,0.885,1.7,23.6,3.0,47.0,4.0,3.0,3,Stressed Book
C30158,601.0,35.4,0.523,0.802,0.0,29.6,2.0,55.0,1.0,9.0,3,Stressed Book
C40269,757.0,224.1,0.359,0.208,90.9,160.3,5.0,106.0,1.0,16.0,4,Affluent Relationship
C20398,705.0,39.1,0.471,0.623,0.6,16.0,3.0,16.0,1.0,28.0,2,Card Revolver
C30116,587.0,37.2,0.529,0.752,1.7,31.3,3.0,56.0,5.0,2.0,3,Stressed Book
C30083,577.0,35.8,0.445,0.879,1.2,16.1,1.0,56.0,5.0,2.0,3,Stressed Book
C20178,678.0,28.9,0.464,0.736,4.2,35.0,4.0,51.0,0.0,25.0,2,Card Revolver
C20282,661.0,52.1,0.426,0.75,0.9,13.5,2.0,52.0,2.0,12.0,2,Card Revolver
C30368,614.0,27.5,0.43,0.823,1.2,15.0,1.0,21.0,6.0,8.0,3,Stressed Book
C40370,762.0,152.1,0.214,0.099,87.9,232.8,4.0,63.0,-0.0,14.0,4,Affluent Relationship
C40175,776.0,164.1,0.278,0.098,118.4,258.5,6.0,106.0,1.0,18.0,4,Affluent Relationship
C30021,607.0,20.8,0.635,0.884,3.9,18.0,3.0,38.0,5.0,3.0,3,Stressed Book
C40210,765.0,126.4,0.208,0.097,56.2,317.4,6.0,95.0,1.0,14.0,4,Affluent Relationship
C40374,743.0,195.5,0.258,0.138,94.0,222.3,3.0,77.0,0.0,22.0,4,Affluent Relationship
C40272,773.0,160.7,0.321,0.189,57.9,345.6,5.0,87.0,0.0,15.0,4,Affluent Relationship
C30203,554.0,37.4,0.542,0.929,0.7,34.6,2.0,26.0,3.0,2.0,3,Stressed Book
C00336,805.0,113.2,0.244,0.139,17.0,10.9,3.0,62.0,0.0,13.0,0,Prime Transactor
C00232,775.0,84.5,0.165,0.191,27.8,19.7,3.0,74.0,0.0,21.0,0,Prime Transactor
C40223,778.0,126.6,0.329,0.252,65.2,329.9,5.0,129.0,1.0,15.0,4,Affluent Relationship
C30213,589.0,46.0,0.537,0.923,0.8,21.0,1.0,26.0,2.0,7.0,3,Stressed Book
C00158,754.0,70.9,0.269,0.09,31.9,22.0,4.0,73.0,1.0,22.0,0,Prime Transactor
C10068,737.0,60.8,0.244,0.189,32.7,13.0,1.0,45.0,1.0,13.0,1,Mass-Market Saver
C40178,761.0,135.3,0.341,0.093,66.2,231.1,6.0,97.0,-0.0,12.0,4,Affluent Relationship
C40387,736.0,209.9,0.286,0.116,76.6,175.6,5.0,43.0,0.0,14.0,4,Affluent Relationship
C20225,655.0,56.3,0.465,0.85,9.1,13.0,4.0,37.0,-0.0,26.0,2,Card Revolver
C20298,629.0,64.2,0.503,0.864,8.0,7.8,3.0,28.0,3.0,13.0,2,Card Revolver
C20317,642.0,37.6,0.373,0.851,5.3,23.3,3.0,53.0,2.0,30.0,2,Card Revolver
C10185,699.0,28.6,0.333,0.155,20.4,4.1,1.0,46.0,0.0,4.0,1,Mass-Market Saver
C00205,800.0,109.5,0.252,0.149,42.6,11.8,5.0,49.0,0.0,10.0,0,Prime Transactor
C00003,757.0,86.4,0.161,0.071,38.6,5.5,3.0,93.0,-0.0,17.0,0,Prime Transactor
C20069,663.0,19.0,0.181,0.844,4.0,13.6,4.0,51.0,0.0,20.0,2,Card Revolver
C20095,672.0,51.2,0.551,0.78,6.5,6.4,3.0,16.0,3.0,40.0,2,Card Revolver
C20321,645.0,43.2,0.327,0.812,2.7,14.5,4.0,39.0,-0.0,28.0,2,Card Revolver
C40233,781.0,154.8,0.363,0.137,69.3,255.6,5.0,121.0,0.0,20.0,4,Affluent Relationship
C30255,542.0,34.6,0.46,0.867,0.8,25.8,3.0,31.0,5.0,0.0,3,Stressed Book
C20250,700.0,50.9,0.468,0.797,3.3,22.5,3.0,34.0,0.0,20.0,2,Card Revolver
C10293,715.0,50.8,0.133,0.225,31.7,3.3,3.0,25.0,1.0,4.0,1,Mass-Market Saver
C40107,741.0,135.5,0.3,0.197,56.6,101.9,4.0,110.0,-0.0,18.0,4,Affluent Relationship
C40043,752.0,196.5,0.258,0.22,121.6,203.2,5.0,119.0,1.0,16.0,4,Affluent Relationship
C10314,706.0,56.1,0.381,0.174,22.4,5.2,3.0,21.0,0.0,7.0,1,Mass-Market Saver
C40202,751.0,136.3,0.352,0.208,118.9,280.1,4.0,124.0,-0.0,10.0,4,Affluent Relationship
C20326,614.0,40.0,0.296,0.8,3.7,25.9,3.0,42.0,1.0,19.0,2,Card Revolver
C40386,712.0,124.0,0.404,0.24,89.6,222.6,5.0,107.0,-0.0,18.0,4,Affluent Relationship
C40131,744.0,163.2,0.3,0.063,151.0,98.2,4.0,85.0,-0.0,16.0,4,Affluent Relationship
C20251,670.0,36.9,0.44,0.767,0.9,11.7,2.0,32.0,1.0,31.0,2,Card Revolver
C20304,676.0,36.9,0.419,0.67,4.0,12.7,1.0,36.0,1.0,29.0,2,Card Revolver
C20394,682.0,35.6,0.27,0.716,4.9,20.0,4.0,45.0,2.0,6.0,2,Card Revolver
C40179,713.0,239.6,0.281,0.159,92.3,279.6,6.0,75.0,0.0,13.0,4,Affluent Relationship
C00157,774.0,130.7,0.22,0.05,23.1,18.0,4.0,69.0,-0.0,18.0,0,Prime Transactor
C20247,675.0,37.9,0.419,0.842,0.8,27.5,4.0,32.0,1.0,53.0,2,Card Revolver
C10123,716.0,48.1,0.32,0.286,0.0,7.2,1.0,57.0,-0.0,8.0,1,Mass-Market Saver
C10062,670.0,45.2,0.397,0.182,8.8,11.4,3.0,29.0,1.0,4.0,1,Mass-Market Saver
C10252,736.0,46.3,0.328,0.049,18.7,0.0,2.0,54.0,-0.0,12.0,1,Mass-Market Saver
C00160,755.0,88.4,0.218,0.126,16.3,17.2,2.0,66.0,1.0,14.0,0,Prime Transactor
C00305,785.0,99.5,0.23,0.085,28.4,28.3,1.0,74.0,0.0,12.0,0,Prime Transactor
C10256,686.0,51.7,0.245,0.261,30.5,6.5,1.0,39.0,1.0,7.0,1,Mass-Market Saver
C10147,721.0,35.8,0.287,0.147,18.5,6.7,2.0,46.0,2.0,8.0,1,Mass-Market Saver
C10313,695.0,47.7,0.269,0.275,20.3,10.0,1.0,77.0,0.0,12.0,1,Mass-Market Saver
C00395,779.0,100.7,0.223,0.207,35.2,10.1,1.0,89.0,1.0,12.0,0,Prime Transactor
C10383,740.0,50.3,0.382,0.172,25.9,12.1,3.0,45.0,1.0,5.0,1,Mass-Market Saver
C00399,761.0,104.6,0.281,0.204,28.5,20.4,2.0,76.0,-0.0,19.0,0,Prime Transactor
C10398,722.0,60.4,0.276,0.285,25.6,1.7,3.0,81.0,0.0,1.0,1,Mass-Market Saver
C10218,710.0,49.4,0.237,0.225,11.4,0.0,2.0,22.0,-0.0,3.0,1,Mass-Market Saver
C30333,557.0,45.5,0.546,0.961,1.7,42.3,2.0,32.0,3.0,4.0,3,Stressed Book
C10108,741.0,42.8,0.263,0.228,15.2,2.2,2.0,71.0,0.0,7.0,1,Mass-Market Saver
C40170,777.0,125.5,0.286,0.221,47.5,153.6,5.0,146.0,1.0,9.0,4,Affluent Relationship
C10336,694.0,35.0,0.282,0.141,24.5,1.4,2.0,48.0,0.0,6.0,1,Mass-Market Saver
C40361,780.0,227.3,0.359,0.131,112.3,370.8,5.0,75.0,0.0,12.0,4,Affluent Relationship
C40065,758.0,152.2,0.302,0.181,118.5,280.4,7.0,142.0,-0.0,16.0,4,Affluent Relationship
C40118,765.0,182.1,0.229,0.263,69.2,178.9,5.0,72.0,0.0,17.0,4,Affluent Relationship
C20067,657.0,41.9,0.433,0.78,2.6,6.5,3.0,45.0,0.0,26.0,2,Card Revolver
C10059,690.0,44.3,0.245,0.277,2.5,1.3,1.0,80.0,0.0,6.0,1,Mass-Market Saver
C20133,674.0,41.5,0.304,0.748,3.8,12.1,4.0,43.0,2.0,16.0,2,Card Revolver
C00062,805.0,100.6,0.238,0.167,22.6,11.7,4.0,119.0,0.0,18.0,0,Prime Transactor
C40219,715.0,194.8,0.2,0.226,153.5,219.1,4.0,154.0,0.0,8.0,4,Affluent Relationship
C20071,678.0,23.6,0.412,0.631,3.0,25.0,4.0,56.0,1.0,23.0,2,Card Revolver
C20154,667.0,39.9,0.426,0.721,4.1,15.2,3.0,15.0,-0.0,26.0,2,Card Revolver
C30374,571.0,51.2,0.427,0.839,1.7,15.6,2.0,35.0,3.0,11.0,3,Stressed Book
C10057,715.0,28.9,0.236,0.161,21.4,7.2,2.0,88.0,-0.0,6.0,1,Mass-Market Saver
C20135,626.0,57.6,0.359,0.577,7.0,13.0,1.0,36.0,2.0,25.0,2,Card Revolver
C10078,696.0,62.7,0.306,0.316,26.2,10.2,2.0,37.0,1.0,11.0,1,Mass-Market Saver
C20323,642.0,63.7,0.601,0.784,3.4,10.5,4.0,39.0,1.0,25.0,2,Card Revolver
C30277,578.0,23.8,0.5,0.893,0.0,16.2,2.0,29.0,3.0,7.0,3,Stressed Book
C20070,681.0,34.4,0.383,0.873,3.1,9.5,2.0,14.0,2.0,8.0,2,Card Revolver
C10390,689.0,39.5,0.418,0.217,26.9,10.9,3.0,36.0,1.0,11.0,1,Mass-Market Saver
C10217,709.0,48.0,0.229,0.179,25.9,5.8,2.0,41.0,0.0,8.0,1,Mass-Market Saver
C40246,749.0,184.3,0.26,0.104,87.2,282.4,5.0,121.0,1.0,18.0,4,Affluent Relationship
C40027,755.0,156.8,0.275,0.062,66.0,203.7,5.0,66.0,0.0,17.0,4,Affluent Relationship
C30211,597.0,41.6,0.494,0.86,0.2,22.7,2.0,40.0,4.0,6.0,3,Stressed Book
C20338,653.0,43.7,0.287,0.961,0.7,19.9,4.0,24.0,1.0,35.0,2,Card Revolver
C40015,767.0,132.7,0.255,0.162,94.2,328.3,5.0,151.0,1.0,10.0,4,Affluent Relationship
C00347,784.0,87.5,0.273,0.151,27.1,0.2,2.0,80.0,1.0,23.0,0,Prime Transactor
C30288,591.0,39.3,0.357,0.888,0.3,23.3,2.0,52.0,5.0,6.0,3,Stressed Book
C40381,788.0,155.3,0.28,0.123,127.2,251.1,5.0,84.0,-0.0,19.0,4,Affluent Relationship
C40309,757.0,184.6,0.212,0.172,99.7,47.2,6.0,146.0,-0.0,20.0,4,Affluent Relationship
C10360,711.0,50.4,0.282,0.164,3.0,4.0,3.0,58.0,0.0,8.0,1,Mass-Market Saver
C10046,696.0,37.6,0.201,0.228,40.7,8.7,3.0,23.0,0.0,3.0,1,Mass-Market Saver
C10250,742.0,42.7,0.241,0.108,30.3,7.0,3.0,57.0,0.0,5.0,1,Mass-Market Saver
C30029,570.0,33.7,0.638,0.851,0.0,21.3,2.0,43.0,6.0,10.0,3,Stressed Book
C40276,781.0,222.5,0.339,0.175,87.7,161.6,6.0,118.0,0.0,10.0,4,Affluent Relationship
C00379,796.0,82.4,0.241,0.142,40.0,20.4,3.0,68.0,-0.0,28.0,0,Prime Transactor
C10164,710.0,36.7,0.141,0.244,9.2,7.0,2.0,77.0,1.0,9.0,1,Mass-Market Saver
C30153,581.0,27.7,0.48,0.715,1.3,32.5,2.0,16.0,6.0,7.0,3,Stressed Book
C40130,780.0,227.8,0.332,0.134,90.8,233.8,4.0,119.0,0.0,20.0,4,Affluent Relationship
C30075,561.0,23.8,0.585,0.924,2.0,22.7,3.0,28.0,2.0,7.0,3,Stressed Book
C40308,771.0,214.7,0.227,0.156,77.3,132.3,5.0,104.0,0.0,9.0,4,Affluent Relationship
C20148,663.0,54.0,0.524,0.782,2.0,13.1,2.0,39.0,3.0,4.0,2,Card Revolver
C20120,683.0,51.3,0.517,0.846,5.3,28.1,2.0,46.0,2.0,16.0,2,Card Revolver
C00231,775.0,29.1,0.226,0.006,30.4,21.0,3.0,63.0,0.0,17.0,0,Prime Transactor
C30118,566.0,33.7,0.416,0.897,0.0,20.2,2.0,48.0,5.0,4.0,3,Stressed Book
C00382,784.0,72.6,0.173,0.045,30.2,18.6,4.0,54.0,0.0,21.0,0,Prime Transactor
C20369,646.0,40.4,0.585,0.744,2.2,22.8,2.0,39.0,0.0,24.0,2,Card Revolver
C30006,578.0,37.9,0.728,0.826,0.3,24.0,4.0,29.0,5.0,13.0,3,Stressed Book
C00072,774.0,88.9,0.081,0.193,30.5,20.9,5.0,73.0,0.0,13.0,0,Prime Transactor
C00070,781.0,88.4,0.293,0.15,34.7,7.9,5.0,113.0,0.0,22.0,0,Prime Transactor
C30144,574.0,26.3,0.648,0.712,0.0,15.4,1.0,20.0,4.0,1.0,3,Stressed Book
C20216,627.0,53.9,0.281,0.828,0.0,28.9,4.0,23.0,1.0,13.0,2,Card Revolver
C00171,787.0,117.1,0.295,0.114,42.4,13.3,3.0,50.0,0.0,23.0,0,Prime Transactor
C20334,634.0,33.3,0.487,0.827,4.7,21.5,2.0,44.0,1.0,11.0,2,Card Revolver
C00168,759.0,63.8,0.143,0.095,24.7,7.9,3.0,21.0,0.0,9.0,0,Prime Transactor
C10093,702.0,48.2,0.282,0.225,15.6,9.7,2.0,75.0,0.0,4.0,1,Mass-Market Saver
C30148,629.0,36.2,0.6,0.975,1.3,33.0,2.0,7.0,3.0,4.0,3,Stressed Book
C20220,606.0,19.6,0.402,0.839,7.9,15.5,3.0,40.0,2.0,21.0,2,Card Revolver
C20185,646.0,49.8,0.457,0.619,6.0,17.2,4.0,58.0,1.0,18.0,2,Card Revolver
C20093,644.0,64.1,0.259,0.897,5.0,18.3,2.0,32.0,0.0,11.0,2,Card Revolver
C00272,797.0,72.1,0.291,0.072,29.3,15.0,4.0,29.0,1.0,21.0,0,Prime Transactor
C30087,541.0,25.5,0.495,0.91,2.8,33.6,4.0,23.0,4.0,8.0,3,Stressed Book
C10020,681.0,44.4,0.353,0.206,27.0,8.1,2.0,23.0,1.0,9.0,1,Mass-Market Saver
C00094,792.0,107.9,0.181,0.141,27.7,7.7,3.0,74.0,0.0,15.0,0,Prime Transactor
C30342,559.0,35.5,0.515,0.864,0.2,29.1,1.0,41.0,5.0,4.0,3,Stressed Book
C30373,558.0,38.4,0.461,0.826,3.3,14.0,1.0,36.0,4.0,4.0,3,Stressed Book
C30384,613.0,12.0,0.481,0.957,0.6,34.7,2.0,44.0,5.0,4.0,3,Stressed Book
C00042,788.0,64.9,0.197,0.179,15.5,20.6,3.0,47.0,-0.0,15.0,0,Prime Transactor
C00056,773.0,90.3,0.258,0.146,30.1,0.0,4.0,100.0,1.0,19.0,0,Prime Transactor
C40346,726.0,214.2,0.267,0.143,96.1,269.2,6.0,52.0,-0.0,16.0,4,Affluent Relationship
C20302,635.0,17.0,0.325,0.66,9.1,26.5,2.0,67.0,2.0,21.0,2,Card Revolver
C40263,744.0,169.5,0.317,0.192,118.7,215.6,5.0,71.0,0.0,19.0,4,Affluent Relationship
C30080,566.0,20.4,0.586,0.812,0.8,9.4,3.0,31.0,4.0,8.0,3,Stressed Book
C20088,691.0,32.5,0.457,0.752,2.9,23.5,2.0,18.0,2.0,22.0,2,Card Revolver
C10174,690.0,52.9,0.331,0.162,18.5,4.5,2.0,61.0,1.0,16.0,1,Mass-Market Saver
C00038,782.0,74.3,0.227,0.051,39.1,20.5,4.0,61.0,0.0,17.0,0,Prime Transactor
C00306,760.0,133.9,0.198,0.245,33.4,12.6,4.0,87.0,1.0,21.0,0,Prime Transactor
C20205,685.0,35.6,0.345,0.902,2.2,18.9,3.0,49.0,1.0,13.0,2,Card Revolver
C00006,789.0,86.7,0.228,0.049,22.2,10.4,4.0,99.0,-0.0,13.0,0,Prime Transactor
C20377,600.0,31.6,0.386,0.963,1.7,9.5,1.0,30.0,1.0,23.0,2,Card Revolver
C10382,757.0,63.3,0.283,0.191,23.6,10.1,1.0,17.0,2.0,9.0,1,Mass-Market Saver
C10008,691.0,45.8,0.352,0.098,30.4,14.1,3.0,65.0,0.0,3.0,1,Mass-Market Saver
C30066,604.0,35.6,0.688,0.895,0.3,17.0,2.0,25.0,5.0,7.0,3,Stressed Book
C10381,709.0,40.8,0.261,0.422,31.5,0.8,2.0,30.0,0.0,9.0,1,Mass-Market Saver
C00166,801.0,88.0,0.194,0.105,25.7,15.3,2.0,50.0,0.0,19.0,0,Prime Transactor
C10134,716.0,55.1,0.263,0.194,25.5,10.8,3.0,65.0,0.0,6.0,1,Mass-Market Saver
C10183,696.0,42.4,0.208,0.081,36.1,7.1,3.0,97.0,0.0,10.0,1,Mass-Market Saver
C30130,553.0,27.7,0.483,0.887,1.9,16.7,2.0,32.0,6.0,7.0,3,Stressed Book
C40297,738.0,140.2,0.246,0.134,102.9,184.2,7.0,96.0,-0.0,11.0,4,Affluent Relationship
C30219,564.0,32.0,0.632,0.787,2.1,12.4,2.0,19.0,5.0,7.0,3,Stressed Book
C30028,611.0,25.3,0.618,0.815,2.2,14.1,2.0,15.0,3.0,7.0,3,Stressed Book
C40198,770.0,141.6,0.263,0.263,75.3,181.1,6.0,85.0,0.0,14.0,4,Affluent Relationship
C40285,770.0,163.6,0.197,0.108,87.8,275.9,5.0,105.0,0.0,15.0,4,Affluent Relationship
C40018,781.0,162.7,0.395,0.099,136.6,396.4,4.0,95.0,0.0,17.0,4,Affluent Relationship
C20314,644.0,43.0,0.47,0.709,12.6,19.1,3.0,24.0,1.0,20.0,2,Card Revolver
C20267,630.0,39.6,0.366,0.658,2.9,18.1,3.0,46.0,-0.0,10.0,2,Card Revolver
C20013,671.0,43.9,0.32,0.833,0.4,19.4,3.0,27.0,1.0,17.0,2,Card Revolver
C00316,809.0,112.9,0.183,0.109,29.3,4.1,4.0,97.0,0.0,30.0,0,Prime Transactor
C30079,579.0,42.1,0.598,0.968,1.4,26.1,4.0,29.0,7.0,10.0,3,Stressed Book
C40116,809.0,175.2,0.289,0.13,58.0,291.1,3.0,91.0,-0.0,13.0,4,Affluent Relationship
C10116,703.0,60.0,0.225,0.253,22.5,3.2,2.0,23.0,0.0,0.0,1,Mass-Market Saver
C40247,752.0,117.9,0.435,0.147,105.4,273.9,5.0,150.0,1.0,14.0,4,Affluent Relationship
C40063,759.0,153.3,0.302,0.181,103.9,245.2,6.0,41.0,1.0,11.0,4,Affluent Relationship
C30362,590.0,35.7,0.529,0.99,1.4,20.7,3.0,51.0,7.0,6.0,3,Stressed Book
C10133,679.0,45.5,0.248,0.265,1.8,0.0,2.0,74.0,0.0,1.0,1,Mass-Market Saver
C00173,797.0,83.1,0.272,0.009,34.9,10.1,4.0,50.0,-0.0,31.0,0,Prime Transactor
C20239,634.0,48.0,0.554,0.912,5.0,11.7,2.0,33.0,2.0,20.0,2,Card Revolver
C00271,793.0,77.1,0.334,0.085,47.9,3.2,4.0,43.0,-0.0,19.0,0,Prime Transactor
C10148,684.0,57.3,0.337,0.318,36.3,2.2,3.0,77.0,0.0,9.0,1,Mass-Market Saver
C10268,701.0,43.4,0.315,0.339,17.2,9.5,2.0,53.0,2.0,0.0,1,Mass-Market Saver
C40032,737.0,75.9,0.28,0.147,92.1,245.5,6.0,179.0,0.0,12.0,4,Affluent Relationship
C10053,706.0,51.4,0.343,0.224,35.3,4.8,2.0,44.0,0.0,5.0,1,Mass-Market Saver
C20164,628.0,63.6,0.503,0.879,2.3,30.8,3.0,67.0,3.0,16.0,2,Card Revolver
C10206,697.0,39.1,0.283,0.232,30.4,9.5,3.0,60.0,1.0,9.0,1,Mass-Market Saver
C40092,767.0,171.2,0.362,0.192,54.4,263.2,6.0,109.0,0.0,23.0,4,Affluent Relationship
C40025,753.0,177.6,0.312,0.174,113.4,163.1,8.0,79.0,-0.0,18.0,4,Affluent Relationship
C20004,653.0,41.8,0.56,0.751,2.7,7.1,3.0,32.0,3.0,20.0,2,Card Revolver
C10198,738.0,51.6,0.241,0.238,19.7,3.2,3.0,46.0,-0.0,6.0,1,Mass-Market Saver
C20233,619.0,38.9,0.367,0.844,8.2,4.3,3.0,34.0,2.0,22.0,2,Card Revolver
C30398,570.0,36.8,0.457,0.936,0.8,16.7,2.0,26.0,3.0,9.0,3,Stressed Book
C30063,645.0,30.0,0.614,0.928,4.0,25.1,3.0,25.0,3.0,2.0,3,Stressed Book
C10351,701.0,43.3,0.322,0.158,27.9,1.9,2.0,54.0,-0.0,8.0,1,Mass-Market Saver
C10170,701.0,39.4,0.397,0.269,19.0,10.8,3.0,67.0,1.0,4.0,1,Mass-Market Saver
C20175,676.0,27.9,0.488,0.99,6.1,8.4,3.0,36.0,2.0,21.0,2,Card Revolver
C00074,775.0,84.0,0.119,0.118,46.5,27.8,4.0,89.0,-0.0,27.0,0,Prime Transactor
C00061,801.0,101.9,0.184,0.119,35.6,0.0,3.0,85.0,0.0,28.0,0,Prime Transactor
C40234,743.0,215.9,0.389,0.098,83.1,286.0,5.0,73.0,0.0,18.0,4,Affluent Relationship
C10136,687.0,39.5,0.365,0.286,16.3,1.4,2.0,45.0,1.0,2.0,1,Mass-Market Saver
C40377,775.0,196.3,0.267,0.147,113.7,169.0,6.0,57.0,1.0,20.0,4,Affluent Relationship
C20009,658.0,40.1,0.345,0.923,6.7,19.0,4.0,42.0,1.0,23.0,2,Card Revolver
C00244,804.0,92.9,0.236,0.131,31.0,13.6,3.0,22.0,-0.0,6.0,0,Prime Transactor
C20295,691.0,26.7,0.322,0.761,5.3,16.8,1.0,32.0,1.0,42.0,2,Card Revolver
C30238,594.0,47.5,0.452,0.918,1.8,17.2,1.0,46.0,5.0,5.0,3,Stressed Book
C00105,787.0,138.9,0.289,0.053,19.3,8.8,4.0,52.0,-0.0,23.0,0,Prime Transactor
C10273,699.0,57.3,0.253,0.022,32.4,1.6,2.0,26.0,-0.0,6.0,1,Mass-Market Saver
C10242,693.0,58.6,0.191,0.212,16.9,11.7,3.0,46.0,1.0,8.0,1,Mass-Market Saver
C30078,587.0,20.1,0.549,0.841,1.6,26.3,2.0,44.0,5.0,6.0,3,Stressed Book
C10265,691.0,56.9,0.298,0.141,21.3,3.9,2.0,55.0,1.0,7.0,1,Mass-Market Saver
C10109,695.0,34.6,0.385,0.034,16.9,8.3,1.0,66.0,1.0,5.0,1,Mass-Market Saver
C00131,784.0,108.9,0.125,0.186,22.0,17.0,3.0,10.0,-0.0,19.0,0,Prime Transactor
C10044,683.0,50.3,0.252,0.257,24.1,13.5,3.0,53.0,1.0,7.0,1,Mass-Market Saver
C20066,663.0,48.4,0.456,0.922,6.9,22.5,3.0,22.0,1.0,21.0,2,Card Revolver
C40394,743.0,194.8,0.319,0.311,93.4,128.5,5.0,103.0,1.0,17.0,4,Affluent Relationship
C40166,750.0,158.1,0.313,0.095,133.0,286.8,6.0,103.0,0.0,19.0,4,Affluent Relationship
C00057,757.0,112.0,0.211,0.0,31.8,0.1,2.0,57.0,1.0,16.0,0,Prime Transactor
C40048,755.0,180.7,0.326,0.177,106.9,343.5,5.0,74.0,1.0,4.0,4,Affluent Relationship
C30331,564.0,53.1,0.409,0.869,1.9,25.2,2.0,20.0,7.0,0.0,3,Stressed Book
C20325,660.0,50.4,0.507,0.763,0.1,30.1,3.0,29.0,2.0,20.0,2,Card Revolver
C00086,782.0,139.8,0.266,0.09,27.2,14.6,4.0,60.0,-0.0,16.0,0,Prime Transactor
C40281,761.0,178.9,0.35,0.166,43.6,218.5,3.0,88.0,-0.0,18.0,4,Affluent Relationship
C10371,699.0,37.8,0.249,0.08,32.5,6.2,2.0,37.0,1.0,14.0,1,Mass-Market Saver
C30023,581.0,28.2,0.632,0.874,1.8,11.3,2.0,18.0,3.0,10.0,3,Stressed Book
C10308,691.0,45.5,0.34,0.179,33.4,11.5,3.0,79.0,1.0,6.0,1,Mass-Market Saver
C30348,568.0,41.2,0.561,0.854,0.2,25.5,2.0,28.0,7.0,0.0,3,Stressed Book
C30131,627.0,32.1,0.582,0.834,0.3,24.8,2.0,32.0,4.0,5.0,3,Stressed Book
C30353,595.0,41.2,0.471,0.908,1.0,13.0,2.0,37.0,5.0,10.0,3,Stressed Book
C10138,724.0,45.4,0.363,0.222,34.1,7.3,2.0,41.0,0.0,1.0,1,Mass-Market Saver
C30227,603.0,24.1,0.494,0.903,1.0,42.1,1.0,63.0,3.0,10.0,3,Stressed Book
C20371,675.0,34.6,0.278,0.737,0.7,18.9,3.0,29.0,1.0,30.0,2,Card Revolver
C30344,577.0,29.1,0.427,0.653,1.4,21.8,3.0,34.0,6.0,13.0,3,Stressed Book
C30098,545.0,32.5,0.415,0.933,0.4,21.7,1.0,22.0,2.0,12.0,3,Stressed Book
C10018,736.0,44.6,0.179,0.252,36.2,8.7,3.0,102.0,-0.0,12.0,1,Mass-Market Saver
C40350,766.0,143.7,0.365,0.323,76.5,272.5,6.0,123.0,0.0,14.0,4,Affluent Relationship
C40093,742.0,171.2,0.328,0.111,54.7,288.8,6.0,102.0,-0.0,13.0,4,Affluent Relationship
C30249,577.0,32.0,0.667,0.889,0.7,23.2,1.0,28.0,4.0,8.0,3,Stressed Book
C20051,661.0,33.3,0.391,0.768,0.0,19.3,3.0,1.0,2.0,22.0,2,Card Revolver
C40137,780.0,189.2,0.399,0.185,96.4,336.9,7.0,86.0,-0.0,24.0,4,Affluent Relationship
C40114,745.0,188.7,0.323,0.248,82.0,140.3,4.0,88.0,1.0,12.0,4,Affluent Relationship
C40079,784.0,169.9,0.212,0.186,120.7,337.2,5.0,162.0,-0.0,11.0,4,Affluent Relationship
C40150,703.0,166.6,0.365,0.073,28.7,247.2,6.0,132.0,-0.0,16.0,4,Affluent Relationship
C40155,751.0,167.3,0.338,0.157,15.4,377.6,7.0,91.0,1.0,7.0,4,Affluent Relationship
C40117,754.0,120.7,0.242,0.261,69.4,236.9,5.0,118.0,1.0,18.0,4,Affluent Relationship
C40183,777.0,155.3,0.359,0.127,88.5,241.1,5.0,120.0,0.0,12.0,4,Affluent Relationship
C00304,773.0,92.5,0.211,0.05,43.7,10.9,2.0,98.0,-0.0,21.0,0,Prime Transactor
C30306,541.0,34.7,0.459,0.827,3.4,29.6,2.0,35.0,4.0,10.0,3,Stressed Book
C00335,792.0,138.2,0.166,0.117,34.6,12.6,2.0,82.0,0.0,21.0,0,Prime Transactor
C20195,698.0,44.4,0.369,0.796,0.0,19.7,1.0,20.0,3.0,33.0,2,Card Revolver
C10169,656.0,37.5,0.245,0.04,7.1,6.6,2.0,52.0,-0.0,17.0,1,Mass-Market Saver
C00088,788.0,127.2,0.164,0.113,32.6,18.0,3.0,79.0,0.0,19.0,0,Prime Transactor
C20074,648.0,57.9,0.214,0.854,1.2,14.5,3.0,6.0,2.0,17.0,2,Card Revolver
C40017,718.0,147.8,0.312,0.163,84.1,380.3,4.0,87.0,0.0,9.0,4,Affluent Relationship
C30313,586.0,35.9,0.397,0.709,1.7,31.8,2.0,21.0,3.0,9.0,3,Stressed Book
C10312,715.0,26.3,0.231,0.277,10.6,4.9,2.0,71.0,1.0,9.0,1,Mass-Market Saver
C40134,760.0,180.9,0.328,0.219,107.1,341.2,4.0,110.0,1.0,21.0,4,Affluent Relationship
C40237,745.0,97.5,0.389,0.188,53.3,134.7,6.0,90.0,0.0,16.0,4,Affluent Relationship
C30171,564.0,35.8,0.387,0.825,1.8,23.2,1.0,35.0,3.0,14.0,3,Stressed Book
C00221,773.0,129.8,0.106,0.143,31.3,7.4,3.0,93.0,0.0,21.0,0,Prime Transactor
C00319,797.0,111.6,0.177,0.15,54.2,11.3,3.0,55.0,-0.0,25.0,0,Prime Transactor
C40143,740.0,132.1,0.296,0.158,92.8,334.0,5.0,113.0,0.0,12.0,4,Affluent Relationship
C20078,653.0,52.7,0.591,0.894,0.0,17.2,2.0,30.0,0.0,19.0,2,Card Revolver
C40189,742.0,142.7,0.286,0.21,69.7,304.9,5.0,116.0,1.0,23.0,4,Affluent Relationship
C20025,676.0,46.3,0.363,0.816,7.5,17.4,3.0,18.0,3.0,18.0,2,Card Revolver
C40371,764.0,195.9,0.285,0.278,104.6,340.9,5.0,113.0,1.0,5.0,4,Affluent Relationship
C30257,583.0,29.8,0.563,0.867,1.1,28.4,3.0,1.0,4.0,4.0,3,Stressed Book
C00138,813.0,55.6,0.377,0.052,37.6,21.9,4.0,76.0,-0.0,22.0,0,Prime Transactor
C00163,773.0,93.8,0.164,0.137,36.8,5.3,3.0,99.0,-0.0,19.0,0,Prime Transactor
C40292,739.0,106.7,0.312,0.131,79.6,164.3,4.0,66.0,-0.0,10.0,4,Affluent Relationship
C40097,734.0,152.7,0.411,0.147,80.0,127.2,5.0,52.0,0.0,21.0,4,Affluent Relationship
C20160,630.0,32.4,0.35,0.724,2.2,19.0,4.0,17.0,-0.0,8.0,2,Card Revolver
C40091,754.0,200.3,0.297,0.24,66.3,321.2,5.0,84.0,1.0,14.0,4,Affluent Relationship
C30033,597.0,28.1,0.483,0.708,0.7,28.3,1.0,47.0,7.0,4.0,3,Stressed Book
C20370,654.0,27.4,0.516,0.752,3.3,8.5,1.0,26.0,-0.0,26.0,2,Card Revolver
C40316,793.0,191.8,0.357,0.011,121.6,371.4,7.0,111.0,1.0,29.0,4,Affluent Relationship
C30328,544.0,38.5,0.467,0.849,1.3,7.8,4.0,6.0,4.0,3.0,3,Stressed Book
C40192,741.0,174.9,0.341,0.142,97.4,180.9,6.0,78.0,1.0,20.0,4,Affluent Relationship
C10233,686.0,34.1,0.363,0.092,22.8,2.6,1.0,55.0,0.0,14.0,1,Mass-Market Saver
C20379,629.0,53.4,0.323,0.967,4.6,4.8,3.0,67.0,1.0,30.0,2,Card Revolver
C10255,711.0,42.0,0.253,0.241,17.1,7.3,2.0,7.0,0.0,6.0,1,Mass-Market Saver
C00016,766.0,101.1,0.304,0.033,25.9,6.9,2.0,90.0,0.0,18.0,0,Prime Transactor
C40019,728.0,180.4,0.359,0.136,20.9,190.6,5.0,118.0,-0.0,8.0,4,Affluent Relationship
C20356,683.0,31.7,0.429,0.63,9.9,22.0,1.0,6.0,2.0,23.0,2,Card Revolver
C00137,773.0,106.2,0.254,0.013,24.9,15.3,3.0,21.0,0.0,23.0,0,Prime Transactor
C30085,556.0,21.4,0.508,0.942,2.4,22.9,3.0,19.0,4.0,1.0,3,Stressed Book
C10297,685.0,42.4,0.274,0.182,26.9,5.6,2.0,82.0,1.0,8.0,1,Mass-Market Saver
C20297,642.0,58.9,0.457,0.751,1.8,19.3,3.0,50.0,3.0,26.0,2,Card Revolver
C40004,760.0,160.7,0.162,0.112,88.5,420.8,5.0,26.0,1.0,11.0,4,Affluent Relationship
C10048,688.0,50.0,0.347,0.235,23.1,5.9,3.0,16.0,1.0,4.0,1,Mass-Market Saver
C40282,701.0,234.6,0.286,0.07,96.8,274.0,6.0,161.0,-0.0,15.0,4,Affluent Relationship
C00327,811.0,101.1,0.116,0.084,34.1,12.1,4.0,39.0,0.0,14.0,0,Prime Transactor
C00317,780.0,91.3,0.206,0.078,32.2,12.2,5.0,87.0,0.0,17.0,0,Prime Transactor
C40264,762.0,75.0,0.393,0.043,73.8,307.3,6.0,113.0,1.0,15.0,4,Affluent Relationship
C10126,687.0,44.2,0.339,0.259,19.3,6.1,3.0,95.0,0.0,10.0,1,Mass-Market Saver
C00087,785.0,97.0,0.299,0.139,36.1,3.2,4.0,122.0,1.0,20.0,0,Prime Transactor
C40024,712.0,194.1,0.272,0.174,75.8,233.2,6.0,102.0,-0.0,14.0,4,Affluent Relationship
C00148,776.0,108.6,0.259,0.085,18.9,14.3,3.0,97.0,1.0,23.0,0,Prime Transactor
C40011,766.0,91.3,0.399,0.158,106.7,230.0,5.0,91.0,0.0,18.0,4,Affluent Relationship
C20399,644.0,40.1,0.336,0.921,9.4,19.4,3.0,63.0,2.0,16.0,2,Card Revolver
C40033,765.0,102.5,0.37,0.141,46.7,185.6,6.0,123.0,1.0,17.0,4,Affluent Relationship
C00365,760.0,85.3,0.26,0.205,21.8,4.8,4.0,51.0,1.0,18.0,0,Prime Transactor
C10189,729.0,60.4,0.333,0.139,42.4,1.5,2.0,26.0,1.0,10.0,1,Mass-Market Saver
C30302,591.0,15.5,0.47,0.935,1.8,16.7,2.0,32.0,3.0,9.0,3,Stressed Book
C00198,816.0,106.7,0.154,0.12,35.1,15.8,5.0,105.0,-0.0,17.0,0,Prime Transactor
C40283,758.0,141.4,0.33,0.267,61.4,271.3,6.0,115.0,-0.0,15.0,4,Affluent Relationship
C00192,810.0,94.7,0.346,0.067,34.9,4.0,5.0,64.0,0.0,24.0,0,Prime Transactor
C10004,693.0,37.7,0.314,0.253,20.2,4.3,4.0,39.0,0.0,9.0,1,Mass-Market Saver
C30364,635.0,34.7,0.506,0.734,1.5,46.3,1.0,7.0,6.0,9.0,3,Stressed Book
C40372,773.0,179.1,0.373,0.192,116.3,211.3,5.0,117.0,1.0,7.0,4,Affluent Relationship
C10083,700.0,46.2,0.202,0.158,27.0,8.2,2.0,40.0,1.0,1.0,1,Mass-Market Saver
C40343,769.0,167.7,0.418,0.094,53.4,204.1,7.0,142.0,-0.0,12.0,4,Affluent Relationship
C10391,716.0,58.1,0.241,0.214,17.8,9.0,2.0,62.0,-0.0,8.0,1,Mass-Market Saver
C10399,710.0,42.0,0.413,0.219,22.2,3.7,3.0,44.0,-0.0,8.0,1,Mass-Market Saver
C00384,823.0,116.5,0.261,0.123,22.0,10.7,4.0,53.0,1.0,12.0,0,Prime Transactor
C10350,705.0,49.6,0.246,0.266,34.1,9.8,3.0,17.0,1.0,12.0,1,Mass-Market Saver
C10022,698.0,52.0,0.29,0.045,18.9,11.4,2.0,51.0,0.0,6.0,1,Mass-Market Saver
C00314,787.0,101.2,0.214,0.18,37.9,14.6,3.0,66.0,0.0,24.0,0,Prime Transactor
C20221,628.0,54.2,0.444,0.819,0.1,17.9,1.0,3.0,1.0,18.0,2,Card Revolver
C10143,655.0,53.5,0.186,0.307,9.6,0.0,3.0,63.0,0.0,3.0,1,Mass-Market Saver
C20113,644.0,17.9,0.399,0.774,1.3,17.3,4.0,24.0,2.0,13.0,2,Card Revolver
C10262,700.0,53.8,0.306,0.317,26.8,6.4,1.0,32.0,0.0,11.0,1,Mass-Market Saver
C20102,676.0,60.0,0.371,0.815,4.8,12.4,1.0,24.0,-0.0,19.0,2,Card Revolver
C30188,544.0,43.2,0.452,0.782,2.0,18.8,2.0,25.0,5.0,9.0,3,Stressed Book
C10285,698.0,44.8,0.281,0.134,14.1,8.5,3.0,42.0,-0.0,17.0,1,Mass-Market Saver
C40066,746.0,109.3,0.236,0.145,131.3,246.2,5.0,95.0,-0.0,15.0,4,Affluent Relationship
C00159,778.0,108.5,0.245,0.067,28.8,10.6,2.0,68.0,0.0,15.0,0,Prime Transactor
C20199,686.0,52.8,0.3,0.755,5.5,29.9,2.0,39.0,3.0,8.0,2,Card Revolver
C30386,575.0,28.2,0.386,0.896,0.1,17.2,3.0,12.0,5.0,11.0,3,Stressed Book
C40165,751.0,205.0,0.301,0.107,100.8,233.7,5.0,112.0,-0.0,9.0,4,Affluent Relationship
C00202,766.0,112.6,0.323,0.138,40.5,7.1,3.0,72.0,0.0,9.0,0,Prime Transactor
C20223,670.0,20.7,0.419,0.697,4.4,20.8,2.0,30.0,0.0,27.0,2,Card Revolver
C30323,547.0,53.2,0.434,0.763,2.8,29.6,2.0,30.0,5.0,13.0,3,Stressed Book
C20380,649.0,34.6,0.2,0.9,2.5,20.4,2.0,21.0,2.0,19.0,2,Card Revolver
C00112,783.0,89.5,0.266,0.055,41.4,12.3,3.0,60.0,-0.0,19.0,0,Prime Transactor
C40195,726.0,126.3,0.308,0.076,112.3,195.8,6.0,87.0,0.0,14.0,4,Affluent Relationship
C30025,592.0,32.9,0.397,0.808,1.0,20.7,2.0,60.0,3.0,7.0,3,Stressed Book
C20180,659.0,18.5,0.301,0.69,6.6,25.3,3.0,41.0,0.0,24.0,2,Card Revolver
C20122,629.0,50.9,0.563,0.647,6.3,24.2,2.0,30.0,0.0,16.0,2,Card Revolver
C30275,612.0,31.3,0.595,0.826,2.2,28.7,2.0,7.0,2.0,2.0,3,Stressed Book
C30378,552.0,27.1,0.488,0.874,0.9,22.3,2.0,45.0,4.0,5.0,3,Stressed Book
C30208,601.0,22.2,0.572,0.898,3.4,8.2,2.0,58.0,4.0,4.0,3,Stressed Book
C40139,745.0,144.6,0.291,0.0,91.7,347.5,5.0,97.0,0.0,9.0,4,Affluent Relationship
C20015,649.0,44.0,0.489,0.668,4.9,18.0,3.0,39.0,1.0,16.0,2,Card Revolver
C30247,597.0,18.7,0.381,0.778,0.5,0.0,2.0,44.0,4.0,10.0,3,Stressed Book
C30221,568.0,27.7,0.5,0.857,1.5,9.8,2.0,2.0,4.0,9.0,3,Stressed Book
C10279,672.0,48.4,0.272,0.135,28.5,13.6,3.0,26.0,1.0,9.0,1,Mass-Market Saver
C20293,636.0,41.7,0.422,0.902,4.1,14.7,3.0,29.0,1.0,5.0,2,Card Revolver
C00080,798.0,93.0,0.241,0.126,34.3,12.3,4.0,82.0,0.0,20.0,0,Prime Transactor
C40148,800.0,170.6,0.278,0.187,126.1,174.3,4.0,135.0,1.0,12.0,4,Affluent Relationship
C30134,575.0,27.0,0.437,0.82,0.0,20.4,2.0,44.0,3.0,5.0,3,Stressed Book
C30322,510.0,43.3,0.675,0.778,3.3,35.3,3.0,51.0,2.0,9.0,3,Stressed Book
C10352,716.0,35.5,0.34,0.177,26.0,6.8,2.0,44.0,0.0,5.0,1,Mass-Market Saver
C30146,518.0,21.7,0.534,0.901,1.2,32.6,1.0,18.0,6.0,6.0,3,Stressed Book
C20254,648.0,53.1,0.403,0.754,4.0,19.4,2.0,14.0,3.0,19.0,2,Card Revolver
C00242,792.0,48.8,0.227,0.078,41.8,10.0,3.0,67.0,0.0,15.0,0,Prime Transactor
C30132,553.0,29.2,0.559,0.932,0.0,29.1,3.0,45.0,5.0,8.0,3,Stressed Book
C10241,675.0,52.5,0.302,0.293,22.3,3.2,2.0,32.0,-0.0,6.0,1,Mass-Market Saver
C10296,682.0,56.4,0.343,0.43,20.4,12.2,2.0,43.0,-0.0,6.0,1,Mass-Market Saver
C00209,762.0,132.7,0.176,0.0,26.7,10.9,5.0,64.0,0.0,22.0,0,Prime Transactor
C40396,736.0,146.7,0.39,0.229,37.3,262.7,6.0,90.0,1.0,17.0,4,Affluent Relationship
C10370,692.0,45.3,0.171,0.332,13.4,3.5,3.0,23.0,1.0,12.0,1,Mass-Market Saver
C40142,726.0,158.1,0.29,0.173,71.2,205.7,6.0,58.0,0.0,20.0,4,Affluent Relationship
C10035,733.0,45.7,0.273,0.167,21.4,8.4,2.0,73.0,1.0,9.0,1,Mass-Market Saver
C20263,655.0,66.1,0.313,0.805,0.0,16.1,3.0,55.0,0.0,29.0,2,Card Revolver
C20174,642.0,51.7,0.5,0.794,3.1,20.5,3.0,18.0,3.0,25.0,2,Card Revolver
C10151,704.0,78.8,0.265,0.142,23.9,4.7,2.0,52.0,1.0,9.0,1,Mass-Market Saver
C30185,592.0,23.5,0.506,0.874,1.5,17.3,3.0,48.0,3.0,5.0,3,Stressed Book
C30339,555.0,33.7,0.456,0.84,1.9,20.2,3.0,19.0,3.0,14.0,3,Stressed Book
C20213,609.0,49.6,0.515,0.764,8.9,30.9,2.0,28.0,0.0,27.0,2,Card Revolver
C40273,737.0,196.2,0.289,0.237,61.9,172.5,5.0,104.0,-0.0,18.0,4,Affluent Relationship
C10066,682.0,58.2,0.16,0.152,24.5,1.0,3.0,75.0,0.0,6.0,1,Mass-Market Saver
C30266,515.0,24.6,0.542,0.775,0.8,25.8,3.0,44.0,4.0,6.0,3,Stressed Book
C30097,562.0,21.0,0.476,0.899,0.8,20.4,2.0,22.0,4.0,6.0,3,Stressed Book
C00277,806.0,119.8,0.31,0.071,48.2,12.9,3.0,66.0,0.0,18.0,0,Prime Transactor
C20269,654.0,50.4,0.438,0.866,0.0,15.5,3.0,44.0,1.0,29.0,2,Card Revolver
C20217,654.0,46.7,0.621,0.639,7.8,13.8,3.0,50.0,2.0,25.0,2,Card Revolver
C30113,554.0,33.9,0.522,0.75,0.3,17.5,2.0,23.0,3.0,8.0,3,Stressed Book
C10322,684.0,54.9,0.172,0.266,14.5,7.3,3.0,64.0,0.0,8.0,1,Mass-Market Saver
C40339,741.0,239.0,0.314,0.319,71.4,333.4,5.0,146.0,0.0,9.0,4,Affluent Relationship
C10386,698.0,39.4,0.298,0.187,29.6,8.9,2.0,91.0,-0.0,10.0,1,Mass-Market Saver
C30335,614.0,32.8,0.618,0.833,0.0,12.8,2.0,25.0,4.0,8.0,3,Stressed Book
C40068,724.0,139.9,0.283,0.161,71.1,259.1,6.0,106.0,1.0,19.0,4,Affluent Relationship
C30160,572.0,42.7,0.511,0.892,1.1,18.4,1.0,37.0,2.0,9.0,3,Stressed Book
C30094,564.0,25.8,0.573,0.758,1.3,24.4,2.0,1.0,1.0,2.0,3,Stressed Book
C20106,660.0,25.2,0.42,0.695,12.8,10.7,2.0,51.0,3.0,5.0,2,Card Revolver
C10163,722.0,56.8,0.308,0.225,23.1,15.6,2.0,49.0,0.0,8.0,1,Mass-Market Saver
C00388,781.0,77.6,0.249,0.23,28.8,21.9,3.0,60.0,-0.0,17.0,0,Prime Transactor
C00022,782.0,77.5,0.121,0.15,27.4,15.3,2.0,56.0,-0.0,13.0,0,Prime Transactor
C40359,785.0,147.2,0.305,0.193,38.6,360.1,4.0,108.0,-0.0,15.0,4,Affluent Relationship
C00124,801.0,88.5,0.164,0.207,34.7,13.8,4.0,98.0,0.0,3.0,0,Prime Transactor
C30246,554.0,25.7,0.564,0.855,1.1,10.4,3.0,28.0,3.0,6.0,3,Stressed Book
C10373,671.0,55.1,0.296,0.182,15.2,10.0,4.0,46.0,1.0,15.0,1,Mass-Market Saver
C20080,642.0,33.4,0.38,0.654,2.6,13.1,5.0,47.0,1.0,21.0,2,Card Revolver
C20344,658.0,37.8,0.454,0.788,0.0,2.0,4.0,27.0,3.0,22.0,2,Card Revolver
C20366,647.0,22.0,0.55,0.917,6.1,25.6,4.0,51.0,-0.0,20.0,2,Card Revolver
C00050,780.0,67.9,0.161,0.203,36.2,8.8,3.0,27.0,0.0,18.0,0,Prime Transactor
C30186,601.0,30.2,0.433,0.827,2.5,15.3,2.0,33.0,3.0,8.0,3,Stressed Book
C30248,494.0,31.0,0.645,0.986,0.9,16.6,2.0,11.0,4.0,0.0,3,Stressed Book
C20305,662.0,31.1,0.362,0.536,0.7,27.0,4.0,48.0,2.0,27.0,2,Card Revolver
C10303,730.0,47.4,0.227,0.182,21.5,7.5,2.0,54.0,1.0,9.0,1,Mass-Market Saver
C10082,678.0,61.9,0.102,0.15,25.3,4.5,3.0,51.0,0.0,17.0,1,Mass-Market Saver
C20345,637.0,48.3,0.389,0.783,1.3,22.6,4.0,28.0,3.0,18.0,2,Card Revolver
C40298,728.0,114.6,0.387,0.239,57.5,207.5,7.0,74.0,0.0,16.0,4,Affluent Relationship
C00066,801.0,83.6,0.194,0.193,50.4,28.0,3.0,77.0,1.0,17.0,0,Prime Transactor
C40109,764.0,157.5,0.341,0.189,86.5,183.8,6.0,127.0,0.0,10.0,4,Affluent Relationship
C10333,716.0,47.5,0.302,0.145,14.0,6.9,1.0,36.0,1.0,5.0,1,Mass-Market Saver
C40172,782.0,73.9,0.348,0.237,77.4,331.7,7.0,122.0,1.0,21.0,4,Affluent Relationship
C20001,658.0,66.8,0.246,0.649,8.0,19.4,2.0,36.0,0.0,23.0,2,Card Revolver
C40375,768.0,131.2,0.235,0.149,91.2,187.2,6.0,55.0,0.0,20.0,4,Affluent Relationship
C40154,741.0,147.4,0.407,0.177,84.0,132.6,5.0,125.0,1.0,14.0,4,Affluent Relationship
C20107,660.0,51.3,0.31,0.845,2.3,10.9,2.0,28.0,-0.0,40.0,2,Card Revolver
C00031,784.0,110.7,0.196,0.106,25.8,12.9,2.0,66.0,-0.0,23.0,0,Prime Transactor
C10017,737.0,52.8,0.222,0.22,28.9,10.8,2.0,69.0,1.0,12.0,1,Mass-Market Saver
C20081,651.0,43.6,0.374,0.774,7.0,23.6,3.0,57.0,2.0,14.0,2,Card Revolver
C10232,716.0,58.0,0.214,0.255,27.4,4.7,2.0,34.0,1.0,11.0,1,Mass-Market Saver
C40020,767.0,177.2,0.36,0.182,114.0,274.3,4.0,101.0,1.0,14.0,4,Affluent Relationship
C30229,603.0,16.5,0.533,0.776,0.0,32.2,2.0,42.0,2.0,1.0,3,Stressed Book
C00064,769.0,101.1,0.18,0.029,38.4,16.0,4.0,61.0,1.0,17.0,0,Prime Transactor
C40010,756.0,185.0,0.439,0.186,74.2,222.7,6.0,117.0,-0.0,14.0,4,Affluent Relationship
C30395,570.0,33.6,0.579,0.902,3.9,0.0,1.0,18.0,5.0,6.0,3,Stressed Book
C00077,786.0,85.6,0.309,0.003,21.3,7.8,4.0,87.0,1.0,9.0,0,Prime Transactor
C10091,660.0,51.7,0.253,0.211,30.4,7.9,2.0,72.0,1.0,8.0,1,Mass-Market Saver
C40267,770.0,136.7,0.187,0.184,76.3,253.7,6.0,121.0,1.0,16.0,4,Affluent Relationship
C30315,584.0,30.8,0.638,0.962,2.1,36.3,2.0,28.0,3.0,5.0,3,Stressed Book
C10132,669.0,42.6,0.316,0.124,14.6,12.4,3.0,22.0,-0.0,10.0,1,Mass-Market Saver
C00065,805.0,78.6,0.169,0.132,21.0,17.4,3.0,50.0,0.0,16.0,0,Prime Transactor
C40078,759.0,116.9,0.31,0.157,63.8,203.8,5.0,121.0,1.0,15.0,4,Affluent Relationship
C00296,785.0,131.8,0.252,0.156,29.4,10.5,4.0,98.0,-0.0,24.0,0,Prime Transactor
C10191,740.0,52.7,0.286,0.183,10.3,3.8,2.0,50.0,0.0,11.0,1,Mass-Market Saver
C10367,701.0,44.2,0.182,0.288,22.6,6.4,3.0,43.0,0.0,9.0,1,Mass-Market Saver
C10324,726.0,35.2,0.319,0.339,5.3,6.7,3.0,57.0,-0.0,6.0,1,Mass-Market Saver
C40329,745.0,118.7,0.313,0.177,130.3,253.7,6.0,134.0,0.0,11.0,4,Affluent Relationship
C10226,694.0,49.5,0.338,0.192,19.4,4.0,2.0,31.0,0.0,2.0,1,Mass-Market Saver
C40341,742.0,144.8,0.338,0.195,69.7,234.5,7.0,123.0,-0.0,5.0,4,Affluent Relationship
C40333,748.0,262.3,0.263,0.221,93.4,222.8,6.0,70.0,0.0,8.0,4,Affluent Relationship
C30012,551.0,33.0,0.525,0.981,0.0,28.7,3.0,48.0,4.0,3.0,3,Stressed Book
C40000,769.0,136.5,0.341,0.136,97.2,158.8,7.0,105.0,0.0,7.0,4,Affluent Relationship
C00251,786.0,88.7,0.195,0.0,32.3,25.4,2.0,100.0,-0.0,32.0,0,Prime Transactor
C40207,757.0,182.8,0.295,0.164,98.7,54.4,4.0,78.0,0.0,21.0,4,Affluent Relationship
C30105,600.0,37.4,0.527,0.832,1.9,19.5,2.0,16.0,4.0,6.0,3,Stressed Book
C40290,751.0,152.4,0.347,0.115,78.4,300.3,7.0,98.0,1.0,21.0,4,Affluent Relationship
C20182,628.0,40.5,0.35,0.74,5.6,14.5,3.0,21.0,3.0,17.0,2,Card Revolver
C40160,771.0,186.4,0.339,0.153,91.1,224.4,3.0,126.0,-0.0,11.0,4,Affluent Relationship
C10306,727.0,55.7,0.206,0.323,12.6,10.5,3.0,36.0,-0.0,7.0,1,Mass-Market Saver
C10087,701.0,44.2,0.288,0.177,30.6,9.1,3.0,66.0,-0.0,7.0,1,Mass-Market Saver
C00273,777.0,76.6,0.118,0.038,33.4,9.3,2.0,59.0,1.0,16.0,0,Prime Transactor
C30295,579.0,29.3,0.443,0.87,1.3,18.7,1.0,26.0,7.0,10.0,3,Stressed Book
C40204,782.0,180.3,0.34,0.123,132.4,226.5,5.0,95.0,1.0,18.0,4,Affluent Relationship
C20163,708.0,47.2,0.325,0.704,3.3,9.7,2.0,33.0,1.0,28.0,2,Card Revolver
C20077,657.0,28.3,0.322,0.833,7.0,13.8,2.0,24.0,4.0,26.0,2,Card Revolver
C40349,765.0,157.3,0.33,0.259,95.6,287.4,7.0,101.0,1.0,21.0,4,Affluent Relationship
C40200,718.0,131.4,0.235,0.249,91.2,238.3,4.0,90.0,1.0,15.0,4,Affluent Relationship
C10011,713.0,55.1,0.295,0.346,31.7,2.7,2.0,37.0,1.0,5.0,1,Mass-Market Saver
C10267,678.0,57.2,0.216,0.361,10.6,7.7,2.0,57.0,-0.0,8.0,1,Mass-Market Saver
C30062,584.0,25.3,0.599,0.924,1.6,30.7,1.0,3.0,3.0,5.0,3,Stressed Book
C00149,784.0,91.9,0.169,0.066,18.0,8.8,3.0,90.0,0.0,17.0,0,Prime Transactor
C10244,719.0,47.5,0.229,0.136,27.2,11.0,2.0,62.0,1.0,5.0,1,Mass-Market Saver
C30393,575.0,26.7,0.49,0.927,2.4,38.4,2.0,1.0,3.0,5.0,3,Stressed Book
C00218,769.0,97.9,0.332,0.158,24.9,0.0,2.0,32.0,0.0,13.0,0,Prime Transactor
C00239,778.0,68.3,0.274,0.057,34.8,15.4,2.0,49.0,-0.0,13.0,0,Prime Transactor
C20331,656.0,54.4,0.351,0.742,3.8,16.1,2.0,9.0,-0.0,17.0,2,Card Revolver
C30016,530.0,19.3,0.462,0.952,2.4,13.2,2.0,26.0,2.0,2.0,3,Stressed Book
C10392,697.0,46.9,0.289,0.205,20.2,0.0,3.0,42.0,0.0,5.0,1,Mass-Market Saver
C00191,774.0,131.1,0.3,0.147,27.5,29.5,3.0,70.0,0.0,20.0,0,Prime Transactor
C00333,770.0,76.1,0.232,0.077,17.4,13.9,4.0,30.0,1.0,18.0,0,Prime Transactor
C30112,591.0,36.0,0.419,0.905,2.1,18.2,4.0,37.0,4.0,4.0,3,Stressed Book
C30115,590.0,27.2,0.552,0.834,1.3,35.4,1.0,27.0,2.0,6.0,3,Stressed Book
C20162,644.0,64.0,0.417,0.678,2.9,7.9,3.0,55.0,0.0,32.0,2,Card Revolver
C30297,556.0,35.8,0.462,0.817,0.0,15.7,3.0,35.0,4.0,16.0,3,Stressed Book
C40337,734.0,164.2,0.28,0.192,72.0,287.6,4.0,167.0,1.0,11.0,4,Affluent Relationship
C40040,761.0,196.4,0.23,0.148,94.0,301.2,4.0,110.0,-0.0,19.0,4,Affluent Relationship
C40005,727.0,181.2,0.287,0.105,45.4,224.3,5.0,40.0,1.0,7.0,4,Affluent Relationship
C10182,678.0,49.2,0.307,0.253,12.5,5.6,1.0,73.0,-0.0,7.0,1,Mass-Market Saver
C40296,744.0,146.9,0.288,0.292,89.6,259.9,4.0,100.0,0.0,22.0,4,Affluent Relationship
C40054,731.0,171.3,0.232,0.166,101.3,325.4,4.0,73.0,-0.0,20.0,4,Affluent Relationship
C20039,635.0,43.4,0.414,0.85,4.3,8.2,2.0,58.0,3.0,21.0,2,Card Revolver
C10227,713.0,31.8,0.421,0.352,30.5,5.0,2.0,78.0,0.0,10.0,1,Mass-Market Saver
C00323,808.0,82.5,0.146,0.055,27.9,19.9,4.0,77.0,-0.0,14.0,0,Prime Transactor
C40031,744.0,114.6,0.339,0.183,97.9,195.1,6.0,70.0,1.0,23.0,4,Affluent Relationship
C20360,644.0,26.7,0.335,0.662,9.4,8.6,2.0,39.0,3.0,8.0,2,Card Revolver
C10378,764.0,49.8,0.108,0.185,13.8,6.4,2.0,30.0,-0.0,7.0,1,Mass-Market Saver
C20276,657.0,45.0,0.44,0.967,1.5,20.9,3.0,38.0,1.0,14.0,2,Card Revolver
C20139,672.0,47.8,0.32,0.945,3.4,6.2,4.0,61.0,3.0,27.0,2,Card Revolver
C10037,710.0,28.1,0.221,0.094,13.9,5.3,3.0,75.0,1.0,13.0,1,Mass-Market Saver
C00119,797.0,111.1,0.19,0.175,39.7,21.1,4.0,69.0,0.0,23.0,0,Prime Transactor
C40366,759.0,141.7,0.32,0.121,104.2,265.0,4.0,76.0,1.0,16.0,4,Affluent Relationship
C30352,534.0,41.7,0.505,0.897,2.4,16.8,3.0,29.0,5.0,4.0,3,Stressed Book
C20226,650.0,61.0,0.37,0.785,4.7,4.3,3.0,20.0,3.0,36.0,2,Card Revolver
C30053,576.0,38.5,0.53,0.951,2.1,33.5,2.0,62.0,6.0,0.0,3,Stressed Book
C30168,557.0,34.9,0.484,0.752,3.7,37.0,1.0,35.0,2.0,10.0,3,Stressed Book
C00076,781.0,104.6,0.262,0.053,25.9,19.3,3.0,75.0,1.0,14.0,0,Prime Transactor
C20253,679.0,35.4,0.354,0.735,8.9,29.4,2.0,56.0,1.0,31.0,2,Card Revolver
C20100,670.0,39.5,0.396,0.752,4.4,20.6,3.0,9.0,0.0,1.0,2,Card Revolver
C00371,768.0,82.5,0.259,0.212,41.9,30.5,3.0,77.0,1.0,18.0,0,Prime Transactor
C40250,772.0,134.9,0.224,0.145,82.3,124.6,6.0,117.0,0.0,18.0,4,Affluent Relationship
C30231,588.0,33.9,0.54,0.829,1.3,4.3,1.0,11.0,5.0,11.0,3,Stressed Book
C40362,715.0,84.5,0.222,0.138,97.7,205.5,6.0,137.0,2.0,18.0,4,Affluent Relationship
C20141,639.0,43.4,0.45,0.763,4.0,17.6,3.0,46.0,2.0,22.0,2,Card Revolver
C10177,656.0,28.6,0.388,0.074,25.8,11.9,2.0,87.0,2.0,12.0,1,Mass-Market Saver
C20019,663.0,48.2,0.461,0.878,7.5,6.1,2.0,34.0,1.0,30.0,2,Card Revolver
C30258,544.0,43.7,0.606,0.777,0.2,31.3,2.0,23.0,1.0,5.0,3,Stressed Book
C30280,620.0,33.5,0.497,0.865,1.8,23.1,1.0,12.0,7.0,3.0,3,Stressed Book
C40120,759.0,188.8,0.25,0.107,118.6,192.8,5.0,101.0,0.0,13.0,4,Affluent Relationship
C30169,574.0,29.7,0.63,0.862,1.2,32.0,2.0,40.0,4.0,9.0,3,Stressed Book
C20086,610.0,33.0,0.526,0.689,3.9,19.5,2.0,53.0,2.0,25.0,2,Card Revolver
C20168,657.0,53.3,0.387,0.689,0.0,16.5,2.0,46.0,3.0,5.0,2,Card Revolver
C40099,780.0,158.8,0.228,0.099,116.0,288.4,6.0,96.0,1.0,21.0,4,Affluent Relationship
C10385,724.0,52.9,0.16,0.102,30.0,9.2,3.0,49.0,1.0,6.0,1,Mass-Market Saver
C40153,690.0,146.5,0.321,0.187,69.1,256.6,5.0,76.0,-0.0,15.0,4,Affluent Relationship
C40088,789.0,176.8,0.455,0.091,112.2,263.6,6.0,61.0,1.0,13.0,4,Affluent Relationship
C00301,796.0,94.6,0.276,0.125,37.0,0.8,2.0,91.0,-0.0,16.0,0,Prime Transactor
C10289,728.0,56.7,0.337,0.191,18.9,9.5,2.0,52.0,0.0,6.0,1,Mass-Market Saver
C20012,637.0,42.6,0.382,0.835,3.7,14.1,3.0,35.0,1.0,29.0,2,Card Revolver
C20261,657.0,19.2,0.475,0.753,1.0,16.7,1.0,46.0,1.0,20.0,2,Card Revolver
C00236,723.0,84.3,0.209,0.178,34.1,16.7,3.0,88.0,1.0,12.0,0,Prime Transactor
C20315,620.0,25.2,0.433,0.771,0.0,3.0,3.0,35.0,2.0,12.0,2,Card Revolver
C30145,584.0,43.2,0.613,0.99,2.8,23.6,3.0,37.0,7.0,5.0,3,Stressed Book
C10099,693.0,55.3,0.23,0.255,34.2,7.4,1.0,57.0,1.0,7.0,1,Mass-Market Saver
C40045,751.0,200.3,0.365,0.14,121.9,299.1,6.0,89.0,0.0,11.0,4,Affluent Relationship
C20279,650.0,39.5,0.424,0.819,2.7,12.7,2.0,50.0,1.0,34.0,2,Card Revolver
C30126,587.0,40.8,0.356,0.815,1.2,26.5,2.0,23.0,5.0,0.0,3,Stressed Book
C10394,723.0,56.0,0.286,0.179,30.7,11.1,2.0,72.0,1.0,12.0,1,Mass-Market Saver
C40310,749.0,185.0,0.298,0.101,37.7,401.7,4.0,88.0,1.0,15.0,4,Affluent Relationship
C30320,627.0,15.6,0.583,0.916,0.5,20.0,1.0,29.0,6.0,10.0,3,Stressed Book
C40318,719.0,182.6,0.458,0.3,53.5,148.2,5.0,104.0,-0.0,10.0,4,Affluent Relationship
C20190,604.0,55.6,0.321,0.824,5.2,13.8,3.0,35.0,1.0,23.0,2,Card Revolver
C30161,623.0,20.8,0.596,0.853,2.0,13.8,2.0,30.0,6.0,14.0,3,Stressed Book
C20134,647.0,53.4,0.301,0.821,4.4,14.9,3.0,20.0,2.0,13.0,2,Card Revolver
C00387,802.0,120.4,0.266,0.196,24.0,9.5,3.0,65.0,-0.0,28.0,0,Prime Transactor
C30259,607.0,27.8,0.509,0.99,2.5,36.8,3.0,45.0,2.0,3.0,3,Stressed Book
C00390,767.0,141.2,0.207,0.131,16.5,8.2,2.0,96.0,0.0,21.0,0,Prime Transactor
C10343,734.0,58.7,0.191,0.296,18.3,10.9,3.0,52.0,1.0,6.0,1,Mass-Market Saver
C00352,786.0,103.4,0.211,0.05,27.7,15.3,2.0,80.0,1.0,24.0,0,Prime Transactor
C30017,517.0,24.0,0.275,0.795,0.3,16.6,2.0,45.0,4.0,7.0,3,Stressed Book
C00235,764.0,69.1,0.2,0.033,37.0,21.2,5.0,93.0,-0.0,13.0,0,Prime Transactor
C40095,760.0,132.7,0.253,0.213,81.8,293.2,5.0,159.0,0.0,24.0,4,Affluent Relationship
C10080,730.0,55.5,0.304,0.237,14.8,3.8,3.0,56.0,1.0,7.0,1,Mass-Market Saver
C10167,723.0,49.1,0.213,0.302,22.1,6.7,3.0,54.0,0.0,10.0,1,Mass-Market Saver
C20340,627.0,42.3,0.508,0.871,5.1,14.5,2.0,43.0,3.0,22.0,2,Card Revolver
C40070,761.0,148.0,0.315,0.251,71.0,227.8,5.0,106.0,0.0,10.0,4,Affluent Relationship
C40251,724.0,145.9,0.299,0.185,116.7,217.2,4.0,102.0,0.0,16.0,4,Affluent Relationship
C30355,617.0,31.5,0.562,0.962,0.9,17.1,1.0,32.0,5.0,10.0,3,Stressed Book
C00120,760.0,98.8,0.188,0.098,10.6,4.9,3.0,93.0,1.0,18.0,0,Prime Transactor
C40115,755.0,204.9,0.27,0.198,91.4,197.9,6.0,124.0,1.0,12.0,4,Affluent Relationship
C20224,638.0,47.0,0.293,0.92,0.9,26.3,2.0,45.0,1.0,28.0,2,Card Revolver
C20286,687.0,34.5,0.374,0.755,3.4,19.3,3.0,42.0,2.0,26.0,2,Card Revolver
C30072,593.0,26.7,0.562,0.725,2.9,37.3,3.0,1.0,5.0,7.0,3,Stressed Book
C20126,643.0,59.7,0.452,0.859,5.8,20.6,4.0,18.0,1.0,29.0,2,Card Revolver
C10115,705.0,45.8,0.232,0.286,28.9,8.8,2.0,94.0,1.0,6.0,1,Mass-Market Saver
C00223,802.0,80.5,0.212,0.005,26.4,12.7,3.0,55.0,1.0,11.0,0,Prime Transactor
C30267,565.0,30.4,0.414,0.718,1.1,32.7,3.0,2.0,4.0,3.0,3,Stressed Book
C10213,706.0,58.4,0.297,0.236,25.1,5.8,3.0,71.0,1.0,6.0,1,Mass-Market Saver
C20043,660.0,65.0,0.551,0.839,6.0,5.8,2.0,31.0,1.0,11.0,2,Card Revolver
C30045,537.0,33.2,0.591,0.807,2.3,32.5,3.0,26.0,4.0,0.0,3,Stressed Book
C00052,774.0,81.6,0.216,0.057,34.1,11.2,3.0,68.0,-0.0,12.0,0,Prime Transactor
C40231,732.0,103.8,0.256,0.267,85.2,255.0,5.0,94.0,0.0,7.0,4,Affluent Relationship
C10085,726.0,55.7,0.364,0.408,20.1,7.0,2.0,1.0,-0.0,8.0,1,Mass-Market Saver
C40302,730.0,158.9,0.247,0.196,68.9,26.2,6.0,75.0,-0.0,6.0,4,Affluent Relationship
C20018,641.0,49.3,0.284,0.742,4.4,20.9,3.0,35.0,1.0,19.0,2,Card Revolver
C00155,797.0,93.1,0.061,0.12,17.0,8.3,4.0,44.0,-0.0,27.0,0,Prime Transactor
C30166,576.0,20.5,0.471,0.977,2.7,16.7,1.0,16.0,1.0,2.0,3,Stressed Book
C10200,680.0,49.8,0.424,0.106,27.0,6.3,2.0,48.0,0.0,12.0,1,Mass-Market Saver
C30391,553.0,25.3,0.508,0.747,1.2,8.4,2.0,5.0,5.0,10.0,3,Stressed Book
C00248,785.0,95.2,0.262,0.092,39.2,15.7,3.0,73.0,0.0,24.0,0,Prime Transactor
C10361,667.0,66.6,0.292,0.13,28.0,3.1,3.0,54.0,-0.0,10.0,1,Mass-Market Saver
C40215,768.0,163.9,0.337,0.169,95.9,244.7,4.0,102.0,0.0,13.0,4,Affluent Relationship
C20330,639.0,27.6,0.281,0.846,0.0,27.9,3.0,31.0,0.0,22.0,2,Card Revolver
C10142,696.0,54.2,0.23,0.318,18.1,2.5,3.0,51.0,1.0,6.0,1,Mass-Market Saver
C10393,727.0,39.0,0.315,0.314,35.2,10.8,3.0,30.0,1.0,13.0,1,Mass-Market Saver
C20341,687.0,38.9,0.507,0.682,4.6,10.6,3.0,45.0,0.0,16.0,2,Card Revolver
C30245,623.0,46.3,0.463,0.801,1.5,27.9,1.0,19.0,7.0,1.0,3,Stressed Book
C10228,688.0,58.2,0.221,0.225,7.8,3.2,3.0,44.0,0.0,11.0,1,Mass-Market Saver
C00150,763.0,124.6,0.25,0.227,36.0,23.9,3.0,89.0,1.0,11.0,0,Prime Transactor
C40077,762.0,128.1,0.306,0.127,70.6,329.5,5.0,78.0,1.0,14.0,4,Affluent Relationship
C00291,788.0,70.8,0.29,0.14,12.8,11.6,3.0,56.0,0.0,14.0,0,Prime Transactor
C00381,756.0,114.6,0.188,0.092,45.3,19.4,3.0,27.0,0.0,21.0,0,Prime Transactor
C10286,728.0,51.2,0.206,0.171,23.6,2.1,3.0,56.0,1.0,4.0,1,Mass-Market Saver
C30167,568.0,23.2,0.586,0.857,0.9,39.1,3.0,29.0,7.0,11.0,3,Stressed Book
C30024,544.0,30.2,0.578,0.954,0.9,26.9,2.0,12.0,1.0,0.0,3,Stressed Book
C20097,641.0,57.3,0.387,0.641,-0.0,18.2,4.0,60.0,1.0,18.0,2,Card Revolver
C20054,667.0,38.1,0.283,0.799,5.7,17.8,2.0,44.0,1.0,13.0,2,Card Revolver
C20271,680.0,45.0,0.438,0.834,5.3,17.4,2.0,27.0,2.0,26.0,2,Card Revolver
C40384,743.0,177.6,0.311,0.107,77.0,191.8,5.0,47.0,-0.0,7.0,4,Affluent Relationship
C30317,609.0,31.8,0.446,0.857,1.5,26.3,1.0,49.0,3.0,9.0,3,Stressed Book
C40076,753.0,187.7,0.341,0.285,116.0,263.5,6.0,76.0,0.0,17.0,4,Affluent Relationship
C20091,624.0,35.9,0.511,0.849,4.0,18.0,1.0,47.0,2.0,13.0,2,Card Revolver
C40144,761.0,142.8,0.393,0.154,81.1,170.2,5.0,67.0,0.0,5.0,4,Affluent Relationship
C40388,762.0,151.0,0.391,0.064,78.4,205.4,5.0,88.0,1.0,14.0,4,Affluent Relationship
C30164,576.0,32.2,0.472,0.856,1.6,20.1,2.0,26.0,5.0,10.0,3,Stressed Book
C10215,701.0,61.8,0.375,0.134,43.9,2.5,2.0,33.0,0.0,3.0,1,Mass-Market Saver
C00154,788.0,122.0,0.208,0.094,29.2,8.3,4.0,50.0,1.0,10.0,0,Prime Transactor
C20393,600.0,69.8,0.298,0.837,6.7,17.8,3.0,34.0,-0.0,25.0,2,Card Revolver
C40102,775.0,188.2,0.41,0.254,117.3,276.5,6.0,85.0,0.0,9.0,4,Affluent Relationship
C40382,740.0,147.3,0.196,0.105,71.0,206.6,4.0,78.0,0.0,1.0,4,Affluent Relationship
C40168,759.0,156.6,0.366,0.132,32.3,175.7,5.0,112.0,1.0,20.0,4,Affluent Relationship
C00322,770.0,88.9,0.157,0.127,30.6,0.0,3.0,88.0,0.0,12.0,0,Prime Transactor
C30337,616.0,29.8,0.509,0.791,2.2,12.7,2.0,34.0,3.0,7.0,3,Stressed Book
C30082,497.0,46.2,0.566,0.738,1.1,30.5,1.0,37.0,8.0,12.0,3,Stressed Book
C00082,783.0,82.1,0.226,0.082,33.5,6.2,3.0,95.0,1.0,12.0,0,Prime Transactor
C10112,707.0,27.0,0.377,0.132,4.7,2.2,2.0,65.0,-0.0,9.0,1,Mass-Market Saver
C30316,581.0,41.5,0.456,0.924,4.3,12.2,2.0,28.0,6.0,14.0,3,Stressed Book
C30276,590.0,30.8,0.493,0.898,2.4,36.5,2.0,36.0,5.0,2.0,3,Stressed Book
C20129,658.0,36.3,0.434,0.809,4.0,15.0,3.0,12.0,2.0,22.0,2,Card Revolver
C40021,784.0,148.4,0.357,0.093,84.5,200.2,4.0,56.0,0.0,16.0,4,Affluent Relationship
C30157,563.0,23.7,0.48,0.726,1.9,31.0,3.0,28.0,6.0,8.0,3,Stressed Book
C00010,780.0,78.8,0.23,0.255,19.7,7.0,3.0,84.0,0.0,17.0,0,Prime Transactor
C20031,634.0,40.8,0.325,0.818,0.0,18.7,3.0,50.0,0.0,17.0,2,Card Revolver
C00032,771.0,105.4,0.311,0.101,22.0,13.5,3.0,48.0,0.0,30.0,0,Prime Transactor
C40149,754.0,203.7,0.122,0.269,80.4,287.6,5.0,188.0,-0.0,20.0,4,Affluent Relationship
C10013,745.0,51.4,0.378,0.101,29.0,5.0,2.0,54.0,1.0,15.0,1,Mass-Market Saver
C10180,745.0,53.0,0.275,0.115,22.1,0.0,2.0,87.0,1.0,13.0,1,Mass-Market Saver
C30206,583.0,40.7,0.399,0.766,1.3,24.2,2.0,35.0,3.0,0.0,3,Stressed Book
C40314,741.0,171.4,0.172,0.161,112.4,296.8,4.0,63.0,0.0,23.0,4,Affluent Relationship
C30363,599.0,36.7,0.529,0.914,2.3,25.5,3.0,23.0,6.0,15.0,3,Stressed Book
C40293,740.0,165.9,0.528,0.137,41.2,279.7,4.0,70.0,0.0,14.0,4,Affluent Relationship
C10214,668.0,40.6,0.304,0.026,18.7,8.1,2.0,33.0,1.0,14.0,1,Mass-Market Saver
C20245,670.0,39.0,0.505,0.804,0.0,16.8,2.0,52.0,3.0,22.0,2,Card Revolver
C30202,571.0,39.2,0.615,0.958,3.3,30.6,2.0,18.0,5.0,4.0,3,Stressed Book
C20214,673.0,48.9,0.309,0.702,0.0,6.4,2.0,10.0,1.0,26.0,2,Card Revolver
C00089,783.0,74.5,0.219,0.173,18.3,10.1,4.0,46.0,0.0,12.0,0,Prime Transactor
C40164,779.0,200.1,0.286,0.293,18.2,256.7,6.0,96.0,1.0,12.0,4,Affluent Relationship
C10201,720.0,38.7,0.394,0.122,27.8,7.0,3.0,63.0,1.0,8.0,1,Mass-Market Saver
C30037,555.0,43.6,0.59,0.851,0.0,30.3,3.0,27.0,2.0,8.0,3,Stressed Book
C40226,787.0,196.2,0.264,0.077,70.1,220.4,5.0,123.0,-0.0,17.0,4,Affluent Relationship
C00133,834.0,107.9,0.296,0.153,18.1,22.7,2.0,67.0,0.0,23.0,0,Prime Transactor
C30170,592.0,39.0,0.435,0.99,1.3,39.3,2.0,25.0,4.0,11.0,3,Stressed Book
C10155,677.0,51.6,0.334,0.101,26.5,8.0,3.0,31.0,1.0,2.0,1,Mass-Market Saver
C20231,632.0,34.1,0.503,0.716,2.8,14.8,3.0,68.0,0.0,26.0,2,Card Revolver
C30356,592.0,33.1,0.625,0.779,2.0,28.8,2.0,52.0,5.0,11.0,3,Stressed Book
C00320,786.0,100.4,0.331,0.271,19.1,20.4,4.0,82.0,0.0,18.0,0,Prime Transactor
C40159,785.0,204.9,0.166,0.188,60.7,221.3,4.0,148.0,-0.0,15.0,4,Affluent Relationship
C30011,591.0,27.9,0.409,0.813,2.8,21.5,3.0,17.0,5.0,3.0,3,Stressed Book
C40126,721.0,218.5,0.308,0.206,63.5,361.8,6.0,132.0,-0.0,17.0,4,Affluent Relationship
C10234,754.0,45.6,0.348,0.299,17.4,2.3,3.0,46.0,0.0,7.0,1,Mass-Market Saver
C10152,679.0,46.7,0.313,0.183,31.2,9.1,2.0,60.0,2.0,14.0,1,Mass-Market Saver
C30128,566.0,39.2,0.408,0.844,1.8,19.8,3.0,13.0,2.0,5.0,3,Stressed Book
C20255,611.0,16.8,0.183,0.721,8.3,6.5,3.0,6.0,3.0,25.0,2,Card Revolver
C30349,645.0,30.4,0.418,0.721,2.5,29.2,2.0,27.0,4.0,4.0,3,Stressed Book
C10396,725.0,65.0,0.246,0.295,25.7,8.7,1.0,66.0,0.0,11.0,1,Mass-Market Saver
C40051,733.0,138.5,0.252,0.126,77.3,228.4,5.0,130.0,0.0,22.0,4,Affluent Relationship
C30064,553.0,45.0,0.547,0.848,1.5,19.0,2.0,28.0,5.0,10.0,3,Stressed Book
C40100,769.0,112.8,0.181,0.085,93.3,142.2,4.0,98.0,-0.0,8.0,4,Affluent Relationship
C00174,770.0,82.3,0.203,0.059,39.9,25.8,3.0,31.0,1.0,25.0,0,Prime Transactor
C10366,719.0,45.4,0.369,0.351,26.5,6.6,4.0,82.0,-0.0,7.0,1,Mass-Market Saver
C00245,786.0,95.1,0.119,0.161,36.7,12.8,5.0,117.0,-0.0,24.0,0,Prime Transactor
C20280,650.0,57.6,0.316,0.714,5.6,21.7,3.0,69.0,2.0,25.0,2,Card Revolver
C40125,693.0,209.1,0.32,0.172,128.1,173.9,4.0,74.0,1.0,18.0,4,Affluent Relationship
C00145,779.0,121.4,0.129,0.21,21.4,0.0,5.0,110.0,-0.0,19.0,0,Prime Transactor
C00090,805.0,136.6,0.341,0.107,35.4,13.0,3.0,109.0,-0.0,24.0,0,Prime Transactor
C30216,558.0,45.4,0.575,0.937,0.8,26.6,3.0,13.0,4.0,5.0,3,Stressed Book
C10282,716.0,42.7,0.251,0.254,17.8,1.5,2.0,71.0,-0.0,12.0,1,Mass-Market Saver
C00310,779.0,107.3,0.225,0.051,37.5,17.6,4.0,96.0,1.0,18.0,0,Prime Transactor
C30183,576.0,19.1,0.509,0.761,1.9,35.6,3.0,23.0,3.0,4.0,3,Stressed Book
C00093,806.0,83.5,0.154,0.196,27.0,1.6,3.0,94.0,1.0,15.0,0,Prime Transactor
C30358,564.0,37.3,0.514,0.734,0.9,16.0,1.0,25.0,6.0,2.0,3,Stressed Book
C20124,666.0,43.6,0.561,0.538,0.0,23.0,3.0,22.0,3.0,26.0,2,Card Revolver
C40075,776.0,191.5,0.248,0.162,45.2,334.1,5.0,134.0,1.0,10.0,4,Affluent Relationship
C20235,673.0,27.4,0.233,0.692,3.3,34.0,4.0,27.0,3.0,32.0,2,Card Revolver
C30200,611.0,49.6,0.451,0.91,1.2,32.7,2.0,40.0,3.0,7.0,3,Stressed Book
C00243,784.0,70.6,0.206,0.167,47.7,17.7,3.0,100.0,1.0,28.0,0,Prime Transactor
C20311,666.0,37.1,0.435,0.706,2.8,10.9,3.0,58.0,1.0,32.0,2,Card Revolver
C00214,768.0,100.0,0.29,0.163,18.6,6.4,3.0,71.0,1.0,10.0,0,Prime Transactor
C40369,749.0,154.6,0.2,0.267,45.9,132.7,6.0,64.0,1.0,16.0,4,Affluent Relationship
C20397,647.0,20.3,0.384,0.544,4.2,16.7,4.0,30.0,2.0,31.0,2,Card Revolver
C20198,598.0,16.1,0.409,0.76,3.7,19.9,3.0,20.0,-0.0,6.0,2,Card Revolver
C20053,662.0,47.8,0.355,0.681,9.5,25.0,2.0,8.0,1.0,23.0,2,Card Revolver
C10025,680.0,38.5,0.294,0.193,28.9,3.2,1.0,44.0,0.0,4.0,1,Mass-Market Saver
C40151,727.0,226.0,0.271,0.269,77.6,217.4,7.0,70.0,1.0,12.0,4,Affluent Relationship
C20342,645.0,25.8,0.337,0.695,6.4,27.8,2.0,32.0,2.0,18.0,2,Card Revolver
C20343,649.0,51.4,0.43,0.773,2.3,28.4,2.0,38.0,0.0,17.0,2,Card Revolver
C00226,781.0,77.2,0.124,0.063,42.5,27.7,4.0,100.0,-0.0,18.0,0,Prime Transactor
C40016,741.0,165.9,0.27,0.17,105.2,254.7,6.0,74.0,-0.0,7.0,4,Affluent Relationship
C00000,785.0,100.4,0.204,0.067,23.5,4.1,3.0,104.0,0.0,14.0,0,Prime Transactor
C30218,567.0,49.8,0.723,0.984,0.5,11.8,2.0,16.0,6.0,6.0,3,Stressed Book
C10001,701.0,53.4,0.258,0.22,10.5,6.2,2.0,45.0,0.0,9.0,1,Mass-Market Saver
C30228,620.0,36.8,0.395,0.834,1.6,29.1,3.0,44.0,7.0,2.0,3,Stressed Book
C20303,674.0,46.2,0.35,0.608,1.3,18.0,3.0,24.0,2.0,14.0,2,Card Revolver
C00084,759.0,87.6,0.229,0.109,10.3,8.3,4.0,85.0,0.0,13.0,0,Prime Transactor
C00162,769.0,79.5,0.239,0.065,29.3,15.3,3.0,75.0,1.0,20.0,0,Prime Transactor
C00114,771.0,127.0,0.239,0.12,38.6,31.6,4.0,75.0,0.0,22.0,0,Prime Transactor
C10270,741.0,49.6,0.294,0.259,10.0,2.7,3.0,65.0,-0.0,7.0,1,Mass-Market Saver
C20374,648.0,68.3,0.378,0.827,5.3,15.4,4.0,34.0,1.0,22.0,2,Card Revolver
C30318,581.0,22.4,0.527,0.863,1.3,31.3,2.0,63.0,6.0,2.0,3,Stressed Book
C30308,585.0,25.4,0.598,0.917,0.0,18.3,1.0,40.0,6.0,1.0,3,Stressed Book
C30192,624.0,21.2,0.548,0.99,0.6,27.6,2.0,25.0,4.0,6.0,3,Stressed Book
C20089,648.0,40.1,0.447,0.739,6.2,20.6,4.0,56.0,2.0,20.0,2,Card Revolver
C30301,495.0,26.8,0.548,0.913,0.0,2.7,2.0,14.0,4.0,4.0,3,Stressed Book
C10225,702.0,40.2,0.377,0.09,16.0,6.9,3.0,73.0,1.0,17.0,1,Mass-Market Saver
C40347,762.0,161.8,0.401,0.168,111.4,316.0,6.0,90.0,1.0,16.0,4,Affluent Relationship
C20152,674.0,45.4,0.401,0.623,4.9,16.3,3.0,76.0,-0.0,23.0,2,Card Revolver
C20007,652.0,36.4,0.394,0.855,5.8,13.2,3.0,38.0,1.0,22.0,2,Card Revolver
C00258,799.0,112.6,0.321,0.117,37.4,6.0,3.0,97.0,0.0,10.0,0,Prime Transactor
C10224,687.0,31.1,0.441,0.233,19.4,8.6,2.0,85.0,0.0,3.0,1,Mass-Market Saver
C20026,639.0,37.6,0.346,0.759,7.7,23.5,4.0,59.0,1.0,26.0,2,Card Revolver
C00234,778.0,137.4,0.244,0.153,26.3,0.7,2.0,82.0,0.0,17.0,0,Prime Transactor
C00135,761.0,65.6,0.231,0.144,48.1,0.0,3.0,94.0,0.0,16.0,0,Prime Transactor
C10216,706.0,59.4,0.299,0.203,34.8,2.6,3.0,49.0,1.0,8.0,1,Mass-Market Saver
C40348,767.0,134.8,0.343,0.292,77.2,250.0,5.0,123.0,0.0,22.0,4,Affluent Relationship
C20036,637.0,45.8,0.367,0.757,0.0,23.3,3.0,34.0,2.0,24.0,2,Card Revolver
C20042,675.0,32.0,0.479,0.62,1.3,8.3,4.0,9.0,0.0,27.0,2,Card Revolver
C20159,702.0,42.8,0.401,0.833,5.0,8.8,3.0,32.0,3.0,42.0,2,Card Revolver
C10192,716.0,51.2,0.329,0.238,22.1,8.1,1.0,80.0,-0.0,12.0,1,Mass-Market Saver
C30114,599.0,32.3,0.329,0.845,2.1,23.0,2.0,29.0,2.0,0.0,3,Stressed Book
C30325,568.0,45.3,0.667,0.946,3.4,21.5,3.0,27.0,5.0,7.0,3,Stressed Book
C30091,591.0,34.6,0.592,0.958,0.6,15.7,2.0,18.0,5.0,6.0,3,Stressed Book
C00343,793.0,124.3,0.165,0.025,37.7,24.2,3.0,19.0,1.0,17.0,0,Prime Transactor
C40392,755.0,185.8,0.308,0.263,103.2,255.7,5.0,116.0,-0.0,19.0,4,Affluent Relationship
C30366,566.0,31.4,0.511,0.814,1.3,32.1,1.0,25.0,5.0,6.0,3,Stressed Book
C00293,823.0,118.2,0.235,0.107,31.9,11.8,4.0,95.0,-0.0,14.0,0,Prime Transactor
C00364,802.0,115.3,0.275,0.151,34.3,0.0,4.0,65.0,0.0,16.0,0,Prime Transactor
C00178,801.0,103.2,0.282,0.087,18.5,19.4,2.0,20.0,1.0,14.0,0,Prime Transactor
C10259,685.0,42.0,0.311,0.359,21.7,14.8,4.0,28.0,0.0,4.0,1,Mass-Market Saver
C20196,648.0,31.5,0.491,0.78,4.8,22.9,2.0,50.0,0.0,35.0,2,Card Revolver
C00014,805.0,85.2,0.217,0.072,21.7,1.8,4.0,68.0,1.0,18.0,0,Prime Transactor
C20310,626.0,35.7,0.372,0.784,1.7,5.1,2.0,50.0,0.0,27.0,2,Card Revolver
C30194,607.0,16.3,0.57,0.916,0.8,33.7,3.0,11.0,5.0,8.0,3,Stressed Book
C00165,822.0,98.8,0.307,0.137,34.1,0.5,3.0,70.0,0.0,5.0,0,Prime Transactor
C40268,725.0,188.8,0.338,0.191,129.2,259.6,5.0,110.0,-0.0,19.0,4,Affluent Relationship
C30159,550.0,32.0,0.444,0.887,1.5,31.6,2.0,34.0,6.0,8.0,3,Stressed Book
C00059,803.0,81.1,0.217,0.164,33.8,20.6,4.0,65.0,0.0,12.0,0,Prime Transactor
C10309,718.0,57.2,0.294,0.198,9.4,8.5,3.0,28.0,0.0,11.0,1,Mass-Market Saver
C10276,700.0,35.5,0.287,0.397,25.8,1.0,2.0,80.0,-0.0,7.0,1,Mass-Market Saver
C30178,558.0,24.4,0.424,0.862,0.6,31.8,1.0,36.0,5.0,11.0,3,Stressed Book
C10380,715.0,45.3,0.224,0.322,26.1,4.4,1.0,37.0,0.0,13.0,1,Mass-Market Saver
C10024,724.0,52.6,0.225,0.279,9.0,1.2,1.0,32.0,1.0,3.0,1,Mass-Market Saver
C00292,802.0,82.3,0.279,0.117,36.6,7.7,3.0,44.0,0.0,24.0,0,Prime Transactor
C20265,671.0,48.5,0.573,0.721,0.1,3.6,3.0,11.0,1.0,26.0,2,Card Revolver
C40180,739.0,145.4,0.309,0.196,121.0,229.2,4.0,113.0,1.0,6.0,4,Affluent Relationship
C00329,790.0,76.4,0.213,0.079,42.5,14.5,4.0,62.0,0.0,13.0,0,Prime Transactor
C10029,694.0,52.1,0.199,0.225,8.2,3.9,2.0,65.0,0.0,7.0,1,Mass-Market Saver
C20212,673.0,43.4,0.378,0.894,1.9,15.1,3.0,46.0,4.0,20.0,2,Card Revolver
C00079,791.0,123.6,0.208,0.028,20.4,4.6,2.0,82.0,-0.0,6.0,0,Prime Transactor
C20252,629.0,19.2,0.468,0.736,3.7,36.5,4.0,46.0,2.0,23.0,2,Card Revolver
C20137,626.0,50.9,0.356,0.82,1.2,31.3,2.0,39.0,4.0,24.0,2,Card Revolver
C20034,601.0,46.6,0.409,0.771,0.3,21.7,4.0,52.0,1.0,27.0,2,Card Revolver
C10349,661.0,50.4,0.307,0.222,39.4,10.3,3.0,36.0,1.0,6.0,1,Mass-Market Saver
C20090,657.0,35.1,0.635,0.754,5.6,27.3,2.0,22.0,1.0,14.0,2,Card Revolver
C00254,796.0,75.5,0.234,0.063,38.6,15.6,3.0,40.0,0.0,13.0,0,Prime Transactor
C40123,771.0,212.8,0.438,0.109,77.7,237.6,5.0,63.0,1.0,21.0,4,Affluent Relationship
C30282,565.0,23.4,0.491,0.985,0.0,12.8,1.0,21.0,6.0,9.0,3,Stressed Book
C40345,718.0,180.0,0.229,0.232,75.4,249.2,6.0,90.0,-0.0,19.0,4,Affluent Relationship
C30207,587.0,30.2,0.594,0.99,1.6,29.3,2.0,41.0,5.0,7.0,3,Stressed Book
C30137,558.0,53.4,0.419,0.721,1.6,36.3,2.0,27.0,3.0,6.0,3,Stressed Book
C20308,661.0,40.0,0.456,0.924,2.6,11.2,4.0,36.0,3.0,17.0,2,Card Revolver
C00136,816.0,88.9,0.151,0.041,31.4,14.4,2.0,48.0,0.0,21.0,0,Prime Transactor
C20335,638.0,44.4,0.418,0.886,0.0,16.5,3.0,21.0,2.0,19.0,2,Card Revolver
C30018,597.0,40.3,0.583,0.815,0.2,16.8,2.0,28.0,4.0,10.0,3,Stressed Book
C20052,659.0,45.6,0.376,0.674,2.6,15.0,4.0,64.0,1.0,19.0,2,Card Revolver
C30002,510.0,46.6,0.475,0.903,3.2,34.4,2.0,28.0,5.0,10.0,3,Stressed Book
C10323,695.0,35.7,0.199,0.218,25.6,0.0,2.0,62.0,0.0,4.0,1,Mass-Market Saver
C20059,646.0,43.5,0.347,0.767,0.4,15.1,2.0,46.0,0.0,27.0,2,Card Revolver
C20169,626.0,46.5,0.517,0.82,5.3,22.2,3.0,64.0,2.0,13.0,2,Card Revolver
C10096,681.0,61.5,0.274,0.363,20.4,0.0,3.0,47.0,0.0,14.0,1,Mass-Market Saver
C20150,670.0,62.7,0.503,0.721,1.8,16.8,3.0,38.0,1.0,28.0,2,Card Revolver
C20005,675.0,52.4,0.542,0.655,8.7,18.3,3.0,32.0,1.0,20.0,2,Card Revolver
C00129,764.0,69.1,0.315,0.069,40.3,16.7,5.0,96.0,0.0,17.0,0,Prime Transactor
C00337,813.0,133.7,0.197,0.144,25.7,22.1,4.0,74.0,0.0,19.0,0,Prime Transactor
C40383,766.0,155.4,0.218,0.161,96.7,238.9,5.0,96.0,1.0,7.0,4,Affluent Relationship
C10208,699.0,36.8,0.331,0.158,36.9,6.9,2.0,45.0,-0.0,10.0,1,Mass-Market Saver
C20348,677.0,44.7,0.443,0.637,2.9,23.8,2.0,29.0,0.0,33.0,2,Card Revolver
C00195,787.0,92.1,0.242,0.105,12.5,16.8,3.0,68.0,1.0,25.0,0,Prime Transactor
C30050,608.0,27.8,0.603,0.837,0.0,15.2,2.0,28.0,1.0,1.0,3,Stressed Book
C30092,576.0,35.9,0.479,0.949,0.0,26.2,2.0,17.0,3.0,10.0,3,Stressed Book
C40364,797.0,186.5,0.286,0.148,66.0,152.3,4.0,80.0,0.0,10.0,4,Affluent Relationship
C20109,652.0,60.0,0.354,0.723,2.9,21.8,3.0,50.0,0.0,24.0,2,Card Revolver
C10184,706.0,60.2,0.317,0.248,20.2,7.2,3.0,13.0,0.0,6.0,1,Mass-Market Saver
C00103,790.0,89.2,0.216,0.154,45.6,13.6,3.0,49.0,0.0,17.0,0,Prime Transactor
C40238,747.0,155.2,0.355,0.172,77.1,283.9,3.0,133.0,1.0,10.0,4,Affluent Relationship
C40256,739.0,124.2,0.274,0.198,69.4,351.9,6.0,83.0,0.0,21.0,4,Affluent Relationship
C10319,707.0,59.9,0.344,0.172,15.9,8.6,1.0,44.0,0.0,3.0,1,Mass-Market Saver
C20084,652.0,40.4,0.495,0.654,8.2,18.0,4.0,20.0,2.0,31.0,2,Card Revolver
C10376,710.0,47.7,0.354,0.154,28.7,7.6,2.0,74.0,1.0,3.0,1,Mass-Market Saver
C30369,613.0,26.7,0.49,0.835,1.7,28.3,3.0,38.0,4.0,12.0,3,Stressed Book
C20049,659.0,43.7,0.403,0.779,4.5,28.5,4.0,27.0,2.0,19.0,2,Card Revolver
C20094,652.0,23.5,0.475,0.889,0.0,6.9,3.0,39.0,1.0,25.0,2,Card Revolver
C00227,790.0,75.5,0.161,0.126,24.8,3.5,4.0,66.0,1.0,18.0,0,Prime Transactor
C40270,769.0,189.7,0.276,0.203,79.9,155.9,4.0,121.0,1.0,21.0,4,Affluent Relationship
C30125,570.0,38.1,0.649,0.8,0.0,15.1,3.0,44.0,4.0,7.0,3,Stressed Book
C30099,571.0,36.5,0.362,0.76,1.3,11.7,3.0,22.0,4.0,7.0,3,Stressed Book
C00126,789.0,102.7,0.178,0.167,23.1,4.6,3.0,90.0,-0.0,20.0,0,Prime Transactor
C10005,680.0,49.2,0.406,0.295,27.1,8.4,2.0,73.0,0.0,6.0,1,Mass-Market Saver
C10375,718.0,43.2,0.223,0.27,26.3,3.1,2.0,67.0,1.0,5.0,1,Mass-Market Saver
C20021,673.0,36.5,0.34,0.782,0.0,20.9,4.0,38.0,1.0,31.0,2,Card Revolver
C10311,720.0,59.8,0.394,0.144,18.8,1.7,3.0,27.0,1.0,12.0,1,Mass-Market Saver
C40278,795.0,178.7,0.332,0.121,90.9,240.8,6.0,53.0,0.0,5.0,4,Affluent Relationship
C20260,664.0,23.0,0.537,0.844,1.5,28.2,3.0,61.0,0.0,36.0,2,Card Revolver
C20363,668.0,41.7,0.348,0.868,11.4,12.1,2.0,23.0,0.0,12.0,2,Card Revolver
C00303,818.0,73.6,0.225,0.109,33.6,13.3,4.0,62.0,0.0,14.0,0,Prime Transactor
C00267,764.0,80.2,0.253,0.102,36.1,37.2,4.0,89.0,-0.0,14.0,0,Prime Transactor
C30357,601.0,30.5,0.696,0.95,1.5,23.1,1.0,26.0,4.0,7.0,3,Stressed Book
C10145,679.0,44.2,0.239,0.245,6.5,8.9,3.0,51.0,-0.0,8.0,1,Mass-Market Saver
C00212,789.0,66.8,0.266,0.129,23.8,21.3,4.0,4.0,0.0,9.0,0,Prime Transactor
C20096,667.0,27.4,0.399,0.78,4.5,25.4,4.0,1.0,3.0,18.0,2,Card Revolver
C30292,594.0,32.6,0.507,0.881,0.1,4.2,3.0,24.0,6.0,10.0,3,Stressed Book
C30022,591.0,38.2,0.444,0.765,0.6,37.5,2.0,41.0,5.0,6.0,3,Stressed Book
C20116,631.0,27.2,0.34,0.916,3.6,15.6,3.0,36.0,2.0,28.0,2,Card Revolver
C30351,529.0,28.5,0.407,0.848,4.6,50.9,2.0,39.0,6.0,6.0,3,Stressed Book
C10275,709.0,48.6,0.223,0.355,18.1,8.9,3.0,78.0,0.0,16.0,1,Mass-Market Saver
C30089,582.0,28.8,0.555,0.957,2.6,21.6,1.0,1.0,1.0,3.0,3,Stressed Book
C20014,703.0,39.5,0.396,0.875,5.3,25.3,2.0,20.0,5.0,22.0,2,Card Revolver
C30065,529.0,34.2,0.645,0.779,1.2,25.6,3.0,36.0,4.0,8.0,3,Stressed Book
C00342,765.0,78.6,0.214,0.094,47.6,0.0,3.0,89.0,-0.0,14.0,0,Prime Transactor
C10149,639.0,42.3,0.405,0.077,17.7,7.2,3.0,87.0,0.0,8.0,1,Mass-Market Saver
C30210,589.0,32.4,0.415,0.92,1.8,19.0,2.0,33.0,4.0,6.0,3,Stressed Book
C30014,584.0,55.4,0.569,0.861,3.2,17.2,2.0,42.0,5.0,8.0,3,Stressed Book
C20166,668.0,32.5,0.476,0.801,6.6,24.9,4.0,48.0,2.0,21.0,2,Card Revolver
C30030,568.0,37.9,0.387,0.966,2.0,28.7,2.0,29.0,3.0,8.0,3,Stressed Book
C00295,775.0,81.6,0.264,0.116,28.2,0.0,3.0,37.0,0.0,20.0,0,Prime Transactor
C10295,698.0,51.4,0.302,0.303,10.0,2.6,2.0,70.0,1.0,6.0,1,Mass-Market Saver
C30252,595.0,34.3,0.538,0.897,1.5,24.1,3.0,14.0,2.0,3.0,3,Stressed Book
C00073,763.0,86.0,0.225,-0.0,31.4,0.0,3.0,69.0,0.0,18.0,0,Prime Transactor
C10205,724.0,61.7,0.292,0.311,25.1,0.0,2.0,47.0,1.0,5.0,1,Mass-Market Saver
C00104,800.0,94.2,0.324,0.001,25.0,19.1,3.0,53.0,0.0,10.0,0,Prime Transactor
C10245,697.0,36.4,0.359,0.237,18.0,0.0,2.0,73.0,0.0,6.0,1,Mass-Market Saver
C30204,538.0,44.6,0.397,0.912,1.2,19.1,2.0,27.0,6.0,8.0,3,Stressed Book
C40352,741.0,182.1,0.314,0.16,94.0,144.7,5.0,148.0,-0.0,16.0,4,Affluent Relationship
C20240,619.0,33.7,0.452,0.865,0.0,15.4,1.0,27.0,5.0,23.0,2,Card Revolver
C10039,674.0,46.5,0.194,0.225,16.2,11.2,3.0,37.0,0.0,3.0,1,Mass-Market Saver
C20219,708.0,57.3,0.312,0.788,0.5,21.2,4.0,46.0,2.0,21.0,2,Card Revolver
C00091,784.0,120.4,0.231,0.08,30.8,17.9,3.0,84.0,-0.0,5.0,0,Prime Transactor
C20312,604.0,32.4,0.33,0.951,2.2,23.4,1.0,38.0,2.0,22.0,2,Card Revolver
C40146,786.0,121.8,0.151,0.176,64.4,174.3,5.0,53.0,1.0,20.0,4,Affluent Relationship
C20108,643.0,33.5,0.476,0.77,7.9,15.9,3.0,37.0,2.0,20.0,2,Card Revolver
C30274,515.0,33.6,0.469,0.783,1.7,22.0,2.0,39.0,5.0,8.0,3,Stressed Book
C00102,790.0,69.2,0.115,0.056,7.6,4.3,4.0,47.0,0.0,10.0,0,Prime Transactor
C00238,794.0,87.9,0.271,0.134,25.1,11.1,3.0,92.0,0.0,20.0,0,Prime Transactor
C40208,804.0,186.6,0.337,0.227,126.7,170.4,5.0,100.0,0.0,4.0,4,Affluent Relationship
C20142,662.0,37.7,0.477,0.735,9.0,18.2,3.0,25.0,1.0,24.0,2,Card Revolver
C30070,566.0,36.4,0.583,0.772,2.4,23.6,1.0,40.0,3.0,1.0,3,Stressed Book
C20138,636.0,49.2,0.492,0.87,0.0,19.8,1.0,67.0,2.0,19.0,2,Card Revolver
C40084,752.0,139.4,0.358,0.189,110.7,333.6,5.0,76.0,0.0,11.0,4,Affluent Relationship
C20381,644.0,27.7,0.424,0.854,2.5,16.4,2.0,58.0,1.0,20.0,2,Card Revolver
C30303,594.0,30.9,0.604,0.768,2.4,22.3,1.0,20.0,6.0,4.0,3,Stressed Book
C00005,799.0,73.4,0.224,0.155,26.1,17.5,3.0,88.0,1.0,14.0,0,Prime Transactor
C40206,753.0,122.9,0.374,0.175,77.5,303.4,5.0,58.0,0.0,25.0,4,Affluent Relationship
C20165,646.0,63.6,0.498,0.774,4.9,20.1,2.0,34.0,1.0,19.0,2,Card Revolver
C00018,777.0,85.9,0.258,0.102,26.5,12.2,4.0,88.0,0.0,15.0,0,Prime Transactor
C30230,572.0,26.1,0.527,0.811,1.1,13.8,3.0,24.0,2.0,9.0,3,Stressed Book
C00121,782.0,80.0,0.244,0.105,34.1,26.0,3.0,36.0,-0.0,9.0,0,Prime Transactor
C10261,705.0,52.8,0.188,0.281,35.7,6.7,1.0,80.0,0.0,0.0,1,Mass-Market Saver
C40074,710.0,102.8,0.365,0.191,4.6,214.0,5.0,132.0,0.0,11.0,4,Affluent Relationship
C00274,774.0,119.3,0.248,0.123,21.9,0.0,2.0,60.0,0.0,20.0,0,Prime Transactor
C10033,704.0,45.7,0.299,0.33,24.5,0.0,2.0,21.0,-0.0,10.0,1,Mass-Market Saver
C20011,692.0,44.8,0.451,0.722,11.8,20.3,3.0,58.0,1.0,22.0,2,Card Revolver
C30100,570.0,38.7,0.458,0.887,2.9,25.7,2.0,23.0,4.0,9.0,3,Stressed Book
C30135,612.0,46.8,0.476,0.939,2.8,28.3,1.0,15.0,5.0,15.0,3,Stressed Book
C40257,721.0,173.1,0.494,0.249,60.0,248.4,5.0,178.0,-0.0,13.0,4,Affluent Relationship
C40280,744.0,158.0,0.26,0.273,96.5,315.4,5.0,122.0,0.0,13.0,4,Affluent Relationship
C30370,553.0,20.3,0.582,0.875,1.7,32.6,2.0,27.0,5.0,9.0,3,Stressed Book
C00181,772.0,115.2,0.174,0.098,47.0,14.5,3.0,126.0,0.0,13.0,0,Prime Transactor
C00184,764.0,101.5,0.162,0.124,38.6,20.3,4.0,65.0,-0.0,24.0,0,Prime Transactor
C10006,707.0,57.1,0.303,0.274,5.8,10.8,4.0,81.0,0.0,5.0,1,Mass-Market Saver
C20065,624.0,37.8,0.291,0.741,2.6,21.9,4.0,33.0,1.0,37.0,2,Card Revolver
C40030,787.0,188.6,0.245,0.163,76.1,250.2,5.0,86.0,1.0,21.0,4,Affluent Relationship
C10120,716.0,55.3,0.29,0.154,20.2,5.7,3.0,87.0,1.0,5.0,1,Mass-Market Saver
C20203,639.0,46.2,0.309,0.807,3.1,25.2,3.0,54.0,4.0,20.0,2,Card Revolver
C00380,793.0,120.1,0.201,0.0,43.3,12.7,3.0,73.0,0.0,21.0,0,Prime Transactor
C30234,549.0,41.7,0.51,0.946,0.7,24.1,2.0,35.0,4.0,10.0,3,Stressed Book
C40058,778.0,121.6,0.307,0.057,84.2,206.6,6.0,83.0,-0.0,13.0,4,Affluent Relationship
C30193,596.0,25.1,0.565,0.807,2.1,26.9,2.0,30.0,3.0,3.0,3,Stressed Book
C30224,552.0,26.7,0.387,0.795,1.6,27.7,1.0,28.0,3.0,2.0,3,Stressed Book
C40012,748.0,122.4,0.254,0.105,103.6,166.3,7.0,97.0,0.0,20.0,4,Affluent Relationship
C10027,701.0,48.3,0.368,0.288,10.6,5.9,2.0,68.0,0.0,5.0,1,Mass-Market Saver
C00078,799.0,89.7,0.18,0.152,18.8,0.0,3.0,36.0,-0.0,20.0,0,Prime Transactor
C30397,580.0,23.3,0.57,0.855,2.8,15.8,3.0,14.0,5.0,8.0,3,Stressed Book
C20209,626.0,39.4,0.48,0.851,0.0,29.4,3.0,19.0,2.0,17.0,2,Card Revolver
C40360,772.0,183.8,0.252,0.137,111.2,237.2,6.0,124.0,0.0,15.0,4,Affluent Relationship
C40061,769.0,178.2,0.345,0.083,89.9,269.6,6.0,80.0,1.0,24.0,4,Affluent Relationship
C10207,741.0,23.9,0.273,0.251,31.7,1.9,3.0,73.0,0.0,1.0,1,Mass-Market Saver
C40174,721.0,133.3,0.359,0.237,52.1,170.0,6.0,138.0,0.0,2.0,4,Affluent Relationship
C40380,726.0,186.7,0.251,0.144,69.6,191.6,7.0,139.0,0.0,14.0,4,Affluent Relationship
C40213,742.0,201.2,0.131,0.208,85.8,238.9,5.0,148.0,0.0,16.0,4,Affluent Relationship
C20257,659.0,44.7,0.579,0.726,7.8,20.5,3.0,5.0,2.0,16.0,2,Card Revolver
C30240,623.0,37.7,0.538,0.788,0.3,27.4,2.0,20.0,3.0,12.0,3,Stressed Book
C30314,567.0,17.9,0.582,0.88,2.0,33.4,3.0,36.0,4.0,0.0,3,Stressed Book
C30385,554.0,30.5,0.624,0.859,0.7,53.9,1.0,25.0,5.0,2.0,3,Stressed Book
C20291,639.0,65.2,0.399,0.764,7.4,18.2,3.0,51.0,0.0,28.0,2,Card Revolver
C30360,545.0,34.1,0.407,0.877,0.8,26.3,1.0,32.0,4.0,4.0,3,Stressed Book
C20301,606.0,43.4,0.46,0.641,1.4,22.5,2.0,26.0,3.0,15.0,2,Card Revolver
C20329,706.0,40.6,0.455,0.746,3.6,20.3,3.0,72.0,1.0,21.0,2,Card Revolver
C30035,594.0,33.6,0.499,0.815,0.0,37.7,1.0,4.0,3.0,0.0,3,Stressed Book
C40156,781.0,171.7,0.372,0.156,89.2,280.9,6.0,111.0,1.0,11.0,4,Affluent Relationship
C20158,650.0,32.7,0.5,0.84,3.6,28.9,3.0,9.0,2.0,22.0,2,Card Revolver
C40062,746.0,150.5,0.287,0.076,74.8,352.1,4.0,90.0,1.0,17.0,4,Affluent Relationship
C10159,723.0,55.0,0.244,0.055,39.1,9.8,3.0,61.0,0.0,4.0,1,Mass-Market Saver
C20046,679.0,50.1,0.474,0.798,0.0,13.2,1.0,30.0,0.0,23.0,2,Card Revolver
C10290,689.0,35.8,0.318,0.16,18.8,4.9,2.0,81.0,0.0,9.0,1,Mass-Market Saver
C30319,507.0,43.2,0.543,0.867,0.4,11.3,1.0,64.0,7.0,4.0,3,Stressed Book
C40327,781.0,105.7,0.209,0.236,88.5,322.7,4.0,73.0,0.0,8.0,4,Affluent Relationship
C40255,764.0,148.1,0.503,0.194,53.6,245.4,7.0,109.0,0.0,11.0,4,Affluent Relationship
C10036,711.0,46.9,0.301,0.127,24.8,6.6,2.0,96.0,-0.0,4.0,1,Mass-Market Saver
C10090,709.0,57.2,0.323,0.21,22.2,13.0,2.0,60.0,1.0,9.0,1,Mass-Market Saver
C40385,752.0,248.1,0.375,0.262,84.8,346.6,6.0,97.0,1.0,8.0,4,Affluent Relationship
C40228,765.0,161.4,0.325,0.233,35.5,169.6,5.0,132.0,1.0,10.0,4,Affluent Relationship
C40029,785.0,188.1,0.306,0.158,110.0,224.2,7.0,134.0,0.0,18.0,4,Affluent Relationship
C30187,593.0,40.8,0.602,0.745,2.6,29.1,3.0,17.0,6.0,7.0,3,Stressed Book
C00069,781.0,107.6,0.124,0.058,24.2,32.3,4.0,69.0,0.0,30.0,0,Prime Transactor
C30372,621.0,27.1,0.506,0.848,2.4,31.1,2.0,44.0,3.0,9.0,3,Stressed Book
C20008,639.0,34.5,0.416,0.683,5.3,16.9,2.0,27.0,1.0,21.0,2,Card Revolver
C20384,630.0,48.2,0.431,0.861,3.2,27.0,2.0,38.0,0.0,15.0,2,Card Revolver
C00011,798.0,104.4,0.158,0.115,28.4,3.6,3.0,51.0,1.0,19.0,0,Prime Transactor
C00144,782.0,77.8,0.226,0.147,13.8,5.5,2.0,90.0,1.0,23.0,0,Prime Transactor
C20117,662.0,51.3,0.315,0.785,2.9,18.6,3.0,26.0,1.0,29.0,2,Card Revolver
C30341,580.0,25.8,0.481,0.828,0.0,18.8,3.0,7.0,4.0,0.0,3,Stressed Book
C30251,583.0,41.1,0.427,0.795,0.0,28.9,2.0,39.0,5.0,1.0,3,Stressed Book
C10239,771.0,35.0,0.204,0.242,25.4,3.1,2.0,21.0,0.0,11.0,1,Mass-Market Saver
C00176,773.0,109.4,0.328,0.149,15.8,15.0,4.0,60.0,-0.0,24.0,0,Prime Transactor
C20194,667.0,45.3,0.327,0.712,2.2,21.9,2.0,61.0,2.0,4.0,2,Card Revolver
C10040,705.0,52.9,0.295,0.061,18.9,7.8,3.0,76.0,-0.0,10.0,1,Mass-Market Saver
C10121,689.0,46.1,0.377,0.247,21.6,2.9,3.0,60.0,0.0,8.0,1,Mass-Market Saver
C40368,734.0,137.7,0.208,0.213,106.4,301.5,5.0,74.0,0.0,12.0,4,Affluent Relationship
C40331,717.0,168.6,0.338,0.131,38.2,158.3,5.0,19.0,1.0,19.0,4,Affluent Relationship
C40112,764.0,185.4,0.275,0.214,36.7,260.6,6.0,95.0,-0.0,13.0,4,Affluent Relationship
C20204,635.0,47.6,0.405,0.797,2.2,22.2,3.0,1.0,1.0,25.0,2,Card Revolver
C30055,585.0,29.0,0.521,0.823,2.9,28.6,4.0,23.0,7.0,4.0,3,Stressed Book
C30034,601.0,19.0,0.424,0.83,1.5,22.3,1.0,56.0,5.0,7.0,3,Stressed Book
C40064,755.0,150.3,0.354,0.172,102.3,184.3,6.0,132.0,1.0,12.0,4,Affluent Relationship
C00143,779.0,109.4,0.237,0.137,34.1,7.4,3.0,31.0,0.0,9.0,0,Prime Transactor
C10353,689.0,63.3,0.346,0.116,27.9,6.8,2.0,63.0,1.0,6.0,1,Mass-Market Saver
C10119,703.0,57.9,0.253,0.132,24.8,0.0,3.0,77.0,1.0,11.0,1,Mass-Market Saver
C40391,747.0,195.0,0.353,0.264,9.8,228.1,7.0,70.0,-0.0,16.0,4,Affluent Relationship
C30122,569.0,27.6,0.512,0.772,1.5,10.4,2.0,18.0,5.0,8.0,3,Stressed Book
C20022,655.0,52.6,0.58,0.852,6.8,21.5,3.0,41.0,1.0,31.0,2,Card Revolver
C10028,694.0,30.0,0.276,0.17,25.5,1.8,2.0,34.0,-0.0,11.0,1,Mass-Market Saver
C10212,724.0,40.1,0.31,0.196,38.1,5.9,2.0,33.0,-0.0,9.0,1,Mass-Market Saver
C30305,543.0,44.9,0.49,0.804,0.8,25.8,2.0,28.0,4.0,11.0,3,Stressed Book
C20232,658.0,38.6,0.451,0.65,6.6,19.6,2.0,62.0,2.0,32.0,2,Card Revolver
C00156,787.0,123.5,0.24,0.066,27.3,22.1,4.0,72.0,0.0,17.0,0,Prime Transactor
C10139,711.0,56.7,0.417,0.216,20.1,1.6,3.0,62.0,0.0,11.0,1,Mass-Market Saver
C30330,564.0,38.7,0.527,0.988,1.6,25.7,2.0,4.0,5.0,2.0,3,Stressed Book
C30260,528.0,52.0,0.536,0.849,0.6,14.8,1.0,59.0,4.0,6.0,3,Stressed Book
C30090,580.0,26.7,0.474,0.739,0.0,9.2,3.0,1.0,5.0,3.0,3,Stressed Book
C10061,700.0,54.7,0.306,0.196,22.0,3.8,3.0,72.0,0.0,15.0,1,Mass-Market Saver
C10176,699.0,35.7,0.317,0.218,22.8,7.4,3.0,42.0,0.0,2.0,1,Mass-Market Saver
C30162,584.0,28.9,0.711,0.853,1.4,25.0,2.0,38.0,3.0,6.0,3,Stressed Book
C00255,798.0,92.9,0.171,0.176,35.2,7.3,4.0,65.0,0.0,19.0,0,Prime Transactor
C20179,658.0,41.8,0.525,0.615,5.2,19.5,2.0,65.0,0.0,23.0,2,Card Revolver
C20385,659.0,34.4,0.372,0.757,4.7,23.2,3.0,52.0,2.0,17.0,2,Card Revolver
C20206,681.0,37.3,0.368,0.99,6.8,10.4,2.0,32.0,1.0,6.0,2,Card Revolver
C30321,587.0,42.0,0.362,0.99,1.4,12.3,2.0,19.0,4.0,7.0,3,Stressed Book
C40089,737.0,145.9,0.299,0.191,62.3,182.2,6.0,96.0,1.0,12.0,4,Affluent Relationship
C10160,698.0,45.8,0.236,0.103,19.5,8.3,2.0,54.0,0.0,7.0,1,Mass-Market Saver
C00208,764.0,113.8,0.324,0.064,25.0,20.4,3.0,120.0,-0.0,21.0,0,Prime Transactor
C20110,650.0,38.6,0.421,0.582,4.7,18.8,2.0,34.0,3.0,19.0,2,Card Revolver
C30111,582.0,51.9,0.574,0.846,1.3,23.7,2.0,24.0,6.0,2.0,3,Stressed Book
C00001,794.0,101.4,0.226,0.064,27.7,17.6,2.0,61.0,0.0,10.0,0,Prime Transactor
C30165,580.0,29.8,0.519,0.99,2.6,16.0,2.0,21.0,4.0,-0.0,3,Stressed Book
C00269,803.0,113.8,0.2,0.16,13.6,30.3,4.0,67.0,-0.0,20.0,0,Prime Transactor
C00265,789.0,98.0,0.179,0.212,34.6,16.0,4.0,97.0,0.0,22.0,0,Prime Transactor
C20114,663.0,48.7,0.604,0.867,5.2,27.6,2.0,53.0,1.0,17.0,2,Card Revolver
C00230,800.0,81.8,0.288,0.107,20.0,9.0,3.0,77.0,0.0,18.0,0,Prime Transactor
C40363,736.0,200.1,0.312,0.205,112.2,295.0,4.0,63.0,0.0,18.0,4,Affluent Relationship
C20319,724.0,29.7,0.405,0.775,0.6,9.1,2.0,30.0,1.0,29.0,2,Card Revolver
C40358,788.0,162.0,0.304,0.162,109.2,262.5,5.0,121.0,1.0,22.0,4,Affluent Relationship
C20064,674.0,40.8,0.419,0.9,4.1,8.6,1.0,35.0,0.0,24.0,2,Card Revolver
C20266,645.0,31.8,0.512,0.764,4.8,25.1,2.0,21.0,4.0,21.0,2,Card Revolver
C20073,623.0,38.5,0.394,0.861,0.1,40.5,3.0,56.0,2.0,2.0,2,Card Revolver
C40185,804.0,184.2,0.359,0.355,62.4,261.0,3.0,111.0,0.0,10.0,4,Affluent Relationship
C00398,797.0,104.0,0.169,0.1,51.4,2.3,3.0,98.0,0.0,13.0,0,Prime Transactor
C40216,760.0,145.1,0.235,0.261,135.8,214.5,7.0,107.0,-0.0,10.0,4,Affluent Relationship
C40052,776.0,124.7,0.374,0.086,126.1,265.2,4.0,32.0,0.0,7.0,4,Affluent Relationship
C00045,782.0,105.9,0.217,0.055,27.0,12.4,4.0,50.0,0.0,8.0,0,Prime Transactor
C00161,776.0,114.9,0.196,0.102,30.3,20.6,1.0,52.0,-0.0,11.0,0,Prime Transactor
C20191,658.0,31.1,0.308,0.699,4.6,28.4,4.0,42.0,2.0,24.0,2,Card Revolver
C10327,702.0,51.1,0.302,0.178,30.7,8.1,3.0,44.0,1.0,3.0,1,Mass-Market Saver
C10229,702.0,59.9,0.108,0.261,25.6,0.0,1.0,70.0,-0.0,5.0,1,Mass-Market Saver
C00288,788.0,86.7,0.214,0.116,29.9,15.2,3.0,54.0,0.0,8.0,0,Prime Transactor
C40013,746.0,151.5,0.358,0.225,54.5,405.8,6.0,56.0,0.0,18.0,4,Affluent Relationship
C20259,686.0,34.4,0.295,0.78,7.8,14.6,2.0,31.0,2.0,21.0,2,Card Revolver
C40342,733.0,171.0,0.255,0.121,105.0,219.7,5.0,102.0,1.0,16.0,4,Affluent Relationship
C10175,731.0,58.2,0.36,0.327,19.0,8.8,3.0,51.0,0.0,6.0,1,Mass-Market Saver
C20050,652.0,39.3,0.361,0.648,0.0,19.2,4.0,22.0,2.0,19.0,2,Card Revolver
C30139,589.0,21.2,0.547,0.947,0.2,19.3,3.0,13.0,3.0,7.0,3,Stressed Book
C20111,668.0,39.2,0.343,0.686,2.7,26.8,3.0,24.0,2.0,21.0,2,Card Revolver
C30054,583.0,32.7,0.32,0.791,0.9,17.4,2.0,3.0,5.0,9.0,3,Stressed Book
C40122,772.0,135.0,0.267,0.226,97.2,284.4,6.0,88.0,0.0,12.0,4,Affluent Relationship
C40209,763.0,109.1,0.363,0.238,21.5,274.2,6.0,77.0,1.0,24.0,4,Affluent Relationship
C40135,735.0,175.2,0.328,0.196,24.3,297.9,4.0,159.0,1.0,14.0,4,Affluent Relationship
C20132,658.0,58.3,0.364,0.835,5.1,16.8,3.0,25.0,1.0,19.0,2,Card Revolver
C20300,636.0,44.5,0.307,0.834,3.1,24.5,2.0,26.0,2.0,32.0,2,Card Revolver
C40057,767.0,136.2,0.307,0.115,95.3,285.1,5.0,130.0,1.0,16.0,4,Affluent Relationship
C30007,514.0,12.0,0.604,0.924,0.0,28.8,2.0,31.0,3.0,4.0,3,Stressed Book
C00247,795.0,93.7,0.243,0.007,20.2,7.6,3.0,58.0,1.0,18.0,0,Prime Transactor
C10076,699.0,45.1,0.409,0.293,14.2,4.5,2.0,53.0,1.0,17.0,1,Mass-Market Saver
C40094,761.0,188.0,0.394,0.215,112.6,355.8,3.0,126.0,0.0,17.0,4,Affluent Relationship
C00085,796.0,84.6,0.15,0.072,42.5,13.8,4.0,60.0,1.0,14.0,0,Prime Transactor
C10069,685.0,54.0,0.256,0.407,25.1,5.3,2.0,74.0,1.0,3.0,1,Mass-Market Saver
C00225,810.0,96.3,0.259,0.165,43.5,3.6,4.0,63.0,-0.0,19.0,0,Prime Transactor
C10374,692.0,45.6,0.199,0.209,21.4,4.4,2.0,24.0,-0.0,4.0,1,Mass-Market Saver
C00331,777.0,104.6,0.324,0.013,27.8,12.3,3.0,68.0,0.0,24.0,0,Prime Transactor
C00233,800.0,99.3,0.18,0.073,44.6,9.8,3.0,107.0,1.0,21.0,0,Prime Transactor
C10188,637.0,51.6,0.357,0.381,22.5,0.0,3.0,43.0,0.0,6.0,1,Mass-Market Saver
C10075,683.0,57.3,0.165,0.296,23.9,5.3,3.0,63.0,1.0,6.0,1,Mass-Market Saver
C30084,566.0,46.2,0.674,0.82,1.9,32.9,2.0,13.0,3.0,6.0,3,Stressed Book
C40258,748.0,115.9,0.083,0.163,99.1,210.0,6.0,118.0,1.0,6.0,4,Affluent Relationship
C10199,704.0,37.8,0.373,0.138,36.5,9.8,2.0,58.0,1.0,7.0,1,Mass-Market Saver
C10021,727.0,27.9,0.164,0.049,15.0,10.2,3.0,53.0,0.0,11.0,1,Mass-Market Saver
C40111,791.0,152.0,0.247,0.27,80.7,283.6,6.0,67.0,0.0,11.0,4,Affluent Relationship
C00182,798.0,73.7,0.288,0.192,22.3,7.0,3.0,72.0,-0.0,21.0,0,Prime Transactor
C20188,668.0,40.3,0.429,0.861,1.9,16.8,3.0,78.0,2.0,6.0,2,Card Revolver
C20200,637.0,41.9,0.353,0.99,6.8,19.7,2.0,51.0,2.0,18.0,2,Card Revolver
C40041,753.0,159.5,0.35,0.271,82.2,335.4,5.0,109.0,-0.0,16.0,4,Affluent Relationship
C30156,561.0,39.9,0.399,0.847,0.0,29.1,1.0,14.0,5.0,5.0,3,Stressed Book
C30262,572.0,23.0,0.569,0.828,0.4,30.8,1.0,20.0,5.0,10.0,3,Stressed Book
C00049,800.0,77.7,0.137,0.099,41.9,0.0,4.0,46.0,1.0,12.0,0,Prime Transactor
C40307,754.0,163.2,0.346,0.237,132.2,214.5,7.0,73.0,-0.0,3.0,4,Affluent Relationship
C20229,622.0,37.2,0.471,0.713,4.3,17.8,3.0,33.0,1.0,15.0,2,Card Revolver
C10129,709.0,47.4,0.252,0.218,12.9,9.0,4.0,88.0,1.0,4.0,1,Mass-Market Saver
C30058,558.0,33.6,0.677,0.874,0.3,27.2,2.0,44.0,2.0,2.0,3,Stressed Book
C10086,719.0,42.2,0.359,0.322,18.6,11.7,4.0,63.0,-0.0,14.0,1,Mass-Market Saver
C40340,733.0,142.3,0.351,0.205,88.0,313.5,7.0,66.0,1.0,26.0,4,Affluent Relationship
C10097,699.0,59.6,0.28,0.16,26.1,3.6,3.0,73.0,0.0,10.0,1,Mass-Market Saver
C40046,761.0,146.3,0.4,0.191,94.3,271.4,6.0,57.0,1.0,15.0,4,Affluent Relationship
C00106,801.0,88.3,0.153,0.027,21.0,0.0,4.0,57.0,0.0,29.0,0,Prime Transactor
C10043,713.0,45.1,0.399,0.333,20.8,1.8,4.0,42.0,1.0,15.0,1,Mass-Market Saver
C30312,560.0,38.3,0.504,0.834,2.6,30.4,2.0,31.0,7.0,5.0,3,Stressed Book
C10246,718.0,35.3,0.281,0.264,15.5,2.5,3.0,51.0,0.0,9.0,1,Mass-Market Saver
C20236,655.0,55.7,0.437,0.713,0.4,17.1,4.0,14.0,-0.0,26.0,2,Card Revolver
C40162,723.0,99.0,0.322,0.281,74.1,195.3,5.0,70.0,0.0,15.0,4,Affluent Relationship
C10326,675.0,20.3,0.316,0.324,10.1,3.0,3.0,71.0,1.0,13.0,1,Mass-Market Saver
C00190,805.0,97.2,0.211,0.103,31.4,4.8,3.0,71.0,-0.0,17.0,0,Prime Transactor
C40188,734.0,105.5,0.416,0.14,99.3,186.1,6.0,56.0,-0.0,9.0,4,Affluent Relationship
C00282,773.0,143.2,0.269,0.07,18.0,8.5,2.0,54.0,-0.0,23.0,0,Prime Transactor
C00029,752.0,123.2,0.278,0.175,34.7,12.9,3.0,66.0,0.0,18.0,0,Prime Transactor
C00169,773.0,87.6,0.151,0.038,17.9,11.9,4.0,86.0,-0.0,13.0,0,Prime Transactor
C20201,645.0,25.5,0.406,0.874,7.2,22.5,4.0,27.0,1.0,32.0,2,Card Revolver
C30004,558.0,23.2,0.505,0.904,3.1,23.2,2.0,21.0,6.0,6.0,3,Stressed Book
C00100,791.0,102.0,0.195,0.241,31.7,26.2,4.0,56.0,0.0,21.0,0,Prime Transactor
C00197,762.0,73.2,0.275,0.079,27.3,17.0,4.0,64.0,0.0,13.0,0,Prime Transactor
C10095,724.0,39.5,0.393,0.173,5.6,0.0,3.0,52.0,0.0,5.0,1,Mass-Market Saver
C40145,755.0,225.4,0.183,0.3,82.2,302.0,4.0,156.0,-0.0,14.0,4,Affluent Relationship
C10247,709.0,38.4,0.231,0.253,30.6,11.2,2.0,75.0,1.0,8.0,1,Mass-Market Saver
C20187,677.0,39.0,0.387,0.757,0.0,15.7,1.0,31.0,1.0,38.0,2,Card Revolver
C00044,773.0,77.4,0.271,0.089,43.0,5.8,4.0,67.0,-0.0,22.0,0,Prime Transactor
C40324,762.0,175.5,0.245,0.058,85.8,305.3,4.0,48.0,0.0,16.0,4,Affluent Relationship
C10310,702.0,55.4,0.33,0.101,19.4,7.8,3.0,81.0,0.0,8.0,1,Mass-Market Saver
C00373,777.0,116.2,0.172,0.124,23.2,0.0,3.0,82.0,-0.0,21.0,0,Prime Transactor
C10278,718.0,41.6,0.293,0.239,17.9,3.6,2.0,48.0,-0.0,8.0,1,Mass-Market Saver
C10166,689.0,43.4,0.156,0.23,34.4,6.7,3.0,34.0,1.0,5.0,1,Mass-Market Saver
C40072,776.0,192.9,0.35,0.201,120.9,116.5,6.0,138.0,-0.0,16.0,4,Affluent Relationship
C40221,723.0,180.6,0.26,0.222,113.0,241.8,3.0,67.0,1.0,15.0,4,Affluent Relationship
C20047,651.0,21.4,0.466,0.853,-0.0,18.9,3.0,31.0,2.0,23.0,2,Card Revolver
C10060,680.0,56.5,0.248,0.234,5.3,10.5,3.0,64.0,1.0,7.0,1,Mass-Market Saver
C30237,607.0,40.3,0.522,0.776,0.0,25.7,3.0,40.0,4.0,7.0,3,Stressed Book
C20355,648.0,39.3,0.274,0.956,7.0,13.7,1.0,42.0,3.0,29.0,2,Card Revolver
C00039,778.0,88.9,0.142,0.033,35.9,10.5,3.0,96.0,-0.0,13.0,0,Prime Transactor
C10034,713.0,41.5,0.295,0.156,10.3,0.2,2.0,81.0,-0.0,13.0,1,Mass-Market Saver
C20173,643.0,39.5,0.535,0.604,3.2,22.0,2.0,27.0,0.0,24.0,2,Card Revolver
C30039,642.0,44.2,0.491,0.829,1.5,44.1,2.0,44.0,4.0,1.0,3,Stressed Book
C20207,676.0,51.1,0.432,0.74,4.7,22.8,2.0,31.0,1.0,28.0,2,Card Revolver
C30379,583.0,31.6,0.379,0.846,3.5,28.5,3.0,19.0,2.0,3.0,3,Stressed Book
C30390,533.0,23.6,0.428,0.832,1.0,2.0,2.0,44.0,3.0,6.0,3,Stressed Book
C40186,738.0,158.6,0.293,0.291,78.0,228.4,5.0,48.0,0.0,7.0,4,Affluent Relationship
C30298,590.0,21.0,0.502,0.856,3.4,16.0,2.0,42.0,3.0,6.0,3,Stressed Book
C10056,722.0,64.7,0.261,0.084,31.8,8.2,3.0,57.0,2.0,8.0,1,Mass-Market Saver
C40235,773.0,149.6,0.367,0.282,110.2,187.7,5.0,104.0,1.0,16.0,4,Affluent Relationship
C00260,796.0,106.5,0.146,0.101,29.4,18.4,3.0,44.0,1.0,25.0,0,Prime Transactor
C40240,755.0,154.4,0.336,0.031,113.0,277.2,5.0,70.0,-0.0,15.0,4,Affluent Relationship
C00035,770.0,85.9,0.238,0.108,30.1,14.4,3.0,71.0,0.0,17.0,0,Prime Transactor
C20027,690.0,66.4,0.304,0.647,5.4,15.9,2.0,42.0,1.0,5.0,2,Card Revolver
C00309,734.0,92.2,0.231,0.235,14.2,27.2,3.0,89.0,0.0,19.0,0,Prime Transactor
C00276,765.0,93.2,0.227,0.081,33.0,10.2,2.0,73.0,1.0,14.0,0,Prime Transactor
C10236,755.0,51.2,0.202,0.278,3.7,3.0,3.0,68.0,-0.0,1.0,1,Mass-Market Saver
C10254,714.0,45.4,0.155,0.177,31.3,4.9,3.0,44.0,0.0,10.0,1,Mass-Market Saver
C10222,715.0,41.9,0.31,0.226,23.9,2.1,2.0,37.0,1.0,11.0,1,Mass-Market Saver
C40259,785.0,194.5,0.365,0.181,84.9,202.5,6.0,123.0,0.0,18.0,4,Affluent Relationship
C20044,634.0,33.1,0.491,0.821,3.0,16.2,3.0,25.0,1.0,9.0,2,Card Revolver
C00393,802.0,71.2,0.168,0.013,49.0,12.5,3.0,56.0,1.0,5.0,0,Prime Transactor
C40169,760.0,157.7,0.361,0.173,71.7,206.8,6.0,140.0,1.0,6.0,4,Affluent Relationship
C00107,806.0,74.3,0.272,0.189,20.5,4.4,3.0,34.0,1.0,4.0,0,Prime Transactor
C00349,793.0,96.1,0.275,0.141,21.7,14.8,3.0,87.0,0.0,12.0,0,Prime Transactor
C10124,735.0,30.9,0.293,0.214,6.9,8.6,2.0,44.0,-0.0,21.0,1,Mass-Market Saver
C10384,674.0,53.2,0.377,0.287,12.1,9.4,3.0,45.0,0.0,12.0,1,Mass-Market Saver
C00047,770.0,82.0,0.255,0.075,32.3,4.2,2.0,28.0,1.0,16.0,0,Prime Transactor
C00203,802.0,118.8,0.151,0.039,31.5,6.8,1.0,91.0,0.0,15.0,0,Prime Transactor
C40395,749.0,121.1,0.311,0.17,120.9,302.3,4.0,27.0,0.0,15.0,4,Affluent Relationship
C40055,738.0,189.2,0.274,0.08,87.9,161.0,6.0,120.0,1.0,9.0,4,Affluent Relationship
C00021,785.0,110.1,0.121,0.0,30.6,12.4,3.0,73.0,-0.0,9.0,0,Prime Transactor
C10002,669.0,32.4,0.259,0.258,24.9,9.6,3.0,64.0,0.0,4.0,1,Mass-Market Saver
C20307,610.0,43.7,0.375,0.759,9.1,22.1,2.0,45.0,-0.0,30.0,2,Card Revolver
C20354,631.0,52.4,0.421,0.861,3.3,5.6,3.0,55.0,0.0,14.0,2,Card Revolver
C30239,578.0,40.9,0.529,0.988,1.2,17.0,2.0,15.0,4.0,11.0,3,Stressed Book
C20189,676.0,71.9,0.337,0.99,4.0,25.6,2.0,33.0,0.0,14.0,2,Card Revolver
C40265,730.0,177.9,0.262,0.014,77.1,278.2,6.0,96.0,1.0,15.0,4,Affluent Relationship
C10341,681.0,26.2,0.274,0.162,24.7,11.9,3.0,58.0,1.0,14.0,1,Mass-Market Saver
C40121,742.0,180.9,0.287,0.029,104.6,69.4,5.0,75.0,-0.0,14.0,4,Affluent Relationship
C30110,559.0,31.7,0.509,0.813,1.0,24.4,1.0,22.0,5.0,7.0,3,Stressed Book
C20347,662.0,32.1,0.398,0.667,3.0,20.7,2.0,32.0,1.0,22.0,2,Card Revolver
C00033,780.0,91.3,0.157,0.139,15.5,3.1,4.0,50.0,1.0,27.0,0,Prime Transactor
C10387,729.0,60.8,0.126,0.3,31.7,11.7,1.0,41.0,0.0,6.0,1,Mass-Market Saver
C30340,617.0,32.6,0.595,0.887,0.9,30.1,2.0,46.0,1.0,9.0,3,Stressed Book
C20123,659.0,49.1,0.42,0.865,4.6,10.1,4.0,55.0,1.0,36.0,2,Card Revolver
C20243,651.0,40.4,0.442,0.864,0.0,18.4,2.0,44.0,2.0,25.0,2,Card Revolver
C40321,706.0,126.3,0.385,0.119,54.7,306.4,4.0,125.0,0.0,11.0,4,Affluent Relationship
C30043,593.0,29.5,0.625,0.971,1.9,30.6,2.0,23.0,2.0,7.0,3,Stressed Book
C40315,746.0,164.3,0.292,0.2,59.7,257.0,6.0,126.0,-0.0,18.0,4,Affluent Relationship
C10179,691.0,49.5,0.264,0.188,12.4,0.4,2.0,60.0,2.0,12.0,1,Mass-Market Saver
C10081,651.0,44.4,0.297,0.248,22.3,2.6,3.0,40.0,1.0,7.0,1,Mass-Market Saver
C20131,661.0,49.8,0.391,0.806,5.4,13.7,2.0,67.0,1.0,32.0,2,Card Revolver
C00356,807.0,98.4,0.308,0.112,24.9,0.9,3.0,106.0,0.0,22.0,0,Prime Transactor
C40085,718.0,222.3,0.341,0.341,71.4,283.7,6.0,96.0,1.0,14.0,4,Affluent Relationship
C30048,586.0,27.8,0.651,0.82,2.0,18.2,2.0,24.0,3.0,7.0,3,Stressed Book
C10359,722.0,54.9,0.395,0.233,18.4,4.1,3.0,84.0,1.0,6.0,1,Mass-Market Saver
C00092,801.0,107.6,0.229,0.124,38.4,8.3,3.0,67.0,1.0,10.0,0,Prime Transactor
C20375,636.0,54.7,0.457,0.874,0.0,19.6,2.0,37.0,3.0,24.0,2,Card Revolver
C30215,550.0,36.7,0.542,0.897,2.6,25.0,3.0,4.0,8.0,5.0,3,Stressed Book
C30141,609.0,21.7,0.476,0.895,1.6,18.1,2.0,10.0,4.0,0.0,3,Stressed Book
C30272,631.0,12.0,0.606,0.794,3.9,16.0,3.0,14.0,2.0,9.0,3,Stressed Book
C20003,641.0,23.7,0.257,0.712,4.5,26.6,2.0,34.0,2.0,28.0,2,Card Revolver
C10345,692.0,76.2,0.26,0.226,15.7,11.2,2.0,72.0,-0.0,9.0,1,Mass-Market Saver
C30346,606.0,20.5,0.538,0.892,0.0,38.4,2.0,26.0,7.0,0.0,3,Stressed Book
C00279,817.0,72.5,0.233,0.103,12.1,6.3,4.0,61.0,-0.0,23.0,0,Prime Transactor
C40007,753.0,195.2,0.219,0.196,22.0,152.7,5.0,119.0,1.0,9.0,4,Affluent Relationship
C10364,686.0,48.4,0.306,0.238,17.5,3.0,3.0,52.0,2.0,5.0,1,Mass-Market Saver
C10204,704.0,59.2,0.365,0.328,25.5,5.5,1.0,68.0,1.0,7.0,1,Mass-Market Saver
C40376,704.0,164.0,0.327,0.211,87.7,235.6,6.0,99.0,0.0,22.0,4,Affluent Relationship
C30173,569.0,12.0,0.561,0.919,1.9,27.0,2.0,30.0,6.0,4.0,3,Stressed Book
C30198,623.0,30.0,0.508,0.783,0.0,31.1,2.0,23.0,4.0,9.0,3,Stressed Book
C10000,722.0,58.7,0.211,0.321,18.2,1.9,2.0,25.0,0.0,9.0,1,Mass-Market Saver
C40128,743.0,109.3,0.288,0.16,78.9,264.7,6.0,118.0,0.0,17.0,4,Affluent Relationship
C00257,790.0,138.5,0.235,0.048,41.1,8.7,3.0,1.0,1.0,23.0,0,Prime Transactor
C20144,612.0,28.5,0.496,0.842,2.2,14.0,3.0,9.0,2.0,20.0,2,Card Revolver
C40275,766.0,137.9,0.192,0.281,80.1,309.1,6.0,46.0,1.0,19.0,4,Affluent Relationship
C20296,688.0,43.5,0.325,0.816,0.6,19.5,3.0,30.0,2.0,20.0,2,Card Revolver
C30019,572.0,48.5,0.615,0.821,2.6,0.0,3.0,34.0,5.0,0.0,3,Stressed Book
C30307,562.0,36.4,0.502,0.861,1.3,18.6,2.0,42.0,3.0,5.0,3,Stressed Book
C40279,751.0,134.9,0.269,0.159,108.7,325.5,5.0,65.0,1.0,7.0,4,Affluent Relationship
C20361,618.0,43.2,0.436,0.637,0.0,11.2,3.0,35.0,2.0,21.0,2,Card Revolver
C10094,727.0,46.5,0.233,0.25,13.6,6.3,1.0,45.0,0.0,10.0,1,Mass-Market Saver
C10372,679.0,42.6,0.164,0.271,23.2,14.5,2.0,46.0,-0.0,11.0,1,Mass-Market Saver
C10150,724.0,34.9,0.277,0.371,32.5,8.2,1.0,51.0,1.0,7.0,1,Mass-Market Saver
C30286,573.0,36.1,0.677,0.963,1.0,18.6,3.0,31.0,3.0,5.0,3,Stressed Book
C00201,756.0,93.7,0.263,0.097,30.4,3.1,4.0,98.0,0.0,7.0,0,Prime Transactor
C00312,824.0,99.1,0.184,0.042,20.7,17.8,4.0,67.0,0.0,16.0,0,Prime Transactor
C00290,801.0,91.0,0.241,0.066,36.1,3.0,3.0,96.0,-0.0,16.0,0,Prime Transactor
C30013,561.0,34.8,0.537,0.889,2.2,14.1,1.0,10.0,2.0,6.0,3,Stressed Book
C10363,700.0,47.2,0.262,0.327,23.1,0.0,4.0,70.0,-0.0,7.0,1,Mass-Market Saver
C20336,628.0,54.4,0.299,0.881,2.8,11.5,2.0,24.0,1.0,24.0,2,Card Revolver
C20149,604.0,58.0,0.286,0.819,0.4,23.9,3.0,40.0,2.0,23.0,2,Card Revolver
C00183,748.0,87.2,0.196,0.104,31.1,2.2,4.0,68.0,-0.0,10.0,0,Prime Transactor
C20376,650.0,53.9,0.488,0.961,0.0,20.0,2.0,21.0,1.0,12.0,2,Card Revolver
C40248,747.0,131.5,0.222,0.22,72.8,208.7,6.0,86.0,1.0,11.0,4,Affluent Relationship
C30149,604.0,32.8,0.605,0.824,0.0,41.9,4.0,33.0,4.0,11.0,3,Stressed Book
C40127,756.0,156.3,0.254,0.131,53.0,193.4,5.0,111.0,-0.0,9.0,4,Affluent Relationship
C20268,675.0,37.4,0.513,0.815,0.0,22.2,2.0,41.0,3.0,40.0,2,Card Revolver
C30268,583.0,22.1,0.602,0.843,2.2,31.8,1.0,25.0,7.0,6.0,3,Stressed Book
C40211,755.0,135.1,0.265,0.181,51.9,354.8,6.0,79.0,1.0,9.0,4,Affluent Relationship
C20230,664.0,31.5,0.552,0.778,3.3,23.7,3.0,37.0,1.0,16.0,2,Card Revolver
C00250,781.0,79.1,0.346,0.15,12.3,16.4,3.0,118.0,-0.0,5.0,0,Prime Transactor
C20023,619.0,39.5,0.462,0.702,3.8,13.5,3.0,50.0,3.0,26.0,2,Card Revolver
C20299,648.0,58.6,0.462,0.743,9.6,8.9,3.0,33.0,2.0,20.0,2,Card Revolver
C30336,540.0,34.1,0.41,0.805,4.6,35.5,2.0,53.0,6.0,10.0,3,Stressed Book
C20140,635.0,52.7,0.561,0.865,8.9,13.0,4.0,52.0,-0.0,10.0,2,Card Revolver
C00391,773.0,86.0,0.297,0.062,10.0,15.2,2.0,61.0,1.0,13.0,0,Prime Transactor
C40319,782.0,173.2,0.382,0.177,113.3,202.9,5.0,68.0,0.0,12.0,4,Affluent Relationship
C30256,588.0,34.6,0.463,0.847,0.0,24.7,2.0,1.0,5.0,3.0,3,Stressed Book
C20292,680.0,49.5,0.397,0.781,0.0,17.2,3.0,50.0,2.0,19.0,2,Card Revolver
C20391,648.0,42.7,0.474,0.696,7.1,24.0,4.0,4.0,0.0,27.0,2,Card Revolver
C20104,616.0,48.7,0.354,0.855,6.2,17.8,3.0,51.0,2.0,14.0,2,Card Revolver
C10330,705.0,53.0,0.164,0.142,26.4,4.7,3.0,90.0,0.0,9.0,1,Mass-Market Saver
C10154,715.0,56.3,0.276,0.285,7.8,2.9,3.0,89.0,1.0,8.0,1,Mass-Market Saver
C00366,769.0,112.7,0.322,0.034,43.6,9.7,4.0,63.0,-0.0,21.0,0,Prime Transactor
C00345,761.0,95.1,0.213,0.114,23.2,9.5,3.0,80.0,-0.0,16.0,0,Prime Transactor
C40008,750.0,168.0,0.193,0.203,120.0,320.0,5.0,81.0,-0.0,11.0,4,Affluent Relationship
C10135,685.0,50.6,0.259,0.201,29.4,8.0,3.0,22.0,1.0,6.0,1,Mass-Market Saver
C30222,546.0,33.5,0.467,0.806,3.8,31.9,2.0,22.0,5.0,5.0,3,Stressed Book
C30009,574.0,38.5,0.434,0.925,0.0,35.9,1.0,1.0,5.0,5.0,3,Stressed Book
C30172,570.0,51.7,0.579,0.897,1.0,23.2,2.0,2.0,6.0,2.0,3,Stressed Book
C40039,746.0,233.1,0.377,0.3,68.6,179.3,4.0,119.0,-0.0,21.0,4,Affluent Relationship
C20119,658.0,39.0,0.282,0.81,5.3,25.2,4.0,42.0,2.0,13.0,2,Card Revolver
C00211,806.0,112.2,0.214,0.074,25.7,15.8,4.0,79.0,1.0,15.0,0,Prime Transactor
C40003,734.0,219.6,0.283,0.13,58.5,307.6,5.0,84.0,-0.0,9.0,4,Affluent Relationship
C10102,711.0,31.7,0.282,0.131,35.7,4.2,2.0,56.0,0.0,8.0,1,Mass-Market Saver
C10137,665.0,45.4,0.281,0.231,28.0,14.3,2.0,43.0,0.0,9.0,1,Mass-Market Saver
C30020,647.0,29.7,0.507,0.952,1.3,16.2,3.0,13.0,5.0,7.0,3,Stressed Book
C00175,800.0,115.8,0.168,0.11,14.2,0.7,4.0,56.0,1.0,18.0,0,Prime Transactor
