ID,Year_Birth,Education,Marital_Status,Income,Kidhome,Teenhome,Dt_Customer,Recency,NumStorePurchases,NumWebVisitsMonth,NumDealsPurchases,NumWebPurchases,NumCatalogPurchases
5524,1957,Graduation,Single,58138.0,0,0,04-09-2012,58,4,7,3,8,10
2174,1954,Graduation,Single,46344.0,1,1,08-03-2014,38,2,5,2,1,1
4141,1965,Graduation,Together,71613.0,0,0,21-08-2013,26,10,4,1,8,2
6182,1984,Graduation,Together,26646.0,1,0,10-02-2014,26,4,6,2,2,0
5324,1981,PhD,Married,58293.0,1,0,19-01-2014,94,6,5,5,5,3
1001,1947,Master,Divorced,82443.5,0,1,12-04-2012,33,2,0,6,13,9
1002,1960,Graduation,Together,25269.6,0,0,29-08-2012,77,1,11,5,0,10
1003,1978,Graduation,Together,63510.2,0,1,26-04-2012,7,13,1,8,4,6
1004,1997,2n Cycle,Single,59437.2,0,0,01-08-2012,54,13,10,6,5,9
1005,1958,Graduation,Married,32340.7,0,0,28-04-2013,90,8,5,2,13,11
1006,1962,Graduation,Together,79337.5,0,1,12-06-2013,9,7,7,4,10,0
1007,1950,Graduation,Together,60785.6,0,1,21-11-2013,56,9,6,8,1,2
1008,1950,Master,Married,39845.3,1,0,11-08-2012,78,1,8,9,7,6
1009,1963,Master,Widow,12811.7,0,0,26-09-2012,85,5,13,1,12,10
1010,1992,Graduation,Single,54582.9,0,1,04-04-2014,44,2,1,0,1,4
1011,1975,Graduation,Married,49105.1,0,0,10-05-2014,49,2,11,7,14,8
1012,1979,Master,Together,29385.7,0,1,13-05-2012,63,4,8,7,13,6
1013,1963,Master,Together,29127.7,1,1,23-04-2012,94,6,3,1,8,2
1014,1942,Graduation,Together,67370.2,0,0,16-03-2013,1,6,10,7,13,0
1015,1961,2n Cycle,Married,10886.1,1,0,05-10-2013,44,10,14,4,12,4
1016,1992,Graduation,Single,56285.7,0,1,12-10-2013,94,9,2,1,1,9
1017,1941,Graduation,Together,46251.3,0,0,30-12-2012,61,0,6,6,2,4
1018,1963,2n Cycle,Together,,1,1,19-08-2012,13,10,4,6,7,6
1019,1983,Graduation,Single,44113.9,1,0,02-04-2013,73,6,12,2,10,0
1020,1969,PhD,Together,55865.5,0,1,09-01-2013,93,6,4,0,5,9
1021,1977,Graduation,Married,35144.5,1,0,26-08-2013,99,5,11,3,0,1
1022,1941,Graduation,Together,49015.9,0,1,17-02-2014,14,5,12,1,14,10
1023,1999,2n Cycle,Divorced,59781.7,1,0,02-09-2013,13,12,1,3,3,5
1024,1960,Graduation,Single,53017.4,1,0,25-07-2012,30,12,5,7,4,7
1025,1972,Basic,Single,57606.1,1,1,03-06-2013,28,1,5,1,13,3
1026,1951,Graduation,Together,31441.6,2,0,12-04-2013,26,2,11,0,10,2
1027,1997,Graduation,Together,38186.5,0,0,31-05-2014,84,2,3,2,2,2
1028,1961,Graduation,Together,38533.2,1,0,18-03-2013,8,12,4,9,0,2
1029,1983,Master,Divorced,44470.2,0,0,05-07-2014,19,2,6,6,2,1
1030,1964,Graduation,Divorced,77171.7,0,2,16-11-2012,98,1,13,5,12,0
1031,1988,Basic,Absurd,42916.4,0,1,02-04-2012,57,8,7,5,8,4
1032,1966,Graduation,Married,27128.8,0,0,11-02-2013,78,5,5,6,1,9
1033,1998,2n Cycle,Married,60832.9,1,1,06-06-2012,87,1,4,7,0,4
1034,1981,Graduation,Married,76932.9,1,1,21-05-2014,48,2,11,2,6,4
1035,1967,Basic,Single,24775.8,1,2,08-04-2012,56,9,2,2,12,3
1036,1999,Master,Together,89456.2,0,0,12-08-2012,15,5,6,9,6,2
1037,1955,Master,Married,58303.5,0,1,01-05-2014,99,3,7,7,4,11
1038,1954,Basic,Widow,70677.8,2,1,16-03-2013,74,6,2,6,1,2
1039,1986,Master,Together,79341.4,0,0,20-12-2013,7,5,4,9,13,1
1040,1990,PhD,Together,69452.4,1,0,07-08-2013,66,5,10,4,0,4
1041,1983,Graduation,Married,47789.3,1,0,17-09-2014,18,11,1,3,12,3
1042,1994,Graduation,Single,74354.0,1,1,04-02-2013,66,2,9,5,4,5
1043,1991,2n Cycle,Single,55092.0,0,0,24-07-2013,35,10,9,8,9,1
1044,1996,PhD,Married,71809.7,1,2,09-03-2014,88,7,11,5,3,1
1045,1942,Master,Single,73997.5,0,0,04-03-2012,59,8,3,7,8,7
1046,1976,Graduation,Together,28182.1,1,1,06-02-2014,35,5,11,0,4,5
1047,1990,Graduation,Divorced,65886.0,0,2,13-07-2013,10,1,3,5,10,2
1048,1946,Graduation,Divorced,46362.2,0,1,05-10-2012,50,0,11,1,9,4
1049,1960,Master,Together,52763.8,0,1,10-12-2013,79,2,12,2,11,2
1050,1948,Graduation,Married,52541.9,1,1,31-10-2013,54,2,7,5,11,10
1051,1978,Graduation,Divorced,51739.4,0,0,02-04-2014,53,7,2,1,1,1
1052,1957,Graduation,Divorced,80470.5,0,1,02-06-2013,16,4,4,3,3,2
1053,1943,Graduation,Single,22671.0,0,0,04-09-2012,61,0,10,5,12,0
1054,1964,PhD,Together,15553.1,2,1,02-01-2013,41,10,4,4,11,6
1055,1999,Graduation,Married,11334.2,1,0,13-01-2014,23,3,1,5,8,5
1056,1953,Master,Divorced,71382.9,1,1,09-09-2013,16,6,8,5,7,4
1057,1989,Graduation,YOLO,34531.3,1,1,28-08-2014,47,4,3,7,2,5
1058,1997,Graduation,Single,52643.7,0,0,07-04-2012,83,9,8,8,7,7
1059,1948,Graduation,Divorced,47705.7,0,0,24-09-2012,85,12,8,4,12,2
1060,1965,Graduation,Together,32272.5,2,2,29-02-2012,69,5,1,5,1,2
1061,1992,Graduation,Absurd,67029.5,0,0,14-05-2013,6,13,8,5,2,11
1062,1941,Graduation,Married,47450.7,0,0,03-11-2012,13,9,8,5,13,4
1063,1959,PhD,Divorced,45245.3,0,0,07-05-2013,10,3,1,1,4,4
1064,1967,Graduation,Single,54657.4,0,2,14-02-2013,11,1,10,3,10,10
1065,1986,Master,Married,64415.4,0,2,19-05-2012,4,8,12,0,11,0
1066,1999,Basic,Single,30820.5,0,1,27-06-2014,4,1,5,0,13,3
1067,1946,Master,Absurd,67458.4,0,1,23-11-2012,19,1,8,0,9,8
1068,1983,Graduation,Divorced,78997.1,0,0,08-04-2013,53,12,3,6,9,7
1069,1947,Graduation,Divorced,21477.6,0,2,02-12-2013,54,11,1,0,7,2
1070,1986,Graduation,Widow,55566.0,0,0,28-09-2013,57,1,6,5,0,4
1071,1974,Graduation,Single,43901.6,0,0,13-07-2014,78,0,14,1,3,4
1072,1953,2n Cycle,Married,63984.6,1,0,11-06-2012,89,12,8,5,0,6
1073,1956,Graduation,Single,25666.8,0,1,29-02-2012,96,11,5,5,0,7
1074,1975,Graduation,Married,82578.8,1,1,13-07-2014,29,11,10,2,11,8
1075,1989,PhD,Married,17842.1,1,0,31-01-2012,23,2,10,7,4,6
1076,1979,Master,Married,45114.4,1,2,28-11-2012,86,5,13,3,5,1
1077,1943,PhD,Married,58685.9,0,0,16-03-2012,72,6,3,6,14,7
1078,1941,Graduation,Single,36273.3,0,0,24-01-2014,2,0,0,3,0,7
1079,1945,Graduation,Single,33132.0,0,0,12-11-2012,99,13,3,0,10,10
1080,1993,PhD,Single,54444.7,1,1,08-02-2014,47,4,2,5,5,1
1081,1981,Graduation,Absurd,51555.2,0,1,20-02-2013,70,4,6,4,4,5
1082,1943,Graduation,Together,50118.8,1,0,25-08-2014,21,0,10,8,3,9
1083,1993,Graduation,Absurd,67173.8,1,1,08-07-2012,13,3,12,8,9,0
1084,1968,Graduation,Married,42110.5,0,0,03-05-2013,47,9,10,7,4,10
1085,1957,Graduation,Married,56391.9,0,1,07-06-2014,28,0,9,6,7,6
1086,1965,Graduation,Together,39867.9,1,2,10-11-2012,49,12,4,1,8,9
1087,1983,PhD,Married,33013.4,0,0,22-10-2012,79,13,11,7,10,1
1088,1973,Master,Married,44304.8,0,1,15-05-2013,97,0,2,2,13,4
1089,1949,Basic,Married,40024.7,1,1,25-06-2012,9,11,13,5,11,6
1090,1975,Graduation,Single,41023.9,0,0,10-03-2014,70,6,1,9,1,9
1091,1953,Graduation,Married,73306.5,2,2,16-03-2014,88,6,12,6,5,10
1092,1970,Graduation,Married,44917.9,1,0,09-05-2014,26,2,1,5,2,8
1093,1987,PhD,Together,36741.9,1,0,19-12-2013,78,6,4,4,14,0
1094,1954,Master,Single,50561.6,0,0,02-08-2012,95,2,12,3,1,8
1095,1947,Graduation,Married,52084.6,0,0,05-05-2014,27,1,12,1,11,10
1096,1953,2n Cycle,Divorced,26262.4,0,1,14-10-2013,8,9,7,8,13,4
1097,1962,Graduation,Single,44031.9,0,1,19-08-2013,70,3,7,6,12,5
1098,1999,PhD,Married,43226.3,0,2,24-11-2013,79,13,13,6,0,7
1099,1996,Master,Divorced,46557.1,0,0,27-11-2012,25,9,11,3,3,10
1100,1979,Basic,Single,64510.6,0,0,07-05-2012,98,2,4,4,7,1
1101,1960,Master,Single,52733.4,0,0,25-09-2012,80,11,12,5,2,11
1102,1955,Basic,Married,74558.7,1,1,04-07-2013,86,6,1,1,4,6
1103,1984,Graduation,Married,49766.8,0,2,18-06-2013,7,11,12,3,13,11
1104,1957,Basic,Together,85521.7,0,1,23-01-2014,1,11,3,3,9,3
1105,1986,Graduation,Divorced,40784.5,1,0,31-12-2012,94,0,6,3,4,8
1106,1992,Basic,Single,34608.8,2,1,10-09-2013,56,5,13,6,4,5
1107,1963,PhD,Together,60946.1,0,1,13-12-2012,51,13,5,6,10,6
1108,1965,Basic,Married,77281.6,0,0,21-05-2012,57,1,9,6,8,10
1109,1964,Graduation,Single,22423.9,1,1,24-05-2012,95,7,6,6,14,5
1110,1999,PhD,Together,46060.2,2,0,02-03-2014,92,13,4,1,7,10
1111,1999,PhD,Married,37784.4,1,0,01-09-2012,2,4,1,4,7,7
1112,1999,Master,Married,52857.0,1,0,17-03-2013,7,2,7,9,12,5
1113,1984,Graduation,Single,50200.4,0,0,03-12-2013,58,9,13,1,12,6
1114,1980,Graduation,Married,76907.6,0,0,16-10-2012,1,6,11,4,0,7
1115,1968,Graduation,Married,47831.9,0,0,21-11-2013,94,13,1,5,0,0
1116,1954,Graduation,Divorced,77495.7,1,0,21-04-2012,61,10,11,2,1,9
1117,1984,Basic,Single,43698.0,1,1,01-08-2012,48,1,7,5,13,11
1118,1940,Graduation,Married,68529.6,2,2,11-10-2013,19,4,14,4,7,3
1119,1964,2n Cycle,Married,54573.3,0,1,04-06-2014,28,10,6,3,9,5
1120,1946,Graduation,Together,84597.7,0,0,18-07-2012,16,7,2,9,0,0
1121,1948,Graduation,Together,20459.7,0,0,08-02-2013,73,12,12,8,14,3
1122,1963,Master,Together,26722.8,1,0,24-02-2013,21,10,3,7,3,5
1123,1940,Master,Together,86632.4,1,0,07-01-2012,5,0,12,6,8,6
1124,1983,Graduation,Divorced,35334.7,0,1,07-05-2014,61,0,6,0,1,5
1125,1947,PhD,Married,36603.9,0,1,08-06-2013,97,2,3,8,2,10
1126,1963,Master,Married,32485.5,0,1,14-08-2013,30,2,8,8,10,3
1127,1950,Graduation,Divorced,72968.9,0,1,12-10-2012,61,12,6,5,5,11
1128,1990,2n Cycle,YOLO,24930.8,1,0,01-11-2013,11,6,0,6,12,6
1129,1956,2n Cycle,Divorced,50449.0,0,0,23-01-2013,11,5,0,2,14,9
1130,1947,Master,Married,44687.6,1,1,19-02-2013,62,6,14,4,10,1
1131,1974,Graduation,Single,70730.3,1,0,22-02-2014,15,3,3,6,9,5
1132,1974,Master,Married,38726.3,1,0,13-12-2013,24,10,13,0,2,4
1133,1972,Graduation,Together,58305.5,0,0,29-05-2012,21,1,13,0,14,1
1134,1998,Graduation,Married,,1,0,17-08-2014,90,1,12,4,14,8
1135,1944,Graduation,Married,95478.8,0,0,03-03-2013,87,9,8,8,3,6
1136,1981,Graduation,Divorced,45208.2,0,1,18-03-2014,75,0,12,6,8,2
1137,1978,Basic,Married,50175.3,0,1,19-10-2012,17,13,3,0,8,6
1138,1997,Master,Divorced,83095.1,0,0,29-11-2012,44,12,12,4,9,10
1139,1980,Master,Married,38266.5,0,0,28-09-2012,79,13,4,7,4,10
1140,1967,Graduation,Married,83347.6,0,1,12-02-2012,67,8,0,7,6,5
1141,1946,Graduation,Married,41770.6,2,0,12-04-2013,11,13,14,1,8,6
1142,1948,Graduation,Together,63434.0,0,0,14-11-2012,48,13,13,6,7,3
1143,1947,2n Cycle,Single,38546.4,1,0,06-05-2013,32,6,1,9,10,9
1144,1951,Graduation,Single,22879.3,2,0,10-06-2013,85,9,10,4,6,7
1145,1973,Basic,Absurd,58291.9,0,1,29-01-2014,62,2,3,8,11,7
1146,1972,PhD,Single,62798.1,1,1,20-06-2012,17,1,11,2,7,6
1147,1987,Graduation,Together,23682.3,0,0,30-12-2013,53,13,3,0,4,6
1148,1994,Master,Together,43858.8,0,0,10-10-2013,96,2,10,3,4,9
1149,1962,Graduation,Married,74015.2,0,0,16-11-2012,26,6,9,6,4,7
1150,1963,Basic,Together,62002.4,2,0,08-01-2014,82,4,5,0,0,0
1151,1976,2n Cycle,Married,42095.7,0,2,13-02-2012,77,11,12,1,5,5
1152,1974,Graduation,Together,38049.5,1,1,15-06-2013,24,2,5,4,4,1
1153,1983,Graduation,Married,88964.9,0,1,22-09-2013,33,8,7,8,7,0
1154,1979,PhD,Together,21061.4,1,1,29-03-2013,87,1,11,0,7,11
1155,1961,2n Cycle,Single,48816.0,0,1,15-01-2014,59,6,12,3,1,9
1156,1966,Graduation,Together,20706.1,1,1,27-08-2014,53,9,8,2,10,6
1157,1974,PhD,Single,76296.3,1,0,29-05-2014,86,5,13,4,5,5
1158,1940,PhD,Married,49857.5,1,0,09-06-2014,4,5,0,4,11,4
1159,1974,Master,Married,53563.5,2,1,17-07-2014,35,13,0,9,10,4
1160,1976,Graduation,Single,105377.8,1,0,27-04-2014,53,6,14,1,9,8
1161,1986,Master,Divorced,38130.5,0,2,17-05-2014,87,5,5,4,9,8
1162,1953,2n Cycle,Married,84971.5,0,1,12-02-2014,35,1,3,8,14,11
1163,1942,Graduation,Widow,42185.4,0,2,23-03-2012,68,10,10,4,5,11
1164,1940,Graduation,Absurd,45329.8,0,0,26-06-2013,38,4,3,9,2,5
1165,1944,2n Cycle,Together,102763.5,0,1,17-11-2012,69,2,0,1,0,2
1166,1965,Graduation,Single,46778.2,0,0,24-02-2014,99,8,8,6,6,6
1167,1994,Basic,Married,22512.6,0,2,21-08-2012,3,7,11,5,9,3
1168,1953,Graduation,Together,55638.4,2,0,23-06-2013,73,9,10,6,4,4
1169,1978,Graduation,Married,46545.3,0,1,08-09-2012,64,10,2,7,11,6
1170,1966,Basic,Single,57341.9,2,1,15-04-2014,84,1,14,9,11,11
1171,1948,Graduation,Together,47328.0,0,0,03-02-2014,39,0,4,4,9,6
1172,1954,PhD,Divorced,94310.9,1,0,24-03-2013,36,3,9,1,4,9
1173,1954,Graduation,Together,61134.7,1,2,26-08-2012,66,3,0,6,10,7
1174,1965,PhD,Single,28500.7,0,0,04-05-2013,30,11,7,6,7,0
1175,1981,Graduation,Together,52490.9,0,1,31-05-2014,90,9,2,7,11,4
1176,1999,Graduation,Married,34007.4,0,0,08-04-2013,80,10,13,6,4,11
1177,1952,2n Cycle,Married,45045.7,0,1,29-07-2014,86,1,14,9,4,8
1178,1990,Graduation,Divorced,31791.2,2,1,09-11-2012,76,6,0,6,0,6
1179,1971,Master,Married,92142.4,1,0,23-06-2012,46,12,9,8,1,10
1180,1978,Graduation,Married,36172.3,0,0,06-12-2013,26,2,5,7,4,11
1181,1988,Master,Single,63751.3,0,1,28-06-2012,50,6,0,1,6,1
1182,1991,Graduation,Divorced,43530.4,0,0,20-07-2014,19,6,14,1,2,0
1183,1971,2n Cycle,Together,26831.7,0,0,19-01-2013,12,0,14,6,11,7
1184,1943,Graduation,Together,53953.0,1,1,21-10-2012,62,5,2,9,14,8
1185,1969,Graduation,Together,58013.8,0,0,02-08-2012,43,3,4,9,0,9
1186,1976,Graduation,Single,61172.5,0,0,12-09-2014,23,10,3,2,10,4
1187,1962,Graduation,Married,0.0,0,1,15-12-2013,2,7,6,0,11,10
1188,1978,PhD,Married,25303.1,0,0,31-01-2014,9,7,5,8,1,5
1189,1984,Graduation,Single,69151.1,1,0,23-05-2014,64,2,11,2,2,1
1190,1954,Basic,Married,31527.9,0,0,07-02-2014,48,3,2,0,11,10
1191,1982,Graduation,Widow,54058.9,2,1,15-03-2012,57,0,10,5,8,4
1192,1968,Graduation,Single,,1,1,09-12-2012,76,9,7,3,7,11
1193,1975,PhD,Married,64632.0,0,1,14-12-2013,77,1,7,0,14,3
1194,1952,Master,Married,68625.4,0,0,21-05-2012,96,6,13,3,3,7
1195,1971,Graduation,Married,64638.2,1,0,18-12-2013,1,13,1,7,7,7
1196,1946,Graduation,Widow,70651.1,2,0,17-07-2012,65,10,6,6,12,4
1197,1998,Graduation,Married,81278.0,1,0,07-07-2014,30,11,13,0,8,10
1198,1990,Master,Married,26518.5,0,2,19-06-2012,67,6,0,9,2,7
1199,1961,Master,Together,34226.6,2,0,09-02-2013,97,12,1,8,5,5
1200,1967,Graduation,Single,67950.9,0,0,07-04-2014,82,8,7,5,7,9
1201,1941,Basic,Married,72604.4,1,0,15-08-2012,36,9,11,1,9,5
1202,1981,Basic,Married,36513.1,2,1,14-02-2013,72,8,0,2,6,3
1203,1984,PhD,Together,,0,1,09-08-2014,23,8,1,6,8,9
1204,1996,Basic,YOLO,36955.7,2,1,16-06-2014,76,5,11,2,6,11
1205,1992,Graduation,Together,17898.1,0,1,23-07-2014,43,7,0,2,0,10
1206,1945,Graduation,Married,24571.8,2,0,21-11-2013,93,8,4,4,8,2
1207,1967,Graduation,Divorced,25054.1,0,0,27-05-2014,82,11,6,2,11,8
1208,1967,Graduation,Single,44118.0,2,0,25-02-2014,40,13,5,2,4,4
1209,1983,PhD,Single,55416.7,0,1,02-03-2012,73,6,5,4,5,9
1210,1983,2n Cycle,Married,58669.5,1,1,22-11-2012,50,3,5,4,1,9
1211,1959,Graduation,Married,39828.8,0,1,16-12-2013,41,13,7,8,14,3
1212,1969,Graduation,Married,40320.3,0,1,20-08-2014,77,3,4,0,1,5
1213,1950,Graduation,Together,52473.2,0,1,16-08-2014,39,5,14,0,12,3
1214,1997,2n Cycle,Widow,20079.7,1,1,28-05-2014,47,13,9,8,3,5
1215,1994,Graduation,Married,69188.8,0,1,12-05-2012,83,10,6,4,3,9
1216,1967,PhD,Married,75707.7,1,1,06-08-2013,3,3,2,3,4,7
1217,1964,Graduation,Single,37488.4,0,0,12-08-2013,59,10,8,1,6,7
1218,1978,Graduation,Single,42031.3,2,1,07-07-2012,38,6,9,8,12,11
1219,1972,2n Cycle,Together,74866.2,0,2,21-12-2012,4,7,2,5,10,5
1220,1940,2n Cycle,Married,47539.0,0,0,11-03-2012,95,7,13,8,11,0
1221,1996,Graduation,Divorced,61764.9,0,1,19-09-2012,5,13,13,4,14,0
1222,1966,2n Cycle,Single,48153.9,0,1,01-11-2012,13,7,5,3,0,2
1223,1996,PhD,Single,81126.1,0,0,11-07-2013,69,1,2,6,9,1
1224,1991,Basic,Married,59801.6,0,1,11-08-2012,77,13,0,4,3,0
1225,1952,Graduation,Married,60953.1,1,0,23-11-2012,11,9,0,7,12,0
1226,1980,PhD,Single,61326.1,1,2,31-01-2014,61,1,2,7,8,11
1227,1942,Graduation,Together,38897.7,1,1,10-08-2013,26,1,3,1,7,11
1228,1978,Master,Single,40735.2,0,0,14-03-2012,53,1,13,4,2,11
1229,1945,Graduation,Together,65384.9,1,0,25-05-2013,89,3,1,9,5,5
1230,1947,Graduation,Married,52528.3,0,1,21-05-2012,11,4,8,7,10,6
1231,1966,Graduation,Single,26447.8,1,0,07-08-2013,7,3,14,2,8,7
1232,1948,Master,Married,87462.1,0,0,11-04-2012,73,4,10,6,7,2
1233,1976,Graduation,Divorced,69561.4,0,1,28-08-2013,15,3,7,2,6,0
1234,1972,Master,Married,50752.5,0,0,03-08-2013,51,6,11,5,6,4
1235,1990,2n Cycle,Together,44530.0,1,0,05-03-2012,25,9,12,1,0,7
1236,1981,Graduation,Single,53973.5,0,1,11-07-2012,7,0,2,5,14,11
1237,1983,Master,Together,60350.4,1,2,10-08-2014,44,13,6,5,4,10
1238,1963,Graduation,Married,9340.0,0,1,02-03-2012,92,12,3,7,6,10
1239,1954,Basic,Together,92247.0,1,1,15-06-2013,83,0,4,4,13,3
1240,1998,Graduation,Together,34202.3,2,0,28-08-2012,80,1,3,0,12,1
1241,1993,Master,Widow,49961.9,0,0,15-12-2013,18,12,8,7,1,8
1242,1971,Basic,Married,50697.3,0,0,13-02-2013,16,0,10,8,14,11
1243,1971,2n Cycle,Single,89937.0,2,1,26-10-2012,64,11,6,0,5,8
1244,1963,Master,Single,48237.5,0,2,13-07-2012,28,9,12,4,13,2
1245,1980,Graduation,Divorced,81770.1,0,1,29-03-2013,13,11,3,5,1,6
1246,1991,PhD,Married,58134.5,1,1,27-07-2013,16,11,12,3,2,0
1247,1988,Basic,Together,30762.3,1,1,10-09-2013,12,9,7,1,0,7
1248,1988,PhD,Married,52694.1,0,0,28-09-2013,92,12,1,4,2,7
1249,1997,Graduation,Married,47629.8,1,0,27-10-2012,97,13,6,3,14,2
1250,1991,2n Cycle,Single,28318.6,0,0,17-02-2014,90,10,10,6,6,11
1251,1951,Master,Absurd,57154.5,0,0,31-03-2013,62,2,0,5,4,4
1252,1978,Master,Together,50442.1,1,1,15-09-2014,32,5,7,2,3,3
1253,1941,Graduation,Widow,61128.4,0,0,20-07-2012,28,9,12,8,14,6
1254,1942,Master,Married,53867.1,0,1,04-11-2013,36,10,13,3,14,10
1255,1988,Graduation,Together,36977.9,1,1,05-05-2014,82,5,11,4,12,6
1256,1976,Master,Together,65366.7,1,0,28-10-2012,45,0,13,2,11,10
1257,1988,Graduation,Married,37512.0,1,0,15-09-2013,23,5,12,7,7,7
1258,1995,Master,Divorced,0.0,2,0,02-12-2012,13,4,14,6,7,4
1259,1956,2n Cycle,Widow,52573.1,1,0,01-02-2012,4,6,5,6,0,10
1260,1998,Graduation,Divorced,38918.5,0,1,28-08-2014,52,5,11,7,8,4
1261,1988,2n Cycle,Together,57642.6,0,0,07-04-2012,87,11,4,6,13,7
1262,1941,Graduation,Married,89977.4,1,1,10-09-2014,97,11,8,2,8,4
1263,1941,Basic,Married,90554.8,0,1,28-01-2014,94,6,8,2,1,0
1264,1967,Master,Absurd,46697.5,1,1,11-02-2014,29,1,2,1,1,10
1265,1993,PhD,Single,33469.7,1,1,09-07-2012,59,11,8,0,7,2
1266,1962,Master,Together,61693.7,0,0,24-06-2013,72,0,12,4,11,1
1267,1976,Basic,Together,42595.5,2,0,17-02-2012,90,13,14,3,10,11
1268,1971,Graduation,Together,57835.5,0,0,06-09-2012,27,6,12,1,5,9
1269,1972,Graduation,YOLO,36782.8,0,0,13-08-2012,25,8,8,0,2,4
1270,1940,Master,Married,55013.8,2,2,28-09-2012,17,1,1,2,11,7
1271,1958,Basic,Married,33760.5,0,1,26-10-2013,35,11,4,5,1,8
1272,1941,Master,Single,73685.1,0,0,29-04-2013,7,6,10,1,4,8
1273,1992,Master,Married,38200.4,0,0,23-11-2012,17,2,1,9,14,0
1274,1983,Graduation,Married,63222.1,1,0,07-03-2014,83,5,0,6,7,0
1275,1965,Basic,Married,24704.7,1,1,28-06-2012,57,2,6,6,5,0
1276,1971,Graduation,Divorced,65623.5,1,1,24-03-2014,31,12,3,2,11,0
1277,1945,PhD,Widow,30672.3,1,1,26-10-2013,92,9,4,0,2,8
1278,1971,Graduation,Single,55223.5,0,2,15-01-2014,48,12,3,8,11,0
1279,1994,Graduation,Married,70464.0,1,0,23-01-2012,47,10,5,4,11,6
1280,1943,Graduation,Widow,46000.3,1,0,18-07-2014,81,10,10,1,8,5
1281,1994,Graduation,Single,29416.7,0,0,20-08-2014,70,10,1,7,7,8
1282,1950,Master,Single,59936.3,0,0,28-08-2013,64,4,7,9,9,10
1283,1995,Graduation,Single,33180.4,2,2,04-01-2013,91,1,3,9,5,8
1284,1998,Graduation,Together,41915.1,1,1,01-09-2012,32,7,7,3,0,3
1285,1956,Graduation,Single,55309.3,1,1,12-03-2014,49,13,2,9,1,8
1286,1977,Graduation,Absurd,77213.5,1,0,08-06-2012,3,7,11,6,3,5
1287,1963,Graduation,Married,50531.1,0,0,07-01-2013,83,6,11,4,1,4
1288,1944,Graduation,Married,50457.2,1,0,11-10-2012,35,5,10,2,2,8
1289,1991,PhD,Married,64750.3,0,1,04-06-2013,94,0,4,9,13,6
1290,1973,Master,Married,51007.4,0,1,25-03-2013,27,7,11,7,7,8
1291,1945,PhD,Together,62710.6,1,0,27-11-2013,2,0,2,1,8,4
1292,1961,Graduation,Together,71570.7,0,1,17-03-2014,5,7,11,0,5,3
1293,1950,Graduation,Together,43445.3,1,1,08-10-2013,44,10,14,4,3,9
1294,1987,Basic,Together,0.0,0,0,13-09-2013,22,1,12,3,10,2
1295,1955,PhD,Widow,33641.5,0,1,03-08-2013,6,7,6,9,1,4
1296,1972,Graduation,Divorced,74173.6,0,0,15-05-2012,60,9,14,6,6,8
1297,1948,Graduation,Together,49324.7,0,1,05-04-2012,99,11,2,8,9,2
1298,1999,Graduation,Single,43217.4,0,1,28-04-2012,64,3,14,5,10,0
1299,1998,Graduation,Single,73335.7,0,2,08-01-2013,5,6,11,0,6,1
1300,1945,Graduation,Married,47973.5,2,0,30-09-2012,23,4,7,7,9,9
1301,1955,PhD,Together,8149.3,0,0,19-05-2014,36,7,8,1,8,4
1302,1968,PhD,Married,19894.0,0,0,27-05-2014,44,11,12,3,4,2
1303,1942,PhD,Married,58373.0,1,0,29-04-2014,50,5,11,2,9,5
1304,1959,Master,Divorced,48662.2,1,1,25-06-2012,99,13,1,5,3,10
1305,1999,Basic,Divorced,79093.1,0,2,22-05-2014,87,4,2,1,9,7
1306,1998,Master,Widow,35334.6,1,0,18-01-2014,44,0,11,4,5,5
1307,1975,2n Cycle,Married,43810.0,1,0,22-02-2014,62,2,12,8,11,9
1308,1958,Graduation,Together,32309.9,0,0,03-10-2012,28,9,6,2,1,8
1309,1965,Graduation,Married,39588.1,0,0,17-05-2012,95,8,4,1,1,5
1310,1942,Graduation,Single,12161.9,2,0,23-05-2014,24,13,9,1,11,4
1311,1958,PhD,Single,42286.3,1,0,11-05-2012,9,8,6,8,8,3
1312,1959,Basic,Married,48962.6,1,1,13-02-2012,34,4,1,5,6,1
1313,1971,Graduation,Married,47273.4,0,0,02-05-2012,54,2,13,1,6,5
1314,1946,2n Cycle,Divorced,92991.1,0,1,15-05-2012,24,5,13,2,12,1
1315,1991,Graduation,Single,86669.7,1,1,01-01-2013,90,4,3,0,4,4
1316,1980,2n Cycle,Together,34982.0,0,0,07-01-2013,44,0,0,1,6,0
1317,1972,Graduation,Married,9121.3,0,1,05-05-2012,95,1,14,1,8,2
1318,1979,Graduation,Married,48016.0,1,1,14-03-2013,11,11,4,1,9,9
1319,1978,Graduation,Married,57530.2,0,1,25-02-2014,3,4,7,6,4,4
1320,1957,Graduation,Married,32790.3,1,0,29-07-2013,89,13,0,2,8,6
1321,1979,Graduation,Together,33780.5,1,0,18-03-2014,66,8,6,3,0,7
1322,1940,Graduation,Married,81651.1,0,1,13-01-2014,16,11,6,1,12,6
1323,1950,Basic,Single,44849.0,1,1,20-02-2012,72,3,6,4,14,6
1324,1967,PhD,Single,63245.0,0,0,16-05-2012,92,8,14,8,11,10
1325,1996,Graduation,Married,31393.9,1,0,06-06-2012,64,2,0,8,2,1
1326,1964,PhD,Widow,48861.2,0,0,25-02-2012,81,0,11,6,6,5
1327,1989,Master,Married,43273.2,0,0,15-08-2013,52,5,10,7,3,4
1328,1962,Graduation,Together,36492.5,1,1,13-01-2014,83,9,2,4,14,10
1329,1970,Graduation,Together,73106.0,0,0,03-03-2013,56,13,10,4,1,8
1330,1969,Graduation,Widow,22222.5,2,0,18-03-2013,97,6,1,2,11,11
1331,1981,Graduation,Divorced,56001.1,0,1,29-06-2014,27,3,14,5,13,9
1332,1974,Master,Together,42897.6,0,0,21-08-2014,98,9,14,0,2,10
1333,1946,Graduation,Together,58296.5,0,1,21-11-2012,15,4,4,2,6,3
1334,1999,PhD,Divorced,43168.5,0,1,01-10-2013,20,3,1,1,7,11
1335,1955,Master,Married,67343.9,0,0,29-09-2013,76,2,12,6,10,6
1336,1965,Graduation,Married,31205.9,1,1,08-04-2014,98,0,13,8,8,10
1337,1987,PhD,Single,73151.1,1,1,20-03-2012,41,12,4,3,5,7
1338,1996,Graduation,Divorced,49423.9,1,0,18-04-2013,53,5,4,6,9,5
1339,1991,2n Cycle,Divorced,23429.9,2,0,11-01-2013,31,9,3,7,8,2
1340,1999,Graduation,Single,63604.3,0,1,18-05-2014,37,4,10,9,3,10
1341,1988,Basic,Together,46023.0,1,2,07-07-2014,69,10,6,1,11,4
1342,1941,PhD,Married,15843.2,0,1,28-11-2012,37,0,9,6,4,0
1343,1940,Graduation,Single,56649.4,1,0,23-06-2012,53,4,5,2,0,7
1344,1987,PhD,YOLO,70131.9,0,1,18-10-2013,59,5,1,7,13,11
1345,1951,2n Cycle,Married,75642.7,2,0,16-03-2013,76,9,14,5,8,11
1346,1944,PhD,Single,42433.0,1,1,05-05-2012,76,4,3,2,8,11
1347,1976,Basic,Together,52906.4,2,1,24-11-2013,46,0,12,7,8,10
1348,1971,Basic,Together,51010.7,1,1,06-08-2012,11,13,13,2,2,1
1349,1998,Graduation,Single,79796.1,2,1,05-08-2014,52,4,10,8,12,9
1350,1994,Graduation,Together,33790.2,1,1,04-10-2012,32,9,6,2,14,6
1351,1948,PhD,Married,40706.8,0,1,29-04-2013,27,0,8,0,9,8
1352,1980,Graduation,Single,33305.6,0,0,17-08-2013,2,10,8,1,9,0
1353,1974,Basic,Single,21017.0,0,1,23-07-2014,81,2,11,3,9,3
1354,1958,2n Cycle,Together,54955.7,0,2,21-09-2014,25,11,2,1,7,6
1355,1987,Graduation,Married,82026.0,0,0,20-05-2012,53,12,0,3,2,8
1356,1955,Graduation,Widow,46030.3,0,0,25-04-2014,39,1,8,3,12,1
1357,1942,Master,Divorced,32362.1,0,0,29-08-2013,65,12,7,3,5,1
1358,1959,Graduation,YOLO,53737.2,2,1,26-05-2014,67,0,6,0,4,5
1359,1963,Basic,Married,61782.4,2,1,06-12-2013,91,3,5,8,7,2
1360,1993,Graduation,Absurd,46872.7,0,0,19-04-2012,91,1,13,9,2,3
1361,1995,Master,Married,78070.7,0,1,21-02-2012,88,4,14,6,13,2
1362,1972,Graduation,Married,33752.8,0,0,06-09-2013,89,9,9,1,0,0
1363,1963,PhD,Single,44260.6,0,1,04-09-2013,46,0,6,2,11,5
1364,1991,Graduation,Single,55919.8,1,0,15-10-2013,1,11,10,7,8,10
1365,1950,PhD,Together,57859.3,0,0,13-12-2013,41,9,8,6,9,10
1366,1988,Graduation,Married,50944.6,1,0,27-08-2014,33,0,5,3,8,1
1367,1947,Master,Married,24431.6,1,0,14-11-2012,93,10,14,3,2,1
1368,1975,Basic,Together,96760.2,1,1,17-07-2012,20,9,13,8,1,6
1369,1977,Graduation,Married,45280.6,0,1,06-03-2014,43,3,13,4,3,4
1370,1979,Graduation,Together,52205.4,1,0,29-12-2013,86,6,9,4,13,7
1371,1959,Graduation,Married,62335.2,0,0,15-02-2012,96,13,2,6,7,1
1372,1974,PhD,Divorced,37269.9,0,0,19-05-2013,1,13,12,0,5,9
1373,1987,PhD,Divorced,51138.5,0,1,23-06-2013,90,1,13,2,9,7
1374,1964,PhD,Married,36456.2,0,1,28-05-2013,58,1,2,1,14,6
1375,1974,Graduation,Married,58311.0,0,0,13-06-2014,85,0,3,9,14,9
1376,1964,Graduation,Married,44479.5,0,1,17-01-2012,97,4,9,5,0,7
1377,1968,PhD,Divorced,55374.4,1,0,10-11-2012,15,5,12,5,14,10
1378,1957,Graduation,Married,29069.3,1,2,11-03-2013,19,12,13,9,7,2
1379,1985,2n Cycle,Married,33421.7,0,2,22-01-2013,25,5,14,0,4,7
1380,1957,Graduation,Single,22697.2,0,1,17-03-2012,15,1,13,5,12,5
1381,1941,Master,Married,35789.4,1,2,04-09-2014,69,11,9,9,5,1
1382,1993,Graduation,Married,0.0,0,1,17-06-2014,22,11,7,1,4,5
1383,1974,Graduation,Divorced,43858.0,2,1,05-01-2013,41,6,9,3,9,4
1384,1955,Master,Married,39315.2,1,1,13-06-2012,36,5,8,5,4,2
1385,1980,Master,Married,53018.2,0,0,31-08-2013,71,7,13,2,2,0
1386,1975,2n Cycle,Divorced,50892.2,0,0,08-09-2013,5,5,7,2,13,6
1387,1972,Graduation,Divorced,75141.6,0,0,24-01-2012,36,8,10,2,3,1
1388,1943,Graduation,Married,101886.2,0,1,12-12-2013,21,9,9,3,4,0
1389,1972,Master,Married,72750.8,0,0,04-02-2012,5,1,1,8,10,0
1390,1953,PhD,Married,40937.8,1,0,28-05-2013,31,6,3,3,10,6
1391,1960,Graduation,Widow,40132.2,0,0,11-03-2014,16,4,3,3,1,11
1392,1987,Graduation,Single,67373.3,0,0,23-04-2014,37,0,11,3,5,0
1393,1959,Graduation,Widow,16333.1,1,1,03-05-2014,16,2,1,6,1,8
1394,1995,Basic,Together,43695.9,0,2,05-04-2013,36,3,12,4,3,5
1395,1947,Graduation,Married,45236.9,0,1,17-05-2012,22,11,7,1,11,3
1396,1946,Graduation,Single,61682.6,0,1,28-04-2014,48,1,2,6,0,11
1397,1942,Graduation,Married,62277.3,0,1,27-07-2013,60,6,1,2,3,3
1398,1956,Graduation,Married,35108.8,1,0,21-03-2014,48,0,6,0,13,11
1399,1972,Graduation,Single,41712.5,0,0,09-12-2013,60,2,14,8,6,4
1400,1987,PhD,Together,58902.1,1,1,07-06-2014,76,11,0,4,14,1
1401,1951,Graduation,Absurd,34021.6,0,0,24-07-2013,31,8,14,9,13,4
1402,1998,Basic,Together,74122.4,0,0,21-09-2012,85,10,5,0,7,1
1403,1990,Graduation,Together,62183.5,0,1,28-11-2012,62,13,12,0,1,11
1404,1961,PhD,Single,53430.2,1,0,06-07-2012,6,1,12,0,2,3
1405,1994,Basic,Married,57818.8,0,0,03-03-2012,21,4,2,8,0,9
1406,1961,Master,Single,40662.2,0,0,30-03-2014,84,3,12,7,14,10
1407,1985,PhD,Together,37474.2,1,0,05-10-2012,5,11,2,5,6,4
1408,1969,Graduation,Widow,41505.6,0,0,25-06-2013,60,2,14,9,3,5
1409,1977,Graduation,Together,59999.3,0,0,19-06-2012,13,4,4,5,10,5
1410,1977,Master,Single,54020.3,1,1,17-05-2013,15,5,13,5,9,8
1411,1984,2n Cycle,Married,41545.7,0,1,21-08-2014,2,0,2,3,7,3
1412,1990,Master,Together,64991.6,1,0,16-06-2013,8,1,11,4,4,4
1413,1993,PhD,Married,46521.1,0,1,25-10-2012,46,0,3,9,8,5
1414,1947,Master,Divorced,36133.8,1,0,19-07-2012,84,2,12,2,5,3
1415,1966,Graduation,Divorced,55086.8,1,0,14-05-2012,93,7,12,2,10,5
1416,1966,Graduation,Together,29739.4,0,0,28-09-2012,93,7,14,9,9,1
1417,1973,PhD,Married,16255.5,1,1,18-06-2013,41,3,2,6,1,11
1418,1960,2n Cycle,Married,49897.9,1,0,17-03-2013,41,5,6,4,0,6
1419,1969,Graduation,Single,36851.7,0,1,27-03-2012,95,11,2,7,0,2
1420,1972,Master,Married,44916.9,0,1,31-01-2012,22,8,13,4,11,9
1421,1967,Graduation,Married,30665.3,1,1,30-04-2012,2,13,9,3,11,3
1422,1986,PhD,Together,74178.6,1,1,09-03-2012,0,6,3,2,13,8
1423,1972,Graduation,Together,36770.1,0,2,07-10-2013,66,1,1,1,13,11
1424,1944,Graduation,Single,41360.0,1,0,01-06-2014,70,10,1,2,8,4
1425,1999,Master,Married,57557.7,0,0,18-08-2014,2,1,8,6,0,8
1426,1987,Graduation,Single,22467.7,1,1,06-04-2014,99,2,10,7,2,9
1427,1958,Master,Single,20989.0,1,1,10-05-2013,48,7,0,4,11,9
1428,1943,Master,Divorced,57619.1,2,0,12-07-2014,66,9,0,0,1,9
1429,1974,2n Cycle,Single,41101.0,0,0,25-05-2012,54,8,9,2,14,11
1430,1988,Graduation,Married,31970.1,1,0,10-09-2014,3,12,0,3,14,9
1431,1956,Graduation,Single,62067.5,0,0,28-11-2012,30,13,13,9,14,5
1432,1983,Graduation,Divorced,33761.6,0,0,25-04-2013,65,2,2,3,11,7
1433,1967,2n Cycle,Together,44509.8,0,2,24-06-2014,77,8,1,0,3,4
1434,1969,2n Cycle,Married,32077.4,1,1,19-09-2012,63,11,2,9,0,4
1435,1968,PhD,Married,56068.7,0,0,19-10-2012,30,11,13,8,14,2
1436,1985,Basic,Together,76641.5,0,1,18-09-2014,62,9,4,9,0,6
1437,1992,PhD,Absurd,12779.2,1,1,04-03-2013,65,11,8,3,3,1
1438,1945,PhD,Married,52253.2,1,0,26-03-2012,30,7,1,1,12,10
1439,1974,Graduation,Divorced,67131.8,1,0,16-01-2012,46,4,11,8,12,11
1440,1999,Master,Widow,41570.4,2,1,28-12-2013,21,10,10,3,13,2
1441,1980,Graduation,Widow,27379.2,0,1,19-09-2013,73,9,14,3,3,1
1442,1976,Basic,Together,58419.3,2,0,27-04-2012,93,2,13,5,6,7
1443,1963,Master,Together,70033.1,1,2,26-09-2012,96,10,0,7,7,3
1444,1968,Master,Married,67810.4,0,0,29-01-2013,82,6,10,4,12,9
1445,1988,Graduation,Together,57318.2,0,0,05-09-2014,45,8,5,7,7,7
1446,1985,Graduation,Married,51958.3,0,0,04-05-2014,88,11,2,0,7,7
1447,1992,Graduation,Together,32019.7,0,0,10-06-2012,57,5,12,3,13,7
1448,1970,Graduation,Married,67304.9,1,1,30-11-2013,60,2,6,0,13,7
1449,1974,Graduation,Together,66199.1,1,2,13-04-2012,45,4,5,2,11,7
1450,1999,2n Cycle,Divorced,27238.8,1,0,14-10-2013,0,6,10,6,13,11
1451,1972,PhD,Single,57289.6,0,2,15-06-2012,95,7,6,0,8,8
1452,1991,Graduation,Divorced,63056.5,0,1,26-10-2012,24,12,12,4,0,1
1453,1960,Graduation,Married,67642.3,1,0,28-01-2012,60,13,12,0,8,8
1454,1971,Graduation,Divorced,48500.2,0,1,27-02-2013,80,11,4,5,9,7
1455,1962,PhD,Married,32848.6,2,0,22-02-2014,13,3,0,8,7,10
1456,1972,PhD,Married,39957.7,0,1,15-07-2013,44,1,13,2,0,9
1457,1942,2n Cycle,Widow,29855.0,2,0,01-06-2014,76,9,2,5,6,0
1458,1957,Graduation,Married,48978.8,0,1,04-06-2012,38,1,2,3,8,4
1459,1964,2n Cycle,Divorced,45062.3,0,0,19-11-2012,65,11,6,5,3,10
1460,1981,Basic,Married,92900.7,0,1,13-12-2012,31,2,14,1,12,1
1461,1970,Graduation,Married,67893.5,1,1,30-04-2012,95,7,13,3,14,9
1462,1993,2n Cycle,Married,69391.0,1,0,13-08-2014,57,0,12,6,12,4
1463,1997,Graduation,Together,59427.0,0,0,13-10-2013,55,13,2,5,8,7
1464,1942,Basic,Married,42653.6,2,0,11-06-2013,5,6,10,8,0,8
1465,1979,Graduation,Single,44492.2,1,1,31-03-2014,88,5,4,6,8,8
1466,1985,Basic,Married,46322.6,1,0,07-08-2014,66,13,3,0,5,0
1467,1963,Basic,Single,53764.7,1,1,14-07-2013,81,1,3,5,3,6
1468,1989,Basic,Absurd,57783.4,0,0,12-06-2012,49,8,12,2,11,11
1469,1971,Master,Absurd,50014.2,0,0,02-03-2012,37,12,6,7,11,10
1470,1986,Graduation,Married,44188.0,2,0,05-12-2012,2,11,0,0,4,7
1471,1961,Graduation,Together,38117.7,2,0,27-10-2013,4,4,6,9,14,9
1472,1962,Graduation,Married,22147.0,2,1,07-11-2012,23,1,14,1,6,2
1473,1941,Graduation,Together,75667.6,2,2,10-01-2013,53,2,7,2,9,5
1474,1966,Master,Divorced,94110.6,0,0,11-12-2012,33,6,2,2,12,10
1475,1981,Graduation,Widow,73986.7,1,1,29-05-2012,38,6,14,6,3,2
1476,1941,2n Cycle,Married,24818.7,0,0,06-06-2014,87,9,2,7,7,8
1477,1965,PhD,Together,65740.3,2,1,07-08-2013,99,0,3,8,2,2
1478,1956,Basic,Married,70475.5,0,0,03-08-2013,91,9,14,6,1,1
1479,1979,Graduation,YOLO,41931.2,1,1,03-09-2014,47,13,12,7,0,8
1480,1972,Basic,Single,59778.5,0,2,25-06-2012,48,10,5,5,13,10
1481,1948,2n Cycle,Together,40873.9,0,0,19-12-2012,33,10,13,1,12,7
1482,1982,Graduation,Together,80578.6,0,1,28-05-2013,79,11,6,0,5,7
1483,1993,PhD,Together,57307.4,1,0,04-11-2012,99,3,0,2,1,1
1484,1987,Master,Single,31656.9,1,0,28-04-2012,6,5,14,8,7,5
1485,1978,Graduation,Widow,63396.2,0,0,02-06-2013,17,7,12,6,14,4
1486,1968,PhD,Single,71175.6,1,0,05-02-2014,69,2,3,1,10,11
1487,1981,Graduation,Together,53962.6,1,0,22-09-2014,91,13,11,0,9,1
1488,1994,Graduation,Married,59588.8,0,0,30-08-2014,33,2,6,1,12,4
1489,1965,Graduation,Married,48604.9,0,0,04-07-2014,50,7,10,2,3,3
1490,1974,Graduation,Married,27314.4,1,0,22-04-2013,92,7,1,5,8,8
1491,1989,Graduation,Married,46965.3,1,1,17-02-2013,67,7,0,8,3,11
1492,1964,Graduation,Single,60460.8,0,2,09-08-2013,13,0,0,7,3,0
1493,1963,2n Cycle,Single,47439.5,1,0,16-12-2012,68,7,9,9,12,5
1494,1952,PhD,Married,66015.3,0,0,20-05-2013,88,7,13,8,11,6
1495,1999,2n Cycle,Together,42156.4,0,0,13-07-2012,7,1,13,7,7,11
1496,1997,Graduation,Divorced,43468.2,0,1,05-07-2012,14,11,5,6,11,5
1497,1946,Graduation,Single,66622.4,0,1,25-03-2013,82,8,11,5,12,4
1498,1996,PhD,Married,54437.1,1,0,10-05-2013,58,6,4,7,7,11
1499,1975,Graduation,Single,41765.6,2,0,29-05-2013,10,7,0,5,4,3
1500,1984,Graduation,Single,70676.1,0,0,26-11-2013,19,1,9,1,2,4
1501,1959,PhD,Together,36225.3,0,0,26-04-2014,54,3,2,8,11,8
1502,1940,Graduation,Together,35461.0,1,2,29-09-2012,35,6,14,8,1,4
1503,1947,PhD,Single,0.0,1,1,29-05-2014,81,5,10,2,14,9
1504,1985,Master,Married,38920.6,1,0,21-02-2012,13,6,6,8,8,7
1505,1955,Graduation,Single,76174.3,1,1,19-09-2012,57,0,11,1,13,6
1506,1953,Graduation,Divorced,8554.1,0,0,02-01-2013,37,7,8,2,8,3
1507,1951,Master,Absurd,30961.6,1,0,12-05-2012,88,12,12,5,4,9
1508,1990,Graduation,Single,58781.4,0,1,20-09-2014,79,6,8,3,13,4
1509,1962,Graduation,Married,5102.7,0,1,12-08-2012,81,12,14,7,12,6
1510,1954,2n Cycle,Divorced,39786.0,0,0,05-11-2012,0,3,5,0,14,5
1511,1967,Graduation,Widow,72817.3,0,0,26-07-2013,64,0,2,5,7,2
1512,1973,Master,Married,90860.5,2,1,26-05-2014,0,7,0,1,6,9
1513,1941,2n Cycle,Single,55804.9,1,1,16-01-2012,84,9,2,5,2,2
1514,1971,Graduation,Single,31470.7,0,0,10-01-2014,59,6,9,0,11,1
1515,1962,Graduation,Together,30797.4,0,0,13-07-2012,24,7,1,1,4,2
1516,1961,Graduation,Married,52898.2,0,0,01-02-2014,90,9,10,8,14,10
1517,1990,Graduation,Single,55619.3,0,2,18-03-2013,9,0,4,5,12,9
1518,1964,Graduation,Together,87158.6,1,1,29-10-2012,49,4,7,7,8,0
1519,1997,Master,Single,69416.1,2,0,17-02-2012,11,8,4,6,3,8
1520,1961,Graduation,Together,51682.1,2,1,16-01-2014,91,4,0,8,2,1
1521,1997,PhD,Married,43295.9,1,1,30-04-2012,31,12,2,8,6,11
1522,1997,2n Cycle,Single,110294.2,1,0,13-05-2013,32,13,11,3,7,2
1523,1961,Basic,Together,62531.9,0,0,11-04-2014,71,13,4,6,4,4
1524,1988,PhD,Married,36625.0,0,1,15-07-2013,25,9,6,4,12,9
1525,1991,Graduation,Absurd,45507.5,0,1,13-04-2013,41,11,4,6,7,11
1526,1981,PhD,Married,32450.9,1,1,10-02-2012,49,2,13,3,4,3
1527,1945,PhD,Married,1909.0,1,1,31-03-2013,60,8,9,9,8,4
1528,1954,Graduation,Together,56253.0,0,0,17-06-2013,40,12,4,0,6,5
1529,1993,Graduation,Married,85649.1,0,0,05-01-2013,56,8,6,3,4,4
1530,1982,Basic,Widow,17388.9,0,2,30-06-2012,1,3,12,9,12,9
1531,1999,Graduation,Married,51105.3,2,0,31-05-2013,98,3,14,2,8,0
1532,1976,Graduation,Married,35861.9,0,1,18-10-2013,97,10,7,8,4,5
1533,1972,Graduation,Single,60430.1,1,1,18-05-2014,69,7,13,4,7,8
1534,1947,Graduation,Married,46553.4,1,1,12-08-2013,30,6,7,3,11,2
1535,1992,Basic,Divorced,22798.9,0,0,18-08-2012,22,10,6,7,3,1
1536,1999,Master,Divorced,30377.9,1,1,19-03-2014,75,4,12,4,8,5
1537,1983,Master,Married,33394.0,1,1,13-12-2012,53,5,13,2,11,11
1538,1983,Graduation,Married,76886.4,0,1,23-04-2013,27,2,2,1,5,2
1539,1944,Graduation,Divorced,75865.2,2,0,27-07-2012,78,13,10,7,5,3
1540,1978,Graduation,Widow,43773.0,0,0,05-11-2013,18,5,1,1,13,5
1541,1943,Graduation,Single,74556.1,0,0,10-11-2013,75,12,0,7,2,11
1542,1945,Graduation,Married,46536.3,1,0,04-10-2012,47,7,5,4,12,11
1543,1984,Master,Married,43466.7,1,0,18-01-2014,1,9,12,7,2,5
1544,1971,Graduation,Divorced,51142.4,2,2,18-11-2013,10,13,8,4,3,11
1545,1991,PhD,Single,55696.5,1,1,22-02-2012,43,12,2,0,0,1
1546,1969,Graduation,Married,38891.1,2,1,10-05-2014,58,10,4,1,5,2
1547,1986,Graduation,Together,50437.3,1,1,10-01-2012,58,8,8,5,0,8
1548,1974,Graduation,Single,65746.5,1,0,19-10-2013,37,2,13,2,10,1
1549,1994,2n Cycle,Married,52590.8,1,2,08-01-2014,24,7,13,7,3,2
1550,1979,Basic,Married,50855.7,0,0,17-01-2014,20,11,8,4,14,8
1551,1991,2n Cycle,Married,59883.6,2,0,08-04-2013,41,2,6,2,12,3
1552,1955,Graduation,Married,63334.1,0,0,23-01-2014,35,1,13,9,6,0
1553,1952,Graduation,Married,48747.7,0,1,27-03-2014,8,4,3,6,11,10
1554,1989,PhD,Single,40516.4,0,1,05-08-2013,11,13,10,7,5,1
1555,1999,Graduation,Together,53784.1,1,0,06-06-2012,9,3,1,3,7,2
1556,1981,Basic,Divorced,18120.7,0,1,19-01-2012,58,12,1,8,3,8
1557,1969,Graduation,Together,45793.6,0,0,24-02-2012,4,4,3,5,8,8
1558,1958,Graduation,Single,568.8,1,0,13-08-2014,32,5,0,0,9,10
1559,1956,Graduation,Single,16484.2,0,1,27-12-2013,68,2,13,4,7,5
1560,1995,Graduation,Married,13476.3,1,1,25-08-2014,79,0,3,4,13,10
1561,1958,Master,Married,70947.0,0,1,21-12-2013,62,3,11,6,14,5
1562,1967,Graduation,Married,50279.6,0,1,21-01-2012,28,5,13,6,4,2
1563,1997,Graduation,Together,24759.0,0,1,08-10-2012,17,1,10,5,13,4
1564,1994,Graduation,Single,59821.3,1,1,30-01-2014,92,1,5,7,5,10
1565,1965,Graduation,Single,69773.1,0,1,23-06-2013,5,0,5,1,4,3
1566,1976,Master,Married,60169.7,2,1,23-07-2014,52,8,6,6,14,9
1567,1965,Basic,Together,46225.8,0,2,20-02-2013,81,2,4,9,5,9
1568,1992,2n Cycle,Single,54649.7,0,2,18-03-2014,31,1,8,6,0,11
1569,1962,Master,Together,68029.9,0,0,23-12-2013,41,3,1,3,3,8
1570,1948,Graduation,Married,40615.1,0,1,11-10-2012,46,5,1,9,8,8
1571,1951,Master,Divorced,50597.3,1,0,15-06-2013,30,0,3,1,3,0
1572,1992,Graduation,Divorced,44856.1,1,0,15-06-2013,61,8,14,3,1,7
1573,1940,Graduation,Married,17731.7,1,1,25-05-2013,55,8,3,3,5,8
1574,1997,Basic,Married,68331.4,0,0,21-04-2014,10,7,3,5,1,4
1575,1997,Graduation,Married,91145.4,0,1,30-01-2013,25,5,0,6,2,3
1576,1940,2n Cycle,Married,32524.1,0,1,29-04-2012,91,3,3,2,6,9
1577,1986,Graduation,Together,69253.6,2,0,06-04-2012,26,1,11,9,3,3
1578,1973,PhD,Divorced,33160.1,0,0,29-04-2012,82,7,4,0,0,1
1579,1971,Master,Together,52655.8,1,2,20-06-2013,56,6,8,2,8,8
1580,1993,Basic,Divorced,80160.2,0,0,01-06-2012,26,11,2,8,5,4
1581,1987,PhD,Married,39591.2,0,0,01-09-2012,58,13,14,0,8,10
1582,1964,PhD,Single,49706.3,0,0,10-02-2014,61,3,2,7,2,2
1583,1979,Graduation,Together,13969.9,0,1,30-05-2013,19,2,13,1,4,5
1584,1984,PhD,Married,36715.9,1,1,27-01-2013,2,5,4,5,8,8
1585,1992,Graduation,Together,11874.6,0,1,22-05-2012,15,0,9,2,5,8
1586,1940,Master,Married,58583.6,1,0,18-05-2013,43,1,5,6,1,11
1587,1955,PhD,Single,66632.8,0,1,04-03-2014,92,6,2,1,14,4
1588,1978,Master,YOLO,45567.3,2,1,26-04-2014,78,10,0,3,0,7
1589,1944,Graduation,Single,55717.7,0,0,07-05-2014,29,2,9,9,8,3
1590,1961,Graduation,YOLO,43485.4,1,1,07-08-2012,39,13,7,8,0,4
1591,1968,Master,Absurd,64810.9,1,1,18-04-2014,64,12,11,5,13,6
1592,1994,Graduation,Together,52589.2,2,1,08-06-2012,28,0,0,3,14,6
1593,1942,Graduation,Together,10286.7,0,0,16-03-2012,29,1,1,1,4,6
1594,1951,Graduation,Together,68799.6,1,0,02-09-2013,31,9,2,9,0,7
1595,1965,2n Cycle,Divorced,42209.1,0,0,22-11-2013,9,9,5,8,4,10
1596,1955,Master,Married,24592.4,0,0,30-09-2013,90,13,3,3,4,4
1597,1990,Graduation,Married,41221.3,0,1,01-02-2012,50,8,3,8,6,0
1598,1976,Graduation,Together,11958.6,0,0,15-02-2014,7,6,14,1,6,10
1599,1961,Graduation,Married,25002.2,2,1,29-11-2012,50,6,8,6,10,8
1600,1996,Master,Married,52859.0,0,0,08-06-2013,35,13,5,4,9,8
1601,1968,Master,Married,54534.2,1,0,15-03-2013,54,9,11,7,0,6
1602,1953,Graduation,Together,56128.8,1,1,10-06-2014,34,7,1,7,8,11
1603,1967,Graduation,Divorced,50064.2,0,0,28-07-2014,35,11,6,3,0,5
1604,1944,Graduation,Married,36142.7,1,1,19-09-2014,55,11,14,3,4,4
1605,1986,Master,Widow,48910.8,0,0,17-12-2012,35,7,12,7,6,4
1606,1988,Master,Together,41255.9,1,0,04-12-2012,88,8,2,2,11,2
1607,1969,Graduation,Divorced,17484.4,0,1,14-07-2014,83,1,8,6,7,9
1608,1985,Graduation,Together,34551.7,2,1,03-02-2013,60,13,5,7,1,0
1609,1991,Graduation,Together,67790.8,1,0,30-01-2013,61,7,7,7,13,5
1610,1944,2n Cycle,Single,81765.9,2,0,20-07-2012,80,7,12,9,0,7
1611,1951,Graduation,Divorced,63025.5,0,1,19-08-2014,86,12,12,3,3,1
1612,1955,Master,Single,80874.0,0,2,13-06-2013,24,4,0,8,11,7
1613,1965,PhD,Divorced,51707.8,0,1,27-06-2014,63,4,1,9,14,7
1614,1965,Graduation,YOLO,84847.5,0,0,02-04-2012,59,3,5,3,3,9
1615,1987,Graduation,Married,91089.8,0,2,02-03-2014,56,13,2,7,9,7
1616,1960,Graduation,Married,15330.6,1,0,23-12-2012,94,4,0,5,11,9
1617,1978,PhD,Together,54429.9,0,0,30-01-2013,69,1,5,4,5,2
1618,1975,Master,Married,51728.6,0,1,07-04-2014,98,1,4,3,0,9
1619,1972,PhD,Divorced,41517.9,1,0,29-02-2012,51,4,12,4,13,7
1620,1969,PhD,Single,59838.3,1,0,21-04-2013,55,10,8,0,0,10
1621,1976,Graduation,Single,50822.5,0,0,26-12-2013,62,12,5,6,2,11
1622,1962,2n Cycle,Absurd,35291.0,0,0,03-09-2013,67,2,4,7,4,11
1623,1997,Master,Together,49467.9,0,1,01-01-2012,19,0,0,8,11,3
1624,1949,Graduation,Divorced,74091.9,0,1,08-07-2013,53,8,14,2,5,2
1625,1993,2n Cycle,Married,53650.8,1,0,06-11-2012,0,1,0,8,4,10
1626,1944,PhD,Together,62539.1,0,1,16-06-2012,89,13,10,9,12,8
1627,1975,PhD,Together,44458.9,1,2,10-07-2012,97,11,0,4,12,7
1628,1973,Master,Together,59041.3,1,1,03-02-2012,9,13,6,9,12,9
1629,1991,Basic,Together,25815.7,1,0,03-02-2012,22,9,5,5,4,1
1630,1970,Master,Together,40005.6,0,2,18-11-2013,50,1,13,0,8,7
1631,1949,Graduation,Married,47946.6,0,1,20-02-2013,23,13,4,8,1,10
1632,1997,Graduation,Married,24473.3,1,0,08-12-2013,12,3,3,8,11,10
1633,1958,2n Cycle,Together,33395.7,0,0,24-09-2014,28,1,10,5,11,2
1634,1997,Graduation,Married,56262.2,0,0,06-06-2012,57,6,13,7,0,9
1635,1971,Graduation,Together,52596.6,0,1,26-01-2014,90,11,12,3,5,11
1636,1940,Graduation,Married,66127.3,0,0,14-05-2013,94,9,12,4,8,5
1637,1995,Graduation,Together,37989.8,1,1,31-12-2012,42,0,10,4,6,4
1638,1944,PhD,Together,51152.0,0,0,05-12-2012,9,10,7,6,7,7
1639,1984,2n Cycle,Married,36562.7,0,2,07-05-2014,30,1,10,6,4,8
1640,1943,Graduation,Single,64122.6,0,0,30-11-2012,73,10,7,6,9,10
1641,1955,Graduation,Single,73814.9,1,2,05-08-2013,87,4,4,4,3,6
1642,1963,Graduation,Together,59666.5,1,2,22-11-2012,96,1,14,3,5,5
1643,1955,Basic,Divorced,71223.9,1,0,23-04-2012,13,8,3,7,2,5
1644,1994,PhD,Single,50650.0,0,0,07-03-2014,98,3,14,0,0,0
1645,1941,Graduation,Together,66111.9,0,0,07-07-2014,33,8,1,0,10,4
1646,1988,Basic,Married,51508.4,0,2,21-02-2013,16,10,6,5,3,7
1647,1967,Basic,Married,29501.4,1,1,12-04-2013,20,11,4,1,8,5
1648,1971,Basic,Widow,54934.4,1,0,22-05-2012,95,0,2,2,3,11
1649,1966,2n Cycle,Married,30094.1,1,0,31-08-2013,66,0,8,3,0,0
1650,1959,Graduation,Married,96782.6,0,0,04-11-2012,57,0,8,1,13,4
1651,1963,Master,Single,43318.2,1,2,04-02-2013,78,13,10,9,3,10
1652,1951,Graduation,Single,62900.8,0,1,15-11-2012,7,3,14,6,6,11
1653,1989,Basic,Married,49751.7,1,1,30-07-2012,95,8,10,9,2,4
1654,1974,Master,Single,25327.7,0,0,12-11-2012,37,7,9,0,9,11
1655,1999,Master,Together,12029.5,1,0,03-07-2012,25,6,13,2,5,2
1656,1972,Master,Married,64980.3,0,2,23-07-2012,63,0,10,1,14,7
1657,1972,Graduation,Married,80986.8,0,0,29-12-2012,29,2,7,8,13,8
1658,1990,PhD,Single,35303.9,1,2,03-08-2012,8,8,0,7,0,5
1659,1982,2n Cycle,Married,16866.1,0,0,02-09-2012,31,8,11,2,10,5
1660,1976,2n Cycle,Together,43496.7,1,0,26-08-2012,10,4,2,4,3,1
1661,1951,Graduation,Absurd,31257.7,1,1,15-03-2014,85,11,1,2,2,9
1662,1942,Graduation,Single,36993.7,1,2,25-01-2013,33,12,3,5,13,1
1663,1940,Graduation,Divorced,62207.5,0,2,03-06-2013,17,5,1,4,0,5
1664,1972,Master,Together,48990.7,0,0,09-09-2014,18,10,11,1,2,11
1665,1979,Basic,Together,33409.8,1,0,12-08-2013,53,12,10,9,14,7
1666,1949,Graduation,Married,61770.0,0,1,15-04-2014,81,5,7,7,3,1
1667,1982,PhD,Single,63337.4,1,1,03-10-2012,36,9,0,5,4,8
1668,1983,Basic,Single,43258.9,0,1,14-08-2014,81,3,3,2,5,11
1669,1968,Master,Together,52758.3,0,0,20-07-2012,11,0,4,0,1,8
1670,1952,PhD,Married,60410.0,0,2,01-08-2012,3,4,13,4,1,3
1671,1951,PhD,Widow,58522.1,0,1,28-08-2013,42,12,9,1,5,3
1672,1970,PhD,Married,50812.3,0,1,22-04-2013,26,0,3,1,4,3
1673,1985,Graduation,Single,78651.7,1,1,22-05-2013,50,0,7,8,0,10
1674,1941,PhD,Together,61653.6,1,0,02-09-2014,4,10,1,9,2,4
1675,1990,Master,Married,40986.4,0,2,15-03-2012,5,4,8,6,10,7
1676,1989,Basic,Married,41106.6,2,1,08-09-2014,76,4,1,5,4,1
1677,1974,PhD,Together,38838.3,0,1,30-10-2013,86,6,1,0,14,10
1678,1962,Master,Widow,62642.4,2,2,26-10-2013,55,1,12,9,12,4
1679,1956,Graduation,Together,37545.0,1,1,11-08-2014,88,5,1,1,11,1
1680,1965,Graduation,Together,41502.0,1,1,21-05-2012,67,1,11,6,11,10
1681,1947,Graduation,Together,71160.4,0,0,12-08-2013,95,12,9,2,1,10
1682,1968,Graduation,Widow,53832.6,0,0,17-11-2012,43,9,7,1,0,7
1683,1965,Master,Married,73970.7,0,0,24-11-2013,14,4,2,5,8,0
1684,1949,2n Cycle,Single,65961.2,1,0,05-04-2013,89,3,9,7,14,6
1685,1965,Graduation,Married,26466.6,0,0,07-12-2013,41,10,10,7,4,2
1686,1973,Graduation,Married,47957.3,1,0,31-10-2013,10,9,13,1,1,3
1687,1990,Basic,Together,69799.0,0,0,25-05-2012,72,4,9,5,9,7
1688,1980,Graduation,Together,25556.5,1,0,23-02-2012,10,1,14,4,3,2
1689,1946,PhD,Together,58394.2,0,0,21-12-2012,65,7,13,6,2,11
1690,1943,Master,Single,49215.3,0,0,03-10-2012,26,7,7,3,6,6
1691,1997,PhD,Together,14904.2,0,1,31-03-2014,57,5,6,1,0,11
1692,1992,Graduation,Married,52393.2,0,1,17-08-2013,89,2,9,9,14,0
1693,1989,Graduation,Together,33250.6,0,0,03-02-2013,71,3,3,2,9,8
1694,1984,Master,Together,26647.0,1,1,29-10-2013,20,0,6,8,11,5
1695,1950,PhD,Married,50182.8,0,1,30-05-2013,20,8,10,9,11,2
1696,1968,Graduation,Single,11382.9,0,0,13-05-2013,71,9,7,7,3,6
1697,1995,Master,Single,36514.2,1,1,06-11-2012,0,4,5,8,6,4
1698,1975,Graduation,Divorced,101023.5,0,2,27-09-2012,57,13,5,4,10,7
1699,1964,Master,Widow,63004.4,2,1,29-07-2013,12,7,2,4,9,7
1700,1960,Graduation,Together,32371.5,2,0,24-03-2013,72,2,4,6,12,11
1701,1996,2n Cycle,Single,78083.3,0,1,21-04-2012,91,3,9,6,4,8
1702,1975,Graduation,Married,30159.1,0,0,26-08-2012,5,3,1,0,3,5
1703,1949,Graduation,Together,38926.1,0,1,23-05-2012,86,7,11,4,3,3
1704,1976,Graduation,Together,27023.0,1,2,08-01-2013,99,11,4,7,10,1
1705,1948,Graduation,Single,55121.6,1,1,20-01-2012,57,8,4,6,11,2
1706,1963,Basic,Single,77372.6,1,2,29-07-2013,16,2,6,1,13,4
1707,1974,2n Cycle,Together,30019.9,1,0,15-10-2012,72,6,3,7,1,7
1708,1988,Graduation,Married,8791.1,0,2,15-08-2013,11,8,13,1,7,11
1709,1974,Graduation,Married,71819.3,1,1,15-07-2012,85,1,10,9,11,9
1710,1987,Master,Single,81076.0,1,0,16-01-2013,51,3,5,0,3,1
1711,1975,Basic,Married,10098.4,1,1,03-08-2013,75,2,8,2,1,4
1712,1957,PhD,Divorced,59201.1,1,0,28-11-2013,69,7,3,2,8,8
1713,1988,Graduation,Absurd,54530.1,1,0,09-11-2013,72,3,10,5,13,1
1714,1978,Graduation,Together,34250.5,0,1,17-12-2013,51,8,13,2,13,7
1715,1971,Master,Married,22112.9,0,0,06-05-2013,36,0,5,6,12,2
1716,1963,Graduation,Single,69835.0,0,1,12-06-2012,2,0,12,7,11,7
1717,1962,PhD,Married,53581.4,0,0,28-08-2013,97,3,11,2,9,3
1718,1971,Graduation,Married,55088.5,2,0,05-09-2012,7,2,8,8,12,3
1719,1976,Master,Together,37564.6,0,2,08-03-2012,9,2,9,0,6,11
1720,1951,Graduation,Married,33961.8,1,0,04-05-2014,46,9,11,2,14,6
1721,1988,PhD,Married,900.5,0,1,21-01-2012,40,11,0,2,2,4
1722,1994,Graduation,Single,45439.4,0,1,10-04-2014,63,1,7,6,14,3
1723,1952,PhD,Married,78776.5,2,1,26-05-2013,41,13,0,4,6,6
1724,1962,Graduation,Single,32194.9,1,2,19-08-2013,42,9,3,3,0,11
1725,1964,PhD,Single,19551.7,0,1,24-01-2013,8,9,2,1,11,2
1726,1974,PhD,YOLO,58713.3,0,0,19-06-2013,13,1,3,6,0,8
1727,1980,PhD,Married,62401.6,0,1,20-04-2012,90,7,13,2,3,4
1728,1969,PhD,Married,38281.9,0,0,06-08-2014,95,0,6,6,3,11
1729,1956,Master,Divorced,43024.7,0,1,12-05-2014,3,13,12,9,3,2
1730,1988,Basic,YOLO,55278.1,0,2,17-08-2013,1,7,13,6,8,1
1731,1959,Graduation,Together,46889.0,2,1,19-05-2014,96,9,8,1,5,6
1732,1987,Basic,Divorced,70002.6,1,1,04-04-2013,84,2,8,6,2,11
1733,1964,Graduation,Married,98744.9,1,1,18-03-2012,0,1,9,5,5,6
1734,1961,Graduation,Married,15816.7,1,1,09-03-2013,74,8,0,9,1,11
1735,1952,Graduation,Married,74595.1,0,2,14-01-2013,64,4,14,3,1,4
1736,1998,Graduation,Together,52105.2,1,0,13-10-2013,45,13,9,4,6,3
1737,1958,Master,Together,77764.0,0,0,15-03-2013,58,4,0,7,13,10
1738,1988,Master,Married,64487.1,1,0,06-06-2014,74,12,8,4,2,1
1739,1975,Master,Single,51223.1,0,1,21-02-2014,6,5,3,2,6,1
1740,1951,PhD,Together,65200.5,0,0,04-12-2012,65,3,11,1,2,6
1741,1980,Graduation,Single,42116.9,1,0,14-09-2014,14,6,12,5,11,9
1742,1958,Graduation,Together,34514.0,1,0,27-02-2013,71,6,13,5,11,6
1743,1951,Graduation,Together,66217.3,1,2,17-06-2012,46,10,2,6,1,3
1744,1948,Graduation,Together,33113.4,2,1,09-12-2013,89,8,12,7,3,3
1745,1946,Graduation,Together,62847.5,0,0,22-08-2014,39,5,8,3,14,3
1746,1967,Graduation,Divorced,50615.0,0,0,18-09-2012,41,12,4,7,3,10
1747,1953,PhD,Married,3411.2,0,0,27-12-2013,50,0,11,0,2,1
1748,1970,Master,Together,38512.4,1,0,01-08-2013,34,8,5,5,8,8
1749,1991,2n Cycle,Together,56696.8,1,0,16-08-2012,40,11,0,5,5,0
1750,1958,2n Cycle,Single,41880.0,0,2,09-06-2012,84,12,0,2,4,7
1751,1997,PhD,Single,0.0,1,2,02-03-2013,56,9,12,8,12,5
1752,1986,Graduation,Married,76415.0,1,0,01-05-2012,37,8,13,4,11,9
1753,1955,PhD,Married,53387.5,0,0,28-05-2012,71,4,6,0,11,6
1754,1992,Master,Together,58874.8,1,0,01-05-2014,95,6,9,6,5,11
1755,1944,Graduation,Divorced,40534.5,1,0,05-12-2013,7,0,14,9,12,4
1756,1974,Graduation,Single,60629.8,2,0,12-01-2014,73,3,7,2,10,5
1757,1951,Basic,Single,86696.4,0,0,20-04-2012,62,11,10,9,7,5
1758,1964,Graduation,Absurd,35298.5,0,0,18-10-2013,86,9,7,9,4,8
1759,1991,PhD,Single,83340.3,0,1,08-08-2012,3,3,13,3,12,9
1760,1998,PhD,Married,57971.3,0,1,22-06-2014,47,4,12,5,14,3
1761,1960,Graduation,Together,32611.3,2,1,04-03-2012,51,5,6,7,12,11
1762,1975,Graduation,Married,94247.8,0,0,29-09-2013,37,3,12,3,3,10
1763,1992,Graduation,Single,57832.8,1,2,30-12-2013,93,5,10,8,6,11
1764,1962,Graduation,Single,63529.6,0,2,06-03-2014,86,9,8,7,11,4
1765,1955,Graduation,Single,44613.0,0,0,19-12-2012,4,6,0,9,13,3
1766,1996,Basic,Together,34073.5,0,0,18-04-2013,84,2,1,9,4,0
1767,1978,Graduation,Married,53356.3,1,1,27-06-2014,69,8,12,5,3,9
1768,1984,PhD,Married,81629.3,1,0,17-01-2014,80,7,2,6,13,5
1769,1992,Graduation,Together,43806.8,0,0,29-04-2013,88,0,12,7,4,4
1770,1981,2n Cycle,Divorced,49465.0,2,1,13-01-2012,23,12,11,1,10,3
1771,1997,Graduation,Single,79126.6,0,1,22-07-2014,85,1,12,4,3,5
1772,1978,Graduation,Married,43993.5,0,0,01-06-2012,76,1,4,6,7,11
1773,1953,Basic,Together,60205.5,0,1,26-08-2012,16,9,3,7,7,4
1774,1970,Basic,Married,67547.0,0,2,08-07-2012,77,8,3,4,0,2
1775,1997,Graduation,Married,46064.4,2,0,24-10-2013,97,11,14,2,13,1
1776,1944,Basic,Together,56196.8,0,1,26-03-2012,89,8,7,5,11,5
1777,1974,Graduation,Divorced,63222.1,0,0,21-01-2012,82,8,7,4,2,3
1778,1962,Graduation,Divorced,41981.7,0,0,24-11-2013,25,0,10,7,10,10
1779,1968,Graduation,Together,66315.3,1,1,14-11-2012,2,6,6,8,3,9
1780,1982,Graduation,Together,39060.3,0,0,06-06-2012,1,11,0,8,1,2
1781,1950,Master,Married,36498.2,1,0,28-08-2014,91,10,9,5,13,7
1782,1957,Graduation,Together,19459.2,0,0,21-08-2014,1,12,14,3,12,11
1783,1986,Graduation,Married,39930.8,0,1,25-04-2013,21,2,3,3,4,8
1784,1951,Master,Single,33689.9,1,1,28-05-2014,70,10,0,8,10,6
1785,1948,Master,Together,41982.5,0,0,16-03-2012,3,8,10,3,7,1
1786,1949,Graduation,Together,62239.9,1,1,24-11-2012,37,7,13,7,11,7
1787,1997,PhD,Married,15486.5,0,0,19-02-2013,83,2,4,8,1,10
1788,1983,Graduation,Widow,10506.6,1,1,21-07-2012,69,0,2,4,13,10
1789,1956,Master,Single,35018.4,0,0,16-08-2012,72,8,2,5,8,4
1790,1977,Master,Married,59224.6,1,1,31-05-2012,51,12,3,2,12,10
1791,1946,2n Cycle,Single,55777.3,0,2,13-02-2014,30,9,1,4,6,9
1792,1985,Graduation,Together,34698.8,0,2,12-03-2012,25,0,6,4,5,6
1793,1952,Graduation,Together,73388.2,0,0,12-08-2012,35,2,11,1,7,4
1794,1979,Graduation,Married,36831.8,0,1,17-04-2013,25,12,12,9,13,1
1795,1981,Graduation,Together,59249.1,0,0,15-06-2014,27,5,3,5,1,11
1796,1948,Graduation,Married,42744.3,0,2,04-10-2013,4,5,4,8,13,11
1797,1989,2n Cycle,Together,32624.5,1,0,25-12-2012,73,13,11,6,4,11
1798,1966,Graduation,Married,37898.7,1,0,23-06-2013,17,10,13,7,3,3
1799,1997,Graduation,Married,64680.0,1,0,21-03-2014,14,9,1,1,7,10
1800,1941,Master,Widow,57220.5,1,0,31-08-2013,56,3,5,8,12,4
1801,1944,Graduation,Married,69362.1,0,1,15-02-2012,96,1,8,2,0,5
1802,1968,Master,Single,57219.7,0,2,01-01-2012,4,12,7,9,11,4
1803,1976,Graduation,Together,17776.6,0,1,08-11-2013,36,9,7,4,2,9
1804,1977,Graduation,Absurd,92288.3,1,1,01-09-2012,85,5,1,6,9,10
1805,1958,Graduation,Married,57503.4,0,1,06-08-2012,85,9,14,3,7,0
1806,1947,Graduation,Single,60293.4,0,0,05-09-2013,21,4,3,6,4,0
1807,1987,2n Cycle,Married,42463.2,1,0,17-10-2012,51,12,7,7,3,2
1808,1984,Graduation,Married,72263.6,0,0,02-04-2013,14,5,10,9,5,8
1809,1940,PhD,Single,28137.8,1,0,22-07-2012,16,6,0,9,11,10
1810,1961,Graduation,Together,62196.6,1,0,20-07-2012,50,10,7,3,4,1
1811,1991,Graduation,YOLO,8407.3,0,0,19-07-2013,44,8,2,4,2,9
1812,1956,Basic,Married,63544.2,0,0,26-04-2013,62,11,7,2,12,4
1813,1946,Graduation,Married,28409.0,0,0,02-03-2014,27,11,5,4,10,8
1814,1964,Master,Married,55539.9,1,2,25-05-2013,58,13,6,7,13,6
1815,1984,2n Cycle,Single,77146.8,0,0,12-07-2014,85,6,1,2,4,10
1816,1943,PhD,Divorced,66454.3,1,1,04-10-2012,20,3,14,4,3,7
1817,1975,2n Cycle,Married,74487.6,1,1,16-01-2012,41,9,0,9,0,1
1818,1945,Graduation,Married,72417.0,0,1,08-06-2013,80,4,5,0,0,4
1819,1999,Graduation,Together,39514.3,0,0,21-12-2012,68,12,11,1,13,8
1820,1970,Graduation,Married,61966.6,1,0,21-12-2012,81,5,2,2,14,0
1821,1958,Master,Together,15501.7,0,0,09-04-2014,16,12,3,0,6,0
1822,1983,2n Cycle,Single,36261.3,1,0,27-07-2014,67,8,12,8,3,9
1823,1993,Graduation,Divorced,77853.1,0,0,21-08-2013,6,4,14,8,0,7
1824,1978,Master,Widow,42299.3,1,1,18-03-2012,88,4,8,4,5,1
1825,1966,Graduation,Together,12640.0,1,1,16-07-2014,39,6,2,3,10,8
1826,1949,PhD,Absurd,90274.0,1,1,07-03-2012,39,1,1,4,11,9
1827,1965,Graduation,Single,61245.0,0,0,08-05-2014,42,2,1,3,14,8
1828,1958,2n Cycle,Married,65289.6,0,0,23-12-2013,72,11,1,4,10,3
1829,1978,PhD,Together,30390.6,1,1,01-08-2012,82,1,5,6,11,1
1830,1942,Graduation,Together,55681.1,0,0,27-11-2013,50,9,1,7,10,2
1831,1984,Graduation,Married,55151.5,0,1,24-03-2013,72,9,10,1,10,9
1832,1952,Graduation,Married,33570.3,2,1,22-08-2014,22,11,6,3,0,0
1833,1989,Graduation,Single,46603.6,0,0,08-03-2013,94,13,6,7,7,2
1834,1967,Graduation,Married,19990.6,0,0,28-06-2013,31,1,6,6,11,4
1835,1997,Basic,Single,43065.8,0,0,24-04-2012,30,2,13,8,12,2
1836,1959,PhD,Together,69476.9,1,0,25-02-2014,16,5,12,4,8,2
1837,1967,PhD,Married,,1,0,23-02-2013,57,4,1,5,10,9
1838,1947,Graduation,Single,88146.0,0,0,13-05-2013,85,10,6,7,2,5
1839,1980,Basic,Together,21278.2,0,0,10-12-2013,34,13,9,4,6,2
1840,1978,Master,Together,,0,1,14-01-2013,29,12,7,8,12,2
1841,1940,Graduation,Divorced,36871.4,1,1,22-05-2012,63,4,7,3,14,8
1842,1942,Master,Together,46396.4,0,0,09-01-2014,52,1,13,7,4,1
1843,1952,PhD,Married,77429.5,2,2,23-09-2013,50,1,1,2,2,0
1844,1967,Graduation,Divorced,30310.9,0,2,14-05-2014,36,11,4,4,4,9
1845,1996,Graduation,Married,40974.6,2,2,24-01-2012,89,0,13,7,9,7
1846,1999,Graduation,Single,63090.1,0,1,22-06-2013,5,2,5,9,6,2
1847,1988,Graduation,Together,51863.2,1,0,02-08-2014,33,11,8,6,6,6
1848,1964,2n Cycle,Widow,53503.5,0,0,15-03-2012,55,11,5,0,8,1
1849,1995,Basic,Married,30694.5,0,1,22-01-2014,95,10,9,3,7,10
1850,1972,Master,Married,48568.3,1,1,18-06-2013,24,13,5,1,3,10
1851,1977,Graduation,Single,72631.6,1,1,03-11-2013,12,6,9,1,14,11
1852,1992,Graduation,Single,17809.6,0,2,10-02-2012,62,10,9,6,4,7
1853,1945,Master,Married,36053.8,1,1,19-01-2014,65,4,14,2,4,8
1854,1997,PhD,Together,13689.2,1,0,20-01-2014,4,6,5,2,9,7
1855,1983,Graduation,Single,60739.5,1,0,21-07-2013,74,8,8,5,11,7
1856,1984,PhD,Widow,74509.4,0,0,16-02-2013,10,5,9,5,1,7
1857,1971,Basic,Together,46331.8,0,1,18-02-2013,87,1,6,0,11,6
1858,1984,Graduation,Together,29889.6,0,1,24-03-2013,77,0,0,0,6,1
1859,1986,Graduation,Divorced,30475.1,0,1,01-09-2013,93,0,0,5,6,7
1860,1960,Master,Single,44058.9,1,1,19-10-2013,43,9,13,6,8,4
1861,1955,Graduation,Married,43982.6,0,2,04-09-2014,98,8,3,8,12,5
1862,1993,Graduation,Together,68236.6,0,1,12-02-2014,84,13,14,3,8,3
1863,1960,Graduation,Divorced,36622.5,1,1,11-03-2013,68,5,11,9,3,0
1864,1950,Graduation,Together,58701.6,1,0,05-07-2013,1,5,1,5,4,4
1865,1999,Master,Married,43890.6,0,1,05-12-2013,39,3,2,2,6,2
1866,1976,PhD,Widow,35104.9,0,1,26-08-2012,36,11,11,3,9,8
1867,1975,Graduation,Single,43392.5,2,0,11-02-2012,48,13,6,8,14,3
1868,1974,Basic,Divorced,56730.8,0,0,03-01-2014,97,1,13,0,6,9
1869,1958,Basic,Absurd,68298.7,1,2,08-12-2013,74,9,6,4,10,1
1870,1959,Basic,Single,44960.5,1,0,10-03-2014,35,2,13,6,9,3
1871,1996,Graduation,Together,25921.2,0,0,10-01-2012,74,2,11,2,10,2
1872,1957,Graduation,Single,69994.3,2,0,16-01-2014,72,7,2,1,7,2
1873,1986,2n Cycle,Married,32036.6,1,1,16-04-2014,69,5,12,1,7,4
1874,1980,Master,Married,55216.5,0,1,21-09-2012,33,6,1,0,1,0
1875,1988,Graduation,Together,,1,0,03-08-2013,57,8,14,4,11,4
1876,1953,Graduation,Widow,46828.6,1,0,20-03-2013,36,0,12,2,8,7
1877,1954,Graduation,Together,40260.5,1,2,18-05-2012,95,1,12,6,10,9
1878,1970,2n Cycle,Married,62403.0,1,1,16-05-2014,59,8,0,0,3,11
1879,1940,PhD,Divorced,0.0,0,1,31-12-2013,11,4,8,8,0,8
1880,1992,Graduation,Absurd,72729.4,0,0,14-07-2012,31,3,9,1,0,11
1881,1993,Graduation,Single,31749.8,0,0,14-03-2012,80,0,2,7,4,0
1882,1993,Master,YOLO,58159.1,0,0,06-09-2013,3,8,8,9,6,1
1883,1942,Basic,Single,57100.5,0,1,12-08-2012,32,10,14,3,4,1
1884,1955,Graduation,Divorced,75499.5,1,0,26-09-2013,42,12,14,5,14,5
1885,1962,Master,Married,53955.0,1,0,11-04-2012,8,8,3,8,12,0
1886,1996,2n Cycle,Single,33417.8,1,0,20-09-2012,97,3,14,6,2,10
1887,1950,Graduation,Married,17904.9,1,0,02-08-2014,50,8,9,7,10,0
1888,1951,PhD,Together,43023.9,1,1,08-07-2014,93,9,5,6,6,1
1889,1949,Graduation,Married,10836.5,0,0,25-09-2014,19,12,12,1,0,11
1890,1971,Master,Single,37430.3,1,1,09-06-2012,38,0,6,8,10,3
1891,1955,PhD,Together,44147.4,0,2,20-08-2012,22,4,9,0,0,1
1892,1947,PhD,Widow,36201.7,2,0,05-05-2013,40,0,13,1,11,3
1893,1977,Master,Married,50835.5,1,1,25-02-2014,43,3,5,2,1,2
1894,1951,Graduation,Married,45277.9,0,2,08-02-2014,34,11,0,2,0,2
1895,1963,2n Cycle,Married,43446.3,1,2,06-11-2012,22,4,5,9,8,8
1896,1967,PhD,Single,1517.0,0,0,12-10-2013,57,13,10,3,3,7
1897,1992,Graduation,Divorced,24105.9,0,0,14-08-2012,47,10,13,4,6,11
1898,1947,Master,Divorced,62853.1,1,0,29-09-2012,86,2,5,5,4,11
1899,1997,Master,Together,66085.1,0,1,26-07-2014,57,1,4,0,13,9
1900,1967,Graduation,Married,13224.5,0,1,12-11-2012,56,5,2,7,6,8
1901,1975,Basic,Together,33705.6,2,1,17-06-2014,86,10,9,5,12,0
1902,1965,2n Cycle,Together,71439.3,1,0,26-03-2012,38,12,2,9,12,11
1903,1947,Graduation,Divorced,35639.2,1,0,17-10-2012,27,2,10,8,14,4
1904,1997,2n Cycle,Together,47770.2,1,1,13-04-2013,63,9,9,4,6,11
1905,1999,Graduation,Together,78836.1,0,0,29-12-2013,61,0,12,6,0,11
1906,1989,Graduation,Together,42768.5,0,1,20-05-2014,82,10,6,3,0,3
1907,1967,Graduation,Married,39905.6,1,0,31-07-2013,61,12,7,5,10,10
1908,1967,Basic,Absurd,46859.3,2,0,07-02-2014,93,4,13,5,2,8
1909,1976,Master,Married,87068.2,0,0,08-10-2013,84,1,2,3,9,2
1910,1980,Graduation,Together,58924.0,1,0,07-02-2013,87,1,2,5,1,4
1911,1975,Graduation,Married,50381.6,2,0,02-03-2013,84,3,6,7,13,7
1912,1966,PhD,Together,39512.8,1,0,09-01-2013,25,3,9,4,6,9
1913,1993,Graduation,Together,60776.3,2,0,20-06-2014,50,3,11,1,2,4
1914,1956,Basic,Single,63194.0,0,0,20-07-2013,49,6,6,8,6,8
1915,1948,Basic,Single,28536.4,2,0,17-05-2014,35,0,10,3,8,1
1916,1972,PhD,Together,63732.6,1,1,24-01-2014,25,12,8,3,11,5
1917,1992,2n Cycle,Together,46977.0,0,0,08-09-2012,32,7,13,6,10,4
1918,1959,Graduation,Married,50496.0,2,1,16-06-2013,99,11,5,9,0,8
1919,1952,2n Cycle,Married,32314.2,0,1,02-11-2012,67,12,14,9,14,6
1920,1967,Master,Together,42000.4,0,1,05-03-2013,72,9,12,5,2,7
1921,1987,PhD,Single,29397.2,1,2,05-11-2013,7,8,6,3,12,6
1922,1968,Graduation,Married,28435.6,0,0,17-05-2014,65,9,10,5,10,9
1923,1952,Basic,Single,57541.8,0,1,20-09-2012,92,12,9,2,14,9
1924,1985,Graduation,Single,42897.7,1,2,08-03-2012,22,13,0,6,14,4
1925,1974,Graduation,Married,24007.2,0,1,16-04-2012,69,5,6,5,5,10
1926,1945,Graduation,Married,93541.1,0,0,03-02-2013,54,3,1,2,14,4
1927,1957,PhD,Single,27506.9,0,0,01-08-2013,42,5,6,0,12,10
1928,1990,PhD,Married,71842.1,0,0,17-07-2012,99,9,2,9,8,3
1929,1944,Master,Married,20470.7,1,1,10-07-2012,20,6,8,4,4,1
1930,1986,Basic,Married,59130.0,1,1,28-05-2013,21,5,12,9,2,8
1931,1964,Graduation,Married,44988.8,2,0,07-02-2014,8,10,4,1,7,9
1932,1941,Master,Divorced,37418.9,1,1,17-03-2013,33,0,6,6,12,9
1933,1949,Graduation,Single,53934.8,0,1,01-01-2012,58,4,7,6,13,11
1934,1995,Basic,Married,51245.2,2,0,23-12-2012,25,7,12,3,11,9
1935,1969,Basic,Single,33750.7,1,1,24-04-2012,0,7,11,5,4,9
1936,1989,PhD,Single,32845.2,1,1,21-06-2014,99,11,1,0,14,2
1937,1998,Master,Together,18521.7,1,0,22-08-2013,4,9,10,1,5,10
1938,1984,Graduation,Together,56111.3,2,1,15-07-2012,40,8,0,5,12,10
1939,1944,Graduation,Divorced,24923.9,1,0,07-09-2014,62,3,6,1,1,2
1940,1994,Basic,Together,50079.5,0,1,26-08-2013,21,9,14,3,3,2
1941,1995,Graduation,Absurd,61849.6,1,2,30-09-2012,67,5,5,3,0,7
1942,1972,Graduation,Single,54161.1,0,1,05-05-2014,47,6,5,9,14,5
1943,1993,Graduation,Single,35537.4,0,0,08-06-2012,65,4,1,8,13,0
1944,1940,Basic,Single,68176.2,0,0,21-06-2012,15,10,2,9,12,11
1945,1957,Graduation,Single,41840.6,0,0,28-06-2013,79,7,3,6,3,2
1946,1971,Graduation,Married,23316.8,0,1,02-04-2013,52,2,2,6,0,3
1947,1986,Master,Together,44325.4,0,0,07-08-2013,85,7,1,0,3,1
1948,1988,Basic,Single,61735.9,1,1,08-03-2013,64,13,2,4,13,5
1949,1950,Graduation,Widow,36511.7,1,0,17-07-2014,78,4,13,2,1,9
1950,1960,Graduation,Divorced,67563.6,2,0,25-04-2013,63,0,5,2,5,11
1951,1965,Graduation,Married,34593.5,0,0,30-03-2013,87,12,8,5,5,0
1952,1964,Graduation,Single,37315.7,1,2,14-07-2012,67,5,3,3,7,0
1953,1961,Graduation,Single,29078.4,2,1,06-03-2014,62,1,5,7,8,7
1954,1998,Master,Single,63674.2,0,0,21-08-2013,61,6,0,3,7,3
1955,1966,Master,Single,48935.1,1,0,04-11-2012,81,8,11,7,0,0
1956,1988,PhD,Married,30404.8,1,1,05-01-2014,80,2,5,3,12,6
1957,1952,Graduation,Married,42075.8,0,0,09-07-2013,70,13,11,2,2,8
1958,1972,Basic,Married,0.0,1,1,27-04-2014,44,9,2,4,5,9
1959,1973,Graduation,YOLO,65559.4,1,1,08-05-2013,51,13,8,4,0,6
1960,1980,2n Cycle,Together,46585.1,0,1,14-03-2013,73,3,3,9,7,0
1961,1974,PhD,Widow,1875.2,0,1,11-10-2013,64,3,6,9,13,0
1962,1940,Graduation,Single,20866.4,0,1,20-02-2014,1,3,3,0,5,11
1963,1960,Master,Married,41568.1,0,2,24-12-2012,48,2,10,7,0,0
1964,1987,Graduation,Together,23716.6,0,2,05-02-2012,21,4,5,7,9,7
1965,1994,Master,Single,65867.0,0,1,03-02-2012,95,8,13,7,1,6
1966,1945,Graduation,Single,58371.5,0,0,28-03-2012,28,10,6,9,5,2
1967,1967,Graduation,Together,57190.7,2,0,19-10-2013,34,7,1,3,9,2
1968,1956,Basic,Together,0.0,0,0,16-01-2012,80,9,9,8,13,11
1969,1944,Graduation,Married,39490.8,0,1,14-01-2014,75,1,5,9,7,2
1970,1970,Basic,Married,36047.7,0,1,24-02-2013,23,11,7,2,4,1
1971,1944,Graduation,Married,30918.9,0,0,06-07-2013,93,8,14,6,0,3
1972,1977,PhD,Single,41696.5,0,0,05-02-2014,29,11,12,5,13,6
1973,1942,Master,Married,27475.2,0,0,03-03-2014,83,9,12,8,9,8
1974,1992,PhD,Single,54304.4,0,1,05-05-2012,41,1,14,3,1,2
1975,1962,Graduation,Single,65331.0,1,1,08-01-2012,70,6,11,3,3,9
1976,1976,Graduation,Absurd,63607.7,2,1,16-04-2013,49,4,5,5,3,6
1977,1992,Graduation,Together,47241.8,0,0,12-04-2013,70,12,1,7,6,11
1978,1976,Graduation,Together,89984.8,0,1,29-05-2014,59,6,3,2,1,3
1979,1949,Master,Married,72799.5,1,0,11-05-2014,29,4,0,7,6,0
1980,1949,2n Cycle,Married,47968.8,1,1,01-05-2014,11,11,14,7,6,4
1981,1958,Basic,Married,40354.6,0,0,24-05-2013,48,5,6,6,6,7
1982,1956,Master,Single,76760.5,2,0,05-02-2013,94,7,7,6,12,2
1983,1960,Master,Single,70151.6,1,0,15-04-2014,81,0,9,4,2,9
1984,1953,Master,Together,21791.5,0,0,24-06-2012,45,12,1,1,5,3
1985,1948,Graduation,Together,71716.4,1,2,09-01-2014,42,10,9,1,11,2
1986,1985,2n Cycle,Married,46912.5,2,0,23-08-2014,1,12,14,9,5,9
1987,1940,Master,Married,32781.8,1,0,14-04-2014,96,11,4,7,3,7
1988,1990,PhD,Widow,10415.9,0,1,02-07-2014,74,0,10,5,0,9
1989,1984,Graduation,Single,44621.7,0,1,01-01-2013,97,4,7,7,8,7
1990,1952,Graduation,Married,49755.4,0,0,02-05-2013,79,0,10,2,1,3
1991,1943,Graduation,Married,81746.6,0,1,18-01-2012,53,2,7,0,8,10
1992,1940,Basic,Together,69144.7,1,1,25-02-2012,34,9,14,5,7,1
1993,1988,PhD,YOLO,38342.3,1,0,07-07-2014,51,8,4,1,0,11
1994,1979,Graduation,Married,57786.8,1,0,04-02-2012,32,13,7,8,10,2
1995,1971,2n Cycle,Divorced,66525.0,2,0,20-06-2014,84,12,13,4,6,2
1996,1973,Graduation,Divorced,51719.1,0,1,21-09-2013,83,6,5,4,12,3
1997,1967,Graduation,Married,38256.9,1,0,04-03-2014,71,11,14,9,9,10
1998,1970,Graduation,Married,39356.6,1,0,04-02-2014,50,5,14,7,2,1
1999,1947,Master,Married,57709.5,0,1,25-12-2013,25,7,4,5,9,1
2000,1978,2n Cycle,Absurd,58259.6,1,1,26-07-2013,96,7,12,2,12,2
2001,1965,Graduation,Single,,0,0,22-08-2013,61,5,13,8,9,11
2002,1997,Basic,Together,0.0,1,1,21-02-2014,60,3,10,9,13,0
2003,1973,Graduation,Married,24189.5,0,0,12-12-2012,25,3,3,3,13,7
2004,1993,2n Cycle,Together,62393.8,0,0,01-02-2012,36,3,4,9,13,5
2005,1993,Master,Married,7383.2,1,1,26-06-2014,29,5,11,3,8,2
2006,1942,Basic,Together,73683.6,1,2,12-05-2012,94,0,3,1,4,0
2007,1998,Graduation,Divorced,70723.1,0,0,29-07-2013,96,11,0,2,10,2
2008,1989,2n Cycle,Divorced,50821.9,0,1,17-07-2012,10,1,2,3,2,0
2009,1951,Master,Divorced,61958.6,0,1,12-09-2012,52,5,7,6,7,2
2010,1940,Graduation,Single,60575.5,1,0,07-12-2012,40,13,6,2,11,3
2011,1993,Basic,Together,47662.5,1,1,28-10-2013,4,13,11,7,2,5
2012,1983,Graduation,Single,22522.2,2,0,01-09-2014,65,10,14,7,6,6
2013,1944,Basic,Married,69345.5,0,2,18-08-2012,12,0,6,9,13,6
2014,1969,Graduation,Married,78144.6,1,1,27-10-2012,62,8,10,1,6,8
2015,1969,Master,Married,25828.2,0,0,30-06-2013,81,11,2,3,6,7
2016,1998,PhD,Married,21774.9,1,0,26-01-2012,89,5,8,7,13,3
2017,1996,Graduation,YOLO,47264.1,0,0,18-06-2013,24,6,14,0,11,5
2018,1956,Graduation,Single,37475.5,0,0,14-10-2013,43,13,5,0,0,10
2019,1987,Graduation,Together,52899.0,1,0,18-04-2013,13,11,7,3,10,0
2020,1986,Graduation,Married,74159.9,0,0,21-01-2013,68,0,7,1,4,7
2021,1962,Graduation,Single,5086.6,1,1,11-10-2012,58,7,2,0,11,5
2022,1954,PhD,Single,81625.4,1,0,25-03-2013,55,11,3,7,10,1
2023,1976,Graduation,Widow,41866.6,0,1,15-11-2012,51,11,13,1,0,7
2024,1960,Graduation,Divorced,60235.6,0,1,04-06-2012,65,11,5,3,6,3
2025,1953,Master,Widow,62374.5,1,0,15-04-2013,67,11,1,2,12,8
2026,1941,Graduation,YOLO,64706.8,1,1,23-02-2013,11,11,11,1,12,3
2027,1950,2n Cycle,Married,51238.2,0,0,22-04-2012,74,4,11,7,7,0
2028,1990,Basic,Married,,0,0,20-06-2014,67,4,10,2,6,6
2029,1978,Master,Together,55780.4,1,1,12-10-2013,42,13,11,8,0,9
2030,1977,PhD,Married,37394.3,1,0,25-02-2013,72,5,6,9,2,4
2031,1999,Basic,Married,14838.9,0,1,04-06-2014,73,6,1,4,14,9
2032,1973,Graduation,Married,25616.3,0,1,18-07-2014,90,6,10,8,9,10
2033,1977,Graduation,Together,47915.2,1,2,21-12-2013,5,4,4,2,2,11
2034,1989,Graduation,Together,34263.9,1,1,14-04-2014,14,0,11,4,14,4
2035,1973,Master,Single,34310.1,2,1,25-05-2014,41,10,3,9,6,3
2036,1957,Graduation,Married,85985.0,1,0,30-07-2014,30,8,8,5,3,5
2037,1969,PhD,Together,67177.9,2,0,20-09-2014,85,5,12,8,11,0
2038,1954,2n Cycle,Together,44958.5,0,1,20-08-2013,52,12,12,7,2,2
2039,1966,Basic,Married,63440.7,1,0,11-10-2012,5,8,14,1,5,10
2040,1990,PhD,Together,41594.6,0,0,25-07-2013,32,10,1,1,11,11
2041,1973,Graduation,Single,52214.5,1,0,23-02-2012,28,3,6,4,9,6
2042,1991,Basic,Married,58832.6,0,1,27-08-2013,20,1,12,4,5,10
2043,1996,PhD,Together,41647.9,0,0,20-11-2012,53,12,6,4,9,7
2044,1977,Graduation,Together,36295.0,1,1,27-08-2014,55,12,6,3,4,11
2045,1972,Graduation,Married,74478.6,1,0,02-04-2013,93,2,0,7,11,8
2046,1963,2n Cycle,Together,62282.3,0,0,03-06-2014,20,11,7,4,14,0
2047,1954,Master,Together,4907.8,1,0,21-09-2012,99,3,1,0,5,3
2048,1999,Basic,Together,36637.3,0,0,16-01-2013,54,9,14,9,2,1
2049,1969,Basic,Together,34374.6,0,1,31-07-2012,57,11,14,4,13,1
2050,1994,PhD,Together,37577.2,1,0,28-11-2012,63,7,4,0,14,0
2051,1981,PhD,Married,67248.0,0,0,10-01-2012,85,2,1,3,12,4
2052,1990,Graduation,Single,50384.1,2,1,23-12-2012,45,7,12,0,9,1
2053,1956,Graduation,Married,22207.4,0,0,21-07-2012,83,5,4,5,4,3
2054,1944,Graduation,Married,42335.7,1,0,08-12-2013,21,3,6,5,8,8
2055,1968,Master,Together,60834.8,1,0,27-02-2012,59,13,5,0,3,10
2056,1943,PhD,Married,45607.1,0,2,08-05-2013,10,6,12,7,10,2
2057,1949,Basic,Married,37106.5,0,1,24-05-2013,46,13,14,3,1,7
2058,1995,Graduation,Single,56624.4,1,0,06-02-2014,30,10,11,1,4,9
2059,1956,PhD,Married,82363.8,1,0,10-08-2012,76,12,4,0,2,5
2060,1949,PhD,Married,59228.5,0,0,03-01-2013,17,4,3,2,11,9
2061,1956,PhD,Together,76018.8,0,0,22-11-2013,21,4,7,6,14,4
2062,1999,Master,Single,38447.7,0,1,21-02-2013,55,8,10,9,2,1
2063,1959,Graduation,Together,49832.8,0,1,23-05-2014,16,12,13,9,3,10
2064,1963,PhD,Widow,49429.0,0,0,30-06-2013,37,2,7,7,11,2
2065,1944,Graduation,Single,52373.6,0,1,20-05-2014,24,9,0,4,3,7
2066,1973,Graduation,Married,58810.4,1,0,12-04-2012,31,3,9,6,4,11
2067,1945,Graduation,Single,31620.6,1,0,09-06-2012,14,4,1,1,6,11
2068,1992,Master,Together,62946.7,2,0,18-07-2012,12,0,2,3,3,8
2069,1941,2n Cycle,Together,17442.3,1,0,08-06-2012,57,6,12,5,10,10
2070,1952,PhD,Married,23284.9,2,2,25-11-2013,89,7,0,4,6,10
2071,1982,Master,Married,92712.5,1,0,14-05-2014,49,5,10,5,8,6
2072,1982,PhD,Divorced,39797.6,1,0,15-05-2012,10,8,2,1,2,0
2073,1987,PhD,Single,64590.4,2,2,30-07-2014,12,2,9,6,4,11
2074,1950,Graduation,Single,83965.8,1,1,01-02-2013,96,1,11,7,3,11
2075,1990,Graduation,Divorced,3710.9,0,1,07-01-2014,49,4,7,8,14,5
2076,1986,Graduation,Together,72524.9,1,2,26-01-2013,37,12,3,5,8,6
2077,1996,Graduation,Divorced,62978.9,2,0,24-01-2014,0,8,12,6,4,11
2078,1962,Graduation,Together,82807.9,1,1,15-04-2012,38,10,12,0,9,5
2079,1994,Graduation,Divorced,26369.5,1,1,05-08-2013,26,0,6,8,1,9
2080,1955,Graduation,Married,79025.1,1,1,11-08-2013,35,0,6,5,9,10
2081,1970,2n Cycle,Together,35211.7,2,1,23-02-2012,31,9,10,3,0,1
2082,1950,Graduation,Widow,71095.6,0,0,03-10-2012,40,2,4,9,6,8
2083,1993,Graduation,Together,49279.6,1,1,20-04-2012,14,9,11,8,10,2
2084,1955,Graduation,Single,65415.4,0,0,11-08-2012,30,2,0,0,0,5
2085,1947,PhD,Married,50977.4,1,0,15-03-2012,5,4,9,1,7,5
2086,1943,Graduation,Single,13212.0,1,0,20-05-2013,88,3,3,2,14,7
2087,1979,Graduation,Married,0.0,0,2,14-01-2012,51,5,6,0,8,3
2088,1943,PhD,Married,54198.3,0,0,28-08-2014,81,11,13,1,6,5
2089,1995,Graduation,Together,44725.3,1,1,08-02-2014,21,7,4,1,8,0
2090,1964,Graduation,Together,57964.4,0,0,26-04-2013,30,7,1,6,9,8
2091,1942,Graduation,Married,44956.9,0,2,07-07-2012,99,10,13,9,5,11
2092,1971,Graduation,Together,90361.5,1,0,29-12-2012,72,3,7,5,14,8
2093,1942,Graduation,Single,54610.7,0,1,26-08-2012,45,0,1,8,14,6
2094,1966,Graduation,Single,41061.0,0,1,04-02-2013,66,12,10,4,6,10
2095,1968,Basic,Single,56747.3,2,0,25-04-2014,96,13,7,8,2,0
2096,1971,PhD,Married,41426.5,0,0,11-09-2014,90,13,12,9,13,2
2097,1989,PhD,Married,51858.6,0,1,30-10-2012,42,6,10,8,13,11
2098,1997,Graduation,Married,25650.4,1,2,31-03-2012,0,5,1,1,8,4
2099,1990,2n Cycle,Married,49828.3,1,1,26-01-2013,43,4,10,8,2,3
2100,1958,Graduation,Divorced,40443.0,2,0,02-07-2012,56,3,4,2,5,4
2101,1960,Graduation,Single,27545.3,2,1,17-01-2012,8,5,3,2,3,6
2102,1944,PhD,Together,89514.7,1,0,22-08-2014,4,7,0,8,8,8
2103,1957,Graduation,Together,28325.3,0,1,12-01-2012,78,5,13,6,0,0
2104,1967,Graduation,Together,50139.3,0,1,14-06-2012,8,2,11,7,8,4
2105,1981,PhD,Widow,33943.8,0,0,25-05-2012,44,8,7,6,11,2
2106,1961,Basic,Single,55940.8,0,1,08-10-2012,91,2,9,8,3,2
2107,1960,Graduation,Single,24512.3,1,1,17-09-2014,76,3,11,7,9,10
2108,1945,Master,Divorced,66807.1,1,1,02-07-2013,23,12,2,3,4,1
2109,1940,2n Cycle,Married,90723.1,0,0,04-08-2013,73,4,12,1,10,5
2110,1944,Graduation,Together,33209.2,1,0,17-06-2012,41,10,3,4,12,5
2111,1980,Graduation,Together,74339.4,0,1,26-04-2014,21,1,3,1,0,2
2112,1951,Graduation,Together,42362.4,0,0,18-06-2012,59,10,4,3,13,0
2113,1965,Graduation,Widow,,1,0,03-02-2014,85,9,2,1,0,6
2114,1985,Graduation,YOLO,93770.0,0,2,11-12-2012,36,10,8,4,5,1
2115,1973,2n Cycle,Together,45325.9,0,0,13-05-2013,38,9,3,5,9,7
2116,1988,Master,Married,19594.7,0,2,04-04-2013,83,1,13,0,14,2
2117,1953,PhD,Divorced,68961.7,0,0,23-10-2012,73,5,9,7,12,0
2118,1965,Graduation,Single,54488.3,1,0,31-07-2014,73,13,14,1,14,9
2119,1984,Basic,Married,60035.8,2,1,21-05-2012,89,1,10,4,14,8
2120,1966,2n Cycle,Divorced,43203.1,0,1,15-06-2014,88,9,10,7,0,4
2121,1948,Basic,Married,32310.1,0,1,23-02-2014,52,0,3,4,12,0
2122,1965,Graduation,Married,73207.0,1,1,06-01-2014,27,7,5,2,1,9
2123,1996,PhD,Single,56395.8,2,1,25-11-2013,76,9,14,5,12,10
2124,1986,Graduation,Divorced,21128.9,0,0,02-01-2014,14,13,7,0,13,5
2125,1996,Graduation,Married,63737.5,0,0,22-02-2012,59,9,12,0,2,9
2126,1961,Graduation,Together,59723.4,1,0,27-04-2012,59,12,6,7,6,2
2127,1986,PhD,Married,43494.0,1,1,30-12-2012,5,0,3,6,1,10
2128,1995,Master,Together,82396.3,0,0,01-11-2013,51,9,3,9,4,3
2129,1969,Graduation,Together,37636.5,1,0,15-08-2014,11,13,4,9,8,7
2130,1982,Graduation,Married,46620.3,0,0,15-05-2012,18,5,9,2,11,4
2131,1987,Graduation,Married,65373.0,0,0,17-02-2013,95,11,4,7,11,11
2132,1956,Graduation,Married,,0,0,17-03-2012,74,13,11,7,9,5
2133,1965,Graduation,Absurd,22311.5,1,1,27-04-2014,96,0,0,0,7,9
2134,1975,Graduation,Together,53676.0,0,0,19-08-2014,1,7,12,9,11,3
2135,1940,Master,Widow,41712.2,0,1,10-07-2013,54,13,7,6,7,5
2136,1947,Graduation,Married,67139.9,0,1,18-01-2012,14,4,9,1,10,2
2137,1988,Graduation,Together,53024.4,1,0,16-05-2014,63,2,12,1,1,9
2138,1974,Graduation,Together,51890.2,0,1,29-07-2014,99,4,4,1,0,11
2139,1991,2n Cycle,Together,29035.0,0,0,06-02-2013,68,12,2,4,8,0
2140,1954,Master,Absurd,45399.5,0,1,23-07-2012,14,0,2,6,9,5
2141,1986,Master,Married,69402.0,1,2,13-05-2013,42,0,3,3,11,0
2142,1995,Graduation,Single,34469.3,0,1,19-11-2012,73,11,11,3,3,9
2143,1961,PhD,Together,49349.0,0,1,17-08-2013,16,13,6,8,8,11
2144,1953,Graduation,Together,31271.1,0,0,15-07-2013,97,3,4,9,10,2
2145,1965,PhD,Together,26323.1,1,0,07-10-2012,23,8,0,8,13,11
2146,1967,2n Cycle,Married,48302.8,1,1,14-06-2012,73,13,13,6,11,7
2147,1962,PhD,Married,53476.0,1,0,30-08-2012,29,8,11,9,10,6
2148,1953,Basic,Married,89877.3,1,0,07-06-2014,66,0,12,3,6,7
2149,1963,Master,Married,40890.8,2,0,23-04-2013,50,2,4,7,11,9
2150,1941,Graduation,Together,48996.6,0,1,12-06-2012,59,12,13,9,5,9
2151,1984,2n Cycle,Together,24998.5,2,0,19-11-2012,2,11,4,2,9,1
2152,1965,Graduation,Married,62244.8,0,2,21-07-2013,4,3,5,2,12,9
2153,1953,PhD,Married,57961.9,0,0,04-07-2013,27,1,13,6,8,6
2154,1998,Graduation,Married,79767.9,1,0,10-04-2014,77,6,6,8,9,3
2155,1995,Graduation,Single,72232.4,0,1,01-10-2013,10,2,4,3,3,0
2156,1990,Graduation,Together,57028.1,0,0,21-06-2014,71,0,14,3,13,10
2157,1946,Graduation,Widow,40598.6,0,1,25-09-2013,71,0,12,0,0,2
2158,1942,Graduation,Married,54093.4,1,0,28-01-2014,75,2,10,0,4,4
2159,1986,PhD,Together,47779.7,0,0,28-11-2013,14,5,13,2,12,9
2160,1962,Graduation,Divorced,69068.0,1,0,26-07-2012,82,3,1,6,5,7
2161,1985,Graduation,Divorced,66524.6,1,2,10-11-2012,47,0,13,8,5,1
2162,1982,PhD,Single,44071.7,1,1,30-10-2012,45,6,1,3,11,1
2163,1986,Graduation,Absurd,20760.1,0,1,19-06-2014,27,1,12,1,0,7
2164,1999,Master,Married,76667.7,2,0,26-08-2012,6,11,3,5,14,8
2165,1984,Master,Married,61637.5,0,1,27-12-2013,70,4,0,5,6,9
2166,1957,Basic,Single,43610.2,0,0,14-03-2014,93,7,6,8,7,0
2167,1997,Master,Married,60857.5,0,2,11-08-2012,81,6,12,3,11,1
2168,1977,Graduation,Single,51497.2,1,1,28-03-2012,87,10,0,7,4,3
2169,1974,Master,Married,76372.4,0,1,20-06-2013,5,11,2,2,1,11
2170,1990,Graduation,Married,11404.4,0,0,04-03-2013,57,7,9,1,1,2
2171,1954,Graduation,Divorced,42056.2,0,1,07-08-2012,67,12,6,8,10,0
2172,1964,Master,Divorced,81981.1,0,0,01-10-2012,54,9,10,5,4,3
2173,1994,Graduation,Married,61264.0,1,2,08-10-2013,66,13,11,7,6,10
2175,1976,Master,Divorced,85452.1,1,0,11-08-2014,48,10,11,9,6,10
2176,1967,Basic,Divorced,25563.9,1,0,14-01-2014,50,5,5,8,12,1
2177,1949,Basic,Together,71443.9,0,0,03-09-2014,58,6,14,0,3,9
2178,1978,2n Cycle,Single,70244.5,0,0,06-03-2012,5,8,14,0,10,4
2179,1996,Graduation,Together,16365.4,2,0,14-08-2013,89,5,6,4,13,0
2180,1956,Graduation,Widow,44090.0,0,1,26-02-2013,50,8,4,8,2,7
2181,1978,PhD,Together,47869.4,1,1,11-09-2012,37,12,7,6,8,9
2182,1961,Graduation,Married,17608.9,0,1,04-05-2012,10,11,5,6,11,1
2183,1965,PhD,Married,44508.0,2,1,25-05-2012,51,1,11,1,13,10
2184,1983,Master,Together,67463.7,0,0,06-09-2013,92,12,3,2,13,2
2185,1964,Master,Married,42181.5,0,1,19-01-2013,19,1,13,3,6,2
2186,1956,Graduation,Single,54842.7,1,0,22-03-2013,9,13,10,1,1,3
2187,1952,Graduation,Married,54987.4,1,2,21-01-2013,25,1,0,9,0,6
2188,1959,Graduation,Divorced,49757.1,0,0,17-01-2013,47,5,1,8,10,8
2189,1964,Graduation,Divorced,35896.4,1,0,03-10-2012,90,1,11,4,1,2
2190,1943,Basic,Single,63176.3,1,0,16-01-2013,13,2,5,6,12,0
2191,1949,Graduation,Absurd,18259.3,0,0,03-05-2012,99,12,3,8,11,10
2192,1942,Graduation,Married,50171.8,0,0,14-07-2014,58,7,2,4,2,9
2193,1980,Graduation,Together,77709.7,0,0,23-09-2012,11,7,6,5,4,0
2194,1984,PhD,Together,41052.5,0,1,28-02-2014,22,10,6,3,13,11
2195,1957,PhD,Divorced,35453.6,1,1,20-04-2012,84,11,1,7,14,10
2196,1986,Graduation,Widow,64510.3,0,0,15-01-2013,71,3,7,0,2,5
2197,1975,Graduation,Married,53268.6,0,0,04-04-2014,38,8,14,0,9,4
2198,1986,Graduation,Divorced,64908.9,0,1,23-08-2013,8,7,14,4,8,9
2199,1961,Graduation,Single,50770.0,0,0,17-06-2014,87,0,10,9,9,6
2200,1973,Master,Together,2234.2,0,1,06-06-2012,94,7,0,8,3,6
2201,1986,PhD,Together,73598.3,0,0,28-12-2013,24,0,10,1,6,2
2202,1947,Graduation,Together,91400.5,0,1,14-06-2014,16,3,9,2,3,6
2203,1979,Graduation,Married,75680.8,2,1,23-03-2014,41,9,6,7,2,8
2204,1988,2n Cycle,Divorced,0.0,0,1,01-07-2013,28,5,9,4,9,7
2205,1983,Graduation,Single,59021.8,1,1,21-08-2013,59,6,11,2,0,2
2206,1958,Master,Single,40665.1,0,0,27-04-2012,66,9,0,5,13,9
2207,1981,Graduation,Together,28315.1,0,0,23-11-2012,84,12,12,5,11,4
2208,1980,Graduation,Married,52454.6,0,1,17-08-2014,56,3,11,4,8,7
2209,1976,Graduation,Divorced,47021.1,0,1,24-11-2013,71,7,14,4,12,1
2210,1945,PhD,Married,60173.2,2,0,08-03-2012,13,7,13,5,10,6
2211,1991,2n Cycle,Single,51131.6,2,1,09-03-2013,38,13,2,1,0,10
2212,1965,Graduation,Divorced,27583.8,1,0,24-12-2012,15,13,2,5,10,9
2213,1973,Graduation,Married,38468.0,1,0,01-11-2013,17,13,9,1,12,9
2214,1998,Graduation,Single,35240.8,0,1,07-03-2014,94,8,13,2,0,6
2215,1995,Graduation,Together,15670.3,0,0,18-03-2013,74,13,1,1,14,10
2216,1998,Graduation,Married,22567.1,2,1,12-06-2012,19,5,13,0,0,11
2217,1984,Graduation,Together,45778.6,1,0,30-08-2014,45,3,9,0,13,7
2218,1945,Master,Married,78475.1,1,0,26-12-2012,44,1,12,8,4,0
2219,1976,Graduation,Divorced,39288.9,0,1,07-08-2013,3,6,4,3,6,7
2220,1996,Graduation,Divorced,34851.4,0,1,28-04-2012,83,9,3,4,6,0
2221,1972,2n Cycle,Together,26374.3,2,0,02-05-2014,94,2,12,9,9,2
2222,1992,Graduation,Single,50610.7,0,0,13-07-2012,19,10,5,6,0,8
2223,1961,2n Cycle,Divorced,73585.2,0,0,23-08-2013,10,12,1,1,5,3
2224,1960,Graduation,Together,90053.7,0,0,06-05-2014,64,11,13,9,8,9
2225,1945,Basic,Together,55708.0,1,2,10-08-2013,17,2,3,8,5,8
2226,1945,PhD,Married,52799.9,0,1,02-01-2014,38,2,11,3,14,0
2227,1994,Basic,Divorced,39130.5,1,0,12-10-2013,43,3,6,9,3,7
2228,1987,2n Cycle,Together,42468.7,0,0,02-06-2014,96,1,0,9,14,2
2229,1943,Graduation,Single,62583.5,1,2,25-06-2014,99,12,12,0,9,10
2230,1969,2n Cycle,Married,43702.5,1,1,28-08-2012,17,12,10,7,8,6
2231,1950,Graduation,Divorced,46754.4,0,1,23-05-2013,46,4,2,3,12,1
2232,1969,Graduation,Single,49493.1,1,1,27-10-2013,30,2,0,6,2,6
2233,1970,Graduation,Absurd,38183.4,0,0,18-07-2013,98,9,1,2,12,6
2234,1963,PhD,Together,48500.4,0,0,21-05-2012,38,4,8,8,9,8
2235,1994,Graduation,Together,9611.9,1,2,11-04-2014,37,11,9,4,3,1
2236,1948,PhD,Married,60976.7,0,1,02-09-2014,78,12,4,4,3,7
2237,1994,PhD,Married,97035.4,0,0,24-06-2014,46,6,12,2,3,4
2238,1942,Master,Widow,38959.1,0,0,31-01-2012,69,8,3,8,5,9
2239,1990,Basic,Married,57476.7,0,0,10-08-2012,7,1,11,2,12,8
2240,1970,Graduation,Together,67031.5,1,1,14-03-2014,85,8,3,1,10,7
2241,1979,Graduation,Married,75604.3,0,0,22-09-2012,64,9,7,8,14,2
2242,1976,Graduation,Single,44713.6,2,0,08-10-2012,12,5,11,8,14,2
2243,1975,Graduation,Single,13933.7,2,2,26-02-2014,54,11,2,9,10,10
2244,1963,Graduation,Married,55344.6,0,0,15-01-2013,87,5,14,3,6,11
2245,1970,Graduation,Absurd,52572.6,0,0,09-07-2013,84,10,11,3,13,9
2246,1945,Graduation,Married,43086.7,1,0,02-03-2012,42,2,11,9,8,7
2247,1941,2n Cycle,Married,47329.8,0,0,13-12-2013,3,13,3,5,13,8
2248,1959,PhD,Married,52873.6,0,0,26-04-2014,70,9,1,8,10,1
2249,1967,Graduation,Married,57235.2,0,2,04-06-2013,59,12,5,7,2,2
2250,1950,PhD,Married,56396.2,1,1,11-03-2012,11,8,11,9,7,7
2251,1943,Graduation,Divorced,45646.3,1,0,24-08-2013,58,3,8,2,7,1
2252,1954,Graduation,Married,57685.6,0,0,19-06-2013,76,4,11,5,0,7
2253,1945,PhD,Married,,0,1,19-05-2012,53,2,3,6,4,4
2254,1993,Graduation,Single,62840.5,2,0,11-11-2012,43,4,10,5,12,5
2255,1988,Graduation,YOLO,37451.1,1,0,05-12-2012,15,7,5,2,9,9
2256,1969,2n Cycle,Married,51461.2,1,2,06-06-2014,5,7,3,8,4,11
2257,1995,Basic,Single,17525.2,1,0,12-08-2013,13,13,13,3,11,3
2258,1977,PhD,Together,42601.8,0,0,26-12-2013,57,7,1,1,7,2
2259,1990,PhD,Together,61349.8,1,0,11-06-2013,30,5,12,8,7,7
2260,1996,PhD,Married,29325.3,0,0,24-06-2013,99,0,13,2,11,8
2261,1941,Graduation,Married,43598.0,0,0,19-02-2013,40,10,5,5,1,7
2262,1954,Graduation,Together,1898.6,1,0,11-04-2013,34,9,11,4,2,8
2263,1950,Graduation,Single,22638.5,0,0,09-01-2013,9,11,6,1,1,0
2264,1947,Graduation,Divorced,27870.5,2,1,17-10-2012,80,5,3,0,0,4
2265,1965,PhD,Together,52035.0,0,0,12-02-2012,29,11,11,8,1,11
2266,1990,Graduation,Married,56668.2,2,0,13-05-2014,43,10,10,2,9,6
2267,1984,2n Cycle,Married,48878.9,2,1,05-06-2014,54,9,6,6,5,7
2268,1983,2n Cycle,Married,42348.1,0,1,22-02-2012,70,6,12,8,11,10
2269,1944,Master,Together,42418.0,1,0,26-02-2014,17,13,10,8,0,1
2270,1945,PhD,Married,64320.9,0,0,01-06-2014,82,8,7,9,5,11
2271,1965,Basic,Married,54256.4,2,0,19-08-2012,78,11,10,5,0,10
2272,1993,Graduation,Together,43321.1,0,1,30-07-2012,85,7,2,7,1,3
2273,1943,Master,YOLO,75866.0,1,0,08-01-2012,38,10,14,8,7,6
2274,1958,Graduation,Married,88999.5,0,0,25-09-2013,41,11,1,2,13,4
2275,1959,Master,Widow,25085.2,0,0,27-04-2013,53,7,4,5,5,0
2276,1972,Graduation,Married,60450.2,0,0,11-02-2012,29,6,1,4,8,1
2277,1959,Basic,Single,111797.8,0,0,28-11-2012,19,1,9,6,0,4
2278,1988,2n Cycle,Married,55604.1,1,0,20-08-2012,95,0,4,6,4,5
2279,1951,Graduation,Married,52308.9,1,1,10-03-2012,41,1,9,8,6,0
2280,1986,Graduation,Married,48885.3,1,1,28-05-2014,88,5,14,0,8,11
2281,1940,2n Cycle,Single,59803.6,0,0,16-01-2012,86,12,12,5,13,2
2282,1965,Graduation,Widow,65098.0,0,0,09-03-2012,4,1,5,4,10,5
2283,1953,Basic,Divorced,25104.7,0,0,22-02-2012,49,9,7,3,8,5
2284,1977,PhD,Together,49470.3,1,0,15-11-2013,40,3,5,9,3,6
2285,1976,Graduation,Single,4610.0,2,1,04-08-2014,93,9,3,0,12,9
2286,1950,Graduation,Single,45813.7,0,2,20-09-2014,38,2,2,3,3,11
2287,1975,Graduation,Single,31946.2,0,0,12-02-2014,56,5,13,9,14,2
2288,1952,Master,Together,56783.6,0,0,13-01-2013,90,11,13,6,3,0
2289,1982,Graduation,Widow,16872.4,1,0,11-03-2014,56,11,1,3,2,6
2290,1942,PhD,Married,39753.7,1,1,07-04-2013,36,12,12,0,7,11
2291,1972,Graduation,Single,69330.9,1,1,10-06-2013,6,13,0,9,4,10
2292,1945,PhD,Married,36473.3,0,1,20-02-2014,4,7,1,0,6,2
2293,1989,Basic,Married,11901.3,1,1,09-11-2013,78,10,1,0,9,4
2294,1995,2n Cycle,Married,55150.7,1,0,03-03-2012,50,5,14,9,5,3
2295,1949,Graduation,Together,38269.4,0,1,17-09-2012,7,1,4,4,13,11
2296,1944,Basic,Together,46282.3,0,1,14-05-2013,55,4,8,6,8,0
2297,1962,Master,Single,35402.6,0,1,30-04-2012,72,10,0,8,13,11
2298,1949,PhD,Single,89487.9,0,0,07-05-2014,10,12,3,7,2,6
2299,1983,2n Cycle,YOLO,18838.5,1,1,27-08-2012,21,5,9,1,5,3
2300,1941,Graduation,Married,106669.9,0,1,09-04-2013,97,8,6,8,2,0
2301,1952,Graduation,Single,42187.3,1,1,16-04-2012,98,5,10,3,1,10
2302,1979,Basic,Single,53668.9,1,1,28-06-2012,76,9,13,9,2,5
2303,1941,Graduation,Single,38504.1,0,1,16-01-2012,10,4,9,4,1,3
2304,1959,Basic,Married,37667.3,1,1,20-12-2012,59,0,2,4,1,3
2305,1940,Basic,Divorced,34303.4,0,1,22-07-2014,95,9,7,3,9,1
2306,1976,Graduation,Married,62025.2,0,1,04-11-2012,14,4,2,5,10,0
2307,1948,Basic,Married,21784.0,0,0,27-12-2013,37,4,7,0,6,2
2308,1956,Graduation,Together,57282.2,0,0,11-08-2013,0,5,12,1,9,9
2309,1948,PhD,Married,6310.1,0,0,06-01-2014,45,6,1,3,14,4
2310,1950,PhD,Divorced,55470.6,0,1,27-08-2013,87,12,4,3,2,11
2311,1954,2n Cycle,Divorced,66982.9,0,1,29-06-2012,42,12,3,7,7,8
2312,1963,Graduation,Single,24509.6,0,2,22-06-2012,21,3,10,8,12,6
2313,1977,Graduation,Together,63574.9,2,0,19-12-2012,2,6,8,3,1,3
2314,1994,Master,Married,51027.7,0,0,19-12-2012,13,4,2,5,10,7
2315,1974,Master,YOLO,81968.5,1,0,06-08-2012,1,5,11,3,10,11
2316,1969,Master,Married,32895.9,0,0,16-10-2013,60,3,10,3,6,3
2317,1970,Graduation,YOLO,,1,1,10-11-2012,31,11,4,8,2,5
2318,1988,Graduation,Together,2184.4,0,0,09-03-2013,37,7,9,3,8,11
2319,1944,Graduation,Married,43409.9,2,1,23-06-2014,96,8,8,5,6,0
2320,1999,Basic,Married,16028.6,0,1,08-10-2012,45,1,12,8,14,5
2321,1983,Graduation,YOLO,87021.1,1,0,15-09-2012,41,11,5,2,8,9
2322,1989,Graduation,Divorced,44766.0,0,1,17-05-2014,5,10,1,6,1,4
2323,1953,2n Cycle,Single,46566.3,0,0,12-07-2013,40,3,0,6,5,1
2324,1992,Graduation,Together,58864.8,1,0,05-01-2012,24,10,11,0,4,0
2325,1995,2n Cycle,Married,49903.9,0,1,27-07-2013,97,7,10,1,13,5
2326,1950,Master,Single,38124.8,0,1,06-09-2014,10,7,0,4,1,10
2327,1948,Basic,Married,24867.1,0,0,18-08-2013,40,8,6,7,3,1
2328,1973,Graduation,Married,53370.3,1,0,06-10-2013,70,2,13,5,3,8
2329,1951,Graduation,Divorced,57576.7,2,0,28-01-2013,56,0,11,6,7,8
2330,1974,Master,Married,63907.5,0,0,01-12-2012,45,8,1,2,12,0
2331,1974,Basic,Divorced,88254.5,1,2,03-03-2012,85,0,6,5,6,4
2332,1940,Master,Single,6524.6,0,1,03-03-2014,47,2,0,8,12,7
2333,1979,Graduation,Married,48645.7,0,0,13-02-2012,62,2,3,2,4,3
2334,1961,Master,Married,73834.8,2,1,01-06-2012,38,8,9,5,8,2
2335,1999,Master,Married,47509.6,1,0,14-07-2014,9,0,14,6,0,4
2336,1968,Master,Single,3236.6,1,0,20-02-2014,84,6,14,4,3,4
2337,1947,Master,Single,24179.2,0,2,03-05-2014,69,1,12,9,4,7
2338,1950,Basic,Together,56571.4,0,1,13-11-2013,64,6,10,7,7,5
2339,1980,PhD,Married,55843.9,0,1,04-06-2012,97,0,3,7,2,1
2340,1976,Graduation,Married,63450.4,0,1,22-04-2013,58,12,14,5,13,10
2341,1953,Graduation,Married,34379.8,0,1,01-10-2012,77,9,4,6,11,0
2342,1999,Graduation,Divorced,55197.7,1,0,23-12-2012,35,9,13,2,4,2
2343,1969,Graduation,Widow,31082.7,1,1,01-03-2013,26,7,13,6,2,1
2344,1974,Graduation,Married,55199.2,0,2,15-06-2013,72,9,9,6,12,3
2345,1960,Graduation,Married,51064.2,0,0,27-04-2013,54,12,14,3,6,2
2346,1976,Graduation,Single,33582.8,1,1,01-08-2012,69,9,14,9,9,8
2347,1944,Graduation,Absurd,81163.7,0,0,19-03-2012,94,1,0,3,2,4
2348,1958,Basic,Single,15887.3,1,0,18-05-2012,80,2,6,2,6,3
2349,1998,2n Cycle,Married,47167.6,0,1,07-08-2014,52,13,10,9,13,9
2350,1953,Graduation,Married,33141.9,0,0,07-04-2012,59,7,1,6,1,8
2351,1965,2n Cycle,Married,86684.0,2,1,07-06-2014,60,2,11,4,6,3
2352,1943,PhD,Single,61968.0,0,0,25-10-2013,35,0,14,2,8,5
2353,1964,Graduation,Together,37013.8,0,2,16-07-2012,84,8,10,5,11,9
2354,1984,Graduation,Single,44405.7,0,0,23-02-2014,26,7,14,5,4,0
2355,1981,PhD,Together,87225.1,2,0,04-06-2012,40,3,12,5,11,1
2356,1964,Master,Single,31074.5,1,0,19-02-2012,27,7,10,1,5,3
2357,1957,Master,Single,14711.0,0,2,23-04-2013,15,13,12,9,12,8
2358,1979,Graduation,Widow,55820.1,0,1,15-08-2012,34,4,1,6,9,5
2359,1947,Graduation,Single,56272.8,1,1,08-08-2014,35,2,7,6,10,5
2360,1978,Graduation,Divorced,63320.7,0,0,01-04-2013,55,0,14,9,2,10
2361,1979,Graduation,Married,63452.5,1,0,05-06-2013,98,12,8,3,12,8
2362,1953,Graduation,Single,85414.1,0,0,28-05-2012,18,9,5,5,9,11
2363,1971,Graduation,Absurd,15637.3,0,1,27-02-2012,56,4,10,3,4,3
2364,1990,Basic,Married,25943.9,1,0,10-06-2012,84,10,0,3,12,2
2365,1977,2n Cycle,Divorced,63244.1,0,2,12-05-2014,32,5,0,5,14,6
2366,1972,Graduation,Single,27887.5,1,1,21-04-2013,22,3,13,8,4,11
2367,1962,2n Cycle,Divorced,20868.2,0,0,16-04-2012,62,6,10,6,2,6
2368,1954,Graduation,Single,87316.9,0,0,02-03-2013,69,2,6,1,7,8
2369,1972,Graduation,Married,17601.2,2,1,29-01-2013,95,6,7,5,5,5
2370,1964,Graduation,Together,42974.6,0,0,11-03-2014,21,13,2,4,12,1
2371,1956,PhD,Widow,48812.7,1,0,04-07-2012,66,0,8,5,2,5
2372,1972,2n Cycle,Widow,76182.7,0,0,11-07-2013,98,6,3,7,0,7
2373,1986,PhD,Divorced,12623.9,1,1,14-08-2014,79,0,3,7,9,5
2374,1994,Graduation,Divorced,58309.5,1,1,21-03-2013,58,12,2,2,0,8
2375,1941,PhD,Single,32192.5,0,0,02-10-2013,24,10,7,8,12,3
2376,1953,Graduation,Married,62552.2,1,0,05-07-2014,16,0,8,5,10,2
2377,1992,Basic,Married,31863.8,1,0,09-04-2014,38,1,0,6,9,10
2378,1979,PhD,Married,81446.1,0,1,23-03-2013,76,1,1,8,11,4
2379,1979,Graduation,Married,31980.6,1,0,27-03-2012,91,3,0,6,1,2
2380,1990,PhD,Married,760.4,1,0,05-09-2012,74,12,13,9,9,10
2381,1978,PhD,Single,34223.0,0,2,20-04-2014,73,0,3,8,4,11
2382,1990,Graduation,Together,44774.0,0,2,15-03-2013,38,3,9,0,6,1
2383,1945,Master,Single,71647.1,0,2,13-09-2012,23,1,6,0,0,1
2384,1945,Graduation,Married,24831.7,0,1,03-10-2012,37,3,13,2,0,3
2385,1942,Master,Married,25227.1,1,0,28-02-2014,87,3,6,8,3,2
2386,1946,Basic,Together,69211.6,0,0,13-03-2013,96,8,11,0,12,8
2387,1990,Basic,Together,22495.5,2,0,30-05-2013,80,8,5,0,9,6
2388,1947,PhD,Together,46420.3,0,0,30-07-2013,56,0,12,4,14,5
2389,1981,PhD,Single,,0,2,04-08-2014,43,4,10,7,5,9
2390,1991,Graduation,Married,54351.6,1,1,20-07-2012,35,6,4,1,8,11
2391,1954,Master,Single,35003.0,0,1,28-07-2013,98,3,10,3,0,7
2392,1986,Graduation,Married,31460.1,0,0,16-10-2013,69,11,3,5,10,8
2393,1968,Graduation,Married,56697.9,0,2,25-01-2014,79,4,11,0,9,2
2394,1972,Graduation,Single,32080.1,0,1,14-03-2014,44,1,12,3,4,11
2395,1991,Graduation,Married,22800.6,0,0,07-03-2014,91,2,13,3,8,9
2396,1969,PhD,Absurd,74556.0,2,1,28-06-2012,95,6,7,8,7,6
2397,1978,Graduation,Absurd,59761.9,0,0,16-11-2013,25,9,6,8,6,8
2398,1966,Master,Married,85350.0,1,0,20-11-2012,10,12,10,5,12,0
2399,1975,Graduation,Single,65679.4,1,1,13-07-2014,51,6,10,7,9,9
2400,1968,Graduation,Single,24637.1,0,1,14-09-2013,24,3,9,9,1,8
2401,1977,PhD,Married,51927.4,0,0,17-11-2013,30,11,0,3,8,6
2402,1996,Graduation,Widow,29687.4,1,0,19-04-2013,84,0,5,9,11,9
2403,1972,Graduation,Single,16967.8,1,2,26-10-2013,44,0,13,7,12,3
2404,1976,Master,Together,41056.0,0,1,02-09-2014,66,3,1,2,7,10
2405,1966,Graduation,Single,69630.7,0,1,03-02-2013,75,3,3,1,12,11
2406,1994,Basic,YOLO,55498.3,0,0,17-05-2014,39,5,4,5,10,5
2407,1972,Graduation,Married,22182.1,0,0,04-08-2012,45,6,7,4,14,10
2408,1943,Graduation,Together,40353.2,1,0,19-03-2014,53,8,5,7,9,10
2409,1961,Master,Married,47142.7,1,0,18-08-2014,40,8,10,0,9,5
2410,1941,Graduation,Together,16217.8,0,0,28-03-2013,88,9,1,9,8,5
2411,1949,Graduation,Single,64263.4,1,0,07-02-2013,80,11,4,2,8,1
2412,1944,Graduation,Single,45425.3,1,1,22-08-2014,37,11,14,6,8,4
2413,1998,Graduation,Widow,22188.1,0,0,20-07-2014,99,4,4,9,2,6
2414,1949,Basic,Widow,21056.5,0,1,15-09-2014,35,9,5,3,6,5
2415,1972,Graduation,Divorced,72013.3,1,0,27-08-2012,82,10,0,9,11,2
2416,1993,Master,Together,42383.7,1,0,07-01-2014,43,2,7,4,0,10
2417,1977,Basic,Divorced,73807.0,1,0,04-07-2012,56,2,2,7,8,11
2418,1952,Graduation,Single,81443.1,0,0,17-02-2012,65,5,4,0,13,4
2419,1970,2n Cycle,Married,70449.0,0,0,04-09-2014,80,0,6,0,14,7
2420,1986,Graduation,Married,39331.4,0,2,20-01-2013,29,6,2,6,8,10
2421,1975,2n Cycle,Together,43.1,1,1,26-07-2012,9,2,13,8,2,4
2422,1984,Graduation,Married,56259.9,1,0,05-06-2012,98,4,9,3,4,11
2423,1963,Master,Single,91831.5,0,0,12-08-2012,60,6,14,7,11,9
2424,1991,Graduation,Together,49292.2,1,1,23-05-2012,62,6,12,9,12,2
2425,1995,Graduation,Divorced,10203.7,1,1,22-02-2013,35,8,14,6,7,8
2426,1954,PhD,Married,36502.4,1,0,20-04-2012,53,0,5,1,5,10
2427,1968,Master,Single,46325.3,2,1,09-04-2014,96,2,4,4,9,2
2428,1947,Graduation,Single,28040.2,0,1,24-05-2014,64,8,6,8,9,1
2429,1944,Graduation,Married,0.0,2,1,23-05-2014,81,7,9,8,8,5
2430,1968,Master,Married,48043.0,0,1,09-04-2013,3,1,14,2,13,7
2431,1986,Master,Together,34302.5,0,1,11-05-2012,54,7,10,2,12,5
2432,1943,2n Cycle,Together,85453.8,1,2,16-09-2013,53,7,2,1,2,0
2433,1951,Master,Together,52020.7,2,0,15-04-2014,90,1,12,6,11,7
2434,1984,2n Cycle,Married,59391.6,0,1,04-08-2014,88,7,13,5,6,0
2435,1941,Master,Divorced,47618.3,1,1,23-08-2013,63,2,1,4,12,8
2436,1966,Graduation,Married,51874.7,1,1,03-11-2013,91,6,3,6,5,7
2437,1970,Graduation,Married,16954.0,1,2,29-11-2012,21,12,2,3,13,5
2438,1990,Master,Divorced,29196.7,0,0,08-07-2014,24,8,14,4,14,1
2439,1990,PhD,Single,71772.3,1,0,15-03-2012,80,3,3,8,4,8
2440,1975,Graduation,Single,54189.2,0,0,03-03-2014,58,10,6,8,3,7
2441,1975,Graduation,Divorced,42029.9,0,0,15-02-2013,56,5,4,3,4,3
2442,1965,2n Cycle,Married,59723.4,0,0,02-06-2013,53,8,3,5,12,1
2443,1982,PhD,Together,60117.2,0,1,16-09-2013,43,10,13,1,3,5
2444,1966,Graduation,Single,89817.9,2,0,05-02-2012,51,10,14,2,2,0
2445,1944,Graduation,Together,53261.3,0,1,16-02-2014,75,4,5,8,6,6
2446,1959,Graduation,Married,28749.8,2,1,16-09-2013,15,11,6,5,5,0
2447,1950,Graduation,Single,47686.1,0,0,14-03-2014,15,0,11,7,3,5
2448,1949,Graduation,Together,62151.3,1,0,10-08-2012,80,2,13,4,8,4
2449,1979,Graduation,Married,69913.2,1,1,23-12-2013,54,10,10,1,0,11
2450,1977,Master,Married,17699.4,1,1,13-06-2013,60,8,4,6,0,9
2451,1945,Graduation,Single,55074.1,1,1,28-08-2012,94,2,11,5,8,2
2452,1947,Basic,Single,32054.9,1,1,13-05-2012,78,10,6,1,6,5
2453,1962,Basic,Married,38667.4,1,2,01-01-2014,76,10,2,5,1,3
2454,1986,Graduation,Single,66916.8,1,1,25-01-2013,39,9,6,7,10,11
2455,1965,Master,Widow,64925.0,0,2,11-04-2012,90,1,11,0,9,5
2456,1985,Graduation,Single,36437.0,1,1,13-10-2013,20,3,14,3,4,3
2457,1982,Basic,Married,46843.2,0,1,11-11-2013,65,4,2,0,12,0
2458,1951,Graduation,Single,39278.4,0,0,12-05-2013,7,6,13,1,3,4
2459,1965,Master,Married,107834.1,1,2,25-05-2013,70,6,5,0,0,7
2460,1952,PhD,Widow,55567.2,0,0,03-12-2013,9,8,7,5,11,5
2461,1979,Graduation,Single,33210.4,1,1,20-09-2014,56,12,12,5,12,9
2462,1957,Graduation,Absurd,76443.3,0,0,20-06-2013,3,7,14,0,8,8
2463,1964,Master,Married,77149.2,0,0,03-09-2014,42,12,5,3,14,3
2464,1972,Master,Together,85833.4,0,0,06-08-2014,99,1,9,3,5,9
2465,1986,Graduation,Married,91759.9,0,0,28-06-2013,98,11,10,7,10,8
2466,1979,PhD,Divorced,64154.3,1,0,08-12-2012,62,7,2,5,12,7
2467,1999,Graduation,Together,43003.0,0,1,20-04-2014,42,7,11,1,13,2
2468,1982,Master,Married,45947.7,0,0,06-01-2012,66,4,4,4,11,5
2469,1951,Graduation,Single,44158.5,0,0,15-08-2014,81,12,8,3,5,3
2470,1983,Basic,Single,41924.9,0,0,12-07-2012,50,2,7,9,3,0
2471,1975,Graduation,Widow,74798.7,1,1,11-01-2014,55,8,5,3,12,8
2472,1987,Graduation,Married,50014.4,0,0,16-05-2012,42,11,8,7,1,3
2473,1943,Graduation,Married,69428.4,1,0,14-04-2014,23,6,1,4,7,10
2474,1944,Graduation,Together,63530.3,2,0,30-06-2014,95,0,12,2,14,4
2475,1995,PhD,Married,,1,1,17-04-2013,33,7,10,9,14,2
2476,1976,Graduation,Absurd,15656.5,1,0,03-08-2012,58,9,8,3,7,3
2477,1947,Basic,Together,25266.7,0,0,14-12-2012,1,12,9,0,2,8
2478,1981,Graduation,Together,41465.9,0,0,25-05-2014,1,4,12,5,6,6
2479,1988,Graduation,Divorced,52686.6,1,2,01-07-2012,9,5,9,9,13,7
2480,1967,Graduation,Single,37034.0,1,0,16-06-2012,22,8,5,3,6,2
2481,1970,Graduation,Married,64061.3,1,1,04-03-2014,14,9,8,5,13,2
2482,1997,Graduation,Married,39446.3,1,0,07-02-2012,75,13,11,1,4,6
2483,1948,Graduation,Married,55139.1,0,0,05-11-2013,16,7,3,4,14,7
2484,1993,Graduation,Together,52351.6,0,0,15-04-2013,81,13,4,8,4,4
2485,1990,Graduation,Widow,84688.7,1,0,27-03-2013,13,10,1,7,14,0
2486,1968,PhD,Married,30495.2,1,0,12-08-2014,80,13,2,2,7,2
2487,1953,PhD,Married,94168.4,0,0,04-05-2013,78,13,0,0,3,4
2488,1979,Graduation,Absurd,38113.0,1,0,21-05-2012,75,2,3,9,0,2
2489,1980,Graduation,Married,23198.9,0,1,29-01-2014,15,12,11,2,0,0
2490,1961,2n Cycle,Married,45661.7,0,2,31-07-2014,31,4,1,7,8,6
2491,1950,PhD,Married,114802.8,1,0,12-04-2012,22,3,11,2,3,0
2492,1962,Master,Widow,67904.1,1,1,11-12-2013,33,13,14,4,0,9
2493,1940,Graduation,Together,62059.3,0,2,12-12-2013,97,0,1,1,12,5
2494,1985,Master,Together,,0,1,11-02-2012,15,4,0,0,1,5
2495,1976,Master,Divorced,34608.1,0,0,04-08-2014,33,9,9,9,9,6
2496,1960,PhD,Married,56520.9,1,1,26-05-2012,70,6,11,4,6,11
2497,1965,2n Cycle,Married,50050.0,0,0,06-03-2012,32,0,1,4,1,10
2498,1985,Graduation,Divorced,86181.3,1,1,31-07-2014,67,3,3,5,0,0
2499,1975,Graduation,Married,47826.2,2,0,11-07-2012,42,5,5,1,9,10
2500,1993,Master,Together,42434.5,1,0,24-10-2012,63,10,12,8,13,2
2501,1962,Basic,Widow,26704.0,0,0,07-02-2012,70,11,11,1,8,11
2502,1996,Graduation,Together,52800.3,1,0,16-05-2013,17,8,6,1,13,8
2503,1940,Graduation,Together,55859.0,0,1,14-10-2013,67,10,6,4,4,1
2504,1993,Graduation,Divorced,25968.2,0,0,09-09-2013,60,7,6,8,13,4
2505,1994,Graduation,Divorced,59063.3,0,1,03-03-2013,74,1,14,3,12,2
2506,1990,Master,Married,54663.6,0,0,25-10-2013,19,10,3,5,3,11
2507,1979,PhD,Single,70268.9,2,0,17-12-2012,10,2,11,1,3,11
2508,1954,Graduation,Married,74247.4,0,1,14-07-2014,78,9,4,3,14,4
2509,1960,Graduation,Together,51885.6,0,2,21-11-2012,45,12,13,8,13,6
2510,1986,Graduation,Married,29272.7,2,0,07-02-2012,63,4,10,1,10,0
2511,1948,Graduation,Together,33387.6,0,0,06-04-2012,80,10,11,0,12,2
2512,1992,PhD,Married,85242.6,1,1,17-04-2012,97,6,2,3,0,10
2513,1948,2n Cycle,Together,53309.8,0,0,22-09-2013,75,2,0,3,2,5
2514,1949,Basic,Single,84923.1,0,1,30-05-2012,27,11,13,0,12,6
2515,1991,Graduation,Together,59972.1,2,1,14-03-2012,47,6,7,3,0,9
2516,1996,Basic,Married,65074.7,0,0,26-02-2012,34,4,9,2,4,2
2517,1992,Master,Married,68774.5,1,0,27-05-2014,7,9,10,1,4,3
2518,1965,Master,Married,25537.2,0,0,30-11-2012,90,5,6,9,8,5
2519,1980,Graduation,Together,56139.0,0,0,08-09-2012,21,5,13,3,12,4
2520,1974,Graduation,Married,25260.0,0,1,07-07-2014,23,10,8,7,7,10
2521,1991,Graduation,Married,44301.8,0,1,14-03-2014,65,10,13,6,4,8
2522,1964,Graduation,Absurd,62803.4,0,1,04-04-2014,94,13,9,8,4,11
2523,1965,Graduation,Together,29493.3,1,1,05-02-2014,85,11,3,7,6,0
2524,1950,Graduation,Absurd,61186.7,0,0,10-09-2012,63,3,11,0,11,4
2525,1977,Graduation,Married,20032.6,0,1,19-01-2013,64,11,14,1,1,10
2526,1941,Master,Married,72866.4,0,0,31-03-2013,13,7,11,1,12,0
2527,1946,Graduation,Divorced,36711.3,2,1,15-09-2012,24,8,4,7,6,7
2528,1957,Graduation,Married,29457.7,2,0,20-02-2014,99,1,4,3,0,6
2529,1966,2n Cycle,Together,21292.9,1,1,09-04-2013,99,8,12,8,13,4
2530,1973,2n Cycle,Married,38412.9,1,1,03-02-2012,2,10,6,1,4,5
2531,1966,Master,Married,11847.8,0,0,09-05-2013,4,11,12,3,14,3
2532,1956,2n Cycle,Single,39032.0,0,0,21-11-2012,64,3,8,0,11,8
2533,1982,PhD,Married,71989.7,1,1,16-04-2014,53,5,7,2,14,2
2534,1998,2n Cycle,Single,46225.8,1,0,25-08-2012,18,13,6,5,11,1
2535,1983,Graduation,Single,26449.6,0,1,21-11-2013,96,6,13,8,5,6
2536,1998,Graduation,Absurd,54525.3,0,2,07-09-2013,53,3,0,0,12,1
2537,1990,Graduation,Married,52757.9,2,0,24-06-2013,93,7,11,4,10,5
2538,1993,Graduation,Together,89132.2,1,0,08-01-2014,75,12,9,1,13,10
2539,1963,Graduation,Divorced,65814.4,0,1,10-04-2013,9,13,12,6,9,7
2540,1964,PhD,Together,56112.0,1,0,13-01-2014,97,9,5,3,0,2
2541,1946,Master,Single,68101.3,0,0,30-10-2012,15,7,9,4,14,2
2542,1991,PhD,Together,47312.4,0,2,11-05-2014,45,0,14,7,8,2
2543,1945,Graduation,Together,48491.7,0,1,26-04-2014,28,7,14,1,8,0
2544,1992,Basic,Together,83178.8,0,0,26-04-2012,14,9,8,2,0,8
2545,1963,PhD,Together,17288.4,0,0,25-07-2012,47,13,12,4,3,4
2546,1972,Graduation,Absurd,69358.9,1,1,30-06-2014,10,11,6,9,14,8
2547,1988,Master,Together,47784.2,0,1,27-11-2013,33,2,0,3,7,4
2548,1968,Graduation,Married,44170.2,1,1,25-04-2013,35,4,8,4,1,6
2549,1982,Graduation,Together,38942.1,0,0,11-10-2013,29,13,2,2,12,0
2550,1961,2n Cycle,Single,53073.5,0,2,06-02-2013,98,9,13,8,12,8
2551,1965,Graduation,Divorced,49129.4,1,1,23-09-2014,72,7,8,7,10,0
2552,1967,Graduation,Single,41706.0,1,1,14-04-2014,81,10,3,5,12,3
2553,1989,Basic,Married,35946.8,2,1,06-11-2013,18,5,14,0,7,6
2554,1960,Master,Divorced,11893.4,2,0,18-06-2014,67,3,8,3,9,10
2555,1988,Graduation,Together,35523.9,0,2,09-08-2013,69,3,12,6,12,11
2556,1946,Graduation,Married,39754.1,0,0,20-08-2012,32,11,14,9,11,8
2557,1956,Graduation,Married,53024.6,1,0,17-07-2014,95,3,7,4,13,0
2558,1959,PhD,Divorced,89261.7,2,1,10-10-2012,79,5,6,3,12,11
2559,1980,Graduation,Married,37680.9,1,1,24-04-2013,74,6,3,8,8,10
2560,1988,Graduation,Divorced,29525.4,1,1,07-06-2014,21,12,8,7,8,5
2561,1959,2n Cycle,Single,35710.1,1,1,05-02-2014,35,4,3,2,13,10
2562,1993,PhD,Together,53066.9,0,0,02-09-2014,22,9,0,5,0,9
2563,1961,Graduation,Divorced,61772.7,1,2,09-01-2012,62,13,5,3,8,10
2564,1967,PhD,Single,64566.9,1,0,15-12-2013,25,7,3,6,3,4
2565,1979,Master,Married,66554.2,1,1,20-06-2014,59,6,9,0,11,2
2566,1988,Graduation,Single,69384.6,0,0,13-01-2013,94,7,2,0,11,9
2567,1946,Graduation,Together,44422.3,0,1,27-03-2014,92,3,11,5,7,1
2568,1940,Basic,Married,91062.8,0,0,25-08-2013,4,7,4,9,12,0
2569,1971,Graduation,Together,42904.6,0,1,15-01-2013,53,12,2,6,13,1
2570,1952,PhD,Single,52186.8,2,1,23-04-2014,37,5,10,8,8,11
2571,1969,Graduation,Married,75916.5,0,0,23-10-2013,61,2,8,6,2,3
2572,1962,Graduation,Single,61328.5,0,1,25-12-2012,24,12,11,8,5,5
2573,1990,Graduation,Married,5183.1,0,1,24-06-2012,97,7,5,9,2,11
2574,1998,Graduation,Together,50112.7,1,1,29-04-2013,11,12,14,8,0,4
2575,1995,Graduation,Divorced,67239.3,0,2,08-02-2013,21,6,2,7,9,3
2576,1958,Graduation,Together,23130.6,0,0,02-02-2012,8,9,4,6,5,7
2577,1971,Basic,Married,65013.9,0,0,09-04-2013,83,4,7,2,4,11
2578,1969,2n Cycle,Absurd,57803.1,0,0,26-11-2013,28,10,13,2,2,6
2579,1968,Master,Together,73678.4,0,0,05-06-2012,43,3,7,4,13,3
2580,1988,Basic,Widow,36161.4,0,0,18-07-2013,92,0,5,6,13,9
2581,1984,Graduation,Married,69917.9,2,1,18-03-2014,26,9,4,9,3,4
2582,1968,2n Cycle,Married,53192.2,0,0,20-07-2012,54,2,14,6,1,11
2583,1969,Graduation,Single,85321.0,0,0,24-02-2014,80,1,4,0,11,9
2584,1955,2n Cycle,Together,105721.0,1,0,23-06-2012,4,7,0,7,9,4
2585,1979,2n Cycle,Single,80766.6,0,1,31-08-2012,51,13,1,0,9,2
2586,1958,Master,Married,59610.4,1,1,25-09-2012,12,7,14,3,12,8
2587,1957,2n Cycle,Married,96420.1,0,0,11-07-2014,41,11,11,1,13,10
2588,1940,PhD,Together,62069.6,1,1,21-03-2013,14,4,10,4,3,4
2589,1953,Graduation,Together,31841.1,1,0,14-03-2012,78,13,3,5,3,11
2590,1990,Graduation,Single,49214.5,2,2,05-04-2012,17,4,5,3,2,9
2591,1986,PhD,Married,65233.4,0,1,22-05-2014,49,10,10,3,5,1
2592,1989,Graduation,Together,66519.1,0,0,21-06-2012,1,3,6,6,0,3
2593,1941,PhD,Absurd,27494.7,0,1,17-06-2014,86,0,0,3,8,11
2594,1993,2n Cycle,Together,28129.4,2,1,09-02-2013,12,0,7,1,10,3
2595,1967,Graduation,Widow,43173.8,2,0,03-06-2012,67,12,11,3,9,4
2596,1988,Master,Together,60690.9,0,1,01-07-2012,46,5,0,6,2,7
2597,1989,2n Cycle,Together,63251.3,0,0,18-11-2012,88,3,8,0,2,4
2598,1969,2n Cycle,Single,52826.1,0,0,15-10-2012,74,3,14,3,11,0
2599,1977,2n Cycle,Together,33311.4,0,0,14-09-2012,49,2,3,5,2,1
2600,1990,PhD,Together,84738.9,0,0,09-08-2013,11,13,11,7,6,2
2601,1943,2n Cycle,Together,28558.8,0,0,22-06-2012,12,8,14,7,7,2
2602,1940,Master,Married,76046.8,1,2,25-11-2012,8,2,6,8,1,9
2603,1947,Graduation,Married,64776.5,2,0,18-08-2012,58,7,10,4,0,5
2604,1968,Graduation,Married,75606.6,2,0,28-01-2014,44,1,13,1,4,8
2605,1994,Master,Married,41111.3,0,1,09-06-2012,69,3,5,2,7,9
2606,1978,Graduation,Single,47146.9,1,1,04-07-2012,42,0,14,1,13,0
2607,1942,PhD,Divorced,51100.9,1,2,21-06-2014,73,10,12,8,2,5
2608,1971,Master,Single,40472.0,0,1,22-05-2012,22,4,8,5,5,8
2609,1949,Graduation,Single,54505.2,1,2,08-10-2012,78,1,13,0,2,3
2610,1949,PhD,Married,81581.8,0,1,25-06-2014,44,10,1,2,14,9
2611,1958,Master,Together,24063.3,0,2,01-10-2013,22,12,14,6,5,2
2612,1985,Graduation,Married,36855.8,0,1,08-11-2013,33,0,14,6,11,5
2613,1973,Graduation,Married,34685.1,0,0,27-01-2012,15,0,10,4,3,5
2614,1999,Graduation,Together,48111.6,1,0,02-09-2012,62,1,6,2,13,1
2615,1972,Graduation,Married,47289.5,0,1,01-05-2013,50,4,10,6,10,4
2616,1962,2n Cycle,Widow,65446.3,0,0,08-10-2013,31,11,4,4,14,0
2617,1994,Graduation,Widow,50674.5,0,0,15-06-2014,37,8,12,5,6,8
2618,1967,PhD,Married,56057.7,1,1,20-07-2012,55,5,6,2,10,8
2619,1971,Graduation,Married,57969.0,0,2,21-01-2012,68,11,0,5,9,2
2620,1989,Graduation,Together,54908.1,1,0,13-08-2013,16,3,10,6,0,4
2621,1946,Basic,Single,64066.3,1,1,31-10-2013,85,2,10,7,0,2
2622,1968,Master,Married,47553.5,0,1,03-04-2012,38,7,9,1,14,6
2623,1947,Graduation,Married,82927.4,0,2,08-01-2012,40,2,8,1,4,0
2624,1940,Graduation,Widow,100832.4,1,2,16-04-2013,47,0,0,5,8,4
2625,1996,Graduation,Single,64124.6,0,1,04-12-2012,81,3,13,7,4,5
2626,1994,Graduation,Together,54559.8,0,1,15-09-2012,27,10,4,4,3,10
2627,1942,Master,Together,62491.6,1,0,24-02-2012,76,12,13,0,7,11
2628,1963,Graduation,Married,27979.3,0,1,29-06-2014,49,4,7,0,12,6
2629,1962,Graduation,Single,53602.1,0,1,01-07-2013,0,4,0,9,4,2
2630,1998,Graduation,Absurd,35373.5,0,1,06-01-2012,49,4,6,8,0,6
2631,1947,2n Cycle,Married,60199.5,0,1,11-01-2013,18,7,1,3,6,3
2632,1993,2n Cycle,Together,35472.8,1,0,07-07-2013,97,7,6,9,10,9
2633,1996,Graduation,Married,43104.5,1,1,19-02-2012,58,11,6,0,14,10
2634,1986,Master,Married,12560.6,1,0,21-04-2012,67,12,8,7,3,5
2635,1976,Graduation,Married,26535.1,1,0,25-05-2012,66,3,5,1,9,4
2636,1942,Graduation,Single,57097.5,0,0,17-08-2012,40,8,3,1,4,3
2637,1990,Master,Single,32623.1,0,0,23-12-2013,9,0,6,0,12,5
2638,1972,2n Cycle,Divorced,71275.5,0,1,11-05-2013,27,4,6,0,5,11
2639,1967,2n Cycle,Married,30922.2,0,0,01-11-2012,33,4,3,8,12,2
2640,1986,PhD,Single,59065.1,2,0,25-06-2013,38,4,1,0,6,2
2641,1947,Graduation,Married,34762.5,1,2,05-04-2013,82,7,12,5,10,4
2642,1973,Master,Together,57709.4,0,0,17-03-2014,55,8,10,6,1,10
2643,1974,Graduation,Single,19304.3,0,0,19-09-2013,51,2,8,3,14,4
2644,1971,PhD,Together,40936.3,0,0,26-06-2014,99,8,13,4,13,8
2645,1963,Graduation,Single,33075.7,0,0,13-08-2012,2,12,7,3,14,3
2646,1953,Master,Single,67664.7,0,0,28-02-2012,22,10,4,3,0,4
2647,1971,Graduation,Single,59245.2,0,0,16-03-2012,16,7,13,9,11,11
2648,1995,Graduation,Divorced,25348.5,1,1,03-03-2013,70,2,4,0,2,8
2649,1985,2n Cycle,Single,45936.4,1,0,28-12-2013,25,1,0,5,9,3
2650,1982,Graduation,Single,34553.6,0,0,11-05-2012,17,3,10,9,11,2
2651,1955,PhD,Married,69005.1,0,1,20-07-2014,45,12,8,9,0,6
2652,1943,Graduation,Divorced,75430.5,0,0,12-05-2013,69,11,10,6,3,6
2653,1991,Graduation,Married,21167.1,1,2,26-03-2014,30,1,13,6,5,7
2654,1976,Graduation,Married,66534.1,1,0,28-06-2014,92,3,9,7,4,3
2655,1993,Graduation,Single,,2,0,15-08-2013,8,4,10,6,12,3
2656,1960,Basic,Married,44941.7,0,1,31-10-2012,34,1,7,5,10,8
2657,1953,Graduation,Together,50645.1,1,0,07-03-2012,80,11,4,7,3,9
2658,1970,2n Cycle,Together,86332.1,0,0,17-08-2012,59,7,9,2,6,6
2659,1994,PhD,Married,29923.0,1,1,09-09-2014,75,0,5,8,12,2
2660,1987,Graduation,Married,66695.0,0,0,28-11-2012,62,2,11,2,10,8
2661,1957,PhD,Single,26569.9,0,1,23-06-2014,99,6,9,3,10,4
2662,1946,PhD,Married,25188.1,1,2,03-10-2012,51,9,10,9,5,3
2663,1949,Master,Single,50569.3,0,0,22-05-2014,47,0,9,5,2,0
2664,1946,Graduation,Together,50434.6,0,1,06-08-2013,60,12,7,7,8,8
2665,1972,Graduation,Absurd,0.0,0,1,21-12-2013,23,10,5,2,14,5
2666,1962,Basic,Absurd,73191.9,0,2,22-02-2014,73,1,9,9,4,10
2667,1960,2n Cycle,Divorced,7217.7,0,1,23-05-2012,57,2,13,5,12,1
2668,1958,Basic,Together,47081.3,0,2,07-09-2012,63,13,3,4,9,6
2669,1987,Graduation,Together,76552.3,0,0,06-03-2014,29,13,2,4,0,2
2670,1958,Master,Married,94183.7,0,1,21-11-2013,28,1,6,4,12,5
2671,1975,Graduation,Together,42739.0,2,0,09-08-2014,9,1,12,8,5,7
2672,1968,Graduation,Married,21341.0,0,0,20-03-2012,38,11,1,6,4,2
2673,1999,Graduation,Married,75811.0,0,2,26-02-2012,54,10,6,8,9,11
2674,1957,PhD,Together,67303.1,0,0,31-12-2012,27,5,0,8,7,11
2675,1941,Graduation,Married,40220.2,1,2,03-11-2012,17,6,12,5,3,4
2676,1940,Graduation,Married,37685.3,1,0,22-06-2012,40,5,9,5,11,5
2677,1986,Basic,Widow,35652.2,0,1,06-04-2013,80,10,4,3,0,0
2678,1944,Graduation,Single,43108.3,1,0,19-01-2014,74,5,14,7,10,9
2679,1959,Graduation,Married,56321.4,1,0,08-11-2013,64,8,8,1,1,6
2680,1950,Graduation,Widow,38679.7,1,0,18-08-2013,80,7,12,4,7,3
2681,1981,2n Cycle,Together,41208.4,1,1,07-05-2013,99,13,14,0,9,9
2682,1941,PhD,Married,62825.6,1,0,13-07-2013,99,7,12,9,7,10
2683,1942,Graduation,Married,20351.7,1,1,30-09-2013,45,5,0,1,12,6
2684,1962,Basic,Married,42481.3,1,0,11-11-2013,59,4,7,0,13,6
2685,1994,Basic,Divorced,16481.2,0,0,15-05-2014,8,8,8,5,4,10
2686,1951,Graduation,Together,52168.2,1,0,08-01-2013,44,11,8,1,5,4
2687,1959,Master,Married,11211.9,1,0,12-08-2014,59,1,7,3,1,7
2688,1944,Master,Single,67800.2,0,1,14-12-2012,27,6,3,4,10,7
2689,1976,Master,Single,23707.3,2,1,07-03-2012,96,5,13,6,11,4
2690,1977,Graduation,Absurd,14548.4,0,0,25-11-2012,2,6,13,9,8,4
2691,1969,Basic,Married,42727.7,0,1,01-05-2014,50,11,6,0,14,6
2692,1948,PhD,Together,84222.1,1,1,12-07-2012,7,3,0,4,5,5
2693,1973,Graduation,Single,64223.8,0,0,03-06-2012,69,8,6,3,11,3
2694,1992,Graduation,Together,11553.7,0,0,08-06-2012,58,6,5,6,8,1
2695,1983,Graduation,Widow,23137.5,0,1,26-11-2013,60,1,4,9,10,7
2696,1974,Graduation,Together,42088.0,0,0,22-09-2012,57,12,0,6,9,2
2697,1991,Master,Single,94767.1,0,0,16-06-2012,69,3,7,7,2,1
2698,1997,Graduation,Together,31220.9,0,0,24-05-2012,92,4,9,3,5,11
2699,1961,Graduation,Together,31382.3,0,1,04-07-2012,11,1,0,3,9,9
2700,1983,PhD,Married,80548.6,2,0,04-06-2014,8,9,0,9,4,6
2701,1963,Graduation,Divorced,53898.1,2,0,14-05-2014,48,7,13,4,8,9
2702,1956,2n Cycle,Together,71060.0,0,0,12-02-2014,82,0,14,4,12,5
2703,1949,Graduation,Divorced,35458.0,1,0,26-02-2013,16,2,2,2,9,7
2704,1969,Graduation,Together,47967.3,0,0,24-02-2014,53,13,12,4,14,5
2705,1995,Graduation,Single,76312.6,0,2,01-04-2013,43,0,7,4,0,6
2706,1998,Graduation,Married,47103.2,0,0,19-04-2014,31,4,7,7,8,1
2707,1985,Graduation,Married,72461.1,2,1,10-12-2012,34,7,13,6,4,9
2708,1962,Master,Widow,57745.3,2,0,04-01-2014,77,6,14,7,0,1
2709,1971,2n Cycle,Together,29207.4,0,1,07-07-2013,48,8,6,4,9,5
2710,1956,Graduation,Together,49673.7,0,1,30-05-2013,53,1,4,1,7,8
2711,1989,Master,Married,69627.7,0,0,26-02-2014,15,11,14,7,6,2
2712,1990,Master,Single,63388.3,0,1,06-03-2014,84,7,7,8,13,10
2713,1956,Basic,Together,49194.9,1,0,24-07-2014,11,7,1,1,5,9
2714,1953,Graduation,Married,12165.7,0,1,05-12-2013,87,13,7,0,1,7
2715,1948,Graduation,Married,14080.2,1,0,13-04-2012,97,5,11,5,4,4
2716,1979,Graduation,Together,18333.9,0,2,03-09-2012,7,2,10,2,2,5
2717,1941,Master,Single,39791.2,2,1,22-03-2014,20,1,1,0,1,5
2718,1984,Basic,Married,42457.6,1,2,23-01-2012,47,13,9,5,13,10
2719,1964,Graduation,Married,20491.8,0,1,10-08-2014,7,7,4,7,9,11
2720,1978,Graduation,Single,70450.3,1,0,25-03-2014,27,5,10,8,0,9
2721,1948,2n Cycle,YOLO,24724.6,1,1,08-06-2013,79,3,12,5,8,10
2722,1993,Basic,Married,22588.8,0,1,23-05-2012,9,4,3,5,1,2
2723,1961,2n Cycle,Single,51764.7,0,2,30-12-2013,51,4,14,0,12,10
2724,1982,Master,Married,69478.1,2,0,25-11-2013,14,12,12,4,10,10
2725,1985,Graduation,Together,91097.1,0,1,12-05-2014,3,8,0,2,0,4
2726,1943,PhD,Married,61650.9,0,0,23-01-2014,89,12,4,6,13,11
2727,1965,Master,Together,81596.6,0,1,11-07-2012,78,12,6,8,6,0
2728,1997,Graduation,Single,25758.9,1,0,09-04-2013,99,8,0,5,8,1
2729,1968,PhD,Single,93194.8,1,0,22-02-2014,95,7,1,4,5,9
2730,1984,Master,Married,12770.3,2,2,09-01-2013,61,7,11,6,7,2
2731,1973,Graduation,Divorced,39923.2,0,0,07-11-2013,3,11,14,8,14,3
2732,1962,Master,Divorced,61213.1,0,1,22-11-2013,40,1,13,4,10,8
2733,1976,PhD,Single,17895.7,1,1,20-09-2013,72,13,8,4,6,0
2734,1950,2n Cycle,Married,31459.0,1,0,22-09-2012,98,2,11,9,8,2
2735,1945,Graduation,Widow,28281.5,0,0,12-01-2013,54,13,4,3,6,2
2736,1957,Graduation,Married,43795.6,0,1,03-07-2013,27,7,13,4,12,5
2737,1960,PhD,Divorced,78431.7,0,0,09-07-2013,46,12,12,6,5,4
2738,1981,Graduation,Single,50336.5,1,1,12-05-2014,8,4,6,2,0,2
2739,1975,Master,Widow,40738.7,1,2,14-03-2012,1,6,1,3,8,3
2740,1980,Master,Together,0.0,1,0,13-03-2013,66,13,6,8,9,10
2741,1977,Graduation,Widow,59335.1,2,0,30-05-2014,47,7,6,1,4,6
2742,1973,PhD,Together,65800.3,0,0,13-08-2012,68,5,6,7,12,2
2743,1956,PhD,Married,15999.6,2,1,29-03-2014,73,4,4,8,1,8
2744,1976,Graduation,Widow,48660.6,1,0,03-11-2012,27,7,8,4,14,7
2745,1964,2n Cycle,Married,53860.2,0,0,23-08-2014,78,0,1,6,13,1
2746,1977,Basic,Married,69292.0,2,1,13-12-2012,13,0,3,5,11,4
2747,1997,Master,Together,35504.6,0,2,20-04-2013,45,0,1,0,10,3
2748,1951,Master,Together,32492.8,1,0,10-11-2012,86,2,7,7,7,11
2749,1962,Graduation,Widow,40870.1,1,0,08-06-2013,12,9,11,8,12,4
2750,1992,2n Cycle,Married,75688.7,1,2,28-02-2013,15,12,10,9,3,2
2751,1981,Master,Together,70876.9,1,1,07-06-2013,93,11,0,0,13,9
2752,1961,Master,Together,49573.1,0,1,15-07-2013,39,5,8,7,2,10
2753,1960,Basic,Single,70395.5,0,1,26-09-2014,71,5,11,2,12,0
2754,1966,Graduation,Married,2626.2,0,2,04-04-2014,80,4,12,5,0,7
2755,1996,Basic,Married,65833.1,1,1,03-08-2014,29,12,13,9,4,8
2756,1970,Graduation,Married,27624.7,1,1,05-09-2012,80,12,4,7,2,7
2757,1945,Graduation,YOLO,85340.5,2,1,22-09-2013,98,13,10,4,14,3
2758,1966,Graduation,Together,28715.1,0,1,22-07-2013,64,6,11,7,3,11
2759,1979,2n Cycle,Together,32944.8,1,0,30-06-2012,57,4,2,6,14,1
2760,1973,Basic,Absurd,61248.5,2,0,19-08-2014,87,13,11,6,8,3
2761,1951,Master,Married,63179.1,1,1,14-02-2014,47,1,10,6,10,8
2762,1984,Master,Divorced,41073.4,0,0,15-04-2012,48,3,3,8,13,9
2763,1996,PhD,Married,57428.1,0,1,09-07-2012,88,0,0,5,6,8
2764,1992,2n Cycle,Divorced,59907.6,0,0,16-05-2012,1,6,2,5,10,4
2765,1946,Graduation,Single,57862.3,1,1,30-11-2013,88,3,10,8,4,4
2766,1949,Graduation,Widow,41908.9,1,0,29-04-2012,13,12,7,5,7,9
2767,1984,Graduation,Married,,2,1,23-01-2014,96,3,11,6,5,2
2768,1956,Master,Married,78127.4,0,1,10-04-2014,16,12,1,6,9,5
2769,1965,Master,Together,25490.2,0,0,12-03-2012,30,3,1,1,1,6
2770,1960,Graduation,Married,33198.8,1,1,24-01-2014,9,2,8,7,6,11
2771,1967,Graduation,Together,50545.1,1,0,10-05-2012,69,7,4,5,0,9
2772,1997,Basic,Married,28875.5,2,0,01-04-2013,88,3,4,3,2,11
2773,1985,Graduation,Together,13931.9,1,0,19-02-2014,36,7,0,6,11,8
2774,1941,Master,Married,71862.5,0,0,23-06-2014,63,8,12,7,0,6
2775,1999,2n Cycle,Single,5424.2,1,2,23-04-2013,29,0,5,0,13,2
2776,1993,Graduation,Married,41952.3,1,0,11-09-2014,33,3,7,9,14,11
2777,1982,Graduation,Married,65178.9,0,1,21-02-2012,17,5,5,3,0,6
2778,1940,Master,Single,55334.0,0,0,27-07-2013,87,7,13,3,14,0
2779,1990,Basic,Married,42255.0,0,1,28-04-2012,62,13,14,9,4,1
2780,1992,PhD,Married,28051.2,0,0,26-05-2014,48,5,6,8,5,3
2781,1975,2n Cycle,Single,56877.4,1,1,20-09-2012,55,11,13,5,11,6
2782,1990,Graduation,Together,30232.1,0,1,26-08-2012,90,5,3,3,2,8
2783,1965,PhD,Divorced,55318.7,0,1,16-12-2012,57,9,1,0,13,4
2784,1968,Master,Single,52818.4,0,0,11-06-2014,26,3,0,7,2,7
2785,1960,Basic,Together,53020.7,1,1,11-09-2012,54,8,11,8,2,6
2786,1950,Graduation,Together,37193.6,0,0,15-11-2013,84,6,5,4,0,4
2787,1979,Basic,Married,90700.2,1,0,04-11-2012,18,13,8,4,4,2
2788,1950,PhD,Together,57164.1,0,0,18-01-2014,22,10,9,9,0,2
2789,1975,Graduation,Married,44425.8,0,0,10-04-2014,46,5,4,7,9,5
2790,1988,Graduation,Married,55285.4,0,0,29-08-2013,78,0,11,7,9,9
2791,1998,Basic,Single,34510.8,0,1,28-04-2014,65,1,1,4,2,10
2792,1978,Graduation,Together,42273.9,0,0,09-05-2013,98,11,0,3,12,3
2793,1979,Graduation,Together,97838.4,0,0,26-02-2012,50,5,2,5,5,2
2794,1974,Graduation,Single,34652.4,1,0,07-08-2014,83,10,3,9,10,3
2795,1993,Basic,Married,48444.5,1,1,06-02-2013,27,0,6,4,5,2
2796,1973,Master,Absurd,40877.9,0,1,07-03-2012,56,10,8,7,2,11
2797,1994,Master,Married,29207.3,0,0,15-02-2012,57,4,7,8,8,9
2798,1986,Graduation,Married,58421.7,2,1,28-08-2013,14,0,8,0,7,10
2799,1963,PhD,Widow,50729.4,1,1,11-10-2013,15,12,6,8,10,10
2800,1993,PhD,Together,68220.5,0,0,03-01-2013,96,2,9,8,2,11
2801,1961,Basic,Together,66211.6,1,1,27-08-2013,46,11,7,5,4,5
2802,1944,2n Cycle,Together,68014.2,1,1,19-08-2012,62,11,7,9,4,6
2803,1995,Graduation,Divorced,31635.9,1,1,05-02-2013,11,11,0,4,14,3
2804,1972,Master,Married,62819.2,0,0,26-06-2014,42,6,11,6,13,2
2805,1997,Graduation,Married,63305.4,0,0,14-07-2013,83,4,13,7,4,2
2806,1975,PhD,Married,29578.7,0,0,23-01-2012,28,11,14,8,2,10
2807,1986,Graduation,Absurd,43627.7,2,1,27-07-2013,48,9,11,8,4,2
2808,1959,Graduation,Together,20877.8,1,1,23-09-2012,2,0,14,9,4,8
2809,1958,Graduation,Single,63392.5,0,0,20-04-2014,68,0,8,2,3,10
2810,1974,PhD,Divorced,63300.4,2,0,27-04-2012,59,7,1,7,3,10
2811,1991,Graduation,Married,78607.3,2,1,09-08-2014,65,10,11,0,1,11
2812,1982,Master,Single,,2,1,22-08-2013,86,13,10,6,8,2
2813,1956,Graduation,Married,59029.4,1,1,23-08-2013,89,12,13,4,14,2
2814,1998,Graduation,Married,69754.7,2,1,24-02-2012,25,8,6,1,6,7
2815,1984,Master,Divorced,34922.2,0,1,01-06-2012,70,6,12,1,0,3
2816,1982,Graduation,Married,31880.7,1,0,26-08-2012,73,12,9,7,4,6
2817,1973,Graduation,Divorced,35542.3,1,0,21-09-2012,68,2,9,4,1,2
2818,1948,Master,Together,43014.1,0,0,24-09-2012,46,11,12,2,9,7
2819,1965,Graduation,Single,32588.9,0,1,25-06-2014,75,5,4,0,5,2
2820,1941,Graduation,Absurd,36403.4,2,0,22-04-2012,95,2,3,6,6,4
2821,1992,Graduation,Married,67618.3,0,0,14-06-2012,41,9,0,2,11,0
2822,1948,2n Cycle,Married,48073.1,1,0,29-10-2013,30,3,0,6,1,11
2823,1948,PhD,Married,56134.0,0,0,08-01-2012,21,11,2,1,10,4
2824,1979,Master,Divorced,38985.7,0,1,14-12-2013,16,3,13,3,5,5
2825,1956,PhD,Married,37672.7,0,0,04-08-2012,83,2,14,1,14,6
2826,1940,Graduation,Single,55711.1,0,0,06-03-2013,19,9,0,3,12,1
2827,1964,Graduation,Single,52521.2,1,1,18-10-2012,7,5,7,4,2,1
2828,1982,Master,Married,65559.7,1,0,11-06-2014,97,4,2,7,8,8
2829,1979,Graduation,Together,76031.9,0,1,19-02-2012,48,10,10,1,14,9
2830,1981,Graduation,Married,,0,1,16-04-2012,86,8,9,9,3,0
2831,1964,Graduation,Married,67223.7,0,2,09-01-2012,37,8,1,2,2,1
2832,1978,Graduation,Single,28403.9,0,1,14-01-2014,52,2,5,9,12,1
2833,1974,2n Cycle,Married,91475.6,1,0,30-11-2013,27,12,3,4,10,9
2834,1942,Graduation,Widow,34273.9,0,1,31-03-2013,76,8,12,8,2,6
2835,1989,PhD,Married,63812.6,0,0,18-11-2012,28,12,12,9,1,5
2836,1976,Graduation,YOLO,28255.2,0,0,04-11-2012,71,11,13,4,11,8
2837,1983,2n Cycle,Married,46958.2,0,0,29-04-2014,10,2,10,8,8,10
2838,1983,Graduation,Single,80914.7,0,0,13-09-2013,46,3,13,3,7,6
2839,1990,Graduation,Divorced,33645.9,0,1,21-09-2014,44,0,12,9,4,2
2840,1969,Master,Married,94083.7,1,0,24-05-2012,17,4,10,4,13,2
2841,1977,Master,Together,49894.5,2,1,09-01-2014,49,11,12,8,13,0
2842,1973,Graduation,YOLO,69514.3,1,0,31-03-2014,88,8,3,3,12,7
2843,1951,Graduation,Single,58058.9,0,0,15-02-2013,48,1,1,4,8,0
2844,1958,Graduation,Single,59140.8,0,2,23-04-2012,21,3,1,4,12,10
2845,1976,Graduation,Together,21477.7,0,0,28-07-2013,44,9,10,3,1,1
2846,1983,Graduation,Married,40542.9,1,1,02-02-2013,60,1,5,3,5,10
2847,1998,Graduation,Single,73919.5,2,0,01-10-2012,98,13,4,4,6,11
2848,1998,Graduation,Single,43113.6,0,0,03-05-2012,92,7,8,5,5,6
2849,1988,Graduation,Single,52776.6,0,0,26-03-2012,20,8,3,6,14,0
2850,1956,Master,Together,19051.6,1,1,04-08-2013,70,2,4,5,2,11
2851,1949,2n Cycle,Single,39248.5,1,0,16-02-2012,60,12,14,0,9,3
2852,1996,PhD,Married,72460.8,1,0,11-12-2013,75,8,0,1,13,8
2853,1994,Graduation,Together,,1,0,25-05-2014,35,5,11,6,9,7
2854,1988,Graduation,Married,64341.6,2,1,01-08-2014,23,5,11,2,9,10
2855,1986,2n Cycle,Single,53555.6,0,1,19-07-2012,31,6,1,9,8,7
2856,1951,Graduation,Together,45280.9,2,1,02-10-2012,90,11,2,1,13,11
2857,1955,Graduation,Single,44401.5,2,0,02-07-2013,95,4,4,5,14,2
2858,1963,PhD,Together,40179.4,1,1,15-12-2013,58,5,11,3,11,4
2859,1958,PhD,Divorced,41960.6,0,1,09-05-2012,95,10,4,4,7,3
2860,1947,PhD,Married,68594.8,0,1,23-03-2013,95,0,3,5,14,10
2861,1970,Graduation,Married,41359.1,0,1,08-09-2014,89,2,13,2,7,11
2862,1960,Graduation,Married,86151.8,0,1,14-03-2014,74,11,9,0,7,7
2863,1956,2n Cycle,Married,55990.7,1,0,23-01-2013,81,8,2,2,8,10
2864,1962,Graduation,Divorced,38474.8,0,1,29-07-2013,4,11,8,2,0,6
2865,1976,Master,Divorced,69467.3,0,2,19-09-2012,15,4,0,5,7,6
2866,1993,Master,Married,62477.9,1,0,23-08-2014,10,4,5,3,1,9
2867,1955,PhD,Together,16916.5,0,0,23-09-2013,34,7,6,6,3,9
2868,1945,Graduation,Widow,29310.6,0,2,04-10-2012,74,10,9,1,0,6
2869,1947,Graduation,Absurd,47691.6,0,0,14-12-2013,41,10,3,3,11,0
2870,1964,PhD,Married,18327.8,1,1,15-02-2012,86,12,9,7,5,6
2871,1957,Basic,Married,91810.6,0,0,16-06-2012,97,1,2,5,9,3
2872,1964,2n Cycle,Married,66444.6,1,0,20-03-2013,80,12,7,9,0,11
2873,1951,Graduation,Absurd,49733.3,0,0,13-09-2013,9,6,8,2,11,2
2874,1954,Graduation,Single,43145.9,2,0,15-02-2012,81,8,12,9,4,11
2875,1998,2n Cycle,Together,38006.7,0,0,24-12-2013,7,6,0,1,14,4
2876,1965,Master,Married,10719.4,0,0,23-06-2013,25,11,14,2,8,1
2877,1980,Basic,Married,15342.5,0,1,27-03-2012,2,4,14,0,0,7
2878,1984,Graduation,Married,88022.4,0,2,13-03-2014,58,12,14,0,8,11
2879,1965,PhD,YOLO,81472.0,0,0,19-01-2013,87,5,14,1,3,11
2880,1986,Master,Single,38484.4,0,1,30-10-2013,2,3,10,2,2,8
2881,1971,Master,Together,68160.0,0,1,21-09-2012,37,13,11,8,7,4
2882,1949,Graduation,Single,60128.4,1,1,15-02-2014,1,11,9,7,5,2
2883,1955,Graduation,Single,62485.8,0,1,22-01-2012,98,6,8,8,6,9
2884,1946,PhD,Married,21496.4,0,0,06-02-2014,16,0,6,6,8,6
2885,1956,Graduation,Married,13836.4,1,0,03-12-2013,72,3,0,6,4,0
2886,1962,Graduation,Married,73651.9,2,0,25-03-2013,35,2,6,4,12,9
2887,1965,2n Cycle,Married,10414.0,0,0,02-09-2014,85,12,4,6,1,2
2888,1960,Graduation,Single,47036.1,0,1,19-08-2012,94,3,9,3,2,8
2889,1961,Basic,Married,42646.0,2,0,04-07-2012,97,0,12,4,2,1
2890,1997,Graduation,Absurd,40797.0,0,1,21-11-2012,87,11,12,0,3,10
2891,1946,Master,Widow,56289.0,2,2,01-07-2012,72,12,6,3,9,8
2892,1953,2n Cycle,Married,36448.2,0,2,31-01-2013,1,1,11,2,6,10
2893,1954,Graduation,Together,57914.7,1,2,25-04-2013,84,11,8,1,11,0
2894,1992,Graduation,Widow,52823.1,0,0,06-02-2013,33,10,7,1,9,3
2895,1946,Graduation,Single,91974.6,2,1,07-04-2013,26,12,5,7,5,11
2896,1948,Graduation,Divorced,22291.8,0,0,20-02-2013,36,8,1,0,2,9
2897,1990,Master,Widow,50585.4,1,1,20-07-2012,70,6,7,7,14,5
2898,1987,2n Cycle,Single,58626.9,0,1,05-03-2012,21,12,11,8,13,6
2899,1947,Graduation,Single,44871.9,0,1,13-08-2014,67,5,13,5,6,2
2900,1989,Graduation,Absurd,23258.5,1,0,26-06-2014,13,1,3,0,3,8
2901,1998,Graduation,Married,75142.1,0,1,08-07-2013,97,0,7,9,9,3
2902,1962,Master,Single,56738.7,2,0,02-01-2014,22,1,14,6,10,4
2903,1968,Graduation,Married,24662.1,0,0,17-01-2012,43,6,6,4,10,7
2904,1957,PhD,Married,58773.4,1,1,15-04-2014,88,1,3,8,7,11
2905,1970,PhD,Together,84031.3,0,0,07-03-2014,64,2,7,6,14,2
2906,1969,PhD,Together,49273.7,2,2,01-07-2012,78,7,10,4,6,7
2907,1991,Graduation,YOLO,49955.7,2,0,25-01-2013,95,6,10,1,6,10
2908,1978,Master,Married,81360.1,0,1,13-02-2012,77,11,11,3,8,0
2909,1974,Graduation,Married,30592.3,1,0,30-08-2014,60,10,10,1,7,7
2910,1957,Graduation,Married,84551.0,1,1,19-06-2014,84,10,1,8,11,10
2911,1998,Basic,Married,69458.2,0,1,30-11-2013,54,13,8,1,0,10
2912,1981,Master,Single,31515.6,1,2,20-06-2014,70,10,5,1,6,11
2913,1978,Graduation,Absurd,36634.6,0,0,26-04-2013,99,8,6,1,14,9
2914,1956,Graduation,Divorced,39503.7,1,2,19-09-2012,84,11,9,0,2,7
2915,1953,Graduation,Married,13328.7,0,0,22-06-2012,49,3,0,8,11,5
2916,1970,Graduation,Together,55209.4,0,0,16-03-2013,11,6,2,7,3,4
2917,1963,Graduation,Married,32421.1,0,0,19-07-2013,78,0,13,1,5,8
2918,1974,Graduation,Married,55931.0,1,1,07-08-2012,14,10,9,1,4,5
2919,1983,Graduation,Together,24181.1,1,0,11-07-2013,16,10,4,4,7,0
2920,1999,Master,Married,68460.3,2,1,28-01-2013,33,1,14,3,1,11
2921,1984,PhD,YOLO,64752.5,0,1,10-02-2014,34,6,11,1,4,5
2922,1973,Master,Together,35882.4,0,0,13-07-2012,38,1,6,7,4,0
2923,1942,Graduation,Married,57193.0,1,2,12-02-2013,77,5,0,7,14,5
2924,1976,2n Cycle,Together,51658.4,1,0,15-04-2013,54,12,8,3,2,2
2925,1982,Basic,Single,79646.0,0,1,12-12-2012,58,9,4,3,13,5
2926,1979,Basic,Married,29350.4,0,0,06-04-2013,4,11,12,8,9,5
2927,1965,Basic,Married,46954.0,0,1,01-03-2012,29,8,11,3,14,0
2928,1994,2n Cycle,Married,37186.3,0,0,14-06-2012,3,10,2,9,14,8
2929,1962,PhD,Together,50896.4,1,0,02-11-2013,14,4,6,8,12,7
2930,1983,Graduation,Married,60665.5,0,0,30-05-2012,34,9,9,2,4,1
2931,1978,PhD,Together,36963.9,1,0,20-04-2012,73,6,7,1,3,1
2932,1954,Master,Together,42717.9,0,0,02-05-2013,54,12,9,7,10,4
2933,1995,Master,Married,69320.8,0,0,02-07-2013,65,0,9,2,4,9
2934,1988,PhD,Divorced,77146.5,1,0,03-01-2012,59,7,2,1,9,1
2935,1943,Graduation,Married,59870.3,1,1,27-04-2013,23,8,6,7,8,10
2936,1968,Graduation,Married,47240.7,0,1,13-01-2012,91,12,6,7,6,0
2937,1961,2n Cycle,Married,45338.1,1,1,10-06-2012,21,4,3,4,0,1
2938,1964,PhD,Married,60962.5,0,1,09-12-2012,43,5,9,8,2,4
2939,1952,PhD,Single,54555.3,1,1,24-03-2013,31,12,8,5,8,10
2940,1957,Graduation,Together,17020.5,0,1,27-11-2012,94,10,0,4,3,9
2941,1972,Graduation,Married,61447.7,1,0,20-09-2012,82,7,0,2,3,6
2942,1955,Basic,Married,32788.6,0,1,23-03-2012,50,3,4,6,9,4
2943,1984,Master,Absurd,21661.3,0,0,15-02-2014,84,1,12,8,5,0
2944,1981,Master,Together,16633.1,2,1,12-07-2014,2,9,2,3,2,6
2945,1983,Graduation,Divorced,45677.9,1,1,29-11-2012,69,7,9,6,2,5
2946,1941,PhD,Single,29669.5,0,0,14-01-2013,31,1,12,2,14,6
2947,1994,Graduation,Together,3472.8,0,1,06-08-2012,1,4,8,1,8,1
2948,1974,Master,Divorced,42830.9,0,0,19-10-2013,87,12,4,0,12,4
2949,1981,Graduation,Together,40188.6,1,0,20-03-2014,58,5,6,5,4,7
2950,1973,Graduation,Together,47002.0,1,0,19-03-2014,90,4,0,4,13,11
2951,1969,PhD,Married,37422.0,1,1,29-03-2013,72,5,1,1,6,6
2952,1998,2n Cycle,Single,86586.6,0,1,03-11-2013,76,5,14,2,4,5
2953,1994,Graduation,Married,60346.7,1,1,10-01-2014,13,2,10,8,5,5
2954,1952,Basic,Married,40007.7,0,0,15-01-2014,50,10,11,2,7,11
2955,1952,Graduation,Divorced,48727.5,0,1,29-03-2012,10,10,3,6,14,0
2956,1957,Graduation,Married,78292.9,1,1,28-11-2012,77,2,14,0,7,0
2957,1971,Graduation,Absurd,69132.5,2,0,05-11-2012,79,8,8,6,1,6
2958,1971,Graduation,Absurd,22075.8,1,1,27-12-2013,9,2,4,8,10,2
2959,1974,PhD,Married,30514.2,1,0,23-02-2013,83,2,4,7,8,5
2960,1998,Graduation,Married,34363.1,1,0,31-08-2013,79,10,8,6,9,11
2961,1978,Graduation,Divorced,41206.0,2,0,25-12-2013,57,13,7,9,11,4
2962,1985,2n Cycle,Absurd,38091.5,0,1,19-12-2012,33,1,1,7,11,2
2963,1991,Graduation,Married,50680.2,0,0,03-04-2014,79,6,6,3,11,5
2964,1968,Master,Married,64714.4,2,0,09-04-2012,77,9,0,1,13,2
2965,1988,Graduation,Married,68053.2,1,0,24-05-2012,52,9,9,8,5,7
2966,1968,Master,Together,43464.1,0,0,10-01-2012,27,3,10,2,6,6
2967,1992,Graduation,Married,17306.1,0,0,09-09-2014,17,0,10,3,2,8
2968,1983,Graduation,Together,29191.8,0,0,13-02-2012,25,5,14,6,3,4
2969,1996,Graduation,Single,39604.5,0,1,01-02-2014,6,4,8,1,5,11
2970,1955,Graduation,Single,25099.3,2,0,20-01-2013,44,13,2,7,6,0
2971,1995,Graduation,Married,72817.2,0,1,08-01-2014,97,10,12,9,5,10
2972,1983,Master,Married,26409.2,1,1,28-06-2014,44,1,1,7,4,9
2973,1986,Basic,Married,62341.3,0,0,30-01-2014,70,5,3,4,13,10
2974,1996,Basic,Married,16362.4,0,0,09-05-2013,96,0,3,8,11,7
2975,1949,Master,Married,63144.0,0,1,07-05-2013,34,2,2,7,1,1
2976,1969,Graduation,Single,47214.6,1,0,17-06-2012,51,3,1,0,11,5
2977,1964,Graduation,Married,,1,0,03-10-2013,20,12,4,8,14,0
2978,1978,Graduation,Absurd,27368.7,1,0,14-06-2013,27,2,3,4,14,5
2979,1959,Graduation,Married,38717.7,0,1,01-12-2012,95,12,4,8,6,3
2980,1944,PhD,Married,42591.3,0,1,16-01-2014,43,5,12,8,4,4
2981,1940,PhD,Together,46950.0,0,2,06-05-2014,79,10,11,9,11,9
2982,1969,Graduation,YOLO,43080.4,0,1,27-05-2013,55,3,11,9,8,6
2983,1988,Graduation,Married,43466.4,1,0,09-05-2012,9,13,7,2,12,5
2984,1942,Basic,Together,43138.7,1,0,22-06-2013,22,0,10,7,10,0
2985,1984,Master,Together,8576.4,1,0,28-05-2013,47,4,14,6,3,8
2986,1953,Graduation,Together,69866.7,0,0,06-09-2012,51,4,1,6,13,5
2987,1995,2n Cycle,Single,107222.7,0,0,03-01-2014,14,8,8,9,9,5
2988,1969,2n Cycle,Together,55965.4,0,0,04-08-2014,54,7,9,1,11,8
2989,1989,Graduation,Single,27285.0,0,0,17-05-2012,42,7,0,1,1,11
2990,1943,Graduation,Together,29309.2,1,0,01-10-2012,49,4,7,1,6,9
2991,1957,PhD,Together,62263.5,1,0,08-04-2013,5,7,11,1,6,4
2992,1976,2n Cycle,Married,57709.4,0,2,20-05-2012,32,13,4,3,0,10
2993,1964,Basic,Divorced,44314.2,0,1,01-08-2014,61,9,1,6,10,5
2994,1987,Graduation,Single,65068.1,1,2,12-09-2012,54,6,7,1,13,5
2995,1940,Graduation,Divorced,8722.3,1,0,31-05-2014,38,0,4,4,12,6
2996,1992,PhD,Married,,1,0,03-04-2014,11,11,9,6,4,8
2997,1985,PhD,Married,54755.2,0,0,31-03-2013,99,6,14,8,2,4
2998,1954,Graduation,Single,30081.0,0,0,09-08-2014,30,10,13,7,8,4
2999,1948,Basic,Absurd,21333.5,2,0,09-03-2013,73,7,9,8,8,3
3000,1954,Master,Single,52426.5,1,2,29-08-2013,52,2,12,6,6,9
3001,1988,Basic,Single,78144.8,0,2,21-06-2012,33,8,13,2,11,3
3002,1996,Basic,Married,45438.1,1,0,17-04-2013,40,7,2,0,8,11
3003,1963,Master,Together,32946.3,1,0,12-08-2014,9,1,6,9,11,7
3004,1943,Graduation,Married,53825.8,0,0,26-02-2013,51,5,3,6,1,1
3005,1951,PhD,Single,86417.4,0,0,05-07-2014,74,3,10,5,10,9
3006,1998,Graduation,Married,58626.0,0,0,14-03-2013,56,2,10,1,9,7
3007,1997,Master,Married,60788.0,0,0,26-02-2012,77,10,9,0,7,1
3008,1976,Graduation,Married,74456.0,1,0,12-05-2013,2,5,11,9,9,0
3009,1976,Master,Married,59451.1,0,0,05-09-2013,56,9,14,3,9,9
3010,1982,Graduation,Together,34380.6,1,0,17-06-2012,32,12,5,3,9,8
3011,1999,Graduation,Married,15108.7,2,0,15-09-2014,6,8,9,5,12,10
3012,1945,Graduation,Married,31566.9,0,0,04-08-2013,3,1,7,4,0,7
3013,1978,Graduation,Married,27905.5,0,2,29-04-2014,38,9,0,8,2,5
3014,1995,Master,Absurd,63186.2,1,0,14-07-2013,47,9,1,7,7,3
3015,1985,Master,Absurd,65967.0,1,1,03-03-2013,73,9,13,8,10,1
3016,1963,PhD,Divorced,53511.4,1,1,22-02-2013,78,4,12,9,7,7
3017,1950,Graduation,Married,24626.2,0,2,12-12-2012,15,5,7,6,13,2
3018,1952,Graduation,Single,85731.9,0,1,31-05-2013,37,3,14,8,9,9
3019,1973,Graduation,Married,41675.8,1,1,30-03-2013,3,6,6,2,7,3
3020,1964,Graduation,Married,62069.6,2,1,14-12-2013,3,1,9,8,10,4
3021,1946,Basic,Married,50986.5,0,0,20-07-2012,99,6,8,1,14,3
3022,1991,Graduation,Together,54173.3,2,0,27-06-2012,26,1,1,8,11,10
3023,1943,Graduation,Divorced,61363.7,0,2,26-02-2012,85,0,7,5,10,7
3024,1998,Graduation,Divorced,36079.6,2,1,28-11-2013,85,10,5,3,6,8
3025,1947,Graduation,Married,76108.0,1,2,26-08-2013,16,4,14,1,1,0
3026,1959,PhD,Together,18409.9,0,1,14-03-2014,97,1,0,9,2,1
3027,1968,PhD,Married,29228.9,1,1,24-06-2014,95,7,3,2,8,11
3028,1993,Graduation,Single,75848.6,0,1,03-08-2014,69,11,13,4,1,3
3029,1992,Graduation,Together,61800.1,0,1,21-09-2014,53,11,14,8,12,0
3030,1990,Graduation,Single,100807.8,0,1,15-05-2013,96,11,1,6,6,10
3031,1984,Graduation,Married,51367.0,0,2,08-01-2014,7,7,6,2,0,5
3032,1985,Graduation,Married,84008.6,0,1,21-07-2014,52,0,8,3,2,11
3033,1949,2n Cycle,Together,12850.4,1,1,21-04-2012,99,3,5,1,12,4
3034,1982,PhD,Together,21729.7,1,1,27-05-2012,4,13,3,7,13,6
3035,1973,PhD,Married,67910.5,0,0,19-02-2014,68,8,4,5,0,11
3036,1996,Graduation,Divorced,15192.6,1,0,15-12-2013,46,4,10,2,5,5
3037,1965,Graduation,Married,46052.6,1,2,12-01-2013,73,11,0,4,3,2
3038,1980,PhD,Married,73344.2,2,1,26-05-2014,39,10,12,4,0,4
3039,1988,Master,Together,,1,0,03-07-2014,6,9,3,0,4,2
3040,1997,Master,Together,50221.9,0,0,13-12-2012,11,12,12,4,13,8
3041,1942,Graduation,YOLO,41017.9,0,1,23-12-2012,93,5,9,5,3,1
3042,1995,PhD,Married,54044.5,1,1,25-02-2012,24,2,2,9,13,5
3043,1945,Graduation,Together,61545.0,0,1,23-03-2014,27,4,8,9,10,8
3044,1944,Basic,Together,36782.1,0,1,11-11-2012,42,13,5,1,9,9
3045,1944,PhD,Widow,57434.7,0,0,21-08-2014,76,11,14,2,13,6
3046,1993,PhD,Single,71568.6,0,0,03-07-2012,46,12,3,9,10,4
3047,1986,Graduation,Together,45550.4,0,0,23-02-2012,48,12,2,4,9,1
3048,1962,PhD,Together,51362.5,0,1,06-02-2012,85,12,11,2,1,1
3049,1988,Graduation,Married,59675.6,0,0,23-12-2013,53,0,14,4,12,3
3050,1948,Graduation,Married,61026.7,1,1,15-03-2014,17,7,12,4,6,9
3051,1974,Graduation,Married,67569.1,1,1,26-09-2012,26,10,3,7,11,11
3052,1959,Master,Together,29712.5,0,1,12-05-2014,71,5,7,9,14,1
3053,1997,Graduation,Divorced,39421.5,0,2,01-01-2014,5,11,11,8,7,11
3054,1988,Graduation,Together,40162.4,0,0,22-05-2013,74,1,4,7,3,7
3055,1998,Basic,Together,31921.8,0,1,15-08-2012,92,3,12,2,8,9
3056,1981,Graduation,Married,14031.7,0,0,03-03-2013,68,3,14,0,2,6
3057,1974,PhD,Single,0.0,0,0,19-05-2014,70,8,10,2,12,6
3058,1989,Graduation,Married,73909.1,1,0,23-12-2013,21,8,0,0,5,2
3059,1957,Graduation,Married,18922.1,0,0,20-03-2014,58,4,4,8,10,6
3060,1956,Master,Married,81330.2,0,1,01-01-2012,46,11,7,2,13,7
3061,1963,Graduation,Single,64788.2,0,1,23-01-2012,67,2,10,7,14,4
3062,1942,Graduation,Married,41886.2,1,0,17-05-2013,31,0,14,5,13,0
3063,1971,PhD,Married,62328.4,1,0,23-03-2013,82,5,11,2,6,0
3064,1974,PhD,Married,58502.7,1,1,06-03-2014,96,7,3,8,6,11
3065,1977,Master,Married,27964.5,1,1,10-05-2013,0,0,13,7,5,10
3066,1952,Graduation,Single,49700.4,0,0,18-06-2014,53,10,1,2,8,3
3067,1995,Graduation,Widow,30403.2,0,1,28-02-2013,45,0,12,6,14,1
3068,1986,Master,Divorced,63082.6,1,1,30-11-2013,40,10,14,4,0,6
3069,1964,PhD,Together,35695.6,0,1,18-01-2012,40,6,2,1,12,2
3070,1948,Basic,Single,48067.4,2,0,16-08-2014,7,6,13,7,8,11
3071,1943,Basic,Together,47204.0,1,1,20-03-2013,31,1,10,0,12,3
3072,1953,Basic,Divorced,52431.6,1,1,14-07-2013,29,2,8,3,8,8
3073,1976,Graduation,Together,83251.1,0,1,12-07-2013,45,1,13,3,3,1
3074,1973,Graduation,Single,45180.8,1,1,18-09-2013,91,5,6,9,12,11
3075,1950,Master,Together,74358.5,0,2,08-02-2012,51,12,2,4,11,7
3076,1980,Graduation,Divorced,59599.9,0,0,29-12-2013,95,12,4,3,14,0
3077,1995,Graduation,Together,78368.1,0,2,28-07-2012,88,7,2,0,11,2
3078,1942,Basic,Together,43231.3,1,1,12-02-2014,97,7,9,6,4,3
3079,1998,Basic,Married,63922.7,0,1,29-07-2012,60,0,3,9,2,5
3080,1967,Graduation,Married,48814.6,0,0,18-07-2013,96,10,11,1,6,0
3081,1968,Graduation,Single,0.0,0,0,29-08-2014,12,8,7,9,14,7
3082,1948,Graduation,Together,28203.1,1,1,07-10-2012,88,10,13,2,1,1
3083,1942,Basic,Single,61647.5,1,1,16-05-2014,39,7,2,4,7,4
3084,1964,2n Cycle,Married,60325.3,1,0,12-04-2014,60,8,2,7,8,5
3085,1973,Graduation,Married,24100.5,0,1,12-05-2012,43,12,10,9,5,7
3086,1951,Graduation,Married,54407.4,0,0,24-03-2013,61,13,10,7,8,2
3087,1981,Basic,Single,60065.2,1,2,20-09-2012,43,12,7,1,5,11
3088,1948,Graduation,Together,49306.7,0,1,17-03-2014,47,8,9,8,2,8
3089,1954,PhD,Together,64576.4,2,0,20-04-2012,73,10,12,5,9,11
3090,1979,2n Cycle,Single,61851.1,1,1,08-07-2013,58,11,9,8,2,4
3091,1964,Graduation,Single,49297.1,0,2,29-04-2014,56,5,6,3,1,7
3092,1944,PhD,Single,39783.5,0,0,25-08-2012,94,2,6,2,4,3
3093,1950,Graduation,Divorced,70850.8,1,1,09-06-2014,10,0,9,4,12,11
3094,1998,Graduation,Married,59263.2,0,0,01-04-2013,24,10,1,4,13,8
3095,1973,Basic,Married,22371.3,0,1,19-06-2014,60,7,11,3,3,7
3096,1963,Graduation,Single,54418.0,1,0,28-01-2014,45,9,6,6,11,4
3097,1999,2n Cycle,Together,26979.5,0,0,30-05-2013,53,2,9,7,5,2
3098,1954,PhD,Divorced,30708.6,1,0,25-05-2014,33,12,10,4,4,0
3099,1977,Graduation,Divorced,36961.8,0,0,10-05-2014,83,6,9,8,5,4
3100,1947,Graduation,Together,50897.5,1,1,15-06-2014,6,12,2,6,3,4
3101,1998,Graduation,Single,57489.7,0,0,11-05-2014,96,9,13,6,13,3
3102,1944,Graduation,Single,41821.2,0,0,03-04-2014,61,5,6,7,12,9
3103,1987,Graduation,Single,42696.3,1,1,21-06-2012,56,2,12,3,2,9
3104,1965,Graduation,Married,39935.1,1,0,11-07-2012,98,5,3,9,0,7
3105,1957,Graduation,Single,70950.3,0,1,29-05-2013,92,11,12,5,4,2
3106,1945,Master,Married,0.0,0,2,28-02-2014,75,2,7,4,5,11
3107,1976,Master,Married,43826.5,1,1,25-08-2014,4,12,7,0,4,9
3108,1999,Master,Widow,80899.7,0,0,21-07-2013,75,12,5,8,4,8
3109,1987,Graduation,Together,60344.6,2,0,24-02-2014,92,13,12,1,11,2
3110,1952,Graduation,Divorced,75336.9,2,2,12-02-2013,34,8,11,5,5,3
3111,1967,Master,Together,9315.0,1,0,18-11-2013,83,12,2,7,3,5
3112,1944,Graduation,Single,25155.0,0,0,19-09-2013,36,0,5,2,13,8
3113,1952,Graduation,Together,60281.0,0,0,24-03-2012,59,12,5,4,11,9
3114,1956,Basic,Married,81012.6,1,0,01-11-2013,64,7,2,6,3,1
3115,1989,Master,Together,27175.3,0,1,08-03-2014,15,4,10,3,10,1
3116,1979,PhD,Married,42244.8,0,1,20-03-2012,29,3,3,4,12,1
3117,1984,Graduation,YOLO,58029.3,0,2,31-07-2013,72,0,14,0,7,4
3118,1971,Master,Married,20950.0,0,1,27-07-2012,41,8,1,3,10,5
3119,1968,PhD,Married,60433.8,0,0,05-06-2013,60,12,14,6,7,2
3120,1990,Master,Widow,0.0,0,0,17-07-2012,73,8,0,9,11,2
3121,1997,Master,Single,59844.8,1,2,24-07-2013,76,12,1,6,2,1
3122,1942,Basic,Together,30098.3,0,0,21-08-2012,47,4,6,9,6,10
3123,1995,PhD,Together,41048.1,0,0,29-03-2014,61,13,9,9,14,5
3124,1979,Graduation,Divorced,63037.7,0,2,31-08-2012,83,10,4,3,4,0
3125,1973,Master,Absurd,58945.0,1,1,09-06-2014,92,8,8,5,4,8
3126,1979,PhD,Absurd,49840.4,0,0,27-01-2013,63,9,2,4,11,10
3127,1966,Master,Single,69380.8,1,1,19-07-2013,56,13,1,0,12,9
3128,1952,Graduation,Divorced,15996.5,2,2,21-03-2013,67,8,14,7,2,3
3129,1984,Graduation,Together,54088.3,0,0,28-04-2014,45,6,3,6,1,1
3130,1972,Basic,Together,34196.6,0,1,27-01-2013,27,7,1,4,12,11
3131,1945,Master,Single,68360.6,0,0,09-01-2012,76,0,10,9,2,5
3132,1963,2n Cycle,Together,63741.3,2,1,04-09-2013,2,3,6,9,14,4
3133,1958,Master,YOLO,64467.0,1,2,08-07-2014,36,9,9,6,6,2
3134,1955,PhD,Widow,82907.6,1,2,17-03-2014,47,9,5,9,2,2
3135,1979,Master,Married,72527.0,0,0,15-12-2013,18,3,7,2,14,4
3136,1967,Basic,Single,46851.6,2,0,22-06-2014,91,11,12,7,10,3
3137,1972,PhD,Married,49974.6,0,0,01-06-2012,82,8,4,4,12,4
3138,1998,PhD,Divorced,62018.8,0,1,19-04-2012,16,2,1,1,1,1
3139,1998,Graduation,Together,52723.5,1,0,13-04-2014,81,11,12,1,3,10
3140,1987,Graduation,Married,64103.5,2,0,22-09-2012,81,9,3,3,11,0
3141,1980,Master,Single,5393.6,0,0,07-01-2013,86,9,0,6,4,4
3142,1952,Graduation,Married,87616.1,0,0,31-05-2012,39,0,1,9,12,10
3143,1982,Graduation,Married,51220.6,0,0,02-09-2014,49,10,3,3,6,0
3144,1984,Graduation,Widow,17550.7,0,1,17-08-2013,72,4,5,8,0,2
3145,1964,Graduation,Together,31724.1,0,0,12-08-2014,28,6,3,1,13,7
3146,1992,Graduation,Married,7413.5,2,0,18-02-2013,50,11,3,5,7,10
3147,1981,Graduation,Married,28195.3,1,1,25-06-2014,41,3,13,3,9,7
3148,1975,2n Cycle,Single,47155.0,1,1,07-10-2013,28,8,10,5,2,8
3149,1966,PhD,Absurd,80294.3,1,0,21-11-2012,65,5,9,9,13,0
3150,1977,Graduation,Married,58213.5,0,0,02-11-2013,16,5,9,8,10,3
3151,1999,Graduation,Married,54657.2,1,1,04-07-2013,30,2,1,9,5,5
3152,1946,Master,Married,27297.9,1,0,24-06-2012,91,9,8,8,3,6
3153,1944,Graduation,Together,33510.3,0,1,08-06-2013,51,9,11,8,13,4
3154,1982,Basic,Together,35061.4,1,0,10-11-2012,38,4,9,8,4,6
3155,1984,Master,Together,35877.4,0,0,07-03-2012,59,9,7,2,9,10
3156,1997,Master,Married,42969.3,1,0,09-08-2014,93,5,7,8,11,9
3157,1996,Graduation,Married,44479.8,2,1,29-01-2014,98,13,4,2,14,7
3158,1990,Master,Single,43218.4,0,2,06-07-2013,50,3,2,9,5,9
3159,1970,Graduation,Together,36573.5,1,0,02-07-2012,83,12,5,2,1,5
3160,1962,2n Cycle,Single,52701.1,0,1,04-02-2012,15,2,13,4,12,10
3161,1981,PhD,Together,43711.7,1,0,22-07-2014,97,4,8,5,14,3
3162,1949,Graduation,Divorced,18088.7,0,0,19-05-2013,13,6,7,8,2,0
3163,1971,Graduation,Divorced,50687.6,0,1,28-04-2014,89,10,6,0,14,10
3164,1982,Graduation,Married,47664.7,0,0,20-08-2014,83,5,13,7,7,4
3165,1992,Master,Married,18407.5,1,2,12-03-2014,41,1,10,3,7,9
3166,1969,Graduation,Single,38174.0,0,1,16-03-2012,50,0,14,9,0,9
3167,1978,PhD,Together,61941.5,2,2,16-04-2013,23,4,7,6,9,9
3168,1970,Graduation,Divorced,27271.0,0,1,04-08-2013,81,4,3,5,7,3
3169,1957,Master,Married,25156.4,2,0,15-01-2014,42,11,5,5,10,4
3170,1975,Basic,Married,43502.3,1,0,06-06-2013,72,11,14,6,1,3
3171,1941,Master,Divorced,62458.6,0,0,29-05-2014,18,5,14,3,9,8
3172,1953,Master,Divorced,86206.6,0,0,09-10-2012,83,2,13,5,9,2
3173,1952,Graduation,Married,63178.7,1,0,26-03-2014,60,0,4,2,12,2
3174,1968,Graduation,Together,71696.6,1,0,19-06-2013,93,3,11,4,7,9
3175,1951,Master,Single,56934.0,1,2,30-09-2012,62,3,1,1,11,6
3176,1978,Graduation,Single,36297.7,0,0,22-06-2013,25,9,7,2,9,1
3177,1941,Graduation,Widow,63034.2,0,1,23-02-2012,94,1,2,8,4,8
3178,1971,Graduation,Divorced,48287.8,2,2,24-02-2012,34,13,13,5,0,7
3179,1952,Graduation,Together,57540.7,0,1,06-06-2014,66,7,4,2,7,11
3180,1985,Graduation,Single,31079.4,0,0,14-01-2014,55,5,7,1,11,5
3181,1966,Basic,Divorced,59328.9,0,0,03-10-2012,39,11,10,4,4,8
3182,1988,Graduation,Married,47589.8,1,0,18-03-2013,28,2,14,9,14,10
3183,1980,PhD,Married,54625.2,1,0,01-06-2014,5,0,8,4,0,2
3184,1956,Graduation,Married,48298.5,0,0,21-02-2013,51,11,12,0,14,3
3185,1979,Master,Single,44455.9,0,1,23-09-2013,0,10,14,2,3,6
3186,1970,Graduation,Together,59693.8,0,0,12-08-2012,51,2,8,6,12,0
3187,1973,Basic,Together,41878.2,0,1,23-07-2013,23,7,13,8,0,0
3188,1999,Basic,Single,18226.2,0,2,11-09-2012,33,3,4,4,12,0
3189,1963,Graduation,Single,12520.6,2,0,24-06-2012,6,2,1,3,8,11
3190,1984,2n Cycle,Single,53688.3,0,0,19-07-2013,74,12,6,2,9,7
3191,1974,2n Cycle,Single,41055.6,0,1,25-05-2012,10,10,10,9,1,5
3192,1987,Basic,Together,15418.0,1,0,09-02-2014,35,3,10,8,7,2
3193,1945,Basic,Divorced,52130.7,0,1,25-10-2013,19,10,6,6,3,9
3194,1958,Graduation,Single,48122.5,1,0,19-01-2013,62,3,14,6,8,6
3195,1969,PhD,Single,40007.7,0,1,18-09-2012,79,1,11,7,1,5
3196,1946,Graduation,Together,54936.2,0,0,14-06-2013,62,3,12,9,11,4
3197,1949,Graduation,Divorced,76301.9,2,0,03-05-2014,68,10,7,0,2,2
3198,1980,2n Cycle,Married,75691.8,1,1,05-01-2013,87,11,7,3,1,3
3199,1971,Graduation,Married,52875.3,0,0,13-11-2013,29,8,4,4,9,10
3200,1973,Master,Together,48305.8,1,0,09-06-2014,29,3,14,4,13,10
3201,1967,Basic,Married,53154.7,2,0,22-06-2014,96,11,0,0,4,0
3202,1999,Basic,Single,56180.1,0,0,15-07-2012,83,0,12,2,10,8
3203,1954,2n Cycle,Together,44634.0,0,1,05-08-2014,21,0,10,1,0,4
3204,1969,Graduation,Together,53490.9,2,1,07-08-2013,60,0,12,6,11,1
3205,1976,Graduation,Together,18527.4,0,1,25-03-2014,20,13,3,4,2,11
3206,1968,Graduation,Together,51627.0,1,1,19-08-2013,36,4,3,2,0,10
3207,1961,Graduation,Together,59536.3,1,0,10-10-2012,26,5,14,7,9,8
3208,1943,Graduation,Married,40203.2,1,0,28-10-2012,34,11,10,0,14,11
3209,1959,Graduation,Married,48090.5,0,1,11-05-2012,37,5,2,0,13,6
3210,1971,Master,Single,27769.9,0,1,29-04-2012,59,5,7,5,7,7
3211,1975,PhD,Single,24993.7,1,0,28-12-2013,69,8,2,0,14,2
3212,1989,Graduation,Together,54216.3,0,0,15-05-2012,31,0,12,3,11,6
3213,1943,Master,Divorced,35408.7,0,0,19-09-2013,79,9,4,5,3,10
3214,1966,Graduation,Absurd,14463.5,0,1,26-07-2013,91,5,1,0,2,0
3215,1956,Graduation,Together,27764.4,0,1,12-06-2013,79,12,5,8,7,5
3216,1951,Master,Single,30672.4,2,0,03-02-2012,26,7,14,3,12,9
3217,1961,PhD,Single,65491.6,0,1,15-06-2013,2,7,5,8,8,5
3218,1956,Master,Divorced,53582.3,2,0,26-07-2012,48,11,7,8,7,10
3219,1949,Graduation,Together,32568.0,0,0,27-08-2014,84,2,7,5,5,9
3220,1993,Basic,Together,38244.7,1,1,04-11-2013,29,12,0,6,13,11
3221,1940,PhD,Together,76241.7,0,0,25-10-2012,21,4,4,0,14,5
3222,1961,PhD,Together,68722.0,1,0,05-06-2013,18,9,1,4,2,2
3223,1965,PhD,Divorced,27638.8,1,2,03-04-2012,30,3,9,2,7,5
3224,1995,Basic,Single,73270.5,0,1,17-02-2013,19,11,11,9,12,2
3225,1998,PhD,Together,48387.4,2,1,05-01-2013,18,0,4,9,4,9
3226,1957,PhD,Divorced,65992.2,0,0,12-02-2013,1,8,9,5,4,8
3227,1989,2n Cycle,Married,46733.8,1,0,17-01-2013,39,4,11,3,11,6
3228,1953,Master,Together,73716.6,2,2,16-03-2013,38,1,8,8,8,3
3229,1986,Graduation,Married,26807.6,1,1,27-05-2014,90,11,3,6,0,2
3230,1968,Master,Absurd,44891.0,2,1,22-03-2013,71,1,7,3,6,5
3231,1951,Graduation,Single,74329.2,0,0,10-09-2013,53,10,0,5,7,8
3232,1975,Graduation,Together,2147.8,0,0,08-09-2013,26,6,7,1,10,2
3233,1998,PhD,Single,49078.8,0,2,11-03-2012,78,3,5,2,9,7
3234,1974,2n Cycle,Together,42129.1,0,1,31-07-2014,11,0,7,6,2,5
3235,1991,2n Cycle,Single,63693.2,1,0,24-03-2012,77,4,5,3,7,3
3236,1951,Graduation,Married,71398.3,0,0,27-07-2012,70,1,10,9,0,4
