priority,weapon,injury,offense,time-band,location,district,repeat-site,witness,cctv,alcohol,gang-flag,juvenile,domestic,vehicle,weekday,shift,precinct-size,report-delay,officer-count,clearance,file-flag
r,o,n,r,d,c,d,f,f,f,f,f,t,f,f,t,a,s,i,m,o,i
r,n,m,t,e,c,e,t,t,t,f,t,f,f,f,f,b,m,i,o,?,i
r,o,n,a,d,s,b,f,f,f,f,f,f,f,f,t,c,m,i,m,o,i
p,f,n,t,d,s,d,f,f,f,f,f,t,f,t,t,a,l,s,o,?,i
r,n,s,t,d,p,c,f,t,t,f,f,f,f,f,f,b,s,i,o,c,i
p,u,m,r,n,s,d,f,f,f,f,f,f,f,t,t,a,m,s,m,?,i
r,o,n,t,e,s,a,f,f,f,f,f,f,f,f,t,a,s,i,o,o,i
p,o,s,h,e,h,b,f,t,f,t,t,f,f,t,t,a,l,i,o,c,i
r,n,n,a,e,c,b,f,f,t,f,f,f,t,f,f,c,m,i,o,o,i
r,n,m,a,d,h,c,f,t,f,t,f,f,f,f,t,b,s,s,o,o,i
p,n,n,d,d,s,a,t,f,f,f,f,f,f,t,f,b,s,i,m,c,i
r,u,n,b,d,h,c,f,f,t,f,f,f,f,f,t,b,s,i,o,c,i
p,f,n,r,e,h,c,f,t,t,t,f,f,f,f,t,b,s,l,m,o,i
p,o,n,r,n,c,a,f,t,t,f,f,f,f,f,f,a,m,i,o,?,i
r,n,n,d,d,p,b,f,t,t,f,f,t,f,t,f,c,l,i,o,?,i
r,n,n,t,e,s,a,t,f,f,f,f,f,f,f,t,a,m,s,m,c,i
p,k,m,t,n,c,f,t,t,f,f,f,f,f,t,t,a,s,i,o,o,i
r,n,n,h,n,c,a,f,f,f,f,f,f,f,f,t,c,s,i,o,c,i
p,o,n,t,d,c,d,f,t,t,f,f,f,f,f,t,a,m,s,m,?,i
p,k,s,v,n,h,c,t,f,f,f,f,f,f,t,t,b,l,i,o,c,i
p,f,m,r,e,s,b,f,f,t,f,f,f,f,f,t,a,s,i,m,o,i
p,n,s,b,e,c,e,f,f,t,f,f,f,f,f,t,a,l,i,m,c,i
p,u,n,v,n,h,d,t,f,f,t,f,f,f,f,t,b,l,i,m,?,i
p,u,n,h,d,h,d,t,f,f,t,f,f,f,f,t,b,m,l,o,o,i
r,o,n,t,n,s,a,f,f,f,f,f,t,f,f,f,b,m,i,o,?,i
r,n,n,r,e,s,b,f,f,f,f,t,t,f,f,t,c,m,s,o,o,i
r,n,n,v,n,s,b,t,t,f,t,f,f,t,t,t,c,m,s,o,c,i
p,n,s,a,n,s,c,f,t,f,f,f,f,f,f,t,a,m,i,m,c,i
r,n,n,d,e,s,f,f,t,f,t,f,t,t,f,t,c,s,s,o,o,i
p,f,m,a,d,s,c,f,f,t,f,t,f,t,f,t,b,l,i,o,?,i
p,f,n,t,d,s,b,f,f,t,f,f,f,f,t,f,b,l,i,o,c,i
r,u,n,d,n,s,a,f,f,f,f,t,f,f,t,t,c,s,s,o,o,i
r,n,n,d,e,t,c,f,t,t,t,f,f,f,f,t,b,m,i,m,?,i
p,n,f,t,n,h,a,f,f,f,f,t,f,f,t,t,c,m,l,m,c,i
r,n,n,v,d,h,b,t,f,t,f,f,t,t,f,t,a,l,i,o,o,i
r,n,n,t,e,c,f,f,t,f,t,f,f,f,f,f,a,m,i,m,?,i
r,n,n,t,n,h,d,t,f,f,t,t,f,f,f,t,b,s,i,o,o,i
r,n,m,t,n,s,b,f,f,t,f,f,t,f,f,t,b,m,i,o,c,i
r,n,f,d,d,h,b,f,t,f,f,f,f,f,f,f,c,m,i,o,c,i
p,f,s,t,d,s,d,f,t,f,f,f,f,f,t,f,c,m,i,o,o,i
p,n,m,t,n,h,a,f,t,t,t,f,f,t,f,t,b,m,s,o,c,i
p,o,f,v,n,s,f,f,t,t,f,f,f,f,t,t,a,l,i,o,o,i
p,f,m,a,e,h,d,t,f,t,f,f,f,f,t,f,b,s,i,m,o,i
r,n,n,t,e,s,c,f,t,t,f,f,t,f,f,t,a,m,i,o,?,i
r,o,n,t,d,s,e,t,t,t,f,f,f,t,f,t,a,m,i,m,c,i
r,o,n,v,d,c,b,t,f,t,t,f,f,f,f,t,c,m,i,o,?,i
p,n,n,r,d,s,a,f,f,t,f,t,f,f,f,f,a,l,s,o,o,i
r,n,n,v,d,h,d,f,t,f,f,f,t,t,f,t,a,m,i,m,?,i
p,f,n,t,n,s,a,t,f,t,f,f,f,f,f,t,a,s,i,o,o,i
p,n,s,a,d,c,a,f,t,t,f,f,f,f,f,t,a,m,s,m,o,i
p,n,f,v,n,h,f,f,t,f,f,f,f,f,f,f,a,m,s,o,c,i
r,n,n,t,e,p,e,f,f,f,f,t,f,f,f,f,a,m,s,o,c,i
r,o,m,t,d,h,a,f,f,f,f,f,f,f,f,t,b,m,s,o,o,i
r,f,n,a,d,t,f,f,f,f,f,f,f,f,f,t,c,l,i,m,c,i
p,f,n,a,d,s,a,f,t,t,f,f,f,f,f,f,c,l,i,o,o,i
r,o,n,t,e,c,e,f,f,f,f,f,f,f,t,t,a,l,l,m,o,i
r,n,n,h,n,h,c,t,t,f,f,t,f,f,f,f,b,m,i,o,o,i
r,k,n,b,n,h,c,t,t,t,f,f,f,f,f,t,a,m,s,o,o,i
r,n,n,r,n,c,d,f,f,f,f,f,f,f,f,t,b,l,s,o,c,i
r,n,n,t,n,t,a,f,f,f,t,t,t,f,f,t,b,m,s,o,o,i
p,f,n,r,n,c,f,f,f,f,f,f,f,f,f,t,c,m,i,o,o,i
p,n,s,b,e,s,a,f,t,t,f,f,f,f,t,t,a,s,s,m,?,i
p,k,n,d,e,h,f,f,f,f,f,f,t,f,t,t,c,l,s,m,?,i
r,o,n,a,d,s,a,f,f,f,f,f,f,f,f,t,b,m,s,m,o,i
r,k,n,v,d,c,a,f,f,f,f,f,f,t,t,f,c,s,i,m,c,i
r,k,n,a,e,h,a,t,t,f,f,f,f,t,f,t,a,l,i,m,?,i
p,k,n,b,e,s,c,f,t,f,f,f,f,f,t,t,a,l,s,o,o,i
r,n,n,d,d,s,d,f,f,f,f,f,t,f,t,t,a,m,i,m,?,i
p,n,m,r,n,t,d,f,f,f,f,f,f,f,t,t,b,m,l,o,c,i
r,n,n,v,d,s,e,f,f,f,f,f,f,f,f,t,a,s,i,m,o,i
p,n,m,d,e,s,c,f,t,f,f,f,f,f,t,f,c,l,s,m,c,i
p,n,n,d,n,s,c,f,f,f,f,f,t,f,t,t,c,m,s,o,?,i
r,o,n,t,d,h,b,f,t,t,f,f,f,f,f,t,c,m,s,m,o,i
r,n,n,t,n,s,d,f,f,f,t,f,f,f,f,f,c,m,i,o,o,i
r,n,n,b,n,c,f,f,t,t,t,f,f,f,f,t,a,l,i,o,c,i
r,n,n,h,e,s,b,f,f,t,t,f,t,f,f,t,b,l,i,m,c,i
r,n,n,b,n,s,b,f,f,f,f,f,f,f,f,t,b,m,s,o,o,i
p,f,n,a,e,s,b,f,t,f,t,f,f,f,f,t,c,s,s,o,o,i
p,k,m,b,e,s,b,f,f,t,f,f,f,f,t,f,b,m,s,m,?,i
r,o,n,t,e,c,d,t,t,f,f,f,f,f,t,f,a,m,s,o,c,i
p,f,n,t,d,s,a,f,t,t,t,f,f,f,f,t,b,s,i,o,o,i
r,n,m,t,d,c,e,f,t,f,f,f,f,f,f,t,a,s,i,o,o,i
p,o,n,t,d,h,a,t,f,f,f,t,f,f,f,t,a,m,i,o,o,i
r,n,m,v,d,s,a,f,t,t,t,f,f,t,f,f,c,s,i,o,?,i
p,n,s,a,n,s,a,f,t,f,f,f,f,f,f,t,a,l,l,o,o,i
r,n,s,t,n,h,c,f,f,t,f,f,f,f,t,t,a,s,i,m,o,i
p,f,n,b,n,h,e,f,t,t,t,f,f,f,t,t,c,m,l,m,o,i
r,n,n,a,d,h,f,f,t,f,f,f,t,f,f,t,a,m,i,o,?,i
r,n,n,a,e,p,c,f,t,t,f,f,t,f,f,f,a,l,s,m,o,i
p,k,m,a,e,s,b,f,t,f,f,f,f,f,t,t,a,l,i,m,o,i
r,n,m,t,d,h,e,f,f,f,f,f,f,f,f,t,c,s,s,o,o,i
p,f,n,r,e,h,d,f,f,f,f,t,t,f,t,t,a,s,i,m,c,i
r,n,n,t,d,s,d,t,f,f,f,f,f,f,f,t,a,m,i,o,o,i
r,n,n,t,n,h,c,f,t,t,f,f,f,f,f,t,c,l,i,o,?,i
r,n,n,t,d,h,d,f,f,t,t,f,f,f,f,t,b,s,s,o,o,i
p,k,n,a,n,h,a,t,f,t,f,f,f,f,f,t,c,m,s,o,o,i
r,n,s,t,n,c,b,f,t,f,f,f,f,t,f,t,c,m,s,o,?,i
r,n,n,a,e,s,f,t,f,t,f,f,f,t,f,t,a,l,s,o,o,i
r,n,n,t,d,h,a,t,f,t,f,t,f,f,f,f,a,m,i,o,c,i
p,u,s,t,d,c,b,t,f,f,f,f,f,f,f,t,b,l,s,m,o,i
r,u,n,d,n,h,b,f,t,f,f,f,f,f,f,t,b,m,i,o,c,i
r,f,n,a,d,c,a,t,t,f,t,f,f,f,f,t,b,m,s,o,o,i
r,n,m,t,d,h,f,f,f,f,f,f,f,f,t,t,b,m,i,o,c,i
p,u,n,b,n,h,a,f,f,f,f,f,f,f,f,t,c,m,i,o,c,i
r,o,n,t,n,s,c,f,f,f,f,f,f,f,f,f,b,s,i,o,o,i
p,f,m,v,e,c,e,f,t,f,f,f,f,t,f,f,b,s,l,o,o,i
r,n,m,t,d,h,a,f,f,f,f,f,f,f,t,t,c,l,i,o,?,i
r,n,m,b,e,s,a,f,t,f,f,f,f,f,f,f,c,m,i,o,o,i
p,n,f,d,n,s,b,f,t,f,f,f,f,f,t,t,a,s,i,o,c,i
p,u,n,t,d,s,a,f,f,t,f,f,f,f,f,f,c,s,l,m,o,i
r,n,m,t,d,h,a,t,f,f,f,t,f,f,f,t,c,l,s,o,o,i
r,n,n,r,d,s,d,t,f,t,t,f,f,f,t,t,a,l,i,m,?,i
r,n,m,h,e,p,a,f,t,f,f,f,f,f,f,f,a,m,s,m,?,i
p,k,m,a,d,t,d,t,t,f,f,t,f,f,f,t,b,l,i,o,?,i
p,n,m,r,n,t,f,f,f,f,f,t,f,f,f,t,b,s,l,o,c,i
p,o,s,t,d,s,b,t,f,f,t,f,f,f,f,f,b,l,i,m,o,i
p,f,n,r,d,h,b,t,f,f,f,f,t,f,f,f,a,m,i,o,o,i
p,f,m,t,n,p,a,f,f,t,f,f,f,f,f,t,b,m,i,o,c,i
p,n,n,r,n,c,a,t,f,f,f,f,f,f,t,t,c,s,i,m,o,i
r,k,n,t,e,s,c,f,f,t,f,f,f,f,t,f,a,s,i,m,c,i
p,k,m,b,n,p,c,f,t,f,f,f,f,f,t,t,a,s,l,m,o,i
p,f,m,t,d,h,a,f,f,f,f,f,f,f,f,t,b,m,i,m,c,i
r,n,n,r,e,c,b,f,f,f,f,f,f,f,f,t,a,s,s,o,c,i
r,n,n,v,d,t,a,f,f,f,f,f,f,t,f,t,a,m,i,m,o,i
r,n,n,d,e,t,d,f,t,t,f,t,f,f,t,t,a,l,i,m,?,i
p,k,n,h,n,h,c,f,f,f,f,t,f,f,t,t,a,l,i,o,?,i
p,n,n,a,n,s,e,t,t,f,t,f,f,f,f,t,b,l,s,o,c,i
p,n,s,r,d,h,d,f,f,t,f,f,f,f,t,t,a,l,i,o,c,i
r,n,n,t,d,c,b,f,f,f,f,t,t,f,f,t,b,m,s,m,c,i
p,k,f,d,n,h,d,f,f,f,f,f,t,f,t,t,c,m,l,m,c,i
r,n,n,r,e,h,a,t,t,f,f,t,f,f,f,t,b,l,l,o,?,i
p,u,m,a,d,h,d,f,f,f,f,f,f,f,t,t,c,m,l,o,?,i
r,k,n,a,d,h,b,f,t,f,f,f,f,f,f,t,a,m,i,o,?,i
r,n,m,v,d,t,c,f,f,f,f,f,f,t,f,t,c,l,i,m,o,i
p,k,m,d,e,p,c,f,t,f,f,f,f,f,t,f,a,l,s,o,o,i
r,n,m,v,e,h,d,f,t,t,f,t,t,f,f,t,b,m,s,m,o,i
p,u,s,b,e,h,d,t,f,f,f,f,f,f,t,t,b,m,i,m,o,i
p,k,n,a,e,h,a,f,t,f,t,f,f,f,f,t,a,l,s,m,c,i
p,o,n,d,e,h,c,f,f,f,f,f,t,f,f,t,a,m,i,o,o,i
r,n,n,r,d,s,a,f,f,f,f,t,f,f,f,f,a,l,i,m,o,i
p,k,m,b,d,c,b,f,t,f,t,f,f,t,f,f,c,l,l,o,c,i
p,k,n,b,d,c,a,f,t,f,f,f,t,t,t,t,a,s,s,m,o,i
p,u,n,r,n,h,d,t,f,f,f,f,f,f,f,f,b,s,s,o,o,i
p,k,n,v,n,t,d,f,f,f,f,f,f,f,f,t,a,s,l,o,c,i
r,n,n,b,d,t,e,f,f,f,f,f,t,f,t,f,b,l,i,m,?,i
r,n,m,d,e,p,c,f,t,f,f,t,f,t,t,t,a,m,s,o,?,i
r,n,m,d,e,t,e,f,t,t,f,f,f,f,t,t,a,m,s,m,o,i
p,k,m,a,e,h,f,f,t,f,t,f,f,f,f,f,b,m,s,o,?,i
p,n,m,t,e,t,a,f,t,t,f,f,t,f,f,f,c,m,i,o,o,i
p,n,s,b,n,t,e,f,f,f,t,f,f,f,t,t,c,l,i,o,o,i
p,o,n,r,d,c,b,f,t,f,t,f,f,f,t,t,c,m,i,o,o,i
p,u,s,b,e,s,b,f,f,f,t,f,f,f,f,t,a,s,l,o,o,i
r,n,n,d,e,s,f,f,t,t,f,f,f,f,f,t,a,m,s,o,o,i
p,k,m,t,e,h,b,f,f,f,f,f,f,f,f,t,a,s,i,m,?,i
p,n,m,a,d,c,f,f,t,t,t,t,f,f,f,f,c,l,i,o,c,i
p,f,n,d,e,h,e,t,t,t,f,f,f,f,t,f,c,m,s,m,c,i
p,n,n,d,d,c,f,f,f,f,f,f,f,f,f,t,c,m,l,o,o,i
p,f,n,a,e,c,d,f,f,f,t,f,t,f,t,t,b,m,i,o,o,i
p,f,n,t,e,s,d,f,f,f,f,f,f,f,f,f,b,m,i,m,o,i
p,o,s,a,d,s,c,f,f,f,f,f,f,f,f,t,c,m,l,m,o,i
p,n,n,a,n,c,c,t,t,t,f,f,t,f,f,t,c,l,s,o,o,i
p,u,n,b,n,s,e,f,f,f,f,f,f,f,f,t,a,m,s,o,o,i
r,n,n,t,e,t,c,f,f,f,t,f,f,t,f,f,a,l,s,o,c,i
r,n,n,a,n,p,c,f,f,t,f,f,f,f,f,t,c,s,s,m,c,i
p,k,n,r,n,h,f,f,f,f,t,f,f,f,t,t,b,m,i,o,?,i
r,n,n,r,d,h,b,f,f,f,t,f,t,f,t,t,c,m,s,m,o,i
p,o,n,r,e,p,e,f,t,t,t,t,t,f,t,t,b,m,i,o,c,i
p,o,n,a,e,p,b,t,t,t,t,f,f,f,f,t,c,m,i,o,c,i
p,n,n,a,e,h,a,f,f,f,f,f,f,f,t,f,b,m,s,o,o,i
p,u,n,a,n,t,d,f,f,f,f,f,t,f,t,t,c,l,s,o,c,i
p,n,m,h,e,h,c,f,f,f,t,t,f,t,f,f,b,s,i,o,c,i
p,k,n,a,d,s,e,f,t,f,f,f,f,f,f,f,c,m,i,o,c,i
r,n,n,r,e,h,a,f,t,t,f,f,f,f,f,t,a,s,s,o,?,i
p,u,s,b,n,c,a,f,t,t,f,f,f,f,f,t,b,s,s,m,?,i
p,n,n,d,d,t,e,f,f,t,f,f,f,f,f,f,a,s,s,o,o,i
r,n,n,a,d,s,c,f,t,f,t,f,f,f,f,t,c,s,s,m,o,i
r,n,m,a,d,h,c,t,t,f,f,f,f,f,f,t,a,m,s,o,?,i
r,u,n,d,e,h,b,f,f,f,f,f,f,t,f,f,a,m,s,o,?,i
p,u,m,t,d,p,f,f,f,t,f,f,f,t,f,t,a,l,i,o,o,i
p,f,m,b,d,c,f,f,f,t,f,f,t,f,t,f,c,l,s,m,c,i
p,u,s,a,d,s,c,t,t,f,f,f,f,f,t,t,b,s,i,o,o,i
p,u,s,h,e,p,b,f,f,f,f,f,t,f,f,t,a,s,s,o,o,i
p,k,n,v,d,c,f,f,f,f,f,f,f,f,t,t,b,l,i,m,o,i
r,n,m,t,d,p,f,f,t,f,f,f,t,t,f,t,c,m,s,o,?,i
r,o,n,d,e,p,c,t,t,f,f,f,f,f,f,t,b,m,i,o,o,i
p,f,m,v,d,s,d,f,f,f,f,f,f,f,t,t,b,m,s,m,c,i
p,n,n,b,d,t,c,f,f,f,f,f,f,f,t,t,b,l,s,o,o,i
r,n,n,t,e,h,b,f,f,t,f,f,f,f,t,f,b,l,i,m,o,i
p,f,n,t,d,t,d,f,t,f,f,f,f,f,f,f,b,l,s,m,?,i
r,n,n,r,d,s,d,f,t,f,t,f,f,f,f,t,a,m,s,m,?,i
p,u,n,a,e,c,c,f,t,f,f,t,f,f,f,t,b,m,i,o,o,i
r,n,n,d,d,s,e,f,f,f,f,f,f,f,f,f,a,s,l,o,?,i
p,n,s,t,e,s,c,f,f,f,t,f,f,t,f,t,a,m,i,o,?,i
p,o,n,r,n,t,f,f,t,t,t,f,t,f,f,f,b,m,s,o,o,i
r,n,m,t,e,s,b,t,f,t,t,f,f,f,t,t,a,m,i,o,o,i
p,n,m,r,e,s,f,f,f,f,f,f,t,f,t,t,c,s,l,o,o,i
p,k,m,t,n,p,b,f,t,f,f,f,f,t,f,t,c,l,i,o,c,i
r,u,n,a,e,h,a,t,t,f,f,f,f,f,f,f,c,l,s,o,o,i
p,n,s,t,n,h,d,f,t,t,f,f,f,f,t,t,b,m,l,o,?,i
r,n,m,r,e,t,a,f,t,f,f,f,f,f,f,f,c,m,i,o,o,i
r,o,m,a,e,h,a,f,t,t,f,f,f,t,f,t,b,l,i,o,o,i
p,u,s,v,n,s,e,f,f,f,f,f,f,f,t,t,c,m,s,o,?,i
r,k,n,t,d,c,b,f,f,f,f,f,f,t,f,t,b,m,l,o,o,i
r,n,n,b,n,c,e,t,f,f,f,f,f,f,f,t,b,l,l,o,?,i
p,n,s,b,e,s,a,t,f,t,f,f,f,f,f,t,a,s,i,m,?,i
r,n,n,t,e,h,c,f,t,t,f,f,t,f,f,f,c,l,l,o,o,i
r,n,m,t,e,h,c,f,f,t,f,f,f,t,f,t,b,s,s,m,?,i
p,f,n,a,d,s,c,f,f,f,t,f,f,f,f,t,b,m,s,m,c,i
p,n,n,r,d,s,c,t,f,t,t,f,f,f,f,t,a,m,i,m,o,i
p,k,n,h,n,t,c,f,f,f,f,f,t,t,f,t,b,l,i,o,c,i
p,f,n,t,e,s,b,f,f,t,t,f,f,f,f,t,c,l,i,o,?,i
p,k,f,v,n,s,a,t,t,f,f,t,f,f,t,f,c,s,s,o,c,i
p,n,n,r,d,t,d,f,t,f,t,f,f,f,f,t,c,s,i,o,?,i
p,o,m,r,d,h,c,f,f,t,f,f,t,t,t,t,c,m,s,o,o,i
p,f,n,b,d,t,b,f,f,f,f,f,f,f,t,t,b,m,s,o,o,i
p,f,s,h,d,p,b,f,t,t,t,f,f,f,f,t,b,l,s,o,c,i
r,n,n,b,e,h,f,f,t,f,f,f,f,f,f,f,c,m,i,o,o,i
r,n,n,d,n,h,b,t,t,f,t,f,f,f,f,t,b,l,i,o,c,i
p,u,n,t,n,s,f,f,t,t,f,t,f,f,f,t,a,s,i,m,o,i
r,n,n,v,e,s,b,f,t,t,f,f,f,f,f,t,c,l,i,o,?,i
p,n,f,h,d,s,f,t,t,f,f,f,f,f,f,t,a,l,i,o,c,i
p,k,f,d,e,h,c,f,t,f,f,f,f,t,f,t,b,l,i,m,o,i
r,f,n,a,e,h,c,f,f,f,f,f,f,f,f,t,c,s,i,m,?,i
r,u,n,d,e,p,b,f,f,f,f,f,f,f,f,t,c,s,s,o,?,i
r,n,n,t,e,s,f,f,f,f,t,f,f,f,t,t,b,m,l,o,c,i
p,u,n,r,d,h,b,f,t,t,t,f,f,t,f,t,b,l,i,o,?,i
r,n,n,a,d,s,e,f,t,t,t,f,f,f,f,f,b,m,i,o,o,i
p,k,n,r,n,s,a,f,f,f,f,t,f,f,f,t,c,s,i,o,?,i
p,k,n,a,e,c,d,f,f,f,t,f,f,t,f,t,a,s,s,o,?,i
r,n,s,t,n,c,e,f,f,f,f,t,f,f,f,t,b,m,i,o,o,i
r,n,n,t,d,h,c,t,f,t,f,f,f,f,f,t,a,l,i,o,c,i
r,n,n,t,e,h,d,f,t,f,f,f,f,f,f,t,c,m,l,o,c,i
p,u,n,a,d,h,e,f,t,f,t,f,f,f,f,t,c,s,s,m,?,i
p,k,n,d,n,p,c,f,f,f,f,f,t,f,t,f,a,m,l,o,o,i
p,u,n,v,d,h,b,f,f,f,t,f,f,f,f,f,b,m,s,o,?,i
p,o,m,v,e,c,c,f,t,f,f,f,t,f,f,t,b,s,i,o,?,i
r,n,n,v,d,s,e,f,t,f,f,f,t,f,f,f,a,m,s,o,o,i
r,o,m,a,d,h,b,f,f,f,f,f,f,f,f,t,a,s,i,m,o,i
p,n,s,b,d,h,d,t,t,f,t,f,f,f,f,t,a,s,i,o,o,i
p,n,s,b,e,s,a,t,f,f,f,f,f,f,f,t,b,s,i,o,c,i
p,o,m,t,n,h,f,t,t,f,f,t,f,f,f,f,a,l,l,o,o,i
p,o,n,b,n,h,d,f,t,f,f,f,t,f,f,t,a,m,s,m,c,i
r,n,n,v,e,s,c,f,t,t,t,f,f,f,f,f,b,s,i,o,o,i
p,k,n,r,e,t,e,f,t,t,t,f,f,f,t,t,b,m,i,o,c,i
p,k,s,v,n,s,e,t,f,t,f,f,t,f,f,t,c,l,s,o,c,i
p,u,s,t,d,p,a,t,t,f,f,f,f,f,f,t,b,s,s,o,o,i
p,k,n,v,n,h,b,f,f,t,f,f,f,f,t,t,a,m,i,o,?,i
r,n,n,t,n,s,c,f,f,f,f,f,f,f,f,f,a,m,i,o,o,i
r,n,n,d,e,s,b,f,t,t,f,f,f,f,f,t,b,m,s,m,?,i
p,n,n,t,d,c,b,t,f,f,f,t,f,f,f,f,a,m,l,o,?,i
p,f,f,b,d,c,b,f,t,f,f,f,t,f,f,t,c,l,i,o,?,i
r,u,n,b,d,c,a,f,t,t,f,f,f,t,t,t,a,l,i,o,c,i
r,n,n,t,n,h,a,f,t,f,f,f,f,t,t,t,a,m,s,o,c,i
r,n,n,a,e,s,b,f,f,t,f,t,f,f,t,f,b,m,i,o,o,i
r,n,n,t,e,c,a,f,t,f,t,f,f,f,f,t,b,s,s,o,o,i
r,f,n,b,e,p,c,t,f,f,t,f,f,f,t,t,b,m,i,o,?,i
p,o,m,d,n,h,a,f,t,f,f,f,f,f,f,t,a,l,s,m,?,i
p,n,n,a,d,p,a,t,t,f,f,f,f,f,f,t,c,s,i,o,?,i
r,n,n,b,d,c,e,f,t,f,f,f,f,f,f,f,a,m,i,m,c,i
p,k,n,d,e,h,d,f,t,t,f,f,f,t,f,t,c,s,l,m,?,i
r,n,n,a,d,h,f,f,t,f,t,f,t,f,f,t,b,l,i,o,c,i
p,o,n,d,d,s,f,f,t,f,f,t,f,f,f,f,a,m,i,o,?,i
r,n,n,a,e,s,d,f,t,f,f,f,f,f,t,t,b,s,i,m,?,i
r,n,n,a,d,c,e,t,f,t,f,f,f,f,f,f,b,l,s,o,o,i
p,u,n,t,n,t,a,f,t,t,f,f,f,t,f,t,a,m,l,o,o,i
r,n,m,t,n,h,d,f,f,f,f,f,f,f,f,f,a,m,i,m,o,i
r,n,m,r,n,s,c,t,f,f,f,t,f,f,f,f,b,s,s,o,o,i
p,n,s,d,n,s,d,t,f,f,f,f,f,f,f,f,c,l,s,m,c,i
p,n,n,t,d,h,a,f,f,f,f,f,f,f,f,t,b,l,s,o,c,i
p,n,m,d,d,c,f,f,t,t,f,f,f,f,f,t,b,s,l,o,o,i
p,n,m,a,e,s,c,f,f,t,t,f,f,f,f,t,b,l,l,m,o,i
r,n,n,a,d,s,e,f,f,f,t,f,t,f,f,t,a,s,l,o,c,i
r,n,n,d,n,c,f,f,f,t,f,f,f,f,t,t,b,m,s,m,o,i
p,k,n,d,d,s,f,f,f,t,f,f,f,f,t,t,b,l,s,m,?,i
p,f,m,b,e,h,b,f,t,f,f,f,f,f,f,t,c,m,s,o,?,i
p,n,n,t,e,c,c,f,t,f,f,f,f,f,f,t,a,s,s,o,o,i
r,n,n,t,n,s,d,f,f,f,f,f,t,f,f,f,a,m,i,o,c,i
p,k,f,t,e,h,c,f,t,t,f,t,f,f,t,f,b,m,s,o,o,i
p,u,n,v,e,s,c,f,f,f,t,f,f,f,t,t,a,l,s,o,o,i
p,o,s,a,d,h,d,f,f,f,f,t,f,f,f,t,b,m,s,o,o,i
p,n,m,r,e,t,f,f,f,f,f,f,f,t,f,f,b,s,s,o,o,i
r,n,m,t,e,c,b,f,t,t,f,f,f,f,f,t,a,l,s,o,?,i
r,n,m,b,e,s,a,t,t,f,f,f,f,f,f,t,a,m,i,o,?,i
r,n,n,a,n,s,d,t,f,f,t,t,f,f,t,t,b,m,l,o,c,i
p,k,m,b,d,s,d,f,t,t,t,f,f,f,t,t,c,m,i,o,c,i
p,n,m,b,d,p,f,f,f,f,f,f,f,f,f,t,b,m,s,o,c,i
r,n,m,h,n,c,e,t,f,f,f,f,t,f,t,t,a,m,s,o,c,i
r,n,n,d,d,h,c,f,f,f,t,f,t,f,t,f,b,s,i,o,o,i
p,k,n,r,e,s,d,f,t,t,t,f,f,f,t,t,a,m,l,o,?,i
r,n,n,t,e,t,f,f,f,t,f,f,f,f,f,t,b,m,i,m,o,i
r,o,n,d,n,p,b,f,t,f,f,f,f,f,f,f,c,l,s,m,c,i
r,n,n,d,d,s,a,f,f,f,t,f,f,f,t,f,b,l,i,m,o,i
p,u,m,d,d,h,d,f,t,t,f,f,f,f,f,t,c,s,l,o,c,i
p,n,m,b,n,h,a,f,f,t,f,f,f,f,f,f,a,l,i,o,?,i
p,o,m,t,e,h,f,f,f,f,f,f,f,f,f,t,b,m,l,o,c,i
p,u,n,v,e,h,a,f,t,f,t,t,f,f,f,t,b,m,l,m,o,i
r,u,n,a,d,s,b,f,t,f,f,f,t,f,f,t,c,s,l,o,?,i
r,o,n,a,d,c,f,f,f,t,f,f,f,t,f,t,c,l,s,o,o,i
p,o,n,a,n,c,a,t,f,f,f,f,f,f,f,f,a,m,l,o,?,i
p,f,n,b,e,h,a,f,t,t,f,f,f,f,t,t,b,l,i,o,?,i
p,o,n,a,n,h,a,t,t,f,f,f,f,t,f,f,c,l,s,o,o,i
r,n,n,r,n,s,f,f,f,f,t,f,f,f,t,f,b,s,s,m,c,i
r,k,n,r,e,h,f,f,f,f,f,f,f,f,f,t,c,m,i,o,?,i
p,k,n,b,e,p,c,f,t,t,f,f,f,f,f,t,a,m,s,o,c,i
r,o,n,t,e,h,e,f,t,f,f,f,f,f,t,t,c,l,i,m,?,i
r,n,n,d,n,t,e,t,f,f,t,f,f,f,f,t,a,s,i,o,c,i
r,n,m,a,e,c,a,f,t,f,f,f,f,t,f,t,c,l,i,o,?,i
p,k,n,a,d,c,b,t,f,t,f,f,f,f,f,f,b,l,i,o,o,i
p,n,n,a,n,h,f,f,f,f,f,f,t,f,f,t,a,m,l,o,o,i
r,n,n,a,e,s,a,t,f,t,f,f,f,f,f,t,a,s,i,o,?,i
p,n,s,r,n,t,c,f,t,f,f,f,f,f,t,f,b,l,i,o,o,i
r,n,n,t,e,c,b,t,t,t,f,f,f,f,f,f,b,m,i,m,?,i
p,n,m,d,e,t,d,t,f,f,f,f,f,f,f,f,c,m,i,m,?,i
r,n,n,t,e,h,a,f,f,f,f,f,t,f,t,t,b,s,s,m,?,i
r,n,m,h,n,h,b,f,f,f,f,f,f,f,f,f,c,m,s,o,c,i
p,n,s,r,d,s,a,f,f,f,t,t,f,f,f,t,c,m,s,o,c,i
r,n,n,t,d,h,f,f,f,f,f,f,f,f,f,f,b,m,i,m,o,i
p,f,m,b,n,h,a,f,f,f,f,f,f,f,t,t,a,m,s,o,?,i
r,n,n,a,n,t,c,f,t,f,f,f,f,f,t,t,b,m,i,m,o,i
r,u,m,h,d,p,c,f,f,t,t,f,t,f,f,t,b,m,s,m,c,i
r,u,n,v,d,h,b,f,f,t,t,f,t,t,t,t,a,m,i,o,o,i
p,k,n,b,e,h,e,t,f,t,f,t,f,f,t,t,b,l,s,m,c,i
p,n,s,a,d,s,b,t,t,f,f,f,f,f,f,t,c,m,i,o,o,i
r,k,s,h,d,h,d,f,f,f,f,f,t,f,t,t,b,l,i,m,o,i
p,o,n,r,e,t,c,t,t,f,f,f,f,f,f,t,a,m,s,o,?,i
p,f,f,b,e,c,f,t,t,f,f,f,f,f,f,t,a,m,i,o,o,i
r,o,n,a,d,h,e,t,f,f,f,f,f,f,f,f,b,s,s,m,c,i
p,k,n,a,d,p,b,f,f,f,f,f,f,t,f,f,a,m,l,o,c,i
p,k,m,v,n,s,e,f,f,f,f,f,f,t,f,f,b,s,i,o,?,i
r,n,n,b,e,t,e,f,t,f,f,f,f,f,t,t,a,m,s,o,o,i
p,f,n,d,n,c,f,f,f,f,f,f,f,f,f,t,a,m,s,o,o,i
r,n,m,b,d,s,f,f,f,f,f,f,f,f,f,f,c,s,l,o,c,i
p,f,n,b,n,c,e,f,t,f,f,t,f,f,t,f,a,m,l,o,o,i
p,u,n,b,n,s,c,f,f,t,f,f,f,f,f,f,a,m,s,o,o,i
r,n,n,v,d,c,b,f,t,f,t,f,f,f,t,t,c,s,l,m,c,i
p,k,m,a,e,s,f,f,f,f,f,f,t,f,t,t,a,m,s,m,o,i
r,n,n,d,e,s,f,t,t,t,f,f,t,f,t,t,c,l,i,o,c,i
p,f,n,a,e,c,a,f,f,t,f,f,f,f,f,t,a,m,s,o,o,i
r,n,m,r,n,h,d,f,f,f,f,f,t,f,f,t,a,l,i,o,?,i
p,u,n,d,d,s,a,f,f,f,f,f,f,f,t,f,b,m,s,m,o,i
r,n,n,v,e,p,b,f,t,t,f,f,f,f,f,f,c,m,s,o,o,i
p,u,m,a,n,s,c,f,t,f,f,f,f,f,f,t,b,m,i,o,o,i
p,o,m,v,d,h,b,f,t,t,f,f,f,t,t,t,a,s,i,o,o,i
r,k,n,t,d,h,e,f,f,t,f,f,f,f,f,t,c,s,i,o,o,i
r,o,m,t,d,s,a,t,f,t,t,t,f,f,f,f,c,m,i,o,c,i
p,o,m,v,n,t,d,f,t,t,f,f,f,f,t,t,b,s,i,m,c,i
r,u,n,v,d,h,d,t,t,f,f,f,f,f,t,f,a,m,l,o,c,i
p,n,m,t,d,s,e,f,t,t,f,f,f,f,f,t,c,l,i,m,o,i
p,k,m,d,e,h,a,f,f,t,t,f,f,f,t,f,b,s,i,o,o,i
r,n,n,a,n,h,b,t,t,t,t,f,f,f,t,t,c,l,l,o,c,i
p,k,n,d,e,s,d,f,f,t,f,f,f,t,f,t,a,m,i,o,c,i
p,n,m,v,n,s,e,f,f,f,f,f,f,f,t,f,c,l,i,m,o,i
p,k,f,d,d,h,c,t,t,f,f,f,f,f,f,t,c,m,s,o,?,i
p,k,n,d,e,c,c,f,t,f,f,f,f,f,t,t,b,m,l,m,c,i
r,n,m,h,e,s,f,t,f,t,t,f,f,f,f,t,a,l,s,m,c,i
p,k,m,r,d,h,b,t,f,t,f,f,f,f,t,t,b,l,i,o,c,i
r,o,m,t,n,s,a,f,t,f,t,f,f,f,t,f,c,l,s,o,c,i
p,o,s,a,e,s,f,f,t,t,t,f,f,f,f,t,b,l,i,m,o,i
p,k,n,v,d,c,e,f,f,f,f,f,t,f,f,f,a,m,s,o,?,i
p,k,n,t,d,s,b,t,t,f,f,t,t,f,t,f,b,m,i,o,?,i
r,u,n,d,d,s,e,t,t,f,f,f,f,t,f,t,c,l,s,o,?,i
r,n,n,t,n,s,b,f,f,f,f,f,t,f,f,t,b,l,s,m,?,i
r,n,n,d,d,h,e,f,t,f,f,f,f,f,f,f,a,m,s,o,o,i
r,n,m,b,n,h,d,f,f,f,t,f,f,f,t,t,c,m,i,m,o,i
p,f,s,d,d,h,c,t,f,t,f,f,t,t,f,f,b,m,l,m,o,i
r,n,n,h,n,c,f,f,f,t,f,f,f,f,f,f,b,l,s,o,c,i
p,o,m,a,n,c,e,f,f,f,t,f,f,f,f,t,c,m,i,o,c,i
r,f,n,r,d,s,a,f,t,t,f,f,t,f,f,t,b,s,s,m,c,i
r,n,n,t,d,s,d,f,t,t,t,f,f,t,f,t,b,m,s,o,o,i
p,u,n,v,n,s,e,f,t,f,f,f,f,f,f,f,c,m,s,m,?,i
r,o,n,v,d,p,c,f,f,f,f,f,t,f,f,t,b,l,s,o,?,i
r,n,n,a,d,s,b,f,t,t,t,f,t,f,f,t,b,l,i,o,c,i
r,n,m,t,n,s,b,f,t,f,f,f,f,t,f,t,b,s,s,m,o,i
p,n,m,a,n,h,f,t,t,t,f,f,f,t,f,t,a,s,s,o,o,i
r,n,n,t,n,h,c,t,t,f,f,f,f,f,t,f,a,s,s,m,?,i
r,n,n,v,n,p,c,f,f,f,f,f,f,f,f,t,b,s,s,o,o,i
p,u,n,t,e,h,d,f,f,t,f,f,f,f,t,f,a,m,i,o,c,i
p,n,f,d,n,s,a,t,f,t,f,f,f,f,f,t,a,s,l,o,?,i
r,n,s,h,d,h,a,t,t,t,f,f,f,f,f,f,c,l,i,o,o,i
p,f,n,d,n,c,a,t,t,f,t,f,f,t,f,t,b,l,s,o,o,i
p,k,n,b,e,t,a,t,f,f,f,f,f,f,t,t,c,m,s,m,c,i
p,u,n,t,e,h,f,t,f,f,f,f,t,f,t,t,b,s,l,m,?,i
r,o,m,v,n,h,a,f,f,f,f,f,f,f,t,t,b,m,l,o,?,i
r,n,n,v,e,s,b,f,t,f,f,f,f,f,f,f,b,s,s,o,?,i
r,n,n,h,e,t,c,f,f,f,t,f,f,f,t,t,c,m,s,o,o,i
r,u,n,a,e,c,f,t,t,f,f,f,f,f,f,f,a,l,s,m,o,i
p,f,n,t,d,s,a,f,t,f,t,f,f,f,f,t,a,m,i,m,c,i
r,u,n,h,d,h,b,f,f,f,t,t,t,f,t,t,c,m,i,o,o,i
r,n,n,d,n,h,e,f,f,f,f,f,f,f,f,t,c,l,i,o,?,i
r,o,m,t,d,s,c,f,t,f,f,f,f,f,f,f,a,s,i,m,o,i
r,k,n,v,e,c,d,t,f,t,f,f,f,f,t,t,b,l,s,o,?,i
r,n,n,t,e,c,a,f,t,f,f,f,f,f,f,t,a,l,s,o,?,i
r,k,n,b,n,s,f,f,t,t,t,f,f,f,f,t,c,m,s,m,?,i
p,f,n,a,n,t,d,t,f,t,f,f,t,f,f,t,c,m,s,o,?,i
r,n,m,a,d,t,e,f,f,t,t,f,f,f,t,t,b,l,s,o,o,i
r,n,s,t,d,s,f,t,t,f,f,f,f,f,t,t,b,m,i,m,o,i
p,o,n,t,e,h,e,t,f,t,t,t,f,t,f,f,c,l,i,m,c,i
p,n,s,a,d,p,a,f,t,t,t,f,f,f,f,t,a,m,l,o,c,i
r,n,m,t,e,h,e,f,f,t,f,f,f,f,t,t,b,m,i,m,o,i
r,n,m,b,d,t,d,t,f,f,f,f,f,f,t,f,a,s,s,m,?,i
r,n,n,b,d,s,a,f,f,f,t,t,f,t,f,f,c,s,i,o,?,i
r,u,n,v,n,c,b,f,f,t,f,f,f,f,f,t,a,m,s,m,?,i
p,o,n,r,n,h,a,f,t,f,f,f,f,f,f,t,a,l,s,o,c,i
p,n,f,t,e,h,f,t,f,f,f,f,f,f,t,t,a,m,s,o,o,i
r,u,n,t,d,c,e,f,f,f,f,f,f,f,f,t,a,m,i,o,c,i
r,u,n,d,n,s,d,t,t,f,f,f,f,f,f,t,c,m,l,m,o,i
r,n,n,d,e,s,e,f,t,f,f,f,t,f,f,f,c,s,i,o,?,i
p,o,n,h,n,s,d,f,t,t,t,t,f,f,f,f,c,s,i,o,c,i
r,n,n,h,d,s,e,t,f,f,t,f,f,f,f,f,b,l,i,o,c,i
p,u,m,r,d,s,b,f,t,t,f,t,f,f,f,f,a,l,s,o,c,i
p,f,n,d,e,h,b,f,f,f,t,f,f,t,t,t,b,m,s,o,?,i
p,f,m,a,n,s,d,f,t,f,f,t,f,f,f,t,b,m,i,m,?,i
r,n,m,v,d,s,e,f,f,t,t,t,f,t,f,t,c,m,s,m,c,i
r,u,n,h,d,s,e,t,t,f,f,f,f,f,f,f,a,s,l,o,o,i
r,n,m,v,e,p,f,f,f,f,f,f,f,f,f,t,b,m,s,m,o,i
r,n,n,a,n,s,e,f,f,f,f,f,f,f,f,t,b,l,i,o,c,i
r,n,m,a,n,c,b,f,f,t,f,f,t,f,t,t,b,m,i,o,o,i
p,o,m,a,n,s,b,f,t,t,f,f,f,f,t,t,c,s,i,o,c,i
p,n,n,a,e,s,c,t,f,f,f,f,t,t,f,t,c,m,i,m,o,i
p,u,n,d,n,h,d,t,t,f,f,f,f,f,f,t,c,m,s,m,o,i
p,f,n,v,e,h,c,f,f,t,f,f,t,f,t,t,b,m,i,o,?,i
r,n,n,t,d,h,a,f,t,t,t,f,f,f,f,t,a,s,s,o,?,i
r,n,n,v,e,c,c,f,t,f,f,f,f,f,t,t,b,m,l,m,?,i
p,n,n,a,e,s,e,t,f,t,f,f,f,f,t,t,a,l,i,o,c,i
p,k,m,b,e,s,b,t,f,f,f,f,t,t,t,t,c,m,i,m,o,i
p,o,n,a,d,p,d,f,f,t,t,f,f,f,t,t,c,m,i,o,?,i
r,n,n,b,n,s,b,t,f,f,f,f,f,f,t,t,b,s,s,o,o,i
p,o,n,v,n,c,d,f,t,f,t,f,f,f,f,t,b,s,i,o,c,i
r,n,n,v,d,h,d,f,f,f,f,f,f,f,f,t,b,s,s,o,o,i
p,o,f,v,n,s,b,t,t,t,f,f,t,f,f,t,b,l,s,o,c,i
p,u,n,a,d,s,e,f,t,f,f,t,f,f,f,t,b,m,i,m,?,i
p,o,n,r,d,h,d,t,t,t,f,f,f,f,f,t,c,l,i,m,c,i
r,f,n,t,d,h,b,f,t,t,t,f,f,f,t,t,a,l,i,o,?,i
p,o,n,b,e,t,f,f,t,f,f,f,f,f,f,t,b,s,s,o,o,i
r,n,n,b,d,s,e,f,t,f,t,f,f,t,f,t,a,m,i,o,?,i
r,n,m,r,e,t,c,f,t,t,f,f,f,f,f,t,c,m,s,o,o,i
r,n,n,d,n,s,a,t,f,f,f,f,t,f,t,t,b,m,i,m,o,i
p,k,m,a,e,s,c,f,t,f,f,f,f,f,f,t,b,m,i,o,o,i
p,f,n,d,n,h,b,f,f,f,f,f,f,f,t,t,b,m,s,m,c,i
p,k,m,a,n,t,b,f,f,f,f,f,f,f,f,t,a,l,s,m,c,i
p,o,n,b,e,h,d,t,f,f,t,f,f,f,f,t,a,l,i,o,o,i
r,n,n,d,d,c,f,f,t,f,f,f,f,f,t,t,a,m,s,o,c,i
p,f,m,v,d,h,a,f,t,f,f,f,t,f,f,t,a,l,s,m,o,i
p,n,m,d,e,p,e,f,f,f,t,f,f,f,f,f,b,m,s,m,c,i
r,n,n,v,d,p,d,t,f,f,t,t,f,f,t,t,a,s,l,m,?,i
p,f,f,t,e,c,d,f,t,t,f,f,f,t,f,f,a,s,s,o,?,i
p,u,s,h,e,h,e,f,t,f,f,f,f,f,t,t,c,l,s,o,o,i
r,k,n,d,e,h,b,f,f,f,t,f,f,f,t,t,c,m,s,o,?,i
r,n,m,a,d,t,d,f,f,f,f,f,f,f,f,t,c,m,i,o,c,i
p,k,n,t,d,h,b,f,t,f,f,t,f,f,t,t,a,m,s,m,o,i
r,n,n,a,d,s,b,f,t,f,f,f,f,f,f,f,a,l,i,m,?,i
p,u,n,d,n,p,c,f,f,f,t,f,f,t,f,t,a,l,s,o,o,i
p,f,m,h,e,c,a,t,f,f,f,t,f,f,t,t,a,s,i,o,c,i
r,n,n,d,e,h,b,t,f,t,f,f,f,f,t,f,b,l,i,o,?,i
r,n,n,a,e,c,a,f,f,t,t,f,f,f,t,t,b,m,s,o,o,i
r,n,n,t,e,h,a,f,f,t,f,f,t,t,f,f,a,s,s,o,c,i
r,u,n,b,d,h,c,f,t,f,t,f,f,f,f,t,b,m,s,o,o,i
r,n,s,a,d,s,a,f,t,f,t,f,f,f,f,f,a,l,i,m,o,i
r,o,m,t,d,p,a,f,t,t,f,f,f,f,f,f,c,l,l,o,c,i
r,k,n,t,d,c,d,f,f,t,f,f,f,f,t,t,a,l,i,o,c,i
p,k,s,t,d,p,d,t,f,f,f,f,f,t,f,t,b,s,i,m,o,i
r,n,m,t,n,s,f,f,f,t,t,f,f,f,f,t,c,m,i,o,c,i
r,u,n,v,d,t,f,f,f,f,t,f,f,f,f,f,c,l,i,m,o,i
p,n,n,a,d,h,f,t,t,f,f,f,f,f,f,t,a,m,l,o,o,i
p,k,n,a,d,h,d,f,f,f,f,f,f,f,t,t,a,m,l,m,c,i
p,f,n,b,d,t,b,f,t,t,f,f,f,f,f,t,a,s,s,o,o,i
p,f,n,h,d,c,a,f,t,f,f,f,t,f,f,t,b,s,s,m,o,i
r,u,m,v,d,t,f,f,f,t,f,f,t,t,t,t,a,l,i,o,c,i
p,n,s,r,d,c,f,f,t,f,t,f,f,f,f,t,a,m,i,o,?,i
r,k,n,v,n,s,c,f,t,f,f,f,f,f,t,f,c,m,i,o,?,i
p,n,s,v,d,h,c,f,t,f,t,f,f,f,f,f,c,m,i,o,o,i
p,n,s,r,d,p,a,f,t,f,f,f,f,f,f,t,a,s,l,o,c,i
r,n,n,b,e,h,a,t,t,f,f,f,f,f,f,t,b,s,l,m,c,i
r,n,n,b,d,c,c,f,f,t,f,f,f,f,f,t,b,m,s,m,c,i
r,n,m,b,e,s,a,f,t,t,f,f,f,t,f,t,a,s,i,m,c,i
r,n,m,a,d,h,c,f,t,f,f,f,f,f,f,f,c,l,l,o,?,i
r,n,n,t,n,p,e,f,t,f,f,f,t,f,t,f,a,s,s,o,?,i
r,k,m,a,n,t,e,f,t,t,f,f,f,f,f,t,a,l,i,o,o,i
p,k,n,a,e,s,f,f,f,f,f,t,f,f,f,f,a,m,s,o,c,i
r,n,m,b,d,s,b,t,f,t,t,f,t,t,t,t,a,m,i,m,o,i
p,n,m,b,e,s,c,f,f,f,f,t,f,f,f,f,b,m,i,m,c,i
r,n,n,t,d,s,d,f,f,f,t,f,f,f,f,t,c,s,i,m,o,i
p,k,n,a,n,p,d,t,f,f,f,t,f,f,f,t,a,m,s,o,o,i
r,n,n,a,d,h,f,f,t,f,f,f,f,f,f,t,a,m,s,m,o,i
r,n,s,v,e,s,b,f,f,t,f,f,f,f,f,f,b,m,i,m,c,i
r,n,s,a,d,c,a,t,f,f,f,f,f,f,t,f,b,m,s,o,o,i
r,n,m,t,e,c,c,f,f,t,f,f,f,f,f,f,a,s,s,o,c,i
r,n,n,t,d,h,c,t,f,t,f,f,f,f,t,f,a,s,s,o,c,i
r,k,n,b,d,t,c,f,f,f,t,f,f,f,f,t,c,s,i,m,o,i
p,k,n,t,e,h,b,t,t,t,f,f,f,f,f,f,b,l,l,o,?,i
p,f,n,b,e,s,b,f,f,f,f,f,f,f,t,t,c,m,l,o,?,i
p,f,n,b,d,p,c,f,f,f,f,f,f,f,t,t,b,m,s,o,?,i
p,f,m,d,d,s,d,t,f,f,f,f,f,f,t,f,b,s,l,m,o,i
r,n,n,r,n,t,a,f,f,f,f,f,f,f,t,t,b,m,i,o,?,i
p,o,m,t,e,h,f,t,f,t,f,f,f,f,f,t,b,s,i,o,o,i
p,k,f,a,e,t,d,t,f,f,f,f,t,f,t,t,a,m,i,o,o,i
r,n,m,v,e,s,a,f,f,t,f,f,f,f,f,t,a,m,s,o,c,i
p,k,n,t,e,h,a,f,t,f,t,f,f,f,t,t,c,l,i,m,?,i
p,n,s,d,e,p,a,f,f,f,t,f,t,f,f,t,c,m,l,m,o,i
p,k,m,b,d,p,a,f,t,t,t,t,f,f,t,t,b,m,l,o,?,i
p,f,n,t,e,p,d,t,f,f,f,t,t,t,t,f,b,l,i,o,c,i
p,u,m,t,e,s,f,f,f,t,f,t,f,f,f,f,c,m,i,o,c,i
p,u,s,d,d,h,a,f,f,f,t,f,f,f,f,t,c,m,s,m,o,i
p,k,n,h,e,h,b,f,f,f,t,f,t,f,f,t,a,m,l,o,o,i
p,k,n,d,d,s,f,f,t,t,f,t,f,f,f,t,b,s,s,m,?,i
r,o,n,a,d,h,c,f,f,t,f,f,f,f,f,t,b,m,i,o,o,i
r,n,n,v,n,c,c,f,t,f,f,f,f,f,f,t,a,s,i,o,c,i
p,o,m,t,n,h,c,t,f,f,t,f,f,f,t,t,c,s,i,o,?,i
r,k,n,a,d,s,a,f,t,f,f,f,f,f,f,t,b,m,i,o,?,i
p,n,n,r,e,p,b,f,f,f,t,f,f,f,t,t,a,m,s,o,c,i
r,n,n,h,d,t,f,f,f,f,f,f,t,t,f,t,a,m,s,o,c,i
p,o,n,a,e,h,d,t,f,f,f,f,f,f,f,t,b,m,s,o,o,i
r,n,n,b,e,p,b,f,f,t,f,f,f,f,f,f,c,s,i,m,?,i
r,n,n,t,n,p,f,f,f,t,t,f,t,f,f,t,c,l,i,o,c,i
r,n,n,a,d,s,c,f,f,t,t,f,f,t,t,t,c,l,s,o,o,i
r,n,n,t,d,c,a,f,t,f,t,f,f,f,f,t,a,l,l,m,o,i
p,n,s,d,n,t,f,f,t,f,f,t,f,t,t,f,c,l,s,m,?,i
p,f,f,t,d,c,d,f,f,t,t,f,f,t,t,f,c,s,s,m,c,i
r,n,n,r,d,s,e,f,t,f,t,f,f,t,f,f,c,l,i,m,?,i
r,o,n,t,d,h,a,t,f,f,f,f,t,f,t,f,a,s,i,m,?,i
r,o,n,b,e,c,b,f,t,t,f,f,t,f,f,t,b,s,l,m,c,i
r,n,n,a,d,h,f,f,t,f,t,f,f,f,f,t,b,s,l,m,?,i
r,n,n,a,e,s,a,t,f,f,t,f,t,f,f,t,a,l,i,m,o,i
p,k,s,b,d,s,f,f,f,f,t,f,f,t,t,f,b,s,l,o,o,i
p,n,m,r,e,p,e,f,f,f,t,t,f,f,f,t,b,s,s,o,o,i
r,n,n,d,n,h,b,f,t,f,t,f,t,f,t,f,b,m,s,o,o,i
p,u,s,a,e,t,f,f,t,f,f,f,f,f,t,t,c,l,i,m,c,i
r,u,n,b,e,h,f,f,t,f,f,f,f,f,f,t,c,m,i,o,?,i
r,o,n,d,e,p,f,f,f,f,t,f,f,f,f,t,c,s,s,m,c,i
r,n,n,a,d,s,c,t,f,t,t,f,f,f,f,t,c,m,i,m,o,i
p,f,n,d,n,p,d,f,f,f,t,f,f,f,f,f,b,m,i,o,?,i
p,f,s,h,n,p,b,t,f,t,t,f,t,f,f,t,c,m,i,o,c,i
p,n,n,d,n,h,a,f,t,f,f,t,f,f,t,f,a,l,i,o,o,i
p,f,m,b,n,s,f,f,f,t,f,f,f,t,t,t,c,m,i,o,c,i
r,n,n,v,e,t,f,f,f,f,f,f,f,f,t,f,a,s,l,o,o,i
p,n,s,b,e,c,a,f,f,f,t,f,t,f,f,f,a,m,s,m,c,i
r,k,m,b,d,h,d,f,f,f,t,f,f,f,t,f,c,m,s,m,o,i
r,n,n,h,n,h,f,f,t,t,t,f,f,f,t,t,c,m,s,o,?,i
r,n,n,t,e,t,d,f,f,t,f,f,f,t,f,t,a,l,s,o,c,i
p,o,s,v,d,c,a,f,t,f,f,f,f,f,f,t,a,l,s,o,?,i
p,u,n,b,n,h,a,t,f,f,t,f,f,f,f,t,a,m,i,o,o,i
r,k,n,t,e,h,c,f,t,f,t,t,f,f,f,f,a,l,l,m,o,i
p,o,s,r,n,s,f,f,f,f,f,f,f,t,t,t,a,m,s,o,o,i
r,u,n,v,n,p,b,f,f,f,f,f,f,f,f,t,a,m,s,o,?,i
p,n,n,b,n,p,b,t,f,f,t,f,f,f,f,f,a,m,i,o,?,i
r,n,n,d,e,h,e,t,f,f,f,t,t,f,t,t,a,m,i,m,?,i
r,n,n,a,e,s,e,f,f,f,f,f,f,f,f,f,c,m,s,m,c,i
r,n,n,d,n,s,f,f,t,t,f,f,f,t,f,f,c,s,i,m,c,i
p,f,n,r,d,s,e,t,t,f,f,f,f,f,f,t,a,s,s,m,o,i
r,n,n,v,d,t,d,f,t,f,f,f,f,f,f,t,c,m,i,o,c,i
r,n,n,t,n,c,f,f,t,t,f,t,f,f,t,t,a,l,l,o,?,i
r,n,n,a,n,h,d,f,t,f,f,f,t,t,f,t,a,m,s,o,o,i
p,n,s,d,n,s,d,f,t,t,f,f,f,f,f,t,b,l,s,m,o,i
p,u,n,t,d,s,a,f,f,f,t,f,f,f,t,f,c,m,s,m,o,i
r,n,n,a,d,c,c,f,f,f,f,f,f,t,t,t,c,m,i,m,?,i
r,n,n,v,n,s,a,f,t,f,t,f,f,f,f,t,c,m,i,o,c,i
r,n,m,v,d,h,f,f,f,f,t,f,f,f,f,t,b,l,s,o,c,i
p,k,n,d,e,t,a,t,t,f,f,f,f,f,t,t,c,s,s,m,c,i
p,k,n,v,d,h,b,f,f,f,f,f,f,f,t,t,a,m,s,o,o,i
r,k,m,d,n,p,f,f,t,t,t,f,f,f,f,f,a,s,i,m,c,i
r,n,n,b,e,s,e,f,t,t,f,f,t,f,f,f,b,m,s,m,?,i
p,n,m,r,d,s,e,f,f,f,t,f,f,f,f,f,a,s,s,o,o,i
p,o,s,d,e,p,e,f,f,f,t,f,f,t,f,t,c,l,s,o,c,i
r,k,m,v,d,p,a,f,f,f,f,f,f,f,f,f,b,l,l,m,?,i
p,f,n,t,e,c,b,f,f,f,f,f,f,f,t,t,a,l,i,m,o,i
p,f,n,a,e,h,e,f,t,f,f,f,f,f,f,t,c,m,s,o,o,i
p,o,n,b,e,s,f,f,f,f,f,f,f,f,f,t,a,s,s,o,c,i
r,n,m,v,e,h,b,t,t,f,f,t,t,f,t,t,a,s,s,m,o,i
p,n,s,b,d,s,b,f,t,t,f,f,f,f,f,t,a,s,i,m,c,i
p,k,s,v,d,s,b,f,t,f,f,f,f,t,f,t,c,s,i,o,?,i
r,n,n,d,n,h,c,f,t,f,f,f,f,f,f,t,c,m,i,o,o,i
p,o,m,t,d,s,b,f,f,t,f,f,f,f,f,t,c,s,s,o,c,i
p,k,n,r,e,s,a,f,f,f,f,f,f,f,f,t,b,l,i,m,c,i
p,o,m,b,d,s,c,f,f,f,t,f,f,f,t,f,b,m,i,m,c,i
p,o,n,t,n,h,d,f,t,f,f,f,f,f,t,t,b,s,i,o,?,i
p,k,n,b,n,p,d,t,t,f,f,f,f,f,f,t,c,l,s,o,c,i
r,u,n,b,d,t,b,t,f,t,f,f,f,f,f,t,b,l,i,o,?,i
p,k,s,v,e,s,b,t,t,f,t,f,f,f,f,f,a,s,s,m,c,i
p,o,n,b,e,s,b,t,t,t,f,f,f,f,f,f,a,l,s,o,o,i
r,n,n,t,n,p,d,f,t,f,f,f,f,f,f,t,a,s,i,o,o,i
p,k,n,b,n,s,b,f,f,t,f,t,t,f,f,t,a,m,i,o,?,i
r,k,n,d,e,c,f,f,f,t,f,t,f,f,t,t,a,m,i,o,?,i
p,n,s,b,n,s,b,f,t,t,t,f,f,f,t,t,b,m,i,m,o,i
p,n,n,a,e,c,e,f,f,f,f,f,f,f,t,t,a,m,l,m,o,i
r,u,n,d,d,s,b,f,f,t,f,f,f,f,f,t,a,s,s,m,o,i
r,k,m,t,e,c,d,f,t,f,f,f,f,f,t,t,a,s,s,o,?,i
r,n,n,a,e,h,d,f,t,f,f,f,f,f,f,f,b,s,l,m,?,i
r,n,n,a,d,s,a,t,f,t,t,f,f,f,t,t,a,s,s,o,o,i
r,n,n,v,e,h,b,f,f,f,f,f,f,t,t,t,b,l,i,o,o,i
r,n,n,d,d,h,a,f,f,f,f,f,f,f,f,t,b,m,i,m,o,i
p,u,n,t,d,t,c,f,t,t,f,f,f,f,f,f,a,m,i,m,?,i
r,n,n,v,n,h,f,f,t,t,f,f,f,f,f,t,c,l,i,m,c,i
r,n,n,v,d,s,d,f,f,f,f,f,t,f,f,t,c,m,s,o,?,i
p,k,m,d,n,h,d,f,f,t,t,f,f,f,f,f,c,l,i,o,o,i
p,n,m,d,d,s,b,f,t,f,t,f,f,f,f,f,c,m,i,m,?,i
r,n,s,v,e,p,c,f,t,f,f,f,f,f,f,t,a,l,s,o,?,i
r,f,n,t,n,p,e,t,t,f,t,f,t,f,f,f,a,m,s,o,?,i
p,k,n,a,n,s,a,f,f,f,f,f,f,f,f,t,a,s,s,m,c,i
p,u,f,d,n,h,a,f,f,f,f,f,t,f,f,f,a,s,l,o,o,i
p,k,m,b,d,c,b,f,t,f,f,f,f,f,t,t,b,m,i,o,?,i
r,n,n,b,d,s,b,f,f,t,f,f,f,f,t,t,c,l,l,o,o,i
r,o,n,d,e,c,f,t,f,t,f,f,t,f,t,t,c,l,i,o,?,i
r,u,n,d,n,h,a,f,f,f,t,f,f,f,f,t,a,m,l,o,c,i
p,f,n,v,n,h,a,f,t,f,f,f,f,f,f,t,a,s,l,m,o,i
r,u,n,d,e,h,a,f,f,f,f,f,f,f,t,t,c,m,s,m,o,i
r,o,n,t,d,h,b,t,t,f,f,f,t,f,f,t,c,m,s,o,?,i
p,u,s,v,d,c,b,t,f,f,f,t,f,f,t,t,c,m,i,m,c,i
r,n,n,h,n,h,a,f,t,f,t,f,t,f,t,t,a,s,i,o,?,i
r,f,n,t,e,c,a,f,f,t,f,f,f,f,t,t,a,l,s,o,c,i
r,n,n,t,n,h,a,f,f,t,f,f,f,f,f,t,c,m,i,o,?,i
p,k,m,v,e,c,e,f,t,f,f,f,f,f,t,t,b,l,l,m,?,i
p,f,m,b,n,s,c,t,f,f,f,t,f,f,f,f,c,s,i,m,c,i
r,u,n,t,n,h,e,f,f,t,f,f,f,f,f,t,c,m,s,o,?,i
r,u,n,t,d,h,a,f,f,f,t,f,f,f,f,t,c,m,s,o,o,i
p,n,m,a,n,s,b,f,t,f,t,t,f,f,f,t,b,l,s,o,?,i
p,f,m,a,d,s,f,f,t,t,f,f,f,t,t,f,c,l,l,o,?,i
p,f,n,d,e,h,a,f,f,t,f,f,f,t,f,t,b,s,i,o,o,i
p,n,s,r,n,s,c,f,t,t,t,f,f,f,f,t,c,m,s,o,c,i
r,n,n,v,d,h,b,f,f,f,f,f,t,t,f,t,b,m,i,o,o,i
r,n,n,t,d,h,a,t,t,t,f,f,f,f,f,f,b,m,i,o,o,i
r,o,n,a,e,c,d,f,f,t,f,f,f,f,f,t,a,m,s,o,c,i
p,k,n,a,n,t,d,f,f,t,t,f,f,f,t,t,c,s,i,m,o,i
r,u,n,d,d,p,b,f,f,f,f,f,f,f,f,t,c,m,i,m,o,i
r,n,n,h,e,t,c,f,f,f,f,f,f,f,t,t,b,l,i,o,?,i
p,u,m,a,e,t,c,f,f,f,f,f,f,f,f,t,b,m,s,o,?,i
r,n,n,h,d,s,c,f,f,t,f,f,f,f,t,t,a,l,s,o,o,i
p,o,f,t,e,s,e,f,f,f,f,t,f,f,f,t,b,m,l,o,o,i
p,n,n,a,e,s,e,f,f,f,t,f,f,f,f,t,a,l,s,o,o,i
p,k,n,v,n,s,b,f,f,t,f,f,f,f,f,t,a,m,l,o,o,i
p,o,s,a,e,p,b,f,f,f,f,t,f,f,f,t,b,l,s,o,c,i
p,u,m,d,n,p,e,f,f,f,f,f,f,t,t,f,c,m,i,o,o,i
p,o,m,t,n,h,b,f,f,t,t,f,t,f,f,t,b,m,i,o,o,i
r,n,m,v,d,p,f,f,f,f,t,f,f,f,f,t,b,s,i,o,?,i
r,n,n,t,n,c,e,f,f,f,f,f,f,f,f,f,b,m,s,m,?,i
r,n,n,t,e,h,b,f,f,f,t,f,f,f,f,t,a,s,i,o,o,i
r,n,n,a,d,s,e,f,f,t,f,t,f,t,t,t,a,s,s,o,?,i
p,f,n,d,e,t,a,f,t,f,f,f,f,f,f,t,c,m,s,m,o,i
p,f,n,b,n,c,a,f,f,f,t,f,t,t,f,t,b,m,l,o,o,i
r,o,n,r,d,h,f,t,f,t,f,f,f,f,t,f,b,l,s,o,o,i
p,u,s,t,e,s,e,f,f,f,f,f,t,f,f,t,a,m,s,m,o,i
p,f,s,t,e,c,c,t,f,f,f,f,f,f,f,t,b,s,l,m,o,i
r,o,m,t,d,p,e,f,f,t,t,f,f,f,f,f,c,l,s,m,o,i
r,n,m,v,n,h,a,f,t,f,t,f,f,f,t,t,b,m,i,o,o,i
r,n,n,t,d,t,e,f,f,f,t,t,t,f,t,t,c,s,i,m,c,i
p,k,n,a,n,h,f,f,t,f,f,t,f,f,f,t,c,l,s,m,?,i
p,o,m,r,n,t,e,f,f,f,f,t,t,t,f,f,c,m,s,o,?,i
p,n,m,b,e,c,c,f,t,t,f,f,f,f,t,f,c,s,s,m,c,i
p,k,n,a,e,c,b,f,t,f,f,f,t,f,t,f,b,m,i,o,o,i
p,f,n,t,d,t,f,f,f,f,t,f,f,f,f,f,c,m,s,m,?,i
r,n,n,a,d,p,b,f,f,f,f,f,t,t,f,t,a,m,s,o,?,i
p,n,n,v,e,s,f,f,t,f,t,f,f,f,f,t,b,m,s,o,c,i
r,u,n,t,d,p,b,f,f,t,t,f,f,t,f,t,a,m,s,m,o,i
p,f,n,v,n,h,a,f,t,f,f,f,t,f,f,f,a,m,s,o,o,i
r,n,n,t,e,s,b,f,t,f,f,f,f,f,t,f,a,s,s,o,o,i
p,o,s,d,d,c,c,f,t,t,t,f,f,f,f,t,b,m,i,m,?,i
r,n,n,h,d,h,a,f,t,f,f,f,f,t,t,f,b,m,s,o,?,i
p,o,m,t,n,h,b,f,f,t,f,f,t,t,f,t,a,s,i,o,o,i
r,n,m,a,d,h,f,f,f,f,f,f,t,f,f,t,a,m,l,o,c,i
p,k,n,a,e,s,a,f,f,t,t,f,t,f,f,t,b,l,i,o,o,i
r,n,m,d,d,s,d,f,f,f,f,f,f,f,f,f,a,m,i,m,?,i
r,n,n,b,n,c,c,f,t,t,f,f,t,f,f,f,a,s,s,o,c,i
r,u,n,r,e,s,d,f,f,f,f,f,f,f,f,t,a,m,i,m,?,i
r,n,n,t,e,c,c,f,f,t,f,f,f,f,t,t,b,m,i,o,c,i
p,n,s,t,e,h,f,f,f,t,f,f,f,f,t,t,b,m,s,m,c,i
p,n,s,r,d,s,c,f,f,t,f,f,f,f,f,f,a,m,i,m,c,i
p,f,n,r,e,s,c,f,t,f,f,t,f,f,f,t,a,m,i,o,o,i
p,o,n,d,d,h,a,f,t,f,f,f,f,f,t,t,b,s,i,o,c,i
r,u,n,d,d,p,c,f,t,f,t,f,f,f,f,t,a,l,i,o,?,i
p,n,m,r,d,t,a,t,f,f,f,f,f,f,f,t,b,s,l,m,o,i
r,n,n,b,e,h,d,f,t,f,t,t,f,f,f,t,a,l,i,o,o,i
r,n,n,d,n,s,c,t,f,f,f,f,f,t,f,f,b,s,i,o,?,i
p,k,m,v,d,h,e,f,f,f,f,f,f,f,f,t,c,l,s,m,c,i
p,u,n,d,n,h,c,f,f,f,f,f,f,f,t,t,b,m,s,o,o,i
p,f,n,h,n,h,d,f,f,f,f,t,f,f,f,f,c,m,i,o,o,i
p,k,n,a,d,h,a,f,t,t,f,f,f,f,t,t,c,l,s,m,c,i
r,n,n,v,d,c,e,f,f,t,f,f,f,f,f,t,b,s,l,o,o,i
r,u,n,r,d,s,f,f,t,f,f,f,f,f,f,t,a,m,i,m,o,i
r,k,n,t,d,p,c,t,f,f,t,f,f,t,f,t,a,s,s,o,?,i
r,n,n,r,n,h,a,f,t,t,f,f,f,f,f,t,a,l,l,o,?,i
p,n,s,a,e,h,d,f,f,f,t,f,f,f,f,t,a,m,l,o,o,i
r,n,n,a,d,t,a,f,f,t,f,f,f,t,f,f,a,m,i,o,o,i
r,n,s,t,e,h,c,t,t,f,f,f,f,f,f,f,b,m,s,m,o,i
r,n,n,v,d,s,a,f,t,t,f,f,f,f,t,f,c,l,i,o,o,i
p,n,m,r,n,s,c,f,f,f,t,f,f,t,f,t,b,s,s,o,o,i
p,k,n,b,e,c,f,f,f,t,f,t,f,f,t,f,a,m,s,m,o,i
r,n,m,t,d,h,a,f,f,t,f,t,t,f,f,t,a,m,s,m,o,i
r,n,n,b,e,h,c,t,t,t,t,f,f,f,f,f,b,s,i,o,o,i
p,u,n,t,d,s,b,t,t,t,f,f,f,f,f,t,a,m,s,m,o,i
p,f,n,a,n,s,b,f,f,f,f,t,f,f,f,t,c,m,i,m,o,i
p,k,n,a,e,h,d,f,t,t,f,f,f,f,t,t,c,m,s,o,?,i
p,n,s,d,n,h,e,t,f,f,f,f,f,f,f,t,a,l,s,o,o,i
p,u,f,a,n,h,f,f,t,f,t,f,t,f,f,f,b,m,i,o,o,i
p,n,m,b,e,h,b,f,f,f,t,f,f,f,f,t,b,l,i,m,o,i
r,n,n,d,e,c,a,t,t,t,f,f,f,f,f,f,b,l,s,o,o,i
p,u,s,a,e,c,c,f,f,f,t,f,t,f,t,f,b,m,s,o,?,i
p,k,m,d,d,h,d,f,f,f,f,t,f,f,f,f,a,l,l,o,c,i
p,f,n,t,n,h,e,f,t,t,t,f,f,f,t,t,b,m,l,o,?,i
p,k,n,a,e,s,e,f,f,f,t,f,t,f,f,t,c,m,l,o,o,i
p,f,m,t,n,h,f,f,t,t,f,f,f,f,t,t,b,l,s,m,?,i
r,n,n,b,e,s,a,f,f,t,f,f,f,f,f,f,a,s,i,m,o,i
r,n,n,h,d,c,f,f,t,f,f,t,t,t,f,t,b,l,i,o,c,i
r,n,m,r,d,h,f,f,f,f,t,f,t,t,f,t,a,m,s,o,?,i
p,n,n,r,d,h,a,f,f,f,t,f,f,f,t,f,b,l,i,m,o,i
r,u,n,t,d,p,b,f,t,f,f,f,f,f,f,t,a,l,i,o,o,i
r,n,n,d,e,h,e,f,f,f,f,f,f,f,t,t,c,s,s,m,o,i
r,k,m,b,d,s,c,f,f,f,f,f,f,f,f,t,a,m,s,o,o,i
p,o,s,t,n,p,a,f,f,t,f,f,f,f,t,f,c,m,s,o,o,i
p,o,m,h,e,h,b,t,f,t,f,f,f,f,t,t,a,s,s,o,?,i
r,n,m,a,e,h,d,f,f,f,f,f,f,f,f,t,b,s,l,o,o,i
p,n,n,a,d,s,f,t,t,t,f,f,f,f,f,f,b,m,s,m,o,i
p,u,n,t,d,h,e,f,f,t,t,f,t,f,f,f,b,m,i,o,o,i
r,f,n,t,e,h,f,f,t,t,f,f,f,f,t,t,a,m,s,m,?,i
p,o,n,v,d,p,c,f,f,f,t,f,f,f,f,t,a,m,i,m,o,i
p,u,m,b,e,c,e,f,f,f,f,t,f,f,f,t,c,l,i,o,?,i
r,o,m,h,e,h,a,f,f,t,t,f,f,f,f,t,b,l,i,o,c,i
r,n,n,t,d,c,c,f,f,t,f,f,f,f,f,t,b,m,s,o,o,i
p,k,s,r,e,p,f,f,f,f,f,f,f,f,t,t,c,s,s,o,c,i
p,n,m,v,d,s,e,f,f,f,t,f,f,t,f,t,a,m,s,o,?,i
p,f,n,r,d,h,d,t,f,f,f,f,f,f,f,t,b,s,i,m,?,i
p,u,n,b,n,s,a,t,t,f,f,f,f,f,f,f,c,l,s,m,o,i
p,k,n,b,d,s,a,f,f,t,t,t,f,f,f,t,b,m,i,o,o,i
r,n,n,r,d,c,d,f,f,f,f,f,f,f,f,t,a,l,i,o,?,i
r,n,n,d,e,c,b,f,f,f,t,f,f,f,t,t,c,s,i,o,o,i
r,u,n,a,e,p,b,t,t,f,f,f,t,f,t,f,c,s,s,o,c,i
r,n,n,a,n,h,e,t,f,f,f,f,t,f,f,t,a,m,s,o,?,i
p,n,n,r,n,s,a,t,f,f,f,t,t,f,f,f,a,m,i,m,o,i
p,n,m,a,n,s,c,f,f,t,f,f,f,f,f,t,b,m,l,o,?,i
r,n,m,t,e,s,b,f,t,t,f,f,t,f,t,t,c,s,s,o,o,i
r,n,n,h,e,h,a,f,f,t,f,f,f,f,t,t,c,m,i,o,o,i
r,k,n,t,d,h,b,f,t,t,f,t,f,f,f,t,c,m,s,o,o,i
r,n,n,t,n,c,a,f,f,f,t,f,t,t,f,f,b,l,s,o,c,i
r,n,n,r,e,s,c,f,f,t,t,f,f,t,f,t,b,m,i,o,o,i
r,n,n,t,d,s,c,t,t,f,t,f,f,f,f,t,b,m,s,o,?,i
r,n,n,t,e,s,c,f,f,f,t,t,f,f,t,t,a,m,i,m,?,i
r,n,n,t,n,c,f,f,f,f,f,f,f,f,f,t,b,m,l,o,c,i
p,f,s,t,e,s,c,t,f,f,f,f,f,f,f,f,a,m,s,m,o,i
r,n,n,a,d,s,d,t,f,t,f,f,t,f,f,t,c,l,l,o,o,i
p,n,m,d,n,h,d,f,t,t,t,t,f,f,f,t,b,s,s,o,?,i
r,n,n,a,d,s,c,f,f,f,f,f,f,f,f,t,a,l,l,o,o,i
r,n,n,a,n,h,b,f,f,t,t,f,f,f,f,f,a,m,i,m,o,i
p,n,s,r,e,p,f,t,f,f,f,f,f,f,f,t,b,m,s,o,o,i
r,n,n,a,n,s,c,f,f,t,f,f,f,f,t,t,c,m,i,m,o,i
p,u,m,a,n,s,d,f,f,f,f,f,f,t,f,t,b,m,l,m,o,i
p,n,f,a,d,s,d,f,f,f,t,f,f,f,f,t,c,m,i,o,o,i
r,k,n,a,n,s,e,t,f,f,f,f,t,t,f,t,a,l,s,o,?,i
p,k,n,a,d,t,c,f,f,f,f,t,f,f,f,t,a,m,s,o,c,i
r,n,n,t,d,c,c,f,t,t,f,f,t,f,t,t,c,l,i,o,o,i
p,n,n,d,d,h,c,f,f,f,t,t,f,t,f,f,a,l,s,o,o,i
r,o,n,h,e,h,e,t,f,f,f,f,f,f,f,t,a,m,i,o,?,i
r,o,n,d,d,s,b,f,f,f,f,f,t,f,t,t,a,l,i,m,c,i
r,n,s,t,e,h,f,f,t,f,t,f,t,f,f,t,b,m,s,m,c,i
r,n,m,v,n,s,e,f,t,f,f,f,f,f,f,f,a,m,i,o,?,i
r,n,n,b,n,p,a,f,f,t,f,f,f,t,t,t,a,m,i,o,?,i
r,n,n,t,d,c,b,f,t,t,f,f,f,f,t,t,a,l,i,o,c,i
p,f,m,d,e,s,f,f,t,f,t,f,f,t,f,f,b,m,s,m,o,i
r,n,s,v,d,c,b,f,f,f,f,f,f,f,f,f,c,m,i,m,o,i
r,n,n,t,d,s,b,f,t,f,f,f,t,f,f,f,c,s,l,o,o,i
r,u,n,h,n,s,b,t,f,t,f,f,f,f,f,t,b,s,l,m,o,i
r,n,m,t,n,s,a,f,t,f,f,f,f,f,f,t,a,m,i,o,c,i
p,n,s,a,d,s,c,f,t,t,f,f,f,f,t,t,c,m,i,o,o,i
p,f,s,t,d,s,e,f,f,t,t,f,f,f,f,t,a,m,s,o,c,i
r,n,n,t,d,t,d,f,f,f,t,f,f,f,f,t,a,m,i,m,o,i
r,n,n,h,e,s,a,f,f,t,f,f,f,f,f,t,c,s,i,o,?,i
r,n,n,b,d,h,c,f,f,f,t,f,f,f,t,t,a,m,i,o,c,i
r,u,n,t,d,s,b,f,f,f,f,f,f,f,f,t,a,m,i,m,c,i
p,n,s,v,e,s,d,f,t,f,f,f,f,t,f,t,a,s,i,m,?,i
r,n,n,d,d,s,c,f,t,t,t,f,f,f,f,f,a,l,l,m,o,i
r,n,m,d,n,s,f,t,t,t,f,t,f,f,f,t,b,l,i,o,o,i
p,n,s,d,n,h,e,f,t,f,f,f,f,t,f,f,c,m,i,m,o,i
p,k,f,d,e,s,d,f,f,f,f,f,t,f,t,f,b,l,i,o,?,i
p,n,m,r,e,s,c,f,f,t,t,f,t,f,f,t,c,l,i,m,o,i
p,k,s,a,n,c,d,f,f,f,f,f,f,t,t,t,b,l,i,m,o,i
p,k,n,d,d,t,c,f,f,f,t,f,f,f,f,t,a,m,i,o,o,i
p,o,n,t,n,s,e,f,t,t,f,f,f,f,f,t,c,s,i,o,o,i
r,n,n,t,d,c,f,f,f,f,f,f,t,f,f,t,c,m,s,o,c,i
p,o,f,a,n,c,f,f,f,f,t,f,f,t,t,t,a,m,s,o,?,i
p,k,s,a,d,h,d,f,t,f,f,f,f,f,t,t,b,l,l,m,c,i
r,n,n,r,n,c,d,f,f,f,f,f,f,t,f,t,a,l,l,m,o,i
r,o,n,d,d,h,c,t,t,t,f,f,f,f,t,f,a,l,i,m,c,i
r,o,n,b,n,t,a,t,f,f,t,f,f,f,f,t,a,s,i,m,o,i
r,n,n,b,e,s,d,f,f,t,t,f,t,f,f,t,b,m,s,o,?,i
p,u,m,a,d,h,f,f,f,f,f,f,f,t,t,t,a,m,i,m,o,i
r,n,n,v,n,c,e,f,f,t,f,f,f,f,f,t,b,m,s,o,c,i
r,k,m,t,d,t,f,f,t,f,f,f,f,f,f,f,b,m,l,o,o,i
r,u,n,t,e,h,c,f,t,f,f,f,f,f,f,f,b,l,i,m,o,i
p,n,n,r,d,t,e,f,f,f,t,t,f,f,f,t,b,m,l,o,?,i
r,o,n,b,n,c,d,f,f,f,f,f,f,f,f,t,a,s,i,m,o,i
p,n,f,a,n,c,c,f,f,t,t,f,f,f,t,t,c,l,s,m,c,i
p,o,n,a,e,p,a,f,f,f,f,f,f,f,f,f,b,l,s,o,o,i
r,k,n,t,n,c,d,f,f,t,f,f,f,f,t,t,c,m,l,o,o,i
r,n,n,r,n,h,b,f,f,t,f,f,f,f,f,f,c,m,i,m,o,i
p,n,s,a,e,c,d,f,f,t,f,f,f,t,t,f,a,s,i,o,o,i
p,n,m,a,d,s,f,f,f,f,f,f,f,f,t,f,c,l,s,m,c,i
p,n,m,d,e,t,e,t,t,t,f,f,f,f,f,t,b,m,i,m,o,i
r,n,n,v,d,p,b,f,t,f,f,f,f,f,t,t,a,m,s,m,o,i
r,n,s,t,e,c,c,f,f,f,f,t,f,f,f,f,b,m,i,o,?,i
r,n,n,r,d,s,d,f,f,t,f,f,f,f,t,t,a,m,l,o,o,i
r,n,m,t,n,s,e,f,f,t,t,f,f,f,f,t,c,m,s,o,o,i
p,f,n,t,e,s,a,f,t,f,f,f,f,f,t,t,c,s,i,m,o,i
p,f,n,v,e,s,c,t,f,t,f,f,t,f,t,t,b,l,l,o,c,i
p,f,f,t,d,c,f,f,f,t,f,f,f,f,f,t,b,s,i,o,o,i
p,n,f,a,d,p,a,f,f,t,f,f,f,f,f,t,a,m,s,m,o,i
p,u,n,d,n,c,e,f,t,t,f,f,f,f,t,f,a,m,i,m,o,i
r,k,n,v,e,h,f,f,t,f,t,f,f,f,t,t,b,m,i,o,o,i
p,n,s,d,n,t,e,f,t,t,t,f,f,f,f,t,a,l,s,o,?,i
r,n,f,d,e,p,f,f,t,f,t,f,f,f,f,t,b,m,l,m,o,i
p,f,m,a,d,c,e,t,f,f,t,t,t,t,t,t,a,m,i,m,c,i
r,n,n,r,e,h,c,f,f,f,t,f,f,f,t,t,b,l,i,o,?,i
p,k,n,a,e,c,c,t,f,f,f,t,f,f,f,t,a,l,s,o,c,i
p,u,s,r,d,h,a,f,f,t,f,f,f,f,t,t,b,s,i,o,?,i
r,n,m,a,e,s,a,f,t,t,f,f,t,f,f,t,b,m,s,m,o,i
p,n,m,t,d,h,d,t,f,t,f,t,f,f,f,t,a,l,s,m,o,i
p,u,m,t,d,c,b,f,f,f,f,f,f,f,t,t,b,s,i,o,o,i
p,k,n,v,d,h,b,f,f,f,f,f,f,f,f,f,c,m,l,o,c,i
r,n,n,t,e,t,e,f,t,t,f,t,f,f,f,f,c,l,s,o,c,i
p,u,m,b,e,p,a,f,f,f,f,f,f,f,f,t,b,l,s,o,?,i
r,u,n,d,d,h,b,f,f,t,f,f,f,f,t,f,b,m,i,o,?,i
p,k,m,v,n,s,d,f,f,f,f,f,f,f,f,f,c,s,s,o,?,i
p,k,m,a,n,s,a,f,f,t,f,f,f,t,f,t,c,s,i,o,o,i
r,n,m,t,d,c,c,f,f,t,f,f,f,f,f,t,b,l,s,o,o,i
r,n,n,d,d,p,a,t,f,f,f,f,f,f,f,f,a,l,i,m,?,i
p,k,m,b,d,h,e,f,f,f,f,t,f,f,f,f,b,m,l,o,c,i
r,n,n,a,d,s,d,f,f,f,f,f,f,f,f,t,a,l,i,o,?,i
p,f,n,d,n,s,d,f,f,t,f,f,f,f,f,t,c,m,i,m,?,i
p,o,n,t,n,s,b,t,t,f,f,f,f,f,t,t,c,s,i,m,o,i
r,n,n,a,d,c,e,f,t,f,f,f,t,f,f,t,b,s,i,o,o,i
p,k,s,t,e,h,b,f,t,t,f,f,t,f,f,t,a,m,i,m,?,i
p,n,s,t,d,s,d,f,t,f,f,t,t,f,t,t,a,m,l,o,?,i
r,u,n,a,d,h,a,f,f,t,f,f,t,f,t,t,a,l,i,m,c,i
p,n,m,r,d,p,a,f,t,f,f,f,f,f,t,t,b,s,s,o,c,i
p,k,n,a,d,h,a,f,f,t,f,f,f,f,f,f,b,l,s,m,c,i
p,k,m,r,d,s,b,f,f,f,f,f,t,f,f,t,b,l,i,o,?,i
p,n,s,v,d,h,a,f,t,t,f,f,f,f,f,f,a,l,l,o,o,i
p,f,n,d,d,t,a,f,f,t,f,t,f,f,f,f,b,l,l,m,?,i
r,f,n,t,e,s,f,t,t,f,f,f,t,f,f,t,c,m,i,m,o,i
p,k,n,v,e,s,d,f,f,f,f,f,f,f,t,t,a,l,l,m,?,i
p,f,n,t,d,h,d,t,f,f,f,f,f,f,f,f,a,m,l,m,c,i
p,u,s,r,e,s,b,t,t,t,f,f,f,f,t,t,b,l,s,m,o,i
r,n,n,a,d,p,a,f,f,t,f,f,f,f,t,t,a,l,i,o,o,i
r,k,n,v,n,c,f,f,t,f,t,f,f,f,f,t,b,m,i,m,c,i
r,n,n,t,d,s,a,f,t,t,t,f,f,f,t,t,a,l,s,o,?,i
p,o,s,r,e,p,e,t,t,t,f,f,f,f,f,f,c,m,s,o,?,i
r,k,n,t,d,c,d,f,t,t,f,f,f,f,f,t,b,m,l,o,o,i
p,n,m,t,d,h,c,f,t,t,f,f,f,t,f,t,a,s,s,m,?,i
p,n,m,r,e,s,e,f,f,f,f,t,f,f,f,t,c,m,i,o,c,i
p,u,n,a,n,c,e,f,t,f,f,f,f,t,f,t,c,l,s,o,o,i
r,n,n,v,n,p,f,f,f,t,f,t,t,f,t,t,a,l,s,m,o,i
r,f,n,r,e,s,c,f,t,t,f,f,f,f,f,t,c,m,i,m,?,i
r,n,n,r,d,h,b,f,t,t,f,t,f,f,f,t,a,s,s,o,?,i
p,u,m,v,n,t,d,f,f,f,f,f,f,f,f,t,c,m,s,o,c,i
r,n,m,v,d,h,a,f,f,f,f,f,t,f,f,f,a,l,i,o,?,i
r,n,n,d,e,s,b,f,f,f,f,f,f,t,f,f,a,s,i,m,c,i
r,o,n,t,n,s,d,f,f,f,f,f,f,f,t,f,b,m,s,m,o,i
r,u,n,b,d,c,b,t,f,f,f,f,f,f,f,t,b,l,l,m,o,i
r,n,n,v,e,c,f,f,f,f,f,f,f,f,t,f,b,m,s,o,o,i
r,n,m,t,d,s,f,f,t,t,f,f,f,t,f,t,c,l,i,m,?,i
p,f,m,t,d,s,a,f,f,t,f,t,f,f,f,t,a,s,i,m,o,i
r,u,m,t,n,h,b,t,t,f,f,f,f,f,f,t,a,m,l,m,?,i
r,n,n,b,d,c,c,t,t,t,f,f,f,f,f,f,a,m,i,m,c,i
p,k,n,a,d,s,a,t,t,f,f,f,f,f,f,t,a,s,s,m,c,i
p,f,n,r,e,h,a,f,f,f,f,f,f,f,t,f,a,l,i,m,c,i
p,f,f,r,d,h,f,f,f,f,t,f,f,f,f,t,a,l,i,o,o,i
p,o,m,r,d,s,a,f,t,f,f,t,f,f,f,t,a,m,i,m,o,i
p,k,s,t,d,s,b,f,t,f,t,f,f,f,t,f,a,m,l,o,?,i
r,n,n,v,e,t,c,f,f,f,f,t,f,f,f,t,b,l,i,o,?,i
p,u,n,r,e,p,a,f,f,f,f,f,f,f,t,t,a,m,i,o,?,i
p,u,m,t,n,s,e,f,f,t,t,f,f,f,f,t,c,m,s,m,c,i
r,o,n,t,d,p,e,f,f,f,f,f,f,f,f,t,a,s,i,o,o,i
p,n,m,a,n,c,c,f,f,t,f,f,f,f,f,t,b,m,s,o,o,i
r,n,n,d,d,t,b,f,f,f,f,f,f,f,t,f,c,l,i,o,o,i
p,f,f,a,d,t,f,f,f,t,f,f,t,f,f,t,c,m,i,o,o,i
r,n,n,t,n,h,d,f,f,f,f,f,f,f,t,t,a,s,i,o,o,i
p,u,s,t,n,h,c,f,f,f,f,f,f,f,f,f,b,s,i,m,o,i
r,n,n,t,d,s,c,f,f,t,f,f,f,f,f,f,c,l,i,m,c,i
p,f,n,a,d,h,c,f,f,f,f,f,f,f,f,t,c,m,i,o,?,i
r,u,n,v,n,h,b,f,f,f,t,f,t,f,f,t,b,m,s,o,c,i
r,n,n,a,d,c,c,f,f,f,t,f,f,f,f,t,b,m,l,m,c,i
p,n,s,d,d,s,d,f,t,t,t,f,f,t,f,t,b,m,l,o,c,i
p,k,s,t,e,p,c,f,f,t,t,f,t,t,f,t,c,m,s,o,?,i
p,k,f,b,n,t,d,t,t,f,f,t,t,f,f,t,b,s,i,m,c,i
r,n,f,v,e,s,e,f,t,f,f,f,f,f,f,t,c,m,l,o,o,i
p,k,m,r,e,c,e,f,f,t,f,f,f,f,f,f,a,l,s,m,?,i
r,u,n,d,n,p,d,f,f,f,f,f,f,f,t,t,c,l,s,m,c,i
r,n,m,t,d,h,a,t,f,f,f,t,f,f,f,f,b,s,s,o,?,i
r,n,n,b,n,t,d,f,f,f,f,t,f,f,f,f,c,s,i,m,c,i
p,n,m,r,d,h,e,t,t,t,f,f,f,t,f,f,c,m,i,o,c,i
r,n,n,t,e,s,a,f,t,f,f,f,f,t,f,t,a,s,l,o,c,i
r,n,m,v,e,h,f,f,t,t,f,f,f,f,f,f,c,m,s,o,c,i
r,n,n,a,d,h,f,f,f,t,f,f,f,f,t,f,b,m,i,o,o,i
r,f,n,t,e,s,d,t,t,f,f,f,f,f,t,t,a,m,i,o,?,i
r,n,n,v,n,c,a,f,t,t,f,f,f,f,f,f,b,l,i,o,o,i
r,u,n,v,e,h,d,f,f,t,f,f,f,f,t,f,b,s,i,o,?,i
p,n,n,d,d,h,b,f,t,f,f,f,f,t,f,f,a,l,i,o,?,i
r,n,n,d,d,h,b,f,f,f,f,f,f,f,f,t,c,m,s,m,o,i
p,f,n,t,e,h,a,f,f,f,t,f,f,f,f,f,c,l,s,o,c,i
p,u,n,r,e,h,e,f,f,f,f,f,f,f,t,t,c,m,l,m,o,i
r,n,n,h,d,h,d,f,f,t,f,f,f,f,f,f,a,s,s,m,o,i
r,n,m,t,d,s,c,f,t,t,f,t,t,f,f,f,b,m,l,m,o,i
r,n,n,b,e,p,c,f,t,f,f,f,f,f,f,t,c,m,l,o,?,i
r,k,n,d,d,t,c,f,t,t,f,f,f,f,f,t,b,l,i,o,c,i
r,n,n,t,d,h,c,t,t,t,t,f,f,f,t,f,c,l,i,o,c,i
r,n,n,d,d,c,c,f,t,f,f,f,f,f,t,t,a,l,l,m,o,i
r,n,n,b,e,t,a,f,f,f,f,f,f,f,f,f,b,l,i,o,?,i
p,k,m,d,n,s,c,f,t,t,f,f,f,f,t,t,c,l,i,o,o,i
p,u,n,r,e,s,a,f,f,t,f,t,f,f,f,t,c,l,i,o,o,i
p,f,n,r,d,s,e,f,t,f,t,f,f,f,f,f,a,l,s,o,o,i
r,k,n,v,n,h,c,f,f,f,f,f,f,f,t,t,c,m,s,m,?,i
r,n,n,t,d,s,e,f,f,t,f,f,f,t,t,t,a,l,i,o,c,i
r,n,n,r,n,h,c,t,t,f,t,f,f,f,f,t,b,m,s,m,o,i
r,n,m,d,d,h,a,t,f,f,f,f,t,f,t,t,a,m,i,o,?,i
p,o,n,h,n,s,b,t,f,t,t,f,f,f,f,f,c,m,l,o,c,i
r,u,m,h,n,h,b,f,f,f,f,f,f,f,t,f,c,m,i,m,o,i
p,u,n,r,n,s,c,f,f,f,f,f,t,f,t,f,c,l,i,o,o,i
r,u,n,r,d,h,e,f,f,f,f,f,f,f,f,t,b,m,s,m,?,i
p,u,n,b,n,s,a,t,f,f,f,f,f,f,f,f,b,s,s,m,?,i
r,u,n,r,e,s,c,f,f,t,f,f,f,f,t,t,a,s,s,m,c,i
p,n,n,r,d,s,a,f,f,f,f,f,f,f,f,t,b,s,i,m,?,i
r,n,m,t,e,c,c,t,f,f,f,t,f,f,f,t,c,m,i,m,o,i
r,n,m,t,e,s,d,t,f,f,f,f,t,f,t,t,c,s,i,m,c,i
r,k,n,r,n,c,a,f,f,f,f,f,f,f,f,t,b,m,l,o,?,i
r,n,n,a,n,p,a,f,t,f,t,f,f,f,f,t,a,m,s,m,?,i
p,o,s,a,e,h,e,f,f,f,t,f,f,f,t,t,a,m,l,m,?,i
p,k,n,t,e,s,c,t,t,f,f,t,f,f,f,t,c,m,s,o,c,i
p,k,n,v,d,h,b,f,t,f,f,f,f,t,t,t,b,l,s,m,c,i
r,n,m,h,e,s,d,f,t,f,f,f,f,f,f,f,a,m,i,m,o,i
r,n,n,r,n,p,a,f,f,f,f,f,f,f,f,t,b,m,i,m,o,i
r,n,n,d,e,c,e,f,f,f,f,f,f,f,f,t,a,m,s,m,c,i
r,o,n,d,n,h,e,f,f,f,f,f,f,f,f,t,b,l,s,o,o,i
r,k,n,t,e,s,c,f,f,f,f,f,f,f,t,f,a,s,s,o,o,i
p,f,n,t,d,c,c,f,t,f,t,t,f,f,f,t,c,l,l,m,c,i
r,n,m,t,e,h,c,t,f,f,f,f,t,f,f,t,b,s,i,m,c,i
p,n,n,t,d,s,e,f,f,f,t,f,f,f,f,t,b,m,i,o,?,i
r,n,n,b,n,c,a,f,f,t,t,f,f,f,f,t,a,m,i,o,?,i
p,o,n,a,n,s,d,f,f,t,f,f,t,t,f,t,c,m,i,m,c,i
p,o,m,d,n,p,b,t,t,t,f,f,f,f,f,t,a,s,s,o,o,i
r,n,n,r,n,p,e,f,t,f,f,f,f,t,f,f,a,m,i,o,c,i
p,u,m,a,e,s,f,f,t,f,f,f,f,f,f,t,a,m,i,o,?,i
r,n,n,h,e,s,b,f,f,f,f,f,f,t,t,t,a,m,i,o,c,i
r,u,n,h,n,h,c,f,f,f,f,f,f,t,f,t,b,s,s,o,c,i
r,n,n,v,d,p,c,f,t,t,t,f,f,f,f,t,a,m,i,m,o,i
r,n,n,v,n,s,d,f,t,f,t,f,f,f,t,t,a,s,s,m,c,i
p,o,n,h,d,s,a,f,f,f,t,f,f,f,t,f,c,s,i,o,o,i
p,n,m,r,n,c,d,t,f,t,t,f,t,f,t,t,b,m,l,o,o,i
p,n,s,d,e,s,e,f,t,t,f,t,t,f,f,t,a,m,s,o,?,i
r,n,m,t,n,s,f,f,t,f,f,f,f,f,f,f,c,s,i,o,?,i
r,n,n,b,e,c,e,f,t,t,t,t,f,f,f,t,b,m,s,o,o,i
p,f,n,b,e,h,d,f,t,f,t,f,f,f,t,t,c,m,i,o,?,i
p,o,m,t,n,h,b,f,f,f,t,f,f,f,t,t,b,m,s,m,o,i
r,u,n,t,d,s,a,f,f,t,t,f,f,f,t,t,c,s,i,o,o,i
r,n,m,t,d,h,d,f,f,f,t,f,f,f,f,t,c,m,s,o,?,i
p,k,m,a,d,h,d,f,f,t,t,f,f,f,f,t,a,m,s,m,o,i
r,n,n,t,e,h,e,t,t,f,f,f,f,f,f,t,b,m,i,o,?,i
p,n,s,a,e,t,c,f,t,t,f,f,f,f,f,t,b,m,s,o,o,i
p,n,m,v,e,s,a,f,f,t,f,f,t,f,f,t,b,m,i,m,?,i
r,u,n,r,d,h,b,f,f,f,t,f,t,f,f,t,b,m,i,m,c,i
p,u,s,r,d,p,c,f,f,f,f,f,f,t,f,t,b,m,i,o,o,i
p,o,n,t,n,s,b,f,f,t,f,f,f,f,f,t,b,l,s,o,?,i
p,k,n,d,e,t,a,f,t,t,f,f,f,f,f,t,b,s,s,o,o,i
r,k,n,t,d,h,a,f,f,f,f,f,t,f,t,t,a,m,s,o,?,i
r,k,n,a,d,s,c,f,t,f,f,f,f,f,f,t,c,s,i,o,o,i
p,k,n,b,d,s,b,f,t,t,t,f,t,f,f,t,c,s,s,o,o,i
p,n,s,d,n,s,f,f,f,f,f,f,f,f,f,t,b,l,i,m,c,i
r,n,n,h,e,t,e,f,f,f,f,t,f,f,f,f,b,m,l,o,?,i
r,n,n,v,e,t,a,f,f,t,f,t,f,f,t,t,b,s,s,m,o,i
p,u,m,v,e,h,e,f,f,f,t,f,f,f,f,t,b,s,l,m,?,i
p,k,n,b,n,s,c,f,f,f,t,f,t,f,t,f,b,l,s,m,o,i
p,u,m,r,d,h,f,f,f,t,f,f,f,f,f,f,b,l,i,o,?,i
r,n,n,t,d,h,d,t,f,f,f,f,f,f,f,f,a,s,l,m,?,i
p,k,f,t,e,s,b,f,f,f,f,f,f,f,f,t,a,s,s,o,o,i
r,n,m,h,n,s,a,f,t,f,f,f,f,f,t,t,b,m,i,m,c,i
r,n,n,h,e,h,f,f,f,t,f,f,f,t,f,f,b,m,i,o,c,i
r,n,n,a,e,h,f,t,f,t,f,f,f,f,t,t,b,l,l,o,o,i
r,n,n,t,n,c,c,f,t,f,f,f,f,t,t,t,a,m,i,m,c,i
r,u,s,t,d,h,d,f,t,t,t,f,f,f,t,f,a,l,i,o,?,i
p,n,m,b,d,s,c,f,f,f,f,f,t,f,t,f,b,m,i,m,?,i
r,k,n,t,e,s,e,f,f,f,f,f,t,f,f,t,c,m,s,o,o,i
p,n,n,r,n,c,c,f,f,f,f,f,f,t,t,f,c,m,s,o,c,i
p,n,s,t,d,c,a,f,f,f,f,f,t,f,t,t,b,l,i,o,c,i
p,k,n,t,e,s,b,f,t,t,t,f,f,f,t,f,a,l,s,m,?,i
r,n,m,t,n,p,d,f,t,f,t,f,f,f,f,t,b,m,i,m,?,i
r,u,m,v,e,c,b,t,f,f,t,f,f,f,t,f,b,m,i,m,c,i
p,o,n,a,e,s,e,t,f,f,f,f,f,f,t,t,c,s,s,o,o,i
p,f,n,b,d,s,f,f,f,f,f,f,f,f,f,t,a,m,l,o,o,i
r,n,n,r,d,t,b,f,f,t,f,f,f,f,f,t,b,m,l,o,o,i
r,n,n,v,d,h,f,f,f,f,f,f,f,f,t,t,b,m,i,m,?,i
p,u,s,a,d,s,e,f,t,f,t,f,f,f,f,t,b,s,l,m,o,i
r,n,m,v,n,h,d,f,t,f,f,f,t,f,f,f,c,m,s,o,c,i
r,n,m,a,e,s,a,f,f,t,t,f,t,f,f,t,b,l,s,m,o,i
r,n,n,r,n,c,c,f,f,t,f,f,f,f,t,t,b,l,s,o,?,i
p,o,n,a,d,c,f,t,f,f,f,f,f,f,f,t,a,m,s,o,c,i
p,k,m,d,d,p,d,f,f,f,t,f,f,f,f,t,a,l,l,m,c,i
p,f,n,h,n,h,d,f,f,t,f,f,f,f,f,t,b,m,i,o,?,i
r,o,n,v,d,c,a,f,f,f,t,f,f,f,t,f,c,m,l,o,o,i
r,n,n,d,d,s,b,f,f,t,f,t,f,t,f,t,b,m,s,o,o,i
p,u,m,t,d,p,c,f,f,f,f,f,t,f,f,t,b,l,i,o,?,i
r,n,m,r,d,s,d,f,f,f,t,f,t,f,f,f,c,m,s,m,?,i
r,k,n,t,d,s,e,f,t,t,f,f,f,f,f,t,a,m,s,o,?,i
p,n,s,t,d,t,c,t,f,t,t,f,f,f,f,t,b,s,l,m,o,i
r,u,n,b,n,t,b,f,f,t,t,f,f,f,f,t,c,m,i,o,o,i
r,n,n,v,d,h,b,f,t,f,f,f,f,f,f,t,c,m,l,o,c,i
r,n,n,v,e,h,a,t,f,f,t,f,f,f,f,t,c,l,l,o,o,i
p,n,m,d,e,s,a,f,t,f,t,f,f,f,f,t,b,m,s,o,?,i
r,n,n,b,e,c,b,t,t,t,t,f,f,f,f,t,b,m,i,o,c,i
r,n,n,d,e,s,e,f,t,f,f,f,f,f,f,t,c,m,l,o,c,i
p,k,n,d,d,s,c,f,f,f,f,f,f,f,f,f,a,s,i,o,?,i
r,n,m,d,d,h,e,f,t,f,f,f,f,f,f,t,c,s,i,o,c,i
p,u,m,t,e,p,f,t,f,f,f,f,f,f,t,f,b,l,i,o,c,i
r,n,n,b,n,t,a,f,t,t,f,f,f,f,f,f,a,s,i,o,o,i
p,f,s,v,d,t,e,f,t,f,f,t,f,f,f,f,b,m,s,m,o,i
r,n,n,h,e,c,a,f,t,t,f,f,f,f,f,f,c,m,i,o,o,i
p,f,n,t,n,s,a,t,f,f,f,t,f,f,f,f,b,m,i,o,o,i
p,k,n,a,n,s,b,f,t,f,f,f,f,f,t,f,c,m,i,m,o,i
p,n,m,a,n,h,a,f,f,t,f,f,f,t,f,t,c,l,s,m,c,i
p,u,n,a,e,s,d,f,f,t,f,f,f,f,f,f,b,s,i,o,?,i
r,n,n,v,n,c,e,t,f,f,f,f,f,f,f,f,a,l,s,m,c,i
r,n,n,t,e,h,d,f,f,f,t,f,f,f,t,f,c,m,i,m,o,i
p,f,n,a,e,p,d,f,f,f,t,f,f,f,t,t,c,m,i,o,o,i
p,o,m,v,n,h,e,t,f,f,f,f,t,f,t,f,b,s,i,o,o,i
r,n,f,a,d,h,e,f,f,f,f,f,f,f,f,t,b,s,i,o,c,i
r,n,n,t,n,c,f,f,t,f,f,f,f,f,t,t,a,m,i,o,c,i
p,u,m,r,n,h,d,f,f,f,t,f,f,f,f,t,c,s,i,o,?,i
p,f,n,b,e,s,b,f,f,f,f,f,f,f,t,t,c,s,l,o,c,i
r,u,n,h,d,c,c,f,f,t,f,f,t,t,f,t,a,s,i,o,o,i
r,k,n,v,n,h,c,f,f,f,f,f,t,f,f,t,c,m,l,m,o,i
p,f,f,h,d,s,a,f,f,f,f,f,f,f,t,t,b,l,i,m,o,i
r,n,n,t,e,h,e,t,t,f,f,f,f,f,f,t,a,s,i,m,o,i
r,u,m,v,d,t,f,f,t,f,f,f,f,f,f,f,b,m,s,m,c,i
r,n,n,b,n,s,f,f,t,t,f,f,f,f,t,t,c,m,s,o,c,i
p,f,m,v,n,h,b,t,f,t,f,f,f,f,f,f,b,s,s,o,o,i
r,n,n,b,d,s,a,f,f,f,f,f,f,f,f,t,a,l,i,o,o,i
p,k,s,t,e,h,a,t,t,f,f,f,f,f,f,t,c,m,i,o,o,i
p,f,m,t,n,t,e,f,t,f,f,f,f,f,f,f,b,m,s,o,o,i
p,k,n,d,d,s,d,f,f,f,t,f,f,f,f,f,c,m,i,o,?,i
r,u,m,v,d,p,e,f,f,f,f,f,f,f,f,t,a,l,i,o,o,i
p,n,n,t,d,p,f,t,f,t,t,f,t,f,t,t,b,s,i,m,c,i
p,f,n,r,n,s,b,f,t,t,f,f,f,f,f,t,b,s,s,o,?,i
r,n,n,v,e,c,b,f,f,t,f,f,t,f,f,t,a,s,i,m,c,i
r,n,m,b,d,t,e,f,f,f,t,f,f,f,f,f,c,s,i,o,o,i
r,n,m,a,d,t,b,t,t,t,f,f,f,f,f,t,b,l,i,m,?,i
r,n,n,d,e,h,c,t,t,f,f,f,f,f,t,f,c,m,s,o,o,i
p,n,s,r,d,s,c,f,f,f,t,f,t,f,t,t,a,m,s,o,c,i
p,f,n,v,e,s,d,f,f,f,f,f,f,t,f,f,a,m,i,m,o,i
p,f,n,r,d,s,f,f,f,t,t,f,f,f,f,f,b,m,l,o,o,i
r,f,n,v,n,h,a,f,t,f,f,f,f,f,f,t,c,s,i,o,o,i
r,n,n,t,e,h,c,t,f,t,f,t,f,f,f,t,c,s,l,m,c,i
r,n,n,d,n,c,f,f,f,f,t,f,f,f,t,t,c,m,l,o,?,i
r,n,n,a,d,c,b,f,f,t,f,f,f,f,f,t,c,m,s,o,o,i
p,o,n,d,e,s,e,f,f,f,f,f,f,f,f,t,b,m,s,o,?,i
p,u,n,d,n,t,f,f,t,t,f,f,f,f,t,f,b,m,s,o,c,i
p,n,m,r,e,s,b,f,f,f,t,f,f,f,f,t,b,l,i,m,o,i
p,f,n,b,d,s,a,f,f,f,t,t,f,f,f,t,c,s,i,m,?,i
p,n,m,t,d,p,a,t,f,t,f,t,t,f,f,f,a,l,i,o,?,i
p,n,n,a,e,s,a,f,f,f,f,f,t,t,f,t,b,m,i,o,?,i
r,n,n,r,e,s,b,f,f,f,f,f,f,f,f,t,a,l,i,o,o,i
r,n,n,t,n,t,a,f,f,f,f,f,f,f,f,t,a,s,s,m,o,i
p,f,m,t,n,t,c,f,t,f,t,f,f,f,t,f,a,m,i,o,o,i
r,u,n,h,e,p,e,f,f,f,f,f,f,f,f,f,a,m,i,o,?,i
p,n,n,a,n,s,b,f,f,f,f,f,f,f,f,f,b,s,s,m,c,i
p,k,m,a,e,s,c,f,t,f,f,f,f,f,f,t,a,m,s,m,c,i
p,f,m,t,d,s,a,f,f,t,f,f,f,t,f,f,b,m,i,o,o,i
r,u,n,r,d,s,d,f,f,f,f,f,t,f,f,f,b,m,s,m,c,i
p,k,n,b,n,t,b,f,f,f,f,f,f,f,f,t,a,s,i,o,o,i
r,n,n,v,d,s,a,f,t,f,t,f,f,f,t,t,a,m,s,m,c,i
p,k,n,b,n,c,f,f,f,t,t,f,f,f,t,t,a,m,i,o,c,i
r,n,m,t,d,s,e,t,f,t,f,f,f,t,f,f,c,m,s,o,?,i
r,u,n,b,d,h,d,f,t,f,f,f,t,f,f,t,a,m,s,m,?,i
r,n,n,t,n,s,e,f,f,f,f,f,f,f,f,t,b,l,i,o,c,i
p,f,n,d,n,s,c,t,f,f,t,f,f,f,f,t,c,m,s,m,o,i
r,n,n,t,n,s,b,f,f,f,f,f,t,f,f,f,a,m,i,m,o,i
p,n,m,t,d,t,c,f,f,t,t,f,f,f,f,f,c,s,i,o,o,i
p,u,n,a,d,c,e,f,f,f,f,f,f,t,f,t,a,m,i,m,c,i
p,k,n,t,e,c,f,f,f,f,t,f,t,f,t,t,a,m,i,m,c,i
p,n,n,b,n,s,d,f,t,f,f,f,f,f,f,f,c,m,s,o,c,i
p,u,n,b,d,c,b,f,f,f,f,f,t,f,f,t,b,s,s,o,?,i
p,o,n,h,e,c,e,f,t,f,f,f,f,f,f,f,a,s,i,o,c,i
r,n,n,t,d,h,d,t,f,t,t,f,t,f,f,t,b,s,i,o,?,i
r,k,m,b,e,c,b,f,f,t,f,f,f,f,t,t,c,m,s,m,o,i
p,k,m,v,d,p,c,f,t,t,t,f,f,f,t,t,c,l,i,o,?,i
p,k,f,t,n,t,a,t,t,f,f,t,t,f,f,t,a,m,s,m,o,i
p,n,s,r,d,t,c,f,f,f,f,t,f,t,t,t,b,m,s,o,c,i
r,n,n,d,e,h,e,f,t,f,f,f,f,f,t,t,c,m,i,o,o,i
r,u,n,v,n,s,b,f,t,t,f,f,f,f,f,t,a,l,s,o,?,i
p,u,n,d,d,s,d,f,t,f,t,f,f,f,f,f,b,s,i,m,o,i
r,o,m,v,d,s,b,f,f,t,f,f,f,f,f,t,b,s,i,o,c,i
r,u,n,a,e,s,a,f,f,f,t,f,f,f,t,f,a,s,i,o,c,i
p,f,n,d,e,h,e,f,t,f,f,f,f,f,f,f,b,l,s,m,o,i
r,o,n,t,e,c,d,f,f,f,t,f,f,f,f,t,c,l,l,m,?,i
r,o,n,b,e,h,e,f,f,t,f,f,f,f,f,f,c,s,s,o,o,i
p,k,m,v,d,c,d,t,f,t,f,f,f,t,f,t,b,l,i,m,?,i
r,n,m,d,n,t,e,f,t,t,f,f,f,f,t,t,c,m,i,o,o,i
r,n,n,d,d,s,a,f,f,t,f,f,f,f,f,t,a,l,l,m,c,i
p,f,s,t,e,s,d,t,t,f,f,f,f,f,t,f,a,m,s,o,o,i
r,n,n,v,n,c,b,f,f,t,f,f,t,f,f,t,a,l,s,o,c,i
r,n,n,t,n,h,e,t,t,f,f,t,f,f,f,t,a,l,i,o,o,i
p,k,n,v,d,h,d,t,f,t,f,t,f,t,t,f,b,m,i,o,?,i
r,n,m,v,d,p,a,f,f,f,f,f,f,f,t,t,c,m,s,m,o,i
r,n,n,t,e,s,c,t,t,t,t,f,f,f,t,t,c,m,i,o,c,i
r,o,n,d,d,h,e,f,t,f,f,f,t,f,t,f,b,m,i,m,o,i
p,u,s,b,e,t,b,t,t,f,f,t,f,f,f,f,a,s,l,o,c,i
r,n,n,b,e,h,d,f,t,f,f,f,f,f,t,t,a,m,i,o,o,i
r,n,n,h,d,h,e,f,f,f,t,f,f,t,f,t,b,m,l,o,?,i
p,n,m,r,d,s,a,f,t,f,t,f,f,f,f,f,a,s,s,m,c,i
p,o,s,b,e,h,d,f,t,f,t,f,f,f,f,t,b,s,s,m,c,i
p,o,m,t,n,s,f,f,f,f,f,f,f,f,f,t,c,s,l,m,c,i
r,n,s,t,d,h,a,f,t,f,f,f,f,f,f,t,c,s,i,o,o,i
r,o,n,t,d,h,b,t,f,f,t,f,f,f,t,t,b,s,i,m,?,i
r,n,n,a,d,t,d,f,t,f,f,f,f,f,f,t,a,s,i,o,o,i
p,n,m,a,e,c,d,f,t,f,f,t,f,f,f,t,c,m,s,m,?,i
p,u,n,b,n,s,e,t,t,t,f,f,f,f,f,f,b,s,i,o,?,i
r,n,n,r,n,p,d,t,t,f,t,f,f,f,f,t,b,s,i,m,c,i
p,n,f,t,n,s,d,f,t,t,f,f,f,f,f,t,c,m,l,o,c,i
p,n,n,r,e,c,c,t,t,f,f,f,t,f,f,t,a,m,s,o,o,i
p,k,n,d,n,s,a,f,t,f,t,f,t,t,f,t,c,l,i,o,c,i
p,u,s,t,d,c,d,f,f,f,f,f,f,f,f,t,c,s,s,m,c,i
p,u,s,r,e,t,a,f,f,t,f,f,f,f,f,t,a,m,s,o,c,i
p,n,f,t,e,s,f,f,f,f,f,f,f,f,f,t,c,m,s,o,o,i
p,n,s,b,n,h,a,f,f,t,f,f,f,f,f,f,c,m,i,o,o,i
p,o,n,v,n,h,a,f,f,f,f,f,f,f,f,t,a,s,s,m,o,i
p,n,s,t,d,s,e,f,t,t,f,f,t,f,f,f,b,m,i,m,o,i
r,u,n,a,n,h,a,f,f,f,t,f,f,f,f,f,b,l,s,o,c,i
p,f,m,d,n,c,c,f,f,f,t,f,f,f,f,f,c,l,i,m,o,i
r,n,n,t,n,s,f,f,f,f,f,f,f,f,f,t,c,s,i,o,o,i
r,o,m,v,e,s,e,f,t,f,f,f,f,f,f,t,c,m,i,o,o,i
p,n,n,r,n,c,b,t,f,t,f,f,f,t,f,f,b,m,s,o,c,i
r,n,m,t,n,c,b,f,t,t,f,f,f,f,t,t,b,l,s,o,c,i
r,k,n,v,e,s,d,f,t,f,f,f,t,f,f,t,c,m,s,o,c,i
r,k,n,b,e,t,c,f,f,f,f,f,f,f,f,t,a,l,i,o,?,i
p,f,n,t,n,p,a,f,f,f,t,f,f,f,f,f,a,s,s,o,?,i
p,f,n,d,n,t,a,f,f,t,f,f,f,f,t,t,b,s,i,m,o,i
p,u,m,b,e,h,e,f,f,f,t,f,f,f,f,f,c,m,s,o,o,i
p,u,n,v,n,s,b,f,t,f,f,f,f,f,f,t,a,l,l,o,o,i
r,k,n,t,d,s,e,f,f,f,f,f,f,f,t,f,b,l,i,o,c,i
r,n,n,t,e,t,a,t,t,f,f,f,f,f,f,f,c,l,s,o,o,i
r,f,n,v,d,p,d,f,f,f,f,f,f,f,t,t,a,m,i,o,o,i
p,u,m,r,e,c,c,f,f,f,t,f,f,f,t,t,a,l,s,m,?,i
r,n,n,t,d,h,b,f,t,f,f,t,f,f,f,t,c,s,i,m,?,i
r,n,n,v,d,h,d,f,t,t,f,f,f,t,f,t,a,l,s,m,?,i
r,n,n,b,d,c,a,f,f,f,f,f,f,t,f,t,c,m,i,m,o,i
r,n,n,a,d,s,e,f,t,f,f,t,f,f,t,t,a,m,i,o,c,i
p,f,m,v,d,h,e,f,t,t,f,f,f,f,t,t,a,m,s,m,o,i
r,n,n,r,e,c,b,f,f,t,f,f,f,f,f,t,a,m,i,o,o,i
p,o,n,b,d,c,d,f,t,f,t,f,t,f,t,t,b,l,l,o,c,i
p,o,m,v,d,h,f,f,f,f,f,f,f,f,t,t,b,l,s,m,?,i
r,o,n,b,d,c,c,f,t,t,f,f,f,t,f,f,a,l,i,m,o,i
p,n,n,d,d,s,b,t,t,f,f,f,f,f,t,t,b,m,s,o,c,i
r,n,n,v,d,s,e,f,t,t,f,f,f,f,f,t,c,m,l,o,o,i
p,f,s,a,n,s,a,t,t,f,t,f,f,f,f,t,a,l,i,o,c,i
r,o,n,b,e,s,d,f,f,t,f,f,t,f,f,t,a,s,i,o,c,i
p,k,n,h,d,h,b,t,f,f,f,f,f,f,f,t,b,l,i,o,o,i
p,u,s,d,e,h,d,t,f,f,f,t,f,f,f,t,c,m,l,o,c,i
r,n,m,t,d,h,c,f,t,t,f,t,f,f,f,t,c,m,l,o,o,i
r,u,n,t,e,h,a,f,t,f,f,f,t,t,f,t,a,l,i,o,o,i
p,n,s,a,n,h,f,f,f,f,f,f,t,f,f,t,a,s,s,m,o,i
p,n,n,d,d,c,c,f,t,f,f,f,f,f,f,t,b,l,s,o,?,i
p,k,m,d,d,s,b,f,t,t,t,f,f,f,f,t,c,m,i,o,o,i
r,n,m,v,e,h,d,f,f,f,f,f,f,f,f,t,c,m,l,m,o,i
p,n,n,t,d,s,c,t,f,f,f,f,t,f,t,f,c,s,s,m,?,i
r,n,n,d,d,s,a,t,t,f,f,f,f,f,f,t,a,m,l,m,o,i
r,n,n,t,e,h,d,f,t,f,t,f,f,t,t,t,a,m,s,o,?,i
p,o,s,a,e,p,f,t,f,f,f,f,f,f,t,t,a,l,s,o,?,i
r,n,n,a,d,s,b,f,f,f,f,f,f,f,f,t,b,m,i,o,?,i
r,f,n,b,n,h,f,f,f,f,t,f,f,f,f,t,b,s,s,o,c,i
r,o,m,b,d,s,d,f,f,t,f,f,f,f,f,t,a,m,l,o,o,i
r,n,m,t,d,s,a,t,t,f,f,f,f,f,f,t,a,l,s,o,c,i
r,n,n,t,e,p,e,f,f,f,f,f,f,f,t,t,b,s,i,o,o,i
r,u,m,v,e,h,c,f,t,f,f,f,t,f,f,t,b,m,s,o,c,i
p,o,n,t,e,c,e,f,f,f,f,f,f,f,t,f,b,l,s,m,o,i
p,k,m,b,e,p,d,f,f,f,t,f,f,f,t,f,a,s,l,m,o,i
r,o,n,t,e,h,a,f,f,f,t,f,t,f,f,t,a,l,s,m,?,i
r,n,n,a,n,s,a,t,t,f,t,f,f,f,t,t,a,m,i,o,c,i
r,n,m,t,e,c,b,t,f,f,f,f,f,f,f,t,b,l,s,m,o,i
p,f,n,v,d,c,c,f,t,f,t,f,f,f,f,t,a,l,i,m,?,i
r,n,n,a,n,h,f,t,f,t,t,f,f,f,f,f,b,l,s,o,?,i
p,f,n,a,d,h,e,f,t,f,f,t,f,f,f,f,b,s,i,o,o,i
p,k,m,d,n,h,e,t,t,t,f,f,f,t,f,f,c,s,i,o,c,i
p,f,s,t,d,s,c,f,t,f,t,f,f,f,f,f,b,l,s,o,c,i
p,n,m,v,e,c,a,f,f,f,f,f,t,f,f,f,c,m,s,o,c,i
p,n,s,t,e,s,e,f,t,f,f,t,f,f,f,t,b,m,s,o,o,i
p,n,s,d,e,s,a,t,f,f,f,f,f,f,f,t,b,m,s,o,o,i
r,n,n,t,d,h,a,f,t,f,f,f,t,f,f,f,a,l,i,o,?,i
p,f,n,b,e,h,b,f,f,t,f,f,f,f,f,f,a,l,i,o,c,i
p,n,s,r,n,p,f,f,f,f,t,t,t,f,f,t,c,l,i,o,c,i
r,n,s,b,n,h,e,f,t,f,f,t,f,f,f,t,c,l,i,o,o,i
p,n,f,v,e,c,a,f,f,f,f,f,f,f,t,t,b,s,i,o,o,i
p,n,m,t,d,s,f,f,t,f,f,f,f,f,f,f,b,m,i,o,?,i
r,o,n,a,d,h,e,f,f,f,t,f,f,f,f,t,a,s,s,o,c,i
r,n,s,d,e,s,d,f,t,t,f,f,f,f,t,t,a,l,i,m,o,i
p,u,s,d,d,h,a,f,t,f,t,f,f,f,f,t,b,m,l,m,o,i
r,n,m,b,n,c,b,f,f,f,f,f,f,f,f,t,a,m,i,m,c,i
p,f,m,b,e,s,b,f,t,f,f,f,f,f,f,t,b,m,s,o,c,i
r,n,n,v,d,t,d,t,t,f,f,t,f,f,f,t,a,l,i,o,o,i
r,n,s,v,d,h,d,f,t,f,f,f,f,f,f,t,a,s,s,o,o,i
p,u,n,d,d,c,b,f,f,f,f,f,f,f,f,t,a,m,i,m,?,i
r,u,s,d,e,h,b,t,f,f,f,f,f,f,f,t,c,l,i,o,o,i
r,u,n,a,e,c,c,f,f,t,f,f,f,f,f,t,a,m,i,m,?,i
p,n,n,r,d,h,e,f,f,t,t,f,f,f,t,t,b,s,s,o,o,i
r,n,n,b,e,s,a,f,f,t,f,f,f,f,f,f,b,m,l,o,o,i
p,f,n,t,d,t,e,f,f,f,f,f,f,t,f,t,b,s,s,o,?,i
r,n,n,d,e,c,f,f,f,t,f,f,f,f,f,t,b,m,s,m,c,i
p,f,s,r,n,h,e,f,f,t,f,f,f,f,f,t,b,m,s,m,c,i
p,k,n,t,d,c,c,t,f,t,f,f,t,t,t,t,c,m,i,o,o,i
p,k,s,r,d,s,e,f,t,f,t,f,f,f,f,f,a,m,l,o,?,i
p,o,n,a,n,c,f,f,f,t,f,f,f,f,f,f,a,l,i,o,o,i
p,f,n,t,d,h,e,f,f,t,f,f,f,t,f,f,a,s,i,m,o,i
p,n,m,r,e,p,a,f,t,f,f,f,f,f,f,f,b,m,l,o,?,i
r,n,m,v,n,s,a,t,f,f,t,f,t,f,f,t,a,s,l,o,?,i
p,k,n,b,e,c,a,f,f,f,t,f,f,f,f,t,c,s,i,o,o,i
p,k,m,t,n,t,a,f,f,f,t,f,f,f,t,t,b,m,s,m,o,i
p,n,m,b,e,t,e,t,f,f,f,f,f,f,f,t,c,s,i,m,o,i
r,n,n,t,e,c,b,f,t,f,f,f,f,f,t,t,b,m,i,m,o,i
p,f,s,d,d,c,e,t,f,f,f,f,f,f,t,t,c,l,s,o,c,i
p,o,m,t,d,h,d,f,t,f,f,f,f,f,f,t,c,l,s,m,?,i
p,k,m,d,e,s,c,f,t,f,f,t,f,f,f,f,b,l,i,o,o,i
r,n,n,t,d,h,a,f,f,f,f,f,f,f,t,f,a,m,s,o,c,i
r,n,n,t,e,h,b,f,f,f,t,f,f,f,f,t,b,l,i,o,o,i
p,k,n,a,d,s,a,f,f,f,t,f,f,f,f,t,b,m,l,m,c,i
r,n,m,v,d,c,f,f,f,f,t,f,f,t,f,f,a,s,s,m,c,i
p,k,m,d,e,s,b,f,f,t,f,f,f,t,t,t,a,m,s,o,c,i
p,f,n,b,e,h,a,f,f,f,f,t,f,f,t,t,b,s,s,o,c,i
r,n,m,a,d,h,a,f,f,t,f,f,f,t,f,t,b,m,l,m,o,i
r,n,n,t,n,p,d,f,t,f,f,f,t,f,f,t,a,s,i,m,c,i
r,n,n,b,d,s,d,t,f,t,f,f,f,f,f,t,b,s,s,m,o,i
p,u,s,a,d,s,f,f,f,t,f,f,f,f,t,t,a,l,i,o,?,i
p,f,n,d,n,h,b,f,f,f,t,f,t,f,f,t,c,l,l,m,o,i
r,n,n,b,n,h,a,t,t,f,t,f,f,f,t,f,c,s,i,m,c,i
p,u,n,v,d,s,e,f,f,t,f,t,f,f,f,f,a,l,s,o,o,i
r,n,n,d,d,h,b,t,t,t,f,f,f,f,f,t,a,s,s,m,?,i
r,n,m,t,n,t,b,t,t,f,f,f,f,t,t,t,a,l,i,m,o,i
p,u,s,a,e,c,f,f,t,f,f,f,f,f,t,t,a,m,l,m,?,i
r,n,n,d,d,s,d,f,f,f,t,f,f,f,f,f,a,m,i,o,o,i
p,n,n,a,d,s,c,t,f,f,f,f,f,f,t,f,a,m,s,o,?,i
r,k,n,b,d,h,f,f,f,t,t,f,f,f,f,t,a,m,l,o,c,i
r,n,n,d,n,c,b,f,f,f,t,f,f,f,f,t,a,s,i,o,o,i
p,f,n,t,e,t,a,f,f,f,t,f,f,f,f,f,c,l,i,o,?,i
r,n,n,d,d,s,b,f,t,t,f,f,f,f,t,f,a,m,i,m,c,i
p,n,s,a,d,h,a,f,f,f,f,f,f,f,f,t,a,s,l,o,o,i
r,n,n,b,d,t,c,f,t,t,t,f,f,f,f,t,c,s,i,o,c,i
r,n,n,a,e,s,e,f,f,f,f,f,t,f,f,t,c,s,s,o,o,i
p,n,n,b,n,t,f,t,t,t,f,f,f,t,f,t,b,s,i,o,?,i
r,n,m,t,e,h,d,f,t,f,f,f,f,f,t,t,c,s,l,m,o,i
r,u,n,t,n,c,f,f,f,f,t,f,f,f,f,t,b,l,s,m,c,i
p,n,n,a,d,h,c,f,f,f,f,f,f,f,f,t,b,m,i,m,?,i
p,n,m,a,e,p,b,f,f,f,f,f,f,f,f,t,c,m,s,o,c,i
r,n,n,r,e,t,a,f,f,t,f,f,f,f,f,t,a,m,i,o,c,i
p,n,s,t,d,s,c,f,t,t,f,f,f,f,t,t,a,m,i,m,o,i
r,n,n,t,e,c,b,f,f,f,f,f,f,f,t,f,b,m,i,o,c,i
p,k,m,t,n,s,a,t,t,t,t,f,t,t,f,t,a,l,l,o,c,i
p,n,f,a,d,s,f,f,f,f,t,f,t,t,f,t,a,m,l,m,o,i
r,u,n,t,e,h,a,f,t,f,f,f,f,f,f,f,c,s,i,o,o,i
p,u,m,t,n,h,e,f,t,f,f,f,f,f,t,t,b,s,s,m,o,i
r,n,n,b,n,h,a,f,f,f,f,f,f,f,f,t,c,s,i,m,o,i
r,n,m,v,e,s,c,f,f,f,f,f,f,f,f,f,b,s,s,o,c,i
p,n,s,r,d,s,d,f,t,f,f,f,f,f,t,t,b,s,i,o,o,i
p,k,m,t,n,s,b,f,f,t,f,f,f,f,f,t,c,m,s,o,o,i
p,n,s,d,d,s,a,f,f,f,f,f,f,f,f,f,b,s,l,o,o,i
p,o,n,r,d,s,d,f,t,f,t,f,f,f,f,t,b,m,i,o,?,i
p,f,n,r,d,p,d,f,f,f,f,f,f,f,f,t,a,l,i,m,o,i
r,o,n,t,e,s,b,f,f,t,f,f,f,f,f,f,a,m,s,o,c,i
p,k,m,t,e,t,b,t,f,f,f,f,f,f,t,t,b,s,s,o,c,i
p,u,s,b,n,s,a,t,t,f,f,f,f,f,f,f,a,m,i,m,?,i
r,n,m,t,e,h,b,f,f,f,t,f,t,f,f,t,a,m,i,m,o,i
r,n,n,r,n,s,f,f,f,f,f,f,f,f,t,f,c,m,s,m,o,i
r,n,n,a,e,s,a,f,f,t,f,f,f,f,t,t,a,l,i,m,o,i
r,u,m,t,e,c,c,f,f,t,f,f,f,f,f,f,c,m,s,m,o,i
p,k,s,t,d,s,d,f,t,f,t,f,f,f,f,t,b,m,i,o,c,i
r,o,n,t,d,h,e,f,f,t,f,f,f,f,t,f,a,s,i,o,c,i
r,n,n,a,e,h,a,f,f,f,f,f,f,f,t,t,c,l,i,o,o,i
r,u,n,t,e,c,d,t,t,f,t,f,f,f,f,t,a,m,l,m,?,i
r,k,n,b,d,h,d,t,f,t,f,f,f,f,f,t,b,s,s,o,o,i
p,k,f,a,e,s,a,f,t,t,f,f,f,t,t,f,a,l,i,m,?,i
p,u,n,b,d,s,a,f,f,t,t,f,f,f,t,t,a,l,i,o,?,i
r,n,n,d,e,h,e,f,t,f,f,f,f,f,f,t,b,m,i,o,c,i
p,n,n,d,d,t,c,f,f,f,f,f,f,f,f,t,a,s,s,o,o,i
p,k,n,b,d,s,a,t,t,t,f,f,f,t,f,t,c,m,i,o,?,i
p,n,f,a,d,s,d,f,f,t,f,f,f,f,f,t,b,l,s,o,o,i
p,n,n,r,n,h,b,f,f,t,t,f,f,f,f,t,b,l,s,o,c,i
r,n,n,d,n,t,a,f,f,f,t,f,f,f,f,t,b,m,s,m,?,i
r,n,n,b,d,s,b,f,t,f,f,f,f,f,t,f,c,m,i,o,c,i
p,u,f,t,d,c,b,f,f,f,t,f,t,f,t,t,b,m,l,m,o,i
p,k,f,v,e,c,d,f,t,f,f,f,t,f,t,t,c,m,s,o,?,i
r,n,n,t,d,s,c,f,f,f,f,f,f,f,t,t,a,m,i,o,o,i
r,n,n,v,n,c,a,f,f,f,f,f,t,f,t,t,c,m,l,o,c,i
r,n,n,t,e,h,d,f,f,t,f,f,f,f,f,t,b,m,s,m,o,i
p,k,n,t,n,s,e,t,t,f,f,f,f,t,t,f,a,l,i,o,c,i
p,u,n,v,d,s,c,f,t,t,f,f,f,f,f,t,b,s,s,o,c,i
p,u,m,r,n,s,a,f,f,f,t,f,f,f,f,t,b,m,s,m,o,i
r,n,s,b,n,s,a,f,f,f,f,f,f,f,f,f,b,s,l,o,o,i
r,n,n,d,e,c,f,f,f,t,f,f,f,f,t,t,b,l,i,o,c,i
p,n,n,d,n,c,a,f,f,f,f,f,f,f,f,t,a,l,i,o,o,i
r,k,n,a,e,p,b,f,f,f,f,f,f,f,f,t,a,l,i,m,o,i
p,n,n,h,d,h,d,t,f,t,f,f,f,f,f,t,a,m,i,m,o,i
p,f,n,a,e,h,e,t,f,f,f,f,f,f,t,f,a,m,s,o,o,i
r,k,n,t,n,s,f,f,f,t,f,f,t,f,f,t,c,l,i,o,o,i
p,n,f,d,n,c,c,f,t,f,t,f,f,t,f,f,a,m,l,m,c,i
r,n,n,a,e,s,f,t,t,t,f,f,f,f,t,t,b,m,l,o,c,i
p,n,m,d,e,s,a,f,t,f,f,f,f,f,t,t,b,l,s,o,c,i
r,n,n,t,d,c,e,f,t,t,f,f,f,t,f,t,b,s,s,o,?,i
r,n,n,t,d,c,b,f,f,f,f,t,f,f,f,t,b,s,i,o,o,i
r,f,n,t,e,s,f,f,f,f,f,t,f,f,f,f,a,m,i,m,c,i
r,n,s,r,e,h,f,t,f,f,f,f,f,t,t,t,b,s,s,o,o,i
r,n,n,d,d,s,e,f,f,f,f,f,f,f,t,f,b,m,i,o,?,i
p,k,n,a,n,c,d,f,t,f,f,f,f,f,f,t,b,l,l,o,o,i
p,f,m,t,e,c,b,f,t,f,t,f,f,f,t,t,c,m,s,m,?,i
p,n,m,a,e,c,c,t,t,f,f,f,t,f,t,t,a,m,s,m,c,i
p,o,m,a,d,s,a,f,f,t,f,f,f,t,t,f,a,m,l,m,?,i
p,u,n,r,d,h,d,f,f,t,f,f,f,t,f,t,a,m,l,o,o,i
r,k,n,r,e,s,a,f,t,t,f,f,f,f,f,t,c,l,s,o,o,i
p,f,m,t,n,h,b,f,t,f,f,f,f,t,f,t,c,s,i,o,c,i
p,n,n,a,d,t,b,f,f,t,t,t,f,f,t,t,c,m,s,m,o,i
p,u,n,r,n,s,e,f,t,t,t,f,t,f,f,t,c,m,s,m,c,i
r,n,n,t,n,h,c,t,t,f,f,f,f,f,f,t,b,m,i,m,o,i
r,u,n,a,n,s,c,f,f,t,t,f,f,t,f,t,a,l,s,m,c,i
p,k,s,r,e,h,b,f,f,t,f,f,f,f,t,f,c,m,i,o,o,i
r,n,m,a,d,h,b,t,f,f,t,f,f,f,t,f,a,s,i,m,c,i
r,n,n,t,n,h,c,f,f,t,t,f,f,f,f,t,b,m,s,m,o,i
p,f,s,t,e,c,a,t,f,f,f,f,f,f,t,f,a,l,i,o,c,i
p,k,n,v,d,t,d,f,f,f,t,t,f,f,t,f,a,m,i,o,o,i
r,n,n,t,d,p,c,f,t,f,t,t,f,f,f,f,b,m,i,o,o,i
p,f,n,v,e,t,f,t,f,t,f,f,t,f,f,t,b,m,i,o,c,i
r,o,m,b,e,s,b,f,f,f,f,f,f,f,f,f,c,l,i,m,o,i
r,k,n,b,n,t,c,f,f,f,t,f,f,f,t,t,a,m,s,m,o,i
r,n,n,v,d,s,f,f,f,f,f,f,f,f,f,t,c,l,s,o,o,i
p,n,m,a,d,s,f,f,t,f,f,f,f,f,t,t,c,m,i,m,?,i
r,o,n,t,n,h,c,f,f,f,t,f,t,f,f,t,c,l,s,o,c,i
r,n,s,t,d,s,a,f,f,t,f,f,f,f,t,t,b,m,i,o,o,i
p,u,n,r,d,c,c,f,f,t,f,f,f,f,t,f,b,s,s,o,o,i
p,n,n,b,n,s,d,f,t,f,t,f,t,f,f,t,a,m,s,o,?,i
p,k,m,v,n,h,b,f,f,t,f,f,f,f,t,f,c,m,s,m,o,i
r,n,n,a,e,s,a,f,f,f,f,f,f,f,t,f,a,l,i,m,o,i
r,n,n,a,d,s,c,f,f,f,f,f,f,f,f,t,b,l,i,o,o,i
r,o,m,a,e,p,a,t,f,f,f,f,f,t,f,t,a,l,i,o,?,i
p,k,s,t,n,h,f,f,f,t,f,t,f,f,f,t,a,s,s,o,c,i
p,k,m,d,n,s,a,f,f,f,f,f,f,t,f,t,a,l,i,m,o,i
p,u,m,t,d,c,f,f,t,f,f,f,f,f,t,t,a,m,s,o,o,i
p,u,n,d,n,p,c,f,t,t,f,f,f,f,f,t,a,s,l,m,c,i
p,o,n,t,e,h,f,f,f,f,f,f,f,f,f,t,b,m,l,m,o,i
r,n,n,b,d,s,e,t,f,t,f,f,f,f,f,t,b,s,i,o,o,i
p,k,n,t,d,t,a,t,f,f,f,f,f,f,f,t,a,m,i,m,o,i
r,u,m,v,d,h,b,f,f,t,t,f,f,t,t,f,a,l,l,m,c,i
r,n,n,t,n,s,a,f,t,f,f,f,f,t,f,f,b,m,s,m,c,i
r,n,n,b,e,s,e,f,f,f,f,f,f,t,f,t,a,m,s,o,?,i
r,o,n,d,e,s,a,f,t,f,f,f,f,f,f,t,a,m,i,o,?,i
p,k,n,r,d,t,e,t,t,f,f,f,t,t,t,t,b,m,i,o,o,i
p,k,n,t,n,t,e,f,f,f,f,f,f,f,f,t,b,s,i,o,?,i
r,u,n,v,e,h,c,f,f,t,t,f,t,f,f,t,a,s,s,o,o,i
p,k,n,a,n,c,d,f,t,t,f,f,f,f,f,t,b,m,i,o,?,i
r,n,n,t,e,p,f,t,f,f,f,f,f,f,f,f,a,s,s,m,o,i
r,n,n,b,n,h,e,t,f,t,f,f,f,f,t,t,b,m,l,o,?,i
r,n,m,v,e,c,a,f,f,t,t,f,f,f,f,t,b,s,l,o,c,i
r,n,n,a,e,t,b,t,t,t,f,f,f,f,f,f,b,m,i,o,o,i
p,o,n,v,n,s,c,f,f,t,t,f,f,f,f,t,a,m,l,m,o,i
r,o,n,v,e,s,b,f,t,f,f,f,t,f,f,t,c,l,i,o,c,i
r,n,n,a,n,c,c,f,t,t,f,f,t,f,t,t,a,m,s,o,o,i
r,n,s,a,d,c,f,f,t,t,f,f,t,f,f,t,a,m,i,m,c,i
p,u,m,v,e,s,c,f,t,f,f,f,f,f,f,t,a,s,i,m,o,i
p,n,f,a,n,s,b,f,t,t,t,f,t,f,f,t,c,m,i,o,?,i
p,k,s,t,n,c,a,t,t,t,t,f,f,f,f,t,c,m,i,o,c,i
r,n,n,a,e,h,f,f,f,f,t,f,t,f,t,t,a,m,s,o,c,i
p,f,n,d,e,p,b,f,t,f,f,f,f,f,f,t,a,l,i,o,o,i
r,n,n,a,n,p,a,f,t,f,t,f,f,f,f,t,b,l,l,o,o,i
p,f,n,t,d,h,d,t,f,t,f,f,f,f,t,t,b,m,s,m,o,i
r,n,n,t,n,c,c,f,f,f,f,f,f,f,t,f,b,l,s,o,o,i
p,k,n,t,d,c,c,t,f,f,f,f,f,f,f,f,b,m,i,m,o,i
r,n,n,h,d,s,d,f,t,f,t,f,t,f,f,f,a,l,s,o,o,i
r,n,n,b,n,h,d,t,f,f,f,f,f,f,f,t,a,l,s,o,o,i
r,k,m,v,d,h,a,f,f,t,f,t,f,f,f,t,a,l,i,o,?,i
r,n,m,v,d,p,c,f,t,f,f,f,t,f,t,t,a,m,i,o,c,i
p,n,f,a,d,p,e,f,f,f,f,f,f,f,f,t,b,m,l,o,c,i
r,n,n,v,n,s,c,f,f,f,t,f,f,f,t,t,a,l,s,m,?,i
r,n,n,h,e,p,f,f,f,f,t,f,f,f,f,t,a,m,s,o,c,i
p,n,s,v,n,h,b,f,t,f,f,f,f,f,f,t,b,m,i,m,c,i
p,u,m,v,d,s,c,f,t,f,t,t,f,f,f,t,a,m,i,m,o,i
r,n,n,a,d,h,d,f,f,t,t,f,f,f,f,t,b,s,i,o,c,i
r,o,n,d,d,p,c,t,f,t,f,f,f,f,f,f,c,l,i,o,o,i
p,u,n,t,e,h,a,f,f,f,f,f,t,t,f,t,c,s,s,o,c,i
r,n,s,v,d,c,c,f,t,t,f,f,f,f,t,t,a,s,s,o,?,i
p,f,m,a,d,h,f,f,t,t,t,f,f,f,t,f,a,s,s,o,?,i
r,u,n,b,e,h,c,f,t,t,f,t,f,f,t,t,b,l,l,o,c,i
p,k,n,d,e,h,a,f,f,f,f,f,f,f,f,t,b,s,s,o,?,i
p,n,n,r,e,h,a,f,f,f,f,f,f,f,t,t,a,s,i,o,?,i
r,n,n,t,e,t,c,t,t,f,t,t,f,f,f,t,c,m,i,o,c,i
r,n,m,v,e,h,a,t,f,f,t,f,f,f,f,t,b,l,s,o,?,i
r,k,n,d,e,s,e,f,f,f,f,f,t,t,f,f,a,m,s,o,?,i
p,u,n,r,n,h,f,t,f,f,t,f,f,f,f,t,a,l,l,m,c,i
r,u,n,d,n,c,f,f,f,t,f,f,f,f,f,t,c,s,i,o,c,i
p,n,s,d,n,h,b,f,f,t,f,f,f,f,t,t,b,s,s,o,?,i
p,f,n,d,d,c,c,f,f,f,f,f,f,f,f,t,a,s,i,m,o,i
r,n,n,a,e,s,b,f,f,f,f,f,f,f,f,t,a,s,i,m,?,i
p,u,m,b,n,h,a,f,t,f,f,f,t,f,f,t,a,l,s,m,c,i
p,n,m,d,n,p,d,t,f,t,f,f,f,f,t,f,b,m,i,o,o,i
p,u,m,d,e,h,a,f,t,f,f,f,f,f,f,t,b,m,s,o,c,i
p,o,m,t,e,c,a,f,t,t,f,t,f,f,f,t,b,m,s,m,?,i
r,n,n,t,n,c,e,f,t,f,f,f,f,f,f,t,c,s,i,m,o,i
p,n,s,a,n,c,e,f,f,f,f,f,t,f,f,t,c,m,i,o,?,i
p,o,s,v,e,h,f,f,f,f,f,f,f,f,f,f,a,s,i,o,o,i
r,n,n,d,d,c,b,t,f,f,t,f,f,f,t,t,a,l,i,m,o,i
p,k,m,b,n,h,f,t,t,t,f,f,f,f,f,t,a,m,s,o,o,i
r,u,n,t,e,h,c,t,t,f,f,f,f,f,f,t,a,m,s,m,o,i
p,k,n,a,d,h,a,t,t,t,f,f,f,f,f,t,a,s,i,o,o,i
p,n,n,d,d,h,c,f,t,f,f,f,f,f,t,t,c,s,i,m,o,i
r,n,n,a,e,s,d,t,t,t,f,f,t,f,t,t,b,m,i,m,o,i
p,n,f,t,e,c,c,f,t,t,f,f,f,f,f,t,b,s,s,m,o,i
r,u,n,a,n,h,e,f,f,t,f,f,f,t,f,t,a,m,l,o,o,i
r,n,n,v,d,s,b,f,f,t,t,f,f,f,f,t,a,m,i,m,c,i
p,n,n,b,d,s,f,f,t,t,t,f,f,f,f,t,a,s,l,o,c,i
r,n,n,t,e,h,a,f,t,t,f,f,f,t,t,t,a,m,i,o,o,i
r,u,n,a,d,h,e,f,f,f,f,f,f,f,f,f,a,l,i,o,?,i
r,n,n,h,e,c,f,f,f,t,f,f,f,f,t,t,b,m,s,m,o,i
p,u,m,a,e,h,d,f,f,f,f,f,f,f,f,f,b,m,i,m,o,i
p,f,s,a,d,p,f,f,f,f,t,f,f,f,f,t,c,s,i,o,o,i
r,o,n,t,n,s,d,f,t,f,t,f,f,f,f,t,c,m,s,o,o,i
p,u,f,a,d,h,a,f,t,f,f,f,f,f,f,f,a,l,l,m,o,i
p,o,m,v,n,h,d,f,t,t,f,f,f,f,f,t,a,l,s,m,o,i
r,u,n,v,e,s,d,f,f,t,f,f,f,t,f,f,b,m,s,m,o,i
r,n,n,a,e,t,a,f,f,t,t,f,f,t,f,t,c,m,s,o,?,i
p,o,n,d,n,p,c,f,t,f,t,f,t,t,f,t,b,l,i,o,c,i
p,k,m,a,d,s,a,f,f,f,f,f,t,f,f,f,c,s,i,o,o,i
p,k,n,d,n,s,b,f,f,f,f,f,t,f,t,f,c,m,s,o,c,i
r,u,n,t,d,p,f,f,f,f,t,f,f,f,f,f,b,s,s,m,?,i
p,u,m,a,n,s,f,f,f,f,f,f,f,f,t,t,a,l,s,m,c,i
r,f,n,d,d,t,d,f,f,t,f,t,t,f,f,t,c,m,i,m,c,i
p,k,m,d,e,s,b,f,f,f,t,t,f,f,t,t,b,l,s,m,o,i
r,n,n,v,d,h,c,f,f,t,f,f,f,f,f,f,c,m,i,o,c,i
p,n,s,r,d,s,a,t,f,f,f,f,f,f,f,t,b,l,s,m,o,i
r,n,n,v,d,h,b,f,t,f,f,f,f,f,t,t,c,l,l,o,c,i
r,n,n,v,d,s,e,f,f,f,f,t,f,t,f,t,b,l,s,o,c,i
r,n,m,t,d,h,c,f,f,f,f,f,t,t,t,t,c,s,i,o,c,i
r,n,n,b,d,t,c,f,f,f,t,f,t,f,t,f,b,s,i,m,c,i
p,o,s,r,e,s,a,f,t,f,f,f,t,f,f,f,a,m,l,m,c,i
r,n,m,b,e,c,f,f,t,f,t,f,f,f,f,t,b,s,i,o,o,i
p,u,n,d,d,s,b,t,t,t,t,f,f,f,f,t,a,s,i,o,?,i
r,k,n,b,n,h,c,f,f,f,f,f,f,f,f,t,b,m,i,m,?,i
r,n,s,t,e,s,b,f,f,f,t,f,f,f,f,t,b,l,s,o,c,i
r,n,n,t,d,c,b,f,t,t,f,f,t,t,f,t,c,m,s,o,c,i
p,n,s,d,e,c,d,t,f,f,f,f,f,t,f,t,b,l,i,o,?,i
r,u,n,t,e,p,d,t,f,t,f,t,f,f,f,t,a,l,s,o,c,i
r,n,s,d,e,t,d,f,f,f,t,f,f,f,t,t,c,m,s,m,o,i
r,k,n,t,n,s,a,f,f,t,f,f,f,t,f,t,b,m,s,o,c,i
p,u,m,a,e,s,f,f,f,f,f,f,f,f,f,t,b,l,i,o,o,i
r,u,n,v,n,s,e,t,t,f,f,f,f,f,f,t,b,s,i,m,o,i
r,n,n,a,e,c,f,f,t,t,f,f,f,f,t,t,b,m,i,o,?,i
p,n,s,d,n,s,a,f,f,f,f,f,f,t,f,f,a,m,i,o,o,i
r,n,f,t,e,p,f,f,t,f,f,f,f,f,t,t,c,s,i,m,o,i
r,n,n,b,e,t,e,t,t,t,t,f,f,f,t,f,a,s,s,m,o,i
r,n,s,b,e,s,c,f,t,t,f,f,t,f,t,f,a,l,i,m,o,i
p,k,n,d,n,s,a,f,f,f,f,f,f,f,f,t,c,s,s,m,o,i
r,u,n,t,d,h,b,t,f,t,t,f,t,f,f,f,b,m,i,o,?,i
p,k,n,a,d,h,e,t,f,f,t,f,f,f,f,t,b,m,i,m,o,i
p,k,n,r,d,h,b,f,t,f,t,f,f,f,f,t,b,m,i,m,?,i
r,n,n,h,d,s,d,f,t,f,f,f,f,f,t,t,a,l,i,o,o,i
r,o,n,d,n,p,e,t,f,f,f,f,f,f,f,f,b,s,i,o,o,i
r,k,n,d,e,c,e,f,t,f,f,f,f,f,t,t,c,l,i,o,o,i
p,u,m,b,d,s,c,f,f,t,f,f,f,f,f,f,b,s,i,o,c,i
p,u,m,b,e,s,f,f,t,t,f,f,f,f,t,f,b,l,l,m,c,i
r,n,m,d,d,c,b,t,f,t,f,f,f,f,f,t,b,m,s,o,o,i
r,n,n,d,n,s,e,f,f,f,t,f,t,t,t,f,b,s,s,o,?,i
r,n,m,v,n,p,c,f,f,f,t,f,f,f,t,t,a,l,s,m,o,i
r,n,n,v,d,h,b,f,f,f,t,f,f,f,t,f,c,m,s,o,?,i
p,u,m,d,d,t,b,t,t,t,f,f,f,f,f,t,b,s,i,m,?,i
r,n,n,t,n,c,e,f,t,f,t,f,f,t,t,t,c,l,i,m,o,i
p,o,n,a,e,p,d,t,f,f,f,f,f,f,f,t,b,s,s,m,o,i
p,k,n,h,n,c,a,t,f,t,t,f,f,t,f,f,a,l,s,o,o,i
p,n,m,b,d,h,a,f,f,f,f,f,f,f,f,t,c,l,s,o,c,i
r,n,s,t,d,s,d,f,f,t,t,f,f,f,t,t,c,s,i,o,c,i
p,f,m,b,e,c,b,f,f,t,f,f,f,f,f,t,c,m,l,o,?,i
p,f,s,r,d,h,b,f,t,t,f,f,f,f,f,f,c,m,i,o,?,i
p,n,s,d,n,h,e,f,t,f,f,f,f,t,f,t,b,l,s,o,c,i
r,n,n,v,n,h,b,f,t,f,f,f,f,t,f,f,a,l,i,o,c,i
p,f,m,t,d,s,a,f,f,f,f,f,f,f,t,f,a,s,i,o,c,i
r,n,n,a,e,h,c,t,t,f,f,f,f,f,f,t,b,l,s,o,?,i
r,u,n,t,n,s,d,f,t,f,t,f,f,f,f,t,b,s,s,m,o,i
r,n,n,d,n,h,d,f,t,f,t,f,f,f,f,f,b,l,i,o,o,i
p,n,f,t,d,h,a,f,t,f,f,f,f,f,f,t,b,l,i,o,c,i
p,k,m,r,n,p,c,t,f,f,t,f,t,f,f,f,a,m,s,m,?,i
p,k,n,b,d,h,b,f,t,f,f,f,f,f,t,t,c,l,s,o,o,i
p,k,n,r,n,t,c,t,f,t,t,f,f,f,f,t,b,m,i,o,c,i
r,n,n,b,e,t,a,f,f,f,t,f,f,f,f,t,b,l,i,m,c,i
r,u,m,v,d,s,b,t,t,f,f,f,f,f,f,t,c,m,i,m,o,i
p,k,s,r,e,h,d,f,t,f,f,f,t,f,t,t,a,s,s,o,o,i
r,n,n,t,e,s,a,t,t,f,t,f,f,f,f,f,b,m,l,o,?,i
r,n,n,a,e,p,f,f,f,f,f,f,f,f,f,t,a,m,i,o,o,i
r,n,n,b,d,h,f,f,f,t,f,f,f,t,f,t,a,s,s,o,c,i
p,k,n,a,e,s,b,f,t,t,f,f,t,f,f,t,a,l,l,m,c,i
r,n,n,v,n,s,d,f,t,f,f,f,f,f,f,f,a,l,s,o,?,i
r,k,n,a,d,c,d,f,t,f,f,f,t,f,f,f,b,m,s,m,o,i
r,n,n,d,d,s,a,f,f,f,f,f,f,f,f,t,b,m,i,m,c,i
r,u,n,t,n,h,c,f,f,f,f,f,f,t,f,t,b,l,s,m,c,i
p,n,s,v,e,p,f,f,f,t,f,f,f,f,f,t,a,m,l,o,?,i
r,u,n,t,e,s,a,f,f,f,f,f,f,f,f,t,b,l,i,m,?,i
r,n,n,b,n,c,d,f,t,t,t,t,f,f,t,t,c,m,i,m,c,i
r,n,m,a,d,c,d,f,f,f,t,f,f,f,t,t,c,m,i,o,c,i
p,o,s,r,n,s,a,t,f,f,f,f,f,f,t,t,b,l,s,m,?,i
p,f,n,t,e,s,c,f,f,t,f,f,t,f,t,t,b,l,s,m,o,i
r,o,n,v,d,s,f,f,f,f,f,t,f,f,t,t,c,l,l,m,o,i
p,n,m,b,n,t,a,t,f,t,f,f,f,f,f,t,b,m,s,o,o,i
r,k,n,h,n,c,a,f,f,f,t,f,t,f,f,f,a,s,s,o,c,i
r,o,m,v,d,h,b,t,t,t,f,f,t,f,f,t,a,s,s,m,o,i
p,k,n,r,n,p,e,f,t,f,t,f,f,f,t,t,b,l,s,m,o,i
r,n,n,d,n,s,d,f,t,f,t,f,f,f,f,t,b,m,l,o,c,i
p,f,n,t,n,s,c,f,t,f,f,f,f,f,f,t,a,m,i,o,?,i
p,f,m,r,d,s,e,f,t,f,t,f,f,t,f,f,a,l,i,o,c,i
r,u,n,a,d,c,f,f,t,f,t,f,f,f,t,f,b,s,s,o,?,i
r,n,n,v,n,h,a,f,f,f,f,f,f,t,f,t,a,m,s,o,?,i
r,n,n,t,n,c,e,f,f,f,f,f,f,t,f,t,b,l,i,o,?,i
p,o,m,a,d,s,b,f,f,t,f,f,f,f,f,f,b,l,i,m,o,i
p,k,n,r,e,c,a,f,t,f,f,f,f,f,f,t,a,l,i,o,?,i
r,f,m,b,d,p,b,f,t,f,f,f,f,f,f,t,a,s,l,m,o,i
r,n,m,t,e,h,c,f,f,f,f,f,f,f,f,t,c,m,s,o,?,i
r,n,n,b,e,s,f,f,t,t,f,f,f,f,f,f,a,s,s,o,c,i
p,f,f,d,d,c,c,f,t,f,f,f,t,f,f,f,a,m,i,o,o,i
r,n,s,t,e,s,d,t,f,t,f,f,f,f,t,t,b,m,s,o,o,i
r,n,n,a,e,s,a,f,t,t,f,f,f,f,f,t,a,s,i,m,o,i
r,k,n,h,e,h,a,f,t,f,f,f,f,t,t,f,b,l,s,o,o,i
r,f,n,d,n,h,f,f,f,t,f,f,f,f,t,f,b,m,i,o,?,i
r,u,n,t,d,c,e,f,f,f,t,f,t,t,f,t,a,l,s,o,?,i
r,n,n,b,d,s,c,t,f,f,t,f,f,f,f,t,a,l,i,o,o,i
r,n,s,t,e,s,b,t,f,f,t,f,f,f,t,t,c,l,s,o,?,i
p,u,s,d,e,c,a,f,t,f,t,f,f,t,t,t,b,l,i,o,?,i
r,n,n,a,d,c,f,f,f,f,f,f,f,f,f,t,c,l,l,o,o,i
r,n,n,a,n,h,a,f,f,f,f,f,f,f,f,t,b,m,l,m,?,i
r,n,n,t,d,h,b,t,f,f,f,f,f,f,t,t,b,m,s,m,o,i
p,k,n,b,d,s,d,f,f,t,t,f,t,f,t,f,a,l,s,o,c,i
p,u,n,t,n,h,f,f,t,f,t,f,f,f,f,t,b,s,i,o,?,i
p,o,s,v,n,t,a,f,f,f,f,f,f,f,f,t,c,m,l,o,?,i
p,f,s,b,e,s,e,f,t,t,f,f,t,f,f,t,b,m,i,o,o,i
r,n,n,b,d,h,b,f,t,f,f,f,f,f,t,t,a,s,i,o,o,i
p,n,m,d,d,s,d,t,t,t,f,f,f,f,f,f,b,m,s,o,c,i
p,n,n,t,d,s,a,t,t,t,f,t,f,f,t,f,c,l,s,o,o,i
r,n,m,t,e,c,f,f,f,t,t,f,f,f,t,t,b,m,i,m,?,i
p,n,n,a,e,h,d,f,f,f,f,f,t,f,f,f,b,m,i,o,?,i
r,n,n,v,d,s,f,f,f,t,f,f,f,f,f,f,b,m,s,o,o,i
p,n,m,t,e,h,c,f,f,t,f,f,f,f,t,f,b,m,i,o,o,i
p,k,n,v,n,s,f,t,f,t,f,f,f,f,f,f,c,l,i,o,o,i
p,f,n,b,d,h,c,t,t,f,f,f,f,f,f,t,a,s,i,m,?,i
r,n,n,b,d,c,c,t,f,t,f,f,f,f,f,t,a,s,i,o,c,i
p,k,m,b,n,s,a,t,f,f,f,f,f,f,f,t,b,m,s,m,c,i
r,o,m,t,d,h,e,f,t,t,f,t,t,f,t,t,a,s,s,o,?,i
p,f,n,t,d,h,c,f,t,t,t,f,f,f,f,t,c,m,l,m,o,i
p,o,n,v,d,p,d,t,f,f,f,f,f,f,f,t,a,m,i,o,o,i
r,n,m,a,e,s,d,f,f,f,f,f,f,f,f,t,c,m,i,o,o,i
r,o,n,b,e,h,e,f,t,f,f,f,f,f,t,t,c,s,s,m,c,i
r,n,n,d,e,s,d,t,f,f,f,f,f,f,f,t,a,m,i,m,o,i
r,n,m,t,d,s,d,f,f,f,f,f,f,f,f,t,c,l,i,m,c,i
r,n,n,a,e,s,c,t,f,f,f,f,f,f,f,f,a,l,i,o,o,i
r,n,m,a,d,c,d,t,f,t,f,f,f,f,t,t,a,s,i,o,o,i
r,n,n,t,n,s,c,f,t,t,f,f,f,f,t,t,a,m,s,o,o,i
p,n,m,h,n,t,e,f,f,f,f,f,f,t,f,t,a,l,s,m,?,i
p,f,n,h,e,h,e,t,f,f,f,f,f,f,f,f,b,s,s,o,c,i
r,n,n,a,d,p,c,f,t,f,t,f,t,f,f,t,a,m,i,m,c,i
r,n,n,d,n,s,a,t,f,f,f,f,f,f,t,t,b,s,i,o,c,i
p,n,s,t,d,s,b,f,f,f,t,f,f,f,f,t,c,m,l,o,o,i
r,n,s,h,d,c,e,t,f,f,f,f,f,f,f,t,a,l,i,m,o,i
r,n,m,d,n,h,f,t,f,t,f,f,t,f,f,t,b,l,s,o,?,i
r,n,n,t,d,h,b,f,f,t,t,f,f,t,t,t,b,m,i,o,c,i
p,n,n,b,d,p,f,t,t,t,t,f,f,f,f,f,a,m,s,m,?,i
p,o,m,v,e,c,b,t,f,f,f,f,f,f,t,t,c,m,i,o,?,i
r,u,m,a,e,p,f,f,f,f,f,f,f,f,f,t,c,s,i,o,?,i
r,k,n,a,e,s,f,f,f,f,t,f,f,f,t,t,a,l,i,o,o,i
p,f,s,r,d,h,c,f,t,f,f,f,f,t,f,t,c,l,i,o,o,i
p,u,n,t,e,h,f,t,f,f,f,f,f,f,t,t,a,l,l,m,o,i
p,u,n,t,d,h,c,f,t,f,f,f,f,f,f,t,a,s,i,o,c,i
p,k,s,t,n,h,b,f,f,f,f,f,f,f,t,f,b,s,i,o,o,i
r,u,n,v,d,c,e,f,f,f,f,f,f,f,f,t,b,m,i,o,o,i
r,u,n,a,d,p,a,f,f,f,t,f,f,f,f,f,c,m,i,o,c,i
p,o,n,b,e,s,b,f,f,t,f,f,t,f,f,f,b,l,s,o,o,i
r,n,f,t,d,s,b,f,t,t,f,t,f,f,f,t,b,l,i,o,c,i
r,n,n,t,e,s,d,f,f,f,f,f,f,f,t,f,a,l,l,o,o,i
p,n,m,r,d,s,d,t,t,f,f,f,f,t,f,t,a,l,i,o,c,i
r,n,n,t,e,c,e,f,t,t,t,f,f,t,t,t,b,l,i,o,c,i
p,k,n,r,d,h,f,f,t,f,t,f,f,f,t,t,a,m,s,o,?,i
p,n,n,a,e,h,f,f,f,f,f,f,f,t,f,t,c,s,s,o,?,i
p,k,n,r,d,t,d,f,f,t,t,f,f,f,t,t,c,m,i,o,?,i
r,k,n,a,d,t,f,f,f,f,f,f,f,f,f,f,b,m,i,m,c,i
p,o,n,d,d,h,b,f,f,t,f,f,f,f,f,f,a,l,s,o,c,i
r,n,m,t,n,h,e,f,f,t,f,f,f,f,t,t,a,m,s,o,o,i
p,n,n,d,e,s,a,f,f,t,f,t,f,f,f,t,a,m,l,m,?,i
p,o,m,t,d,h,a,f,f,t,t,f,f,t,f,f,a,m,l,o,o,i
p,o,m,t,d,h,b,f,t,t,f,f,f,t,t,t,b,l,s,o,o,i
p,u,n,b,d,s,a,t,f,f,f,f,f,t,f,f,a,m,i,m,?,i
p,u,n,t,d,c,f,f,f,t,f,f,f,f,f,t,a,m,l,o,o,i
r,u,n,a,e,h,c,t,f,f,t,f,t,f,f,f,b,m,i,o,c,i
r,n,n,v,d,s,f,t,f,t,t,f,f,f,f,t,c,s,s,m,o,i
r,n,n,v,n,c,c,f,f,f,f,f,t,f,t,t,b,s,i,m,o,i
r,n,n,r,n,h,d,f,f,f,f,f,f,f,t,t,b,m,s,o,o,i
p,k,n,h,d,s,b,t,t,t,t,f,f,f,f,t,a,l,i,o,?,i
p,u,n,b,d,s,f,t,f,f,t,f,f,f,f,f,c,m,l,m,o,i
p,n,f,t,d,s,a,f,f,t,f,f,f,f,f,t,a,s,i,o,?,i
p,k,n,v,d,h,d,f,f,f,f,f,f,f,f,t,c,m,s,m,c,i
r,n,n,t,e,h,f,f,t,f,f,f,f,f,f,f,a,s,i,o,o,i
r,n,n,t,d,s,e,f,t,t,t,f,t,f,f,f,b,m,l,o,c,i
r,n,m,t,d,p,e,f,t,f,f,f,f,f,f,t,c,m,l,o,o,i
r,n,n,a,d,p,b,t,t,t,f,f,f,f,t,f,a,m,l,o,?,i
p,u,n,a,e,h,c,t,f,f,t,f,f,f,f,t,b,l,s,o,?,i
r,n,m,a,d,p,a,f,f,f,f,f,f,f,f,t,c,m,i,o,o,i
r,o,n,b,n,h,b,f,f,f,t,f,f,f,t,t,a,m,s,m,o,i
p,f,n,v,d,s,a,f,t,t,f,f,f,f,f,t,b,s,i,o,?,i
p,n,n,d,d,h,e,f,t,f,t,f,f,f,f,f,a,l,i,m,?,i
r,n,m,t,e,s,f,f,f,f,t,f,f,f,f,t,c,s,s,o,c,i
p,o,f,t,e,h,d,f,f,f,f,f,f,f,f,f,b,l,i,o,c,i
p,n,m,b,e,t,e,f,t,f,f,f,f,f,t,t,b,l,l,o,c,i
p,u,n,t,e,h,c,f,t,t,f,f,f,t,f,t,c,m,s,o,o,i
r,n,n,a,d,s,a,f,t,f,f,f,f,f,t,t,a,s,l,m,c,i
p,f,n,r,d,s,e,f,f,f,f,f,t,f,f,t,a,m,i,m,o,i
p,o,m,v,d,p,b,f,f,f,f,t,f,f,t,f,c,s,s,m,?,i
p,n,s,t,e,s,c,f,f,t,f,f,t,f,f,t,a,m,s,m,o,i
r,n,m,r,e,t,f,f,f,t,f,f,f,f,t,t,b,m,i,o,c,i
r,u,n,r,e,s,b,f,f,t,f,f,f,t,f,f,b,s,i,m,c,i
p,n,m,d,n,c,b,f,f,f,f,f,t,f,f,t,c,m,l,o,o,i
p,n,s,a,e,s,a,f,t,f,f,f,f,f,f,t,a,m,i,o,o,i
r,n,m,v,n,s,d,t,t,t,f,f,f,f,f,f,b,m,i,m,o,i
r,n,m,v,e,s,b,f,t,f,f,f,f,f,t,t,c,l,s,o,?,i
p,o,n,t,e,s,d,f,t,t,f,t,t,f,t,f,a,m,i,o,?,i
p,o,m,r,e,s,b,f,t,t,f,f,f,t,f,f,c,s,s,o,?,i
r,n,n,r,d,s,e,f,t,f,f,t,f,f,f,t,b,s,i,m,o,i
r,o,n,t,d,h,f,f,t,t,t,f,f,f,f,t,c,l,s,m,o,i
r,n,m,a,e,h,b,f,f,f,f,t,f,f,f,t,c,m,i,o,o,i
p,n,s,a,d,s,e,f,f,f,t,f,f,f,f,t,b,s,s,o,c,i
p,k,m,v,d,c,a,f,t,t,t,t,f,f,f,t,a,m,s,o,?,i
r,u,n,t,n,c,a,f,t,f,f,f,t,f,t,t,b,s,s,o,o,i
r,n,n,b,e,t,c,f,f,t,f,f,t,f,t,t,a,s,l,o,c,i
r,n,n,t,d,h,b,f,f,f,f,f,f,f,t,f,a,m,s,m,?,i
p,k,m,r,d,h,f,f,t,t,f,f,f,f,f,t,b,m,i,o,o,i
p,o,m,r,n,t,e,f,f,t,f,f,f,f,f,t,a,m,s,m,o,i
p,n,s,b,n,t,f,t,f,t,t,f,f,f,f,t,b,l,i,o,o,i
r,n,n,b,e,t,a,f,f,f,f,f,f,f,f,t,a,m,i,o,c,i
r,f,n,a,d,h,e,f,f,t,t,f,f,f,t,t,c,l,i,o,o,i
p,n,m,a,d,h,d,t,t,f,f,f,f,f,f,t,b,m,s,m,c,i
p,n,n,v,d,t,a,t,t,f,f,f,f,t,f,f,b,m,i,o,?,i
r,n,s,t,n,h,e,f,f,t,f,f,f,f,f,f,a,l,i,o,o,i
r,n,n,v,e,s,e,f,f,t,t,f,f,t,t,f,a,s,s,m,c,i
r,n,n,r,n,t,f,t,f,t,t,f,t,f,f,t,b,l,l,o,o,i
p,u,n,d,d,p,f,f,t,f,t,f,f,f,t,f,a,s,i,o,?,i
p,f,s,t,n,s,a,f,t,f,f,f,t,f,t,f,c,m,l,o,c,i
p,f,m,b,e,s,f,f,t,f,f,f,f,f,f,t,c,m,s,m,?,i
p,u,m,t,d,p,f,f,f,f,t,f,f,f,t,f,b,l,i,o,o,i
p,n,m,d,e,s,d,f,t,f,f,f,f,f,t,f,a,l,s,o,o,i
r,n,n,r,e,c,a,f,t,t,f,f,f,f,t,t,a,l,l,m,c,i
p,u,m,r,n,s,c,f,f,f,f,f,t,t,f,t,a,m,s,m,o,i
p,n,s,v,e,s,a,f,t,t,f,f,f,f,t,t,a,l,i,o,?,i
p,f,n,a,n,c,a,f,t,f,f,f,f,f,f,t,c,s,i,o,o,i
p,f,m,r,d,t,f,f,t,f,t,f,f,f,f,f,a,m,l,m,c,i
r,n,n,v,d,h,f,t,f,t,f,f,f,f,t,t,c,s,l,o,?,i
r,n,n,t,d,s,f,f,t,t,f,f,f,f,f,t,c,m,s,o,c,i
r,n,n,h,d,s,b,f,t,t,f,f,t,f,f,f,c,m,l,o,c,i
p,n,s,d,n,s,d,f,f,f,f,f,f,f,t,t,c,l,l,o,c,i
r,n,n,h,d,t,c,f,f,f,f,f,f,f,f,f,a,s,s,m,o,i
p,n,n,v,d,h,c,f,f,f,f,f,f,f,f,t,b,l,i,m,?,i
p,o,m,a,d,t,c,f,f,f,f,t,f,f,t,t,b,m,i,o,c,i
p,u,n,b,e,p,f,t,f,f,f,t,t,f,t,t,a,m,i,o,o,i
p,o,m,t,n,h,e,t,f,f,f,t,f,f,t,t,c,l,s,m,o,i
p,n,s,v,n,s,e,f,t,f,f,f,t,f,f,t,c,m,s,o,o,i
r,n,n,t,d,t,a,t,t,f,t,f,f,f,f,t,a,m,l,m,?,i
r,n,n,d,e,s,c,f,f,t,f,f,f,f,t,f,c,m,l,o,o,i
p,n,f,t,d,p,d,t,t,t,t,f,f,f,f,t,c,m,i,o,o,i
p,u,n,t,n,h,d,t,t,f,f,f,f,f,f,t,c,s,s,o,o,i
r,n,n,t,d,s,f,t,t,t,f,f,f,f,f,t,a,m,s,m,o,i
p,n,s,v,n,h,a,f,f,f,f,f,t,f,t,t,a,l,l,m,?,i
p,o,s,t,n,h,a,f,f,f,f,f,f,f,f,t,a,s,i,o,?,i
r,n,m,t,e,c,f,f,t,f,f,f,f,f,f,f,a,l,s,o,o,i
r,n,n,t,n,h,c,f,t,t,f,f,f,f,f,t,a,m,i,m,?,i
p,n,s,a,d,s,c,t,t,f,f,f,f,f,t,f,a,l,s,o,o,i
p,k,m,d,d,h,f,f,t,f,t,f,f,f,t,t,c,m,s,o,o,i
p,o,m,b,d,h,e,t,t,t,f,f,f,f,f,t,a,m,s,o,o,i
r,n,m,t,d,t,e,f,t,f,f,t,f,t,f,t,c,l,i,o,o,i
r,u,m,t,e,p,a,f,f,t,f,f,f,f,f,f,b,m,i,m,o,i
r,o,n,t,e,h,d,f,f,t,f,f,f,f,f,t,a,l,s,o,o,i
p,o,n,a,n,t,c,f,t,t,f,f,f,f,f,f,c,l,s,o,o,i
r,n,n,t,n,h,d,f,t,f,f,f,f,f,f,t,a,m,l,o,?,i
r,n,n,t,d,s,d,t,f,f,f,f,f,f,f,t,b,m,i,o,o,i
r,u,n,t,d,s,a,f,t,f,f,f,f,f,f,t,c,s,i,o,c,i
r,n,n,a,d,p,b,t,t,f,t,f,f,f,t,t,a,m,s,m,?,i
p,k,m,v,d,h,c,f,t,f,f,f,f,f,f,t,c,m,s,o,o,i
r,f,n,t,e,p,c,f,f,f,f,f,f,f,f,t,c,m,i,o,?,i
r,n,n,r,e,h,a,f,t,t,f,f,f,f,f,t,c,m,i,o,?,i
r,o,n,r,e,s,f,f,t,t,f,f,t,f,t,t,c,m,i,m,o,i
p,u,n,d,e,h,b,f,f,f,f,f,f,f,t,t,a,m,l,o,?,i
p,f,m,t,n,h,c,t,t,t,f,f,t,f,f,t,b,m,s,o,c,i
r,n,n,v,e,h,d,f,f,f,f,t,t,f,f,t,b,l,i,m,c,i
p,u,n,d,n,p,e,f,f,t,f,f,f,f,f,t,b,m,s,o,?,i
p,k,m,h,n,c,b,t,t,f,f,t,f,f,t,f,b,l,i,o,o,i
p,f,n,v,e,h,a,f,t,f,f,f,f,f,f,t,b,m,i,m,?,i
r,o,n,t,d,c,b,f,f,f,f,f,f,f,f,f,c,s,i,o,o,i
r,f,m,d,n,s,a,f,t,f,f,t,f,f,t,f,a,l,s,o,o,i
r,n,n,v,d,p,b,t,t,f,f,f,f,f,t,t,a,m,s,o,c,i
p,n,m,t,d,s,d,f,t,f,t,f,f,f,t,t,b,m,s,m,o,i
r,n,m,t,e,c,c,t,f,f,f,f,t,f,f,t,a,m,l,m,c,i
p,k,s,d,d,h,a,f,f,t,f,f,f,f,f,t,a,m,s,o,o,i
r,k,n,t,d,s,d,f,f,f,f,f,f,f,t,f,a,l,s,o,o,i
p,k,m,v,d,c,a,f,t,f,t,f,f,f,f,f,a,l,s,m,c,i
r,n,m,a,n,h,f,f,t,f,f,f,f,f,f,t,c,m,i,m,?,i
r,o,n,v,e,c,d,f,t,t,f,f,f,f,f,t,b,l,l,o,o,i
p,u,s,t,n,h,d,t,t,t,f,t,f,t,f,f,a,m,l,o,o,i
r,n,n,v,n,s,b,f,f,f,f,f,f,f,t,t,c,m,i,o,o,i
p,f,s,b,d,s,c,f,f,f,f,f,f,f,f,t,c,m,l,o,o,i
p,f,n,d,n,c,c,f,t,t,f,t,f,f,t,t,b,m,i,o,c,i
r,k,n,t,e,h,f,f,f,f,f,f,f,f,f,t,c,l,i,o,o,i
r,n,n,t,d,h,a,t,t,f,f,f,f,f,f,t,a,s,s,o,?,i
p,o,s,t,n,s,c,t,f,f,f,f,f,f,f,t,b,s,i,m,o,i
r,u,n,t,n,s,e,f,t,f,f,f,f,f,f,t,b,s,i,o,?,i
r,f,n,h,d,c,c,t,f,f,t,t,f,f,f,t,b,l,i,o,?,i
r,u,n,t,n,p,d,f,t,t,f,f,f,f,f,t,b,s,i,m,o,i
p,u,m,t,d,h,f,t,t,t,f,t,f,t,t,f,a,l,s,m,c,i
r,n,n,v,n,h,b,f,f,f,t,f,f,f,f,t,a,l,l,m,?,i
p,k,n,t,e,h,a,t,f,f,f,f,f,f,f,t,c,l,s,o,?,i
r,n,m,t,d,c,f,f,f,f,f,f,f,f,t,t,a,m,l,m,c,i
p,u,n,r,n,c,a,f,f,f,f,f,f,f,t,t,a,m,s,o,c,i
r,n,n,a,e,s,e,f,t,t,f,f,f,f,f,f,b,s,l,o,c,i
r,n,n,d,d,c,a,f,t,t,t,f,f,f,f,f,b,m,s,o,c,i
p,u,s,r,n,s,a,t,t,t,f,f,f,f,f,t,a,m,i,o,?,i
p,n,s,a,n,s,b,f,t,f,t,f,t,f,f,t,c,m,l,o,o,i
p,o,n,b,e,s,f,f,f,t,f,f,f,f,t,t,a,m,s,o,?,i
r,n,n,d,e,s,a,f,f,f,f,f,f,f,f,t,a,m,l,o,o,i
p,u,n,a,d,s,b,f,f,f,f,f,f,f,f,t,a,m,s,o,o,i
p,u,s,v,d,s,b,f,f,t,f,f,f,f,t,t,b,l,i,o,?,i
r,n,n,a,e,s,a,f,f,f,f,f,f,f,f,t,b,m,s,o,o,i
p,o,n,b,d,s,a,t,f,f,t,f,t,t,t,t,a,s,l,m,c,i
p,n,s,v,e,s,f,f,f,t,f,f,f,f,f,t,a,s,s,m,o,i
p,k,n,t,n,h,d,t,t,f,t,f,f,f,f,t,b,l,s,o,c,i
p,f,n,a,n,p,b,t,t,f,f,f,f,t,f,t,b,s,i,m,o,i
r,o,n,t,e,h,b,t,f,f,t,t,f,f,t,t,a,s,s,o,?,i
r,n,n,v,e,s,a,f,f,f,t,f,f,t,f,t,a,m,i,o,o,i
p,n,n,r,n,h,b,f,f,f,t,t,f,f,t,t,b,l,s,m,c,i
p,f,s,a,n,h,b,f,f,f,f,f,f,t,f,t,a,m,i,o,c,i
r,k,n,t,d,s,f,f,f,f,f,f,f,f,f,t,a,s,i,o,o,i
p,k,n,d,e,h,b,f,f,f,f,f,f,f,t,f,b,l,s,m,c,i
r,n,m,a,d,s,c,f,f,f,t,f,f,f,t,f,b,m,i,m,c,i
r,n,m,t,d,h,d,f,t,f,f,f,f,t,t,f,a,m,i,o,o,i
p,u,m,t,d,c,b,f,f,t,t,f,f,f,t,t,c,l,i,o,o,i
r,n,m,b,e,h,e,f,t,f,t,f,t,f,f,t,b,m,s,o,c,i
r,n,n,t,n,s,e,f,t,f,f,f,f,f,t,t,a,l,l,m,o,i
r,u,m,d,n,s,a,f,f,f,f,f,f,f,f,t,a,m,s,m,c,i
r,n,n,r,e,p,e,f,f,f,f,t,f,f,t,t,b,s,s,m,?,i
p,f,n,t,e,c,b,f,f,t,f,f,t,f,t,t,c,s,s,m,c,i
p,n,s,b,d,c,a,t,t,f,f,t,f,t,f,t,a,m,i,m,?,i
p,u,m,t,d,t,d,t,t,t,f,f,f,t,f,f,a,m,l,m,o,i
p,f,n,t,d,h,e,f,f,t,f,f,f,f,t,f,c,l,i,o,?,i
p,u,n,r,n,s,a,f,f,t,t,f,f,f,f,t,b,s,i,m,o,i
p,n,s,t,d,c,b,t,t,f,t,f,f,f,f,f,b,m,l,o,?,i
p,k,n,d,n,s,f,f,t,f,f,f,f,f,t,t,b,l,i,o,?,i
p,o,n,b,d,c,d,f,t,f,f,f,f,f,f,t,c,l,i,m,c,i
r,n,n,t,e,h,c,f,f,t,f,f,f,f,f,t,b,m,l,o,o,i
r,n,n,h,n,s,c,f,t,f,t,t,f,f,f,f,b,s,i,o,o,i
r,n,n,b,n,s,d,f,f,t,f,t,f,f,f,t,c,m,s,m,?,i
p,u,f,t,d,h,d,f,f,t,f,f,f,f,f,t,a,m,i,o,c,i
p,f,n,b,n,h,a,f,t,f,f,f,f,f,t,f,b,m,s,o,c,i
p,k,n,h,d,s,b,f,f,t,f,f,f,t,f,t,c,s,i,o,?,i
p,f,m,a,n,s,c,f,f,t,t,f,f,f,f,t,a,m,i,o,o,i
r,k,n,a,d,h,e,f,f,t,f,f,t,f,f,t,c,m,i,o,?,i
r,n,m,b,e,p,e,f,f,f,f,f,f,f,t,t,a,s,i,o,c,i
p,n,m,a,e,c,d,f,t,f,f,f,t,f,t,t,c,s,s,m,o,i
p,f,n,t,n,c,d,f,f,f,f,f,f,f,t,f,b,m,i,o,c,i
r,n,m,b,n,h,b,f,t,t,f,f,t,t,f,f,b,m,i,o,c,i
p,u,m,d,d,h,e,f,t,f,f,t,f,f,t,t,c,m,s,o,c,i
p,o,m,v,n,s,f,f,t,f,f,t,t,f,t,t,b,l,i,o,o,i
r,n,m,t,d,s,e,f,f,t,f,f,f,f,f,f,b,s,s,o,?,i
p,k,n,a,d,s,f,f,t,t,f,f,f,f,f,t,b,s,i,o,c,i
r,n,m,t,d,p,f,t,t,t,f,t,f,t,f,t,c,m,i,m,?,i
p,u,m,a,d,h,b,f,t,f,t,f,f,f,f,t,c,l,s,o,?,i
p,u,n,r,d,s,c,f,t,f,f,f,f,t,f,t,c,m,i,m,?,i
p,u,s,a,e,h,c,f,t,f,f,f,f,f,t,t,c,l,s,o,?,i
r,n,n,d,d,s,c,f,f,f,f,f,t,f,f,t,b,l,i,o,o,i
r,n,n,b,e,h,e,f,f,f,t,f,f,f,f,t,a,m,s,m,o,i
p,n,s,r,d,c,b,f,f,f,f,f,f,t,f,f,c,m,i,o,o,i
r,n,n,d,e,p,a,f,f,t,f,f,f,f,f,t,a,l,l,o,o,i
r,n,n,r,d,c,b,f,t,f,f,t,f,f,f,f,a,l,i,m,o,i
r,n,n,d,d,p,a,f,t,t,t,f,f,f,f,t,b,m,s,o,?,i
p,u,s,v,e,s,c,f,f,t,f,f,f,f,t,t,b,m,l,m,o,i
r,n,n,b,n,c,a,f,f,f,f,f,t,f,f,f,b,m,i,m,?,i
p,n,m,a,n,p,a,t,f,f,f,f,f,t,f,f,b,m,i,m,?,i
p,o,m,a,d,s,c,f,t,f,t,f,f,f,f,f,c,m,s,o,o,i
p,k,m,d,n,c,d,t,t,t,f,t,f,f,f,t,b,l,i,m,o,i
p,o,s,t,e,t,d,f,f,t,f,f,f,f,f,t,c,m,i,o,o,i
p,k,m,d,n,c,a,f,f,t,f,f,f,t,t,f,c,m,l,o,o,i
r,u,n,a,d,s,f,f,f,f,f,t,f,f,f,t,c,s,i,o,?,i
p,k,s,v,d,s,a,f,f,t,t,f,f,f,f,f,b,l,l,m,o,i
p,k,n,a,d,c,d,f,f,t,f,t,f,f,t,t,a,l,i,m,?,i
r,f,n,h,n,p,f,f,f,f,t,f,f,f,f,t,a,m,l,m,o,i
r,n,n,t,d,s,f,f,f,f,f,f,f,f,f,t,a,m,i,o,o,i
p,n,m,a,d,s,c,f,f,f,f,f,f,f,f,f,b,l,s,o,o,i
r,n,n,d,e,s,b,f,t,f,f,f,f,t,t,t,a,s,s,o,o,i
r,n,n,t,n,h,e,t,t,f,t,f,t,f,t,t,a,m,s,o,c,i
r,o,n,t,e,c,d,f,f,f,f,f,t,f,f,t,a,m,s,o,o,i
r,n,n,d,e,h,e,t,f,t,t,t,f,f,t,f,c,s,l,o,?,i
r,n,n,d,d,h,c,t,f,t,t,t,f,f,f,f,b,s,i,o,c,i
p,n,m,t,n,h,f,f,f,f,f,f,t,f,f,f,c,l,s,o,c,i
p,o,n,b,d,h,f,f,t,f,f,f,f,f,f,f,a,m,s,o,?,i
r,n,n,t,d,c,e,f,f,f,f,f,f,f,f,f,b,l,l,o,o,i
p,f,n,t,e,s,f,f,f,f,t,t,f,f,t,f,a,m,i,m,?,i
p,o,n,r,d,s,c,f,f,f,f,f,f,f,t,t,a,s,i,m,?,i
r,n,m,t,e,p,a,f,f,f,f,f,f,f,f,t,a,m,l,m,c,i
p,o,n,b,e,h,d,t,t,f,t,t,f,t,f,t,c,m,i,o,c,i
r,n,n,t,d,s,d,t,f,t,f,f,f,f,f,t,a,m,i,o,c,i
p,n,s,d,d,h,c,f,t,f,t,f,f,f,t,t,b,m,i,o,o,i
p,f,n,b,d,c,b,f,f,f,t,f,f,f,f,t,a,s,i,o,o,i
p,u,n,t,d,s,d,f,t,t,f,f,f,f,t,t,a,m,s,m,o,i
p,n,m,d,n,h,a,t,f,t,t,f,f,f,f,t,c,m,l,m,o,i
p,k,m,d,e,s,e,f,f,f,f,f,f,f,f,t,c,s,s,m,c,i
p,n,m,t,d,p,f,t,f,f,f,t,f,f,t,f,a,s,s,o,c,i
p,k,n,h,d,h,a,f,f,f,f,f,f,f,f,f,c,m,i,o,?,i
r,k,n,t,n,p,e,f,f,f,f,f,f,f,t,t,a,m,s,m,o,i
p,k,n,a,n,c,a,f,t,t,f,f,f,f,f,f,a,m,i,m,c,i
p,k,n,a,n,p,c,f,f,f,f,f,f,t,t,t,b,m,s,o,o,i
r,n,n,t,d,h,f,f,f,f,f,f,f,f,f,t,b,l,l,m,c,i
p,f,f,r,e,s,a,t,f,f,f,f,f,f,t,f,a,m,s,o,c,i
p,f,m,b,d,p,a,f,f,f,f,f,f,f,f,f,b,l,i,m,o,i
p,f,n,d,n,p,f,f,f,t,f,f,f,t,f,f,a,s,s,o,c,i
r,n,n,t,d,p,a,f,f,f,f,f,f,f,f,t,c,s,i,o,c,i
r,n,m,t,e,t,b,f,f,f,f,f,f,f,f,f,a,s,s,o,c,i
r,n,n,a,d,h,c,f,t,f,f,f,t,t,t,t,a,l,i,m,o,i
r,n,n,t,n,h,a,f,f,f,f,f,f,f,f,f,a,l,s,o,?,i
r,n,n,d,d,c,a,f,t,f,t,f,f,f,f,t,a,s,i,o,?,i
r,n,m,v,n,s,e,f,f,t,f,f,f,f,f,f,a,m,i,m,?,i
r,f,m,v,d,c,c,t,t,t,f,f,f,f,f,f,a,m,i,o,o,i
r,n,n,v,n,p,c,t,t,f,f,f,f,f,f,t,a,l,l,o,o,i
r,o,n,t,d,h,d,t,f,f,f,f,f,f,t,t,a,s,s,o,?,i
p,k,m,t,e,h,b,f,f,t,f,f,f,t,t,t,a,m,s,m,?,i
p,o,n,a,n,c,c,f,f,f,t,f,f,f,t,t,a,l,i,m,c,i
r,n,m,d,d,t,f,f,f,f,f,f,f,f,t,t,a,s,s,o,o,i
p,k,n,a,d,s,e,f,f,t,f,f,t,f,f,t,b,s,s,o,o,i
p,k,m,t,d,s,d,t,t,t,f,f,f,f,f,t,c,s,s,o,o,i
p,u,s,r,d,c,c,t,f,t,t,t,f,f,t,t,a,m,i,m,?,i
p,k,n,t,e,p,e,f,t,f,f,f,t,f,f,f,b,m,i,m,c,i
r,k,n,b,d,c,d,f,f,f,t,f,t,f,f,t,b,s,s,o,?,i
p,k,m,t,d,h,b,f,t,t,f,f,f,f,t,t,a,s,s,o,c,i
p,f,n,b,d,s,c,f,f,f,f,f,t,f,t,f,b,m,i,m,c,i
r,n,n,a,d,h,a,f,t,t,f,f,f,f,t,t,c,m,i,o,o,i
r,k,n,d,d,p,f,f,t,f,f,f,f,t,f,t,b,m,i,o,c,i
p,k,s,v,e,h,d,t,f,f,f,f,f,f,t,f,b,l,i,o,o,i
r,u,n,t,d,h,c,f,f,f,f,f,f,f,f,f,b,s,i,m,o,i
p,k,s,v,n,h,b,f,t,f,f,f,f,f,f,f,a,s,i,o,o,i
r,n,n,v,n,h,f,f,f,f,t,f,f,t,f,t,c,m,s,o,?,i
p,u,n,r,d,h,b,t,t,f,t,f,f,f,f,t,c,l,l,o,c,i
r,n,n,d,n,c,e,f,t,f,f,f,t,t,f,f,c,l,i,m,?,i
p,n,m,v,e,h,e,f,t,f,f,f,f,f,t,t,c,l,s,o,?,i
r,n,n,t,e,h,f,t,t,f,f,t,t,f,f,t,c,m,s,o,o,i
r,n,n,a,d,h,b,t,t,f,f,t,f,t,f,t,c,m,s,m,?,i
r,n,n,a,e,p,e,f,t,f,f,f,f,f,f,f,b,m,s,o,?,i
r,n,n,b,d,s,b,f,f,f,t,f,f,f,f,t,a,m,l,o,o,i
r,o,n,h,e,s,f,f,t,f,f,f,t,f,f,t,b,m,s,m,o,i
p,f,n,r,d,h,a,f,t,t,f,f,t,f,t,f,c,l,s,o,c,i
r,n,n,a,e,t,d,f,t,t,f,f,f,f,f,t,a,l,i,o,?,i
p,k,f,d,e,c,c,t,f,f,f,f,f,f,f,t,a,l,i,o,c,i
r,n,n,v,d,h,f,t,t,t,f,f,f,t,f,f,b,m,i,m,c,i
r,u,n,t,d,h,b,t,t,f,f,f,f,f,t,t,b,s,i,o,o,i
r,n,n,d,n,s,a,f,f,t,f,f,t,f,f,t,a,s,i,o,o,i
r,k,n,a,d,t,e,f,f,f,f,f,f,f,f,t,a,m,l,o,o,i
p,n,m,b,d,h,b,f,t,f,f,t,f,f,f,f,a,s,i,o,c,i
p,f,n,b,d,c,b,f,f,f,f,f,f,f,f,t,b,l,i,o,o,i
r,n,n,d,n,p,a,f,t,t,t,f,f,f,t,t,c,l,i,o,o,i
p,f,m,t,e,c,f,t,t,f,f,f,t,f,f,t,a,s,s,m,?,i
r,n,n,a,e,s,d,t,f,t,f,t,f,f,t,f,b,l,l,m,o,i
p,u,s,r,n,s,d,f,f,t,f,f,f,t,f,f,a,s,s,o,o,i
p,k,f,d,e,s,f,f,f,t,f,f,f,f,t,t,a,m,i,m,c,i
r,f,n,t,n,t,e,f,f,f,t,f,f,f,t,t,a,m,i,m,o,i
r,o,n,t,e,p,c,f,t,t,t,f,f,f,f,t,b,m,l,o,o,i
r,u,n,d,n,h,a,f,f,t,f,f,f,t,f,t,c,l,l,m,o,i
r,n,n,v,e,p,d,f,f,t,f,f,t,f,t,f,a,m,s,o,c,i
r,n,n,a,d,s,d,t,f,f,f,f,f,t,t,f,b,l,s,o,c,i
r,n,n,a,d,s,a,f,t,t,t,t,f,f,f,f,b,m,i,m,o,i
r,n,n,b,d,s,f,f,f,t,f,f,f,f,f,t,b,s,i,m,?,i
r,k,n,r,e,p,b,f,f,f,f,f,f,f,f,t,a,l,i,o,c,i
r,u,n,b,n,s,c,f,t,f,t,f,f,f,f,f,a,m,i,o,o,i
p,u,f,v,n,s,c,f,f,f,f,f,f,f,f,f,b,s,i,o,o,i
p,k,s,t,n,s,f,f,f,f,f,f,f,f,t,t,a,s,i,o,c,i
p,k,n,v,e,h,a,f,t,f,f,f,f,f,t,t,b,l,s,o,c,i
p,o,m,t,n,h,b,f,f,f,f,f,t,f,t,f,b,m,s,o,o,i
p,u,n,d,e,s,c,f,t,f,f,f,f,t,t,f,b,m,s,o,c,i
r,n,m,t,d,p,f,f,t,t,f,f,f,t,f,t,b,m,i,o,o,i
r,k,n,t,e,t,c,f,f,f,f,f,f,f,t,t,b,s,i,m,o,i
p,o,s,t,d,s,c,f,f,t,t,f,f,f,f,f,b,m,s,m,?,i
r,n,n,t,d,t,f,f,t,f,f,f,f,t,f,t,b,s,s,m,o,i
r,n,n,a,d,p,d,f,f,t,f,f,f,f,f,f,c,m,s,o,o,i
p,u,f,r,d,p,a,f,f,f,f,f,f,f,f,t,b,m,i,o,o,i
r,u,n,d,d,s,a,t,f,f,f,f,f,f,f,f,c,m,i,o,o,i
p,u,n,b,d,p,d,t,f,f,f,f,t,f,f,f,a,m,s,o,o,i
p,o,m,b,n,h,c,f,f,t,f,f,f,f,f,t,a,m,l,m,o,i
r,n,m,a,d,s,a,f,f,t,f,f,f,f,t,f,b,l,i,o,?,i
r,n,m,v,n,c,c,t,f,f,f,f,f,f,f,t,a,m,s,o,o,i
p,k,m,t,d,s,f,f,f,f,f,f,f,f,f,t,b,s,i,o,o,i
p,k,m,a,n,c,e,f,t,t,t,f,t,f,f,t,a,m,i,o,?,i
p,k,n,t,n,c,d,f,t,f,f,f,f,f,t,t,b,s,i,o,c,i
r,k,n,t,n,h,a,t,t,f,f,f,f,f,f,t,c,s,i,o,?,i
p,n,m,b,e,s,b,t,f,t,f,f,t,f,f,t,a,l,s,o,?,i
r,f,s,t,e,p,f,f,f,t,f,t,f,f,f,f,c,l,i,m,c,i
r,n,n,t,d,s,d,t,f,f,f,f,f,f,f,f,b,s,s,m,o,i
r,n,n,d,e,p,b,t,t,f,f,f,f,f,f,t,c,m,i,o,o,i
r,n,m,t,n,c,e,f,f,t,t,f,f,f,f,f,a,m,s,o,o,i
p,n,n,r,d,s,a,f,t,t,f,f,f,t,f,t,b,m,i,o,?,i
p,o,n,a,d,h,b,f,f,f,f,f,f,f,f,f,b,l,s,o,o,i
r,n,m,d,n,t,b,f,t,f,t,f,f,f,f,t,c,m,s,o,?,i
r,n,n,v,d,t,f,f,t,t,f,f,f,f,t,t,a,l,i,o,c,i
p,f,n,t,e,s,e,f,t,f,f,f,f,t,f,t,b,m,i,m,c,i
p,k,n,d,d,s,c,f,t,t,f,f,f,f,t,t,a,s,i,o,o,i
r,n,n,a,d,s,c,f,f,t,f,f,f,t,f,t,c,m,s,m,o,i
r,n,m,a,d,c,e,t,f,f,f,t,f,f,f,f,a,m,s,o,c,i
r,n,n,r,e,s,a,f,f,f,f,f,t,f,t,t,b,m,l,m,?,i
p,f,n,v,n,s,a,f,f,f,f,f,t,f,t,t,a,m,s,m,o,i
r,n,n,a,n,h,e,f,f,f,t,f,f,f,f,t,a,m,i,o,c,i
p,n,n,a,d,t,e,f,f,f,t,f,f,t,t,f,a,l,s,m,c,i
r,n,n,t,d,s,b,f,f,f,f,f,t,f,f,t,c,s,i,m,?,i
r,k,n,b,n,c,a,f,f,f,f,f,f,f,f,t,a,m,l,o,?,i
r,n,n,h,d,s,e,f,f,f,t,f,f,f,f,t,b,m,s,m,c,i
p,o,n,a,d,c,a,f,t,t,t,f,f,f,t,t,c,m,s,o,c,i
r,n,n,h,e,h,d,f,t,t,f,f,f,f,t,t,b,l,i,m,o,i
p,k,n,t,n,t,d,f,t,f,t,f,f,t,t,t,b,m,i,o,o,i
r,n,n,v,d,c,d,f,f,f,f,f,f,t,f,t,a,s,s,o,c,i
r,n,n,d,d,s,c,f,t,f,f,f,f,f,f,t,b,m,i,o,o,i
p,n,n,r,n,h,e,f,f,t,f,f,f,f,t,t,a,m,i,o,?,i
r,o,n,t,n,s,f,f,f,f,f,f,f,f,t,t,b,l,s,o,o,i
r,u,n,a,e,s,d,f,t,t,f,f,f,f,t,f,b,m,i,o,c,i
r,n,m,t,e,t,c,f,t,t,f,t,f,f,t,t,a,s,s,m,?,i
r,n,n,r,n,h,f,f,f,f,f,f,f,f,t,f,a,m,i,o,c,i
p,u,m,h,e,p,c,f,f,f,f,f,f,f,t,t,b,m,i,m,c,i
p,k,m,a,n,s,a,f,t,t,f,f,f,f,f,f,c,l,i,m,o,i
r,n,n,t,e,p,a,f,f,f,f,f,t,f,f,t,a,m,l,o,o,i
r,n,n,t,d,p,b,t,t,f,f,f,f,f,f,t,a,s,s,o,o,i
p,f,n,b,n,c,a,f,f,f,f,f,f,f,t,f,a,l,s,o,o,i
p,f,n,b,e,s,e,t,f,f,f,f,f,f,f,t,a,l,s,o,o,i
p,k,n,t,d,p,a,f,f,f,f,t,f,f,f,t,a,m,s,m,c,i
p,u,n,v,e,p,c,t,f,t,f,f,f,f,t,t,b,m,s,m,c,i
p,k,m,t,n,s,f,f,t,t,t,f,f,f,t,f,c,l,l,o,?,i
r,n,n,r,d,t,a,f,f,f,f,f,f,f,f,t,a,s,i,m,?,i
p,n,m,a,n,p,d,f,t,t,f,f,f,f,t,t,b,m,s,o,?,i
p,n,m,t,d,s,f,f,f,t,f,f,f,f,f,t,a,s,l,m,o,i
r,n,n,r,e,h,a,f,t,f,f,f,f,f,f,f,c,s,i,o,c,i
p,n,s,r,n,s,b,f,f,f,t,f,f,f,f,t,c,s,l,o,c,i
p,n,f,a,n,h,a,f,f,f,f,t,t,f,t,t,c,s,i,m,o,i
p,f,n,v,n,p,d,t,f,f,f,f,f,f,f,t,a,s,i,o,c,i
p,n,n,b,e,p,c,f,f,f,f,f,f,f,f,t,a,m,l,m,o,i
r,n,n,a,e,s,f,f,f,t,t,f,f,f,t,t,a,m,i,o,o,i
p,f,n,h,e,h,d,f,f,t,f,f,f,f,f,t,c,l,i,o,?,i
p,k,n,d,d,h,d,f,f,t,f,f,t,f,f,f,a,s,s,m,o,i
r,o,n,t,e,h,f,f,t,f,f,f,f,f,f,f,b,m,l,m,c,i
r,o,n,d,e,c,a,f,t,f,t,f,f,f,t,t,a,m,l,o,?,i
p,f,m,v,e,c,e,f,t,f,f,t,t,f,f,t,a,m,i,o,?,i
r,n,n,t,d,s,e,f,f,f,t,f,f,f,f,f,b,l,s,o,c,i
r,n,n,b,d,h,d,t,f,f,t,f,f,f,t,f,b,m,i,o,?,i
r,k,n,t,d,p,d,f,f,f,f,t,f,f,f,t,a,m,s,o,c,i
p,n,m,b,d,s,a,f,f,t,f,f,f,f,f,t,b,l,l,m,o,i
r,n,m,d,e,h,e,t,t,t,f,f,f,f,t,t,b,m,i,o,c,i
r,n,n,a,d,t,d,f,f,t,f,f,f,f,f,t,c,m,i,o,c,i
r,n,m,b,n,p,e,t,f,t,f,f,f,f,f,t,b,s,i,m,c,i
r,n,n,t,d,c,f,f,f,t,f,f,f,f,f,f,a,m,i,o,c,i
p,n,m,b,n,s,c,f,f,t,t,f,t,f,f,t,a,m,l,o,c,i
r,o,n,v,d,c,f,f,f,f,f,f,f,f,f,t,c,l,i,o,?,i
r,u,n,t,n,c,a,f,f,f,f,f,f,f,f,t,a,m,s,o,?,i
r,n,m,b,e,h,a,t,t,t,f,f,f,f,f,f,c,s,i,m,?,i
r,u,m,a,n,s,b,f,f,t,f,f,f,f,f,t,a,l,i,o,?,i
p,n,m,v,n,h,b,f,f,t,f,f,f,f,t,t,b,s,s,o,o,i
r,u,n,v,e,h,d,f,t,f,f,f,f,f,f,t,b,m,i,o,c,i
p,u,m,r,d,t,b,f,f,f,f,f,f,f,f,t,b,m,i,m,o,i
r,n,n,a,e,c,d,f,t,f,f,f,f,f,f,f,a,m,i,o,o,i
r,o,m,b,d,s,f,f,f,f,f,f,f,f,f,t,a,m,s,m,?,i
p,u,m,r,n,s,e,f,t,t,f,f,f,f,t,t,c,m,l,o,o,i
p,u,n,r,n,h,c,f,t,f,f,f,f,f,f,f,b,m,i,o,o,i
r,u,n,b,d,h,f,f,f,t,f,f,f,f,f,f,c,m,i,m,o,i
r,k,n,d,e,s,e,f,t,f,t,f,f,f,f,f,c,m,i,o,?,i
r,n,n,t,d,t,e,f,t,f,f,f,t,t,f,t,c,l,i,o,c,i
r,o,n,t,e,t,b,f,f,f,f,f,f,f,f,t,b,m,i,o,o,i
r,k,n,h,e,t,d,f,f,f,t,f,f,f,f,t,b,m,i,o,?,i
r,k,n,t,e,h,a,f,t,f,f,f,f,f,f,t,b,l,i,m,o,i
r,n,n,d,n,p,b,f,f,f,t,t,f,t,f,t,b,s,i,o,?,i
p,k,n,r,d,c,a,f,f,f,f,f,f,f,f,t,c,m,s,m,c,i
p,n,m,d,n,h,d,f,t,t,f,f,f,f,f,t,a,s,i,o,o,i
p,f,n,b,e,s,a,f,f,f,t,f,f,f,f,t,a,l,s,o,o,i
r,n,n,d,d,s,c,f,f,t,f,f,t,f,t,f,b,m,s,o,c,i
p,f,m,v,e,s,d,f,f,f,t,f,f,f,t,t,a,l,s,o,o,i
p,o,f,b,d,p,b,f,f,f,f,f,t,f,t,t,b,m,l,o,o,i
p,n,n,a,e,c,b,f,f,f,f,f,f,f,f,f,b,l,i,o,o,i
p,k,n,t,n,t,f,f,f,f,f,f,f,f,t,f,a,m,s,m,o,i
p,n,n,t,d,h,f,t,t,f,f,f,f,f,f,f,c,l,s,o,?,i
p,u,s,h,d,s,e,t,f,f,t,f,f,f,f,t,b,m,i,m,o,i
p,f,m,t,e,h,e,f,t,f,f,f,t,f,f,t,c,m,i,m,c,i
r,n,m,v,d,s,b,f,f,f,t,f,t,f,f,t,b,m,s,o,o,i
r,n,m,b,d,t,a,t,t,t,f,t,t,f,t,t,a,l,l,o,?,i
r,n,n,a,e,s,c,f,f,f,t,f,f,f,t,t,b,s,s,o,?,i
r,n,n,h,d,s,f,t,f,f,f,f,f,t,t,t,a,m,i,o,o,i
r,u,m,t,n,h,b,t,f,t,f,f,f,f,t,t,b,m,s,m,o,i
p,f,s,b,e,p,b,f,f,f,f,f,f,f,f,f,c,m,i,m,c,i
r,n,n,b,e,h,e,t,t,t,f,f,f,t,t,t,c,s,i,o,?,i
r,o,n,t,d,s,d,f,t,f,f,f,f,f,f,t,c,s,l,o,o,i
r,n,n,t,d,c,c,f,f,f,t,f,f,f,f,f,a,m,l,o,c,i
p,o,s,r,e,s,f,f,f,f,f,f,f,f,f,t,a,s,i,m,?,i
r,n,n,t,e,h,d,f,f,f,t,f,t,f,f,t,c,s,l,m,o,i
p,k,m,v,n,h,f,f,f,f,t,f,f,t,f,t,c,l,i,o,c,i
p,u,n,r,d,s,b,f,f,f,f,f,f,f,f,t,a,s,l,o,o,i
r,n,n,t,e,h,c,t,f,f,f,f,f,f,t,t,b,s,s,o,?,i
p,f,m,a,e,s,a,f,t,f,t,t,f,t,f,t,b,m,l,m,o,i
r,u,n,t,d,s,b,f,t,t,f,f,f,f,f,t,b,s,i,o,o,i
r,n,m,v,n,h,a,f,f,t,f,f,f,f,t,t,c,m,s,m,?,i
p,n,s,b,d,s,a,f,f,f,f,f,f,f,f,t,b,m,l,o,o,i
p,f,m,t,n,s,b,f,t,t,t,f,f,f,f,t,b,m,s,o,?,i
r,n,n,b,e,c,c,f,f,f,f,f,f,f,f,f,c,s,i,m,?,i
r,n,m,b,d,c,b,f,f,f,f,f,f,f,t,t,b,s,s,m,o,i
r,n,n,r,e,p,a,f,f,f,t,f,f,f,f,t,a,s,i,o,o,i
p,f,n,t,d,p,c,f,f,t,f,f,f,f,f,t,c,m,i,m,c,i
p,n,n,t,e,h,a,f,t,f,f,t,f,f,f,t,c,s,i,o,o,i
r,n,n,a,n,h,a,t,f,f,t,f,f,f,t,t,a,m,i,m,?,i
p,o,n,r,e,h,f,f,f,f,f,f,f,t,t,f,b,s,i,o,?,i
p,k,n,r,d,c,c,f,t,t,f,f,f,f,f,f,a,l,s,m,c,i
r,o,n,t,e,h,e,t,f,t,f,f,f,f,t,t,b,l,s,o,?,i
r,n,n,t,e,t,a,f,f,t,f,f,f,f,t,t,b,l,s,m,?,i
p,u,n,r,e,c,c,f,f,f,f,f,f,f,f,t,a,m,l,o,?,i
p,f,n,t,e,s,a,t,f,f,f,f,f,f,f,f,a,l,i,m,c,i
r,n,m,b,d,c,c,f,f,f,f,f,f,f,f,t,a,m,i,m,o,i
p,u,n,a,n,s,e,f,t,t,t,f,f,f,f,t,c,l,s,o,c,i
r,k,n,t,n,t,f,t,f,t,f,f,f,f,f,t,b,m,s,m,o,i
r,n,m,b,e,h,c,f,t,f,f,f,f,f,f,f,a,s,i,m,o,i
p,n,s,t,d,c,b,f,f,t,t,f,f,f,f,f,c,m,l,o,o,i
p,f,s,b,e,c,e,f,t,t,f,f,f,f,f,f,c,l,s,m,o,i
r,n,m,t,e,s,d,f,t,f,f,f,f,f,f,t,b,l,i,o,c,i
p,n,f,a,n,c,c,f,f,t,f,f,f,t,f,f,a,m,i,m,?,i
r,n,n,b,n,s,c,f,t,f,f,f,f,f,f,t,b,m,i,m,c,i
p,n,s,t,n,h,c,f,f,f,f,f,f,f,f,t,a,m,i,m,?,i
p,n,s,r,d,s,b,f,f,t,t,f,f,f,t,t,a,m,l,o,?,i
r,k,n,v,e,p,c,f,f,t,t,f,f,f,f,t,c,l,s,o,c,i
r,n,s,h,n,p,a,f,t,f,f,f,f,f,f,t,a,m,i,o,c,i
r,n,m,t,d,s,d,t,t,t,t,f,f,f,t,t,a,s,i,o,c,i
p,k,m,t,d,p,c,f,f,f,t,f,f,f,f,f,a,s,i,m,c,i
p,n,s,a,d,p,c,f,t,t,f,f,f,f,f,t,a,s,i,m,o,i
p,f,n,d,e,s,b,f,t,f,f,f,f,f,f,t,a,m,l,o,?,i
r,n,n,a,e,t,d,f,f,t,f,f,t,f,f,t,b,s,s,m,c,i
p,n,m,a,d,s,c,f,f,t,f,f,f,f,f,f,c,m,l,o,o,i
r,n,m,v,e,p,a,t,f,f,f,f,f,f,f,f,a,m,l,o,o,i
p,n,s,t,n,h,b,f,t,f,f,f,f,f,f,f,c,s,s,o,c,i
p,n,s,b,n,t,a,t,t,t,t,f,f,f,f,f,b,m,s,m,c,i
r,o,m,a,n,s,b,f,t,t,f,f,f,t,f,t,c,l,i,o,c,i
p,n,s,r,n,h,c,f,f,f,t,f,f,f,f,t,b,m,s,o,c,i
p,k,n,v,e,p,c,t,f,t,f,f,f,f,f,t,c,s,i,o,o,i
p,k,s,a,n,c,b,f,f,f,t,f,f,f,f,t,a,m,s,o,c,i
r,n,n,r,d,h,b,t,f,t,f,f,f,f,t,t,b,s,i,o,o,i
p,k,n,b,n,c,c,f,f,f,f,f,f,f,f,t,a,s,s,o,c,i
r,n,n,t,n,c,a,f,f,f,f,f,f,f,t,f,a,l,s,o,o,i
r,n,n,d,e,s,f,f,f,t,f,f,f,f,t,t,b,l,i,o,?,i
r,n,n,v,e,s,d,f,f,t,f,t,f,f,f,t,b,m,l,m,o,i
p,o,n,d,d,s,d,f,f,f,f,t,f,f,t,f,b,m,i,o,o,i
p,u,m,v,d,s,a,t,t,t,t,f,f,f,f,f,c,m,i,m,c,i
r,n,m,t,d,p,f,f,f,t,f,f,t,f,t,t,b,m,s,m,o,i
p,k,n,a,d,h,d,f,t,t,f,f,f,f,t,t,b,l,i,m,c,i
p,o,m,a,d,h,c,f,f,t,f,f,f,f,f,t,b,m,i,o,o,i
r,n,n,t,d,s,e,f,f,f,f,f,f,f,f,t,c,l,i,o,?,i
p,o,n,a,n,p,b,f,f,f,f,f,f,f,t,f,a,m,s,m,o,i
r,k,n,a,e,s,f,f,t,f,f,f,t,f,f,t,a,s,s,o,?,i
p,u,n,t,n,s,a,f,f,t,t,f,f,t,f,t,a,m,i,m,o,i
p,u,m,d,e,p,e,f,t,f,t,t,f,f,f,f,b,m,s,m,?,i
r,n,n,t,d,s,f,f,f,f,t,f,f,t,f,t,c,l,i,o,c,i
r,n,m,b,d,c,c,f,t,t,f,f,f,f,f,t,a,m,s,o,c,i
r,k,n,v,n,h,f,f,f,f,t,t,f,f,t,f,a,m,i,o,o,i
p,n,m,r,d,c,a,f,f,t,f,f,f,f,t,t,a,m,i,m,o,i
p,n,f,t,e,s,d,t,t,f,f,f,t,f,f,t,a,l,i,o,o,i
p,u,n,r,d,h,b,f,f,t,t,f,f,t,f,f,c,l,s,o,o,i
r,n,n,v,d,h,b,f,f,t,f,f,t,t,f,t,c,s,i,o,c,i
r,n,n,d,d,c,c,t,f,t,f,f,t,f,t,t,b,l,l,o,?,i
p,o,n,a,e,p,d,f,f,t,f,f,f,f,f,t,b,m,i,o,c,i
r,n,n,t,d,s,d,f,f,t,f,f,f,f,f,f,c,l,i,o,o,i
p,n,n,r,n,c,b,f,t,f,f,f,f,f,f,t,c,s,s,m,?,i
p,u,s,t,d,s,c,t,f,f,f,f,f,f,f,t,a,m,i,m,o,i
p,n,s,v,d,c,b,t,f,f,t,f,f,f,f,t,a,l,i,o,?,i
p,n,n,r,d,t,d,f,f,t,t,f,f,f,f,t,a,m,s,o,c,i
r,n,n,v,n,s,a,f,f,f,f,f,f,t,f,f,c,s,l,o,c,i
r,u,n,h,e,s,c,t,f,f,f,f,f,f,t,t,c,m,s,o,o,i
r,n,n,b,e,c,f,t,t,f,f,f,f,f,f,t,b,l,i,o,c,i
p,k,m,d,e,p,f,f,f,f,t,f,f,f,f,t,a,s,l,o,o,i
r,n,n,r,n,c,c,t,f,t,f,f,t,f,f,t,c,m,l,m,o,i
r,n,n,t,d,h,b,t,f,f,f,f,t,f,t,t,b,m,s,o,o,i
p,u,n,v,n,c,d,f,f,f,f,f,f,f,t,t,a,m,i,m,o,i
p,k,n,r,n,s,c,f,f,f,f,f,f,f,f,t,c,m,s,o,?,i
p,u,n,h,d,t,a,f,t,t,f,t,f,f,f,t,a,m,i,m,o,i
r,n,n,t,d,p,f,f,f,t,f,f,f,f,f,f,a,l,i,o,o,i
p,k,m,a,e,p,b,t,t,f,f,f,t,f,f,t,a,l,s,o,o,i
p,o,n,d,d,p,c,f,f,f,f,f,f,f,f,t,c,l,i,m,?,i
p,n,s,t,d,t,c,f,f,f,t,f,f,f,t,t,c,s,i,o,o,i
r,n,n,r,d,s,f,f,t,t,t,f,t,f,t,t,b,m,i,o,?,i
p,o,m,b,d,t,e,f,f,f,f,f,f,f,f,t,b,m,s,o,?,i
r,n,n,t,e,s,b,f,f,t,f,f,f,t,f,t,a,m,s,o,?,i
r,k,n,t,e,h,e,f,t,f,f,f,f,f,f,t,c,m,i,o,o,i
p,u,s,v,e,h,f,f,t,f,t,f,f,f,t,t,a,l,l,o,c,i
p,n,m,t,e,s,e,t,f,f,f,f,f,f,f,t,a,m,i,m,c,i
r,n,n,v,d,h,a,f,f,t,f,f,f,f,f,t,b,l,i,m,?,i
r,n,n,v,e,h,c,f,t,f,f,f,f,f,f,f,b,m,l,o,o,i
r,n,m,r,n,s,e,f,f,f,f,f,f,f,f,t,b,m,i,m,o,i
p,n,s,a,d,h,a,f,f,f,f,f,t,f,f,t,b,l,i,o,?,i
p,f,m,t,e,h,c,f,f,f,f,f,f,f,t,t,b,l,s,o,o,i
r,n,n,v,n,c,d,f,f,f,f,f,t,f,f,f,b,s,s,m,?,i
p,f,n,t,e,h,d,f,t,f,t,f,f,f,f,t,a,m,i,o,o,i
r,n,n,a,d,c,a,f,f,f,f,f,f,f,t,t,a,m,s,o,c,i
r,n,n,d,d,c,b,f,f,f,f,f,f,f,f,f,a,s,s,o,?,i
r,n,n,a,e,c,d,f,f,f,f,f,f,f,t,t,a,m,i,m,o,i
p,f,m,t,e,s,b,f,t,t,f,f,t,f,t,t,a,l,s,o,?,i
p,n,n,h,n,h,b,f,f,f,f,f,f,t,f,f,a,m,s,m,o,i
r,n,m,t,e,h,c,f,f,t,t,f,t,f,f,t,c,m,l,o,o,i
p,o,m,t,d,s,a,f,t,t,f,f,f,f,t,t,b,l,s,o,o,i
p,k,m,a,n,p,c,f,t,t,f,t,f,f,f,f,a,m,i,o,?,i
r,n,n,v,e,s,f,f,f,f,f,t,f,f,f,f,b,l,i,o,o,i
p,u,n,d,n,t,c,f,f,t,f,f,f,f,f,t,c,l,i,m,o,i
r,n,n,v,n,s,b,f,f,f,f,f,f,t,f,f,c,s,s,o,?,i
r,n,n,h,e,c,b,f,t,f,t,f,f,f,t,t,c,m,s,o,?,i
p,k,n,t,e,s,c,t,f,t,f,f,f,t,f,t,a,s,s,o,?,i
r,n,n,r,e,t,c,f,f,f,f,f,f,f,f,t,a,s,i,o,?,i
r,n,n,t,d,p,f,t,f,t,t,f,f,t,t,t,c,l,l,m,?,i
p,f,n,d,e,s,d,f,t,t,f,f,f,t,t,f,a,m,l,m,o,i
r,n,s,d,d,s,c,f,t,t,f,f,f,f,f,t,c,m,i,o,c,i
p,o,m,a,d,h,c,t,f,f,t,f,f,f,f,t,c,l,i,o,o,i
p,u,n,d,e,s,c,t,f,f,f,f,f,f,f,t,b,s,i,o,?,i
p,k,s,r,d,s,b,f,f,t,t,f,f,f,f,t,b,m,i,m,?,i
p,f,n,t,n,t,c,t,f,f,f,f,t,f,f,t,a,m,s,m,?,i
r,f,n,r,e,c,b,f,f,t,f,f,f,f,f,t,c,s,i,o,c,i
r,u,m,h,n,s,c,f,f,f,t,f,f,f,f,t,b,l,l,o,o,i
r,n,n,a,e,h,c,t,f,f,f,f,f,f,f,t,a,l,s,m,?,i
r,n,n,t,n,s,e,f,t,t,f,f,f,t,t,t,a,l,s,m,o,i
p,k,n,h,e,p,b,f,t,t,f,f,f,f,f,t,b,s,s,m,c,i
p,k,n,a,n,s,f,f,f,f,f,f,f,f,f,t,b,m,i,m,?,i
r,n,m,a,d,h,c,t,t,f,f,f,f,f,f,t,a,s,l,m,c,i
r,k,n,v,n,s,e,f,f,f,f,f,f,f,f,t,b,l,s,o,?,i
p,n,n,r,e,t,d,f,f,f,f,f,f,f,f,f,a,m,s,o,o,i
r,u,n,a,d,s,e,f,t,t,t,f,f,f,f,f,c,s,i,o,o,i
r,n,n,t,e,c,d,f,t,f,t,f,f,f,f,f,a,s,l,o,?,i
p,n,n,d,e,h,a,f,f,t,t,f,t,f,f,t,b,m,s,o,?,i
p,n,s,b,d,p,c,f,f,t,t,f,f,f,f,t,c,m,i,o,?,i
p,n,m,r,d,s,f,t,f,f,f,f,f,t,f,t,b,m,s,m,o,i
r,n,n,d,d,p,c,f,t,f,f,f,f,f,f,f,b,l,i,o,?,i
r,n,m,t,n,t,e,f,f,t,f,f,f,f,f,t,b,m,i,m,?,i
r,n,n,d,e,s,f,f,f,t,t,f,f,f,f,t,b,m,s,m,o,i
p,n,n,v,d,s,b,f,f,t,f,t,f,f,f,t,b,m,s,o,?,i
r,n,n,d,n,t,e,f,f,f,f,f,t,f,t,t,a,l,s,o,?,i
r,n,n,t,e,h,b,t,f,f,f,f,t,f,t,t,c,m,i,m,o,i
r,n,m,a,e,p,a,f,f,f,f,t,f,f,f,t,b,m,i,o,?,i
p,n,s,r,e,p,d,f,f,f,f,f,f,f,f,t,c,l,i,m,?,i
r,n,n,d,d,s,e,t,f,f,t,f,t,f,f,f,a,s,i,m,c,i
r,n,n,h,d,s,c,f,f,t,f,f,f,f,t,t,a,s,l,o,c,i
p,n,n,a,n,h,a,f,f,f,f,f,f,f,f,f,a,m,s,m,c,i
p,f,n,b,n,h,d,f,t,t,f,f,f,f,f,t,a,l,i,o,?,i
p,u,n,t,n,h,e,f,f,t,t,f,f,f,t,t,b,s,s,m,o,i
p,u,s,r,d,c,d,f,f,t,f,f,f,f,f,f,c,m,l,o,o,i
p,k,m,d,n,h,b,f,f,f,f,f,f,f,t,f,a,l,s,o,c,i
p,k,s,v,e,p,b,f,f,t,f,f,f,t,f,t,a,m,s,o,o,i
r,n,n,a,e,s,c,t,f,f,f,f,f,t,f,t,b,l,i,m,o,i
r,o,n,h,d,h,a,t,f,f,f,f,f,f,f,t,c,m,i,m,?,i
r,o,n,t,n,s,e,t,t,f,f,f,t,f,f,f,a,l,s,o,c,i
p,o,s,b,n,s,a,f,f,t,t,f,f,f,f,t,b,m,l,o,?,i
p,u,n,b,d,s,c,t,t,f,t,f,f,f,f,t,a,s,i,m,o,i
r,n,n,b,n,t,e,t,f,f,f,f,t,f,t,t,a,s,s,o,o,i
p,o,n,v,e,h,c,f,f,f,f,f,t,f,t,t,c,m,s,m,?,i
p,o,m,r,d,s,e,f,t,t,t,f,f,f,f,t,c,m,s,m,o,i
r,n,m,t,d,c,b,t,f,f,f,f,f,f,f,f,a,s,i,o,o,i
r,u,m,t,e,c,c,t,f,f,f,f,f,f,f,f,b,m,l,m,o,i
r,n,n,b,d,h,e,f,f,f,f,f,f,t,f,t,a,l,i,o,o,i
p,u,m,r,d,s,f,f,t,t,f,f,f,f,t,t,b,m,i,m,c,i
r,o,n,b,n,s,d,t,t,f,f,f,t,f,f,f,a,l,i,m,?,i
r,n,n,a,e,s,b,f,f,f,t,f,f,f,f,f,a,m,l,o,?,i
p,f,n,t,n,h,a,f,f,t,f,f,f,t,f,t,b,s,s,m,?,i
r,n,n,v,e,s,e,f,f,t,t,t,f,f,t,f,b,m,i,m,o,i
r,o,n,b,e,c,d,f,f,t,t,f,f,f,f,t,b,m,i,o,?,i
p,o,s,b,n,p,a,f,f,f,f,t,f,f,t,f,a,l,l,o,o,i
r,k,n,b,d,s,c,t,f,t,f,f,f,f,f,t,b,s,i,o,c,i
r,o,n,t,d,s,a,f,t,f,f,f,t,f,f,t,c,m,s,m,c,i
r,n,m,t,e,p,a,t,t,f,f,f,t,f,f,t,a,m,i,o,o,i
r,n,m,t,n,h,f,f,f,t,f,f,f,f,f,t,c,s,s,o,c,i
r,n,n,v,d,c,c,f,t,t,f,t,f,f,f,t,a,m,i,m,c,i
r,n,n,t,n,p,b,f,f,t,f,f,f,f,f,f,b,s,l,m,o,i
r,n,n,a,n,c,f,f,f,t,t,t,f,f,t,t,a,m,i,o,o,i
r,n,n,h,e,c,f,f,t,f,f,f,f,f,t,f,b,m,i,m,c,i
p,n,m,a,e,h,f,f,t,t,t,f,t,t,t,t,c,m,s,m,o,i
r,n,n,b,d,t,e,f,t,f,f,t,f,f,f,t,b,s,i,o,c,i
r,u,n,a,e,c,f,f,t,f,f,f,f,f,f,f,b,l,s,m,?,i
r,n,n,a,d,s,a,t,t,t,t,f,f,f,f,f,b,m,i,o,o,i
r,u,n,t,e,h,f,f,t,t,t,f,f,f,f,t,c,s,i,o,o,i
r,n,n,d,d,s,b,f,f,f,f,f,f,f,f,t,b,m,s,o,o,i
r,n,s,b,n,h,a,f,f,f,f,f,f,f,f,t,c,l,i,m,o,i
r,k,n,v,d,s,a,t,t,t,f,f,t,f,t,t,a,m,i,m,c,i
p,n,s,h,e,c,a,t,f,f,f,f,f,f,t,f,a,l,s,o,o,i
r,n,n,t,d,h,e,f,f,f,f,t,f,f,f,t,c,m,i,m,o,i
p,k,m,r,d,h,f,f,t,t,f,f,f,f,f,t,c,s,i,m,o,i
r,n,n,t,d,c,a,f,t,t,f,f,t,f,f,f,a,l,s,o,c,i
r,n,n,a,n,s,e,f,f,t,f,f,f,f,f,t,b,s,s,m,o,i
p,k,n,d,e,s,e,f,t,f,f,f,f,f,f,t,c,l,s,o,o,i
r,n,n,t,e,h,a,t,f,f,t,f,f,t,f,t,b,l,i,o,?,i
p,o,s,h,n,h,e,f,f,f,f,f,f,f,f,t,a,l,s,o,?,i
p,n,m,b,d,t,a,f,f,f,f,f,t,f,t,f,b,s,l,o,?,i
p,u,m,a,n,h,b,f,f,f,f,f,f,t,f,t,a,l,l,m,c,i
r,o,n,t,d,h,c,f,t,f,f,t,f,f,f,t,a,l,i,m,c,i
p,u,n,b,n,t,f,f,f,f,t,f,f,f,f,t,a,s,i,o,o,i
p,o,m,b,n,c,a,f,t,t,t,f,f,f,f,t,c,l,s,m,c,i
r,n,m,t,n,s,b,f,f,t,f,f,t,f,f,f,b,l,s,m,o,i
p,k,n,b,d,h,d,f,t,f,f,f,f,f,f,t,a,s,i,o,?,i
r,n,m,t,e,p,e,f,t,f,t,f,f,f,f,t,b,m,l,m,?,i
r,o,n,h,n,h,f,f,f,f,t,f,f,f,f,f,b,l,l,o,?,i
p,k,f,a,e,s,c,f,t,f,f,f,f,f,f,t,a,s,s,o,c,i
r,n,n,b,d,h,e,f,t,f,f,f,f,f,f,t,b,m,s,o,o,i
r,u,n,v,e,s,d,f,f,f,f,f,f,f,f,t,b,l,i,o,o,i
p,n,s,v,d,h,b,t,t,f,f,t,f,f,f,t,b,s,s,o,o,i
p,k,n,d,e,t,d,f,t,f,f,f,f,f,f,t,a,s,s,o,o,i
p,f,n,d,d,t,b,f,t,f,t,t,t,f,f,t,c,l,s,o,o,i
r,n,n,t,e,h,d,f,f,f,f,f,f,f,f,t,b,m,l,o,o,i
r,k,n,a,d,p,b,f,f,t,f,f,f,f,f,t,a,m,s,o,o,i
p,o,s,r,d,p,b,f,f,f,f,f,f,f,f,t,b,l,i,m,c,i
r,n,m,t,d,t,f,f,f,f,f,t,t,f,f,t,b,s,i,m,o,i
p,k,n,v,n,p,f,f,f,f,f,f,t,f,f,f,a,m,l,o,?,i
p,n,f,t,e,p,c,f,f,f,t,t,f,f,t,f,c,s,s,o,c,i
p,f,m,d,e,s,e,f,f,f,f,f,f,t,f,t,b,l,i,o,o,i
p,n,s,v,n,s,f,t,f,f,f,f,f,f,t,t,c,s,s,o,o,i
p,u,n,b,e,s,a,f,t,t,f,f,t,f,f,t,c,l,s,m,?,i
r,u,n,a,d,c,d,f,f,t,f,f,f,t,f,f,b,s,i,o,o,i
r,n,n,h,e,t,b,f,t,f,f,f,f,f,f,f,c,m,l,o,?,i
r,n,n,v,d,t,e,f,f,f,f,f,f,f,f,t,a,l,s,m,c,i
p,k,m,v,e,p,a,t,f,f,f,t,f,f,f,t,a,l,i,m,c,i
p,f,n,d,d,p,e,t,f,f,f,f,f,f,t,t,a,l,i,o,c,i
p,n,n,t,n,h,b,f,f,f,f,f,f,f,f,f,a,l,i,o,?,i
r,n,m,t,e,h,c,f,t,f,f,f,f,f,f,f,c,m,l,m,c,i
r,n,n,t,d,c,e,f,t,f,t,f,t,f,f,f,a,m,s,o,c,i
p,u,n,r,e,s,a,f,f,t,t,f,f,f,t,t,a,m,i,o,o,i
p,n,m,r,d,c,f,f,t,f,f,t,f,f,t,t,a,l,i,o,c,i
p,u,s,a,e,c,b,f,t,t,f,f,f,f,t,t,c,s,i,o,o,i
p,k,n,h,n,s,c,f,t,f,f,f,f,f,f,t,c,m,i,o,?,i
p,u,f,t,n,c,e,f,f,f,f,f,f,f,f,t,a,m,s,o,o,i
r,n,m,v,e,h,a,f,f,f,t,f,f,f,f,f,a,m,i,m,o,i
p,n,m,b,e,c,d,t,t,t,f,t,f,t,t,t,a,m,l,m,c,i
r,u,n,a,e,p,c,f,f,f,f,f,f,f,f,t,b,s,s,m,o,i
r,u,m,t,d,s,d,f,f,t,f,f,f,f,t,t,b,m,i,o,c,i
r,n,m,v,e,p,d,f,f,t,f,f,f,f,f,f,c,s,s,m,o,i
p,n,n,v,e,s,c,t,t,t,f,f,f,f,f,t,c,l,l,o,c,i
p,n,f,a,d,h,b,f,t,f,f,f,f,t,t,t,a,m,l,o,o,i
p,n,s,b,d,h,a,f,t,f,f,f,f,t,t,f,a,s,s,m,?,i
r,n,n,r,d,p,f,f,t,f,f,f,f,f,t,f,a,l,l,o,o,i
r,u,m,a,d,t,c,t,t,t,t,f,f,f,t,t,a,m,s,o,?,i
r,n,n,r,d,s,b,f,f,f,f,f,f,t,t,t,b,l,s,m,o,i
p,f,m,a,d,c,a,f,f,t,f,f,f,f,f,t,b,s,s,m,o,i
p,n,m,d,e,p,e,f,t,t,f,f,f,f,f,t,b,m,l,o,o,i
p,n,n,v,e,t,c,t,f,f,f,f,f,f,f,t,b,l,i,m,c,i
r,f,n,t,d,s,a,t,f,t,f,f,f,f,f,t,c,s,i,m,o,i
r,n,n,v,e,s,f,t,t,f,f,f,f,f,t,t,b,s,s,o,c,i
p,f,s,a,n,h,f,f,f,f,t,f,f,t,f,t,a,l,i,o,o,i
r,n,n,d,d,t,f,f,f,t,f,f,f,t,f,t,c,m,s,o,c,i
p,u,s,r,d,s,d,f,f,t,f,f,f,f,t,t,b,m,s,o,?,i
p,f,n,t,e,h,b,f,t,t,f,f,f,f,f,t,b,m,i,o,c,i
p,u,n,v,d,t,a,f,f,f,t,f,f,f,t,t,a,m,s,m,?,i
r,n,s,t,d,h,b,t,f,f,f,f,f,f,f,f,b,l,i,o,?,i
r,n,n,d,e,c,d,f,t,f,f,f,f,f,t,f,b,m,i,o,c,i
r,n,n,d,d,t,b,f,t,t,f,f,f,f,f,t,b,m,i,o,c,i
p,k,n,r,n,h,c,f,t,t,f,f,t,f,f,t,a,m,i,o,o,i
r,n,n,b,n,s,d,f,t,f,t,f,f,f,f,t,b,l,l,m,o,i
r,n,n,r,d,s,e,f,t,f,t,f,f,f,f,t,a,m,s,m,o,i
r,n,n,a,e,h,a,f,f,f,t,f,f,f,f,t,b,l,i,o,c,i
p,n,n,t,n,s,f,f,f,f,t,f,f,f,f,f,c,s,s,o,?,i
r,n,n,d,e,s,c,f,f,t,f,f,f,f,f,t,c,m,s,o,o,i
r,n,n,a,n,s,d,t,t,f,f,t,f,f,t,t,a,l,l,o,o,i
r,n,n,a,n,h,f,f,f,f,f,f,f,f,f,t,b,s,i,m,o,i
p,k,n,t,d,p,a,f,f,t,t,f,f,t,f,f,c,s,i,o,o,i
p,n,f,h,d,h,f,f,f,t,f,f,f,f,t,t,b,l,s,o,o,i
r,n,n,d,d,c,e,f,f,f,f,f,f,f,f,f,a,l,s,o,?,i
r,k,n,a,n,t,f,f,f,t,f,f,f,t,t,t,a,m,s,m,c,i
r,o,n,t,d,c,c,f,f,t,f,f,f,f,f,t,a,m,s,m,?,i
p,n,s,v,e,c,a,f,f,f,t,f,f,f,f,t,c,l,i,o,c,i
p,k,m,a,e,s,a,t,f,t,f,f,t,f,f,f,a,m,l,o,c,i
r,u,m,h,n,h,e,f,t,f,t,f,f,f,t,t,a,s,s,m,o,i
p,k,s,d,n,s,a,f,t,f,f,f,f,f,f,t,a,m,s,m,o,i
p,u,m,v,d,h,b,f,f,t,f,f,f,t,t,t,c,m,i,o,?,i
p,o,f,t,d,t,f,f,f,f,t,t,f,f,f,f,a,m,l,m,o,i
r,n,n,v,e,s,c,f,f,f,f,f,f,t,f,f,a,l,i,m,?,i
r,n,m,h,n,s,b,f,t,t,f,f,f,f,f,t,c,s,l,o,c,i
p,f,m,a,e,p,e,f,f,f,f,f,f,f,f,t,a,m,s,o,c,i
p,u,s,d,e,t,b,f,f,t,f,f,f,f,t,t,a,m,i,m,?,i
r,n,n,a,n,c,c,f,t,t,t,f,f,f,t,f,b,m,i,o,c,i
r,n,m,h,e,s,a,f,t,f,f,f,f,f,f,f,a,s,l,o,o,i
p,k,n,r,d,h,c,t,f,f,f,f,f,f,t,t,b,m,s,o,?,i
r,n,n,t,n,h,a,f,t,f,f,f,t,f,t,t,c,l,i,o,c,i
p,f,n,b,e,c,e,f,f,f,f,f,f,t,t,t,c,m,i,o,?,i
p,k,n,t,n,c,b,f,f,f,f,f,f,t,f,t,c,s,i,o,o,i
p,f,m,a,d,p,b,t,f,f,f,f,f,f,f,t,c,m,i,m,o,i
r,u,n,d,e,s,f,f,f,f,f,t,f,f,t,f,c,l,i,o,o,i
p,k,n,t,d,t,e,f,t,t,f,f,f,t,t,t,a,l,s,m,o,i
p,k,n,h,d,s,d,f,t,f,f,f,f,f,f,t,b,s,s,m,c,i
p,f,m,t,d,s,f,f,f,t,f,f,f,f,f,t,a,s,s,o,c,i
p,o,m,r,e,p,b,t,f,t,t,f,f,f,t,f,b,m,s,m,o,i
p,u,m,h,d,h,d,f,f,f,f,f,f,f,f,f,a,m,s,m,?,i
r,n,n,r,d,h,f,f,t,f,t,f,f,f,f,t,b,l,l,o,c,i
p,k,m,d,d,s,d,t,f,t,f,f,f,f,f,t,a,l,i,o,?,i
p,n,m,h,e,s,b,f,t,f,f,f,f,t,f,t,a,m,s,o,c,i
r,u,n,r,e,s,e,f,f,f,f,f,t,f,f,f,b,l,l,o,o,i
p,f,n,v,e,c,a,f,f,f,f,f,f,f,t,t,c,m,i,m,?,i
r,n,n,t,e,s,a,f,t,f,f,f,f,f,f,t,b,s,s,o,o,i
r,n,n,a,e,t,e,f,t,t,f,f,f,f,t,t,a,m,s,m,o,i
r,n,n,a,e,c,a,t,t,f,f,f,f,t,f,f,c,l,s,o,?,i
p,f,n,d,d,p,a,f,f,f,f,f,f,f,t,t,a,l,i,m,c,i
p,n,n,r,e,p,b,f,t,f,f,f,f,f,f,f,a,l,i,m,c,i
r,n,n,r,n,c,c,t,f,t,f,f,f,f,f,f,a,l,i,o,?,i
p,u,n,d,e,h,c,f,t,f,f,f,f,f,t,t,b,m,s,o,o,i
r,o,m,t,n,t,e,f,f,f,f,f,f,f,f,t,c,l,i,o,?,i
r,n,n,h,d,h,d,f,f,f,f,f,f,f,t,t,a,l,i,o,c,i
r,n,n,t,e,s,e,f,t,f,f,f,f,f,f,t,b,m,i,o,o,i
r,u,m,a,e,h,a,f,t,f,f,f,t,f,f,f,c,l,i,o,o,i
p,f,n,r,e,s,b,f,t,f,f,t,f,f,f,f,b,m,l,o,o,i
p,k,n,a,e,c,f,f,f,t,f,f,f,f,f,t,c,m,i,m,o,i
r,n,n,r,d,t,c,f,f,f,f,f,f,f,t,t,b,m,s,o,c,i
r,n,n,v,e,c,b,f,t,t,f,f,f,f,f,t,b,m,i,o,c,i
r,n,n,d,e,s,f,t,f,t,f,f,f,f,f,t,a,s,i,o,c,i
r,f,n,t,e,s,c,t,t,f,f,f,f,f,f,t,b,s,l,m,c,i
r,n,n,t,d,h,c,f,f,t,t,f,f,t,f,t,a,s,l,m,o,i
r,n,n,t,d,s,b,f,t,f,f,t,f,f,t,t,b,s,s,o,?,i
p,f,f,b,n,h,d,t,f,t,t,f,t,f,f,t,b,s,s,o,c,i
p,u,n,t,d,c,b,f,f,f,f,f,f,f,f,t,b,l,i,o,c,i
p,f,n,a,d,c,d,t,f,f,f,f,f,f,t,t,b,l,i,m,o,i
r,n,n,d,d,h,e,f,t,t,f,f,f,f,t,t,c,m,s,o,o,i
p,k,m,d,e,h,d,f,t,f,t,f,f,f,t,f,b,m,i,o,o,i
r,n,m,d,e,s,a,f,t,t,f,f,f,f,f,t,a,m,i,m,o,i
p,n,m,t,n,c,a,t,f,f,f,f,f,f,f,f,c,m,s,o,c,i
p,k,n,b,e,h,e,t,f,f,f,f,f,f,t,t,c,l,s,m,c,i
r,n,n,t,d,s,f,t,t,f,f,f,f,f,t,t,b,m,i,m,o,i
p,k,m,a,d,c,a,f,f,f,f,f,f,t,t,t,a,l,i,o,o,i
p,u,n,a,d,h,b,f,f,f,f,f,f,f,f,t,b,m,i,m,c,i
p,u,f,d,e,s,d,t,f,f,f,f,f,t,f,t,c,s,s,o,o,i
r,n,n,r,n,h,e,f,f,f,f,f,f,f,t,t,c,s,i,o,?,i
r,n,n,t,d,s,f,f,f,f,f,t,f,f,f,t,c,m,l,o,o,i
r,n,n,r,d,c,d,t,f,f,f,f,f,f,t,t,b,m,i,o,c,i
r,n,n,h,e,s,a,f,f,f,t,f,f,f,f,t,a,m,l,o,c,i
r,n,m,t,e,p,e,f,f,f,f,f,f,f,f,t,a,m,i,m,c,i
r,n,n,v,e,h,e,f,t,f,f,f,f,f,f,f,b,l,i,o,o,i
p,o,n,t,e,s,b,f,t,f,t,f,f,f,t,f,a,m,i,o,c,i
r,k,n,t,d,s,c,f,f,t,t,f,f,f,f,t,c,l,l,m,o,i
p,u,m,d,e,t,a,t,t,t,t,f,t,f,f,t,a,m,s,m,?,i
r,n,n,t,d,h,b,f,f,f,f,t,f,f,f,t,b,m,s,o,o,i
p,n,s,v,e,c,f,f,t,t,t,t,f,t,t,t,b,m,i,m,o,i
r,n,s,t,d,p,a,f,f,f,f,f,f,t,f,t,a,l,s,o,o,i
r,n,n,r,e,s,e,f,t,t,f,f,f,f,t,t,c,l,i,o,o,i
p,n,m,r,n,h,a,f,f,t,t,f,f,f,t,t,a,s,i,o,?,i
p,u,s,d,e,c,b,f,f,f,t,f,f,f,f,t,c,s,i,m,o,i
r,n,n,d,d,p,d,f,t,t,f,f,f,f,f,f,b,m,s,o,c,i
r,n,n,r,n,h,a,f,t,f,f,f,t,f,f,f,a,m,l,m,c,i
p,k,n,a,d,t,d,t,t,f,f,f,f,f,t,t,a,s,s,m,c,i
p,k,m,t,n,h,b,f,t,f,f,f,t,f,f,t,a,l,i,o,o,i
r,k,n,r,d,p,e,f,f,f,f,f,f,f,f,t,a,m,i,o,?,i
p,n,m,b,n,s,f,t,t,f,f,f,f,f,f,t,b,m,i,m,?,i
p,o,n,t,d,h,c,f,f,t,t,f,f,t,t,t,a,l,i,o,c,i
r,n,n,h,d,s,a,f,t,f,f,f,f,f,f,f,c,m,i,o,o,i
r,n,n,a,n,t,e,f,t,f,f,t,f,f,f,t,a,m,i,o,?,i
p,f,m,t,e,s,b,f,f,t,f,f,f,f,t,f,c,m,s,o,c,i
p,u,n,d,d,c,a,f,f,f,f,f,t,f,f,f,c,s,s,o,o,i
p,n,m,b,d,s,f,f,t,f,f,f,f,f,t,f,b,l,i,o,?,i
p,k,n,v,d,s,b,f,f,t,t,t,f,f,t,f,b,s,s,o,o,i
r,n,n,t,d,s,d,f,t,t,f,f,f,f,t,t,b,l,i,o,o,i
r,n,n,a,e,c,b,f,f,f,t,f,f,f,f,t,a,m,i,o,c,i
p,n,s,r,e,s,e,f,f,f,t,f,f,f,f,t,c,s,i,m,o,i
p,f,n,t,n,p,d,f,f,f,f,f,f,f,f,t,c,s,i,m,o,i
r,n,m,v,n,c,c,t,f,f,f,f,f,f,f,f,a,m,s,o,o,i
p,f,n,t,n,t,d,f,f,t,f,f,t,t,f,f,a,m,s,m,o,i
r,n,m,t,e,c,b,f,t,t,f,f,f,f,f,t,b,m,i,o,o,i
r,u,n,t,e,c,a,t,f,f,f,f,f,f,t,t,a,l,i,o,?,i
r,o,n,a,e,h,e,f,t,t,f,f,f,t,f,f,b,l,s,o,o,i
r,n,n,t,d,s,f,f,t,f,t,f,f,f,f,t,a,m,s,o,c,i
r,n,n,v,d,h,e,f,f,t,f,f,f,f,t,f,a,m,s,o,o,i
r,n,n,b,n,p,d,f,t,f,f,f,t,f,f,f,a,s,i,o,o,i
p,o,n,t,e,s,c,t,t,t,t,f,f,f,f,f,b,m,i,m,?,i
p,n,n,b,d,s,d,f,t,f,f,f,f,f,t,f,b,s,i,m,?,i
p,k,f,t,e,h,d,f,f,t,t,f,f,f,t,t,b,m,s,m,o,i
r,n,n,a,d,p,a,t,t,t,f,f,f,f,f,f,b,m,s,m,c,i
p,o,s,d,e,s,c,f,t,f,f,f,f,f,f,t,c,m,i,m,c,i
p,k,n,v,d,p,b,f,t,t,f,f,f,f,f,t,a,m,i,m,c,i
p,k,n,r,n,s,b,f,f,f,f,f,f,f,t,t,a,m,i,o,c,i
r,u,n,a,e,h,e,f,t,f,t,f,f,t,f,t,c,m,l,m,o,i
r,n,n,t,d,t,b,t,f,f,f,f,f,f,f,t,a,m,i,o,c,i
p,o,n,v,e,h,e,f,f,t,t,f,f,f,f,t,c,m,i,m,c,i
p,n,s,b,n,h,f,f,f,f,t,f,f,f,f,t,a,m,i,m,o,i
p,n,m,r,n,t,f,f,f,f,f,f,f,f,t,t,b,m,l,o,o,i
r,u,n,h,e,s,e,f,t,f,f,t,t,f,f,f,c,m,i,o,c,i
p,f,n,a,d,s,e,t,t,t,f,t,f,f,t,f,a,m,i,m,o,i
p,f,n,v,e,t,c,f,t,t,t,t,t,f,t,t,a,m,i,o,o,i
r,n,n,b,n,h,e,t,t,f,f,f,f,f,f,t,a,m,i,m,o,i
r,n,n,t,n,t,d,f,f,f,f,f,f,f,t,t,a,l,i,o,?,i
r,n,n,t,e,p,f,f,t,f,f,t,f,f,t,f,b,m,s,o,o,i
p,k,n,r,e,h,d,f,f,f,t,f,t,f,t,t,b,s,s,o,o,i
r,n,n,a,d,h,c,f,t,f,t,f,f,f,f,t,c,l,s,m,o,i
p,n,m,r,d,h,e,t,t,f,f,f,f,f,t,f,c,m,i,m,?,i
r,n,n,v,d,s,e,f,f,f,f,f,f,t,f,t,c,m,i,o,?,i
r,n,n,a,d,h,a,t,f,f,f,f,f,f,f,f,c,s,i,m,?,i
r,n,s,b,e,p,d,f,t,t,f,t,f,f,f,t,c,s,l,o,?,i
p,n,f,r,d,t,d,t,f,f,f,f,t,f,f,t,a,s,l,m,o,i
r,u,n,b,e,t,d,t,t,t,f,f,f,f,t,t,c,m,i,o,o,i
p,k,n,d,e,t,f,f,f,t,t,f,f,f,t,t,a,m,s,o,o,i
r,n,m,t,d,s,d,f,t,f,t,f,f,t,t,f,c,s,i,m,c,i
p,f,n,h,e,h,f,t,t,f,t,f,f,t,f,t,c,m,s,m,o,i
p,o,n,t,d,s,b,f,f,t,t,f,f,f,f,f,b,m,s,o,c,i
p,n,n,t,d,h,a,t,t,f,t,f,f,t,f,f,c,l,i,m,c,i
r,n,n,v,n,t,b,f,f,f,t,f,f,f,t,t,c,m,l,m,?,i
p,n,f,t,d,p,c,f,f,f,f,f,f,f,f,t,c,s,s,o,?,i
r,n,m,t,d,p,e,t,t,f,t,f,f,f,t,t,b,l,s,o,o,i
p,o,f,t,e,h,d,f,f,f,f,t,f,f,f,t,c,l,i,o,c,i
r,u,m,v,d,h,c,t,f,f,f,t,f,f,f,f,b,m,i,m,o,i
r,n,n,b,d,s,c,f,t,f,f,f,f,f,t,t,c,m,s,o,?,i
p,f,m,t,e,h,f,f,t,t,f,f,f,t,t,f,b,l,s,m,o,i
p,n,m,b,e,s,a,f,t,t,f,f,f,f,f,t,c,m,i,m,?,i
r,k,n,t,e,p,b,t,f,f,f,f,f,f,t,t,a,m,i,o,o,i
p,f,n,h,n,h,d,f,t,t,f,f,f,f,t,t,a,s,i,o,o,i
r,n,n,t,d,c,d,f,f,f,f,f,f,f,t,t,b,m,i,o,?,i
r,n,n,b,e,p,c,f,t,t,f,f,f,f,f,t,b,l,s,o,c,i
p,k,n,b,d,s,a,f,t,t,t,f,f,f,t,f,b,l,i,o,c,i
r,u,n,b,d,c,c,f,f,t,f,f,f,f,f,f,a,m,i,m,?,i
r,n,n,h,n,p,a,f,f,f,f,f,f,f,f,f,a,l,i,m,c,i
p,n,n,a,e,t,a,f,f,f,t,f,f,t,t,t,c,l,s,o,o,i
r,n,n,v,d,s,b,f,f,f,f,f,f,f,f,t,b,m,i,o,o,i
r,k,n,a,d,c,a,f,f,f,t,f,f,f,f,t,b,s,i,m,c,i
p,k,n,r,d,h,c,f,f,f,f,t,f,f,f,t,a,l,s,m,?,i
p,o,s,a,e,s,e,t,f,f,f,f,f,f,f,t,b,s,s,o,o,i
p,f,n,t,d,s,a,t,f,f,f,t,t,f,f,t,c,s,i,o,o,i
p,u,n,t,n,h,c,f,t,f,t,f,f,f,f,t,c,m,i,m,o,i
r,o,n,t,d,s,c,f,f,f,f,f,f,f,t,f,c,l,s,m,o,i
r,n,m,h,d,c,a,f,f,f,t,f,f,f,f,t,c,s,i,m,c,i
p,k,m,v,n,s,e,f,f,t,f,f,f,f,f,f,a,l,s,m,o,i
r,n,n,t,n,s,a,t,t,f,f,f,f,f,f,t,b,l,s,o,c,i
r,n,n,b,d,c,f,t,f,f,t,f,f,f,t,t,b,s,i,m,c,i
p,u,m,v,e,s,d,f,t,f,f,t,f,f,f,t,a,s,s,m,o,i
p,f,s,a,n,s,b,f,f,t,f,t,t,f,f,t,c,l,i,o,o,i
p,u,n,a,e,s,f,f,f,f,f,f,f,f,f,t,b,s,i,o,?,i
r,n,n,v,e,h,c,f,t,f,f,f,f,f,f,t,b,m,l,o,c,i
r,k,n,t,e,h,b,f,f,t,f,f,f,f,f,t,c,s,i,o,o,i
r,k,n,b,n,p,c,f,f,f,f,f,f,f,f,t,b,m,l,o,o,i
r,n,m,t,e,c,d,f,f,f,f,f,t,f,t,t,a,m,s,o,?,i
p,n,f,t,d,s,e,f,f,f,f,t,f,f,f,f,a,m,s,o,o,i
p,k,f,r,e,s,d,f,f,t,f,f,f,f,t,t,c,s,s,o,o,i
r,n,m,v,e,p,f,f,f,t,f,f,f,f,t,t,a,l,s,o,c,i
r,u,n,h,e,s,f,f,t,f,t,f,f,t,f,t,a,m,i,m,o,i
p,n,f,t,d,s,a,f,t,f,f,f,f,f,f,t,b,m,i,o,?,i
r,n,n,v,e,s,f,f,f,t,f,t,t,f,f,t,b,m,s,m,?,i
r,o,n,d,e,c,a,f,f,f,f,f,f,f,f,t,b,s,i,o,c,i
p,n,m,r,n,c,f,f,t,f,t,f,f,f,t,f,b,m,i,m,?,i
r,u,n,h,d,h,b,t,f,f,t,f,f,f,f,t,b,m,i,m,o,i
p,f,m,h,e,s,b,f,t,f,f,f,t,t,t,f,c,s,l,o,c,i
p,n,f,v,e,c,c,f,t,t,t,f,f,f,f,t,b,l,i,o,?,i
p,f,m,h,d,s,a,t,f,f,f,f,f,f,f,t,b,l,i,o,?,i
p,k,m,r,e,h,e,t,f,t,f,f,f,f,f,f,c,l,s,o,o,i
p,f,n,b,d,p,a,f,f,t,f,f,f,f,f,f,a,m,i,m,o,i
p,o,n,d,n,s,c,f,f,t,t,f,f,f,f,t,c,s,i,o,c,i
p,f,m,d,e,h,f,f,f,t,f,f,t,t,f,t,a,m,s,m,?,i
r,k,n,t,d,c,d,f,t,t,t,f,f,f,f,t,a,m,i,m,o,i
r,n,s,a,e,c,d,f,f,f,f,f,f,f,f,f,a,s,s,m,?,i
p,f,n,t,n,h,f,f,f,f,f,f,f,f,f,f,b,l,s,m,o,i
r,u,n,d,d,h,a,f,t,t,f,t,f,f,f,t,a,s,s,o,?,i
p,k,n,t,n,h,b,f,t,t,f,f,f,t,t,f,a,s,s,o,c,i
p,f,m,a,d,h,a,f,f,t,f,f,f,f,f,t,a,l,s,m,c,i
r,n,m,b,d,h,a,f,f,f,f,f,f,f,f,t,a,l,i,m,c,i
p,f,s,t,e,s,b,f,t,f,f,f,f,f,t,f,a,m,i,o,o,i
r,u,n,h,d,s,d,f,f,f,f,f,t,f,f,t,b,s,i,m,c,i
r,n,n,b,n,h,b,f,f,f,f,f,f,f,f,t,a,s,i,o,o,i
r,n,n,t,e,h,d,f,t,f,f,f,f,f,f,t,c,s,s,o,o,i
r,k,n,t,e,h,e,t,t,f,f,f,f,f,t,t,a,m,s,o,c,i
p,k,n,v,e,c,c,f,f,f,f,t,f,f,f,f,a,s,l,m,o,i
p,k,n,r,e,t,c,t,f,f,f,f,f,f,f,f,a,m,i,o,c,i
r,n,n,b,e,h,a,f,t,f,t,f,f,f,f,t,b,m,s,o,c,i
r,n,n,a,e,c,e,t,f,f,t,f,f,t,f,t,b,s,l,o,o,i
p,k,m,d,n,s,c,f,f,t,f,f,f,f,f,t,a,l,s,m,?,i
p,k,m,v,e,c,e,f,f,f,f,f,f,f,f,t,a,l,i,o,c,i
r,f,n,v,d,h,c,f,f,t,f,f,f,f,t,t,a,m,s,o,o,i
p,f,n,a,e,p,d,f,t,f,f,f,f,f,f,t,c,m,i,o,?,i
p,f,m,h,e,t,b,f,t,f,t,f,t,f,f,t,b,s,i,m,o,i
p,o,m,v,d,s,b,f,f,f,f,f,f,f,t,f,c,s,l,o,?,i
r,k,m,a,d,t,c,f,f,t,t,f,f,f,f,t,c,s,s,o,o,i
r,k,n,h,d,c,d,f,t,f,t,f,f,f,f,t,b,l,s,m,o,i
p,k,n,d,d,c,c,f,f,t,f,f,f,f,t,t,b,s,l,m,o,i
p,n,s,v,n,h,e,f,t,t,t,f,f,f,f,t,c,m,i,o,c,i
r,n,n,v,n,h,a,f,f,t,f,f,t,f,f,t,a,s,l,o,?,i
p,k,n,a,d,p,f,f,f,t,f,f,f,f,f,f,a,l,i,o,?,i
p,u,f,b,n,s,f,f,t,t,t,t,f,f,f,t,b,l,s,m,c,i
p,f,n,t,n,h,b,f,t,f,f,f,f,f,f,t,a,m,i,o,c,i
r,n,m,b,n,s,a,f,t,f,f,f,f,f,f,t,c,s,s,m,?,i
p,k,m,a,d,s,d,t,t,f,f,f,f,f,t,t,a,m,l,m,o,i
r,n,n,a,d,c,a,f,f,t,f,f,t,f,f,f,c,m,l,o,c,i
p,f,m,d,e,c,b,f,t,f,t,f,f,f,f,f,c,m,l,o,o,i
r,o,n,t,e,p,c,f,f,f,f,f,f,t,f,f,b,s,l,o,?,i
p,k,m,d,e,c,d,f,f,t,f,f,f,f,f,f,b,l,s,o,o,i
p,k,s,a,e,c,a,f,t,f,t,f,t,f,t,t,c,m,i,o,o,i
p,n,s,t,n,t,f,t,t,f,f,f,f,f,f,t,c,m,s,o,c,i
r,n,n,t,n,h,a,t,t,f,f,f,f,f,f,t,a,m,l,o,o,i
p,u,m,a,e,c,a,f,f,f,t,f,f,f,f,t,a,l,i,o,o,i
p,f,s,a,n,p,a,f,f,f,f,t,f,f,f,f,c,m,i,m,c,i
p,k,m,a,n,c,f,f,t,f,t,f,f,f,f,t,a,l,s,o,c,i
p,n,n,r,d,c,f,f,t,f,t,f,f,t,t,t,b,l,l,m,c,i
r,n,n,b,n,h,a,f,f,f,f,f,f,f,f,f,c,m,i,o,o,i
r,n,m,t,d,h,e,f,t,f,f,f,f,f,f,t,a,s,s,o,o,i
p,n,n,a,d,c,a,f,f,t,f,f,t,t,f,t,a,m,i,o,?,i
r,n,n,t,n,c,a,f,t,f,f,t,f,f,f,t,c,m,s,o,o,i
p,u,s,t,e,h,a,f,t,f,f,f,f,f,f,t,b,s,i,m,o,i
p,k,s,t,e,s,e,f,f,f,f,f,t,f,f,t,a,m,s,o,?,i
r,n,f,v,n,s,c,f,f,t,f,t,f,f,t,t,a,l,i,o,c,i
r,n,n,r,d,h,d,f,t,f,f,f,f,f,f,f,c,m,s,o,c,i
r,n,n,d,d,s,a,f,t,t,f,f,f,f,f,t,a,s,s,o,o,i
p,o,n,v,d,h,f,f,f,f,f,f,f,f,f,t,b,m,l,m,?,i
r,n,n,b,e,s,f,f,t,f,f,f,f,f,f,t,b,m,s,o,c,i
r,o,s,a,d,s,b,t,f,t,f,f,f,f,t,t,b,l,i,m,c,i
p,o,n,t,d,p,d,f,f,t,f,f,f,f,f,t,b,s,i,o,o,i
p,n,n,r,n,h,d,t,f,t,t,f,f,f,f,t,a,s,s,m,o,i
p,k,n,a,d,c,f,t,t,t,t,f,f,f,f,t,c,l,s,o,?,i
r,u,n,t,e,s,c,f,f,t,t,f,f,f,t,t,b,l,s,o,o,i
p,n,s,h,d,s,b,f,t,f,f,f,f,f,t,t,b,m,l,m,c,i
r,n,m,t,e,s,b,t,f,t,t,t,f,f,f,t,c,l,s,m,c,i
r,u,n,t,e,s,d,f,f,f,t,f,f,f,f,f,b,s,i,o,?,i
p,u,n,d,e,s,c,f,f,t,f,t,f,f,f,t,b,l,s,o,o,i
r,k,n,a,d,h,a,f,t,f,f,f,f,f,f,t,c,m,s,o,o,i
p,k,n,a,d,s,e,t,f,f,f,f,t,f,t,t,c,l,i,o,o,i
r,n,s,t,d,c,f,t,f,t,t,f,f,f,f,f,a,m,s,o,o,i
p,o,m,a,d,h,c,f,t,f,f,f,f,f,t,t,b,l,i,m,o,i
p,k,n,h,e,s,c,f,f,f,t,f,f,f,t,f,b,l,s,o,c,i
p,n,m,r,d,p,c,t,f,t,t,f,f,f,f,f,b,s,i,m,?,i
r,f,n,b,d,h,c,f,f,f,f,f,t,t,t,t,a,s,i,m,?,i
r,u,n,a,d,h,a,f,t,f,f,f,f,f,f,f,b,m,s,m,?,i
r,o,n,a,n,h,c,f,f,t,f,f,f,f,f,f,b,m,s,o,?,i
r,n,n,r,e,c,c,f,t,t,f,f,f,f,f,t,a,s,s,o,o,i
r,n,n,t,e,h,f,t,f,t,t,f,f,f,t,t,a,l,s,o,o,i
p,u,m,t,e,t,a,t,f,f,f,f,f,f,f,f,b,l,i,m,c,i
p,u,s,r,d,h,b,f,t,f,t,f,f,f,t,f,c,s,s,m,o,i
r,k,n,d,d,h,c,t,f,t,t,f,f,t,t,t,c,l,s,m,o,i
p,f,m,d,d,p,e,t,f,f,t,t,f,f,f,t,a,s,i,m,?,i
r,n,n,d,e,c,c,f,t,t,f,f,f,f,f,t,a,l,i,o,?,i
r,n,n,b,d,t,b,f,t,f,f,f,f,f,f,f,b,m,s,m,?,i
r,n,n,v,d,c,c,f,f,f,f,f,f,t,f,t,b,m,l,m,o,i
r,n,n,d,n,h,b,f,f,f,f,f,f,f,f,t,c,m,l,o,o,i
r,n,n,t,e,c,c,f,t,t,t,f,t,f,f,t,c,m,i,o,c,i
p,o,s,a,d,h,d,f,f,f,f,f,f,f,f,t,a,m,i,o,?,i
p,n,s,t,n,s,c,f,t,f,t,t,t,f,t,f,a,s,s,o,c,i
r,n,n,h,d,h,d,f,t,f,t,f,f,t,f,f,b,l,s,o,o,i
p,k,m,d,d,s,a,t,f,t,f,f,f,f,f,t,b,m,l,o,c,i
r,n,n,v,d,c,d,t,t,t,t,f,f,f,f,t,a,m,i,o,c,i
p,n,m,a,n,c,f,t,f,t,f,f,f,f,t,t,a,s,l,o,c,i
p,k,n,h,d,t,c,f,t,f,f,f,f,f,t,f,b,m,s,o,c,i
p,n,n,t,n,s,e,f,t,f,f,f,t,f,f,t,a,l,i,o,o,i
p,k,m,t,e,h,c,t,f,t,f,f,f,f,f,t,a,s,s,o,o,i
p,u,n,r,e,h,d,f,t,f,f,f,f,f,f,t,c,l,i,o,c,i
r,n,n,v,d,h,b,f,f,f,f,f,f,f,f,t,b,l,s,o,c,i
r,u,n,d,d,s,f,f,f,f,f,f,f,f,t,f,c,m,l,o,?,i
r,u,n,a,e,h,b,f,f,f,t,f,f,t,t,t,a,m,l,o,o,i
r,o,n,a,d,c,a,f,f,f,f,f,f,f,f,f,a,m,i,o,?,i
p,k,n,a,e,s,a,f,f,f,f,f,f,f,f,t,b,m,i,o,o,i
p,k,m,t,d,c,c,f,t,t,f,f,f,f,f,f,b,m,i,m,c,i
p,k,n,d,n,s,d,f,f,f,t,f,f,f,f,t,c,m,s,o,?,i
p,f,n,a,e,h,d,f,f,f,f,t,f,f,f,t,c,s,l,m,c,i
r,n,n,t,e,t,a,t,f,f,f,f,f,f,t,t,a,s,s,m,o,i
p,u,m,a,e,s,d,f,f,f,t,f,f,f,t,t,c,l,i,m,o,i
p,k,m,v,d,s,a,f,t,f,f,f,f,f,f,t,a,l,s,m,c,i
r,o,n,d,d,t,e,f,f,f,f,f,f,f,f,t,a,s,i,o,o,i
r,n,n,t,d,s,b,t,t,t,f,f,f,f,t,f,a,m,s,m,o,i
r,n,n,t,e,h,c,f,f,f,t,f,f,t,t,t,c,l,i,m,?,i
p,k,n,d,d,h,b,f,f,f,f,f,f,f,t,t,b,m,i,o,?,i
p,k,n,b,d,c,b,f,t,f,t,f,f,f,t,t,b,l,l,o,c,i
p,n,n,a,d,h,e,t,f,f,t,t,f,t,t,t,b,s,i,o,c,i
r,n,m,t,d,c,f,f,f,t,f,f,f,f,f,f,a,m,l,o,?,i
p,n,n,h,e,t,c,f,f,f,f,f,f,f,t,t,b,s,l,o,o,i
r,k,m,v,e,h,c,f,f,t,f,f,f,f,t,t,b,s,i,o,o,i
r,n,n,t,e,h,b,f,f,f,f,f,f,t,f,t,b,s,i,o,c,i
r,u,n,t,d,t,d,t,f,f,t,t,f,f,t,f,b,s,i,o,o,i
r,n,m,t,e,s,c,f,f,f,f,f,t,f,t,f,b,m,l,m,c,i
r,n,m,t,e,t,e,f,t,f,f,f,f,f,f,t,c,l,l,o,c,i
p,n,n,t,n,t,d,t,f,f,f,f,f,f,t,t,b,s,i,o,o,i
r,k,m,t,n,t,c,t,t,t,t,f,f,f,f,f,b,l,s,o,?,i
r,k,n,t,n,s,f,f,f,f,f,f,f,f,f,t,b,s,s,o,o,i
p,f,n,a,n,h,a,f,f,f,f,f,f,t,f,t,c,m,i,o,o,i
p,u,m,b,n,p,d,f,f,f,t,t,f,f,t,t,a,m,l,o,c,i
p,n,m,a,e,s,c,t,f,t,t,f,t,f,f,t,b,m,s,o,c,i
p,f,n,d,e,h,a,f,f,f,f,f,f,f,f,t,a,m,i,m,o,i
p,n,f,t,e,s,a,t,t,f,f,f,t,f,f,f,c,l,i,o,o,i
r,n,m,d,d,s,d,f,f,f,t,f,f,f,f,t,c,m,i,o,c,i
r,n,n,d,d,p,a,f,t,f,t,f,f,t,t,t,a,m,l,m,c,i
r,n,n,h,n,t,e,f,t,f,f,f,f,f,f,f,c,l,i,m,c,i
p,k,n,t,e,s,b,f,t,f,f,f,f,f,t,f,a,m,s,o,o,i
p,f,n,t,d,s,b,f,f,t,f,f,f,f,t,t,b,l,i,o,?,i
p,f,m,r,d,h,d,t,f,f,f,f,f,t,t,t,c,s,i,m,?,i
p,k,n,t,d,s,b,f,f,t,t,f,f,f,f,t,a,s,i,m,o,i
r,k,m,t,d,c,a,f,t,f,t,f,f,f,f,t,b,m,s,o,o,i
r,n,n,t,e,c,c,f,t,f,f,f,f,f,f,f,a,l,s,o,c,i
p,n,m,r,e,h,c,f,t,f,f,f,f,t,f,t,b,m,l,o,c,i
r,n,m,v,e,c,c,t,t,f,f,f,f,f,f,t,c,s,s,m,o,i
r,f,m,t,d,s,c,t,f,f,f,f,f,f,f,t,a,m,s,o,c,i
p,u,m,d,e,s,d,f,t,f,f,f,f,f,f,t,a,m,s,o,o,i
r,n,s,v,d,p,e,f,t,f,f,f,t,f,t,t,b,m,i,o,?,i
p,k,n,t,d,s,b,f,f,f,t,f,f,f,f,f,a,m,i,o,o,i
p,f,m,a,e,s,e,t,f,t,f,f,f,f,t,t,c,m,s,m,o,i
p,o,s,t,d,c,a,f,f,f,t,f,f,t,f,t,a,m,s,o,?,i
p,k,n,d,n,s,c,f,t,f,f,f,f,f,f,f,b,l,s,m,o,i
p,k,n,v,e,h,b,f,f,f,t,f,f,f,f,f,a,s,s,o,o,i
p,f,f,r,d,p,c,t,t,f,f,f,t,f,f,t,b,m,s,m,o,i
r,o,n,r,d,s,a,f,f,t,f,f,f,f,f,f,c,m,l,o,c,i
r,n,n,a,d,h,a,f,f,t,f,f,t,t,f,t,b,m,i,o,o,i
r,u,n,d,d,s,b,t,t,t,f,t,f,f,f,t,a,l,i,m,?,i
p,n,n,d,n,c,b,t,t,t,f,f,f,f,f,f,a,m,s,m,o,i
r,o,n,v,e,h,c,f,t,f,f,t,t,f,f,t,b,m,i,o,o,i
r,n,n,b,n,p,c,f,t,f,f,t,t,f,f,t,b,m,s,m,?,i
p,n,s,t,e,s,b,t,t,t,f,t,f,f,f,t,c,m,i,m,c,i
r,n,n,t,n,c,d,t,t,t,f,t,t,f,f,t,c,s,l,o,o,i
r,n,n,t,n,p,b,f,t,t,f,f,f,f,f,t,b,l,i,o,?,i
p,n,s,b,d,c,a,f,t,f,t,f,f,t,f,f,a,s,i,o,o,i
r,n,m,v,d,c,b,t,t,f,f,f,f,t,f,f,b,s,s,o,?,i
r,n,n,d,d,s,d,f,t,f,t,f,t,f,f,t,a,s,s,o,?,i
r,n,n,t,d,h,d,t,f,t,f,f,f,f,t,t,a,m,i,o,?,i
r,o,m,t,e,h,e,f,f,f,f,f,f,f,f,t,c,l,i,o,c,i
p,u,m,t,d,s,b,t,t,f,f,f,t,f,t,t,a,s,i,o,c,i
p,f,n,h,n,h,d,f,t,f,f,f,t,f,t,t,c,l,l,m,o,i
r,n,n,v,d,c,c,f,f,f,f,f,f,f,f,t,a,l,i,m,?,i
r,n,m,b,n,h,e,t,t,f,f,f,f,f,f,t,a,m,i,o,o,i
r,u,m,b,d,t,e,f,t,t,f,f,f,f,t,t,b,m,s,o,c,i
r,n,n,b,d,c,a,f,f,f,f,f,t,f,t,f,a,s,l,o,o,i
r,n,s,t,n,h,f,f,t,f,f,t,f,t,f,f,c,m,i,o,o,i
r,u,m,t,e,h,b,f,f,f,f,f,f,t,f,t,c,l,s,o,c,i
r,u,m,a,e,h,f,f,f,f,t,f,f,f,f,f,b,s,i,o,?,i
r,n,m,t,n,h,b,f,f,f,f,t,t,f,t,t,a,m,i,o,o,i
p,f,m,b,d,s,c,f,f,f,f,f,f,f,t,t,c,s,l,o,c,i
r,n,n,a,d,h,d,f,t,t,f,f,t,t,f,t,a,s,i,o,?,i
p,f,n,v,d,c,a,f,t,t,f,f,f,f,f,f,b,s,s,o,o,i
r,n,m,b,d,h,e,f,t,t,f,f,t,f,t,t,a,s,l,m,?,i
r,n,n,b,n,s,a,f,f,t,f,t,f,f,f,f,c,l,i,m,c,i
r,k,n,h,n,s,a,f,f,f,t,t,f,f,f,t,a,s,i,o,?,i
r,n,n,a,d,h,b,f,f,t,f,f,t,f,f,t,a,s,s,o,o,i
p,f,m,r,e,s,f,f,t,t,f,f,f,t,f,t,a,l,i,o,?,i
r,n,m,t,n,c,f,f,f,t,f,f,f,t,t,t,b,s,s,o,o,i
p,u,n,v,d,c,c,f,t,t,f,f,f,f,t,t,a,l,s,m,o,i
p,o,n,b,d,s,c,f,f,f,f,f,f,f,f,f,b,m,s,o,o,i
p,k,n,t,n,t,b,f,t,f,f,f,t,f,f,t,c,l,s,o,?,i
p,o,s,t,e,c,c,f,f,t,f,f,f,t,f,t,b,m,i,o,o,i
r,n,s,v,d,s,f,f,f,f,f,f,f,f,f,t,b,s,s,o,o,i
p,k,n,r,e,p,e,f,f,t,f,f,t,f,f,f,b,l,s,o,o,i
r,n,n,r,d,c,d,t,f,t,t,f,f,f,f,t,c,l,i,o,c,i
p,u,m,a,e,h,b,t,f,t,f,f,f,f,f,t,b,m,l,o,c,i
p,o,n,r,e,s,e,t,f,t,f,f,f,f,f,t,b,s,i,m,c,i
p,u,f,b,d,p,f,f,f,f,f,f,f,t,f,t,a,m,s,o,?,i
r,u,n,t,n,s,f,f,t,f,t,f,t,f,t,f,b,l,i,o,c,i
p,u,n,b,e,h,d,t,f,t,f,t,f,f,f,f,b,m,i,m,?,i
r,n,n,b,e,p,a,t,f,f,f,f,f,t,f,t,b,m,i,o,o,i
r,u,n,d,e,p,f,f,t,f,f,f,f,f,f,t,b,m,i,o,c,i
r,k,n,a,e,c,c,f,t,f,f,f,t,f,f,f,c,m,l,m,?,i
r,n,m,a,d,s,a,t,t,t,t,f,f,f,f,t,c,l,l,m,?,i
p,k,n,h,d,s,a,f,t,t,f,f,f,f,t,t,b,s,s,m,c,i
r,n,n,d,e,p,d,f,f,f,f,f,t,f,f,t,a,s,i,m,c,i
r,n,m,t,e,c,e,f,f,f,f,f,t,f,f,t,a,m,l,o,?,i
r,n,m,d,d,p,f,f,t,f,f,f,f,f,f,f,b,m,s,o,o,i
r,n,n,t,n,s,f,f,f,t,f,f,f,t,f,f,a,m,i,o,?,i
p,k,n,d,n,t,d,t,t,t,f,f,f,t,f,t,a,m,s,o,?,i
r,u,n,t,d,s,f,t,f,f,t,f,f,f,t,f,c,m,i,o,c,i
p,k,n,a,d,s,a,f,f,f,t,t,t,f,t,t,a,s,s,o,?,i
p,k,m,h,e,p,a,f,t,f,f,t,f,f,f,t,a,l,i,o,c,i
r,n,n,t,d,h,a,f,t,f,f,f,f,f,f,t,c,s,i,o,?,i
r,n,n,d,n,c,e,t,f,f,f,f,f,f,f,t,b,m,s,o,o,i
r,n,m,b,e,h,f,f,f,t,f,f,f,f,f,t,c,s,i,m,?,i
r,o,n,t,d,p,e,f,t,f,f,f,f,f,t,t,b,s,i,m,o,i
r,n,n,h,e,s,f,f,f,f,t,f,f,t,f,t,b,l,i,m,o,i
r,f,n,b,d,s,c,t,t,f,f,f,f,f,f,f,b,m,i,m,o,i
p,f,s,d,e,c,e,f,f,f,f,f,t,f,t,t,a,l,s,o,o,i
p,k,m,d,d,p,b,t,f,f,f,f,f,f,f,t,c,m,i,m,o,i
r,u,n,t,n,t,e,f,t,f,f,f,t,f,f,t,c,s,i,o,c,i
r,n,m,t,e,h,e,f,f,f,f,f,f,f,f,t,a,l,i,o,o,i
p,u,n,a,n,c,c,f,f,f,t,t,f,f,f,t,c,m,s,m,c,i
p,f,n,b,d,h,a,t,t,t,f,f,f,f,f,t,a,m,i,m,c,i
r,o,n,t,d,s,b,f,f,t,f,f,f,t,f,t,c,l,i,o,?,i
p,f,n,a,n,s,f,f,f,f,f,f,f,t,t,t,c,m,s,o,c,i
r,o,n,v,d,s,d,f,t,t,t,f,f,f,f,t,b,m,i,o,c,i
p,u,s,t,d,s,c,t,f,f,t,f,f,t,t,t,b,l,s,m,o,i
p,n,n,v,n,s,f,f,f,t,f,f,f,t,f,f,c,m,i,o,o,i
p,o,m,b,n,s,b,f,t,t,f,f,t,f,f,t,b,m,i,m,o,i
p,f,m,t,n,p,b,f,f,f,f,f,f,f,f,t,a,m,i,o,o,i
r,n,n,t,d,s,e,t,f,f,f,f,f,f,f,f,b,l,s,o,?,i
p,u,n,t,e,p,b,f,f,f,f,f,f,f,f,t,b,m,i,o,o,i
p,n,n,r,e,p,c,f,t,f,f,f,f,f,f,f,a,m,i,o,?,i
r,k,n,t,e,h,e,f,f,f,f,f,f,f,f,f,c,m,i,m,o,i
r,n,n,d,d,c,c,t,f,f,f,f,f,f,f,f,b,s,i,m,o,i
p,n,f,v,n,s,b,f,f,t,f,t,f,f,f,t,a,m,i,m,c,i
p,o,s,t,d,s,a,f,t,f,f,f,t,t,f,f,c,l,s,o,?,i
r,n,n,d,e,c,f,f,f,f,f,f,f,f,f,t,b,l,i,o,o,i
r,n,n,h,n,h,c,t,t,f,f,f,f,f,t,f,a,l,s,o,?,i
r,n,n,t,n,h,e,f,f,f,t,f,f,f,t,t,a,m,i,o,o,i
p,k,f,h,d,p,d,f,t,f,f,f,f,f,f,t,a,s,s,o,o,i
p,o,n,t,e,c,b,f,f,f,t,f,f,t,f,t,c,s,s,o,?,i
p,u,n,r,e,h,b,f,f,f,f,f,f,f,f,t,a,l,s,o,c,i
r,n,m,t,d,s,c,f,f,f,f,f,f,f,f,t,b,m,i,m,?,i
r,k,n,v,d,p,e,f,t,t,f,f,t,f,t,f,b,m,s,o,?,i
r,n,n,d,e,t,c,f,f,f,f,t,f,f,f,f,b,m,s,m,o,i
r,k,m,h,n,c,d,f,t,f,f,f,f,f,t,t,b,s,i,o,?,i
r,n,n,h,n,c,e,f,f,f,f,t,f,f,f,t,a,m,s,m,c,i
r,n,n,t,d,h,b,t,f,t,t,f,f,f,f,t,a,m,l,o,?,i
p,n,n,r,d,s,f,f,f,f,t,f,f,f,t,t,c,s,i,o,o,i
p,k,n,t,d,t,c,f,f,t,f,f,f,f,t,t,b,m,i,m,o,i
p,k,f,t,n,c,d,f,t,f,f,f,f,f,t,t,c,s,i,o,o,i
r,n,n,t,n,h,b,t,f,f,f,f,f,f,t,t,b,l,s,o,c,i
p,o,m,d,n,c,b,f,t,t,t,f,f,t,f,t,c,m,s,o,o,i
p,f,n,r,e,h,e,f,t,f,t,f,f,f,f,t,c,m,i,m,o,i
r,n,m,t,d,s,b,t,f,f,f,f,f,f,f,f,c,m,s,m,c,i
p,o,s,h,e,c,f,f,f,t,t,f,t,f,t,f,b,l,s,o,o,i
p,o,n,v,d,s,d,f,t,t,f,f,f,t,f,t,a,m,s,m,o,i
p,n,f,a,d,s,d,f,f,t,f,f,f,f,f,t,b,m,l,m,o,i
p,k,m,b,d,s,c,f,t,f,f,f,f,f,f,f,b,m,i,o,c,i
r,n,m,v,d,h,f,f,t,t,f,f,f,f,f,t,a,s,i,o,o,i
p,f,n,r,d,t,f,f,f,f,t,f,t,f,t,t,b,m,s,o,?,i
r,n,m,b,n,s,b,f,t,f,f,f,f,f,f,t,c,s,s,o,o,i
p,f,n,b,e,h,c,t,t,t,f,f,f,f,t,f,b,m,i,o,c,i
p,n,s,t,n,c,f,f,t,f,t,f,f,f,t,t,c,m,s,m,?,i
p,k,s,b,d,p,a,f,f,t,f,f,f,f,t,t,c,m,i,o,?,i
p,u,n,a,e,c,b,f,t,f,f,t,f,f,f,t,c,m,i,m,o,i
r,n,s,a,d,t,f,t,t,f,f,f,f,f,t,f,b,s,s,m,o,i
p,u,s,t,d,c,c,f,f,f,f,t,f,f,f,f,b,m,l,o,c,i
p,u,n,r,d,c,f,f,f,t,f,f,f,f,f,t,b,s,l,o,o,i
p,u,n,a,d,h,c,f,t,f,f,f,f,f,f,t,a,s,i,m,?,i
p,n,n,a,n,s,c,t,f,f,t,f,f,t,f,t,a,l,s,o,?,i
p,o,n,t,n,h,c,f,f,f,t,f,f,f,f,t,b,l,i,o,c,i
r,n,n,h,d,c,c,t,f,f,f,f,f,f,f,t,c,s,i,o,o,i
r,n,f,t,e,c,f,f,t,f,t,f,f,t,f,t,a,m,s,o,?,i
r,u,n,a,d,c,d,f,t,f,f,f,f,f,f,t,c,s,i,m,?,i
p,f,m,t,d,c,f,t,t,f,f,f,f,f,f,t,b,l,s,o,?,i
r,k,m,v,e,c,b,f,f,f,f,f,f,f,t,t,b,l,i,o,o,i
r,n,m,a,n,s,f,f,t,t,f,f,t,f,f,t,b,l,s,o,?,i
p,o,n,a,n,s,d,f,f,f,t,f,f,t,f,f,a,s,i,o,c,i
p,f,n,d,d,h,a,f,t,f,t,t,f,f,t,t,c,l,i,m,c,i
r,n,m,v,e,s,c,f,f,t,f,f,f,f,t,f,a,s,s,o,o,i
p,u,n,b,d,t,b,f,t,f,f,f,f,f,f,t,a,l,s,o,?,i
r,n,n,b,d,s,b,f,t,t,f,f,f,f,t,t,a,s,s,m,o,i
r,n,m,h,d,s,f,t,f,f,f,f,t,f,f,t,b,s,i,o,o,i
p,f,n,h,d,c,f,f,f,f,f,f,f,f,t,t,b,s,l,o,o,i
r,u,n,v,d,s,a,f,f,f,t,f,t,f,t,t,a,s,s,o,o,i
r,n,n,v,d,h,a,t,t,t,f,f,f,f,f,f,c,s,i,m,o,i
p,n,n,d,e,s,b,f,f,f,f,f,f,f,f,f,b,l,s,o,?,i
r,n,m,h,d,s,e,f,t,t,f,f,f,f,f,t,c,m,s,o,c,i
r,u,n,t,d,c,d,f,f,t,f,t,f,f,f,t,b,s,l,m,o,i
r,n,s,h,n,h,d,t,t,f,f,f,f,f,f,t,a,m,s,o,?,i
p,k,s,v,n,h,d,f,f,f,f,f,f,f,t,f,b,m,s,m,?,i
r,u,n,b,d,s,f,t,f,f,f,f,f,t,f,t,b,m,s,o,?,i
r,n,n,a,d,h,b,t,t,f,f,f,f,f,f,f,b,s,l,o,c,i
r,k,n,a,d,h,a,t,t,t,f,f,f,f,f,f,b,l,s,o,o,i
p,k,s,v,n,s,d,f,f,f,f,f,f,f,t,t,c,m,s,o,o,i
p,o,m,r,d,c,f,t,f,f,f,f,f,f,f,t,a,s,s,m,?,i
r,n,n,t,d,h,e,t,f,f,f,f,f,t,t,t,b,l,s,o,o,i
r,n,n,r,e,t,f,f,t,t,f,f,t,f,f,t,a,m,i,o,o,i
r,n,n,t,e,p,f,f,t,f,f,f,f,f,f,f,a,m,l,o,c,i
r,f,n,b,d,h,b,f,f,f,t,f,f,f,f,f,b,m,s,m,c,i
p,o,n,b,d,s,d,f,f,f,f,f,t,f,f,t,c,s,i,m,c,i
r,n,n,r,d,c,f,f,f,t,t,f,f,f,f,t,a,m,l,o,o,i
r,n,m,t,d,h,a,f,t,t,f,f,f,f,f,f,a,m,i,m,?,i
p,u,n,t,d,p,d,f,t,f,f,t,f,f,t,t,b,m,s,m,o,i
r,n,n,t,n,h,b,f,t,t,f,f,t,f,f,t,a,l,i,m,o,i
r,n,m,r,n,s,e,f,f,f,f,f,t,f,f,f,b,s,l,o,o,i
p,k,s,d,e,p,b,f,t,f,t,t,f,f,f,t,a,m,i,m,c,i
r,n,n,v,e,c,b,f,t,t,f,f,f,f,f,t,c,m,i,o,?,i
r,n,s,v,e,s,d,t,t,t,f,f,t,f,f,f,a,l,i,m,?,i
r,n,n,a,d,c,d,f,f,t,t,f,f,t,f,f,b,l,l,o,c,i
p,n,m,t,e,h,a,f,f,t,f,f,f,f,f,f,a,l,s,o,c,i
p,k,n,d,d,h,b,t,f,f,t,f,f,f,f,t,b,m,i,m,o,i
p,f,m,b,d,p,f,f,f,f,t,f,f,f,f,f,a,s,l,m,o,i
r,k,n,t,d,s,f,f,t,t,f,f,f,f,f,f,a,l,i,o,c,i
p,n,f,b,e,s,d,f,f,t,f,f,f,f,f,t,a,m,s,m,o,i
p,o,s,r,e,s,a,f,t,t,f,f,f,f,f,t,c,m,i,o,c,i
r,n,n,a,e,t,e,f,f,f,f,f,f,f,f,f,c,l,s,m,c,i
p,o,n,t,e,s,d,t,t,t,t,f,f,f,f,t,a,s,l,o,c,i
r,n,n,r,n,c,c,f,f,t,t,f,f,f,t,t,b,l,s,o,c,i
p,o,n,t,d,c,b,f,f,f,f,f,t,f,f,t,c,s,i,o,o,i
r,n,m,a,d,p,a,t,t,f,f,f,t,f,t,t,b,s,s,m,c,i
p,n,m,d,n,s,a,t,f,f,f,f,f,f,f,t,c,l,i,m,c,i
p,k,n,h,e,s,d,f,t,t,t,t,f,f,f,t,c,m,s,o,o,i
p,n,n,a,e,t,b,f,t,f,t,f,f,t,f,t,c,m,l,o,o,i
r,n,s,t,d,h,c,f,f,f,t,f,f,t,f,t,a,m,s,o,c,i
p,f,n,b,n,s,c,f,f,f,t,f,f,f,f,f,b,l,i,m,c,i
r,o,m,t,d,s,d,f,t,f,t,f,f,f,f,t,b,m,i,m,?,i
r,n,n,d,n,p,d,f,t,f,f,f,f,f,t,t,c,m,s,o,?,i
r,u,n,v,n,t,c,f,f,f,f,f,f,f,t,t,b,m,s,m,?,i
r,o,n,a,n,h,a,f,f,f,f,f,f,f,f,f,c,s,i,m,?,i
r,u,n,v,d,h,a,f,f,f,t,f,f,f,f,t,a,m,i,o,c,i
p,f,m,a,e,c,d,f,t,t,t,f,f,t,f,t,b,m,l,o,?,i
r,f,n,b,d,s,c,f,f,t,f,f,f,f,t,t,a,m,i,o,o,i
p,k,m,d,d,p,c,f,f,f,f,f,f,f,f,t,b,m,s,m,?,i
p,f,m,t,d,s,c,f,t,f,f,f,f,f,f,t,c,l,s,o,c,i
r,u,n,a,d,s,a,f,f,t,f,f,t,f,f,t,a,m,s,m,o,i
r,n,n,d,d,s,a,f,t,t,f,f,f,f,f,t,b,l,i,o,?,i
p,n,m,b,e,s,d,f,t,t,t,f,f,f,t,t,b,s,s,m,o,i
r,n,m,a,d,h,c,f,f,t,t,f,f,f,f,f,c,m,l,m,c,i
r,u,n,t,d,c,d,f,f,f,t,f,f,f,f,t,a,s,i,m,o,i
r,n,n,a,d,h,a,f,f,f,f,t,f,f,f,t,b,s,s,o,c,i
p,f,m,b,e,c,e,f,f,t,t,f,f,f,f,f,b,m,l,m,o,i
r,o,n,a,d,s,b,f,f,t,f,f,f,f,t,t,b,l,s,o,o,i
p,u,m,t,e,h,d,t,f,f,f,f,f,f,t,t,a,m,i,o,o,i
p,n,n,a,d,h,c,t,t,f,t,f,f,f,f,t,a,s,i,o,o,i
p,o,m,r,e,h,c,t,t,f,f,f,f,f,f,t,c,m,i,m,o,i
p,u,n,d,n,s,e,f,t,t,f,f,t,f,t,f,a,s,s,m,o,i
p,n,m,r,e,p,a,f,f,f,f,f,f,t,f,t,a,m,s,o,c,i
p,f,n,r,e,s,a,f,t,t,f,f,f,f,t,t,b,s,s,o,o,i
r,n,n,v,n,s,a,f,t,f,f,f,f,f,f,f,b,s,s,o,c,i
r,f,n,t,d,s,f,f,f,f,f,f,t,f,t,t,a,m,i,m,o,i
p,k,m,a,d,c,f,f,f,f,f,f,f,f,f,t,c,m,i,m,o,i
r,n,n,t,n,s,d,f,f,f,t,f,f,f,f,t,b,s,l,o,o,i
r,n,n,a,n,s,c,f,f,f,f,f,f,f,t,t,a,s,i,o,c,i
r,n,m,h,e,h,a,f,t,f,f,f,f,f,f,t,c,s,s,o,?,i
r,n,n,a,d,h,e,t,t,f,f,f,f,t,t,t,b,m,l,m,o,i
p,k,n,d,d,s,a,f,f,f,f,f,f,f,f,t,b,s,i,o,c,i
r,n,m,t,n,c,b,f,f,t,f,f,f,f,f,t,c,l,i,m,o,i
r,n,m,a,e,c,e,t,f,f,f,f,f,t,f,f,a,m,i,o,o,i
p,f,m,a,d,s,b,f,f,f,f,f,t,t,t,f,c,m,s,o,?,i
p,f,n,t,d,s,e,f,t,f,f,t,t,t,t,t,c,m,s,m,c,i
p,k,n,a,n,h,e,f,t,t,f,f,f,f,f,t,a,m,i,m,o,i
p,u,m,r,e,t,e,f,f,f,t,f,f,f,f,t,b,m,s,m,o,i
r,n,n,b,n,c,d,f,f,f,f,f,t,f,f,t,b,m,l,o,o,i
r,o,m,d,d,s,b,f,t,t,t,t,f,f,f,t,b,s,s,m,o,i
r,n,n,d,d,t,d,f,f,f,t,f,f,f,t,t,b,m,l,o,?,i
p,f,s,b,d,h,e,t,f,t,f,f,f,f,f,f,b,l,i,o,?,i
p,u,m,h,e,h,e,f,t,f,t,f,t,f,t,t,b,s,i,o,?,i
r,o,n,t,d,t,f,f,t,f,f,f,f,f,t,t,a,s,i,m,c,i
r,k,n,t,d,c,f,f,t,f,f,f,t,f,f,t,c,l,s,m,o,i
p,k,n,a,d,h,d,f,t,f,t,t,f,f,f,t,a,m,l,o,?,i
r,n,n,b,d,h,f,f,f,f,t,f,f,f,t,t,b,m,i,o,o,i
p,f,m,b,n,t,b,t,f,f,f,f,f,t,f,t,b,s,i,m,c,i
p,o,n,b,d,s,f,f,t,t,t,f,f,f,f,f,a,m,i,o,c,i
r,u,n,d,e,h,f,f,f,f,f,f,t,f,f,f,a,m,l,m,o,i
p,k,n,t,e,h,a,t,f,f,f,f,f,f,f,f,a,s,i,m,o,i
r,n,m,v,d,t,d,t,f,f,f,f,f,f,f,t,b,s,i,o,c,i
p,k,n,b,e,s,c,f,f,f,t,f,f,f,t,t,b,l,i,m,c,i
r,n,n,b,n,s,e,f,f,f,f,f,f,f,f,f,a,s,s,o,o,i
p,n,s,a,e,h,a,t,t,f,f,f,f,f,f,f,c,l,s,o,o,i
r,n,n,a,e,s,c,f,f,f,f,f,f,f,f,t,b,m,s,o,o,i
p,f,n,a,n,c,c,f,f,f,f,t,f,t,t,t,c,s,s,o,o,i
r,n,f,v,n,h,c,f,f,f,f,f,t,t,f,t,c,m,s,o,c,i
r,n,n,b,n,p,f,f,f,f,f,t,f,t,t,t,a,m,i,o,c,i
r,n,s,t,d,c,c,f,f,f,f,f,t,f,f,f,b,l,s,o,?,i
p,u,m,v,e,h,c,f,t,f,f,f,t,f,f,t,c,l,s,m,c,i
p,f,m,r,e,p,e,f,f,f,f,t,f,f,f,t,a,s,s,o,o,i
r,n,n,d,d,s,a,f,t,f,f,f,f,t,t,t,c,m,s,o,?,i
p,n,n,b,e,h,b,f,f,f,f,f,f,f,t,t,c,s,s,m,o,i
p,k,n,r,n,h,b,f,f,t,t,f,f,f,f,t,a,m,s,o,?,i
p,n,n,b,d,s,f,t,f,f,f,f,f,f,t,f,b,l,i,o,c,i
p,k,n,r,n,s,f,f,t,f,f,t,f,f,f,t,b,l,i,o,?,i
r,n,n,a,n,h,d,t,f,t,f,f,f,f,t,t,b,l,i,o,o,i
p,u,m,t,d,h,b,t,t,f,f,f,f,f,f,t,a,m,l,o,o,i
r,n,n,h,d,c,c,f,t,f,t,f,f,f,f,t,b,l,i,m,c,i
p,f,m,v,n,s,d,f,f,f,f,f,f,t,f,t,a,l,l,o,c,i
p,n,s,r,d,s,c,t,f,t,f,f,t,f,f,f,a,m,s,m,c,i
p,u,m,b,n,t,b,f,t,f,f,f,f,f,f,t,a,m,s,m,o,i
p,u,m,v,d,s,a,t,f,t,t,f,f,f,f,t,a,m,i,o,?,i
p,f,m,t,d,t,f,f,f,f,f,f,t,f,f,f,c,s,s,m,?,i
r,n,n,a,d,c,d,f,t,f,f,f,f,f,f,f,b,m,i,m,?,i
r,n,n,t,d,c,a,f,f,t,f,f,f,t,t,t,a,s,i,o,c,i
p,o,s,t,n,s,f,f,t,t,f,f,f,f,f,t,c,l,l,m,?,i
p,f,m,t,d,p,c,f,f,t,t,f,f,t,f,f,a,m,i,o,o,i
r,n,m,v,d,t,e,f,f,t,t,f,f,f,t,t,c,m,s,o,c,i
p,n,s,t,e,c,a,f,t,t,f,f,f,f,f,t,b,l,s,m,?,i
r,n,n,d,n,c,f,f,t,f,f,f,f,f,t,f,b,s,i,o,o,i
p,o,n,d,d,h,a,t,t,t,t,f,f,t,f,f,c,s,l,m,c,i
p,f,m,t,n,s,f,f,f,f,f,f,f,f,f,t,c,s,l,o,c,i
p,f,n,v,d,t,e,t,f,f,f,f,f,f,t,t,b,m,s,o,c,i
p,f,n,b,n,s,b,f,f,t,t,f,f,t,f,t,a,m,l,o,o,i
r,n,m,d,e,h,a,f,f,t,t,f,f,f,f,f,c,l,i,m,o,i
p,n,n,b,n,h,e,f,f,t,t,f,f,f,f,f,a,s,i,o,?,i
r,n,n,a,e,c,a,f,f,t,f,f,f,t,f,f,a,l,s,m,?,i
p,o,m,a,n,c,a,f,t,t,f,f,t,f,f,t,b,m,s,o,c,i
r,n,n,d,d,c,d,t,f,f,t,f,t,f,f,f,c,m,l,o,?,i
r,n,s,t,e,s,a,f,t,f,f,f,t,f,f,t,b,m,i,m,o,i
p,n,n,d,e,s,c,f,t,f,f,f,f,f,f,t,c,l,s,o,?,i
p,n,s,t,d,s,d,f,t,t,f,f,f,f,f,f,a,m,i,m,o,i
p,k,n,r,n,t,a,f,t,f,f,f,f,f,f,f,c,s,l,m,?,i
r,n,n,a,n,s,b,f,f,t,f,f,f,f,t,f,b,s,i,o,o,i
r,n,n,t,n,t,a,f,t,t,f,f,f,f,f,t,a,l,l,o,c,i
p,o,n,t,d,s,f,t,t,t,t,f,f,f,f,f,a,m,s,o,c,i
r,n,n,a,n,p,b,t,f,f,f,f,f,f,f,t,b,m,s,m,o,i
r,n,m,v,d,h,d,f,f,f,f,f,f,f,f,f,b,m,i,m,?,i
r,n,m,v,n,p,d,f,t,t,t,t,f,f,f,t,c,l,i,o,?,i
r,o,n,t,d,c,e,f,f,t,f,f,f,f,f,t,b,m,s,o,?,i
r,n,m,b,e,c,b,f,f,f,f,f,f,f,t,t,a,m,i,o,?,i
p,f,m,t,d,c,a,f,t,f,f,f,f,f,f,t,b,m,i,m,?,i
p,u,m,v,e,s,c,f,t,t,f,f,f,f,t,f,b,m,i,o,c,i
p,f,n,v,d,t,d,t,t,t,t,f,f,f,f,t,a,l,s,o,c,i
r,n,n,d,n,c,e,f,t,t,f,t,f,f,f,t,b,l,i,m,o,i
p,f,s,d,n,s,a,f,f,t,f,f,f,f,f,t,b,m,l,m,?,i
r,n,n,a,d,s,e,t,f,t,f,f,f,f,f,t,b,l,i,o,?,i
r,n,n,t,n,h,a,t,f,f,f,f,t,f,f,f,a,m,s,m,o,i
p,k,m,d,e,p,c,f,t,t,t,t,f,f,t,t,a,s,i,o,o,i
r,n,n,t,e,c,d,f,t,f,f,f,f,t,t,t,b,s,s,o,c,i
p,n,m,t,d,s,a,t,f,f,t,f,t,f,f,t,c,m,s,m,?,i
r,n,n,a,d,c,f,f,f,f,f,t,f,f,f,t,a,m,s,o,o,i
r,n,m,v,d,s,d,f,f,f,f,f,f,t,f,t,b,s,s,m,o,i
r,n,s,r,e,s,b,f,f,t,f,f,f,f,f,t,b,s,i,o,c,i
p,k,f,h,e,p,a,f,t,t,f,f,t,f,t,t,b,m,s,o,o,i
p,u,s,a,e,s,e,t,f,f,f,f,f,f,t,f,b,m,s,o,?,i
p,n,s,t,n,h,e,f,t,f,t,f,f,f,f,t,b,s,s,m,c,i
r,k,n,a,d,s,a,f,f,f,t,f,f,f,f,f,b,m,l,o,o,i
r,n,s,v,n,s,b,t,f,f,f,f,f,f,f,t,a,s,i,o,?,i
r,n,s,t,n,s,d,f,f,t,t,f,f,f,t,f,a,m,s,o,?,i
p,n,n,d,n,s,c,f,f,f,f,f,f,t,f,t,c,m,l,m,o,i
r,n,n,b,e,h,b,f,t,f,f,f,f,t,f,f,b,s,s,o,c,i
r,n,n,v,d,t,c,f,t,t,t,f,f,f,f,t,a,l,i,m,c,i
r,n,n,d,n,s,c,f,f,f,f,f,f,f,t,t,c,l,i,m,?,i
r,n,m,b,e,p,a,f,f,f,f,f,f,f,f,t,a,m,i,o,c,i
p,k,n,v,n,c,c,f,f,f,f,f,t,f,t,f,b,m,l,o,o,i
r,n,n,a,d,s,a,f,f,t,f,f,f,f,f,f,a,l,s,m,c,i
p,n,n,v,e,s,a,f,f,f,f,t,f,f,f,f,b,l,i,m,o,i
r,n,n,d,d,s,f,f,f,f,f,f,t,f,t,f,a,m,s,o,o,i
p,k,s,b,e,c,a,f,f,f,f,f,f,f,f,f,c,s,s,o,o,i
r,n,n,t,n,c,a,f,t,f,t,f,f,f,f,f,c,m,i,o,c,i
p,k,n,h,d,s,f,f,t,f,t,t,f,f,f,t,a,s,i,m,c,i
r,n,n,d,d,s,f,f,t,f,f,f,f,f,f,t,c,m,i,m,c,i
p,n,m,r,d,s,e,f,t,t,t,f,f,f,t,t,c,s,i,o,c,i
p,u,s,h,d,c,a,t,f,f,f,f,t,f,t,f,a,l,l,o,?,i
p,n,n,b,d,s,d,t,f,t,f,f,f,t,t,t,b,m,s,o,o,i
p,n,n,a,d,h,d,f,f,f,t,f,t,f,t,f,b,l,i,m,o,i
r,n,n,b,d,h,e,f,f,t,f,f,f,f,t,f,c,s,s,o,c,i
r,u,n,t,e,c,a,t,f,f,f,f,f,f,f,t,a,m,i,o,o,i
p,k,m,b,n,s,c,t,f,f,f,f,f,f,t,t,a,m,i,o,o,i
p,k,n,r,d,h,b,f,t,f,f,f,f,f,f,t,c,l,i,o,o,i
r,u,n,t,d,h,d,f,t,f,f,t,t,f,f,t,b,s,i,m,?,i
r,n,n,t,n,p,b,f,f,t,t,f,f,f,f,f,a,s,i,m,o,i
r,u,n,v,d,h,c,f,t,f,f,f,t,f,t,t,b,m,l,o,c,i
r,n,n,v,d,h,d,f,t,f,f,f,t,f,f,t,c,m,i,m,o,i
p,k,n,h,e,s,f,f,f,f,f,f,t,f,f,t,a,m,s,o,?,i
r,n,n,t,n,c,f,t,f,t,f,f,f,t,t,f,b,m,i,m,o,i
p,n,n,d,d,h,d,t,t,f,f,f,f,t,f,f,c,m,s,m,o,i
r,u,n,t,n,c,a,f,f,f,f,f,f,f,f,t,b,s,s,o,?,i
p,n,f,t,d,c,f,f,f,t,f,f,f,f,t,t,c,m,l,m,c,i
r,u,n,v,d,p,b,f,f,f,f,f,f,f,f,f,b,m,i,m,?,i
p,n,n,a,d,p,a,t,f,f,f,f,f,t,t,f,a,s,i,m,o,i
p,f,n,v,n,s,c,f,t,t,f,f,t,f,f,f,c,m,i,o,c,i
p,u,m,a,e,s,d,t,f,t,t,t,f,f,t,f,b,s,i,o,o,i
r,n,s,t,e,t,a,f,f,t,t,f,f,f,f,t,b,m,s,o,o,i
p,u,m,b,n,c,b,f,f,f,f,f,f,f,f,t,a,l,i,o,c,i
p,k,n,t,e,t,a,f,f,f,t,t,f,f,f,t,b,m,s,m,?,i
p,f,m,t,d,h,d,f,f,f,f,f,f,f,t,t,a,m,i,o,?,i
r,n,n,t,e,t,d,t,f,f,t,f,f,f,f,t,a,m,l,o,?,i
p,k,m,a,d,s,c,f,f,f,f,t,f,f,f,t,a,s,s,o,o,i
p,f,m,v,e,h,c,f,t,t,f,t,f,f,f,f,b,l,i,m,?,i
r,n,n,t,n,h,e,f,f,f,f,f,f,f,f,t,c,m,l,m,c,i
p,n,n,r,e,s,c,f,t,f,f,f,f,f,t,f,c,m,s,o,o,i
r,n,n,b,d,s,c,f,t,t,f,f,f,f,f,f,c,m,s,m,o,i
r,o,n,b,e,s,d,f,t,t,f,f,f,f,f,t,a,m,i,o,o,i
p,n,m,b,d,s,d,f,f,f,f,f,f,f,f,t,c,s,s,m,o,i
p,f,n,r,d,t,e,f,t,t,f,f,f,f,t,t,c,m,s,m,o,i
p,u,m,d,e,t,a,f,f,f,f,f,f,f,t,f,c,m,i,o,o,i
p,n,f,t,d,p,e,f,t,t,f,t,f,t,f,t,c,s,s,o,o,i
r,n,n,v,d,t,c,f,t,f,f,t,f,f,t,t,a,l,l,o,?,i
r,f,n,t,e,p,f,t,t,t,f,f,f,t,t,t,c,l,i,o,o,i
r,n,n,b,d,t,c,f,t,f,f,f,f,f,f,t,a,l,s,m,?,i
p,k,m,b,d,s,c,f,t,t,t,t,f,t,f,f,b,m,s,m,o,i
p,f,n,t,n,s,a,f,f,t,f,f,t,f,f,t,b,m,l,o,c,i
r,k,n,t,d,p,c,f,f,f,f,f,f,f,f,t,b,m,i,o,?,i
r,n,n,t,d,h,c,f,f,f,f,f,f,f,f,t,b,l,s,o,c,i
p,f,s,t,n,c,f,f,t,f,f,f,f,f,t,t,c,m,s,o,c,i
p,k,n,b,d,h,f,t,t,t,t,f,f,f,t,t,b,m,s,o,o,i
r,n,n,t,n,s,c,f,f,t,t,f,f,t,f,t,c,l,i,o,c,i
p,k,f,v,e,s,f,f,f,f,t,f,t,t,f,t,a,s,s,m,?,i
p,u,n,d,e,c,e,t,t,f,f,f,f,f,f,t,a,s,i,o,?,i
p,f,n,a,d,h,f,f,t,f,f,f,f,f,f,f,b,m,l,m,o,i
r,n,n,t,d,h,b,f,f,t,f,f,f,f,f,t,b,m,s,o,c,i
p,n,n,a,n,h,b,f,t,f,f,f,f,f,f,t,a,m,s,o,o,i
r,n,n,d,d,h,f,f,f,f,f,f,f,f,t,t,c,m,i,o,?,i
r,n,m,a,n,h,d,f,f,t,f,f,f,f,f,f,a,s,i,o,?,i
r,n,m,t,n,c,c,t,f,t,f,f,t,f,f,t,a,m,i,m,o,i
r,u,n,h,e,h,c,f,f,t,t,f,t,f,f,t,c,s,i,o,?,i
r,n,n,b,d,t,a,f,f,f,t,f,t,f,f,t,a,m,i,o,o,i
p,o,n,a,e,h,b,f,f,f,f,f,f,f,t,t,b,l,i,o,?,i
r,n,m,d,e,t,b,t,f,t,f,f,f,f,f,f,c,s,i,o,o,i
r,n,m,d,d,p,d,t,t,f,f,f,f,f,t,t,b,l,s,o,c,i
p,n,m,b,n,p,c,t,f,f,f,f,f,f,f,t,a,m,s,m,o,i
r,n,m,a,d,c,c,f,f,f,t,t,f,f,f,t,c,l,i,o,o,i
p,o,s,b,n,h,a,f,t,f,f,f,f,f,t,f,b,s,s,m,c,i
r,u,m,t,d,h,a,f,f,t,f,f,f,t,f,t,a,s,s,o,?,i
p,u,n,b,d,h,c,f,f,f,f,f,f,f,f,t,a,s,i,o,o,i
r,n,s,t,e,s,a,f,f,f,t,f,f,f,f,t,b,l,s,m,?,i
p,o,s,r,d,s,f,f,f,f,f,f,f,f,t,f,c,m,i,m,o,i
r,n,n,v,d,s,c,f,f,f,t,f,f,f,f,f,b,l,s,o,o,i
r,u,n,h,d,c,b,f,t,f,f,f,t,f,t,t,b,m,s,o,o,i
p,k,n,d,n,s,c,f,t,t,t,f,t,f,f,t,b,l,l,m,c,i
r,n,n,t,d,h,d,f,t,f,f,f,f,f,f,t,a,m,s,o,c,i
r,n,m,t,e,s,a,f,f,f,f,f,f,f,f,t,b,s,s,o,c,i
r,n,n,b,e,s,e,f,t,t,t,f,f,f,f,f,a,m,s,o,o,i
r,n,n,t,e,h,a,f,t,t,f,f,t,t,t,f,c,m,i,o,c,i
r,u,n,t,d,p,c,t,f,t,f,f,f,f,f,t,a,m,l,o,c,i
p,o,s,v,d,h,b,t,f,f,f,f,f,f,t,t,a,m,s,o,c,i
p,u,n,a,n,t,d,f,f,f,f,f,f,f,f,f,b,m,i,m,o,i
r,n,m,t,n,s,d,f,f,t,f,f,f,f,t,t,b,m,i,m,o,i
p,k,n,b,n,h,e,f,f,f,t,f,f,f,t,t,c,l,s,o,?,i
r,n,n,h,e,s,c,f,t,f,f,f,f,t,f,t,a,m,s,o,c,i
p,k,n,r,n,s,a,f,f,f,f,f,t,f,f,f,a,m,i,m,o,i
r,n,n,t,n,s,d,f,t,f,t,f,f,f,f,f,b,m,s,m,o,i
r,n,m,b,e,s,c,f,t,f,f,f,f,f,f,t,b,l,i,o,?,i
p,k,m,d,n,c,d,f,f,t,t,f,f,f,f,t,c,l,i,o,?,i
r,n,n,t,d,c,c,f,t,t,f,f,f,f,t,t,a,m,l,o,c,i
r,n,n,r,d,s,c,f,t,f,f,f,f,f,t,t,c,m,i,o,o,i
p,f,m,v,e,t,d,f,t,t,t,f,f,f,f,t,a,s,s,m,o,i
r,n,m,v,e,c,c,f,f,t,t,f,f,f,f,t,b,l,s,m,c,i
p,u,n,t,e,s,f,f,t,t,f,f,t,f,f,t,c,l,l,o,?,i
p,k,m,d,e,h,e,f,f,f,f,f,f,f,t,t,a,s,i,m,o,i
r,o,n,a,e,s,c,t,t,f,f,f,f,f,f,t,a,l,i,o,c,i
p,f,n,t,n,p,b,f,t,f,f,f,f,f,f,f,b,m,i,o,o,i
p,f,m,t,d,h,a,f,f,f,f,f,f,f,f,f,b,s,s,o,?,i
p,f,m,a,d,s,b,f,f,f,f,f,f,f,t,t,c,s,l,o,o,i
r,u,m,t,e,s,b,f,f,f,f,t,t,f,f,t,b,m,i,m,c,i
p,k,n,v,e,s,a,f,t,f,f,f,f,f,f,t,b,m,i,o,c,i
r,n,n,d,n,h,d,f,f,t,t,f,f,t,t,f,c,l,i,o,o,i
r,n,m,t,d,h,b,f,f,f,t,f,f,t,f,t,b,l,l,o,?,i
p,k,n,v,d,t,a,f,f,f,f,f,f,f,f,t,a,m,i,o,?,i
r,n,n,h,n,s,c,f,f,f,f,f,f,f,f,f,c,s,s,o,o,i
r,n,m,t,d,s,e,t,t,t,f,f,t,f,f,t,b,l,s,o,c,i
p,n,n,v,e,s,b,t,f,f,t,f,f,t,f,f,a,m,s,o,?,i
r,k,n,h,d,h,f,f,t,f,f,f,f,f,f,f,c,m,i,o,?,i
r,n,n,v,e,c,e,t,f,t,f,f,f,t,f,t,c,l,s,o,o,i
p,k,s,b,n,t,f,t,f,f,f,f,f,f,f,t,a,l,i,o,?,i
p,o,n,d,d,c,d,t,t,t,f,t,f,f,f,t,a,m,i,o,c,i
p,o,n,v,d,s,e,f,t,t,f,f,f,f,f,t,b,s,i,o,o,i
r,n,n,a,n,p,c,t,t,t,f,f,f,f,t,t,b,s,l,o,?,i
r,k,n,t,d,p,d,f,t,t,f,f,f,f,f,f,c,l,s,m,o,i
r,k,n,b,d,s,b,f,f,t,t,f,f,f,t,t,c,s,l,o,c,i
r,n,n,a,e,t,b,f,f,f,f,f,f,f,f,t,a,l,i,o,o,i
p,f,n,a,e,c,f,f,t,t,f,f,f,f,f,t,a,m,i,o,o,i
r,n,n,t,e,c,c,f,t,t,f,f,f,f,f,t,a,s,s,o,o,i
p,u,n,d,d,h,a,f,f,f,f,f,f,f,f,f,a,l,i,m,o,i
r,n,n,v,d,s,a,t,t,f,f,f,f,f,f,t,a,m,i,o,c,i
r,o,n,a,d,c,c,f,f,f,f,t,f,f,f,t,b,s,i,o,o,i
p,k,n,t,n,h,e,f,t,f,f,f,f,f,f,t,c,l,i,m,o,i
p,n,m,t,d,t,f,f,f,f,t,f,f,t,t,f,b,l,i,m,c,i
p,f,m,t,n,s,a,f,f,f,f,f,f,f,f,t,b,s,l,o,c,i
p,n,n,r,d,h,a,f,t,f,f,f,t,f,f,t,c,m,i,o,c,i
p,o,s,t,d,c,a,f,t,f,t,f,f,f,f,t,b,l,s,o,?,i
p,k,m,h,e,h,d,f,t,f,t,f,f,f,f,t,a,m,i,o,?,i
r,n,n,t,d,h,c,f,t,t,f,f,f,f,f,t,b,m,i,o,o,i
r,n,n,t,e,c,e,t,t,t,f,f,f,f,f,t,a,s,i,o,o,i
p,f,m,d,n,c,d,f,f,f,t,f,f,f,f,t,a,s,i,o,c,i
r,n,n,a,n,h,a,f,f,f,f,f,f,f,t,t,b,m,i,o,?,i
r,u,n,a,e,s,b,f,t,t,f,t,f,f,f,t,b,m,i,o,o,i
p,o,m,t,e,h,b,f,f,f,f,f,f,f,f,f,b,m,s,o,o,i
p,f,n,r,d,h,d,f,t,f,f,f,f,f,f,t,b,m,l,o,?,i
p,n,s,a,n,c,d,t,t,t,f,t,f,f,f,t,b,s,s,o,?,i
p,f,n,d,d,c,f,f,t,f,f,f,t,t,t,t,b,s,s,o,?,i
p,u,n,r,d,h,a,f,t,t,f,f,t,t,t,t,a,m,i,m,o,i
r,n,n,d,e,s,f,t,t,f,t,f,f,t,t,t,a,s,s,m,o,i
p,n,n,r,d,s,b,f,t,t,t,f,f,t,f,t,b,s,s,o,c,i
r,n,s,v,e,s,b,t,t,f,t,f,f,f,f,t,b,l,i,o,o,i
r,n,m,r,d,h,a,f,f,t,f,t,f,f,t,f,b,s,s,m,o,i
p,f,s,b,d,c,b,f,f,f,f,t,f,f,f,f,b,m,s,o,?,i
r,n,n,r,e,t,a,f,f,t,f,f,f,f,f,f,b,l,i,o,c,i
p,k,n,r,e,h,b,f,t,f,f,t,f,f,t,t,a,m,i,m,?,i
r,n,n,t,n,c,d,t,f,t,t,t,f,f,t,t,a,m,i,m,o,i
r,n,n,r,d,c,e,f,t,f,f,f,f,f,t,t,c,s,i,o,o,i
r,n,s,t,d,h,e,f,t,f,f,t,f,f,f,t,a,s,s,m,?,i
r,o,n,b,d,h,e,f,t,f,f,f,f,f,f,f,a,m,l,o,c,i
p,k,n,t,e,h,e,t,f,f,t,f,t,f,t,t,a,l,i,m,?,i
r,n,n,t,d,h,f,t,t,f,f,f,f,f,f,f,b,l,s,m,c,i
p,o,m,t,n,t,a,f,f,f,f,f,f,f,f,f,c,s,s,o,o,i
r,n,n,t,d,h,f,f,f,f,f,f,f,f,f,t,a,s,i,m,?,i
p,n,m,t,n,s,c,f,t,f,t,f,t,t,f,f,b,s,i,o,o,i
r,n,m,t,e,h,c,f,f,f,f,f,f,f,f,t,c,l,s,m,o,i
r,u,m,b,e,t,d,f,t,f,f,f,f,f,t,f,b,s,i,o,o,i
p,f,n,a,d,s,a,f,t,t,f,f,t,f,t,t,a,s,i,o,c,i
r,k,n,h,d,t,a,t,t,f,f,f,f,f,t,t,c,m,i,o,?,i
r,n,n,v,d,t,c,f,t,f,f,f,f,f,f,f,a,l,i,o,?,i
r,n,m,t,e,h,e,f,t,f,f,f,t,f,f,f,c,m,s,o,?,i
p,k,s,a,e,s,f,t,t,t,f,f,f,f,f,f,a,m,i,o,?,i
r,n,n,a,d,s,a,f,t,t,f,f,f,f,f,t,c,l,i,o,?,i
p,u,n,a,d,s,b,f,f,t,f,t,f,f,t,f,c,m,i,m,o,i
p,o,n,b,n,h,d,f,f,t,f,f,f,f,t,f,b,s,i,o,?,i
p,n,m,r,d,c,b,f,f,f,f,f,t,t,f,t,b,m,i,m,o,i
p,f,n,r,d,t,b,t,t,t,f,f,f,f,f,t,c,s,s,m,o,i
r,u,n,a,d,s,c,t,t,f,f,f,t,f,f,t,b,l,l,o,o,i
r,n,m,v,d,h,d,f,f,t,f,f,f,f,f,f,c,m,l,m,o,i
p,f,n,a,e,h,a,f,f,f,t,f,f,f,t,f,b,m,s,o,o,i
r,u,n,d,e,h,a,f,t,t,f,f,f,f,f,t,a,l,s,o,c,i
r,n,n,h,e,h,a,f,f,f,f,f,f,f,f,t,a,s,i,m,o,i
r,u,n,a,e,t,c,t,f,f,f,f,f,f,f,t,c,m,i,m,?,i
r,n,m,v,d,h,b,t,t,t,f,t,f,f,t,t,b,m,i,o,o,i
p,f,n,v,d,s,d,f,f,f,f,f,f,f,f,t,c,s,i,o,?,i
p,o,n,b,n,c,f,t,t,f,t,f,t,f,f,t,b,s,s,m,o,i
r,k,n,t,d,s,b,f,f,t,f,f,f,f,f,t,a,l,s,o,o,i
p,k,n,v,d,t,a,f,t,f,t,f,t,f,f,t,b,s,l,o,o,i
p,k,m,a,e,t,a,f,f,f,t,f,f,t,f,t,b,l,l,m,o,i
r,n,n,t,e,s,f,f,t,f,f,f,f,f,f,t,b,m,i,o,c,i
r,n,n,r,d,h,c,f,f,f,f,f,f,f,f,t,a,m,l,o,c,i
r,n,n,a,n,c,e,f,t,f,f,f,f,t,f,f,a,m,l,m,o,i
r,k,n,t,d,h,e,t,f,f,t,f,f,f,f,t,a,m,s,m,o,i
r,n,n,h,n,h,f,f,f,f,t,f,f,f,f,t,b,m,s,m,o,i
r,n,n,t,d,t,e,f,t,t,f,t,f,f,t,t,b,s,l,m,?,i
p,u,s,b,e,s,b,f,f,t,f,f,f,f,f,f,b,s,i,o,?,i
r,n,n,r,d,h,d,f,f,f,t,f,f,f,f,t,b,m,i,o,o,i
r,n,n,t,n,s,f,f,f,f,f,f,t,t,t,f,b,m,s,o,c,i
r,n,n,v,e,s,d,f,f,t,f,f,f,f,t,f,c,s,s,m,o,i
p,n,m,r,n,p,e,f,t,f,t,f,f,f,t,t,b,m,s,o,o,i
p,f,n,b,n,c,f,f,f,f,f,f,f,f,t,t,c,s,i,o,?,i
p,n,s,b,e,h,d,f,f,f,f,f,f,f,f,t,a,m,l,o,o,i
r,n,n,h,d,s,d,f,f,t,t,t,f,f,f,t,b,m,i,m,c,i
r,u,m,d,d,p,d,f,t,f,t,f,f,f,f,t,c,m,i,o,c,i
p,o,m,t,n,s,b,f,f,f,t,f,f,f,f,t,c,m,i,o,o,i
p,f,n,a,n,h,b,f,f,t,f,f,f,t,t,f,a,m,s,m,o,i
p,u,n,b,d,s,d,f,f,t,f,f,t,f,f,t,b,s,i,o,?,i
r,u,n,d,d,h,f,f,f,f,f,f,f,f,t,f,a,s,i,m,o,i
r,n,m,v,d,h,f,f,t,f,f,f,f,f,f,t,a,s,i,o,o,i
p,k,s,a,d,h,b,f,t,f,f,f,f,t,f,t,b,l,s,m,?,i
p,k,n,d,d,h,e,t,t,f,t,f,f,t,t,t,c,l,s,m,c,i
r,n,n,a,n,h,a,f,f,f,f,f,f,f,f,f,c,l,i,o,?,i
r,n,n,t,d,c,d,f,f,f,f,t,f,f,t,t,b,m,s,o,o,i
r,n,n,r,n,h,f,f,f,f,f,f,f,f,f,t,a,m,s,o,o,i
p,f,m,a,n,p,f,f,f,t,t,f,f,f,f,t,b,m,l,o,c,i
p,o,n,r,d,s,d,f,f,t,f,f,t,f,f,t,a,m,s,o,c,i
r,o,n,a,e,s,d,f,t,f,f,f,t,f,f,f,b,l,l,o,?,i
r,n,s,v,e,s,c,f,t,t,t,f,t,f,t,t,a,m,i,m,o,i
r,n,m,h,d,s,e,t,f,f,f,f,f,f,f,f,a,s,l,o,c,i
r,n,m,t,e,h,b,t,t,f,f,f,f,f,f,f,a,m,s,m,?,i
p,k,n,b,e,s,a,f,f,f,f,f,t,f,f,f,a,s,i,o,o,i
p,u,s,v,d,s,e,f,f,f,f,f,f,f,f,t,c,l,s,o,?,i
r,u,n,t,n,s,a,f,f,f,f,f,f,f,t,t,b,l,l,m,o,i
r,u,n,v,d,h,d,f,t,t,f,f,f,f,t,t,a,m,s,m,o,i
p,o,n,b,d,c,c,f,f,t,t,t,f,f,f,f,b,m,s,o,c,i
p,u,s,t,n,h,a,t,t,f,f,f,f,f,f,t,b,m,s,o,o,i
p,n,n,d,d,t,a,f,f,t,t,f,f,f,f,t,a,m,i,o,c,i
p,n,m,a,d,s,a,f,f,f,f,t,t,f,t,f,b,m,l,m,o,i
r,n,m,t,d,h,b,f,f,t,f,f,f,f,t,t,b,l,i,o,o,i
p,n,m,t,d,s,d,t,f,f,t,f,f,f,f,t,b,s,l,o,c,i
r,n,m,v,e,p,d,t,t,f,f,f,f,f,f,t,c,m,s,m,o,i
p,n,s,d,e,s,c,f,f,f,f,f,f,f,t,f,b,m,l,m,c,i
r,u,n,a,d,t,e,f,f,f,f,f,f,t,f,t,c,s,i,o,?,i
r,n,n,t,e,c,e,f,t,f,f,f,f,f,f,t,a,m,l,o,o,i
p,u,m,t,d,h,d,f,f,t,t,f,t,f,t,f,c,m,s,m,?,i
r,o,n,r,d,h,d,f,t,t,f,f,f,f,f,f,a,s,l,m,o,i
p,f,n,a,n,h,d,t,f,t,t,f,f,f,t,f,a,m,i,o,o,i
p,f,m,a,n,s,b,f,f,f,f,t,f,f,t,t,a,m,s,o,o,i
r,n,n,a,e,t,b,f,t,f,f,f,f,f,t,f,a,s,s,m,?,i
p,f,m,b,d,c,b,f,f,f,f,f,f,f,t,t,b,m,s,o,o,i
r,n,n,r,e,s,e,f,f,t,f,f,f,f,f,t,b,s,l,o,o,i
p,u,m,b,n,s,c,f,f,t,f,f,f,f,t,t,b,l,i,o,o,i
r,n,n,t,n,s,f,f,f,t,f,f,f,f,t,t,c,m,s,m,o,i
p,n,m,b,e,c,a,f,f,f,f,t,t,f,t,t,b,l,s,o,o,i
p,f,s,b,e,h,c,t,f,f,t,t,f,f,f,f,a,m,i,m,?,i
p,f,n,b,d,c,a,t,t,t,f,t,f,f,f,t,b,l,i,m,c,i
r,n,n,t,d,s,e,f,f,f,f,f,f,t,t,f,b,l,s,m,o,i
r,k,n,t,d,t,c,f,f,f,f,f,f,f,t,t,a,l,s,m,c,i
r,n,n,b,d,s,d,f,f,f,f,f,f,t,t,t,c,l,s,o,?,i
p,f,n,t,d,s,d,f,f,f,t,f,f,f,f,t,a,m,i,o,c,i
r,n,n,r,e,t,a,f,t,f,f,f,f,f,f,t,b,s,i,m,c,i
r,n,s,a,e,c,e,t,f,f,f,f,f,f,f,t,a,l,i,o,?,i
r,n,n,t,e,h,e,f,f,f,f,f,f,f,t,f,a,s,s,m,o,i
r,n,n,r,e,p,d,f,t,t,f,f,f,f,f,t,b,m,s,m,?,i
r,n,n,a,d,s,b,f,f,t,f,f,f,f,t,t,b,s,s,o,o,i
r,n,n,t,e,s,e,t,f,f,t,f,t,t,t,t,a,s,i,m,c,i
r,n,n,v,n,s,d,f,f,t,t,f,f,f,f,t,a,m,s,o,o,i
p,n,f,a,e,s,f,t,t,t,f,f,f,f,f,f,c,m,s,m,c,i
p,k,m,d,n,c,a,t,t,f,f,f,t,f,f,t,b,m,i,o,o,i
r,n,n,t,d,h,f,f,t,t,f,f,f,f,t,t,c,l,i,o,?,i
p,f,m,d,e,h,f,f,t,f,f,f,f,f,f,f,b,s,s,o,o,i
r,u,n,v,e,c,b,f,f,f,f,f,f,f,f,t,a,l,l,o,o,i
r,n,n,t,e,s,e,f,f,t,f,t,f,f,f,t,b,s,s,o,o,i
r,u,m,b,n,s,b,f,f,t,t,f,t,f,f,t,a,l,i,o,?,i
r,n,n,r,e,h,b,f,f,t,f,f,f,f,f,t,b,m,i,m,c,i
r,n,n,b,n,c,d,t,f,t,f,f,f,f,f,f,b,m,s,o,c,i
p,f,s,a,n,h,a,f,f,t,t,f,f,f,f,t,c,m,i,m,o,i
p,o,n,d,n,t,a,f,f,f,t,f,f,f,f,t,b,s,i,o,?,i
r,o,n,v,d,p,d,f,f,f,f,f,f,f,t,f,c,m,i,o,o,i
r,n,n,h,d,c,f,f,t,t,t,f,f,f,f,f,a,s,s,m,?,i
p,o,m,d,n,c,a,f,f,f,f,f,f,f,f,t,a,m,i,o,?,i
r,n,m,v,e,h,a,f,f,f,t,f,f,f,f,f,a,m,s,m,o,i
r,n,s,v,n,t,a,f,f,f,t,t,f,f,f,t,c,l,l,m,?,i
r,n,n,r,d,h,a,f,f,f,f,f,f,f,f,t,a,l,s,o,o,i
r,u,m,d,n,h,f,f,t,t,f,f,f,f,f,t,c,l,s,m,o,i
r,n,n,r,n,s,c,f,f,f,f,f,f,f,f,t,c,s,s,o,o,i
r,o,n,t,n,p,d,f,t,t,t,f,f,f,f,f,a,m,i,m,c,i
p,k,n,b,e,h,c,f,t,f,f,f,f,f,f,f,c,m,s,o,o,i
p,f,m,t,d,c,f,f,f,f,f,f,f,f,f,t,b,s,i,m,c,i
p,f,n,d,e,t,c,f,f,f,f,f,f,t,t,f,b,m,s,m,?,i
p,o,m,r,e,h,f,f,f,f,f,f,f,f,f,t,c,m,s,o,c,i
r,n,n,b,d,h,d,t,t,t,f,f,f,f,f,f,a,l,s,o,o,i
r,n,n,t,d,s,f,f,f,f,f,f,f,t,t,t,a,m,s,m,o,i
p,k,f,b,n,h,c,t,t,t,f,f,f,t,t,t,a,m,s,o,c,i
p,n,m,a,d,c,f,t,t,f,f,f,f,f,f,f,b,m,i,o,c,i
r,n,n,r,e,s,b,t,f,t,f,f,t,f,f,t,a,s,s,o,o,i
r,n,m,r,e,h,d,f,t,f,t,f,t,f,t,t,c,l,s,o,c,i
r,n,n,b,n,h,d,f,t,f,f,f,f,f,f,t,a,m,s,o,c,i
r,n,m,t,e,s,c,t,f,t,f,f,f,f,f,t,b,s,i,m,?,i
r,n,n,b,d,s,c,f,t,f,f,f,f,f,f,t,c,m,i,m,c,i
r,u,n,b,d,s,a,f,t,t,f,f,f,f,f,t,c,m,s,o,c,i
p,n,n,d,d,p,f,f,f,f,f,f,f,f,f,t,c,m,i,o,o,i
p,u,n,d,d,s,c,f,f,f,t,f,f,f,t,f,b,m,s,o,o,i
r,u,n,v,n,s,a,f,t,f,t,f,f,t,f,t,a,m,i,m,o,i
r,n,n,a,d,h,d,f,f,f,f,f,f,t,f,f,b,m,s,o,c,i
p,f,f,t,d,c,e,f,f,f,t,f,f,f,f,t,a,s,s,o,o,i
p,k,n,d,n,c,a,f,f,f,f,f,t,f,f,t,c,l,l,o,c,i
p,f,n,h,d,h,b,f,f,f,f,f,t,f,f,f,a,m,i,m,?,i
r,n,n,t,d,h,d,f,f,t,t,f,f,f,f,t,c,s,i,m,?,i
p,n,m,r,e,c,e,t,f,f,t,f,f,f,t,t,a,s,i,m,c,i
p,n,n,a,d,p,b,t,t,f,f,f,f,f,f,f,b,l,s,m,c,i
r,k,n,t,d,c,b,f,f,f,f,f,f,f,f,t,a,l,l,o,?,i
r,u,m,h,n,c,e,f,t,t,f,f,f,f,f,f,c,l,s,o,?,i
p,f,n,d,n,s,b,t,f,t,f,f,f,f,f,t,c,m,s,m,o,i
p,f,f,h,n,h,f,f,f,f,f,f,f,t,f,t,b,s,i,o,?,i
r,u,n,t,e,p,e,t,f,f,f,f,f,f,f,f,a,s,i,o,c,i
p,f,m,b,d,s,f,f,f,f,f,f,f,f,t,t,b,m,i,m,o,i
r,n,n,d,n,s,b,f,f,f,t,f,f,f,f,f,c,m,i,o,c,i
r,u,m,r,e,c,a,f,t,f,f,f,t,f,f,t,c,l,s,m,?,i
p,n,m,a,d,t,d,f,f,f,t,f,t,f,f,t,b,m,s,o,o,i
r,n,n,b,d,s,a,f,f,t,f,f,f,t,f,t,a,m,s,o,o,i
p,k,n,t,e,p,b,f,t,f,t,f,f,t,t,t,c,m,i,m,o,i
r,u,n,r,d,s,c,f,t,f,t,f,f,f,t,t,b,m,l,m,c,i
p,n,n,d,d,p,c,f,t,f,f,f,f,f,f,t,a,m,s,o,?,i
p,k,f,t,d,p,b,f,f,f,f,f,f,f,f,t,c,l,l,o,?,i
p,n,n,t,e,c,b,f,t,f,t,f,f,f,f,t,c,m,s,m,o,i
r,n,n,b,d,t,b,t,f,t,f,f,f,f,f,t,a,l,i,o,c,i
p,n,s,b,e,t,d,t,f,f,f,f,f,f,t,t,a,m,i,m,o,i
p,f,m,a,d,t,b,f,t,t,t,f,f,t,t,t,a,m,s,m,o,i
r,u,m,t,e,h,d,t,t,f,f,f,t,f,f,t,b,m,s,o,o,i
r,n,n,v,d,h,e,f,f,f,t,f,f,f,t,f,a,s,l,o,o,i
r,n,n,t,d,s,e,f,f,t,f,f,f,f,t,t,c,l,i,m,c,i
r,n,n,r,e,s,f,f,t,t,t,f,f,f,t,t,a,m,i,o,?,i
r,n,n,b,e,c,f,f,t,t,f,f,f,f,t,t,c,m,i,o,o,i
r,k,n,a,d,s,a,f,f,f,t,f,f,f,f,t,c,s,i,o,c,i
p,f,n,b,e,t,b,t,f,f,t,f,t,f,t,t,c,l,s,m,o,i
p,f,n,r,n,s,e,f,f,f,f,f,f,f,t,t,a,m,i,m,o,i
r,n,n,b,d,s,e,f,f,f,f,f,f,f,t,f,a,m,i,o,?,i
p,k,n,b,e,s,a,t,t,t,f,f,t,f,f,t,c,s,i,o,c,i
r,n,n,a,e,s,f,f,f,f,t,f,f,f,f,t,a,l,i,o,o,i
p,n,n,a,n,s,e,f,t,f,f,f,f,f,f,t,a,m,s,m,c,i
p,u,n,b,e,h,f,t,f,f,f,f,f,f,f,t,a,m,l,m,o,i
p,o,m,a,n,s,b,t,f,t,f,t,t,f,f,t,b,m,i,m,c,i
p,u,m,a,e,p,c,f,t,f,t,f,f,f,t,f,c,l,l,o,?,i
p,u,n,t,e,h,c,f,f,f,f,f,t,f,f,t,b,s,i,o,c,i
p,f,n,v,d,c,b,f,t,f,f,f,t,f,t,t,a,l,l,o,?,i
p,u,n,t,e,c,b,f,t,t,f,f,f,f,t,t,b,m,s,o,c,i
r,n,n,d,d,s,a,f,t,f,t,f,t,f,f,f,c,l,i,m,?,i
p,n,n,r,d,s,f,t,f,t,f,f,f,f,f,f,a,m,i,o,c,i
p,n,f,t,d,p,c,f,f,t,f,f,f,f,t,f,a,s,i,m,o,i
r,n,n,r,e,c,d,f,t,t,f,f,f,f,t,t,a,m,s,o,c,i
r,n,n,a,n,s,b,f,t,f,f,f,f,f,f,t,b,l,l,o,?,i
r,n,m,d,n,c,f,f,t,f,f,t,f,f,f,t,c,m,i,o,o,i
p,f,n,d,d,s,f,f,f,f,t,t,f,t,f,f,c,l,i,o,o,i
p,o,n,d,n,s,d,f,t,f,f,f,f,f,f,f,c,l,i,o,?,i
p,k,n,b,n,s,b,f,f,f,t,f,f,f,t,t,a,l,l,m,?,i
r,n,s,d,n,c,b,t,f,t,f,f,f,f,f,f,c,m,i,o,o,i
p,f,n,r,e,h,d,f,f,f,f,f,f,f,f,t,b,m,l,o,c,i
p,n,m,d,d,h,e,t,t,t,f,f,t,f,t,t,c,m,i,o,o,i
r,n,m,t,n,s,f,t,f,t,f,t,f,f,t,t,c,m,s,o,c,i
r,n,n,d,e,s,a,t,f,f,f,f,f,f,t,t,a,s,i,o,c,i
p,n,m,r,e,s,b,f,f,t,f,f,f,f,f,t,a,m,s,m,o,i
r,n,n,a,d,h,c,f,f,t,f,f,f,f,f,t,b,m,i,o,?,i
r,o,n,h,d,p,b,f,f,f,f,f,f,f,f,t,c,m,l,m,c,i
p,f,n,r,d,c,d,f,f,t,f,f,f,t,f,t,a,l,s,o,o,i
p,f,f,d,e,s,c,f,t,t,f,f,t,f,f,f,b,m,i,o,?,i
r,n,n,t,d,s,f,f,f,f,f,f,f,f,f,f,a,m,i,o,o,i
p,o,n,b,n,s,b,f,t,t,f,f,f,f,f,t,b,s,i,o,o,i
p,f,s,v,d,p,c,t,f,f,f,t,f,t,f,t,b,l,s,o,o,i
r,n,n,t,d,h,c,f,f,f,f,f,f,f,t,f,a,m,l,m,o,i
p,f,s,v,d,p,e,f,f,f,f,f,f,f,t,t,c,l,i,o,o,i
p,k,m,r,d,h,e,f,t,t,f,f,f,f,f,t,a,s,l,o,?,i
r,n,n,t,d,h,e,t,f,t,f,f,f,f,t,t,a,m,i,o,c,i
p,n,m,r,e,h,c,f,t,f,f,f,f,t,t,t,b,m,i,m,o,i
p,k,m,t,n,c,b,f,f,t,f,f,f,f,f,t,a,s,l,m,c,i
r,n,n,d,d,h,e,f,t,t,f,f,f,f,t,t,a,s,s,m,?,i
p,n,f,d,d,s,f,t,f,t,f,t,f,f,t,t,a,m,i,o,o,i
p,n,s,b,n,h,b,t,t,f,t,f,f,f,f,f,b,l,s,m,o,i
p,u,s,b,d,t,a,f,t,f,f,t,t,f,t,t,a,m,i,o,o,i
r,n,m,a,e,s,a,f,f,t,t,f,f,f,f,t,b,m,i,o,o,i
r,n,n,a,e,c,d,f,t,t,t,f,t,f,f,t,a,m,s,m,?,i
r,n,n,d,n,t,c,f,f,f,f,f,f,f,t,t,c,l,s,o,?,i
p,u,n,a,d,h,a,f,f,t,f,f,f,f,t,t,b,s,s,m,o,i
p,k,n,a,n,h,a,t,f,f,f,f,f,f,t,t,a,s,s,m,o,i
p,u,m,a,n,s,d,f,f,f,f,f,f,f,f,t,b,m,i,o,?,i
p,n,m,r,d,c,c,f,f,f,f,f,f,f,f,f,a,m,i,m,c,i
r,n,n,v,e,t,b,f,f,t,f,f,f,f,f,t,a,s,i,m,o,i
p,k,n,t,d,t,d,f,t,f,f,f,f,f,f,t,a,s,s,o,o,i
r,n,m,t,d,s,a,t,t,t,t,f,t,f,f,t,b,m,i,o,o,i
p,o,n,t,n,t,a,f,t,f,t,f,f,t,f,t,a,l,s,m,c,i
p,u,s,t,d,h,b,f,f,f,t,f,f,f,t,f,b,m,s,o,c,i
r,n,m,a,d,h,b,f,t,f,f,f,f,f,f,t,b,m,i,m,o,i
r,u,n,v,d,s,a,f,t,f,f,f,f,f,t,f,c,s,s,m,o,i
p,k,n,b,e,s,a,t,t,f,f,f,f,f,f,f,a,l,i,m,o,i
r,n,m,t,n,h,a,f,t,t,f,f,t,t,f,t,c,s,s,m,o,i
p,k,n,r,e,h,e,t,t,f,f,t,f,f,f,t,b,m,s,o,c,i
r,n,m,v,e,t,e,f,f,f,f,f,f,f,f,t,a,s,i,o,?,i
p,o,n,a,d,s,a,f,f,t,t,t,f,f,f,t,a,m,s,m,c,i
r,n,n,t,e,p,d,f,f,f,f,f,f,f,t,t,b,l,s,m,o,i
r,n,n,v,d,h,b,f,f,f,f,f,t,t,t,f,b,m,s,o,o,i
p,k,m,t,e,s,f,f,f,t,t,f,f,f,f,t,a,m,l,o,o,i
p,n,f,v,e,s,b,t,f,f,t,f,f,f,f,f,a,l,i,o,?,i
p,n,s,v,n,c,a,t,t,f,f,f,f,f,t,t,a,m,s,o,o,i
p,f,n,d,e,p,c,f,f,t,f,f,f,t,t,t,c,m,l,o,?,i
r,n,m,t,e,s,a,f,f,f,t,f,f,t,f,f,a,m,i,m,o,i
r,n,n,t,e,h,a,f,f,f,f,t,f,f,f,t,b,s,i,o,o,i
r,n,n,d,d,h,b,t,t,f,f,f,t,f,f,f,b,l,i,m,c,i
p,n,s,b,e,h,d,f,f,f,t,f,f,f,t,t,a,l,s,m,?,i
p,n,n,a,e,c,a,t,t,f,f,f,f,f,t,f,b,s,i,m,o,i
p,o,s,b,e,p,b,t,t,f,f,f,t,f,f,t,b,s,l,m,c,i
p,u,n,t,e,s,e,f,f,f,t,f,f,t,f,t,b,m,i,o,c,i
r,n,n,r,d,s,b,f,f,t,f,f,f,f,f,f,b,l,s,o,c,i
p,u,n,d,d,s,a,f,f,f,f,f,f,f,t,f,a,m,l,o,o,i
p,k,s,r,d,t,c,f,f,t,t,f,f,f,t,t,a,m,i,m,o,i
p,f,n,b,e,h,a,f,f,f,f,f,t,f,f,t,a,s,s,o,o,i
p,f,m,h,n,s,e,f,f,f,t,f,f,f,f,t,b,l,l,m,o,i
p,f,n,r,e,c,b,f,f,f,f,f,f,f,f,t,b,m,i,o,o,i
p,o,m,t,e,h,a,t,f,f,f,f,f,f,t,t,c,m,s,m,?,i
p,k,n,r,e,h,e,f,t,t,f,f,f,f,f,f,a,m,l,m,?,i
p,k,n,t,d,s,e,f,f,t,f,f,f,f,f,f,a,m,i,o,o,i
r,n,m,a,d,c,e,f,f,f,f,f,f,f,f,t,b,m,s,o,c,i
p,n,m,r,d,c,b,f,t,f,f,f,t,f,f,t,b,l,l,o,?,i
p,f,n,t,n,s,c,t,f,f,f,f,t,f,f,t,c,m,l,m,o,i
r,n,n,t,d,s,f,t,f,f,t,f,f,f,t,t,a,m,s,m,c,i
p,n,n,r,e,s,c,f,f,f,t,t,f,t,f,t,a,l,s,o,c,i
r,n,s,a,d,c,f,f,t,f,t,f,f,f,f,t,c,m,i,m,?,i
r,n,m,b,e,s,d,t,f,t,t,f,f,f,f,t,a,l,i,m,?,i
p,k,m,t,d,s,e,f,f,f,f,f,f,t,t,t,b,s,s,o,?,i
p,k,m,r,n,h,a,f,f,t,t,f,f,t,f,t,a,s,s,m,o,i
r,n,m,d,d,t,f,f,t,f,f,f,t,f,t,f,a,s,s,o,c,i
r,n,n,t,n,h,e,t,f,t,f,f,f,f,t,f,c,l,i,o,c,i
r,n,n,v,e,h,e,t,f,f,t,f,t,f,f,t,a,m,s,o,?,i
r,n,m,t,d,h,f,f,t,f,f,f,f,f,f,t,c,l,i,o,?,i
r,f,n,a,e,c,e,f,t,f,f,f,f,f,f,t,b,s,i,o,c,i
p,k,n,a,e,p,d,f,f,f,t,t,f,f,f,t,c,m,i,o,o,i
p,k,m,t,d,t,d,f,f,f,f,f,f,f,f,t,a,s,s,m,c,i
p,k,s,t,e,h,e,t,f,t,t,t,t,f,t,f,b,l,l,o,?,i
r,u,m,v,e,h,e,f,f,f,f,f,f,f,f,t,a,l,l,o,?,i
p,f,n,v,e,s,d,f,f,t,t,f,t,f,t,f,b,l,s,o,o,i
p,k,f,h,e,c,d,f,f,t,f,f,t,f,f,t,a,s,l,o,c,i
r,n,n,d,e,c,f,t,t,t,f,f,f,f,f,f,a,m,s,o,c,i
r,n,n,a,d,h,a,f,f,f,f,f,f,f,f,f,c,l,i,o,o,i
p,u,f,t,d,h,e,t,f,f,f,f,f,f,f,t,a,m,l,o,o,i
r,n,m,t,d,s,d,f,f,t,t,f,f,f,f,f,a,s,i,o,o,i
p,n,s,b,e,c,e,f,f,f,t,t,f,f,f,t,b,l,i,m,?,i
r,u,m,d,d,s,b,f,t,f,f,f,t,t,t,t,b,m,i,m,c,i
p,f,m,t,d,h,c,t,t,f,f,f,f,f,t,t,a,s,s,o,c,i
r,n,n,t,n,s,a,f,f,f,f,f,f,t,t,t,c,m,s,o,?,i
p,n,n,a,d,s,d,f,t,f,t,t,f,f,f,t,a,s,s,o,o,i
p,n,s,d,d,s,e,t,t,f,f,f,f,f,t,t,a,s,s,o,c,i
p,k,s,a,n,c,d,t,f,f,f,f,f,t,f,f,b,m,i,m,?,i
r,n,n,v,e,c,d,f,t,f,f,f,f,f,t,f,b,l,i,m,?,i
p,u,n,b,n,h,b,f,t,t,t,f,f,f,f,t,a,s,i,m,?,i
p,u,n,a,d,h,d,f,f,f,f,f,f,f,t,t,a,m,s,o,c,i
r,k,n,a,e,p,f,t,f,t,f,f,f,f,f,f,b,m,i,o,?,i
p,k,s,v,n,p,e,t,t,t,f,f,f,f,f,t,c,l,l,o,?,i
r,n,n,v,d,h,a,f,f,t,f,f,f,f,f,t,a,m,i,o,o,i
p,n,n,a,d,c,c,t,t,f,f,t,f,t,f,t,a,m,s,o,o,i
p,f,s,t,d,c,e,t,t,t,f,f,f,f,f,t,c,m,s,m,o,i
r,n,n,t,n,c,c,t,f,t,f,f,f,f,f,t,a,m,i,o,?,i
r,n,n,t,d,s,d,f,f,t,f,f,f,f,t,t,a,m,s,o,o,i
r,n,n,t,e,h,f,f,t,f,f,f,f,f,t,t,b,l,l,m,c,i
r,n,n,t,e,s,f,f,f,t,f,f,f,t,f,t,a,m,i,m,o,i
r,n,n,r,n,p,a,f,f,f,f,f,f,f,f,f,a,s,l,o,c,i
p,f,n,v,d,c,c,f,f,f,f,f,t,t,t,f,a,m,s,o,c,i
r,o,n,v,e,t,d,t,f,f,t,f,f,f,f,t,c,m,i,m,?,i
r,k,n,v,n,s,e,f,f,t,f,f,f,f,t,t,a,m,i,o,o,i
p,o,n,h,d,h,b,t,t,f,t,f,t,f,f,t,b,l,s,o,?,i
r,n,n,h,e,c,a,f,t,t,t,f,f,f,t,t,b,l,i,o,?,i
p,o,s,t,d,p,d,f,t,f,f,f,f,f,f,t,a,m,s,o,c,i
p,k,n,t,d,p,c,f,f,t,f,t,f,f,f,f,a,l,s,m,c,i
r,n,n,t,d,s,b,f,f,t,f,f,f,t,f,t,a,s,i,m,o,i
p,u,s,d,d,t,f,t,t,t,f,f,f,f,f,f,b,m,l,o,?,i
r,n,n,t,d,t,b,f,t,f,f,f,f,f,t,f,c,s,i,m,c,i
r,n,n,a,n,t,a,f,f,t,f,f,f,f,f,t,b,m,l,o,c,i
r,n,m,b,e,h,a,f,t,t,f,f,f,f,f,t,a,m,s,o,c,i
r,n,n,r,d,p,b,f,f,t,f,f,t,f,f,t,a,s,i,o,o,i
r,n,n,b,e,s,a,f,f,f,f,f,f,f,t,t,c,s,i,m,c,i
p,k,m,v,n,s,c,f,f,f,t,f,f,f,t,t,a,l,i,o,c,i
p,u,m,b,d,s,a,f,f,f,t,f,f,f,f,t,a,l,l,o,c,i
r,n,n,d,d,h,d,f,f,f,t,f,f,f,f,t,b,s,i,m,o,i
p,k,n,t,d,t,c,f,f,f,f,t,f,f,f,f,b,m,i,o,c,i
r,n,n,d,n,c,d,f,f,t,t,f,f,f,f,t,b,s,i,o,?,i
p,o,m,b,n,h,f,f,t,f,f,f,f,f,f,f,a,m,i,m,o,i
r,n,n,t,e,c,f,t,t,f,f,f,f,f,f,t,c,s,i,o,c,i
r,n,n,h,d,h,c,f,f,f,f,f,f,f,f,t,c,m,s,o,c,i
r,k,n,d,e,h,b,f,t,f,t,f,f,f,f,t,b,s,s,o,o,i
p,f,s,d,e,c,d,f,f,f,t,f,t,t,f,f,a,l,i,o,?,i
p,o,n,d,d,h,b,t,t,f,f,t,f,f,t,f,c,s,l,o,o,i
p,k,n,a,d,c,e,t,f,f,f,f,f,f,t,t,b,l,i,o,c,i
p,o,n,t,d,p,d,f,f,f,f,f,t,t,f,f,c,m,s,o,o,i
r,n,m,t,e,h,a,f,t,t,f,t,f,f,t,f,a,l,i,m,?,i
r,n,n,d,n,h,c,f,t,f,t,f,f,f,t,t,b,s,s,m,o,i
p,n,s,d,d,h,f,f,f,t,f,f,f,f,f,t,a,l,l,o,o,i
r,n,n,h,n,t,d,f,t,f,t,f,f,f,f,t,b,m,s,o,o,i
r,n,n,d,e,h,d,t,t,t,t,f,f,f,f,t,a,l,i,o,?,i
p,k,n,r,e,p,d,f,t,t,f,f,f,f,t,t,a,m,s,m,?,i
r,n,n,t,n,h,c,t,f,f,f,f,f,f,f,f,c,s,i,o,o,i
p,k,n,t,e,s,b,f,f,f,f,f,f,f,f,t,c,s,i,o,?,i
p,k,m,b,d,h,d,f,f,f,t,f,f,f,f,t,b,l,s,m,o,i
r,f,n,v,d,s,a,f,t,f,f,f,f,f,f,t,b,m,s,o,?,i
p,f,m,t,n,s,d,f,f,f,f,f,t,f,f,t,a,l,i,o,o,i
p,n,n,d,e,s,a,t,f,t,f,f,f,f,t,t,c,m,s,o,o,i
r,n,n,r,d,c,f,f,f,f,f,f,t,f,f,t,a,l,i,o,?,i
p,k,n,a,e,c,e,f,f,f,t,f,f,t,f,t,a,m,s,m,c,i
p,k,n,d,d,h,a,f,f,f,f,f,f,f,f,t,b,m,s,o,?,i
r,n,n,b,d,h,e,f,t,f,t,f,f,f,f,t,c,m,l,o,o,i
p,n,s,v,n,h,e,f,f,f,f,f,f,f,f,t,c,s,s,o,?,i
p,f,s,a,d,p,e,f,f,t,f,f,t,f,f,t,c,m,s,o,c,i
p,f,m,a,d,t,b,f,t,f,f,f,f,f,f,t,a,m,s,m,o,i
p,n,s,t,d,c,c,f,t,t,f,t,f,f,f,t,c,l,s,o,?,i
r,n,n,b,n,s,d,t,t,t,f,f,f,f,f,t,a,l,l,o,o,i
r,u,n,v,d,t,b,f,t,f,f,f,f,f,f,t,c,s,i,m,?,i
r,n,n,h,d,p,d,f,t,t,f,f,f,f,f,f,b,s,s,o,?,i
p,o,s,d,d,s,b,f,f,f,f,t,f,f,f,t,a,l,s,o,?,i
r,n,n,t,d,h,f,f,f,f,f,f,f,f,f,t,c,m,s,o,o,i
r,k,n,h,d,s,f,f,t,t,f,f,f,f,f,t,a,s,s,m,c,i
p,n,m,t,d,c,b,f,f,f,f,f,f,f,f,t,a,m,l,o,o,i
r,n,n,t,d,h,b,f,f,f,f,f,f,f,f,t,a,l,s,o,c,i
p,u,m,v,e,s,b,f,f,f,t,f,f,f,f,t,c,l,i,o,o,i
r,n,n,d,d,s,f,t,f,f,f,f,f,f,f,t,a,m,l,o,o,i
r,u,m,d,d,h,a,f,f,f,f,f,f,f,f,t,a,l,s,o,?,i
r,n,s,d,e,c,e,t,t,t,f,f,f,f,t,t,b,l,i,o,c,i
p,u,n,t,d,h,e,t,t,f,t,f,f,f,f,t,b,m,i,o,?,i
r,u,n,t,d,s,b,f,f,t,f,f,t,f,f,t,a,l,l,o,?,i
p,k,n,t,n,h,e,t,f,t,t,f,f,f,t,t,c,m,i,o,o,i
r,n,n,b,e,t,c,f,t,f,f,f,f,f,f,t,a,l,s,o,o,i
p,f,n,b,e,s,b,f,f,t,f,f,f,f,f,f,a,m,i,m,o,i
p,k,n,t,e,h,f,f,f,f,f,f,f,f,f,f,b,m,s,o,o,i
r,u,n,b,n,h,c,f,f,f,f,f,f,f,t,f,a,l,s,m,?,i
r,n,n,b,d,s,a,f,f,f,t,f,t,f,f,t,c,m,i,m,o,i
r,n,n,v,d,p,d,f,t,f,t,f,f,f,f,t,b,l,s,o,?,i
p,n,s,a,n,t,d,f,t,f,f,f,f,f,t,t,b,s,i,m,o,i
p,f,n,a,d,h,d,t,t,f,f,f,f,f,t,t,a,l,l,o,o,i
r,u,n,r,e,h,b,t,t,t,f,f,f,f,f,t,c,m,i,o,o,i
r,n,n,r,d,s,d,f,f,t,f,f,f,f,f,f,b,m,i,m,o,i
p,f,n,t,d,h,b,f,f,t,f,f,f,f,f,t,c,m,s,o,?,i
p,u,s,t,e,s,c,t,f,t,f,f,f,f,f,t,c,m,s,o,o,i
p,n,n,d,e,h,b,f,f,f,t,f,f,f,f,f,b,m,i,o,?,i
r,n,m,v,e,s,d,f,f,f,t,f,f,t,t,t,c,l,l,o,o,i
p,f,m,t,d,c,e,f,t,f,f,f,f,t,f,t,a,l,i,o,o,i
p,f,m,b,d,t,a,f,f,f,f,f,t,f,f,t,c,m,s,o,c,i
r,n,m,b,e,s,a,f,f,f,f,f,f,f,t,t,a,l,s,m,o,i
r,o,m,t,d,c,e,f,f,f,t,f,t,f,t,t,a,m,i,m,c,i
r,k,n,t,e,p,b,f,f,t,f,f,t,f,t,t,b,l,s,m,c,i
r,u,n,h,e,s,b,f,f,f,t,f,f,t,f,t,a,s,l,o,o,i
r,u,m,b,d,t,d,t,t,f,f,f,f,f,f,f,b,m,i,o,?,i
r,o,n,t,d,c,c,f,t,t,t,f,f,f,f,f,b,m,i,o,?,i
r,k,n,v,n,h,a,f,f,f,f,f,f,f,f,t,c,l,i,o,o,i
r,n,n,b,d,c,e,t,f,f,f,f,f,f,f,t,a,m,s,o,c,i
p,k,n,r,d,s,a,f,t,t,f,f,f,t,t,t,a,m,s,m,?,i
p,n,n,a,n,s,e,f,t,t,f,f,f,f,f,t,c,m,s,m,o,i
p,f,n,t,d,h,e,f,f,f,f,f,f,f,f,f,a,m,l,o,c,i
r,n,n,t,n,c,a,f,f,f,f,f,f,t,f,t,b,m,s,o,c,i
r,k,n,h,d,t,e,f,t,f,f,f,f,f,f,t,b,l,s,o,o,i
p,n,n,r,d,h,d,f,f,t,t,f,f,f,t,f,b,m,i,o,c,i
p,n,m,d,e,s,f,t,t,f,t,f,t,t,f,t,c,s,i,m,o,i
r,n,n,t,d,s,e,f,t,f,f,t,f,f,f,t,c,s,s,o,?,i
p,k,m,v,e,t,c,t,t,f,f,f,f,f,t,f,a,l,s,m,o,i
r,o,n,b,d,s,d,f,t,t,f,f,f,f,f,t,c,s,i,m,o,i
r,n,n,r,e,t,d,f,f,t,f,f,f,f,f,t,a,m,s,m,c,i
p,o,m,a,n,s,e,f,t,f,t,f,f,f,f,t,a,m,i,o,c,i
p,u,m,r,e,s,c,f,f,t,t,f,f,f,t,t,a,m,s,o,?,i
r,n,m,t,e,s,e,f,f,f,f,t,f,f,f,t,a,l,i,m,c,i
p,f,m,t,d,h,b,t,t,t,f,f,f,f,f,f,c,s,s,o,o,i
r,n,m,v,d,h,f,f,f,t,t,f,f,t,f,t,a,m,s,o,o,i
r,n,m,t,n,t,b,f,t,f,f,f,f,f,t,f,a,m,s,m,o,i
p,k,m,t,e,h,a,f,t,t,f,f,f,f,f,f,b,s,l,o,o,i
p,n,m,d,e,s,b,f,t,t,t,f,f,f,f,t,b,l,s,o,o,i
r,u,n,t,e,c,f,t,f,f,f,f,f,f,t,f,c,m,s,m,o,i
p,u,n,b,d,h,e,t,f,t,t,f,f,f,f,t,c,m,s,o,o,i
r,o,n,d,d,c,c,f,t,f,f,f,t,f,f,t,b,l,s,o,o,i
p,k,n,v,d,c,f,f,t,f,f,f,f,f,t,t,a,s,i,m,?,i
p,k,m,t,e,t,b,f,f,t,t,t,f,f,t,f,b,l,i,o,c,i
r,u,n,b,d,h,b,f,f,t,f,f,f,f,f,t,b,m,s,m,c,i
r,n,n,b,d,h,a,f,f,t,f,f,t,t,f,t,b,m,i,o,c,i
r,n,m,a,e,h,c,f,f,f,f,f,f,f,f,t,a,m,s,o,o,i
r,k,n,v,e,h,c,f,t,f,f,f,f,f,f,f,a,m,l,o,o,i
r,n,m,h,e,h,a,f,t,f,f,f,f,f,f,t,a,l,s,m,o,i
r,n,n,t,n,s,a,f,f,f,f,f,f,t,t,t,c,m,l,m,o,i
r,n,n,t,e,s,c,f,f,f,t,t,f,f,f,t,b,m,s,o,o,i
p,k,n,v,d,t,b,f,f,f,f,f,f,f,t,f,b,m,i,o,c,i
p,n,n,a,n,t,d,f,f,f,f,f,f,f,t,t,a,s,s,o,o,i
r,n,n,v,e,s,c,f,t,f,t,f,f,t,f,f,a,s,s,o,o,i
r,n,n,t,e,t,a,f,f,f,f,f,f,f,f,t,b,l,s,m,o,i
r,n,n,t,n,c,a,f,f,f,f,t,t,f,f,t,c,l,s,o,?,i
p,u,n,r,d,s,d,t,f,t,f,f,f,f,t,t,b,l,s,m,c,i
r,n,m,h,e,t,e,t,t,f,f,f,t,f,t,t,a,m,s,m,?,i
p,f,n,t,d,t,c,f,f,t,t,f,t,t,f,t,b,l,l,m,c,i
p,f,n,d,d,c,d,f,f,f,f,f,f,f,t,f,b,m,s,o,?,i
r,n,n,a,e,c,f,t,t,f,f,f,f,f,f,t,b,m,s,o,o,i
p,o,s,t,d,s,e,f,f,t,f,f,f,f,f,f,a,l,s,m,o,i
p,f,m,b,d,h,b,f,f,f,f,f,f,f,t,f,c,l,s,o,?,i
p,k,f,t,e,c,e,f,f,f,f,f,t,f,t,t,a,l,i,o,o,i
p,n,s,r,d,h,c,t,f,t,t,f,f,f,f,f,c,m,s,o,o,i
r,n,n,a,e,s,c,f,t,f,f,f,f,f,f,t,a,s,s,o,o,i
p,u,m,b,d,c,d,f,f,t,f,f,f,f,t,t,a,m,i,o,o,i
r,o,n,t,d,p,c,f,f,f,f,f,f,f,f,t,b,m,i,m,o,i
p,u,s,d,e,p,f,f,t,f,t,f,f,f,t,t,a,m,s,o,o,i
p,u,n,d,e,s,a,t,f,f,t,f,f,f,f,f,c,m,l,m,?,i
r,n,n,a,e,h,c,f,f,f,f,f,f,f,t,f,b,m,s,o,c,i
p,o,s,a,n,s,a,t,t,f,f,f,f,f,f,t,b,s,i,o,c,i
r,n,m,h,d,c,d,t,t,t,f,f,t,f,t,t,b,s,s,o,?,i
p,o,s,t,d,s,b,f,f,t,t,f,f,f,t,t,b,s,s,m,?,i
r,n,n,v,n,t,c,f,t,f,f,f,f,f,t,t,b,l,i,m,o,i
r,n,n,b,e,h,f,f,t,f,f,f,f,f,f,t,c,s,i,m,o,i
p,f,n,d,n,h,a,f,f,f,f,f,f,f,f,t,b,m,s,o,c,i
p,o,n,a,e,c,a,f,t,f,t,t,t,f,t,t,b,s,s,m,c,i
p,k,n,a,e,s,d,t,t,t,f,f,f,f,t,t,a,m,l,m,c,i
r,n,n,a,d,s,c,f,f,t,f,f,f,f,f,t,b,s,i,m,o,i
r,n,m,t,d,s,a,f,f,t,f,f,f,f,t,f,b,m,l,m,?,i
r,u,n,t,e,h,b,f,t,f,f,f,t,f,f,t,a,m,s,m,o,i
r,n,m,h,e,p,b,f,t,f,t,f,t,f,f,t,b,l,i,m,o,i
r,n,m,t,n,s,b,f,t,f,f,f,f,f,f,t,c,s,s,o,o,i
r,k,n,t,n,c,e,f,f,t,f,f,f,f,f,t,c,l,s,m,o,i
p,n,n,t,d,s,b,f,t,f,f,f,t,f,t,t,c,m,i,o,o,i
p,k,n,a,e,h,c,f,t,t,f,f,f,f,f,f,b,s,s,m,o,i
r,n,n,b,n,c,b,f,f,f,f,f,f,f,f,t,a,m,s,m,?,i
r,o,m,t,n,p,f,f,f,t,f,f,f,f,f,t,b,l,l,o,o,i
r,u,n,v,n,t,e,t,f,t,f,t,f,f,f,f,a,m,s,o,o,i
p,u,n,d,e,c,c,f,f,t,f,f,f,f,t,f,b,l,i,o,o,i
p,k,f,t,n,h,e,f,f,t,f,f,f,f,t,f,c,s,l,m,o,i
r,n,m,v,d,s,b,t,t,t,f,f,f,f,t,t,a,s,l,m,?,i
p,f,m,a,d,s,a,f,t,f,t,f,f,f,f,t,c,m,i,m,?,i
r,o,n,a,d,t,c,f,t,f,t,f,f,f,t,t,a,m,i,o,?,i
p,k,s,d,e,h,d,f,t,f,f,f,f,f,t,f,c,m,l,m,?,i
p,f,n,d,n,h,b,f,f,f,f,f,f,f,f,t,a,m,i,o,?,i
p,f,n,a,e,s,c,f,f,f,f,f,t,f,f,t,a,l,i,o,?,i
p,f,s,b,e,s,e,f,t,f,f,f,f,f,t,t,c,m,l,o,o,i
p,f,s,a,d,c,f,f,t,t,f,f,f,f,t,t,b,s,i,o,c,i
r,n,n,b,e,h,f,t,f,f,f,f,t,f,f,f,c,l,s,o,c,i
p,k,n,r,d,t,d,t,t,t,f,f,f,f,f,t,a,m,i,o,o,i
p,k,n,t,e,h,d,t,f,f,t,f,f,f,f,t,b,m,s,m,?,i
p,n,m,d,d,p,c,f,f,t,f,f,f,f,f,t,b,l,i,o,c,i
p,o,m,v,e,s,b,f,f,t,f,f,f,f,f,t,a,s,l,m,o,i
r,k,n,t,e,s,e,t,t,t,f,f,f,f,f,t,a,l,l,o,?,i
r,n,n,d,e,s,a,f,f,f,f,f,f,f,f,f,c,s,i,o,o,i
p,o,m,v,e,s,f,t,f,f,f,f,f,f,t,t,b,m,l,m,?,i
p,f,m,a,n,t,b,t,f,f,t,f,t,f,f,t,c,m,s,o,c,i
p,f,n,b,n,p,b,f,t,f,f,t,f,f,t,t,a,s,i,o,o,i
r,n,n,d,d,h,b,f,f,f,f,f,f,f,f,f,a,m,i,o,o,i
p,o,f,h,d,h,e,f,f,f,t,f,f,f,f,t,a,s,s,o,?,i
r,n,n,a,d,h,b,f,f,f,f,f,f,f,f,t,c,s,s,o,?,i
p,k,n,r,d,h,d,f,t,f,f,f,f,f,f,t,c,s,l,o,o,i
p,n,n,d,d,s,b,f,t,f,f,f,f,f,f,f,c,s,s,o,o,i
p,f,n,h,n,h,d,f,f,t,t,f,f,f,t,t,c,m,i,m,?,i
p,f,s,t,n,s,d,f,t,f,f,f,f,f,f,f,a,s,l,o,c,i
r,k,n,b,d,t,f,f,t,f,f,f,f,t,f,f,c,s,i,m,o,i
p,k,n,d,n,h,b,f,f,f,f,f,f,f,f,t,c,l,i,o,?,i
p,o,n,t,n,c,b,t,t,t,f,f,t,f,t,t,a,l,i,o,o,i
p,f,m,a,d,t,a,f,f,f,f,f,f,t,t,t,b,s,i,m,?,i
r,n,n,b,n,s,c,f,t,f,f,f,t,f,t,f,b,s,s,o,o,i
p,u,n,b,n,s,e,f,f,f,t,f,f,f,f,t,a,l,i,o,o,i
r,f,n,v,n,s,b,f,t,t,f,f,f,f,t,f,a,m,i,m,o,i
r,u,n,t,e,c,f,f,f,f,t,f,f,f,t,t,c,s,s,m,?,i
p,u,f,v,d,h,a,f,f,t,f,f,f,f,f,t,a,l,s,m,?,i
p,u,m,a,d,s,e,f,f,t,f,f,f,f,f,t,b,l,i,o,o,i
p,f,m,d,n,s,d,f,t,f,f,f,f,f,f,t,c,s,s,m,o,i
r,k,n,a,d,c,f,f,t,t,f,f,f,f,f,t,c,m,l,o,o,i
r,n,n,t,e,c,c,f,t,t,t,t,f,f,t,t,a,m,i,m,c,i
p,k,f,h,d,s,d,f,t,f,f,f,f,f,f,f,a,s,l,o,o,i
r,o,n,v,e,c,a,f,t,f,f,f,f,f,f,t,a,m,s,m,?,i
p,k,m,a,d,h,c,f,f,f,f,f,f,f,f,t,b,s,i,o,c,i
r,u,n,t,n,s,e,f,t,t,t,f,f,f,f,t,a,s,s,o,o,i
p,n,n,b,e,s,a,t,t,t,f,f,f,f,f,f,b,s,i,m,o,i
r,n,n,h,d,c,e,f,f,t,f,f,f,f,f,f,a,m,i,m,?,i
p,k,n,a,d,c,b,t,f,t,f,f,t,f,t,t,b,l,i,m,?,i
r,n,n,d,e,h,b,f,t,f,f,t,f,t,f,t,a,s,s,o,o,i
r,n,n,a,n,s,d,t,f,f,f,f,f,f,t,t,a,s,s,o,o,i
r,n,n,v,n,h,a,f,f,t,f,f,t,f,f,t,a,m,i,m,?,i
r,o,n,a,n,h,d,f,f,f,t,f,f,f,f,t,b,m,i,o,o,i
r,k,s,t,e,h,f,f,t,f,f,f,f,f,f,t,b,m,s,o,?,i
r,n,n,d,n,h,a,t,f,t,f,f,f,f,f,f,b,m,i,o,o,i
r,n,m,t,e,h,b,f,f,t,f,f,f,f,f,t,a,m,s,o,o,i
r,n,n,d,e,s,a,f,f,f,f,f,f,f,f,f,b,l,i,o,o,i
r,n,n,t,e,s,c,f,f,t,t,f,t,f,f,t,a,l,i,m,o,i
p,f,n,t,d,s,e,t,t,f,f,f,f,f,f,t,b,m,i,o,?,i
p,o,s,d,e,h,f,f,f,f,f,f,f,f,t,t,c,s,l,o,o,i
p,n,n,r,e,h,b,t,f,t,f,f,f,f,f,t,c,s,s,o,?,i
p,k,s,t,d,c,a,f,f,t,f,f,f,f,f,t,b,m,s,o,o,i
r,n,n,b,e,s,a,f,t,f,f,f,f,f,f,t,b,m,i,o,o,i
r,n,m,t,d,h,b,f,f,f,t,t,f,f,f,t,b,m,s,o,?,i
r,u,m,d,e,s,c,f,f,f,t,f,f,f,f,t,c,m,s,o,?,i
r,k,f,t,n,s,f,t,f,t,t,f,f,f,f,t,c,m,i,o,?,i
r,u,n,b,d,c,b,f,f,f,f,f,f,f,t,t,c,m,s,o,o,i
p,n,s,t,d,s,e,f,t,f,f,f,f,t,f,f,c,l,s,o,c,i
r,n,n,r,e,s,c,f,f,f,t,f,f,f,t,t,c,m,s,m,c,i
r,n,m,d,d,h,f,t,t,f,f,f,f,t,f,t,b,m,s,m,c,i
p,k,n,d,d,s,f,f,t,f,f,f,f,f,t,f,b,l,i,o,c,i
p,u,n,a,e,t,e,f,f,f,f,f,f,f,t,t,b,m,i,o,?,i
r,n,n,t,d,t,c,f,f,t,f,f,f,t,f,t,b,l,s,m,c,i
p,o,m,t,e,h,b,f,f,f,t,f,f,f,f,t,b,m,i,o,c,i
p,u,n,d,d,s,b,t,t,f,t,f,f,f,t,t,c,m,s,m,?,i
r,k,n,t,d,h,b,f,f,f,f,f,f,f,t,f,c,m,i,m,c,i
r,n,n,r,d,h,d,f,f,f,f,t,f,f,f,t,b,s,s,o,c,i
p,k,m,a,n,h,f,t,f,f,f,f,f,f,f,f,b,l,s,m,?,i
r,n,n,h,e,s,d,f,f,t,f,f,f,t,f,t,b,m,l,m,o,i
p,o,m,b,d,s,c,f,f,t,f,f,f,f,t,t,b,m,i,o,?,i
p,k,n,b,d,s,b,f,t,t,f,f,f,f,f,t,b,s,i,o,?,i
p,u,m,d,e,h,d,f,f,f,f,f,f,f,f,f,c,s,i,o,o,i
p,k,m,h,e,h,b,f,t,t,f,f,f,f,t,t,a,l,i,o,o,i
p,k,m,b,d,p,a,f,f,f,f,f,f,f,f,t,b,m,i,o,c,i
p,f,m,v,d,s,a,f,f,f,f,f,t,f,t,t,c,l,s,m,o,i
p,k,n,r,e,c,e,f,t,f,f,f,f,f,f,f,a,s,i,m,o,i
r,u,n,a,e,s,c,f,f,f,t,f,f,f,t,f,a,s,i,o,c,i
r,n,m,t,n,s,f,f,f,f,f,f,f,f,t,t,c,l,i,o,?,i
r,u,n,v,e,c,c,f,f,f,f,f,f,f,t,f,c,m,l,o,o,i
p,o,n,v,e,s,d,f,f,t,f,f,f,f,f,t,b,l,i,o,?,i
p,u,m,t,e,t,e,f,t,f,t,f,t,f,f,t,a,l,l,m,?,i
r,k,n,t,e,t,f,t,f,t,f,f,f,f,t,t,a,m,s,o,?,i
p,o,n,v,e,s,a,f,t,t,f,f,f,f,f,t,c,m,s,o,o,i
r,n,f,t,d,s,b,f,f,t,t,f,f,f,f,t,c,l,i,o,c,i
p,o,n,r,n,s,a,t,f,t,t,f,f,f,f,f,a,l,s,o,o,i
r,n,n,v,d,t,c,t,f,f,f,f,f,f,t,f,a,m,i,m,o,i
r,n,n,a,e,s,a,t,t,f,f,f,f,f,f,t,a,l,s,m,?,i
r,n,n,t,e,c,d,f,t,f,f,f,f,f,f,t,a,m,i,o,c,i
p,n,m,a,n,s,b,f,t,f,f,f,f,f,f,t,a,m,i,m,o,i
p,n,m,a,d,h,f,f,t,f,f,f,f,f,f,t,b,m,i,m,o,i
p,o,n,r,n,s,e,f,f,f,f,f,f,t,t,t,a,s,s,m,?,i
r,n,n,v,d,p,e,f,t,f,f,t,f,f,f,f,b,m,i,o,?,i
p,f,n,d,d,c,d,f,f,f,f,f,f,f,t,t,b,m,i,o,o,i
r,n,n,t,n,s,a,f,f,f,f,f,f,f,t,t,a,m,s,m,o,i
p,o,m,v,d,s,a,f,f,t,t,f,f,f,f,t,b,l,l,m,?,i
p,o,n,a,e,h,c,f,f,t,f,f,f,f,f,t,c,m,l,o,o,i
p,n,n,d,e,h,f,t,f,f,f,f,t,t,f,f,a,m,l,m,c,i
p,f,m,t,n,p,a,t,f,t,f,f,f,f,f,f,c,m,s,m,c,i
p,u,m,b,n,h,c,f,f,t,t,f,t,t,f,t,a,s,s,o,o,i
r,o,n,b,d,t,e,f,f,t,t,f,f,f,f,t,b,m,s,m,c,i
r,n,m,a,n,s,b,f,t,t,f,f,f,f,t,f,b,l,s,m,o,i
p,k,n,h,d,p,f,f,f,t,t,f,t,f,t,t,c,l,s,m,?,i
p,o,n,t,e,t,f,f,f,t,f,f,f,f,f,f,b,m,i,m,?,i
p,n,n,t,n,c,a,t,t,f,t,f,f,f,t,t,a,m,l,o,?,i
p,o,m,r,e,t,d,t,t,f,t,f,f,f,f,t,c,m,i,o,?,i
p,n,s,b,e,h,a,f,f,t,f,f,f,f,t,t,c,l,s,o,c,i
r,o,n,t,n,c,c,f,f,t,f,f,f,f,f,t,b,l,s,o,?,i
r,n,n,a,e,s,f,f,f,f,f,f,t,f,t,f,b,m,l,o,c,i
r,n,m,t,n,s,a,f,t,f,f,f,f,f,f,f,a,m,i,m,o,i
p,u,n,d,d,h,f,f,f,f,f,t,f,f,t,t,a,l,i,o,?,i
r,u,n,b,d,p,f,f,t,f,t,f,f,f,f,f,c,m,i,m,?,i
r,u,n,t,n,t,d,t,f,t,f,f,t,f,t,t,a,l,s,o,o,i
p,u,s,a,d,h,b,f,t,t,f,f,f,f,f,t,b,s,i,o,o,i
p,n,m,d,e,p,b,t,t,f,t,f,f,f,f,t,c,m,s,m,?,i
p,n,s,d,n,c,c,f,f,f,f,f,f,f,f,t,b,l,s,o,o,i
r,n,n,t,e,c,a,f,f,f,t,f,f,f,f,t,b,m,i,m,c,i
r,k,n,r,d,s,a,f,f,t,t,f,f,f,t,t,a,l,i,o,o,i
r,n,n,t,d,h,a,t,f,t,f,f,f,f,t,f,b,s,s,m,o,i
p,u,n,t,d,h,d,t,t,f,t,f,f,t,t,f,b,l,l,o,o,i
p,n,n,d,d,c,a,t,t,f,t,f,f,f,f,f,b,s,l,o,c,i
r,n,m,d,d,h,b,f,f,t,f,f,f,f,f,f,b,m,s,m,o,i
r,n,m,t,n,p,d,f,t,t,f,f,f,f,f,t,b,s,i,o,?,i
p,n,m,d,d,t,a,t,f,f,f,f,f,f,f,t,a,l,i,o,?,i
r,n,n,v,n,h,b,f,f,t,t,f,f,f,f,t,b,m,l,o,c,i
p,f,n,v,n,c,a,f,f,f,f,f,t,f,f,t,b,l,s,m,o,i
r,n,n,v,d,h,a,t,t,t,f,f,f,t,t,t,b,l,i,m,?,i
p,k,n,b,n,c,b,f,f,t,t,f,f,f,f,t,a,m,s,m,o,i
p,u,n,d,d,h,a,f,f,f,f,f,f,f,f,t,c,l,i,m,c,i
r,k,n,t,e,t,c,f,f,f,f,f,f,f,f,f,c,m,s,m,c,i
p,f,s,b,n,p,a,f,f,f,t,f,f,f,f,t,c,l,s,o,?,i
p,n,n,a,n,c,b,f,t,f,f,t,t,f,f,t,a,s,l,o,c,i
r,n,n,d,d,s,e,f,t,t,t,f,t,f,f,f,b,m,i,m,o,i
r,n,n,t,d,h,d,t,f,f,f,f,f,f,t,t,b,l,i,m,?,i
p,u,m,a,d,p,c,t,f,t,f,f,f,t,t,t,c,m,s,m,o,i
r,k,n,v,n,t,f,f,t,t,f,f,f,f,f,t,b,l,s,o,?,i
p,n,n,a,d,t,e,t,f,t,f,f,t,f,f,f,b,m,s,m,o,i
r,n,n,t,e,c,d,f,f,t,f,f,f,t,f,f,c,m,i,m,c,i
p,o,n,t,d,c,c,f,t,f,f,f,f,f,f,t,b,l,s,o,c,i
p,f,n,v,d,s,a,t,t,f,t,f,f,f,f,t,c,m,s,m,c,i
p,k,n,a,d,c,c,f,t,t,t,f,f,f,f,t,b,m,i,m,o,i
p,u,n,a,d,h,c,f,f,f,f,f,f,f,f,t,b,s,i,o,?,i
r,f,m,b,e,p,f,t,f,t,f,f,f,f,f,t,a,m,i,m,o,i
p,f,n,d,e,s,f,t,t,f,t,f,f,f,f,t,c,l,i,o,o,i
r,n,n,v,e,t,a,t,t,f,f,f,f,t,f,t,b,m,i,o,c,i
r,n,n,t,e,h,f,f,t,t,f,f,f,f,f,f,c,m,i,o,c,i
p,u,m,d,d,s,e,f,f,f,f,f,f,t,f,t,b,s,i,o,?,i
r,k,n,d,n,h,d,f,f,f,f,f,f,f,t,f,a,s,l,m,o,i
r,n,n,v,e,c,f,t,t,f,f,f,f,f,f,f,a,m,s,m,o,i
r,k,n,b,e,c,b,t,f,f,f,f,f,f,t,t,b,s,i,m,c,i
r,n,f,t,d,c,c,f,t,t,f,f,f,f,f,t,c,m,s,o,o,i
p,o,n,v,d,h,f,t,f,f,f,f,f,f,f,t,b,m,s,o,c,i
r,n,s,b,n,s,a,f,f,f,f,f,f,f,f,f,b,m,i,m,?,i
p,o,s,a,n,p,d,f,f,f,f,t,f,f,t,t,a,l,i,o,o,i
r,k,n,t,d,t,e,f,f,f,f,t,t,f,f,t,c,m,s,m,o,i
r,n,n,t,d,c,f,f,f,f,f,f,f,f,f,t,a,m,l,o,c,i
p,n,n,r,d,s,b,f,f,f,f,f,t,t,t,t,a,s,i,o,o,i
p,o,f,t,e,c,d,f,f,f,f,f,f,f,f,f,c,s,s,o,c,i
r,n,n,r,d,s,a,f,f,f,f,f,f,f,t,f,a,l,i,o,?,i
r,n,n,v,n,t,f,t,t,f,f,t,f,f,f,t,a,l,i,m,c,i
p,f,n,a,d,s,c,f,f,t,f,f,f,f,f,f,a,m,s,m,?,i
p,n,m,t,n,s,d,f,f,f,f,f,f,f,f,t,a,l,i,o,o,i
p,n,n,t,d,s,e,t,f,t,f,f,f,t,t,f,b,l,i,o,?,i
r,n,n,a,d,c,c,f,f,f,f,f,f,f,f,t,b,l,l,o,o,i
r,o,n,v,d,c,c,f,f,t,f,f,f,f,f,f,a,m,s,o,?,i
r,n,n,r,d,c,c,f,t,t,f,f,f,f,t,t,c,m,s,o,o,i
p,n,s,d,n,h,d,t,f,f,f,f,f,f,f,t,b,m,s,o,c,i
r,n,m,h,e,p,e,f,f,f,f,f,t,f,f,t,b,m,i,o,o,i
r,n,n,t,d,h,e,f,t,f,f,f,f,f,f,t,c,m,s,m,?,i
p,n,n,r,n,s,a,f,t,f,f,f,f,f,f,t,a,m,s,o,c,i
p,n,m,b,d,c,b,f,t,f,f,f,f,f,f,t,a,m,s,o,?,i
p,n,n,b,d,h,c,f,f,t,f,f,t,f,t,f,c,l,s,o,o,i
r,n,n,a,d,h,a,f,f,t,f,f,f,f,t,t,a,m,s,o,o,i
r,u,n,a,e,h,e,f,f,f,f,f,f,f,f,t,c,s,i,o,o,i
p,n,m,r,n,c,c,f,f,f,f,f,f,f,t,t,a,m,s,o,?,i
p,n,f,r,d,s,a,f,f,f,f,f,t,f,t,t,a,m,s,m,?,i
r,u,m,a,e,h,d,f,t,f,f,f,f,f,f,t,b,s,i,o,c,i
r,u,n,t,d,h,b,f,f,f,f,t,f,f,f,t,a,l,i,o,o,i
p,f,m,b,d,c,e,f,f,t,t,f,f,f,f,t,b,m,l,o,?,i
r,n,n,v,e,s,a,f,f,t,f,f,f,f,f,t,c,l,s,m,?,i
r,n,s,b,e,s,a,f,t,f,f,f,f,f,f,t,a,l,s,o,?,i
r,n,n,t,e,s,a,f,f,t,t,t,f,f,f,t,a,m,s,o,c,i
r,n,n,a,d,h,c,f,f,f,t,f,t,f,f,t,b,l,l,m,?,i
p,n,n,v,d,s,e,f,f,f,f,t,t,t,t,t,b,s,i,m,o,i
p,k,n,v,e,c,d,f,f,f,f,f,f,f,t,t,b,l,i,o,c,i
r,n,n,t,e,s,a,t,t,t,f,f,f,t,t,t,b,m,s,m,o,i
p,k,n,b,e,h,d,f,t,t,f,f,t,f,f,t,c,l,s,m,o,i
r,n,m,a,d,h,c,f,f,f,f,f,f,f,t,f,a,l,l,o,?,i
r,n,m,r,n,h,e,f,f,f,f,f,t,f,f,f,b,m,l,o,?,i
r,o,n,t,d,c,b,t,t,t,f,f,f,f,f,t,b,m,i,m,?,i
p,u,n,r,e,c,e,f,f,t,f,f,f,f,f,t,a,m,i,o,c,i
r,n,n,d,e,c,d,t,f,f,f,f,f,f,f,t,a,m,i,o,o,i
r,k,n,a,d,h,d,f,t,f,f,f,f,f,f,f,b,m,i,o,?,i
r,n,n,a,e,h,c,f,f,f,t,f,f,f,t,t,a,m,i,m,o,i
p,n,s,t,e,s,a,f,f,f,f,f,t,f,f,t,b,m,i,m,o,i
p,f,f,t,e,h,a,f,f,f,f,f,f,f,t,t,c,l,s,m,?,i
r,n,n,d,n,p,e,f,f,f,f,f,f,t,f,t,c,m,s,o,o,i
r,n,m,h,e,s,d,t,f,t,f,f,f,f,t,t,a,m,s,m,?,i
p,k,m,t,d,s,d,f,t,f,f,f,f,f,f,t,a,m,i,m,c,i
r,n,n,d,d,c,c,f,f,f,f,f,f,f,f,t,b,m,i,o,o,i
p,n,m,t,e,h,a,f,f,t,f,t,f,f,t,t,a,m,l,m,?,i
r,n,n,b,d,t,b,f,t,f,f,f,t,f,f,t,a,m,i,o,c,i
p,u,n,r,n,s,d,t,t,f,t,f,f,f,f,f,a,m,i,o,o,i
p,k,f,a,d,p,a,f,t,f,f,f,f,f,f,t,c,l,i,o,c,i
r,n,m,b,d,c,f,f,f,f,t,f,f,f,f,f,c,m,i,m,c,i
p,n,n,r,d,c,a,f,t,f,t,f,t,f,t,t,a,s,s,o,?,i
p,k,n,t,n,h,d,f,f,f,f,f,f,t,f,t,a,s,i,o,c,i
p,n,s,h,e,s,b,f,f,f,f,f,f,f,f,t,c,l,s,o,c,i
p,k,n,t,e,s,f,f,f,f,t,f,f,f,t,t,c,m,i,o,?,i
p,f,s,t,d,c,e,f,f,t,f,f,f,f,f,t,c,s,s,m,o,i
p,n,s,d,n,s,b,f,f,f,f,f,f,f,f,t,b,m,i,m,o,i
r,n,n,a,n,s,c,f,f,f,f,t,f,t,f,t,b,m,i,o,o,i
r,n,m,a,d,s,f,f,f,f,f,f,f,f,f,t,a,m,s,o,?,i
r,n,m,t,n,p,d,t,f,f,f,f,f,f,f,t,c,m,s,o,?,i
p,n,m,t,n,s,a,f,t,t,f,f,f,f,f,t,c,l,s,m,c,i
p,u,n,t,d,h,e,f,t,f,f,t,f,f,f,t,a,s,s,o,o,i
r,n,n,a,d,c,b,t,f,t,f,f,f,f,f,t,a,s,s,o,?,i
r,k,n,b,e,p,b,f,f,f,f,f,t,f,f,f,b,s,i,m,o,i
p,f,n,a,d,c,e,t,f,t,f,f,f,f,f,t,c,l,l,m,?,i
p,n,m,d,n,h,f,f,f,f,f,f,f,f,f,f,b,m,i,o,o,i
p,n,m,d,e,s,a,f,f,f,f,f,f,f,t,f,c,s,i,m,o,i
p,n,n,a,d,s,c,t,t,f,t,f,f,f,f,f,b,l,l,m,o,i
p,f,n,h,d,s,b,f,f,f,t,f,f,f,f,f,b,l,s,o,?,i
p,n,n,d,e,h,f,f,t,t,t,f,f,f,f,t,b,l,s,o,?,i
p,f,m,d,d,h,f,f,t,f,f,t,f,f,f,f,c,m,s,m,?,i
r,u,n,v,d,h,f,f,f,f,f,f,f,f,f,t,c,m,i,m,o,i
p,f,m,t,d,h,a,f,t,f,t,f,f,f,t,t,c,m,i,m,c,i
r,u,n,t,n,c,a,f,t,t,f,f,f,f,t,f,b,m,s,o,?,i
p,f,n,d,d,s,d,f,t,f,f,f,t,f,t,t,a,m,l,m,c,i
p,o,s,b,d,t,a,f,f,t,f,f,f,f,f,t,a,m,i,o,c,i
r,o,n,d,n,p,a,t,f,t,f,f,f,f,f,f,a,l,l,o,?,i
p,f,n,v,d,s,b,t,f,f,f,f,f,t,f,f,c,m,l,o,c,i
p,o,m,t,e,h,d,f,t,t,f,f,f,f,f,t,a,m,i,o,o,i
r,u,n,a,d,t,d,t,t,f,f,f,f,f,t,f,a,m,i,o,o,i
p,n,s,h,n,t,e,f,t,t,t,t,f,t,f,t,c,m,i,o,o,i
p,k,s,t,d,h,a,f,f,f,f,f,f,f,f,t,c,l,i,o,?,i
p,k,m,v,d,s,e,f,f,f,t,t,f,f,t,f,a,m,s,o,o,i
p,o,n,h,d,t,c,f,t,f,f,t,f,f,f,t,b,m,l,o,?,i
r,n,n,t,n,c,b,f,f,t,f,f,f,f,t,t,b,s,i,o,c,i
p,o,s,t,n,c,d,t,t,f,t,f,f,f,t,f,a,l,i,o,o,i
p,o,n,b,d,s,e,t,f,f,f,f,f,f,f,t,b,m,l,m,c,i
p,u,s,d,d,p,a,f,f,f,f,f,f,t,f,f,b,m,s,m,o,i
p,n,m,b,d,h,e,f,f,t,f,f,f,f,t,t,c,m,i,o,c,i
p,f,n,t,d,h,d,f,f,f,f,f,f,f,f,t,b,l,i,o,?,i
p,f,n,t,d,c,d,f,f,f,f,f,f,f,f,t,c,m,s,m,?,i
p,u,m,a,n,h,f,t,f,t,f,f,f,f,f,f,a,m,i,o,?,i
r,u,n,a,d,h,d,f,t,f,f,f,f,f,f,t,a,m,s,m,c,i
r,k,n,t,n,c,d,f,f,f,t,f,f,f,f,f,c,m,i,m,c,i
p,k,m,d,d,c,b,f,f,f,f,f,f,f,t,f,a,s,i,o,o,i
r,n,n,t,n,t,c,f,t,t,f,t,f,f,f,t,a,m,i,o,o,i
p,u,n,d,e,h,e,t,f,f,f,f,f,f,t,f,c,l,i,m,o,i
r,n,m,d,d,s,f,f,t,f,f,t,t,f,f,t,a,m,i,m,?,i
p,f,m,r,n,s,e,f,t,f,f,f,f,f,f,t,b,m,s,o,c,i
p,o,n,r,d,h,e,f,t,f,f,t,f,f,f,f,a,s,s,o,c,i
p,n,s,t,n,s,d,f,f,f,f,f,f,f,f,t,a,m,i,m,o,i
p,n,s,b,n,h,e,f,t,f,f,f,f,f,f,t,c,s,i,o,o,i
r,n,n,a,n,h,b,f,f,f,f,f,f,f,t,t,b,m,i,o,c,i
r,o,n,t,n,h,c,t,t,t,t,f,f,f,f,f,c,l,i,m,?,i
p,k,m,b,d,s,d,t,t,f,f,t,t,t,f,t,b,m,i,o,?,i
r,n,n,t,d,h,c,f,f,t,t,t,f,f,t,t,c,m,l,m,o,i
p,f,m,t,e,s,d,f,t,f,t,f,f,f,t,t,a,l,s,o,o,i
r,n,n,r,d,h,f,f,f,f,f,f,f,f,f,t,b,s,s,m,o,i
r,u,n,a,e,s,e,f,f,f,f,f,f,f,f,t,a,m,i,m,c,i
r,n,n,t,d,t,e,f,t,t,f,f,f,f,f,t,a,s,s,o,o,i
r,n,n,t,e,h,e,f,f,t,f,f,f,f,t,t,b,m,i,o,o,i
r,n,s,t,d,c,e,t,t,t,f,f,f,f,f,t,a,s,s,o,o,i
p,k,n,b,d,p,d,f,t,f,t,f,f,f,f,t,b,m,s,m,?,i
r,n,s,b,n,p,b,f,f,t,f,f,t,t,f,t,a,m,i,m,o,i
p,f,n,t,n,p,e,f,t,t,f,f,t,f,f,f,a,m,i,o,o,i
p,n,m,r,d,s,b,t,f,f,f,f,f,f,f,t,b,l,s,o,o,i
r,n,s,h,d,s,e,f,t,f,f,f,f,f,t,t,c,l,s,o,?,i
r,n,n,b,e,c,a,t,f,f,t,f,f,t,f,t,c,l,i,o,c,i
r,n,n,b,d,h,c,f,t,f,f,f,f,f,f,t,a,m,i,o,o,i
p,u,m,r,e,h,b,f,t,t,f,f,f,f,t,t,c,s,l,o,o,i
r,n,m,d,n,c,d,t,f,f,f,f,f,f,f,f,a,m,s,o,o,i
p,u,n,d,d,s,e,f,f,f,f,f,f,t,f,t,a,m,i,o,?,i
r,n,n,t,d,s,a,t,f,t,t,f,t,t,t,f,a,s,i,o,c,i
r,n,m,t,d,c,a,f,f,f,t,f,f,f,f,t,a,s,s,o,o,i
r,n,n,t,d,c,f,t,f,f,f,f,t,f,f,f,c,m,s,o,o,i
r,n,m,v,e,p,b,f,t,t,f,f,t,f,f,t,c,l,s,m,c,i
r,o,n,t,d,c,e,f,f,t,t,t,f,f,f,f,b,m,i,o,?,i
p,k,n,d,n,s,e,f,t,f,f,f,f,t,t,t,b,m,i,o,o,i
r,n,m,t,e,s,e,f,f,t,f,f,f,t,f,t,a,m,i,m,?,i
p,f,n,r,d,h,a,f,t,f,f,f,f,f,t,t,a,l,i,o,?,i
p,k,s,t,e,h,e,f,f,t,t,f,f,f,f,t,b,l,s,o,c,i
r,u,n,b,d,c,f,f,t,t,t,f,f,t,f,t,a,l,i,m,o,i
r,u,n,a,d,c,b,f,f,f,f,f,f,f,f,t,b,l,i,m,o,i
p,f,n,v,e,p,e,f,f,f,f,f,f,t,f,f,c,m,s,o,c,i
r,o,n,b,d,h,b,f,t,f,f,f,t,f,f,t,a,m,i,o,c,i
r,o,m,a,d,s,f,f,t,f,f,t,f,f,f,t,b,s,s,m,o,i
p,k,m,v,d,h,b,f,t,t,f,f,f,f,f,t,b,l,s,o,c,i
p,f,m,d,d,s,b,t,t,t,f,f,f,t,t,t,b,m,s,o,o,i
r,n,n,v,e,s,a,f,f,t,f,f,t,f,f,f,a,m,i,m,o,i
p,f,n,v,n,h,f,f,f,t,f,f,f,t,f,f,b,m,i,m,?,i
p,u,n,b,e,h,d,f,f,f,f,f,f,f,f,t,b,s,i,o,c,i
r,n,m,d,n,s,b,f,t,f,f,f,f,f,f,f,a,l,i,o,o,i
p,o,n,b,e,c,a,f,f,t,f,t,f,f,f,t,b,l,s,m,c,i
r,u,n,d,d,c,f,f,t,f,f,f,f,f,f,f,c,l,l,o,o,i
r,n,n,v,n,s,a,f,t,f,f,f,f,t,f,t,b,l,s,o,c,i
p,k,n,t,d,c,d,f,f,t,f,t,f,f,t,t,c,s,s,m,o,i
p,u,m,t,d,s,d,t,f,f,f,f,f,f,f,f,c,l,i,o,?,i
p,u,n,v,n,h,e,f,t,f,t,f,f,f,f,t,c,l,i,m,o,i
p,n,f,r,e,c,d,f,t,f,f,f,f,t,t,t,a,m,s,m,?,i
p,n,n,r,n,h,e,f,f,f,t,t,f,f,f,f,c,s,s,m,c,i
p,f,n,h,d,c,a,f,t,f,f,f,t,f,f,t,b,l,i,o,?,i
r,n,n,b,n,h,c,f,t,f,f,f,f,f,f,f,a,m,i,m,c,i
r,n,m,a,d,s,a,f,f,f,t,f,f,t,t,t,b,s,i,o,?,i
r,n,n,b,d,h,c,f,t,t,f,f,t,f,f,t,c,l,i,m,o,i
r,n,n,t,n,h,d,f,f,f,f,f,f,f,f,t,b,m,i,m,c,i
r,k,m,b,d,s,d,f,f,t,t,f,f,f,f,f,c,l,i,m,?,i
p,f,n,d,e,h,f,f,t,f,t,f,f,f,f,t,c,s,i,o,o,i
p,f,n,t,n,s,f,f,f,f,t,f,f,f,f,t,b,m,l,m,c,i
p,o,n,d,n,h,b,t,f,t,f,t,f,f,f,f,b,l,l,m,?,i
r,n,n,v,d,h,d,t,t,f,f,f,t,f,f,t,c,m,i,o,c,i
r,n,s,t,d,c,e,t,t,t,t,t,f,f,f,f,a,m,i,m,?,i
r,n,m,d,n,p,f,f,f,t,t,f,f,f,f,f,c,m,i,o,c,i
r,n,m,v,e,c,a,f,t,f,f,f,f,f,t,t,a,l,i,o,c,i
p,n,s,b,e,p,d,f,f,f,t,f,f,t,f,t,b,m,i,o,o,i
p,n,m,t,d,h,c,f,f,t,f,f,f,f,f,f,a,m,l,o,c,i
r,n,n,a,d,c,b,f,f,f,f,f,f,f,f,t,c,m,i,o,o,i
p,n,n,r,n,c,d,f,f,f,f,f,f,f,f,f,c,m,i,o,c,i
p,f,n,t,e,p,b,f,f,f,t,f,f,f,t,t,a,s,i,m,o,i
p,k,s,a,n,c,a,f,f,f,t,f,t,f,f,f,b,l,l,m,c,i
p,u,s,d,d,t,e,t,f,f,t,f,f,f,f,t,a,l,s,o,o,i
p,o,m,v,d,h,a,f,f,f,f,f,f,f,f,t,c,l,s,m,o,i
r,k,n,v,e,t,b,f,f,f,f,f,f,f,t,f,c,m,i,m,c,i
r,n,n,h,n,h,d,f,t,f,f,f,f,f,f,t,b,l,l,o,o,i
p,k,s,t,d,s,d,t,t,f,f,f,f,f,f,f,a,s,s,m,c,i
r,n,n,t,d,s,d,t,f,f,f,f,f,f,f,t,b,m,l,m,?,i
r,n,n,r,e,h,f,f,t,f,f,f,f,f,f,t,c,s,s,o,o,i
r,n,n,a,d,s,c,f,f,f,t,f,f,f,f,t,c,m,l,m,?,i
r,n,n,t,d,s,a,f,t,f,f,f,t,f,f,t,b,s,i,m,c,i
r,n,m,v,e,h,a,f,t,f,f,f,f,f,f,t,b,m,l,m,?,i
p,f,s,t,d,c,c,f,t,t,t,f,f,t,t,f,b,m,i,o,o,i
p,o,m,b,e,s,c,f,t,f,t,f,f,f,f,t,a,m,i,m,o,i
r,o,n,b,d,h,f,f,f,f,f,t,f,f,f,t,a,l,i,o,?,i
p,k,n,r,e,c,c,t,t,f,f,f,f,f,f,t,c,s,s,o,c,i
p,k,s,a,n,c,c,f,f,f,f,t,t,f,f,t,b,s,s,o,?,i
p,n,n,t,n,c,f,f,t,f,f,f,t,f,f,t,b,m,i,m,c,i
p,f,n,d,e,s,e,f,f,f,f,f,f,f,f,t,c,s,i,o,c,i
r,k,m,d,e,t,e,f,f,t,t,f,f,f,f,t,b,m,s,o,?,i
p,n,n,b,d,p,c,t,t,t,f,t,f,t,f,t,b,m,i,o,o,i
r,n,n,t,e,h,b,f,f,f,f,t,f,f,t,t,c,l,i,o,?,i
p,u,m,b,d,s,d,f,t,t,t,f,f,f,f,f,c,m,i,o,?,i
r,k,n,a,e,h,a,t,f,f,f,f,f,f,t,f,c,l,i,m,?,i
r,n,n,t,d,p,c,f,t,f,f,f,f,t,f,f,a,m,s,m,?,i
p,k,n,t,d,p,e,f,f,f,f,f,f,f,f,t,a,s,s,m,o,i
r,n,f,t,e,p,c,f,t,f,f,f,t,t,f,t,c,m,i,o,o,i
p,n,m,a,e,t,a,f,t,f,t,f,f,f,f,t,b,l,i,o,c,i
p,n,m,a,d,c,a,f,f,t,t,f,f,f,f,t,a,m,i,o,?,i
r,n,n,d,e,s,f,f,f,t,f,t,f,t,f,f,c,m,s,o,c,i
p,f,s,b,e,s,b,f,f,f,f,f,f,f,t,t,a,l,s,o,c,i
p,n,s,a,n,s,c,f,f,f,f,f,f,f,f,f,a,l,i,m,c,i
p,o,n,t,e,s,e,f,f,t,f,f,f,f,f,t,a,m,l,m,o,i
r,n,n,d,d,s,b,f,f,t,f,f,f,f,f,t,a,l,i,o,c,i
p,f,m,t,n,h,e,f,f,f,t,f,f,f,t,t,c,l,l,o,?,i
p,f,m,t,d,c,a,f,f,f,t,t,f,t,f,t,a,m,s,m,c,i
p,f,m,r,d,s,e,f,f,f,f,f,t,t,f,t,a,m,s,o,o,i
p,k,f,v,d,p,a,f,f,f,t,f,t,f,t,t,b,l,s,m,?,i
p,u,m,v,e,t,b,f,f,f,f,f,f,f,f,t,c,l,s,o,o,i
p,k,n,a,e,s,b,t,t,f,t,f,f,f,t,t,a,m,l,o,c,i
p,f,n,a,e,s,f,f,t,f,f,f,f,f,f,t,c,s,i,o,?,i
p,f,m,a,n,h,c,f,f,f,f,f,f,t,f,t,c,m,s,o,?,i
r,n,n,b,e,p,e,f,f,f,t,f,f,f,f,t,a,m,i,o,c,i
r,n,n,a,d,c,d,f,t,t,t,t,t,f,t,t,a,m,l,o,o,i
r,n,m,a,e,s,e,f,f,f,t,f,f,f,f,t,a,l,i,o,o,i
r,n,n,t,e,c,d,f,f,t,f,f,f,f,f,f,b,l,i,m,o,i
r,n,m,d,e,p,c,f,f,f,t,f,f,f,f,t,c,l,s,o,o,i
r,n,n,t,e,s,d,f,t,f,f,f,f,f,f,t,c,s,l,m,c,i
p,k,n,t,e,c,b,t,t,t,f,t,t,f,f,t,b,s,s,m,o,i
r,n,n,d,e,h,f,f,f,f,t,f,t,f,f,f,c,s,i,o,o,i
p,o,m,v,d,s,f,f,t,f,t,f,f,f,t,t,b,l,i,o,?,i
r,n,m,b,n,t,a,f,t,f,t,f,f,f,t,t,c,m,l,o,c,i
p,f,n,r,d,s,f,t,t,f,f,f,f,t,f,f,a,m,s,o,o,i
r,n,n,t,d,p,a,f,f,f,f,f,f,f,t,t,c,m,i,o,o,i
r,n,n,v,e,c,d,f,t,t,f,f,f,t,f,f,a,m,l,o,?,i
r,n,m,t,n,s,e,f,f,f,f,f,f,f,f,t,a,s,s,m,?,i
p,f,f,h,e,c,b,f,f,f,f,f,t,t,f,f,b,m,s,o,o,i
p,n,m,t,e,s,a,f,f,f,f,t,f,f,f,t,c,l,i,m,?,i
r,u,n,r,n,s,e,f,t,f,f,f,f,f,t,f,a,m,s,m,c,i
p,n,m,b,d,s,c,f,f,f,f,f,f,f,f,t,c,m,l,m,?,i
p,k,n,t,d,p,c,f,f,f,f,f,f,f,f,t,c,m,l,m,o,i
r,n,n,a,e,t,e,f,f,t,t,t,f,f,t,f,a,m,i,o,c,i
r,k,n,v,e,s,b,f,t,f,t,f,t,f,f,t,a,s,s,o,o,i
r,n,n,t,e,h,a,t,t,t,f,f,f,f,t,t,c,m,i,o,c,i
r,n,n,h,n,t,f,f,f,t,f,f,f,f,t,f,a,m,s,m,?,i
p,n,m,a,d,c,d,t,f,t,t,f,f,t,t,t,a,s,s,m,c,i
p,n,n,r,d,s,d,f,t,f,t,f,f,f,f,t,b,m,i,m,o,i
p,n,m,r,e,h,b,t,f,f,f,f,f,f,f,f,b,l,l,o,?,i
p,u,s,b,e,h,f,f,t,f,t,f,f,f,f,t,a,l,s,o,o,i
r,n,n,r,e,s,b,f,f,f,f,f,f,f,t,t,b,m,i,o,o,i
r,n,n,v,n,h,a,f,t,t,f,f,f,f,t,f,a,m,i,o,o,i
p,u,m,r,e,c,b,f,f,f,f,f,f,f,t,f,a,l,i,o,c,i
r,n,n,b,n,c,e,f,t,f,f,f,f,f,f,t,a,m,i,o,?,i
r,n,n,r,d,h,b,t,t,f,f,f,f,f,f,t,b,l,i,m,?,i
p,f,n,a,d,c,b,f,f,t,t,f,f,f,t,t,a,s,s,o,c,i
p,u,m,t,d,h,c,f,t,f,f,f,f,f,t,t,b,l,i,o,?,i
p,f,m,t,n,c,d,t,f,f,f,t,f,f,t,t,b,l,i,o,?,i
p,n,m,r,d,s,a,t,f,f,t,f,f,f,f,f,b,m,s,o,?,i
p,u,m,d,d,h,d,f,f,t,f,f,f,t,t,t,a,m,l,m,o,i
r,n,n,t,d,h,c,f,t,f,f,f,f,f,t,t,c,m,i,o,c,i
p,u,m,b,d,h,b,f,t,f,f,f,f,f,f,t,c,s,s,o,o,i
p,o,s,t,e,c,a,t,f,f,f,f,f,t,f,t,a,m,i,m,o,i
r,u,n,b,n,h,f,t,t,t,f,f,f,f,f,t,b,l,i,o,o,i
p,n,f,v,d,h,d,f,t,t,f,f,f,f,f,t,b,m,i,o,c,i
p,n,s,v,e,h,a,f,f,f,f,f,f,f,f,t,b,m,i,o,c,i
p,f,n,v,d,c,b,f,t,f,t,f,f,f,t,t,b,m,i,o,?,i
p,k,n,v,d,c,a,f,f,f,t,f,f,f,f,t,b,m,s,m,c,i
r,k,n,t,d,c,c,f,t,f,f,f,f,f,f,f,b,m,s,m,o,i
p,u,m,b,e,p,d,f,t,t,f,f,t,f,t,f,b,m,i,m,o,i
r,k,n,t,e,c,a,f,f,f,f,t,f,f,f,t,a,l,s,m,c,i
p,n,n,d,e,s,f,f,f,t,f,f,f,f,f,t,b,s,i,m,o,i
r,n,n,v,n,p,b,f,t,f,f,f,f,f,f,t,a,m,i,o,o,i
r,n,s,t,d,s,b,f,t,t,f,f,f,f,t,t,a,m,i,o,c,i
r,n,m,t,e,c,a,f,f,f,f,f,f,f,f,t,b,s,s,o,o,i
r,n,m,a,e,t,a,f,f,f,f,f,f,f,t,t,b,s,i,o,?,i
r,o,n,h,d,s,e,f,f,f,f,f,t,f,f,t,a,l,s,m,o,i
p,f,n,t,d,s,c,t,t,t,f,f,f,f,t,t,c,l,i,m,o,i
p,k,m,b,d,s,e,f,f,f,t,t,f,f,f,f,c,m,s,m,c,i
r,n,n,a,d,t,b,f,f,t,t,f,f,f,t,t,a,l,l,o,o,i
p,f,n,r,d,h,b,f,f,f,t,f,f,f,f,f,c,m,i,m,?,i
p,o,f,r,d,c,c,f,f,f,f,f,t,f,f,t,a,s,i,o,c,i
r,u,n,t,n,s,c,f,t,t,f,f,t,f,f,t,c,l,s,m,c,i
r,k,m,v,n,s,a,f,t,f,f,f,f,f,t,t,a,m,i,o,o,i
r,o,m,t,e,s,a,f,t,t,f,f,f,f,f,t,a,m,s,o,o,i
r,k,m,v,e,p,f,f,t,f,f,f,t,f,f,t,c,m,i,o,c,i
r,n,n,t,n,s,d,f,t,f,f,f,f,f,f,t,b,m,i,o,?,i
p,u,n,b,d,t,a,f,f,f,f,f,f,f,f,t,a,l,i,m,o,i
p,n,n,a,e,c,e,f,f,f,t,t,f,f,f,f,c,m,i,o,?,i
r,n,n,r,e,t,b,f,f,f,f,f,f,f,f,t,b,s,i,m,c,i
r,n,n,t,n,h,e,f,f,t,f,f,f,f,f,f,b,m,l,m,o,i
p,k,n,b,n,h,f,f,t,f,f,f,f,f,f,t,c,l,i,o,?,i
p,k,m,t,d,s,a,t,t,f,f,f,f,f,f,t,b,s,s,o,o,i
p,f,n,a,e,h,f,f,f,t,t,f,f,f,f,t,a,m,l,o,?,i
r,n,n,d,d,h,a,t,f,t,f,f,f,t,f,t,c,m,i,m,o,i
r,n,n,b,d,s,b,t,f,t,f,f,f,f,f,t,a,m,i,o,c,i
p,u,n,b,e,t,d,f,f,f,f,f,f,f,f,f,b,l,i,o,o,i
p,n,n,r,e,s,e,f,f,f,f,f,f,f,f,t,b,s,i,o,c,i
r,u,n,a,d,s,a,f,t,f,f,f,f,f,f,t,a,l,i,o,c,i
p,n,f,d,d,h,a,t,t,f,f,f,f,f,f,t,a,s,s,o,c,i
p,k,f,a,e,h,b,f,t,f,f,f,f,t,t,t,c,m,i,o,?,i
p,k,m,d,d,s,b,f,f,f,f,f,f,f,f,t,b,s,i,m,o,i
p,o,n,d,n,t,b,f,f,f,f,t,f,f,f,t,b,l,s,m,o,i
r,n,m,a,e,s,a,f,t,t,f,f,t,f,t,t,c,l,s,m,c,i
p,u,s,a,e,h,f,f,f,f,f,f,f,f,f,f,b,s,s,m,c,i
p,k,n,r,d,s,e,f,f,f,f,f,f,f,f,f,c,m,i,o,c,i
p,k,n,v,n,s,f,f,t,f,f,f,t,f,f,t,a,m,s,o,o,i
r,k,m,t,n,h,a,f,t,f,f,f,f,f,f,f,c,m,s,m,?,i
p,n,f,t,d,p,a,f,f,f,f,f,t,t,f,f,c,l,l,o,o,i
p,k,n,t,e,h,c,f,f,f,t,f,t,f,f,t,c,l,i,m,c,i
r,n,n,v,n,s,d,f,f,f,f,f,f,t,f,t,a,m,s,o,?,i
r,n,n,v,d,s,d,f,t,t,f,t,f,f,t,t,a,s,s,o,c,i
p,f,n,t,e,t,a,f,f,t,f,f,f,f,t,t,c,m,i,m,?,i
p,k,m,b,n,s,e,f,t,f,f,f,f,t,f,t,b,m,s,m,o,i
r,n,n,v,e,h,c,f,f,f,f,f,f,f,t,t,c,m,s,m,o,i
p,n,s,d,n,s,b,f,t,f,f,f,f,f,f,t,b,m,s,o,?,i
r,n,m,t,d,s,c,f,t,f,f,f,f,f,t,t,a,m,i,m,o,i
p,n,n,a,n,s,a,f,t,f,f,f,t,f,t,t,a,m,i,o,c,i
p,k,m,a,n,s,b,t,f,t,f,f,f,f,f,t,c,s,i,o,o,i
p,n,m,r,d,h,f,f,t,f,f,f,f,t,t,t,a,s,s,m,?,i
r,u,n,t,e,h,d,f,t,f,f,f,f,f,t,t,b,s,i,o,o,i
r,n,n,t,e,p,a,t,t,f,f,f,f,f,f,t,c,s,i,o,o,i
r,n,m,v,n,s,b,f,f,f,f,f,f,f,t,f,c,s,s,o,?,i
p,u,n,b,d,h,a,t,f,f,f,f,f,f,f,t,a,l,i,m,o,i
r,n,n,t,d,h,f,f,f,t,f,f,f,f,f,f,a,m,s,o,o,i
r,n,n,a,n,s,e,f,t,t,f,f,f,f,f,t,a,m,l,m,o,i
p,u,n,t,d,s,c,f,f,f,f,f,t,f,t,f,c,m,i,o,?,i
r,u,m,a,e,s,f,t,f,f,f,f,f,t,t,t,b,l,s,m,?,i
p,f,n,a,e,s,b,t,t,t,f,f,f,f,f,f,a,m,i,o,c,i
p,n,m,t,n,h,f,t,f,f,f,f,f,t,f,f,b,l,s,o,?,i
r,k,n,t,d,s,c,f,t,t,f,f,f,f,f,f,b,m,s,o,c,i
p,u,m,d,n,h,e,f,t,t,f,t,f,f,t,f,a,m,s,o,o,i
p,u,n,d,e,h,f,f,t,t,f,f,f,f,f,f,b,s,s,m,?,i
p,n,s,t,n,h,c,t,f,f,t,f,f,f,f,f,b,m,s,o,c,i
p,n,s,r,d,s,a,t,f,t,f,f,t,f,f,t,a,s,i,o,o,i
r,n,n,t,e,h,a,f,t,t,f,f,f,f,f,t,b,m,l,o,c,i
r,n,m,v,n,h,b,f,f,t,f,f,f,f,f,t,b,l,i,o,c,i
p,f,n,d,n,t,b,f,f,f,f,f,f,f,f,t,b,s,s,o,?,i
p,n,m,r,d,s,c,f,f,t,f,f,f,f,f,t,b,s,i,o,?,i
p,n,m,r,e,s,c,f,t,f,f,f,f,f,f,f,a,m,s,m,?,i
r,n,n,a,d,p,a,f,f,t,f,f,f,f,t,t,a,s,s,m,?,i
p,k,n,t,d,s,f,t,t,f,f,f,f,f,t,t,b,m,s,m,o,i
r,n,n,b,e,s,a,f,t,t,f,f,f,f,f,t,a,l,s,o,o,i
r,n,m,t,n,p,a,t,f,f,f,f,f,f,t,t,c,m,s,o,o,i
p,n,m,r,e,h,a,f,f,t,t,f,f,f,f,t,b,m,i,o,o,i
p,u,n,b,d,h,f,f,t,f,f,f,f,f,f,f,b,m,s,o,c,i
r,n,n,t,d,s,c,f,f,t,f,f,f,f,t,t,c,m,s,m,o,i
r,k,n,b,d,s,a,f,t,t,f,f,f,f,t,t,c,l,i,m,?,i
r,n,n,v,d,s,a,t,t,f,f,f,f,f,t,t,b,s,s,m,?,i
r,n,n,b,n,c,b,f,t,f,t,f,f,t,t,t,b,l,s,m,o,i
r,n,n,b,d,h,f,f,t,f,f,f,f,f,f,f,a,l,s,m,o,i
p,n,s,d,d,h,c,t,f,f,t,f,f,f,f,t,b,m,s,o,o,i
r,n,n,t,e,t,b,f,t,f,f,f,f,f,t,t,b,l,s,o,o,i
p,k,m,r,d,t,b,f,f,f,t,f,t,f,t,f,a,s,s,m,o,i
p,f,n,a,d,s,a,f,t,f,f,f,f,f,t,t,c,m,s,o,o,i
r,n,n,t,e,h,c,f,t,t,t,f,f,f,t,t,a,l,l,o,c,i
r,n,m,h,d,c,c,f,f,t,f,f,f,f,t,f,c,l,s,o,o,i
p,k,n,a,e,c,e,t,t,t,f,f,f,f,f,t,a,l,s,o,o,i
r,n,n,a,e,t,a,f,t,f,f,f,f,f,f,t,c,m,i,o,c,i
p,n,f,t,e,c,a,f,t,f,t,f,t,t,t,t,c,s,s,o,c,i
r,n,s,h,d,c,d,f,t,t,f,f,f,f,t,t,a,l,s,m,?,i
r,n,m,d,d,s,e,f,f,f,f,f,f,f,t,t,c,m,i,m,o,i
r,n,n,t,e,h,c,t,f,f,f,f,f,f,f,t,a,l,s,m,?,i
r,u,n,b,d,h,e,f,t,f,t,f,t,t,f,t,b,m,i,m,o,i
r,u,n,t,d,c,e,f,t,t,f,f,f,f,t,t,b,l,i,o,c,i
p,u,s,v,d,h,f,t,t,f,f,f,f,f,t,t,c,m,s,o,?,i
r,n,m,b,d,h,b,t,f,t,t,f,f,f,t,f,b,m,l,o,c,i
r,n,n,t,d,h,f,f,t,t,t,f,f,f,f,f,a,s,s,o,?,i
p,n,s,b,n,t,d,t,t,f,f,f,f,f,f,f,c,l,i,m,?,i
r,n,n,d,e,s,d,f,f,t,t,t,f,f,t,t,a,m,i,m,o,i
r,n,n,a,e,c,d,t,f,f,f,f,f,f,f,f,c,s,l,o,c,i
r,n,n,t,d,h,a,f,f,t,f,t,f,t,f,f,c,s,i,o,o,i
r,n,n,d,d,h,d,f,f,f,f,f,t,f,f,t,c,m,s,m,o,i
r,n,s,t,n,h,e,f,t,f,t,f,f,f,f,t,a,l,s,o,?,i
p,n,s,b,e,h,f,f,t,f,f,f,t,f,f,t,a,s,l,m,c,i
p,f,n,b,n,c,c,t,f,t,f,f,f,f,f,f,c,m,s,o,c,i
r,n,n,t,d,s,f,f,f,t,f,f,f,f,f,f,c,l,s,o,o,i
p,o,n,t,d,t,a,f,t,t,f,f,t,t,f,t,a,m,s,m,?,i
r,n,n,t,e,c,f,f,t,t,f,f,f,f,f,f,b,m,i,m,?,i
r,k,n,t,d,h,d,f,t,t,f,f,f,f,t,f,a,m,s,m,o,i
r,n,n,b,d,s,d,f,f,f,f,f,f,f,f,t,b,s,s,o,?,i
p,k,n,d,d,s,d,t,t,f,f,f,f,t,f,t,b,s,l,m,o,i
r,n,n,t,d,s,f,f,f,f,f,f,t,f,f,t,a,l,l,o,c,i
r,n,n,v,n,s,a,f,f,f,f,f,f,f,t,t,a,l,s,m,o,i
p,k,s,a,n,s,c,f,f,f,f,t,t,f,f,t,a,m,i,m,c,i
r,n,n,t,e,t,f,f,f,f,t,t,f,f,f,t,c,l,i,m,o,i
p,n,n,b,d,c,a,f,t,f,f,f,t,f,f,t,a,s,i,o,o,i
r,u,n,t,n,p,d,f,t,t,f,f,f,f,f,t,a,m,i,o,o,i
p,n,m,r,e,h,c,t,t,t,f,f,f,f,f,t,a,m,i,m,c,i
p,k,n,a,n,h,e,t,f,t,f,f,f,f,t,t,b,m,i,o,o,i
p,k,n,r,e,p,f,f,f,f,f,f,t,t,t,f,c,m,s,o,?,i
r,n,m,d,n,s,b,f,f,t,t,f,f,t,f,f,c,s,l,o,c,i
r,n,m,t,d,c,d,f,t,f,f,t,f,f,t,f,b,l,s,o,o,i
r,n,n,d,e,p,c,f,t,t,f,f,f,f,f,f,a,l,l,m,o,i
p,f,n,t,n,t,d,f,f,f,t,f,f,f,f,t,a,s,s,o,c,i
r,n,s,t,n,h,b,f,f,f,f,f,f,f,f,f,a,m,s,o,c,i
r,n,n,t,n,p,b,f,f,t,f,f,f,f,f,t,c,m,i,o,c,i
r,n,n,v,d,h,c,f,f,t,f,f,f,f,t,t,b,s,i,m,?,i
p,u,n,r,e,s,a,t,t,f,f,f,f,f,t,f,b,s,i,m,c,i
p,o,n,h,d,s,e,f,f,f,f,f,f,f,f,t,c,s,i,m,?,i
r,u,m,v,e,h,a,f,t,f,t,f,t,f,f,f,a,s,l,o,c,i
p,f,m,a,d,s,f,t,f,t,f,f,t,f,t,t,b,m,i,o,o,i
p,f,n,d,e,s,f,f,f,f,f,f,f,f,f,t,b,l,i,m,o,i
p,k,n,h,n,s,d,f,f,t,f,f,f,f,t,f,c,m,i,o,o,i
p,u,n,v,n,p,f,f,f,f,f,f,f,t,f,t,b,m,s,o,?,i
p,k,m,b,e,p,f,f,t,f,t,f,f,t,f,t,c,l,s,m,?,i
p,n,n,d,d,p,e,f,f,t,f,f,t,f,t,f,b,l,l,o,c,i
p,f,n,t,d,h,d,f,f,f,f,f,f,f,f,t,a,m,s,o,o,i
p,k,m,d,d,t,c,f,f,t,f,f,f,f,t,t,a,m,i,o,c,i
r,n,n,h,d,h,e,f,t,t,f,t,f,f,f,t,a,s,s,m,?,i
r,n,n,r,n,h,d,f,t,f,f,f,f,f,t,t,a,s,i,m,c,i
r,n,n,t,e,h,c,t,f,t,f,f,f,f,f,f,b,m,s,o,o,i
p,o,m,t,d,s,c,f,f,f,t,f,t,f,f,t,b,l,s,o,o,i
r,n,n,h,e,h,b,f,t,f,f,f,f,f,f,t,a,l,i,o,o,i
p,o,m,d,d,h,e,t,t,f,f,f,f,f,f,f,c,m,i,m,o,i
r,n,m,v,d,t,f,f,f,t,t,f,f,f,f,t,a,s,i,m,c,i
p,f,m,d,d,s,a,f,t,t,f,f,t,f,f,t,c,l,i,m,c,i
r,n,n,b,d,s,a,f,t,f,f,f,f,t,t,f,a,m,l,o,o,i
p,u,m,d,e,h,f,f,f,f,f,f,f,f,f,f,a,m,l,m,o,i
r,k,n,t,e,s,a,f,f,f,t,f,t,f,f,t,b,s,i,o,o,i
p,n,s,t,e,t,e,f,t,f,f,f,f,t,f,t,a,m,i,m,o,i
p,n,m,b,n,h,c,t,f,f,f,f,f,f,f,t,b,m,s,o,?,i
r,n,n,a,n,h,c,f,f,f,f,f,f,f,f,t,c,m,i,o,o,i
r,n,m,a,n,c,a,f,f,f,f,f,f,f,f,t,b,l,s,o,o,i
p,f,n,v,n,h,a,t,f,f,f,f,f,f,t,f,c,s,i,o,c,i
p,u,n,t,n,s,d,f,f,f,f,f,f,f,f,t,a,m,i,o,c,i
p,f,n,v,n,h,b,f,t,t,f,f,f,t,t,t,b,m,s,o,?,i
p,k,n,t,d,s,e,f,t,f,f,f,f,f,t,f,b,m,l,o,c,i
r,n,m,d,d,c,f,f,t,f,f,f,f,f,f,t,a,m,s,o,c,i
p,o,s,t,e,p,e,f,t,f,f,f,f,t,f,t,c,s,s,o,c,i
r,o,n,v,n,s,c,f,f,t,f,t,f,f,f,t,b,l,i,o,o,i
p,n,m,b,n,c,c,t,f,t,f,f,f,f,f,t,a,l,l,o,o,i
p,u,m,a,e,c,a,f,f,f,t,f,f,t,f,t,c,m,s,o,o,i
r,n,m,t,n,h,d,t,f,f,f,f,f,f,t,t,a,m,s,o,?,i
r,o,n,t,e,h,c,f,f,f,t,f,f,t,f,f,c,l,i,o,?,i
r,u,n,a,e,h,e,f,f,f,t,f,f,f,f,t,b,m,l,o,?,i
p,f,m,t,d,h,d,f,t,t,t,f,f,f,f,f,b,s,l,m,?,i
r,n,n,t,e,h,a,f,f,t,f,f,f,f,f,t,c,s,i,o,?,i
p,k,n,v,d,s,c,f,f,f,f,f,f,f,f,t,c,l,s,o,o,i
r,n,n,t,d,h,d,f,t,f,f,f,f,f,f,t,a,m,s,m,c,i
r,o,n,t,e,c,e,f,t,f,f,f,f,f,t,t,a,l,s,m,o,i
r,n,n,a,d,h,b,f,f,t,f,f,f,f,t,t,b,l,i,o,c,i
p,f,n,b,n,t,d,t,t,f,t,f,f,f,t,t,b,s,s,o,c,i
r,u,m,b,e,s,a,t,f,f,f,f,f,f,t,f,b,l,s,m,o,i
p,n,f,r,e,h,f,f,f,f,t,f,f,t,f,t,b,l,i,o,c,i
r,n,n,b,d,h,d,f,t,f,t,f,f,f,t,t,b,l,s,m,?,i
p,f,n,b,n,h,e,f,t,f,f,f,f,f,t,t,a,l,i,m,?,i
p,n,m,a,e,t,c,f,f,f,f,f,f,f,f,t,b,s,i,o,o,i
r,n,n,t,e,s,f,f,t,t,f,t,f,f,f,t,b,s,s,o,o,i
p,n,f,v,e,h,e,f,f,t,f,f,f,f,f,f,c,m,l,o,c,i
r,n,n,a,e,h,a,f,f,f,f,f,t,f,f,f,b,m,i,m,c,i
p,f,n,d,e,h,d,f,f,f,f,f,t,f,f,t,a,m,s,o,c,i
p,k,n,b,e,c,b,t,f,f,f,f,f,f,f,t,c,s,s,m,o,i
r,n,n,r,n,c,e,t,f,f,t,t,f,f,f,f,a,m,i,o,c,i
r,n,m,b,d,s,e,f,f,t,t,f,f,f,f,t,b,m,s,o,o,i
p,n,n,d,n,c,c,f,f,t,f,t,f,f,f,t,c,l,i,m,o,i
r,n,m,a,d,c,b,f,t,t,f,f,f,t,f,t,b,l,s,o,c,i
p,f,m,a,d,h,e,f,t,t,f,f,f,f,t,t,c,l,l,m,o,i
r,n,s,d,d,s,e,f,f,f,f,f,f,t,f,t,b,m,i,o,o,i
p,k,s,r,d,t,c,f,t,f,f,f,f,f,t,t,c,m,i,o,o,i
r,u,n,a,d,c,e,f,f,f,f,f,f,f,f,f,a,s,s,o,?,i
p,k,n,t,n,s,b,t,f,f,f,f,f,t,f,t,c,s,s,o,?,i
p,k,m,t,e,s,b,t,f,f,f,f,f,t,f,f,b,m,s,m,o,i
r,n,n,v,n,c,f,f,t,f,f,f,f,f,t,t,a,m,s,o,o,i
r,n,n,t,d,t,e,t,f,t,f,f,f,f,t,f,b,m,l,o,o,i
r,n,n,t,e,h,a,f,f,f,f,f,f,f,f,t,b,s,s,m,o,i
r,o,n,t,d,p,c,f,f,f,t,t,f,t,f,f,a,l,s,o,o,i
r,o,s,h,e,h,c,f,t,f,f,f,f,f,t,t,b,l,s,m,c,i
r,n,n,b,d,h,b,f,t,f,f,t,f,f,f,t,c,s,l,o,c,i
p,n,m,b,e,c,f,t,f,f,f,f,f,f,f,t,a,m,i,o,c,i
p,n,s,d,e,s,a,f,f,f,t,f,f,f,t,t,c,l,i,o,c,i
p,k,n,a,d,s,b,f,f,f,f,f,t,f,t,f,c,m,s,o,o,i
p,k,m,v,d,c,e,f,t,f,f,t,f,f,f,t,c,m,i,m,o,i
p,f,n,v,d,s,a,f,t,t,f,f,t,f,t,t,a,s,l,o,?,i
r,u,n,b,d,s,b,f,t,f,f,f,f,f,t,t,c,m,s,m,c,i
r,n,n,v,e,s,d,f,f,f,t,f,f,t,t,t,a,m,s,m,o,i
p,f,n,h,e,s,b,f,f,t,f,f,f,f,f,t,b,l,i,m,?,i
p,k,n,t,n,s,c,f,f,f,t,f,f,f,f,t,b,m,s,m,o,i
r,n,n,t,n,h,d,f,t,t,f,f,t,f,f,t,c,m,l,m,o,i
p,u,n,d,d,t,f,f,t,f,f,f,t,f,f,t,a,s,i,o,?,i
r,n,n,a,n,c,f,f,t,t,f,f,f,f,f,f,c,s,i,o,o,i
p,f,m,b,n,c,a,f,t,f,f,f,f,f,f,t,b,l,l,m,?,i
p,f,n,t,d,s,d,t,f,f,f,f,t,f,t,t,b,l,s,o,c,i
p,u,m,d,n,s,d,f,t,f,f,t,t,t,f,t,b,l,i,o,c,i
p,k,s,v,e,p,b,f,t,t,f,f,t,t,f,t,a,l,s,m,o,i
p,n,m,h,e,c,b,t,f,f,t,f,f,f,f,t,c,l,i,o,c,i
p,o,n,b,e,p,d,t,f,t,f,f,f,f,f,t,a,s,l,o,o,i
p,o,m,h,n,h,c,f,f,t,f,f,f,f,t,t,b,s,s,o,o,i
p,k,m,b,n,h,f,f,t,t,f,f,f,f,t,t,b,m,s,o,o,i
p,o,s,r,n,h,a,t,f,f,f,f,f,f,f,f,b,l,i,m,c,i
p,n,s,r,d,s,a,t,t,t,f,f,f,f,f,t,b,l,s,m,o,i
p,k,n,b,n,p,f,f,t,t,f,f,f,f,f,t,b,s,l,o,o,i
r,u,n,b,e,s,f,t,f,t,f,f,f,f,f,t,b,l,i,o,o,i
r,n,m,t,n,h,c,t,f,f,t,f,f,f,f,t,c,s,s,o,o,i
p,k,n,a,n,s,e,f,t,f,f,t,f,f,f,t,b,l,i,o,c,i
r,u,n,v,d,c,e,f,f,t,f,f,t,f,t,t,b,m,l,o,?,i
r,o,m,t,d,c,b,f,f,t,f,f,f,f,t,t,a,m,i,m,c,i
p,u,m,v,n,h,d,f,f,t,f,f,f,f,t,t,c,m,i,o,o,i
p,n,n,a,n,t,e,f,t,f,f,f,f,t,f,t,c,l,l,o,c,i
r,u,n,t,n,s,b,f,f,f,f,f,f,f,f,t,a,s,s,o,c,i
r,n,n,r,e,p,f,f,t,f,t,f,f,f,t,t,a,m,l,o,?,i
r,k,n,t,d,c,f,f,t,f,f,f,f,f,f,f,a,m,l,o,o,i
r,n,s,h,e,t,c,f,t,f,f,f,f,f,t,t,b,s,i,o,?,i
p,o,s,h,d,c,a,f,f,t,t,f,f,f,t,f,a,m,l,o,o,i
p,u,n,a,n,h,f,f,f,f,t,f,f,f,f,t,a,m,s,o,o,i
p,f,n,a,e,h,c,f,t,f,f,t,f,f,f,t,c,m,i,o,o,i
p,k,m,t,d,p,a,f,t,f,t,f,t,f,f,f,a,l,s,o,?,i
p,n,m,v,e,p,e,f,f,f,f,f,f,f,t,f,a,m,s,o,?,i
p,k,n,t,n,h,d,f,f,f,f,f,f,f,f,t,b,m,i,m,c,i
p,k,n,d,e,c,a,f,f,t,f,f,f,f,f,t,a,m,s,o,c,i
r,n,n,h,d,h,b,t,f,f,f,f,f,f,f,t,a,l,i,o,o,i
p,k,m,t,e,s,f,f,f,t,f,f,f,f,t,t,b,s,l,o,o,i
p,o,n,r,e,s,f,f,f,t,f,f,f,f,f,t,a,l,i,m,?,i
p,f,n,b,d,c,c,f,t,f,t,f,f,f,f,t,a,l,s,o,o,i
p,o,s,b,e,c,a,f,f,f,f,f,f,f,f,f,b,s,i,m,o,i
r,n,m,t,d,c,b,f,t,t,f,f,f,f,f,f,c,s,s,o,c,i
p,k,s,v,e,h,c,f,f,f,t,f,t,f,t,t,c,l,l,m,c,i
r,n,n,t,e,h,b,f,f,f,f,f,f,f,f,t,a,s,l,o,o,i
r,n,n,d,e,s,d,t,t,t,f,f,t,f,t,t,a,s,i,o,c,i
p,n,s,a,e,s,a,t,f,f,f,f,f,f,f,t,a,l,i,m,o,i
p,n,s,r,e,s,e,f,t,t,f,f,t,f,t,t,b,m,s,o,?,i
r,n,s,d,d,c,e,f,f,f,f,f,f,f,f,t,a,m,i,o,?,i
p,f,m,v,d,c,e,f,t,t,t,f,f,f,f,t,b,m,l,o,c,i
r,n,n,b,n,t,b,f,f,f,f,f,f,f,f,f,b,l,i,o,?,i
r,n,n,a,n,s,d,f,t,t,f,f,f,f,f,t,c,l,i,m,c,i
r,n,n,b,d,p,b,t,t,f,f,f,f,f,f,f,b,s,s,o,?,i
p,k,s,a,d,h,c,f,f,f,t,f,f,f,t,f,b,l,s,o,o,i
r,n,n,d,n,s,d,f,t,t,f,f,f,f,t,t,a,m,s,o,?,i
r,n,m,t,d,c,e,f,f,f,f,f,f,f,f,f,c,l,s,o,o,i
p,k,s,a,n,t,e,f,t,t,t,f,f,f,f,f,a,m,s,o,o,i
p,n,f,v,n,h,b,t,f,f,t,f,f,f,f,t,a,m,l,o,o,i
p,u,s,a,d,c,d,f,t,f,f,f,f,t,f,t,a,s,s,m,c,i
p,n,n,d,d,s,b,f,f,f,t,f,f,t,f,t,c,s,i,o,o,i
r,n,n,t,n,s,d,f,f,f,f,f,f,t,f,f,b,s,l,m,o,i
p,n,f,t,d,s,b,f,t,f,f,f,f,f,t,t,a,m,i,o,?,i
p,k,n,r,e,s,e,f,t,t,f,f,f,f,f,t,a,m,l,o,o,i
r,n,n,b,d,c,f,f,t,f,f,f,f,f,f,t,c,m,i,o,o,i
p,u,s,d,e,s,b,t,t,f,t,f,f,f,f,t,b,m,i,o,c,i
p,n,m,a,n,c,f,f,t,f,f,f,f,f,t,t,b,m,s,m,c,i
r,k,n,t,e,p,e,t,f,f,f,f,f,f,f,f,a,m,i,o,o,i
p,n,n,a,d,p,d,f,t,t,f,f,f,f,f,f,a,s,i,o,o,i
r,n,n,a,e,s,c,f,f,f,f,f,f,t,f,f,a,l,i,o,o,i
p,n,s,b,e,s,b,f,f,f,t,f,f,t,f,t,c,m,i,m,c,i
p,k,n,t,d,h,b,f,t,f,t,f,t,f,f,f,b,s,i,o,o,i
p,n,n,b,n,s,a,t,f,t,f,f,f,f,f,t,a,s,i,o,?,i
p,u,n,d,e,h,e,t,f,t,f,f,f,f,f,t,b,l,s,m,o,i
p,f,s,a,d,h,b,t,t,f,f,f,t,f,f,t,a,s,i,o,?,i
p,u,s,r,n,c,c,f,f,f,f,f,t,t,f,t,a,m,l,o,?,i
r,n,n,t,e,s,f,f,f,f,f,f,f,f,f,t,c,m,l,m,o,i
p,o,n,v,d,s,d,f,f,f,t,f,f,f,t,t,b,m,l,o,o,i
p,k,n,t,d,p,a,f,f,f,f,f,f,t,f,t,a,s,i,m,c,i
p,k,n,b,d,t,e,t,t,t,f,f,f,f,f,t,a,l,l,o,c,i
r,u,n,a,d,c,b,f,t,f,f,f,f,f,t,t,c,s,i,m,o,i
p,f,n,t,d,h,e,f,f,f,f,f,f,f,f,t,b,l,i,m,?,i
r,u,n,a,n,c,a,f,t,t,f,f,f,f,f,t,a,m,i,o,?,i
p,f,n,t,e,s,a,f,f,f,f,f,f,f,f,t,a,m,s,o,o,i
r,n,n,d,d,p,f,f,f,f,f,f,f,f,f,t,c,l,i,o,?,i
r,f,n,t,e,s,b,f,f,t,f,f,t,f,f,t,a,s,l,o,o,i
r,k,n,h,e,c,a,f,f,f,f,f,f,f,t,t,b,l,i,o,c,i
p,u,m,b,e,s,b,f,f,f,t,f,f,f,t,t,a,l,i,o,?,i
r,o,n,t,n,c,b,f,f,f,f,f,f,f,f,t,c,m,s,o,?,i
r,n,n,a,d,c,e,f,f,f,f,f,f,t,f,f,c,l,i,m,?,i
p,n,f,t,d,c,a,f,t,f,f,t,f,f,t,t,b,m,i,m,o,i
r,n,n,d,d,h,a,f,f,f,f,f,t,f,f,t,a,m,s,m,o,i
p,k,s,t,d,h,f,f,t,t,f,f,t,t,t,t,b,l,i,m,c,i
r,n,n,d,e,h,b,f,f,f,t,t,f,f,f,f,b,m,i,m,?,i
r,f,m,t,d,c,a,t,f,t,f,f,f,f,f,f,b,m,i,o,c,i
r,k,n,a,e,h,a,f,f,f,f,f,f,f,t,t,a,m,i,m,?,i
p,o,n,t,n,h,f,f,f,f,t,f,f,t,t,t,a,l,s,o,?,i
r,n,m,r,n,c,c,f,f,f,f,f,f,f,f,t,a,l,s,o,?,i
p,k,m,b,e,s,d,t,t,t,f,t,f,f,f,t,b,m,s,o,o,i
p,n,n,d,e,c,d,f,f,f,f,t,f,f,f,t,a,s,i,o,c,i
p,u,m,a,e,s,c,f,f,t,f,f,t,f,f,t,b,s,s,o,c,i
r,n,n,t,e,c,e,t,f,f,f,f,f,t,t,f,a,m,l,o,o,i
r,n,s,v,d,h,f,t,f,t,t,f,f,f,f,t,c,l,s,o,?,i
r,n,m,b,d,p,d,f,f,f,f,f,f,f,f,f,a,m,l,o,o,i
r,o,n,d,d,s,e,f,t,t,f,t,f,f,f,t,a,m,l,o,o,i
p,n,s,a,e,h,a,f,f,t,f,f,f,f,t,f,b,m,i,o,c,i
p,k,s,v,e,s,c,t,f,f,f,f,f,f,f,f,b,m,i,o,o,i
p,f,m,t,d,p,d,t,f,f,f,f,f,f,f,t,a,m,s,o,c,i
p,f,n,h,d,s,b,f,f,f,t,f,f,f,f,f,a,m,s,m,?,i
r,n,m,t,n,h,a,f,f,f,f,f,f,f,f,f,a,l,i,o,?,i
p,n,m,d,d,s,a,t,t,f,t,f,t,f,f,f,b,m,s,o,?,i
r,n,n,t,e,c,b,f,f,f,f,f,t,f,t,t,a,m,s,m,?,i
r,n,s,v,d,s,e,f,t,t,f,f,f,f,f,t,a,l,l,o,?,i
p,f,n,d,d,h,a,f,f,f,t,f,f,f,t,t,c,l,l,o,o,i
r,n,m,d,n,s,d,f,f,f,f,f,f,f,f,t,a,l,i,m,?,i
p,n,m,b,d,h,a,t,f,f,t,f,f,f,f,f,a,s,i,m,?,i
r,n,n,a,d,s,d,f,f,f,f,f,t,t,t,t,b,l,i,o,c,i
p,k,f,d,n,h,b,f,f,f,f,t,f,f,f,t,a,m,l,o,?,i
r,n,n,b,e,s,a,f,f,f,f,f,f,f,f,t,a,s,l,o,?,i
p,f,n,r,e,t,c,f,t,t,f,f,f,t,f,t,b,l,s,o,o,i
r,n,n,t,e,h,b,f,f,f,t,f,f,f,f,t,a,s,l,o,o,i
r,u,n,a,d,c,b,f,f,f,f,f,f,f,f,t,b,m,i,m,?,i
p,f,m,a,d,s,d,t,f,t,f,f,f,f,f,t,b,l,i,o,?,i
r,n,n,r,d,s,f,f,t,f,f,f,f,f,f,t,b,l,i,o,c,i
r,n,s,t,d,p,d,f,t,f,f,f,f,f,t,t,c,l,i,m,o,i
p,n,s,a,d,c,c,t,t,f,f,f,t,f,f,f,a,m,i,m,o,i
r,n,m,d,e,c,d,f,t,t,f,f,f,f,f,t,b,m,i,m,o,i
r,n,n,b,d,c,c,f,f,t,f,f,f,f,f,t,b,m,i,o,o,i
p,u,m,d,d,s,d,f,f,t,t,f,f,f,t,t,b,l,l,m,c,i
p,k,n,t,e,t,d,f,t,t,t,f,f,f,t,t,a,m,s,o,o,i
r,n,m,a,e,h,c,t,t,t,t,f,f,t,f,t,a,l,i,m,?,i
p,k,n,b,e,p,e,f,t,f,f,f,f,t,t,f,a,m,i,o,o,i
p,n,s,a,d,c,c,f,f,f,f,f,f,f,f,f,a,s,i,o,o,i
p,u,n,r,e,s,a,f,f,f,t,f,t,t,f,t,c,s,i,o,c,i
r,n,n,t,n,h,d,f,f,f,f,f,t,f,f,f,b,m,i,m,c,i
p,f,f,b,e,t,e,f,f,t,f,f,f,f,t,t,a,l,s,o,o,i
r,o,n,t,n,s,e,t,t,f,f,f,f,f,f,t,b,s,l,o,?,i
p,n,s,r,d,h,b,f,t,f,f,f,f,f,t,t,b,m,s,m,c,i
p,n,s,d,d,c,d,t,f,t,f,f,f,f,f,t,b,m,l,o,o,i
r,n,n,t,d,s,f,f,f,t,t,f,f,f,t,t,a,s,i,o,c,i
r,u,n,a,e,s,a,f,t,f,f,f,f,f,t,t,b,m,l,m,o,i
p,k,n,b,n,c,c,f,t,f,t,f,f,f,t,t,c,m,s,o,c,i
p,f,m,v,d,t,b,t,f,f,f,f,f,f,f,t,b,l,s,o,o,i
p,o,s,t,d,h,e,f,f,t,t,f,f,f,f,t,a,l,i,m,o,i
p,o,n,a,n,t,b,t,f,f,t,f,f,f,f,t,c,m,s,o,c,i
p,n,m,v,d,s,e,t,f,f,f,f,f,f,t,f,a,m,l,o,c,i
p,k,n,b,e,s,a,f,f,f,f,f,f,f,f,f,a,s,l,o,o,i
p,f,n,v,d,s,a,t,t,t,f,f,f,f,t,t,a,m,l,m,c,i
p,n,m,a,n,h,a,f,f,f,f,f,f,f,f,t,c,m,l,m,?,i
p,o,s,d,d,c,b,f,t,f,t,f,f,f,t,t,a,m,i,o,c,i
r,n,n,t,e,s,e,t,t,t,f,f,f,f,f,t,b,s,i,o,o,i
r,n,n,t,e,h,a,f,f,f,f,t,f,t,f,f,b,m,i,o,o,i
r,o,n,b,n,c,a,f,f,t,f,f,f,f,t,f,a,l,s,o,o,i
r,n,n,b,n,c,e,f,f,t,f,t,f,f,t,t,a,l,s,o,?,i
r,n,n,r,n,c,b,f,f,t,f,f,t,t,t,t,a,s,i,o,o,i
p,n,s,t,d,h,d,f,t,f,f,f,f,f,f,t,b,s,i,m,o,i
p,k,n,t,e,t,a,f,t,t,t,f,f,f,f,f,a,m,i,m,?,i
r,o,n,v,n,c,f,f,t,f,t,f,f,f,f,f,a,l,i,m,c,i
r,n,m,a,e,t,c,f,t,f,t,f,f,f,f,t,a,m,i,o,o,i
r,n,n,v,n,t,a,f,f,f,f,f,f,f,f,t,a,s,l,m,o,i
p,n,n,r,n,p,d,f,f,t,f,f,f,f,f,t,a,s,l,o,c,i
p,u,s,t,d,s,b,f,t,f,f,f,f,f,f,t,a,m,i,o,?,i
r,n,n,v,d,h,b,t,f,f,f,f,f,f,t,t,b,m,i,m,c,i
r,u,n,d,d,h,c,f,f,f,t,f,f,t,f,f,a,s,i,o,c,i
r,u,n,v,e,s,c,f,f,f,t,f,f,f,t,t,a,m,i,m,?,i
r,n,n,t,e,h,d,f,t,f,f,f,f,f,f,t,c,s,i,o,c,i
p,o,n,b,d,s,a,t,f,t,t,f,t,f,t,t,a,l,i,o,?,i
p,f,n,d,e,h,e,f,t,t,f,f,t,f,f,t,c,s,i,m,o,i
p,k,n,b,d,p,a,f,f,f,f,f,f,f,t,t,a,s,s,o,o,i
r,n,s,a,d,h,d,t,f,t,f,f,f,f,t,t,c,s,i,o,o,i
r,o,n,t,e,t,a,f,f,f,t,f,f,f,f,t,b,m,l,o,?,i
r,o,n,r,e,c,c,t,f,t,f,f,f,f,f,t,b,l,l,o,c,i
p,f,n,v,d,p,d,f,f,t,f,f,f,f,f,t,a,l,s,o,c,i
p,u,s,d,e,s,d,f,f,t,f,f,f,f,f,f,a,m,s,o,o,i
r,n,n,d,n,t,e,f,f,f,t,f,f,f,f,t,c,l,i,o,?,i
p,o,s,a,e,s,c,f,f,t,t,f,f,f,t,t,a,s,i,o,c,i
r,u,n,r,n,p,f,f,f,f,f,f,f,f,t,t,b,l,i,o,o,i
p,n,s,t,d,s,f,t,f,f,f,f,f,t,t,t,c,m,s,o,o,i
p,n,n,t,d,s,f,f,t,f,f,f,t,f,f,f,a,s,i,o,o,i
r,n,n,t,d,s,b,f,f,t,f,f,t,f,t,f,a,l,i,m,c,i
r,o,n,d,e,c,a,t,f,t,f,f,f,t,f,t,a,s,l,m,o,i
r,n,n,t,d,p,e,f,t,t,f,f,f,f,f,t,b,m,s,o,o,i
p,f,m,b,n,c,b,f,f,t,f,t,t,t,f,t,c,m,s,m,c,i
p,n,m,a,e,c,e,f,t,f,t,f,f,f,f,t,a,l,s,o,?,i
r,n,m,a,n,s,a,f,f,f,f,f,f,f,f,f,c,s,s,o,o,i
p,k,n,b,e,t,e,f,t,t,t,f,f,f,t,t,a,m,s,o,?,i
p,n,m,t,e,h,a,t,t,f,t,t,f,f,f,t,b,l,i,o,c,i
p,u,n,a,e,t,f,f,f,f,t,f,f,t,f,t,a,m,i,m,o,i
p,n,f,b,e,c,d,f,t,f,t,f,f,f,f,f,c,m,l,o,o,i
r,u,m,v,n,h,a,f,t,f,f,f,f,f,t,f,b,m,s,m,?,i
r,n,n,v,d,h,c,f,t,f,f,f,f,t,f,f,b,s,s,o,?,i
p,u,s,d,n,c,c,f,f,f,f,f,t,f,t,t,c,m,l,o,c,i
p,k,n,a,e,t,f,f,f,t,t,f,f,f,f,t,c,s,i,o,o,i
r,n,n,t,e,c,c,t,f,f,f,f,t,f,f,t,b,l,l,o,o,i
r,n,n,a,d,p,d,f,f,f,f,f,t,f,f,t,b,l,i,o,c,i
r,n,m,h,d,t,b,f,t,t,f,t,f,t,f,t,c,s,i,m,?,i
r,k,n,t,d,s,e,f,t,f,f,f,f,f,f,t,c,m,i,o,?,i
r,o,n,t,e,h,a,f,f,t,f,f,f,f,f,f,a,s,s,o,?,i
r,n,m,d,d,h,f,t,t,f,f,f,t,f,f,t,b,l,s,m,o,i
r,n,n,d,n,s,d,f,f,f,f,f,t,f,f,t,a,m,l,m,o,i
p,k,m,t,n,c,e,t,f,t,f,f,f,f,f,f,a,m,i,o,?,i
p,k,n,v,d,s,e,f,f,f,f,f,f,f,t,t,b,m,i,m,?,i
p,f,n,a,e,c,b,f,f,t,f,f,f,f,f,t,b,s,i,m,c,i
r,n,m,b,d,h,b,t,f,f,f,f,f,f,f,t,a,m,i,m,o,i
p,f,n,b,d,p,b,f,f,f,f,f,f,f,t,f,b,l,i,o,o,i
p,u,m,h,d,h,b,f,t,f,f,t,f,f,f,t,a,l,i,o,o,i
r,n,n,t,n,h,a,f,t,t,f,f,t,f,f,t,b,m,i,m,?,i
p,n,s,v,n,s,e,f,f,f,f,f,t,f,t,f,c,l,l,o,o,i
r,n,n,t,d,p,c,t,t,f,f,f,f,f,f,f,b,m,i,o,c,i
p,k,m,r,d,h,d,f,t,f,f,f,f,f,f,f,b,s,s,m,o,i
r,n,n,r,e,h,c,f,f,f,f,f,f,f,f,t,b,s,i,o,?,i
r,u,n,v,e,p,a,f,f,f,f,f,f,f,f,f,b,l,s,o,?,i
r,k,n,d,d,h,c,f,f,f,t,f,f,f,f,f,c,l,i,o,c,i
p,k,n,v,n,s,b,f,f,t,f,f,f,f,t,f,c,m,s,o,?,i
p,o,n,v,n,s,f,t,t,t,f,f,f,f,t,t,b,m,i,o,c,i
r,n,n,t,d,h,d,f,f,t,t,f,f,f,f,t,b,m,i,o,c,i
p,o,n,h,n,s,a,f,f,t,t,f,f,f,f,f,b,s,i,o,?,i
r,n,m,b,e,s,d,f,f,f,f,f,f,t,t,f,b,m,i,m,o,i
p,k,n,a,e,s,c,f,f,t,t,t,f,f,f,f,a,m,i,o,?,i
p,u,n,b,n,h,a,f,t,t,t,f,f,f,t,t,b,l,s,m,?,i
r,o,n,a,e,h,a,t,f,t,t,f,f,f,f,t,a,s,s,o,?,i
r,o,n,b,e,h,a,f,f,t,t,f,f,f,t,t,b,l,s,m,o,i
p,n,m,a,d,h,e,f,f,t,t,f,f,t,t,t,a,l,i,m,c,i
p,o,s,t,e,h,e,f,f,t,f,t,f,f,f,t,c,s,i,m,c,i
p,k,n,d,d,h,d,f,t,f,f,f,f,f,f,t,a,s,s,o,?,i
p,k,m,d,d,t,a,f,f,t,f,f,f,f,f,t,c,m,s,o,o,i
r,n,n,b,e,h,b,f,f,t,f,f,f,f,f,t,b,m,i,o,c,i
p,n,s,h,d,p,c,f,f,f,t,f,t,f,t,f,b,m,s,o,o,i
p,k,n,a,d,h,b,f,f,f,f,f,f,f,f,f,c,s,i,o,?,i
r,n,n,a,d,h,d,f,f,t,f,f,f,f,f,t,a,m,s,o,c,i
p,f,n,d,n,c,a,f,f,f,f,f,f,f,f,t,a,m,i,o,o,i
p,o,n,r,e,s,a,f,f,t,t,f,f,t,f,f,c,l,l,o,o,i
p,u,m,v,d,t,d,f,f,f,f,f,f,f,t,f,a,m,l,o,o,i
r,n,n,a,n,h,b,f,t,f,f,f,t,f,t,t,a,l,i,o,?,i
p,u,n,a,n,s,d,f,f,f,f,f,f,f,f,f,b,m,s,m,c,i
r,n,n,t,d,h,e,f,f,f,f,f,f,f,f,t,a,m,s,o,o,i
p,n,f,h,e,c,d,t,t,f,t,f,f,t,f,t,a,m,i,m,o,i
p,o,m,t,d,s,f,f,f,t,f,f,f,f,f,f,b,m,i,o,?,i
p,n,s,b,e,s,d,t,f,t,t,f,f,f,t,t,c,m,l,o,c,i
p,n,s,t,e,t,e,f,t,f,t,f,f,t,f,t,a,m,s,m,?,i
p,n,s,r,d,h,d,t,f,f,f,f,t,f,f,t,c,l,l,o,o,i
p,k,n,a,e,s,e,f,t,f,f,f,f,f,f,t,b,l,s,m,?,i
r,o,n,v,d,s,c,f,f,t,f,f,f,f,f,t,c,m,s,o,c,i
r,n,n,b,e,h,c,f,t,t,f,f,f,f,f,t,c,s,l,o,c,i
r,n,n,t,d,h,b,f,t,f,f,f,f,f,t,f,b,m,i,m,o,i
p,k,m,t,n,c,d,f,t,f,f,t,f,f,f,t,c,m,l,m,o,i
r,n,n,t,e,t,b,t,t,t,f,t,f,f,f,f,a,l,s,m,o,i
p,f,n,v,d,s,f,f,f,t,t,f,f,f,t,t,c,m,s,o,?,i
p,u,m,d,n,s,d,f,f,f,t,f,f,f,f,t,c,l,l,o,c,i
r,o,n,a,d,s,b,f,f,f,f,f,f,f,f,t,b,m,i,o,o,i
p,u,n,b,e,h,c,f,f,t,f,f,f,f,f,f,b,s,i,o,c,i
r,k,n,t,e,s,e,f,t,f,f,f,f,f,f,t,c,m,i,o,?,i
p,o,m,d,d,h,e,t,f,t,f,f,t,f,f,t,c,m,i,o,o,i
r,n,n,h,d,p,d,f,f,f,f,f,f,t,f,t,b,s,i,m,c,i
r,n,n,v,d,s,a,f,t,f,f,f,f,f,t,t,b,s,i,m,o,i
p,f,n,t,e,t,f,t,f,f,f,f,f,f,f,t,a,l,l,o,o,i
r,n,m,a,e,t,f,f,f,t,f,t,f,f,f,f,a,m,i,m,c,i
r,u,n,h,d,h,f,f,f,f,f,f,f,f,t,t,a,m,i,o,o,i
p,f,n,t,d,p,d,f,t,f,f,t,f,f,f,t,b,m,l,o,c,i
p,u,s,r,n,c,a,t,f,t,f,t,f,f,t,t,a,m,i,m,o,i
r,n,s,d,d,h,f,f,t,f,f,f,f,f,f,f,b,m,i,m,o,i
r,k,n,v,d,h,a,f,f,t,t,f,f,f,f,t,c,m,s,m,?,i
p,f,n,r,e,s,a,t,f,f,f,f,f,f,f,f,a,s,i,o,?,i
p,n,n,b,d,h,d,f,f,f,f,f,f,f,f,f,a,m,l,m,o,i
p,k,m,d,n,p,c,f,t,f,f,f,f,f,t,f,c,m,s,o,?,i
r,f,n,a,d,h,e,f,t,f,t,f,f,f,f,t,c,s,i,o,?,i
p,u,s,d,n,h,d,f,f,t,f,f,f,f,f,f,c,l,l,o,?,i
p,f,m,a,d,c,a,t,f,t,f,f,t,f,f,f,a,m,i,m,c,i
r,n,n,v,d,t,d,f,f,f,f,f,f,f,t,f,b,m,i,o,c,i
r,n,n,d,d,s,e,f,f,f,f,f,f,f,f,t,c,l,i,o,?,i
p,k,s,b,n,s,e,t,t,f,f,f,f,f,f,t,b,m,i,m,o,i
p,n,m,a,e,s,a,f,f,f,t,f,f,f,f,t,a,l,i,o,c,i
r,n,m,t,d,t,b,f,f,t,f,t,t,f,t,f,a,m,i,m,?,i
r,n,n,v,n,h,a,f,f,f,f,f,t,f,f,t,b,l,s,o,o,i
r,n,m,r,d,s,e,f,f,t,t,f,f,f,f,f,c,m,i,o,o,i
p,k,m,t,d,h,d,f,f,f,f,f,f,f,t,f,a,m,i,o,?,i
p,n,s,d,d,h,c,f,f,f,f,f,f,f,f,t,a,s,s,o,o,i
p,k,n,d,n,s,b,t,f,f,f,f,t,t,f,t,c,s,s,m,?,i
r,n,n,d,d,p,e,f,f,f,t,f,f,f,f,t,b,s,i,m,?,i
p,f,n,r,d,c,e,f,f,t,f,f,f,t,t,t,a,m,l,m,o,i
r,n,m,h,n,s,c,f,f,f,t,f,f,f,f,t,b,m,i,m,c,i
p,u,s,d,e,t,a,f,t,t,f,f,f,f,f,t,a,l,s,m,o,i
p,n,n,t,d,s,c,f,f,f,f,f,f,f,f,f,c,l,i,m,o,i
p,k,n,h,e,s,f,f,f,t,f,f,f,f,t,f,a,m,s,m,o,i
r,n,n,b,d,h,d,f,f,t,f,f,f,f,f,f,a,m,l,o,o,i
r,n,n,d,e,s,e,t,f,f,t,f,t,f,t,t,b,m,s,m,o,i
r,n,s,v,d,h,b,t,f,t,t,f,f,f,f,f,a,l,i,o,o,i
r,o,n,r,e,s,b,f,t,f,f,f,f,f,f,t,c,m,s,o,?,i
p,u,n,a,n,s,a,t,f,f,t,f,f,t,t,f,c,l,s,m,?,i
p,n,s,t,d,t,b,f,t,f,f,f,f,f,t,t,a,s,s,o,o,i
r,n,n,t,d,s,a,f,f,f,f,f,f,f,f,f,b,s,i,o,o,i
p,f,n,r,d,h,c,f,f,f,t,f,t,f,f,t,a,l,s,m,o,i
p,k,n,d,n,s,c,t,f,f,f,f,f,f,f,f,b,m,s,o,o,i
r,n,n,t,n,p,e,f,t,t,f,f,f,f,f,t,a,s,s,o,o,i
r,o,n,t,n,s,c,t,f,t,t,f,f,f,f,f,c,m,s,o,?,i
p,k,m,r,n,s,b,f,f,f,t,f,f,f,f,f,b,m,i,o,?,i
p,f,n,a,n,p,a,t,f,f,t,f,f,f,f,t,c,s,l,o,?,i
p,n,m,t,n,s,b,t,f,t,f,f,f,t,f,t,a,m,i,o,c,i
r,n,n,t,e,p,d,f,f,t,t,f,t,f,f,t,a,s,i,o,c,i
p,n,n,r,d,h,d,t,f,f,f,t,f,f,f,t,a,s,l,m,o,i
p,f,n,b,e,p,d,f,t,f,f,f,f,f,f,t,c,m,l,o,o,i
p,n,n,d,d,s,e,f,t,t,f,f,f,t,f,f,b,s,i,o,o,i
p,o,n,a,d,t,b,f,f,t,t,f,f,f,f,f,a,m,i,m,c,i
r,o,m,t,d,s,c,f,t,t,f,f,f,f,t,t,c,s,s,o,c,i
p,f,n,v,d,s,a,f,f,f,t,f,f,f,f,t,b,m,s,m,o,i
r,n,m,h,e,c,b,f,t,t,f,t,t,t,t,t,a,s,l,o,c,i
r,n,n,a,d,s,b,t,t,t,f,f,f,f,t,t,b,m,i,o,?,i
r,n,n,d,d,h,d,f,f,f,f,f,f,f,f,f,b,l,i,m,c,i
p,k,n,v,n,h,e,f,f,t,f,f,f,f,t,t,b,m,s,o,o,i
r,u,n,d,e,s,b,f,t,f,f,f,f,t,f,t,a,m,s,o,?,i
p,n,m,a,d,s,c,t,f,t,t,f,f,t,f,f,a,m,s,o,o,i
p,u,m,t,d,h,f,f,f,f,f,f,f,f,f,t,a,m,i,o,?,i
p,n,n,t,d,h,e,f,t,t,f,f,f,f,f,f,b,m,s,o,o,i
r,n,n,v,n,h,d,f,f,f,f,t,f,t,f,t,a,l,s,m,?,i
r,n,m,d,d,c,c,f,f,t,f,f,f,f,f,f,a,m,i,o,?,i
p,f,n,a,n,h,b,t,f,t,f,f,f,f,f,f,c,m,i,o,o,i
r,n,n,t,d,h,e,f,f,f,f,f,t,f,f,t,c,s,l,o,c,i
r,n,n,t,n,s,a,f,f,f,f,f,f,f,f,f,a,m,i,o,o,i
r,o,n,b,d,s,c,t,f,f,f,f,t,f,t,f,c,s,i,m,c,i
p,k,s,d,e,s,a,f,t,f,f,f,f,f,f,f,b,m,s,m,o,i
r,n,n,a,d,h,d,f,t,f,t,f,t,f,f,t,b,m,s,m,c,i
r,n,n,r,d,s,d,f,t,f,f,f,f,t,f,f,a,s,i,m,?,i
p,k,m,b,n,c,a,t,f,f,f,f,f,t,f,t,c,m,s,m,o,i
r,n,n,d,e,s,c,t,f,f,f,f,f,t,f,t,a,l,s,o,o,i
r,n,m,d,d,s,a,f,f,f,f,f,f,f,f,f,c,m,i,m,o,i
p,k,n,t,n,s,e,f,f,f,f,f,f,f,f,f,b,m,i,m,c,i
r,n,n,r,d,h,f,f,f,f,f,f,f,f,f,f,c,s,s,o,?,i
p,k,n,d,n,c,b,f,f,t,t,f,f,f,t,t,a,s,l,o,?,i
r,n,n,d,e,c,a,f,f,f,f,f,f,f,f,f,b,l,i,m,?,i
r,n,n,b,d,t,f,f,f,f,f,f,f,f,f,f,c,m,i,m,?,i
p,n,m,t,d,h,e,f,f,f,f,f,f,f,t,f,c,l,l,o,o,i
p,n,m,b,d,s,e,t,t,f,t,f,f,t,t,f,a,s,l,o,o,i
p,n,m,r,n,p,b,t,f,f,f,f,f,f,t,t,b,m,i,m,o,i
r,n,n,t,d,c,a,f,f,f,t,f,t,f,f,f,a,m,l,m,?,i
p,u,f,h,d,s,f,f,t,f,t,f,f,f,f,t,b,m,s,m,?,i
r,o,n,t,n,s,c,f,f,t,f,t,t,t,t,t,c,l,l,o,o,i
r,n,m,d,d,h,b,t,f,f,t,t,f,f,f,t,b,m,i,o,?,i
p,k,m,a,d,h,e,f,f,t,f,f,f,f,t,t,a,m,l,m,o,i
r,k,n,t,e,h,d,f,f,f,f,f,f,f,t,t,a,m,i,o,o,i
r,o,n,b,d,s,a,f,f,f,f,f,f,f,f,t,b,m,i,m,?,i
p,n,m,r,n,t,f,f,t,f,f,f,f,f,f,t,a,s,l,o,o,i
p,n,m,d,e,h,d,f,t,t,f,f,f,f,t,t,b,l,s,o,c,i
p,n,n,b,d,c,a,t,t,t,f,f,f,f,t,t,b,m,i,o,o,i
p,n,m,t,e,s,a,f,f,f,f,t,f,f,t,f,b,s,l,o,c,i
r,n,n,d,d,h,d,t,t,t,t,f,f,t,t,t,b,m,l,o,?,i
p,u,n,b,e,p,d,f,f,f,f,f,f,f,f,t,c,s,i,o,o,i
p,u,m,t,e,s,a,f,f,f,f,f,f,f,f,t,b,s,i,m,o,i
p,n,m,d,n,h,c,f,t,f,f,f,f,f,t,t,b,s,s,m,o,i
r,n,n,t,e,s,c,f,t,f,t,t,f,f,t,f,c,m,i,m,o,i
r,n,n,t,n,h,c,f,f,f,f,f,f,f,f,f,b,m,s,o,c,i
p,k,n,b,d,p,f,f,f,t,t,f,f,f,f,t,b,m,i,m,o,i
p,k,n,r,n,c,b,t,f,f,f,f,f,f,f,t,b,l,s,o,o,i
r,n,n,b,d,c,f,f,t,t,f,f,f,t,f,t,a,l,l,o,?,i
p,o,n,d,n,s,b,t,t,f,f,f,f,f,t,t,a,l,s,o,o,i
p,u,m,t,e,p,a,t,f,f,f,f,f,f,f,t,b,m,i,m,?,i
r,f,n,h,d,h,a,f,t,t,f,f,f,f,t,t,b,l,l,o,c,i
p,f,n,t,d,s,f,f,t,f,t,f,f,t,f,f,a,m,s,m,?,i
r,k,n,t,n,p,a,f,t,f,f,f,t,f,f,t,c,s,i,o,?,i
r,n,n,t,n,s,b,t,f,f,f,f,f,f,f,t,a,l,l,o,?,i
r,n,n,t,e,s,b,t,t,f,f,f,f,f,f,t,a,l,i,o,c,i
r,k,n,a,d,p,d,f,t,t,f,f,f,f,f,t,b,l,s,m,c,i
r,n,n,d,e,s,b,t,f,f,f,f,f,f,t,t,a,m,l,o,?,i
r,o,n,d,d,s,a,f,f,f,f,f,f,f,t,f,a,m,l,o,?,i
r,n,n,v,e,s,c,f,f,t,f,f,f,f,f,t,b,s,i,o,o,i
p,n,s,t,d,p,f,f,f,f,f,f,f,f,f,f,b,m,s,o,o,i
r,n,n,d,n,s,f,f,t,f,f,f,f,f,f,f,b,s,i,m,?,i
r,u,n,a,e,h,f,t,f,f,f,f,f,f,f,t,b,s,s,m,?,i
r,n,n,v,d,s,b,f,f,f,f,f,f,f,f,t,b,s,i,o,?,i
r,n,n,v,e,h,a,f,t,f,f,f,f,f,t,t,b,l,i,m,?,i
r,n,n,t,d,s,a,f,t,f,f,t,f,t,t,f,a,s,i,o,o,i
p,f,m,b,d,p,f,t,t,f,f,f,f,f,t,f,c,m,s,o,?,i
r,u,n,d,d,c,e,f,f,f,f,f,f,f,f,f,c,l,l,o,o,i
r,n,n,t,d,p,d,f,t,f,t,t,f,f,t,f,b,m,s,o,o,i
r,u,n,v,d,c,c,t,f,t,f,f,f,t,t,t,a,s,i,m,o,i
r,n,n,h,e,s,c,f,f,t,t,f,f,f,t,f,a,s,i,o,o,i
p,f,s,a,e,s,c,f,f,f,f,f,t,f,f,f,c,s,l,o,c,i
r,n,n,a,e,h,b,t,t,t,f,f,f,f,f,t,a,s,s,o,c,i
p,k,n,a,n,h,c,t,t,f,t,f,f,f,f,t,b,l,s,m,o,i
r,f,n,v,n,c,b,f,t,t,f,f,f,f,f,f,c,m,i,o,?,i
p,k,n,a,d,s,a,f,f,f,f,f,f,f,f,f,a,m,i,o,o,i
r,n,n,b,e,c,b,f,f,t,t,f,f,t,f,t,a,m,s,o,o,i
p,o,n,t,n,s,f,f,f,f,f,f,f,f,f,t,a,m,l,m,o,i
r,u,n,h,d,h,f,f,f,t,t,f,f,t,f,t,c,l,s,o,?,i
p,n,n,d,d,t,e,t,f,f,f,f,f,f,f,t,b,m,s,o,?,i
p,k,n,r,n,s,e,f,f,f,f,f,f,f,t,f,c,m,l,o,o,i
p,o,n,h,n,s,a,f,f,f,f,f,f,t,t,f,b,l,i,m,c,i
r,n,n,r,n,s,a,f,t,t,f,f,f,f,f,t,c,m,i,m,o,i
p,u,s,h,n,h,a,f,f,f,f,f,f,f,f,t,c,m,i,o,c,i
r,n,n,t,d,h,a,t,f,f,t,f,f,f,f,t,a,l,i,o,o,i
r,o,s,t,e,t,e,f,f,f,f,f,f,f,f,f,a,l,i,o,o,i
p,n,s,d,n,p,a,f,t,f,t,f,f,f,f,t,a,m,i,o,?,i
r,n,n,a,d,c,f,f,f,f,f,f,f,f,f,f,a,l,i,m,c,i
r,k,n,a,d,c,d,f,t,f,f,f,f,f,t,f,a,l,i,o,o,i
p,k,m,v,d,s,a,f,f,f,t,f,f,f,f,t,c,s,i,o,o,i
p,o,n,r,e,t,e,f,t,f,t,f,t,f,t,t,b,m,i,o,c,i
p,u,n,a,e,h,e,f,t,f,f,f,f,t,t,f,a,l,s,o,o,i
p,n,n,a,n,s,d,t,t,t,t,t,f,f,f,t,c,m,i,m,c,i
r,n,n,a,d,t,a,f,f,f,f,f,f,f,f,t,b,m,s,m,?,i
r,n,m,t,e,h,c,f,f,f,f,f,f,f,t,f,c,m,i,o,o,i
r,n,m,t,d,s,c,f,f,f,f,f,f,f,t,t,a,m,s,m,o,i
p,k,s,b,n,c,e,t,t,f,f,f,f,f,f,t,a,s,i,m,o,i
r,o,m,v,e,s,b,t,f,f,f,t,f,f,t,f,c,l,i,o,o,i
p,o,m,a,e,s,f,f,f,f,t,f,f,t,t,f,a,m,s,o,c,i
r,n,n,a,d,s,b,f,f,f,f,f,f,f,t,f,b,m,s,o,?,i
p,n,f,r,d,h,f,t,f,t,f,f,f,f,f,f,a,m,s,o,o,i
p,k,s,t,d,s,a,f,f,t,t,f,f,f,f,t,c,m,s,m,c,i
r,n,m,a,n,s,e,f,f,t,f,f,f,t,f,f,a,m,i,o,c,i
r,n,m,t,d,h,a,f,t,t,f,f,f,f,f,t,a,l,i,m,?,i
p,n,n,r,n,s,e,f,t,f,f,t,t,t,t,t,b,m,s,o,o,i
r,n,n,t,d,h,f,f,f,f,f,f,t,f,f,t,c,m,i,o,o,i
p,n,s,a,e,h,b,f,t,f,t,f,f,f,f,t,a,l,l,o,o,i
p,f,n,b,d,s,a,f,t,t,f,f,f,t,f,f,a,l,i,o,o,i
r,n,n,d,d,s,f,f,f,f,f,f,f,f,f,t,c,m,l,o,c,i
p,k,n,v,e,s,f,t,f,f,f,t,f,f,f,t,a,s,l,m,?,i
p,k,n,d,d,h,e,f,t,t,f,f,f,f,f,t,a,m,l,o,o,i
p,u,n,r,e,p,c,f,f,t,f,f,f,f,f,t,c,m,l,m,o,i
r,n,n,a,e,s,a,f,t,f,f,f,f,f,t,f,a,m,s,o,o,i
r,n,n,t,d,s,c,f,t,t,f,f,f,f,f,f,b,m,i,m,o,i
r,n,n,t,e,s,e,f,t,f,f,f,f,f,t,f,a,m,i,o,o,i
r,n,n,t,e,h,a,f,f,f,f,f,f,f,t,f,b,m,l,o,?,i
p,n,n,t,d,s,a,f,t,t,f,f,t,f,t,f,b,l,i,m,c,i
p,o,m,a,d,c,f,f,f,t,f,f,f,f,t,f,b,s,i,m,c,i
r,n,n,v,d,c,d,f,t,f,f,f,f,f,t,t,b,m,i,m,o,i
r,n,n,r,d,s,d,f,t,t,f,f,f,f,f,t,b,s,l,m,o,i
r,n,n,a,d,h,f,f,t,f,f,f,f,f,f,t,a,m,s,o,o,i
p,o,n,b,e,t,c,f,f,t,t,f,f,f,f,t,b,m,l,o,o,i
p,o,m,t,d,s,b,t,f,t,f,f,f,f,f,t,a,l,s,o,o,i
p,f,n,b,n,h,f,f,t,f,f,f,f,f,t,f,c,l,i,o,?,i
p,k,n,b,n,h,f,f,f,f,f,t,f,f,t,t,c,m,i,o,?,i
p,f,m,a,d,s,a,t,t,f,f,f,f,f,f,t,a,m,i,m,o,i
p,f,n,t,e,c,b,f,t,t,f,f,t,f,f,t,b,m,i,o,c,i
p,n,m,h,d,s,b,f,t,t,f,f,t,f,f,f,a,s,i,o,o,i
p,k,s,b,d,s,a,f,t,t,f,f,t,f,f,t,a,s,i,o,c,i
r,o,n,b,n,h,b,f,f,t,f,f,t,f,f,f,a,l,i,m,o,i
r,n,s,t,e,t,a,f,f,f,f,f,f,f,f,f,b,m,s,o,o,i
p,f,n,t,d,s,d,f,f,f,f,t,f,f,f,t,c,l,s,m,?,i
p,k,n,a,n,h,a,f,f,f,t,f,f,f,f,t,b,s,i,o,o,i
p,k,n,h,n,s,f,f,f,f,f,f,f,f,f,t,c,l,i,o,o,i
r,n,n,t,e,c,d,t,t,f,f,f,f,f,f,t,b,m,i,o,o,i
p,f,n,a,e,h,b,f,t,f,t,f,f,t,f,t,c,m,s,o,c,i
p,u,n,h,n,h,e,t,t,f,f,f,f,t,t,t,a,l,s,m,?,i
r,n,n,b,e,t,d,f,t,f,f,f,f,f,t,f,a,s,s,m,o,i
r,n,n,a,e,c,e,t,t,f,f,f,f,f,f,t,b,m,s,o,c,i
p,n,n,r,n,s,f,f,t,t,f,f,f,f,f,t,b,l,i,m,o,i
r,n,n,b,e,t,e,f,f,f,f,f,f,t,f,t,b,s,l,o,?,i
r,u,n,h,d,s,e,f,t,f,f,f,f,f,f,f,c,m,i,o,o,i
p,k,n,t,d,c,e,f,f,f,f,f,f,f,f,t,b,l,i,m,?,i
r,n,m,v,d,c,b,f,f,f,t,f,f,f,t,f,c,m,s,o,c,i
r,n,n,t,d,p,d,f,t,f,f,f,f,f,f,f,a,s,s,o,?,i
r,u,m,v,d,h,d,f,t,f,f,f,f,f,f,t,c,l,s,m,c,i
r,n,n,d,e,c,f,f,f,f,f,f,f,f,f,t,a,s,i,m,o,i
p,f,n,d,n,c,c,t,f,f,f,f,f,f,f,t,b,m,l,o,?,i
p,n,s,d,d,h,b,t,f,t,f,f,f,f,f,t,b,m,i,m,c,i
r,n,n,v,d,t,c,f,f,t,f,t,f,t,f,t,c,l,s,o,c,i
r,f,n,t,n,s,c,t,t,f,f,t,t,f,f,t,a,m,i,o,o,i
r,n,n,t,d,s,c,t,f,t,f,f,f,f,t,f,a,m,i,m,c,i
p,f,n,a,n,c,d,f,f,f,f,f,f,f,f,f,c,s,i,o,o,i
r,n,n,b,e,s,f,f,f,t,f,t,f,f,f,t,a,m,i,o,?,i
p,f,n,a,e,p,b,f,t,t,t,t,f,f,f,t,b,m,i,m,c,i
p,o,n,v,d,s,f,f,f,t,f,f,f,t,f,t,a,m,s,m,o,i
p,f,s,v,d,h,e,f,f,t,t,f,f,f,f,t,a,m,l,m,o,i
r,n,n,h,e,c,a,f,f,f,t,f,f,f,f,t,c,l,s,o,?,i
p,f,n,a,d,p,b,f,f,t,f,f,f,f,f,t,a,l,s,m,c,i
r,u,m,v,d,c,f,f,f,f,f,f,t,f,f,t,a,l,i,o,c,i
r,n,n,v,d,s,e,f,f,f,f,f,f,f,f,t,a,l,i,o,c,i
p,n,s,h,e,s,a,f,f,f,f,t,t,t,f,f,b,s,i,o,o,i
r,o,n,v,e,c,d,f,f,f,f,f,f,f,t,t,a,l,s,o,o,i
r,n,m,a,e,t,b,f,t,t,f,f,f,f,f,f,a,m,i,m,c,i
p,f,s,t,e,c,d,t,f,f,t,f,f,f,f,f,c,m,i,o,c,i
p,f,n,h,d,h,a,f,t,f,f,f,f,f,f,f,a,s,s,o,?,i
r,n,m,v,n,h,b,f,f,f,t,t,f,f,f,f,a,s,s,o,o,i
p,k,m,v,n,h,c,t,t,f,f,f,f,f,f,t,b,s,s,m,?,i
r,k,m,v,d,h,c,f,f,f,f,f,f,f,f,f,a,s,i,o,o,i
p,n,n,v,e,s,b,t,f,f,t,f,f,f,f,t,b,m,i,o,?,i
r,u,n,v,d,s,e,f,t,f,f,f,f,f,f,f,c,l,i,o,?,i
p,n,n,d,n,h,e,f,t,f,f,t,f,f,t,t,c,l,s,m,o,i
r,n,s,d,d,h,d,t,t,t,f,f,f,f,t,f,c,l,s,m,c,i
p,o,n,a,d,s,f,f,f,t,t,t,f,f,f,t,c,m,l,o,c,i
p,n,n,t,n,p,e,f,f,t,f,f,f,f,f,f,a,m,s,m,o,i
p,o,s,t,e,s,a,f,f,f,f,f,t,f,f,t,a,l,i,o,o,i
r,n,n,a,d,c,a,t,t,f,t,f,f,f,f,f,b,m,i,m,?,i
p,k,n,d,e,c,d,f,f,t,f,f,f,f,t,f,c,s,s,o,?,i
p,n,n,d,n,p,e,f,t,f,f,t,f,f,f,t,a,m,s,o,c,i
p,f,m,a,d,p,f,f,t,t,f,f,f,f,f,f,c,s,i,m,o,i
p,o,n,a,e,c,a,f,f,f,f,f,f,f,f,t,b,l,l,o,o,i
r,o,n,b,e,h,b,t,t,f,f,f,f,f,t,t,a,l,s,m,?,i
p,u,n,d,e,c,e,f,f,f,t,f,f,f,f,f,c,m,l,o,o,i
p,f,n,r,n,p,f,t,f,t,t,f,f,f,f,f,a,s,l,o,o,i
r,o,n,t,e,h,c,f,f,f,f,f,f,f,f,t,a,m,s,o,o,i
r,k,n,a,e,c,c,f,t,t,f,f,f,f,t,t,a,l,l,m,o,i
p,u,m,b,n,s,e,t,t,t,t,f,f,f,f,t,b,l,s,o,o,i
p,f,n,b,d,h,c,f,f,f,f,f,f,f,t,t,b,s,s,o,o,i
p,u,n,d,d,s,e,f,t,t,f,f,f,f,f,t,a,s,s,o,c,i
r,n,n,d,n,c,f,f,f,f,f,f,f,f,f,f,a,l,s,m,o,i
r,k,n,t,e,h,b,f,f,f,f,f,f,f,f,t,b,m,s,o,c,i
p,f,m,t,d,s,b,f,t,t,f,f,f,f,f,t,b,m,i,o,o,i
r,n,n,a,d,h,f,f,t,f,f,f,f,f,f,t,b,m,i,o,o,i
p,n,s,a,d,c,c,t,t,f,f,f,f,f,t,t,b,m,s,o,?,i
p,u,m,a,d,t,a,f,t,t,f,f,f,f,f,t,a,l,l,o,?,i
r,n,m,t,d,s,c,f,f,t,f,f,f,t,f,t,c,m,i,m,o,i
p,n,m,t,e,s,d,t,f,t,t,f,f,f,f,f,c,l,l,m,c,i
r,n,n,d,d,c,b,f,f,f,f,f,f,f,f,t,b,l,s,o,c,i
p,n,f,t,e,h,e,f,t,t,f,f,f,f,f,f,a,l,l,o,o,i
p,k,m,d,n,s,b,f,t,t,f,f,f,f,t,f,a,m,l,m,c,i
r,u,n,a,n,c,a,f,f,f,f,f,f,f,f,t,b,l,s,o,?,i
r,u,n,a,n,p,b,f,f,t,f,f,t,f,f,t,b,l,i,m,?,i
p,f,n,t,e,s,c,f,f,t,f,f,f,f,f,t,b,s,s,o,o,i
p,f,n,t,e,h,e,f,t,f,f,f,f,f,f,f,c,l,l,o,o,i
r,n,n,a,e,s,c,f,f,f,t,f,f,f,t,t,a,m,s,o,o,i
r,o,m,d,d,t,e,f,t,f,f,f,f,f,t,t,a,m,i,m,c,i
p,n,n,d,n,p,a,f,f,t,t,f,f,t,t,t,b,m,s,m,o,i
r,n,n,t,e,h,b,f,f,f,t,f,f,f,f,t,a,m,l,m,o,i
p,u,n,t,e,t,c,f,f,f,f,f,f,f,f,f,b,m,s,m,?,i
r,u,n,t,d,s,e,t,f,t,f,f,f,t,f,t,c,m,l,o,?,i
r,n,n,v,d,c,d,f,f,t,f,f,f,f,t,t,a,m,i,o,c,i
p,f,m,t,n,c,e,t,t,f,f,t,f,f,t,t,b,m,s,m,?,i
r,n,n,t,d,p,b,f,f,f,f,f,f,f,f,f,c,l,l,o,o,i
r,n,s,d,d,c,f,f,f,t,t,f,f,f,f,f,a,m,i,o,o,i
r,n,m,d,e,s,e,f,t,f,f,f,f,f,t,f,b,l,s,m,o,i
r,n,m,r,e,s,f,f,f,t,t,f,t,t,f,f,b,s,i,o,o,i
p,k,n,t,d,s,b,t,f,f,f,f,f,f,f,t,a,l,i,o,o,i
r,n,m,a,d,p,a,f,t,f,f,f,f,f,f,t,a,s,s,o,o,i
p,k,s,t,n,h,d,f,t,t,f,f,f,t,f,t,a,l,l,o,o,i
p,n,m,r,n,h,c,f,t,f,f,t,t,f,t,t,b,m,l,o,c,i
p,u,n,v,e,s,e,f,t,f,f,f,f,f,f,t,b,s,s,m,o,i
r,k,m,t,n,h,a,f,f,f,t,f,f,f,f,f,a,l,l,o,?,i
r,u,n,d,d,h,d,f,f,f,f,f,f,f,t,t,b,l,s,m,c,i
p,n,n,b,e,h,a,t,t,t,f,f,f,f,f,t,b,l,s,o,o,i
p,k,m,v,e,h,c,f,f,f,f,f,f,f,f,t,b,m,s,m,o,i
p,o,m,t,n,s,a,t,t,f,f,f,f,f,f,f,b,l,s,m,o,i
p,n,n,a,n,s,f,f,f,f,t,f,f,f,t,t,a,l,i,o,o,i
r,n,n,t,d,t,a,t,f,f,f,f,f,f,f,t,b,m,i,o,o,i
p,n,s,v,d,h,d,f,t,f,f,f,f,f,t,f,a,l,s,o,?,i
r,n,n,t,n,c,a,f,t,f,f,f,f,t,f,t,a,m,s,m,o,i
r,n,n,a,d,t,a,f,f,t,t,f,f,f,f,t,b,s,i,m,o,i
r,n,m,v,e,h,c,f,t,f,f,f,f,f,f,t,a,s,i,m,?,i
r,n,m,v,e,h,a,f,f,f,f,f,f,t,t,t,a,m,i,o,o,i
p,f,n,r,d,h,c,f,t,f,f,f,f,t,f,t,b,m,i,o,o,i
r,n,n,r,e,s,a,t,t,t,t,f,t,f,f,t,c,l,i,o,?,i
p,n,n,r,e,s,e,f,f,f,t,f,f,f,f,t,c,s,s,m,o,i
p,f,n,r,n,p,f,t,t,t,f,t,f,f,f,f,c,l,l,m,?,i
r,n,m,a,d,h,e,f,f,f,f,f,f,f,f,f,a,m,s,m,c,i
r,n,m,t,d,s,a,t,f,f,f,f,f,f,f,t,a,l,l,m,o,i
r,n,n,a,d,p,c,f,f,f,f,t,f,f,t,f,b,s,i,m,o,i
r,n,n,t,d,s,a,f,f,f,t,f,f,t,f,t,c,m,s,o,c,i
r,n,n,b,e,c,c,f,f,t,f,f,t,f,t,t,a,m,s,o,c,i
r,n,n,b,d,c,e,f,f,f,f,f,f,f,f,t,c,l,i,m,c,i
r,n,n,t,d,s,a,f,t,f,f,f,f,f,f,t,c,l,i,m,o,i
r,u,n,v,n,s,b,f,f,t,f,f,f,f,f,t,b,l,s,o,o,i
r,u,m,v,d,h,e,f,f,f,f,f,t,f,t,f,a,m,i,m,c,i
r,n,n,b,d,c,c,f,t,f,f,f,f,f,t,t,b,s,s,o,o,i
p,n,m,d,n,p,b,t,f,f,f,f,f,f,t,t,a,m,s,m,?,i
r,n,n,a,e,p,f,f,f,f,f,f,f,f,t,t,a,m,i,o,o,i
p,o,m,t,d,s,a,f,f,t,f,f,t,f,f,t,a,l,i,o,o,i
p,o,s,t,n,s,e,t,f,t,f,f,f,f,f,f,a,s,s,o,?,i
r,n,n,b,e,h,a,f,f,t,f,f,t,f,f,t,a,l,s,o,c,i
r,n,n,t,d,c,f,f,t,t,f,f,f,f,f,f,b,s,i,m,o,i
r,n,m,d,d,s,e,f,t,f,f,f,f,t,t,t,a,l,s,o,o,i
r,u,n,a,n,s,b,t,f,f,f,f,f,f,f,t,c,l,s,o,?,i
p,u,n,b,d,s,f,f,t,t,f,f,f,f,f,t,c,m,i,m,o,i
r,n,n,b,n,h,a,f,f,f,f,f,f,f,f,f,a,m,s,o,o,i
p,k,s,a,d,c,e,t,f,f,t,f,f,f,f,t,c,m,s,m,o,i
r,n,n,v,d,t,d,f,t,f,f,f,f,f,t,t,c,s,i,o,o,i
p,f,n,r,n,s,a,f,t,f,f,f,f,f,f,t,a,m,s,m,?,i
p,u,n,v,n,h,c,f,t,f,f,f,t,t,f,t,a,m,i,o,?,i
r,n,m,r,d,h,a,f,t,f,t,f,f,f,f,t,b,m,s,o,o,i
r,n,n,b,d,h,d,f,f,t,f,f,f,t,f,t,a,m,l,o,o,i
p,k,s,a,e,s,d,t,f,f,f,f,f,f,f,f,c,l,i,o,o,i
p,n,m,v,e,s,c,f,t,f,f,f,f,f,t,f,b,m,l,o,?,i
r,o,n,a,d,s,e,f,f,f,f,f,f,f,f,t,a,l,i,o,o,i
r,n,n,a,d,c,f,f,f,t,f,f,f,f,t,f,b,l,s,o,?,i
p,u,m,t,n,c,c,t,t,f,f,f,f,f,t,t,a,s,i,o,o,i
p,n,m,r,d,c,d,f,t,t,f,t,f,f,f,t,b,s,i,o,c,i
r,n,n,t,d,h,a,f,t,f,f,f,f,f,f,t,c,l,i,m,?,i
r,n,n,h,d,h,f,t,f,f,f,f,f,f,t,t,b,l,i,m,c,i
r,n,n,t,d,s,e,f,f,t,f,f,f,f,t,t,a,s,l,o,?,i
p,n,n,a,e,s,f,f,f,f,f,f,f,f,f,f,b,s,s,o,o,i
p,f,n,t,d,s,e,f,f,f,f,f,f,f,f,t,a,m,i,o,c,i
r,n,n,a,e,s,b,f,f,f,t,f,f,f,f,t,a,l,i,o,c,i
r,n,n,a,d,t,b,f,t,f,f,f,f,f,f,t,a,s,s,o,?,i
p,n,m,v,d,t,c,f,t,f,t,f,f,t,t,t,a,l,l,o,c,i
r,n,m,t,n,c,a,f,f,f,f,t,f,f,f,t,c,m,i,o,c,i
r,u,m,t,e,h,d,t,f,f,t,f,f,f,f,t,b,m,l,o,?,i
p,u,m,t,d,c,b,f,f,t,f,f,f,t,t,t,a,s,i,o,?,i
r,n,m,a,d,h,e,f,t,t,f,t,f,f,t,t,c,s,i,o,?,i
p,o,n,d,e,c,d,f,t,f,f,f,t,f,f,t,a,s,s,o,?,i
p,f,m,a,n,s,b,t,f,f,f,f,f,f,t,f,b,l,l,o,?,i
r,u,n,v,e,t,e,t,f,t,f,f,f,t,t,t,c,l,i,o,o,i
p,n,n,b,n,c,b,f,f,f,f,t,f,f,f,t,b,m,l,o,o,i
p,n,s,a,d,s,b,f,t,t,t,f,f,f,f,t,a,l,i,o,?,i
p,n,s,d,n,h,c,f,t,f,t,f,f,f,t,f,c,s,l,m,?,i
p,o,n,t,d,c,a,f,f,t,t,f,f,f,t,t,b,m,l,o,?,i
p,f,m,d,d,t,b,f,f,f,f,f,f,f,t,t,c,m,i,o,o,i
r,n,n,b,e,h,b,f,t,f,f,f,f,f,f,t,a,s,l,o,c,i
r,n,n,a,d,h,a,f,f,t,t,f,f,f,f,f,b,m,s,m,c,i
p,f,n,d,e,s,b,f,f,f,t,f,f,f,f,t,b,m,i,m,o,i
p,o,n,a,d,h,c,f,f,f,t,f,f,f,t,t,a,l,i,m,c,i
r,n,m,h,e,s,e,f,t,f,t,f,f,f,f,t,b,m,i,o,o,i
p,f,n,d,n,s,a,f,f,t,f,f,f,f,f,t,b,l,s,m,c,i
r,n,n,t,e,h,b,f,t,f,f,f,f,f,f,t,b,m,i,m,o,i
p,n,f,a,e,h,a,f,t,t,f,f,f,f,t,f,b,l,s,o,o,i
r,k,n,v,d,c,a,f,t,f,f,f,t,f,f,f,c,m,l,o,o,i
r,o,n,t,n,h,b,f,t,f,t,t,f,t,f,f,c,m,s,m,?,i
r,u,n,v,e,s,c,f,f,t,f,f,f,t,f,t,a,s,i,o,?,i
p,n,n,t,e,h,e,f,t,f,f,f,f,f,f,t,c,l,s,o,?,i
r,n,n,t,d,c,e,f,t,t,f,f,f,f,f,t,b,s,s,m,o,i
r,n,n,b,d,h,f,f,t,f,f,f,f,f,t,t,a,l,s,o,o,i
r,n,s,v,d,h,f,f,t,f,f,f,f,f,f,f,b,m,i,o,o,i
r,n,n,v,e,s,a,f,t,f,f,f,t,f,f,t,b,l,i,o,o,i
r,n,n,r,n,s,a,f,t,f,f,f,f,f,f,t,c,m,s,m,o,i
r,n,n,t,n,t,c,t,t,t,f,f,f,f,t,t,c,m,l,o,c,i
r,n,m,a,e,s,d,f,f,f,t,f,t,t,f,t,c,m,i,m,o,i
r,n,n,t,e,h,d,f,f,f,f,f,f,f,t,f,a,m,i,m,o,i
p,o,n,t,n,s,c,f,t,f,f,f,f,f,f,t,a,m,i,o,c,i
p,n,f,a,d,h,f,t,f,f,f,f,f,f,t,t,c,l,s,o,o,i
r,k,n,b,e,c,c,f,t,f,f,f,f,f,f,f,c,m,s,m,c,i
r,u,n,t,e,c,f,f,t,f,f,f,f,f,f,f,c,s,s,m,o,i
p,k,n,t,d,p,f,f,t,f,t,f,f,f,f,t,a,l,i,o,o,i
r,n,n,r,d,s,c,f,t,f,f,f,f,f,f,t,a,m,s,o,c,i
p,n,f,t,d,s,a,f,t,f,f,f,f,f,f,t,a,m,s,o,?,i
p,k,n,h,e,t,b,f,t,t,t,f,f,f,f,t,b,m,i,m,o,i
r,k,n,a,d,h,b,t,f,f,t,f,f,f,f,t,a,l,s,m,c,i
r,n,n,t,d,p,f,f,t,f,f,f,f,f,f,t,c,m,i,m,?,i
r,n,n,d,d,h,f,f,t,f,t,t,t,f,f,t,a,m,i,m,?,i
p,k,n,b,n,s,a,f,f,f,f,f,f,f,f,t,b,m,s,m,o,i
r,n,s,v,n,t,a,t,f,t,f,f,f,f,t,t,b,l,s,m,c,i
r,k,n,a,n,s,e,f,f,f,f,f,f,f,t,f,c,m,l,o,o,i
p,n,s,a,n,c,d,t,t,f,f,f,f,f,t,t,a,m,i,o,o,i
p,n,m,r,d,s,e,t,f,f,t,f,f,f,f,t,b,m,s,o,?,i
p,o,n,a,d,h,b,f,f,t,f,f,f,f,f,f,b,s,l,o,?,i
p,n,m,b,e,h,a,f,t,t,f,f,f,f,f,f,a,m,i,m,?,i
p,k,m,t,e,s,b,t,f,f,t,t,f,f,f,t,a,l,i,m,o,i
p,n,n,a,e,t,a,f,f,f,f,f,t,f,f,t,c,l,l,o,c,i
r,n,n,t,d,s,c,f,t,t,f,f,f,f,t,f,c,m,i,o,o,i
r,u,n,v,n,h,a,f,t,t,f,f,f,f,f,f,b,m,s,o,o,i
r,n,n,a,d,s,c,f,t,f,f,f,f,f,f,t,c,l,i,o,?,i
r,n,m,h,e,c,e,f,f,t,t,t,f,t,f,f,b,l,l,m,?,i
p,u,n,t,n,h,a,f,f,f,f,f,f,f,f,f,a,l,i,o,?,i
r,f,n,b,e,h,f,f,f,f,f,f,f,f,t,t,c,s,i,o,?,i
p,f,n,a,n,c,a,f,t,f,f,t,f,f,f,t,c,l,i,o,c,i
r,n,n,r,e,c,d,t,f,t,t,f,t,t,f,t,b,m,l,m,c,i
r,n,m,v,n,t,b,f,f,f,f,f,f,f,t,t,a,m,i,o,?,i
p,k,m,b,n,p,e,f,f,f,f,f,t,f,f,t,a,m,i,o,o,i
p,n,m,a,d,s,a,f,f,f,f,t,f,f,f,t,b,l,i,m,c,i
r,n,n,v,d,c,c,f,f,f,f,f,f,f,f,f,c,m,s,o,o,i
r,o,n,t,n,s,f,t,f,f,f,f,f,f,t,t,a,s,s,o,c,i
r,n,m,b,e,s,a,f,f,f,f,f,t,t,t,f,c,l,i,m,o,i
r,n,n,v,e,h,e,f,f,f,t,f,f,t,f,t,c,m,s,m,o,i
r,n,m,t,d,h,e,f,f,f,f,f,t,f,f,t,c,s,i,o,c,i
p,n,n,r,d,h,b,t,f,f,f,f,t,f,t,t,c,m,i,o,?,i
p,k,n,v,e,h,a,f,f,f,f,f,f,f,f,t,b,l,s,m,c,i
p,u,n,t,n,c,e,f,f,f,t,t,f,f,t,t,b,m,s,o,?,i
p,n,m,a,d,t,f,f,f,t,t,t,f,t,t,f,a,s,l,m,c,i
r,n,n,a,d,s,a,f,f,f,f,f,t,f,f,t,a,l,s,m,o,i
p,k,s,v,d,h,e,f,t,f,f,f,f,t,f,t,b,l,s,m,c,i
r,n,n,b,e,s,e,f,f,f,f,f,f,f,f,t,b,m,i,o,c,i
p,k,n,a,d,s,d,f,f,f,t,f,f,f,f,t,c,m,l,m,o,i
p,u,m,a,e,t,e,f,t,f,f,f,f,f,f,t,a,l,l,o,o,i
p,k,n,t,d,s,a,t,t,f,f,f,f,f,f,t,a,s,i,m,o,i
p,n,n,t,d,s,c,t,f,f,f,f,t,t,f,t,b,l,s,m,c,i
p,u,s,t,d,h,f,f,f,t,t,f,f,f,f,t,a,s,l,o,o,i
r,n,m,t,d,s,e,f,f,f,t,f,f,f,f,f,a,s,s,o,?,i
r,u,n,t,n,h,b,f,t,t,f,t,f,f,f,t,b,m,i,o,c,i
p,k,m,r,n,t,d,f,f,f,f,f,f,f,t,t,a,s,i,m,o,i
r,k,n,r,n,c,b,f,f,f,f,f,f,f,t,t,b,m,i,o,o,i
r,u,n,t,n,h,b,f,f,f,t,f,f,f,f,f,b,m,s,o,c,i
p,k,n,b,d,c,a,f,f,f,f,f,f,f,f,t,b,s,i,o,?,i
r,n,n,t,n,p,a,f,f,f,f,f,f,t,t,t,c,m,s,o,c,i
r,n,n,a,e,s,c,f,t,f,f,f,f,f,t,f,a,m,l,o,o,i
p,f,n,h,n,c,b,f,t,t,f,t,f,f,t,t,c,l,s,o,c,i
p,k,m,b,e,h,e,f,t,t,f,t,f,f,f,t,c,l,i,m,?,i
r,n,n,t,d,c,f,t,t,f,t,t,f,f,f,t,a,l,i,o,o,i
p,f,n,a,d,s,c,f,f,t,t,f,f,f,f,t,a,s,l,m,?,i
p,f,m,r,d,c,a,f,f,t,f,f,f,f,f,f,b,l,l,o,o,i
p,n,f,t,d,c,f,t,t,t,t,f,f,f,t,t,b,l,s,m,o,i
r,n,n,h,e,c,a,f,f,t,f,f,f,f,f,t,c,l,s,o,o,i
p,n,s,a,n,s,c,t,t,f,f,f,f,f,t,t,c,m,s,o,?,i
r,n,m,t,d,s,b,f,t,f,t,f,f,f,f,t,c,l,s,o,c,i
r,n,n,b,e,c,f,f,t,t,f,f,f,f,t,t,a,m,s,o,o,i
r,n,n,r,e,c,b,f,t,f,t,f,f,f,f,f,c,m,i,o,c,i
r,n,n,a,d,t,f,f,f,f,f,f,f,f,f,t,a,l,s,o,o,i
r,n,m,d,d,h,f,f,f,f,f,f,t,f,f,f,b,m,s,o,o,i
p,f,n,d,e,s,f,t,t,f,f,f,f,f,t,t,a,m,i,o,c,i
r,n,n,t,e,c,e,f,t,t,f,f,f,f,f,t,a,m,i,o,c,i
p,u,m,t,d,c,e,f,f,f,t,t,f,f,f,t,c,m,s,m,c,i
p,u,n,a,d,h,f,f,f,t,t,t,f,f,f,t,a,s,s,o,c,i
p,k,n,r,d,c,b,f,f,f,f,f,f,f,t,t,b,m,l,o,c,i
p,u,s,r,n,s,e,t,f,t,f,f,f,f,f,t,a,s,i,o,o,i
p,u,f,t,n,s,a,f,f,f,t,t,f,f,t,f,c,s,i,m,c,i
r,n,m,h,d,s,b,t,f,t,t,f,f,f,t,f,c,l,i,o,o,i
p,f,n,a,e,s,c,f,f,f,f,f,f,f,f,t,c,m,l,o,o,i
r,n,n,v,n,c,f,f,f,f,t,f,f,f,f,f,b,s,s,o,o,i
p,f,n,d,d,s,b,f,t,f,f,f,f,f,f,f,a,l,s,o,o,i
r,k,n,t,d,p,d,t,t,f,t,f,f,t,f,t,b,s,i,m,o,i
r,n,n,t,d,s,d,f,t,t,f,t,f,f,f,f,a,m,s,m,o,i
r,n,s,t,d,c,d,f,f,t,t,f,f,t,f,f,a,l,i,o,o,i
p,u,m,d,n,h,a,f,f,f,t,t,f,f,t,t,a,l,s,o,c,i
r,n,n,a,n,s,d,f,t,f,f,f,f,f,f,t,c,m,i,o,?,i
r,n,n,d,e,h,d,f,t,f,f,f,f,f,f,t,c,m,s,o,o,i
r,n,n,b,d,t,f,t,f,f,t,f,f,t,t,t,b,s,i,o,c,i
r,n,n,a,n,t,f,f,f,f,t,f,f,f,f,t,a,m,l,o,?,i
p,o,m,d,d,s,b,f,f,f,f,f,f,f,t,t,b,l,i,m,c,i
p,f,n,a,d,h,b,f,t,f,f,t,f,f,t,f,c,s,i,o,?,i
r,n,m,v,d,s,d,t,f,f,f,f,f,f,t,f,a,m,i,o,?,i
r,n,n,a,n,h,c,f,t,f,f,f,f,f,f,f,a,s,s,o,o,i
r,n,n,t,e,s,e,t,f,f,f,f,f,f,f,t,c,s,l,o,?,i
p,n,f,t,e,t,e,f,f,t,f,f,t,f,f,t,b,m,l,m,o,i
r,o,n,t,e,c,a,f,f,f,f,f,f,f,f,f,b,m,i,m,o,i
r,f,n,v,d,s,f,f,f,f,f,t,f,t,f,t,b,m,s,m,?,i
r,n,m,a,d,t,b,f,t,t,t,f,f,f,t,f,a,m,l,m,o,i
r,k,n,a,n,c,f,t,f,f,t,f,f,f,f,f,a,m,s,m,o,i
r,n,n,t,n,s,c,f,f,f,f,f,f,f,t,t,b,s,i,o,c,i
p,k,n,r,e,c,e,f,f,f,f,f,f,f,t,t,b,s,s,o,c,i
p,k,n,v,d,h,a,f,f,f,f,f,t,t,f,t,a,s,i,o,c,i
p,f,n,r,n,h,c,f,f,t,t,f,f,f,f,f,c,m,s,o,o,i
r,k,n,h,d,s,a,f,f,f,t,f,f,f,f,t,b,l,s,o,?,i
p,u,m,t,d,s,e,f,t,t,t,f,f,f,f,t,c,m,i,o,o,i
p,n,m,t,d,s,f,f,f,f,f,f,f,f,t,t,b,l,i,m,?,i
r,n,n,b,d,p,e,t,t,f,f,f,f,f,f,t,b,m,i,o,c,i
r,n,n,t,e,s,d,f,f,t,f,f,f,f,t,t,b,m,l,m,o,i
r,k,n,r,e,h,a,f,f,f,f,f,f,f,f,f,a,l,i,o,?,i
r,k,n,v,d,t,f,f,t,f,f,f,f,f,f,t,a,m,s,o,o,i
p,k,n,t,d,t,b,f,f,f,f,f,f,f,f,t,a,s,i,o,c,i
p,f,m,d,e,c,d,f,t,f,f,f,f,f,f,t,b,s,i,m,?,i
r,n,n,t,e,c,b,f,t,f,f,f,f,f,t,t,b,m,s,m,o,i
p,f,n,r,d,t,e,f,t,t,t,f,t,f,t,f,a,s,l,m,?,i
p,f,m,a,d,c,b,t,f,t,f,f,f,f,f,t,b,s,i,m,o,i
p,n,m,r,n,h,c,t,f,t,t,f,t,f,t,t,a,l,i,o,?,i
r,n,n,t,n,s,a,t,t,f,f,f,f,f,f,t,c,s,i,o,o,i
r,n,n,d,d,s,d,f,f,t,f,f,f,f,f,f,c,m,s,m,o,i
p,n,f,d,e,h,b,f,f,f,f,t,f,f,t,f,c,l,l,o,?,i
p,o,n,b,n,s,f,f,t,f,f,f,f,f,f,f,c,m,s,o,c,i
p,u,m,b,d,s,e,f,f,f,f,f,f,f,f,t,c,l,s,o,c,i
p,k,m,r,n,s,f,f,f,t,f,f,f,t,f,t,a,l,l,o,o,i
r,n,n,b,e,h,c,f,f,t,f,f,f,f,f,t,c,l,s,o,o,i
p,f,n,b,e,h,d,f,f,f,f,t,f,f,t,f,b,l,i,o,c,i
p,f,n,b,e,s,c,t,t,f,f,f,f,f,f,t,b,m,i,m,?,i
r,n,n,d,d,h,f,f,f,f,f,f,t,f,t,f,c,s,s,o,o,i
r,o,n,r,n,s,b,f,t,t,f,f,f,f,t,t,b,m,i,m,o,i
p,n,m,t,e,h,b,f,f,f,f,f,f,f,f,t,b,l,i,o,c,i
r,n,m,d,d,s,b,f,t,f,f,f,t,f,f,t,b,m,i,m,?,i
r,n,s,t,e,c,c,f,t,f,f,f,f,f,f,f,c,s,i,m,?,i
p,n,f,t,n,p,f,f,f,f,t,t,f,f,f,f,b,l,s,o,o,i
p,u,m,h,n,s,b,f,t,f,t,f,f,f,f,t,b,m,l,m,c,i
r,n,n,t,e,p,d,f,t,t,f,f,f,f,f,t,b,s,i,m,c,i
r,n,n,t,d,p,b,f,f,f,f,f,f,f,f,t,a,l,i,o,o,i
r,n,n,b,d,t,a,t,t,f,f,f,f,f,f,t,b,s,i,o,o,i
r,n,n,d,d,p,f,f,f,t,f,f,f,f,f,t,c,m,s,o,o,i
r,n,n,t,n,h,e,t,f,f,f,f,f,t,f,t,a,m,l,o,o,i
r,n,n,b,n,s,f,f,f,f,f,f,f,f,f,t,b,m,s,m,o,i
p,f,n,t,n,s,c,f,f,t,f,f,t,t,f,t,b,l,s,o,c,i
p,n,n,a,d,s,e,t,f,f,t,t,f,f,t,f,b,s,s,o,?,i
p,o,m,a,n,h,d,f,f,f,f,f,f,f,f,t,c,m,s,m,o,i
r,n,n,t,n,t,d,f,f,t,t,f,f,f,t,t,a,s,s,o,?,i
p,f,n,d,e,s,a,t,t,f,t,f,f,f,f,t,c,m,i,o,o,i
p,o,n,r,n,h,a,f,f,f,t,f,t,f,t,f,b,l,s,m,?,i
r,n,n,d,e,t,a,f,f,f,f,f,f,t,t,f,c,m,s,o,o,i
r,n,n,d,d,s,e,f,f,t,f,f,t,t,t,f,a,m,s,m,?,i
p,u,n,d,d,s,e,f,f,t,f,f,f,f,f,t,c,l,s,o,o,i
r,n,n,v,d,s,d,f,f,f,f,f,f,f,t,f,b,l,i,o,?,i
p,k,m,a,d,s,a,f,t,t,f,f,f,f,f,t,b,m,l,o,c,i
r,n,n,d,e,h,e,f,f,f,f,f,f,f,t,t,a,s,l,m,o,i
p,n,f,b,d,h,a,t,f,t,f,f,t,f,t,t,c,m,l,o,o,i
p,k,m,t,d,h,f,t,t,f,f,f,f,f,t,f,c,m,l,o,o,i
r,u,n,a,d,s,c,f,f,t,f,f,f,f,t,f,b,l,l,o,c,i
r,n,n,a,e,c,e,t,f,f,f,f,f,f,t,f,b,l,i,o,o,i
p,o,n,b,n,s,a,f,f,t,t,f,f,t,f,f,b,s,i,m,?,i
p,f,m,v,d,h,b,f,f,f,f,f,f,f,f,t,b,l,i,o,c,i
p,n,m,b,n,s,c,f,f,t,f,f,f,f,f,f,b,m,i,o,o,i
p,n,m,t,n,c,c,f,f,t,f,f,f,f,t,t,a,s,s,m,c,i
p,n,s,t,e,c,a,f,t,t,t,f,f,f,f,t,b,s,i,o,?,i
r,n,n,d,e,s,c,f,t,f,f,t,f,f,f,f,c,l,i,m,o,i
p,k,m,a,e,h,a,t,f,t,t,f,f,f,f,t,b,s,s,m,c,i
r,n,n,a,n,h,f,f,f,f,f,f,f,f,f,t,c,m,i,o,?,i
r,n,m,v,d,p,c,f,f,t,f,f,f,f,t,t,b,m,s,o,c,i
p,f,n,d,n,t,c,f,f,f,f,f,f,f,f,t,a,l,s,m,o,i
p,k,m,b,d,s,d,f,t,t,f,f,f,f,f,f,b,m,i,m,o,i
p,k,n,r,d,h,e,f,f,t,f,f,t,f,f,f,b,l,s,o,o,i
r,k,n,t,e,s,a,f,t,f,t,f,t,f,f,t,a,m,s,m,?,i
p,n,n,d,n,c,d,f,f,t,f,f,f,f,f,t,b,s,s,o,o,i
p,f,s,b,n,s,f,f,f,f,f,f,f,f,f,t,b,l,s,o,o,i
r,n,n,v,n,h,c,f,f,f,f,t,f,f,t,t,b,l,i,o,o,i
r,n,n,t,e,p,a,f,t,f,f,f,f,f,f,t,b,m,l,o,c,i
r,n,n,r,e,h,b,f,f,t,f,f,f,f,t,t,c,l,s,o,c,i
p,k,n,a,n,p,f,f,f,t,t,f,f,f,f,t,a,s,s,o,o,i
p,k,s,a,d,s,a,t,t,t,f,f,f,f,t,t,b,m,s,o,c,i
p,n,s,r,d,t,a,f,t,f,t,f,f,f,f,t,b,s,s,m,?,i
p,o,m,v,e,c,f,f,t,f,t,f,f,f,f,t,a,s,s,m,c,i
p,o,m,a,e,h,f,f,f,f,f,f,f,f,f,t,b,m,s,o,o,i
r,n,n,d,e,s,c,f,t,f,f,f,f,t,t,t,a,m,s,m,?,i
p,f,n,t,n,h,a,f,f,f,f,f,f,f,f,t,a,l,i,m,o,i
r,n,n,b,d,c,d,f,t,f,f,f,f,f,f,f,b,m,s,o,?,i
p,u,m,t,n,s,e,f,t,f,f,f,f,f,t,t,b,m,s,o,?,i
r,n,n,a,e,t,b,f,t,f,t,f,f,f,f,t,b,l,i,o,c,i
r,n,m,d,n,c,a,t,f,t,t,f,f,f,t,t,c,m,i,m,c,i
r,n,n,t,d,t,f,f,t,t,f,f,f,f,f,f,b,l,s,o,?,i
r,n,n,d,e,s,e,t,t,t,f,f,f,f,f,t,a,m,i,m,c,i
p,f,n,a,n,h,c,t,t,f,t,t,f,f,f,t,a,l,l,o,c,i
p,k,m,r,e,s,f,f,f,f,f,f,t,f,f,f,b,l,s,o,o,i
r,n,m,t,d,s,d,f,f,t,f,f,f,f,t,f,c,m,i,o,?,i
p,k,n,r,d,s,f,f,f,t,t,f,f,f,t,f,a,l,s,o,?,i
r,u,m,d,d,s,a,f,t,f,t,f,f,f,t,f,b,m,s,m,c,i
p,o,m,b,e,c,c,t,t,f,t,f,f,t,f,f,a,s,s,o,c,i
p,k,n,a,e,s,d,f,f,t,t,f,f,t,f,f,a,s,s,m,?,i
p,n,m,v,e,s,c,f,f,f,f,f,t,f,f,f,b,m,s,o,c,i
r,n,n,v,e,h,b,t,f,f,t,f,f,f,f,t,b,m,s,o,c,i
p,u,n,t,d,c,d,f,t,t,f,f,f,f,f,t,b,l,i,m,o,i
p,f,n,r,d,c,d,t,f,f,t,f,f,t,f,f,a,l,s,m,o,i
p,k,n,r,n,h,b,f,f,f,t,t,f,f,f,f,a,m,i,o,o,i
p,u,n,v,n,s,c,f,f,f,f,f,f,t,t,f,a,s,s,m,c,i
r,n,n,a,e,h,d,f,f,f,f,f,f,f,f,t,b,m,i,m,?,i
p,f,n,a,e,c,d,f,t,t,f,f,f,f,f,t,a,m,i,o,o,i
r,n,m,h,n,s,c,f,f,f,f,f,f,f,f,t,a,m,i,o,c,i
r,n,n,b,n,s,b,f,f,f,f,f,t,f,f,t,a,m,s,o,c,i
r,n,n,b,e,t,a,f,t,f,f,f,t,f,f,t,b,m,l,o,c,i
r,n,n,h,d,s,e,f,t,f,f,f,t,t,f,t,c,l,s,o,o,i
p,u,n,t,d,s,e,t,f,f,f,f,t,f,f,t,b,m,i,o,?,i
r,n,m,a,e,s,d,f,f,f,f,f,t,f,f,t,b,m,s,o,o,i
p,o,s,v,e,p,d,f,f,f,t,f,f,f,f,f,a,s,l,o,o,i
r,f,n,v,d,h,a,f,f,f,f,f,f,f,f,t,c,m,s,m,?,i
r,f,m,h,d,t,c,f,f,f,t,t,f,f,f,t,a,m,l,o,c,i
p,u,n,r,n,p,c,f,t,f,f,f,f,f,t,t,a,s,i,o,o,i
p,n,f,a,d,c,c,t,f,f,t,f,f,f,f,t,c,l,i,o,o,i
r,n,n,a,n,s,b,f,f,f,f,f,f,f,f,t,c,s,i,m,o,i
r,n,n,t,n,h,a,f,t,t,f,t,f,f,t,t,b,l,s,m,o,i
r,n,n,d,e,p,f,f,f,t,f,f,f,t,f,t,a,m,i,o,?,i
r,u,n,t,d,t,d,t,t,t,t,f,f,f,t,t,a,m,i,o,c,i
r,n,n,b,n,p,f,f,f,t,f,f,f,f,f,t,b,s,s,o,c,i
r,n,n,a,e,t,d,f,f,f,f,f,f,f,f,t,a,m,s,o,?,i
r,n,n,t,d,c,e,f,f,f,f,f,f,f,f,f,b,m,i,o,?,i
p,k,m,a,e,h,b,f,f,f,f,f,f,f,f,f,b,l,s,o,o,i
p,f,m,r,d,h,a,t,t,f,t,f,f,f,t,t,a,m,l,o,?,i
r,n,n,t,e,h,d,f,f,t,f,f,f,f,f,t,a,s,s,m,?,i
p,f,m,h,n,s,c,t,t,t,f,t,f,f,f,t,b,l,s,o,?,i
p,k,n,d,e,s,a,f,t,t,t,f,f,f,f,t,c,m,i,m,c,i
p,o,s,t,n,s,d,f,f,f,f,f,f,f,t,t,b,l,i,o,c,i
p,n,n,d,e,s,a,t,t,t,t,f,f,f,t,t,b,m,i,o,o,i
p,k,m,a,n,s,a,f,f,t,f,f,f,f,f,t,a,l,i,o,?,i
p,n,s,t,n,c,f,f,f,t,t,f,f,f,f,t,a,m,s,o,?,i
r,n,m,a,d,h,d,t,f,f,f,f,f,f,t,t,c,m,s,o,c,i
p,f,m,v,n,h,b,f,f,f,f,f,f,f,f,f,c,m,i,m,o,i
p,k,n,r,n,c,a,f,f,t,t,f,f,f,t,f,c,s,i,m,?,i
p,n,m,t,d,h,f,t,f,t,f,f,f,t,f,t,b,l,i,o,c,i
r,o,n,v,n,h,f,f,t,t,f,f,f,f,f,f,a,l,i,o,?,i
r,n,n,v,d,h,b,f,t,f,f,f,f,f,f,t,c,s,l,o,?,i
p,k,f,v,d,s,c,f,t,f,t,f,f,f,t,t,b,m,s,m,o,i
p,u,n,b,d,h,d,f,f,t,f,f,f,f,f,t,a,m,i,o,?,i
r,k,n,v,e,c,a,f,t,t,f,f,f,f,f,t,c,s,i,o,o,i
p,o,s,r,d,s,c,f,f,f,f,t,f,f,t,t,b,l,i,m,?,i
r,k,n,t,d,p,b,f,t,t,f,f,f,f,t,f,b,m,l,o,c,i
r,o,n,v,n,s,b,f,t,f,f,f,f,f,t,f,a,s,i,o,?,i
p,f,n,a,e,h,d,f,f,f,f,f,f,f,f,f,a,m,i,m,c,i
p,f,m,v,n,p,b,t,t,f,f,f,f,t,f,f,a,m,i,o,o,i
p,n,m,r,d,c,d,f,t,t,f,f,f,f,f,t,a,m,i,o,o,i
p,f,n,a,d,h,b,t,f,f,f,f,f,t,f,f,c,m,l,o,o,i
r,n,m,t,n,c,c,t,t,f,f,f,f,f,t,t,c,l,s,m,c,i
r,u,n,r,d,s,f,t,f,t,t,f,f,f,f,t,a,s,l,m,o,i
p,n,m,d,e,c,c,f,f,t,f,f,f,f,t,t,c,l,i,o,?,i
r,n,m,d,n,h,c,t,t,f,f,f,f,f,f,f,c,s,i,o,o,i
p,o,s,r,d,s,c,f,t,f,f,t,f,t,f,t,c,l,l,o,o,i
r,n,n,t,e,s,e,f,f,f,f,f,f,f,f,f,a,m,s,o,c,i
r,n,n,a,e,t,d,f,f,f,f,f,f,t,f,f,a,m,i,o,c,i
p,f,n,v,d,s,a,f,f,f,t,f,f,f,t,f,c,l,s,m,c,i
r,n,n,a,e,p,a,f,t,t,f,f,f,f,f,t,a,m,i,m,o,i
r,n,n,v,e,s,d,t,t,f,f,f,t,f,t,f,b,l,s,m,o,i
p,k,n,a,d,h,e,f,f,t,f,f,f,f,f,t,b,l,i,o,?,i
r,n,n,t,e,h,a,t,f,f,t,f,f,f,f,t,c,l,l,o,o,i
p,n,s,r,e,c,c,t,t,f,f,f,f,t,f,t,c,s,s,o,?,i
r,n,n,r,e,h,d,f,f,f,f,f,f,f,f,t,b,m,s,o,?,i
r,n,n,r,n,h,c,f,f,t,f,f,f,f,f,t,c,l,i,o,o,i
r,n,m,t,n,h,d,f,f,f,t,f,t,f,t,f,c,m,i,o,o,i
r,n,n,v,d,c,b,f,f,t,t,f,f,f,t,t,c,m,l,o,c,i
r,k,n,b,n,h,d,f,f,t,f,f,f,f,f,f,a,m,i,o,c,i
p,k,n,v,n,h,e,f,t,f,t,t,f,f,t,t,b,m,l,m,c,i
r,n,n,r,d,h,f,t,t,f,t,t,f,f,f,f,b,m,i,o,?,i
r,n,n,a,d,s,d,t,f,f,f,f,f,f,t,t,b,m,s,m,o,i
p,u,m,r,d,s,b,f,f,f,t,f,f,f,f,t,c,s,l,m,o,i
r,k,n,b,d,s,e,f,f,t,f,f,f,f,f,t,b,m,l,o,o,i
r,n,n,b,e,c,e,f,f,f,f,f,f,f,f,t,a,m,s,m,c,i
p,n,n,r,d,t,c,t,f,t,t,f,f,f,f,t,b,s,s,o,?,i
r,n,n,t,n,s,b,f,t,t,t,f,f,f,f,f,a,s,i,m,o,i
p,o,n,d,e,s,a,t,t,t,f,f,f,f,f,t,c,l,l,o,?,i
p,u,s,a,d,t,d,f,f,t,f,f,f,f,f,t,a,l,i,o,c,i
p,u,n,t,n,h,c,f,f,f,f,t,f,f,f,f,c,m,i,m,o,i
p,n,n,v,e,h,a,f,f,f,f,f,f,f,t,t,a,l,s,o,o,i
r,n,n,t,d,c,d,f,t,f,f,f,f,t,f,f,b,m,s,o,c,i
p,n,m,h,d,h,f,t,f,f,f,f,f,f,f,t,c,m,i,o,c,i
r,n,m,a,e,h,a,f,t,f,t,t,t,f,f,f,c,m,i,m,?,i
r,n,n,a,e,t,c,f,f,t,t,f,f,f,f,t,b,s,s,o,c,i
r,k,m,t,e,h,f,f,t,t,t,f,t,f,f,t,a,l,s,o,c,i
r,n,n,t,n,c,f,t,f,f,f,f,t,f,t,f,b,m,s,o,c,i
p,u,m,t,e,s,b,f,f,f,t,f,t,f,f,t,b,s,i,o,?,i
r,n,n,t,n,s,a,f,f,f,f,f,f,f,f,t,a,s,i,m,o,i
p,n,m,a,e,p,c,f,t,f,t,t,f,f,f,f,a,m,i,o,o,i
r,o,m,a,e,t,b,f,f,t,f,f,f,f,f,f,c,m,i,o,o,i
p,f,m,a,d,p,c,f,t,t,t,f,f,t,f,t,b,l,s,m,o,i
r,n,n,t,e,s,d,f,t,f,f,f,f,f,t,f,b,m,i,o,o,i
r,k,m,t,e,p,e,f,t,t,f,t,f,t,t,f,c,m,s,m,o,i
r,n,m,t,e,s,d,t,t,f,f,f,f,f,f,f,b,s,i,o,o,i
r,n,n,t,d,h,f,f,f,t,f,f,f,f,f,t,a,m,s,m,?,i
p,n,n,a,e,c,e,f,f,t,f,f,f,f,f,t,b,m,i,o,c,i
r,n,n,t,d,h,c,f,f,f,t,f,f,f,f,t,a,l,i,o,c,i
r,k,n,a,e,h,a,f,t,t,f,f,t,f,f,t,c,l,s,m,o,i
r,n,m,d,d,c,e,f,f,f,f,f,f,f,t,t,b,l,i,o,o,i
p,f,n,t,n,p,e,f,t,f,f,f,f,t,f,t,a,m,s,m,c,i
p,o,m,t,d,s,b,f,f,f,f,f,f,f,f,f,a,s,i,m,c,i
p,n,m,r,e,s,b,f,f,f,t,f,f,f,f,f,b,m,i,m,?,i
r,n,m,b,e,c,d,f,f,t,t,f,f,f,t,t,a,m,l,o,c,i
r,n,m,t,d,s,a,f,t,f,f,f,f,f,f,t,a,s,s,o,c,i
p,o,n,v,n,s,e,t,t,t,f,f,f,f,t,t,c,s,i,m,o,i
r,f,n,v,n,s,b,f,t,f,f,f,f,f,t,t,c,m,l,o,o,i
p,f,n,h,n,s,d,f,t,f,f,f,f,f,f,f,a,m,s,o,o,i
p,n,m,d,n,h,b,f,t,f,f,f,f,f,f,t,a,l,s,o,c,i
p,n,s,b,e,t,c,f,f,f,f,f,f,f,f,t,a,s,s,o,o,i
p,k,n,r,n,p,e,f,t,f,f,f,f,f,f,f,a,s,i,o,c,i
p,n,s,a,n,h,b,t,t,t,f,f,f,f,f,f,a,l,l,o,c,i
p,f,f,d,n,s,a,f,f,f,f,f,f,f,t,f,a,l,i,m,o,i
r,n,n,b,n,c,a,t,f,f,f,t,f,f,f,f,a,l,s,o,o,i
r,n,m,a,e,h,a,f,t,t,f,t,f,f,f,t,a,l,l,m,c,i
r,k,m,t,e,c,c,f,f,t,f,f,f,f,f,t,b,m,s,m,c,i
r,k,n,b,e,h,a,f,t,f,t,f,f,f,f,t,a,m,s,o,o,i
p,k,n,b,d,c,c,f,f,f,f,f,f,f,t,f,a,s,i,o,?,i
r,n,n,v,e,s,d,f,f,t,f,f,f,f,t,f,a,l,s,o,c,i
r,u,m,t,d,p,f,f,f,f,f,f,f,f,f,t,c,l,i,o,?,i
p,o,n,v,e,c,b,f,t,t,f,f,f,f,t,f,a,l,l,o,c,i
r,u,m,t,e,h,f,f,f,t,t,f,f,f,t,t,a,l,l,m,o,i
p,k,m,b,d,t,f,f,f,t,f,f,t,f,f,t,a,l,i,o,o,i
p,k,m,a,d,s,d,f,f,f,f,f,t,f,f,f,c,m,s,o,o,i
p,k,n,a,d,s,e,t,t,f,f,f,t,f,t,t,b,l,i,o,?,i
r,n,n,a,e,c,c,f,t,f,f,f,f,f,f,t,a,m,s,o,?,i
r,n,n,t,d,h,a,t,f,t,f,f,f,f,f,t,a,l,l,o,o,i
r,k,n,t,d,s,f,f,t,t,f,f,f,f,f,t,b,l,i,o,o,i
r,n,n,v,d,s,f,f,t,f,f,f,f,t,f,f,a,m,i,o,o,i
r,n,n,t,d,s,b,f,t,f,t,f,f,f,f,t,c,m,s,o,?,i
r,o,n,v,d,s,a,f,t,t,f,f,f,f,f,t,b,s,i,m,o,i
r,n,n,v,d,h,a,t,f,f,t,f,f,f,f,f,a,s,s,o,c,i
r,k,n,t,e,s,c,f,f,f,f,f,f,f,f,t,b,l,s,m,c,i
p,k,n,d,e,h,f,f,t,t,t,f,f,f,f,t,a,l,s,o,o,i
p,n,s,v,n,h,a,f,f,f,f,f,f,t,f,t,b,s,i,m,?,i
p,u,n,v,d,c,d,f,f,f,f,f,f,t,f,f,c,s,i,o,?,i
p,n,s,v,d,t,e,t,f,f,f,f,f,t,f,t,b,s,i,o,c,i
p,u,m,b,d,s,b,f,f,f,f,f,f,f,f,t,b,m,l,o,c,i
r,o,n,h,e,s,d,f,f,f,t,f,f,f,f,t,a,l,s,o,?,i
r,n,s,t,d,s,c,f,t,f,t,f,f,f,t,f,b,m,s,o,?,i
r,n,m,t,d,s,a,f,f,t,t,f,f,f,f,t,c,m,s,o,o,i
p,n,m,v,e,h,c,t,f,f,t,f,f,t,f,f,a,m,l,o,c,i
r,n,n,a,d,s,a,f,t,f,f,t,f,f,t,f,a,s,l,o,c,i
r,n,n,r,e,c,d,f,f,t,f,f,f,f,f,f,b,m,s,m,?,i
r,u,n,a,e,t,b,f,f,f,f,f,f,t,t,f,a,m,i,o,?,i
r,n,m,a,n,s,e,f,f,t,f,f,f,f,f,t,a,m,s,o,?,i
p,o,n,d,d,s,d,f,f,f,t,f,f,f,f,t,a,s,s,o,c,i
r,n,n,t,d,c,f,f,f,f,f,f,f,f,t,t,b,m,s,o,o,i
r,u,n,t,e,c,e,f,t,f,t,f,f,f,f,t,b,s,i,o,c,i
p,n,n,r,d,s,e,f,f,f,t,f,f,f,f,t,b,l,s,m,o,i
r,n,n,v,d,h,b,f,t,f,t,f,f,f,f,t,a,m,i,o,o,i
p,k,n,d,e,s,c,f,f,t,f,t,f,f,f,f,a,l,i,o,c,i
r,n,s,t,d,c,e,f,t,t,f,f,f,f,t,t,a,l,s,o,o,i
p,o,n,d,d,c,e,f,t,f,f,f,f,f,f,t,a,m,s,o,c,i
r,n,n,r,e,s,d,f,f,f,t,f,t,f,t,t,c,m,s,m,?,i
p,k,n,d,n,s,a,f,f,f,f,f,f,f,t,f,a,s,s,m,c,i
r,k,n,t,d,h,a,f,f,t,f,f,f,f,f,f,a,m,i,m,c,i
r,k,n,a,e,h,a,f,t,f,f,f,f,f,f,f,b,m,s,o,o,i
p,n,n,b,n,p,a,f,f,f,f,t,f,t,f,t,b,m,i,o,c,i
p,n,s,b,d,h,e,f,f,f,t,t,f,f,f,t,b,l,s,m,c,i
p,n,f,t,e,c,c,f,f,f,f,f,f,f,f,t,a,l,i,m,c,i
r,n,m,b,d,c,c,f,f,t,t,f,t,f,f,t,a,l,s,m,c,i
r,n,m,r,n,c,a,f,f,f,f,f,f,f,f,f,a,m,s,m,o,i
p,u,n,a,d,s,e,f,f,t,t,f,t,f,f,t,b,l,s,o,o,i
p,k,n,b,d,s,a,t,f,t,f,t,f,f,f,t,a,m,l,o,c,i
p,k,n,a,n,h,b,t,f,t,f,t,f,f,t,t,b,m,i,o,o,i
r,n,m,d,e,s,e,f,f,f,t,t,f,f,f,f,b,l,s,m,?,i
r,n,n,b,d,s,d,f,f,f,f,f,f,f,t,f,c,m,i,o,o,i
p,k,n,b,n,s,a,f,t,t,f,f,f,t,f,t,b,m,s,o,?,i
r,n,n,d,n,t,a,t,f,t,t,f,f,f,t,f,b,m,i,o,o,i
r,n,n,r,e,c,c,f,t,t,f,t,f,f,f,f,c,s,i,o,c,i
p,n,m,t,d,p,d,f,t,t,f,f,f,t,t,t,b,m,i,o,o,i
p,k,n,r,d,t,b,f,f,f,f,t,t,f,t,f,b,s,l,m,o,i
r,u,n,h,n,c,d,f,f,f,t,f,t,f,f,t,b,m,i,o,o,i
r,n,n,t,d,h,b,f,f,t,f,t,f,f,t,t,a,m,i,o,o,i
p,k,m,r,d,h,d,f,t,f,f,f,f,f,t,f,a,m,s,o,c,i
r,n,n,t,d,c,e,t,t,f,f,f,f,f,f,t,a,m,s,m,o,i
r,n,n,v,d,p,e,f,t,t,t,f,f,f,f,t,c,m,s,o,?,i
p,f,m,r,e,p,a,f,f,f,f,f,f,t,f,f,b,m,i,o,o,i
r,n,n,d,d,h,a,f,f,f,f,f,f,t,f,f,b,l,s,o,o,i
p,k,m,r,d,c,a,f,f,f,f,f,f,t,f,f,a,m,s,m,o,i
r,n,n,t,d,h,a,t,f,f,t,f,f,f,t,f,b,s,i,o,c,i
r,n,s,b,d,h,b,t,t,f,f,f,f,f,f,t,c,m,l,o,c,i
r,u,n,d,d,s,a,f,t,f,f,f,f,f,t,f,c,s,i,m,o,i
r,n,n,t,d,s,e,f,f,f,t,f,f,f,t,t,a,l,l,m,c,i
p,o,f,t,e,s,e,f,f,f,t,f,f,f,f,t,a,m,i,o,?,i
r,n,n,v,d,c,e,f,t,t,t,f,f,f,f,t,a,m,i,m,o,i
p,u,m,b,d,s,b,f,t,t,t,f,f,f,f,t,b,s,i,m,?,i
r,n,n,t,e,t,d,f,f,f,f,f,f,f,f,t,c,s,i,o,?,i
r,n,n,t,e,s,d,f,f,f,f,f,f,f,f,t,a,m,i,m,?,i
p,f,n,a,e,s,d,t,f,f,f,f,f,f,f,t,c,m,s,o,?,i
p,n,n,r,n,h,a,f,t,t,f,f,f,f,f,t,c,m,s,o,c,i
p,n,m,b,d,s,f,f,f,t,f,t,f,f,t,t,a,m,l,m,o,i
p,u,n,b,d,s,b,f,f,f,t,f,f,f,f,t,a,s,l,o,c,i
p,k,n,v,d,s,b,f,t,f,f,f,t,f,t,t,b,m,l,m,c,i
p,f,n,t,d,h,c,f,t,f,t,f,t,f,f,t,b,m,s,o,o,i
p,f,n,r,n,s,b,f,t,t,f,f,f,f,f,t,b,m,i,m,o,i
p,o,n,a,e,h,f,f,f,f,t,t,f,f,t,t,b,l,s,m,?,i
p,u,s,a,n,s,d,f,t,f,f,f,t,f,t,f,c,l,i,m,o,i
p,k,n,b,n,s,f,f,f,f,t,f,f,f,f,t,c,l,l,o,?,i
p,n,n,r,n,s,f,f,f,f,f,t,f,t,f,t,b,l,s,o,o,i
p,n,n,d,d,s,d,f,f,f,f,f,f,f,f,t,b,m,l,o,o,i
r,k,n,t,n,c,e,f,f,t,f,f,f,t,f,t,c,m,i,m,c,i
p,o,n,t,e,h,f,f,t,f,f,f,f,f,t,t,c,s,i,o,o,i
r,n,m,a,d,c,a,f,f,f,t,f,f,f,f,f,a,l,i,o,o,i
r,n,n,b,e,p,b,t,f,f,t,f,f,f,t,t,a,m,s,o,o,i
p,n,m,t,n,s,c,f,t,f,f,f,f,f,f,f,b,m,s,o,o,i
p,k,n,d,n,p,d,f,t,f,f,f,f,t,t,t,b,l,l,m,o,i
r,o,n,v,d,c,e,f,f,f,f,f,f,f,f,t,a,s,i,o,?,i
r,n,s,b,n,c,b,t,f,f,f,f,f,f,t,f,a,m,s,o,o,i
p,k,m,a,e,p,e,f,t,f,t,f,f,f,f,t,c,s,i,o,o,i
p,f,s,t,e,s,d,f,f,f,f,f,f,f,f,f,a,l,i,o,c,i
r,u,n,b,d,h,b,f,f,f,f,f,f,f,f,t,c,m,s,o,c,i
p,n,f,b,d,h,d,f,t,f,t,f,f,f,f,f,c,l,l,m,c,i
p,u,m,d,d,c,e,f,t,f,t,f,f,f,t,f,b,m,i,o,c,i
p,k,m,b,n,s,b,f,f,f,f,f,f,t,f,t,c,m,i,m,o,i
p,o,m,t,n,s,c,f,f,f,f,f,f,f,f,t,b,m,s,m,c,i
r,n,f,t,d,t,d,f,f,t,f,f,f,f,f,f,b,m,s,m,c,i
p,k,n,t,d,h,c,f,f,t,f,f,t,f,f,f,a,m,i,o,o,i
p,k,m,d,d,s,a,f,t,t,f,f,f,t,f,t,a,m,i,o,?,i
p,n,m,v,n,s,e,f,t,f,t,f,f,f,t,f,b,m,i,m,c,i
r,n,m,d,e,h,b,f,t,f,f,f,f,f,f,t,b,l,s,o,o,i
p,k,m,d,e,s,b,f,f,t,t,f,t,f,f,f,b,l,l,o,?,i
p,k,n,t,d,s,f,f,t,f,f,t,f,f,f,t,b,m,s,m,o,i
r,n,n,v,d,t,d,f,f,t,f,f,f,f,f,t,b,m,s,o,c,i
p,n,n,v,n,s,c,t,f,t,t,t,t,f,f,t,b,m,s,o,?,i
r,n,m,t,e,s,c,t,f,t,t,f,f,f,t,t,b,l,i,o,?,i
p,u,m,b,d,c,a,f,t,f,f,f,f,f,t,f,b,m,s,m,?,i
p,u,m,r,d,s,a,f,t,f,f,f,t,f,t,f,a,s,i,o,o,i
p,n,m,d,d,s,f,t,f,t,f,f,f,f,f,t,c,l,s,o,o,i
r,n,n,t,d,h,a,f,t,t,f,f,f,f,f,f,a,l,s,o,?,i
r,n,n,d,d,c,a,f,f,f,f,f,f,f,t,t,c,m,i,m,?,i
r,n,m,d,e,h,e,f,f,f,f,f,f,f,f,t,a,s,l,m,?,i
p,u,s,d,d,c,f,f,f,t,f,f,f,f,f,t,b,s,l,m,o,i
p,k,m,t,d,p,d,f,f,f,f,f,f,f,f,t,c,m,s,o,o,i
p,n,s,t,e,c,b,t,t,f,f,f,f,t,f,t,c,m,l,o,?,i
p,n,f,r,d,h,b,f,t,f,t,f,t,f,f,f,c,l,i,m,c,i
r,n,n,a,e,p,f,f,f,f,t,f,f,f,t,t,c,l,i,o,?,i
r,o,m,t,n,s,d,f,t,f,f,f,f,t,f,t,a,m,i,o,c,i
r,k,n,v,d,h,e,f,t,t,f,f,f,f,f,t,a,m,l,o,?,i
p,k,n,t,n,s,c,t,f,f,t,t,f,f,f,f,a,l,i,o,o,i
r,n,n,a,d,s,e,f,t,f,f,f,f,t,t,f,a,l,l,o,o,i
r,u,n,d,d,t,f,f,f,t,f,f,f,f,f,f,c,l,s,m,o,i
r,n,n,a,d,s,b,f,t,t,t,f,f,f,f,t,c,s,l,m,?,i
p,o,m,d,e,s,b,f,f,f,f,f,t,f,f,t,a,l,i,m,c,i
p,u,n,a,d,s,a,t,t,f,t,f,f,t,f,t,b,l,i,m,o,i
p,k,n,a,n,h,e,f,f,f,f,f,f,f,f,f,b,s,i,m,o,i
r,u,n,t,d,p,b,f,t,f,f,f,f,f,f,t,a,m,s,o,o,i
r,n,n,a,e,h,b,f,t,t,t,f,f,f,f,f,c,l,i,o,c,i
p,f,m,a,d,p,d,f,f,t,f,t,f,f,f,t,c,m,i,o,?,i
r,n,n,d,d,h,e,t,f,t,f,f,t,f,t,t,a,m,s,o,o,i
r,n,n,d,e,t,c,t,f,f,f,f,f,f,f,t,b,m,i,m,c,i
r,n,f,t,d,p,f,t,f,t,t,f,t,t,f,t,a,m,l,o,c,i
p,n,m,t,d,s,a,f,f,f,f,f,f,f,f,t,b,l,i,o,?,i
p,n,m,r,e,p,c,f,f,f,t,f,f,t,t,t,b,s,i,m,?,i
r,n,m,b,e,s,d,f,f,t,f,f,f,f,f,f,b,m,i,o,?,i
p,k,n,a,e,h,d,t,f,t,t,f,f,f,f,t,a,m,l,o,o,i
r,n,m,t,d,s,d,f,t,f,f,f,t,f,f,t,c,m,s,m,c,i
r,n,n,t,d,h,d,f,f,t,f,f,f,t,f,t,a,m,s,o,?,i
p,u,n,b,d,t,e,f,f,f,t,f,f,f,f,t,c,l,l,m,c,i
r,u,n,t,d,c,e,f,t,f,f,f,f,f,f,f,b,m,s,m,c,i
r,n,m,v,d,h,f,t,t,f,f,f,f,f,f,t,b,m,i,o,o,i
r,n,n,a,d,t,f,f,t,t,f,f,f,f,t,t,b,m,i,m,?,i
p,f,n,a,d,h,c,f,f,f,f,f,f,t,t,t,c,l,l,m,?,i
p,f,n,b,e,s,d,f,f,f,t,t,f,f,f,t,a,m,s,o,o,i
r,n,m,t,d,p,c,f,f,t,t,f,t,f,f,t,a,l,i,o,o,i
p,f,n,d,d,s,d,f,f,t,t,f,f,f,t,t,b,m,s,o,?,i
r,n,n,r,d,p,a,t,f,f,f,f,f,f,f,t,b,m,i,o,c,i
r,n,n,d,d,s,b,f,f,f,f,f,f,f,t,t,a,s,s,o,c,i
p,f,m,b,n,s,f,f,f,f,t,f,f,f,t,t,a,m,s,o,c,i
r,k,n,a,d,h,d,f,t,t,f,f,t,f,t,t,a,m,s,o,c,i
p,o,s,t,d,s,a,f,f,f,f,f,f,f,f,f,c,l,s,o,c,i
r,n,n,b,n,s,c,f,f,t,f,f,f,f,f,t,b,l,i,o,?,i
p,n,n,b,d,s,b,f,t,f,f,f,f,f,f,f,c,m,l,o,o,i
r,n,n,a,d,s,e,f,f,f,t,f,t,f,t,t,a,l,l,o,c,i
r,n,n,t,n,c,a,t,f,f,t,f,t,f,f,t,a,l,s,o,?,i
r,n,n,t,e,h,d,t,t,t,f,f,f,t,f,f,a,m,i,o,o,i
r,k,n,t,n,s,e,f,f,f,t,f,f,f,f,f,b,m,i,o,o,i
p,k,s,a,n,s,d,f,f,t,f,f,f,f,t,f,b,m,i,o,o,i
p,f,n,b,e,s,b,f,f,t,f,f,f,f,t,t,b,s,i,o,o,i
r,n,n,h,d,h,e,f,f,t,f,f,f,f,t,t,b,m,s,o,?,i
r,n,n,t,e,h,e,f,t,f,f,f,f,f,t,t,a,l,s,o,?,i
p,f,n,t,d,s,b,f,f,f,t,f,f,f,f,t,a,s,i,o,o,i
r,n,n,a,e,t,b,f,t,f,t,f,f,f,f,t,a,m,i,m,o,i
p,u,n,t,n,s,d,f,t,t,t,t,f,f,f,f,a,m,i,m,c,i
r,n,n,r,d,h,b,f,f,f,f,f,t,f,f,t,b,s,i,m,o,i
p,k,n,t,n,c,b,f,f,f,t,f,f,t,f,f,a,m,s,m,c,i
p,u,s,h,e,s,c,f,f,f,f,f,f,f,f,t,c,l,l,o,c,i
p,k,m,d,d,s,c,f,f,f,f,f,f,f,f,f,b,m,i,o,o,i
p,k,s,b,n,h,e,f,f,f,f,f,f,f,f,t,c,l,i,o,o,i
p,f,n,d,e,h,f,f,f,f,f,f,f,f,f,t,b,m,s,o,?,i
r,n,m,r,e,p,e,f,t,t,f,f,t,f,t,t,b,l,i,m,o,i
p,f,n,h,e,h,a,f,t,f,f,f,f,t,f,f,c,l,s,o,c,i
r,u,n,t,d,p,b,f,t,f,f,f,f,t,f,t,a,m,s,o,o,i
r,u,m,h,d,h,a,f,f,t,t,f,f,t,f,f,a,l,l,o,?,i
r,n,n,t,e,c,d,f,f,t,t,f,t,f,f,t,c,m,i,o,c,i
r,n,n,a,n,s,d,f,f,f,f,f,f,f,f,f,a,m,i,o,c,i
p,f,m,d,e,p,f,t,t,f,f,f,f,f,f,t,c,s,i,m,o,i
p,k,n,a,n,s,c,t,f,t,t,f,f,f,f,t,a,m,s,o,?,i
r,n,n,t,n,s,a,f,f,t,f,f,f,f,f,t,b,s,s,o,o,i
r,n,n,t,d,h,d,f,t,t,f,f,t,f,f,t,c,l,i,m,c,i
r,n,n,t,n,t,b,f,f,f,f,f,f,f,f,f,b,l,s,m,o,i
p,n,f,a,n,h,a,f,f,t,f,f,f,f,t,t,c,m,s,o,o,i
r,n,n,a,d,s,b,f,f,f,f,f,f,f,f,f,a,m,l,m,?,i
r,n,n,b,d,t,b,t,f,f,f,f,f,f,f,t,c,m,i,o,?,i
r,n,n,v,e,p,a,f,f,t,f,f,f,f,t,t,b,m,i,o,c,i
p,u,s,t,n,c,c,f,t,f,f,f,f,t,f,f,a,m,i,o,c,i
r,n,m,d,n,h,e,f,t,t,f,f,t,f,f,f,c,l,i,o,?,i
r,n,n,b,e,h,f,t,t,f,f,f,f,f,f,f,c,s,s,m,?,i
p,n,s,v,n,t,b,f,f,f,f,f,f,f,t,t,b,m,s,m,o,i
p,n,n,v,e,s,c,f,t,f,f,f,f,f,f,f,b,l,i,m,?,i
p,u,s,d,n,c,e,f,t,t,t,f,f,f,t,t,c,s,i,o,?,i
r,u,n,t,e,h,f,t,f,f,f,f,f,f,f,f,c,m,s,o,o,i
r,n,n,b,n,t,e,f,t,f,t,f,f,f,t,t,b,m,i,o,c,i
r,n,n,d,n,h,c,f,t,t,f,f,f,f,f,t,a,s,s,o,o,i
r,n,f,v,d,s,f,f,f,f,f,f,f,f,f,f,b,m,s,o,c,i
p,n,s,t,n,c,d,t,f,t,t,f,f,t,f,f,c,s,i,o,c,i
r,n,n,r,e,t,a,f,f,f,f,f,f,f,f,t,a,l,l,o,o,i
r,n,n,v,d,t,a,f,t,f,f,f,f,f,f,t,a,s,i,o,c,i
r,n,n,t,d,s,f,f,t,f,f,f,f,f,f,f,c,l,l,o,o,i
p,k,n,r,e,h,f,t,f,t,f,f,f,t,f,t,c,s,s,o,?,i
r,n,n,d,d,c,c,f,f,t,t,f,f,f,t,f,a,m,i,m,o,i
r,n,n,b,d,h,d,f,f,f,f,f,f,f,t,t,b,m,l,o,o,i
p,k,m,t,e,s,b,f,t,f,t,f,f,f,f,t,a,m,i,o,o,i
p,n,n,b,d,s,d,f,f,f,f,f,f,f,f,t,c,l,i,o,o,i
p,n,s,b,d,s,c,f,f,t,f,f,f,t,f,t,c,s,i,m,?,i
r,n,n,a,n,s,b,f,f,f,f,f,f,f,t,t,a,m,i,o,o,i
r,n,n,r,d,s,c,f,t,t,t,f,f,f,f,t,c,m,s,o,c,i
r,n,n,a,e,t,c,f,t,f,f,f,f,f,t,t,b,l,i,m,?,i
p,o,n,d,d,c,f,f,t,t,f,f,f,f,f,t,b,m,s,o,o,i
p,u,m,v,n,s,f,f,f,f,f,f,f,t,t,t,c,m,l,o,c,i
r,n,m,v,d,h,a,t,f,f,t,f,f,f,f,t,c,l,i,o,o,i
p,n,n,b,n,h,b,f,t,t,t,f,f,f,f,t,b,l,i,o,o,i
p,f,n,t,e,c,b,f,f,f,t,f,f,f,t,t,c,l,s,o,o,i
p,k,s,v,n,p,a,f,f,f,t,f,f,t,t,t,a,s,i,o,?,i
r,n,n,t,e,s,c,f,t,t,f,f,f,f,t,f,a,l,s,o,c,i
r,n,n,b,e,t,c,f,f,t,f,f,f,f,t,t,b,m,s,o,o,i
r,n,m,t,d,s,a,f,f,t,t,f,f,f,f,f,b,l,i,o,c,i
p,k,n,b,e,c,f,f,f,t,t,f,f,f,t,t,b,m,l,o,?,i
p,n,n,r,e,t,e,f,f,f,t,f,f,f,f,f,a,s,s,o,o,i
p,n,m,a,e,c,a,f,f,t,f,f,f,t,t,t,b,l,l,m,c,i
r,n,s,a,d,s,d,f,t,f,t,f,f,f,f,t,a,s,i,m,o,i
r,n,n,t,e,s,b,f,f,t,t,f,f,f,f,f,a,m,s,m,o,i
p,n,n,a,e,s,d,f,f,f,f,f,f,f,f,t,b,s,s,o,c,i
p,f,m,a,e,s,c,f,t,t,f,f,f,f,f,f,a,m,i,o,c,i
p,k,n,d,e,s,a,t,f,f,t,f,t,f,f,f,a,m,i,o,c,i
r,n,n,d,d,s,c,f,f,f,f,f,f,f,f,f,b,l,i,o,o,i
r,n,n,h,e,h,f,t,f,f,f,f,t,t,f,f,b,m,s,m,o,i
p,o,m,t,d,s,e,f,f,f,f,f,t,f,f,t,a,l,i,o,o,i
r,n,n,a,n,h,d,f,t,t,f,f,t,f,t,f,a,l,s,o,o,i
r,n,n,b,n,c,e,f,t,f,f,f,f,t,f,t,b,l,l,m,c,i
r,n,n,r,d,s,e,f,t,t,f,f,f,f,t,t,c,m,s,m,o,i
p,o,n,v,d,c,f,f,f,t,f,f,f,f,t,t,a,m,i,m,o,i
p,f,s,v,e,c,a,f,t,f,t,f,f,f,f,t,c,m,i,m,?,i
p,u,n,b,n,h,a,t,t,t,f,f,t,f,t,t,b,m,s,m,c,i
p,k,n,b,d,h,e,f,t,t,f,t,f,t,f,t,c,l,i,m,o,i
r,n,s,h,e,c,f,f,t,t,f,f,f,f,f,t,c,m,s,o,o,i
p,n,n,t,d,h,d,f,f,f,f,t,f,f,f,f,c,m,i,m,c,i
r,n,n,v,n,h,f,f,f,f,f,f,f,f,f,f,a,m,i,m,?,i
p,f,n,v,d,p,d,t,f,t,f,f,f,f,f,t,a,m,i,o,c,i
p,k,m,t,n,p,a,f,f,f,f,t,f,f,t,f,b,l,i,o,o,i
r,n,m,d,e,h,f,f,t,f,t,f,f,f,t,t,a,m,s,o,?,i
r,u,m,d,n,h,e,f,f,f,f,f,t,t,f,t,b,m,s,o,o,i
r,n,n,v,n,p,c,f,t,f,f,f,f,f,f,t,a,m,i,o,o,i
r,n,n,t,e,h,e,f,t,t,f,f,f,f,f,t,b,m,s,m,o,i
r,n,n,t,e,c,b,t,f,t,f,t,f,f,f,t,c,m,s,o,?,i
p,u,s,r,e,s,d,f,t,f,t,f,f,f,f,t,c,s,s,o,c,i
r,u,n,t,n,s,c,f,f,f,t,f,f,f,f,t,b,l,i,m,?,i
p,k,m,t,e,h,c,f,f,f,f,f,f,t,f,f,b,s,i,o,c,i
p,u,m,a,d,p,d,t,f,f,f,f,f,f,t,t,b,m,s,o,?,i
p,u,n,t,n,s,a,f,t,f,f,f,f,t,f,t,a,l,i,o,o,i
r,o,n,v,d,t,a,f,f,f,f,f,t,f,f,f,a,s,s,o,c,i
p,o,n,b,n,c,a,f,f,f,f,f,f,f,f,f,a,m,i,o,o,i
r,n,n,t,d,c,d,f,f,t,f,f,f,f,f,t,a,m,s,m,o,i
p,f,f,b,e,p,c,f,t,f,f,f,f,f,t,f,c,s,l,o,o,i
r,k,n,t,n,s,c,f,f,t,f,f,f,f,f,t,a,m,i,o,o,i
p,f,f,t,e,s,c,f,f,f,f,f,t,f,f,t,b,m,i,m,?,i
r,n,n,b,e,s,a,t,t,f,f,f,f,f,f,f,a,l,l,o,c,i
p,f,n,b,d,h,e,t,t,f,f,f,f,f,t,t,b,m,i,o,?,i
p,u,s,a,d,s,d,f,f,f,f,f,f,f,f,f,a,s,i,o,o,i
r,n,s,r,d,c,d,f,f,t,f,f,f,f,f,t,b,l,s,o,o,i
r,u,n,a,e,p,a,f,f,t,t,f,t,f,f,f,b,m,s,o,o,i
r,n,m,b,e,s,d,f,f,f,f,f,t,f,f,t,a,m,s,o,c,i
r,n,s,a,d,h,c,f,t,t,f,f,f,f,f,f,a,m,i,m,c,i
r,n,m,v,d,c,e,f,t,f,f,f,f,f,f,t,c,m,i,o,?,i
p,o,m,b,n,c,a,f,f,t,f,f,f,f,t,t,a,m,i,m,c,i
r,k,n,t,n,t,e,f,f,f,f,f,t,f,f,t,c,m,i,o,o,i
r,n,n,r,e,s,f,f,f,t,t,f,f,f,f,t,b,l,s,o,c,i
r,k,n,v,n,s,e,f,f,f,f,t,t,f,f,t,a,l,s,o,o,i
r,n,n,t,e,p,f,f,f,f,f,f,f,f,f,t,c,l,s,o,o,i
p,n,n,r,d,s,a,f,f,f,f,f,t,f,t,f,a,s,l,o,?,i
p,u,n,v,d,c,c,t,t,f,f,t,f,f,t,t,b,m,i,m,?,i
p,f,n,t,n,s,b,f,f,t,f,f,f,f,f,f,a,s,s,m,c,i
r,o,n,d,d,h,c,f,t,t,t,f,f,f,f,f,b,m,i,o,o,i
p,k,n,a,d,h,d,t,t,t,f,f,f,f,f,t,b,m,i,m,c,i
p,u,n,v,n,c,e,f,f,f,f,f,f,f,f,t,a,s,i,m,c,i
p,n,n,d,e,s,f,t,t,t,f,f,f,f,t,f,c,m,s,o,c,i
p,n,s,h,n,p,f,f,f,f,f,t,f,t,f,f,a,m,s,o,?,i
r,n,n,b,e,p,b,f,f,t,f,f,t,f,t,f,a,l,l,o,o,i
p,k,n,v,e,c,f,f,t,f,t,t,f,f,f,t,c,m,i,o,o,i
p,k,n,t,d,t,f,f,f,t,f,f,t,f,t,t,a,m,s,o,o,i
p,f,n,a,n,p,e,f,t,f,t,f,f,f,f,t,c,s,i,o,o,i
r,n,n,d,d,c,b,t,t,f,f,f,f,t,f,t,c,l,l,m,o,i
r,n,n,a,d,h,a,f,t,f,f,f,f,f,f,t,a,m,i,o,o,i
p,k,m,d,n,p,c,t,f,f,f,t,t,f,f,f,b,m,s,m,o,i
r,u,m,t,d,t,a,f,t,t,f,f,f,t,f,f,b,m,l,o,o,i
r,n,n,t,d,c,b,t,t,f,f,f,f,f,t,t,a,s,i,o,?,i
r,n,n,t,d,s,a,f,f,t,f,f,f,f,f,f,c,s,i,m,o,i
r,n,n,b,n,s,c,f,f,f,f,f,f,f,f,f,a,m,l,m,o,i
r,n,n,t,n,c,d,f,f,f,f,f,f,f,f,f,a,l,s,m,c,i
r,n,n,a,d,t,a,f,t,f,t,f,f,f,t,f,c,s,s,m,c,i
p,n,m,h,d,s,f,f,f,f,f,t,t,f,t,t,a,s,s,o,c,i
p,k,n,v,e,t,a,f,f,f,f,f,f,f,f,t,a,s,i,m,?,i
r,n,m,v,e,s,c,t,t,t,f,f,f,f,f,f,b,m,l,m,?,i
r,n,n,t,d,h,c,f,t,f,f,f,f,f,f,t,a,l,i,m,c,i
r,n,n,a,d,t,d,t,t,f,f,t,f,f,f,t,c,m,l,m,o,i
p,u,m,r,e,t,b,f,f,f,f,f,f,f,t,f,b,m,s,m,?,i
r,n,n,t,d,h,e,f,f,f,f,f,t,f,f,f,b,s,i,o,o,i
p,n,n,a,n,t,b,f,t,f,f,f,f,f,f,t,b,s,l,m,?,i
r,n,n,d,d,p,b,f,t,t,f,f,f,f,f,f,c,m,l,o,o,i
p,k,m,t,n,p,c,f,f,f,f,f,f,t,f,t,c,l,i,o,?,i
r,u,n,d,e,p,a,f,f,f,f,f,f,f,f,f,a,l,l,m,?,i
p,n,s,t,e,h,f,f,f,t,f,f,t,f,t,t,c,m,i,o,o,i
r,n,f,t,n,s,d,t,t,f,f,f,f,f,t,t,b,m,i,o,c,i
r,n,m,t,d,s,a,f,f,t,f,f,f,f,t,t,c,m,s,o,o,i
p,k,n,d,d,s,e,f,t,f,f,f,t,f,f,f,c,m,i,o,o,i
p,u,m,r,e,s,e,f,t,f,f,f,f,f,f,t,c,m,s,o,o,i
r,n,n,v,n,s,c,f,f,t,f,f,t,t,f,t,b,m,s,o,?,i
p,n,s,a,n,s,f,f,t,t,t,f,f,f,f,f,b,s,i,o,o,i
p,o,n,d,d,h,c,f,f,f,t,f,f,f,f,t,b,l,i,m,c,i
p,f,n,b,n,s,b,f,t,t,t,f,f,f,t,t,c,m,s,m,?,i
r,n,n,b,d,s,e,f,f,t,t,f,f,f,f,t,a,m,s,m,o,i
r,n,m,v,d,s,f,f,t,f,t,f,f,t,f,f,b,m,s,o,c,i
r,n,s,v,d,s,b,f,f,f,f,t,f,f,f,f,c,l,l,m,?,i
r,o,n,r,n,c,a,f,t,f,f,f,f,t,f,t,c,s,i,o,o,i
r,f,n,t,e,p,d,f,f,f,f,f,f,f,t,t,c,m,i,o,o,i
p,f,m,d,e,c,e,f,f,f,f,f,f,f,f,t,a,m,i,m,c,i
p,o,m,t,e,c,b,t,f,f,f,f,f,f,f,f,b,s,i,o,c,i
p,n,m,h,d,t,f,t,f,t,f,f,f,t,f,t,b,l,i,o,c,i
r,n,n,a,d,c,a,f,f,f,t,f,f,f,t,t,a,l,i,o,o,i
p,n,m,t,d,s,e,f,t,f,f,f,f,f,f,t,a,m,i,o,o,i
p,u,m,a,d,s,f,t,t,t,f,f,f,t,f,t,a,s,i,o,c,i
p,k,n,b,e,c,a,f,f,t,f,t,f,f,f,t,b,m,s,o,?,i
r,n,n,a,d,c,c,f,f,f,f,f,f,f,f,t,b,m,l,o,?,i
r,n,n,d,n,p,a,f,t,t,f,f,f,f,t,t,b,m,s,o,c,i
p,f,n,r,n,s,d,f,t,f,f,f,f,f,t,t,a,m,i,m,o,i
p,f,m,t,n,t,c,f,f,f,f,f,f,f,f,f,b,m,s,o,o,i
p,f,n,b,d,h,e,f,t,t,f,f,f,f,t,t,b,m,i,o,c,i
r,n,n,v,e,t,c,f,t,f,t,f,f,f,t,t,b,m,i,o,o,i
r,u,n,d,d,h,b,f,f,f,f,f,f,f,f,t,c,m,i,o,c,i
p,f,s,a,d,s,a,f,f,f,f,f,t,f,f,f,c,l,i,m,?,i
p,f,m,d,e,h,a,f,t,f,f,f,f,f,f,t,a,m,i,o,?,i
p,f,n,t,e,s,c,f,f,f,f,f,f,f,f,t,a,l,i,o,o,i
p,u,m,r,e,s,f,f,t,t,f,f,f,f,f,t,c,m,l,o,o,i
r,u,n,v,n,p,e,f,t,f,f,f,t,f,f,t,b,l,s,o,o,i
p,k,m,a,d,h,c,t,f,t,t,f,f,t,f,f,b,m,i,o,c,i
r,n,m,t,n,s,f,f,f,f,f,f,t,f,f,f,b,m,s,o,o,i
r,n,n,r,d,h,a,f,f,f,f,f,f,f,f,t,a,m,s,m,?,i
p,o,f,a,n,h,f,f,t,f,t,f,f,t,f,t,b,l,l,o,o,i
p,f,n,t,e,s,b,f,t,t,t,f,f,f,f,t,a,m,i,o,o,i
r,n,m,t,d,s,a,f,f,f,t,f,f,f,t,t,a,m,i,m,o,i
r,n,n,v,d,p,e,t,t,t,f,f,f,f,f,t,b,m,s,o,o,i
p,u,m,t,d,s,c,f,t,f,f,f,f,t,f,t,b,m,s,o,?,i
p,u,n,b,n,t,f,t,t,f,f,f,f,f,t,t,a,l,s,o,c,i
r,u,n,h,d,s,e,f,t,f,f,f,f,f,f,f,b,s,i,m,c,i
r,n,n,v,n,c,a,f,f,f,f,f,f,f,t,t,b,s,i,o,c,i
p,o,f,b,d,c,a,f,t,t,f,f,f,f,f,t,b,m,s,o,o,i
r,o,n,b,n,s,c,f,t,f,f,f,t,f,f,t,a,m,s,o,o,i
r,n,n,t,d,c,d,f,t,t,f,f,f,t,f,f,b,m,s,m,c,i
r,n,n,a,e,h,c,f,f,f,t,f,f,t,f,t,c,l,i,o,c,i
p,u,m,t,n,h,b,t,t,f,t,f,f,f,t,t,c,l,l,m,o,i
p,n,n,t,d,p,b,f,t,f,t,t,f,f,f,f,a,s,i,m,o,i
r,k,n,t,d,t,c,f,t,f,f,f,t,f,t,t,b,s,i,m,o,i
p,f,s,r,e,s,a,f,t,t,f,f,t,f,f,t,a,l,i,o,?,i
p,f,n,t,e,c,c,t,f,f,f,f,f,f,f,t,b,l,s,m,?,i
r,n,n,t,n,s,a,f,t,f,f,f,f,f,t,t,b,l,l,m,o,i
p,f,s,d,d,s,f,f,f,f,t,f,t,f,f,t,a,l,i,m,o,i
r,n,n,t,n,s,d,f,f,f,t,t,t,f,f,t,b,l,l,o,o,i
r,o,n,v,n,c,a,f,f,f,f,f,f,f,f,t,a,m,s,o,o,i
r,n,n,a,n,c,e,f,f,f,f,f,t,f,f,f,a,m,i,o,o,i
p,f,m,b,d,h,c,t,f,f,t,f,f,f,f,f,b,l,i,o,?,i
p,o,s,t,d,t,c,f,t,f,f,f,f,t,f,t,b,l,s,m,?,i
r,n,m,t,n,c,b,f,t,f,f,f,f,f,f,t,c,s,l,o,c,i
r,n,m,v,e,s,c,f,t,t,t,f,f,f,t,f,b,m,i,m,o,i
p,o,n,b,e,s,f,f,t,t,t,f,f,f,t,f,c,s,s,m,?,i
r,n,n,t,n,h,a,f,f,f,t,f,f,t,f,f,c,m,l,m,c,i
r,n,n,a,d,s,d,t,t,f,f,f,f,f,t,t,a,m,s,m,c,i
r,n,n,b,n,s,b,f,f,f,f,f,f,f,t,f,a,m,s,o,c,i
r,u,n,t,e,s,c,t,t,f,f,f,f,f,f,t,b,s,i,o,?,i
p,k,m,b,n,h,c,f,t,t,t,t,f,f,f,t,b,s,s,o,o,i
r,n,n,b,n,h,a,f,f,t,f,f,f,f,f,f,c,s,i,m,o,i
p,u,n,r,e,c,a,f,f,t,f,t,f,f,f,t,b,m,i,o,o,i
r,n,n,v,d,c,c,f,f,f,f,f,f,f,f,t,a,m,i,m,?,i
r,n,n,a,n,t,c,f,f,t,f,f,f,f,f,f,a,s,s,o,?,i
r,n,n,d,n,p,f,t,t,f,t,f,f,f,f,t,c,l,i,o,o,i
r,n,n,b,d,h,d,f,f,f,t,f,f,f,f,t,c,s,i,o,?,i
r,n,n,a,n,h,f,f,f,f,f,t,f,f,f,t,c,l,s,m,o,i
p,f,n,r,d,s,f,f,t,f,f,f,f,f,f,t,c,l,i,m,o,i
r,n,m,r,d,t,a,f,f,f,f,f,f,f,t,t,c,m,s,o,c,i
p,f,m,t,n,h,f,f,t,t,f,t,f,f,f,t,a,m,i,o,o,i
r,n,m,h,e,s,f,f,t,f,f,f,f,f,f,t,b,m,i,o,o,i
r,n,m,d,n,c,c,f,f,f,f,f,t,f,f,t,b,m,s,o,c,i
r,n,s,a,n,h,d,f,f,f,t,f,f,f,f,t,c,m,s,m,?,i
p,k,n,b,e,t,b,t,f,f,f,f,f,f,t,t,a,m,l,m,o,i
p,f,m,v,d,s,a,t,t,f,f,f,f,f,f,t,b,l,i,o,o,i
p,n,n,d,n,s,b,f,f,f,f,f,f,f,f,t,a,s,i,o,o,i
r,n,n,b,e,t,a,f,f,t,f,f,f,f,f,t,b,m,i,o,?,i
r,n,n,t,e,h,c,f,t,t,f,t,f,f,f,t,c,l,i,o,c,i
p,o,n,r,e,s,d,f,f,t,t,f,f,f,t,f,b,m,s,o,o,i
r,n,m,t,d,h,a,f,f,f,f,f,f,f,f,f,b,m,i,o,?,i
p,o,n,r,d,c,b,f,f,f,t,t,f,f,f,f,a,m,s,o,o,i
p,n,m,b,e,s,a,t,f,f,t,t,f,f,f,t,c,m,i,m,?,i
p,n,s,r,n,s,f,f,f,f,f,f,f,f,f,t,a,l,s,m,c,i
r,f,n,t,e,s,e,f,f,f,t,f,f,t,f,t,a,l,s,o,o,i
r,n,n,b,d,s,a,f,t,f,f,f,f,f,f,t,c,m,l,o,o,i
r,n,n,r,d,h,e,f,t,t,f,f,t,f,f,t,c,l,i,m,c,i
p,u,n,a,n,s,e,f,f,t,f,t,t,f,f,t,a,m,s,o,o,i
r,n,f,t,d,c,e,f,t,f,f,f,f,f,f,t,b,m,i,o,c,i
r,n,m,t,e,h,f,t,f,f,f,f,f,f,f,f,c,l,s,m,?,i
r,n,m,d,e,h,c,f,t,t,t,f,f,f,t,t,c,l,s,o,c,i
p,k,n,b,d,s,b,t,t,t,t,f,f,t,t,t,c,m,s,o,c,i
p,o,m,r,e,h,f,f,f,t,f,t,f,f,t,t,b,s,s,m,?,i
p,n,m,b,n,s,e,f,t,f,f,f,f,f,f,t,c,m,i,m,c,i
p,u,n,d,d,t,b,f,t,t,f,f,f,t,f,t,c,m,s,m,?,i
p,f,n,b,d,s,d,f,f,f,f,f,f,f,f,t,a,l,i,o,?,i
r,u,n,t,d,p,d,f,f,t,f,f,f,f,t,f,c,s,s,o,?,i
r,o,n,t,e,h,c,f,t,t,f,f,f,f,f,t,a,m,s,o,c,i
p,u,s,t,n,p,d,f,f,f,f,f,f,f,t,f,a,m,s,o,o,i
r,k,n,d,e,p,a,f,f,f,f,f,t,f,f,t,c,l,i,o,?,i
p,n,n,r,n,p,c,f,f,t,t,f,f,f,f,f,b,m,i,m,c,i
p,n,s,v,e,h,b,t,t,f,f,f,t,f,f,f,c,l,i,o,o,i
p,f,n,v,d,s,a,t,t,f,f,f,f,f,f,f,b,m,l,o,o,i
r,n,n,d,d,c,c,f,f,f,t,f,f,f,f,t,b,m,s,m,?,i
p,f,s,h,e,s,b,f,t,f,f,f,f,f,t,t,c,s,s,m,o,i
r,n,s,r,e,h,c,f,f,t,f,f,f,f,t,t,b,m,i,m,c,i
r,o,m,t,e,p,a,f,f,t,f,f,f,f,f,t,c,m,i,m,c,i
r,n,n,t,e,h,c,t,f,f,t,t,f,f,f,t,c,m,s,o,o,i
p,u,s,b,d,s,b,f,f,f,f,f,f,f,f,t,b,l,i,o,?,i
r,n,m,v,d,p,a,f,f,f,f,f,f,f,f,f,c,m,i,o,o,i
r,n,m,b,e,s,e,f,t,f,t,f,f,f,f,f,c,s,i,o,o,i
p,o,n,a,e,p,d,t,f,t,f,f,f,f,f,t,a,s,s,m,c,i
r,o,n,v,n,c,c,f,f,f,t,f,f,f,f,f,b,l,i,m,o,i
p,f,m,a,d,s,d,f,f,f,f,f,f,f,t,f,b,m,i,o,c,i
p,u,s,a,n,s,b,f,t,f,f,f,t,f,f,t,a,l,i,o,o,i
r,n,n,d,d,t,a,f,t,f,t,f,f,f,f,t,b,l,s,o,?,i
p,o,n,b,d,s,b,f,f,f,f,f,f,f,f,t,c,l,s,o,?,i
r,n,m,a,n,t,e,f,f,f,t,f,f,f,f,f,b,m,s,o,o,i
p,k,n,a,n,h,d,f,f,f,f,t,t,f,t,t,c,m,i,m,c,i
p,n,n,b,n,h,e,f,t,f,f,f,f,f,f,t,b,s,s,m,o,i
r,n,n,a,d,c,f,f,t,f,f,f,t,f,f,t,b,l,l,o,c,i
p,k,n,t,d,h,b,f,t,t,f,f,f,f,f,f,c,s,i,m,o,i
p,f,m,r,n,h,f,f,t,f,f,t,f,f,f,f,a,l,i,o,o,i
r,n,n,r,n,c,d,f,t,f,f,f,f,f,f,f,b,l,i,o,c,i
r,u,n,t,e,h,d,f,f,f,t,f,f,t,t,f,c,m,s,o,o,i
p,k,s,b,d,s,c,f,f,t,t,f,f,f,t,f,c,m,s,m,o,i
p,n,m,b,e,p,c,f,t,f,t,f,f,f,t,f,a,m,s,o,?,i
p,f,n,a,d,h,a,f,t,f,t,f,f,t,f,f,c,m,i,m,?,i
r,n,n,a,d,c,a,f,t,f,f,f,f,t,f,t,b,m,i,m,o,i
r,n,m,a,e,h,b,f,f,f,t,t,f,f,t,f,a,s,s,o,c,i
p,f,n,a,d,h,b,f,t,t,t,f,f,f,f,t,a,l,i,m,c,i
r,n,n,v,e,s,a,t,f,f,t,f,t,t,f,t,a,s,l,o,o,i
r,n,n,b,e,t,a,t,f,f,f,f,f,f,f,t,b,s,i,o,o,i
p,f,n,h,e,h,f,f,f,f,t,f,f,f,t,t,a,m,i,o,?,i
r,n,m,a,d,t,b,f,t,f,t,f,f,t,t,t,a,l,i,o,o,i
p,o,n,r,n,p,f,f,f,f,f,f,f,f,f,t,b,l,s,o,?,i
p,o,n,b,e,c,c,t,t,f,t,f,t,f,f,t,c,m,s,m,o,i
r,n,n,v,n,h,a,t,f,t,f,f,t,t,f,t,c,m,i,o,?,i
r,k,n,d,d,s,a,f,f,t,f,f,f,t,t,t,b,m,s,o,o,i
p,n,n,b,e,s,b,t,f,t,f,f,f,t,t,f,c,s,i,m,o,i
p,k,s,b,n,c,b,f,f,f,f,f,f,f,f,t,a,m,l,o,o,i
r,n,n,d,d,s,b,f,f,f,f,f,f,t,f,f,c,l,s,o,?,i
p,u,n,d,d,s,e,f,f,t,f,f,f,f,f,t,b,m,i,m,?,i
r,n,n,h,n,h,b,f,f,f,f,f,f,f,f,t,a,l,i,m,o,i
p,f,m,t,e,s,c,f,t,f,f,f,t,f,f,f,a,m,l,o,o,i
r,n,n,t,d,s,c,f,t,t,f,f,f,t,f,f,a,s,l,o,?,i
r,n,s,a,n,h,d,f,t,f,f,f,f,f,f,t,a,l,i,o,o,i
p,n,m,v,d,s,f,f,t,f,f,f,f,f,f,t,b,m,i,m,o,i
p,k,n,t,e,s,c,f,t,t,t,f,f,f,f,f,c,s,s,o,o,i
p,u,m,a,n,s,b,t,t,f,f,f,f,f,f,t,b,l,i,m,?,i
r,n,n,b,n,h,f,f,t,f,f,f,f,f,f,f,b,l,l,m,c,i
r,n,s,t,e,t,f,f,f,t,f,f,t,f,f,f,a,l,l,m,?,i
r,n,s,v,d,s,e,f,f,f,f,f,f,f,f,t,b,l,s,o,c,i
r,n,n,t,n,c,e,f,f,f,t,f,f,f,t,t,c,m,s,o,o,i
p,u,m,d,n,s,c,f,t,f,t,f,f,f,f,f,c,m,i,o,c,i
p,u,n,a,d,c,c,f,t,t,f,f,f,f,f,t,b,l,s,o,o,i
p,u,n,b,d,s,b,t,f,f,f,f,f,f,f,t,b,m,s,m,c,i
r,n,m,b,e,p,d,f,f,f,f,f,f,f,t,t,b,m,s,o,o,i
p,n,s,a,d,c,e,f,t,t,f,f,f,f,f,t,b,s,s,m,o,i
p,f,n,a,n,c,b,f,t,t,f,f,f,f,t,t,b,s,i,o,o,i
r,n,m,d,n,s,c,f,f,f,t,f,f,f,f,t,a,m,i,m,?,i
p,f,m,b,d,p,e,t,f,f,f,f,f,f,f,t,a,m,i,o,c,i
r,n,n,t,n,s,b,f,f,t,t,f,f,f,f,t,c,m,i,o,c,i
r,n,m,v,n,h,d,t,t,t,f,f,f,f,f,f,b,l,l,o,?,i
r,u,m,t,e,c,e,f,t,f,f,f,f,f,f,t,a,m,i,m,?,i
p,n,m,b,n,c,a,f,t,f,f,f,f,f,f,t,b,s,i,o,o,i
p,u,f,b,d,p,b,f,f,t,f,f,f,f,f,t,b,s,s,o,c,i
r,n,n,b,n,c,a,f,t,f,f,t,f,f,f,t,a,m,s,o,?,i
r,n,n,t,d,c,a,t,t,t,f,f,f,f,t,t,c,m,s,o,o,i
r,n,n,t,e,s,c,f,f,t,f,f,f,t,t,f,a,s,i,o,o,i
r,n,n,t,e,h,d,f,t,f,f,f,f,f,t,f,b,m,i,o,o,i
r,k,n,a,d,h,c,f,t,f,f,f,f,f,f,t,a,l,i,m,c,i
p,n,s,r,e,h,d,f,f,t,t,f,f,f,f,f,c,s,i,o,?,i
r,k,n,r,e,c,a,f,f,f,f,f,f,f,f,t,a,l,i,m,c,i
r,u,m,t,e,h,e,f,f,f,t,f,f,f,t,f,b,s,l,o,o,i
r,n,n,t,e,c,b,f,t,f,t,f,f,f,f,t,a,m,i,o,?,i
r,n,n,r,d,s,d,f,f,t,f,f,f,f,t,t,b,m,s,o,?,i
r,n,m,b,d,h,a,f,f,f,f,f,f,f,t,t,c,s,i,m,c,i
p,o,m,d,d,t,e,f,f,f,t,t,f,f,f,f,c,m,l,o,?,i
r,k,n,t,n,s,c,f,t,f,f,f,f,t,f,t,a,m,i,m,o,i
p,n,s,t,n,s,f,f,f,f,f,f,f,f,f,t,c,l,i,o,c,i
r,k,n,a,e,c,c,f,f,f,f,f,f,f,t,f,a,m,i,o,o,i
r,n,n,r,e,s,f,f,f,f,f,f,f,t,t,t,a,m,s,o,o,i
r,n,n,b,e,h,c,f,f,t,f,f,f,f,f,t,c,m,s,o,o,i
r,n,m,t,d,c,a,f,t,f,f,f,f,f,f,t,a,s,l,o,c,i
r,u,n,t,d,h,d,f,f,t,f,f,f,f,t,f,c,m,i,m,?,i
r,n,m,r,e,t,a,f,t,t,f,f,f,f,t,t,c,m,i,o,c,i
r,n,n,a,d,p,e,f,t,t,f,f,f,f,f,t,b,m,i,o,o,i
p,n,n,r,n,h,b,f,f,t,f,f,f,f,f,t,a,m,s,o,o,i
p,k,m,a,d,t,e,f,f,t,f,f,t,f,f,t,a,s,s,o,?,i
r,n,n,a,e,s,c,f,f,t,f,f,f,f,f,t,a,m,i,m,o,i
r,n,n,t,e,s,c,f,f,f,f,t,f,f,f,t,b,m,s,o,c,i
r,n,n,h,e,c,e,f,f,f,f,t,t,f,t,t,b,m,l,m,c,i
p,f,n,t,n,h,d,f,f,f,f,f,f,f,t,f,b,s,l,o,o,i
r,n,n,t,d,s,d,f,f,f,f,t,f,f,f,f,a,m,i,m,?,i
p,u,n,d,d,h,d,t,f,f,f,f,f,t,t,t,a,s,s,o,?,i
r,n,n,t,e,s,d,t,t,t,f,f,f,f,t,t,a,m,i,o,o,i
r,n,n,a,d,s,e,f,f,f,t,f,f,f,f,f,c,m,i,m,o,i
p,u,n,t,d,h,b,f,f,t,f,f,f,t,t,f,a,m,s,o,c,i
r,o,n,r,e,t,a,f,f,f,f,f,f,f,t,t,a,m,i,m,?,i
r,n,n,a,d,p,e,f,f,f,f,f,f,f,f,t,a,m,i,o,?,i
p,o,m,d,d,h,c,f,t,t,f,f,f,f,f,t,b,s,s,o,?,i
p,k,m,v,e,h,f,f,f,f,f,f,f,t,t,f,a,m,s,o,o,i
r,n,n,b,e,s,f,f,f,f,f,f,f,f,t,t,a,s,s,o,o,i
r,o,n,t,n,h,f,f,t,t,f,f,f,f,f,t,b,m,i,o,o,i
p,f,n,v,d,c,c,f,f,f,f,t,f,t,t,t,a,s,s,o,?,i
r,n,n,d,d,c,e,f,f,t,f,f,f,f,f,t,b,l,s,o,o,i
p,k,n,d,e,h,b,f,t,t,f,f,f,f,t,t,c,s,i,o,c,i
r,n,m,t,n,t,a,f,f,f,f,t,f,f,f,f,c,s,i,o,o,i
p,n,m,r,d,p,e,f,t,t,f,f,t,f,t,t,a,s,l,m,o,i
r,u,n,v,e,s,e,f,f,f,t,f,t,f,f,f,a,m,l,m,?,i
p,k,s,d,e,t,a,f,f,f,t,f,t,f,t,f,c,s,i,o,o,i
p,k,n,t,d,s,f,f,t,t,t,f,f,f,t,t,b,l,s,m,?,i
p,k,s,v,d,t,f,t,t,f,f,f,f,f,t,t,b,m,i,o,?,i
p,k,m,r,e,c,b,f,t,f,t,f,f,f,f,t,c,m,s,o,o,i
r,n,n,d,d,h,a,f,t,f,f,f,f,f,t,t,a,s,s,o,o,i
p,u,n,r,d,h,f,f,f,f,f,f,f,f,f,f,a,l,l,o,?,i
r,k,n,d,e,h,a,f,f,f,t,f,f,f,t,t,b,l,i,o,c,i
p,f,s,a,d,p,b,f,f,f,f,f,f,f,f,f,b,s,i,m,?,i
r,n,n,t,d,p,c,f,f,t,f,f,f,f,t,f,b,m,s,o,o,i
p,n,s,a,e,h,e,f,f,f,f,f,f,f,f,t,b,s,s,o,o,i
r,n,n,v,n,p,e,f,t,t,f,f,f,f,f,t,a,m,s,m,c,i
r,n,n,t,n,h,d,f,f,f,t,f,f,f,t,f,a,s,l,m,o,i
r,n,n,r,d,h,e,f,t,t,t,f,f,f,f,t,b,s,i,o,o,i
p,f,n,h,d,s,d,f,f,t,f,f,f,t,t,f,c,m,i,o,o,i
p,u,n,d,n,p,d,t,f,t,f,f,f,f,t,t,b,s,l,m,c,i
p,n,s,r,e,c,a,t,f,f,f,f,f,f,t,t,a,m,i,m,o,i
r,n,n,v,e,h,c,f,t,t,f,f,f,f,f,f,c,m,s,m,?,i
p,f,s,t,d,c,c,t,f,t,t,t,f,f,t,f,b,m,i,m,o,i
p,n,f,b,d,p,a,f,f,f,f,f,f,f,f,f,a,l,i,o,o,i
p,u,n,b,d,s,c,f,f,t,f,f,f,f,f,f,a,m,l,o,?,i
r,n,n,v,n,h,b,f,f,f,f,f,f,f,f,t,c,m,s,o,o,i
r,n,n,a,n,h,a,f,f,t,f,f,f,f,f,t,c,s,s,o,c,i
r,n,m,t,d,s,c,f,f,f,f,f,t,f,t,t,c,m,s,o,o,i
p,u,f,r,e,s,b,t,f,t,f,f,f,f,f,t,a,m,i,o,o,i
p,n,s,b,n,c,a,f,f,f,f,f,f,f,t,f,b,m,l,o,?,i
p,f,s,d,n,s,e,f,f,f,f,f,f,f,f,t,a,m,i,o,o,i
p,n,n,b,e,p,e,t,f,t,f,t,f,t,f,t,a,l,l,m,c,i
p,n,n,d,d,t,d,t,t,f,f,t,f,f,f,t,c,m,i,o,?,i
r,u,n,b,n,s,a,f,f,f,f,f,f,f,t,t,c,m,l,m,o,i
p,n,s,v,d,h,d,f,f,f,t,f,f,f,f,f,c,m,i,o,?,i
r,n,n,v,d,s,e,f,t,t,f,f,f,f,f,t,c,m,i,o,c,i
p,k,n,t,d,c,b,f,t,t,f,f,f,f,f,f,c,l,i,m,o,i
r,u,n,a,e,h,a,f,t,f,f,f,f,t,f,t,b,l,i,o,?,i
r,n,n,d,d,h,c,f,f,t,f,f,t,f,f,t,a,l,l,o,o,i
r,n,n,t,e,c,c,f,f,t,f,f,f,f,t,f,a,l,s,o,o,i
p,u,n,r,n,c,a,f,f,t,f,f,f,f,f,t,a,s,i,o,c,i
p,f,s,t,e,h,a,f,t,t,f,f,f,f,f,t,a,s,i,m,o,i
p,o,m,v,n,p,c,t,f,t,f,f,f,f,f,t,a,m,i,o,o,i
p,f,n,t,n,t,c,t,t,t,f,f,f,f,f,t,a,l,l,o,c,i
p,f,m,b,n,c,c,f,f,t,t,f,f,t,f,t,c,l,s,m,o,i
r,n,n,b,e,s,f,f,f,f,f,f,f,f,f,t,c,m,s,m,?,i
r,n,m,t,n,c,a,t,t,f,f,f,f,f,f,t,a,m,i,o,c,i
p,f,n,b,e,p,e,f,f,f,t,f,f,t,f,f,a,m,l,m,?,i
p,f,n,d,d,h,b,f,f,f,f,f,t,f,t,f,b,m,i,o,o,i
r,u,n,r,n,c,e,f,f,f,t,f,f,f,t,t,a,s,i,o,o,i
p,k,n,h,e,h,e,f,f,t,f,f,f,f,f,f,c,m,s,o,?,i
r,n,n,v,n,h,d,f,f,f,f,f,t,f,f,f,c,l,i,m,o,i
p,k,m,r,d,c,d,t,t,f,f,f,f,f,t,t,b,m,s,o,c,i
p,k,m,b,d,p,d,f,t,f,t,f,f,f,f,t,a,m,l,o,?,i
r,n,n,d,n,s,e,f,f,t,f,f,f,f,f,f,c,m,s,m,c,i
r,o,n,b,e,s,a,f,f,f,f,f,f,f,t,t,a,l,s,o,o,i
p,k,m,a,e,h,b,f,t,f,f,f,f,f,f,t,b,l,i,o,?,i
r,n,n,d,n,h,e,f,t,f,f,f,f,t,f,t,a,m,s,o,c,i
p,k,n,d,e,c,c,f,f,f,f,f,f,f,t,t,b,s,i,o,?,i
r,k,n,b,d,s,a,f,t,t,f,f,f,f,f,t,a,l,i,o,o,i
r,u,n,t,e,c,f,t,f,t,t,f,f,f,t,t,c,m,s,m,c,i
r,n,n,r,d,h,f,t,t,t,f,f,t,t,t,t,b,s,i,m,?,i
p,k,n,v,e,c,c,f,f,f,f,f,f,t,t,t,b,l,s,o,o,i
r,n,n,a,d,h,c,f,f,t,f,f,f,t,t,f,b,l,i,o,c,i
p,k,m,v,d,c,b,f,f,f,f,f,f,f,t,f,a,s,s,m,o,i
p,n,m,b,n,h,c,t,t,f,f,f,f,f,f,f,a,l,i,m,c,i
p,u,m,a,d,h,f,f,t,f,t,f,t,f,f,t,a,m,l,m,c,i
r,u,n,r,n,c,b,f,t,f,f,f,f,f,t,t,b,s,i,m,c,i
p,k,s,a,e,h,b,f,f,f,t,f,f,f,t,t,a,m,s,o,o,i
p,k,m,v,d,s,f,t,t,f,f,f,f,f,t,t,b,m,s,o,o,i
r,n,n,t,n,t,c,t,f,f,f,f,f,t,f,f,c,m,s,o,c,i
p,k,n,v,d,c,f,f,f,f,t,f,t,t,f,t,c,m,i,m,?,i
r,n,m,a,e,s,b,f,f,f,t,f,f,f,f,f,a,l,s,o,c,i
p,f,n,h,n,c,a,f,t,f,f,f,f,f,t,t,b,m,i,m,o,i
r,n,m,v,n,s,f,f,f,t,f,f,f,f,f,f,a,m,s,m,o,i
p,f,m,t,d,h,b,f,f,f,t,f,f,f,f,t,b,l,s,o,?,i
p,n,s,h,n,s,d,f,t,f,f,f,f,f,f,t,a,l,i,o,o,i
p,f,s,b,n,s,a,t,f,t,f,f,f,t,f,t,a,s,s,m,o,i
p,k,m,b,e,h,e,f,f,f,f,f,f,f,f,t,b,m,l,o,c,i
p,n,s,d,e,h,b,f,t,f,f,f,f,f,f,t,a,m,s,o,?,i
p,n,s,d,d,s,e,f,f,f,f,f,f,f,f,t,b,l,l,o,c,i
p,o,n,r,d,s,f,f,t,f,f,f,f,f,f,f,b,l,i,o,o,i
p,k,m,h,e,s,a,f,t,f,f,t,f,f,t,t,b,m,s,o,c,i
p,n,n,a,d,s,b,f,t,f,f,f,f,f,f,f,a,s,i,o,?,i
r,n,n,t,e,h,e,f,f,f,f,f,f,f,f,f,c,m,l,o,?,i
r,n,n,t,d,s,f,f,t,f,f,f,f,t,f,t,a,m,i,o,?,i
p,f,n,a,d,h,b,f,f,f,f,f,f,f,f,t,a,m,s,m,?,i
p,k,n,r,e,h,f,f,f,t,f,f,f,f,f,t,b,m,s,o,?,i
r,n,n,a,d,s,f,f,t,f,t,f,f,f,t,t,b,l,l,o,c,i
p,k,n,b,e,c,e,f,t,t,f,f,f,f,f,f,a,m,i,o,?,i
p,f,m,t,e,c,c,f,t,f,f,f,t,f,f,t,a,l,i,m,o,i
p,o,s,a,d,c,c,f,t,t,f,f,f,t,f,f,c,s,s,o,c,i
p,n,f,v,d,h,e,f,f,f,f,f,f,f,t,f,b,s,l,o,o,i
r,n,n,t,d,s,d,t,f,t,f,f,f,f,t,f,a,m,i,m,?,i
r,n,n,v,e,h,b,t,f,f,t,f,f,f,t,f,b,l,i,o,o,i
r,n,m,v,d,t,d,f,f,f,f,f,f,f,f,t,a,l,i,m,o,i
p,n,n,b,e,h,e,f,f,t,f,f,f,f,f,t,c,m,l,o,c,i
p,n,f,d,e,c,c,f,f,f,t,f,f,f,f,t,a,l,l,o,o,i
r,n,m,h,d,h,d,f,f,t,f,t,f,f,f,t,b,m,s,o,c,i
p,f,n,t,d,t,b,f,t,t,f,f,f,f,f,t,b,l,i,o,c,i
p,n,n,r,d,s,a,t,t,f,f,f,f,t,f,f,c,l,s,m,?,i
p,f,n,t,d,h,a,t,t,t,f,f,f,f,f,t,c,m,s,m,o,i
r,n,n,a,d,h,c,f,f,f,f,f,f,f,f,t,b,m,i,o,o,i
p,k,n,r,n,c,d,f,f,t,f,f,f,t,f,f,b,l,i,o,?,i
p,n,m,v,d,c,e,t,f,f,f,f,f,f,t,t,b,s,l,o,?,i
r,o,m,d,d,c,a,f,f,f,f,f,f,t,f,f,a,m,s,o,?,i
p,o,n,v,n,c,b,t,t,f,f,f,f,f,f,t,a,l,s,m,?,i
r,n,n,v,n,h,e,f,f,t,f,f,f,f,f,f,c,l,i,o,o,i
p,k,n,b,e,s,a,f,f,t,t,f,f,f,f,f,c,m,s,m,?,i
r,n,n,t,e,p,f,f,t,f,f,f,f,f,f,t,c,s,l,o,?,i
r,k,m,t,d,s,d,f,f,t,f,f,t,f,t,t,a,l,l,o,c,i
r,n,n,b,n,s,f,f,f,f,t,f,t,f,t,f,a,m,l,o,o,i
r,n,m,v,e,s,e,f,t,f,f,f,f,t,f,t,b,l,i,o,o,i
r,n,n,t,e,h,f,f,f,f,f,f,t,f,f,t,c,s,i,o,c,i
p,u,n,a,d,h,d,t,f,t,t,f,f,t,f,t,a,m,l,o,o,i
p,n,m,t,e,c,b,f,f,f,f,t,f,f,t,t,a,m,i,o,c,i
p,k,m,b,e,h,e,f,f,f,t,f,f,f,t,t,a,s,i,o,o,i
p,n,m,a,d,s,b,f,f,f,t,t,f,f,f,t,c,l,i,o,o,i
r,n,n,t,e,s,d,t,t,f,t,f,f,f,f,t,b,m,l,o,o,i
r,n,s,t,d,p,b,f,t,t,f,f,t,f,f,t,a,s,l,o,o,i
r,u,n,a,n,c,e,f,t,f,f,f,f,f,f,f,b,l,i,o,?,i
p,o,n,b,d,p,e,f,f,t,f,t,t,f,f,t,a,l,s,o,o,i
r,n,m,d,n,s,f,f,t,t,t,f,t,f,f,f,c,s,i,o,c,i
p,f,n,t,e,t,b,t,f,f,t,f,f,f,f,t,b,m,s,o,o,i
p,n,m,b,e,p,f,t,f,f,t,f,f,f,f,t,b,m,i,o,c,i
r,n,n,b,d,h,e,f,f,t,t,f,f,f,t,t,c,m,s,m,o,i
p,k,n,r,e,c,c,f,t,t,f,t,f,f,f,t,a,m,l,m,c,i
r,n,n,a,d,s,a,t,f,f,f,f,t,f,t,t,a,m,l,o,o,i
r,n,m,t,d,c,b,f,f,f,f,f,f,t,f,t,a,l,i,m,o,i
p,f,m,d,d,c,a,f,f,f,t,f,f,f,f,f,a,l,i,o,?,i
r,n,n,h,d,h,d,f,t,f,t,f,f,f,t,t,a,l,i,o,o,i
p,u,n,a,n,s,a,f,t,f,f,t,f,f,f,t,c,l,s,o,c,i
p,f,n,b,d,h,c,f,t,t,f,f,t,f,t,t,c,l,l,m,c,i
r,o,n,t,n,c,d,f,f,t,t,f,t,f,f,t,a,m,i,o,c,i
p,k,m,t,n,c,c,f,t,f,f,f,f,f,t,t,a,m,i,o,?,i
r,u,n,t,e,h,f,t,t,f,f,f,f,f,f,f,a,s,l,m,o,i
r,n,n,v,d,t,b,f,f,t,f,f,f,t,f,t,c,m,i,o,c,i
p,k,n,t,e,s,c,f,f,t,f,f,t,f,t,t,a,m,s,o,?,i
p,k,n,t,n,s,f,f,t,f,f,f,t,f,f,f,c,l,i,o,?,i
p,u,m,t,d,s,b,f,f,f,f,f,f,f,f,f,a,s,i,m,?,i
p,n,m,t,d,p,c,f,f,f,f,t,f,t,t,t,a,m,l,o,?,i
p,k,n,a,d,c,f,f,t,f,f,f,f,f,f,t,b,l,s,o,c,i
p,f,s,b,e,c,c,f,f,f,t,f,t,f,f,t,b,m,l,o,o,i
r,n,n,b,d,p,f,f,f,f,t,f,f,f,t,f,b,l,i,o,o,i
p,u,s,a,d,h,f,f,t,t,f,f,f,f,f,f,a,l,i,m,c,i
r,n,m,a,e,s,b,f,t,f,t,t,f,f,t,t,a,l,i,o,c,i
r,n,n,v,e,h,e,f,f,f,f,f,f,f,t,t,a,m,i,o,o,i
p,k,m,a,d,h,d,f,f,f,f,f,t,f,f,t,b,s,l,o,?,i
r,n,n,t,n,h,f,t,f,f,t,f,f,f,t,f,a,m,i,m,c,i
r,n,m,d,d,s,d,f,t,t,t,f,f,f,f,t,c,s,l,o,o,i
r,n,n,r,d,h,e,f,t,f,f,f,f,f,f,t,a,s,i,m,c,i
r,n,n,b,d,h,b,f,t,f,f,f,f,f,f,f,b,m,s,o,o,i
p,o,s,t,d,s,d,f,t,f,f,f,t,f,t,t,b,l,i,o,o,i
r,u,n,t,e,t,e,t,f,f,f,f,f,f,t,f,b,m,i,m,?,i
p,k,n,t,d,s,f,f,t,f,f,f,f,f,f,f,b,m,s,o,o,i
p,n,n,d,n,t,b,f,t,t,f,t,t,f,f,t,a,l,i,o,c,i
p,k,n,b,n,s,a,f,f,t,t,f,f,f,f,t,a,l,i,o,o,i
p,o,m,t,d,p,f,f,t,f,f,f,f,f,t,t,b,l,s,m,c,i
p,f,m,t,n,h,d,t,t,f,f,f,f,f,t,t,a,s,i,o,c,i
r,n,s,t,e,s,a,f,f,f,t,f,t,t,f,t,b,m,l,m,o,i
r,n,n,t,n,s,c,f,t,f,f,f,t,f,t,t,b,m,i,o,o,i
r,u,n,b,d,h,f,f,f,t,f,f,f,f,t,f,a,s,s,m,o,i
p,o,n,a,e,c,f,f,t,f,f,f,f,f,t,f,b,l,s,m,o,i
r,n,n,d,d,s,b,f,t,f,f,f,f,f,f,f,c,m,i,o,?,i
r,o,m,v,d,s,e,f,f,f,f,f,f,f,f,t,a,m,l,m,o,i
r,n,n,d,n,c,c,f,f,f,t,f,f,f,t,t,c,m,i,o,?,i
r,n,n,d,d,h,c,f,t,f,f,t,f,t,f,f,a,s,i,m,o,i
p,f,s,d,e,h,e,t,f,t,t,f,f,f,f,f,b,m,s,m,o,i
p,k,n,h,d,s,b,f,f,t,f,f,f,f,f,t,a,l,i,o,o,i
r,n,n,a,n,h,c,f,f,t,f,f,f,t,t,t,a,m,s,o,o,i
r,u,m,t,d,s,b,f,t,f,f,f,f,f,f,t,a,m,i,m,?,i
r,o,n,t,d,h,a,f,t,f,t,f,f,f,f,f,a,m,i,o,c,i
p,n,m,r,e,s,b,f,f,f,f,f,t,t,f,f,a,m,i,m,c,i
p,k,m,r,d,t,f,f,t,f,t,t,f,f,f,t,b,l,s,o,o,i
r,o,n,t,d,h,c,t,t,t,f,f,t,f,f,t,c,l,l,o,c,i
r,k,n,d,e,h,d,f,t,f,f,f,f,f,f,t,c,s,s,o,o,i
p,u,n,v,n,p,b,t,t,f,f,f,f,f,f,f,c,m,i,o,c,i
p,f,m,r,n,t,f,f,t,t,t,f,f,f,f,t,b,m,i,o,o,i
r,n,n,a,d,c,d,f,t,t,f,f,f,t,f,t,a,m,s,o,o,i
p,n,m,t,d,h,f,t,f,t,f,f,f,t,f,t,b,l,i,o,c,i
p,o,n,b,n,p,b,t,t,t,f,f,f,f,t,t,b,m,s,o,o,i
r,u,n,t,d,s,c,f,f,f,f,f,f,f,t,t,c,s,s,m,?,i
r,n,n,r,e,c,a,f,f,t,t,t,f,f,t,t,b,s,s,m,o,i
p,n,n,a,e,c,a,f,t,t,f,t,f,f,f,t,b,s,s,m,c,i
p,o,n,t,n,h,d,f,f,f,f,f,f,t,t,t,c,m,l,o,c,i
r,n,n,a,d,p,e,t,f,t,f,f,f,f,f,t,b,m,l,o,c,i
p,n,s,b,n,c,a,f,f,f,f,f,f,f,f,f,c,l,s,o,o,i
r,u,n,a,d,c,d,f,t,t,f,f,f,f,t,t,c,l,l,m,c,i
p,o,m,h,e,t,d,t,f,f,f,f,f,f,t,t,c,l,l,m,?,i
p,u,n,t,d,c,c,t,f,f,f,f,f,t,t,t,b,m,i,m,c,i
p,f,m,d,e,s,e,f,f,f,f,f,f,f,t,f,a,l,i,o,?,i
r,n,n,t,d,s,d,f,f,t,f,f,f,f,f,t,b,m,s,o,c,i
r,u,m,t,d,h,f,f,f,t,f,f,f,f,t,t,c,m,s,o,o,i
r,n,n,h,e,s,e,f,f,f,f,f,f,f,t,f,a,m,s,m,?,i
r,n,n,v,d,c,f,f,t,f,f,f,t,f,f,t,a,l,s,o,?,i
r,u,n,r,n,p,b,f,f,t,f,f,t,f,t,t,c,m,s,o,o,i
p,f,n,v,n,s,e,f,f,f,f,f,f,f,f,t,a,s,i,m,o,i
p,u,n,a,e,t,f,t,t,f,t,f,f,f,f,t,b,s,s,m,o,i
r,n,n,v,e,c,a,f,t,t,f,f,f,t,t,f,b,m,l,o,o,i
p,u,s,t,d,t,c,f,t,f,f,f,f,f,t,t,b,m,l,o,o,i
r,k,n,v,d,s,f,f,t,f,t,f,f,f,t,t,b,s,s,o,o,i
p,f,n,d,d,h,c,f,f,f,t,t,f,f,f,t,a,m,s,m,c,i
p,u,m,d,e,c,c,f,f,t,t,f,f,f,t,t,b,l,i,o,?,i
r,n,m,v,n,c,e,f,f,t,f,f,f,f,f,f,a,l,s,o,?,i
p,f,n,r,d,t,e,t,f,t,f,f,t,f,f,t,b,m,i,m,o,i
p,f,n,b,d,p,a,f,t,t,t,f,f,f,f,t,b,l,s,o,o,i
r,o,n,a,d,s,c,f,f,t,t,t,f,f,t,t,a,m,l,o,c,i
r,u,n,d,e,h,c,f,t,t,f,f,f,f,f,t,a,l,s,m,o,i
p,f,n,r,d,c,a,f,f,f,f,f,f,f,f,t,a,m,s,m,o,i
r,n,m,a,d,s,a,f,f,f,t,f,t,f,t,t,b,m,s,o,c,i
r,n,m,v,d,t,e,f,f,f,f,f,f,t,f,t,b,m,i,o,?,i
r,u,n,t,d,c,e,f,f,f,f,f,t,t,f,t,a,l,s,m,c,i
p,u,n,v,e,p,f,t,t,f,f,f,t,t,t,f,a,m,s,m,c,i
p,u,n,v,n,t,f,f,f,f,f,f,t,f,f,f,c,l,s,o,?,i
r,n,n,t,d,s,f,f,t,f,f,f,f,t,f,f,a,s,i,m,c,i
r,n,n,t,d,h,a,f,f,t,f,f,f,f,f,t,c,m,i,o,c,i
p,f,m,v,d,c,c,f,t,t,t,t,f,f,t,f,a,s,s,o,c,i
p,f,n,t,n,p,a,f,f,f,f,f,f,f,f,t,b,m,i,o,o,i
p,n,s,h,e,c,d,f,f,f,f,t,t,f,f,t,c,s,l,o,?,i
r,k,n,t,e,s,f,f,t,t,t,f,f,f,f,t,c,m,s,o,?,i
r,n,n,t,e,c,a,f,t,f,f,f,f,t,t,t,b,m,s,o,o,i
r,k,n,t,n,s,c,f,t,f,f,f,f,t,f,t,c,m,i,o,c,i
r,n,n,v,d,h,c,t,t,t,f,f,f,f,f,t,c,s,i,m,o,i
r,n,n,b,d,t,a,f,t,t,f,f,f,f,f,t,a,m,i,o,o,i
r,n,n,d,d,s,e,f,f,f,f,f,f,t,f,f,a,l,i,o,o,i
r,u,n,h,e,s,c,f,f,t,t,f,f,f,t,t,b,m,s,m,o,i
p,f,m,r,d,h,c,t,f,t,f,f,f,f,f,t,b,m,l,o,c,i
p,u,s,t,n,p,f,f,t,f,t,f,f,f,t,f,b,m,s,o,c,i
r,n,n,t,e,s,b,t,f,f,t,f,f,f,f,t,a,m,i,o,o,i
r,n,n,d,n,s,c,f,f,t,t,f,f,f,f,t,a,l,i,o,o,i
r,n,n,t,n,h,e,f,t,t,f,f,f,f,t,t,b,m,s,o,o,i
p,k,n,d,e,c,c,f,f,f,f,f,f,f,t,f,a,s,l,o,?,i
p,n,f,d,n,s,d,f,f,f,f,f,f,f,f,f,b,s,s,o,c,i
p,f,n,r,e,p,c,f,t,f,t,f,t,f,t,f,b,s,s,o,c,i
p,o,m,r,d,p,b,f,t,f,f,f,f,f,f,f,b,s,s,o,c,i
p,u,s,h,e,h,a,t,f,f,t,f,f,f,f,f,b,l,s,m,o,i
r,n,m,v,n,s,e,f,t,t,t,f,f,t,f,t,c,m,s,m,o,i
p,k,n,r,n,h,b,f,f,f,t,f,f,f,f,f,a,s,s,m,o,i
p,n,n,a,e,s,f,f,t,f,t,f,t,f,f,f,a,m,i,o,o,i
r,n,n,b,d,h,a,f,t,f,f,f,t,t,f,f,b,l,i,m,o,i
p,f,n,a,n,c,f,t,f,f,f,f,t,f,f,f,c,s,s,o,?,i
p,k,f,d,d,s,f,f,t,f,f,f,f,f,f,t,c,s,s,o,c,i
p,f,n,r,e,s,a,f,t,f,f,f,f,f,t,t,a,s,i,o,o,i
r,n,n,v,e,s,d,t,f,f,f,f,f,f,t,f,c,s,i,m,o,i
p,u,n,t,e,s,e,t,f,t,t,f,f,f,t,t,a,s,s,o,c,i
r,u,n,d,d,s,d,f,f,f,t,f,f,f,f,t,b,m,s,o,o,i
p,n,n,a,e,h,f,f,f,t,t,f,t,f,f,t,a,m,i,o,c,i
r,u,m,v,d,c,a,f,f,t,f,f,f,f,f,t,a,m,l,m,o,i
r,n,m,t,d,s,f,t,t,f,t,f,f,t,t,t,c,l,l,o,c,i
p,f,n,d,d,h,d,f,t,f,f,t,f,f,t,t,b,s,s,o,o,i
p,u,n,r,e,t,b,t,t,t,t,f,f,f,f,f,a,l,s,o,?,i
p,o,n,a,d,h,c,t,t,f,f,f,f,f,f,f,a,m,s,o,o,i
p,o,n,a,d,p,b,f,t,t,f,t,t,f,f,t,a,s,i,o,?,i
p,n,m,a,n,h,c,f,f,t,f,f,f,f,f,f,a,s,s,o,o,i
p,o,m,a,e,s,a,f,f,f,f,f,t,f,f,t,b,m,i,o,o,i
p,f,s,t,n,s,e,t,t,t,f,f,f,f,t,t,a,m,i,o,c,i
r,n,m,b,e,c,c,f,f,f,f,f,f,f,t,f,a,l,i,o,c,i
r,n,n,a,d,p,c,t,f,f,f,f,t,t,f,f,b,s,i,o,?,i
p,o,m,a,n,h,f,f,t,f,t,f,t,f,f,t,b,m,i,m,?,i
r,k,m,v,d,h,f,f,t,f,t,f,f,f,f,t,a,m,i,m,?,i
p,k,s,a,n,h,e,f,f,f,t,f,f,f,f,f,c,l,s,m,?,i
p,u,n,t,d,s,a,f,t,f,t,f,f,f,f,f,c,m,s,o,o,i
p,f,m,d,n,s,f,t,t,t,f,f,t,f,t,t,b,m,i,o,c,i
r,n,n,a,e,t,a,t,f,f,f,f,f,f,f,t,b,l,s,o,c,i
p,n,m,r,n,s,c,f,f,f,f,f,f,f,f,f,b,m,l,o,c,i
r,k,s,d,d,h,f,f,f,f,f,f,f,f,t,f,b,m,i,o,o,i
p,o,s,v,e,c,a,f,t,t,f,f,f,f,f,t,a,s,s,o,o,i
r,k,n,b,d,h,a,f,f,f,f,f,f,f,t,f,b,l,i,o,o,i
r,k,n,b,n,t,d,t,t,f,f,f,f,f,f,t,c,l,s,m,?,i
p,f,m,d,d,s,c,f,t,t,t,f,f,t,f,t,b,m,i,o,?,i
p,f,m,d,e,p,c,f,t,f,f,f,t,f,f,t,c,l,i,m,o,i
p,o,s,t,e,s,e,f,t,f,f,f,f,f,f,t,a,l,i,o,o,i
r,n,n,r,e,s,f,f,f,f,t,f,f,f,f,f,a,s,i,o,o,i
p,f,m,d,n,h,f,f,t,f,f,t,f,f,f,t,c,m,l,o,o,i
r,k,m,v,e,p,a,f,t,f,f,f,f,f,t,t,b,m,s,m,o,i
r,n,n,t,d,h,d,f,f,f,f,f,f,f,t,t,b,m,l,m,c,i
p,f,n,a,n,s,f,f,t,f,t,f,f,f,f,t,a,m,l,m,o,i
p,f,m,b,e,h,b,f,f,t,f,f,f,f,f,t,b,m,i,m,o,i
p,k,n,t,e,s,c,f,f,t,t,f,f,t,t,f,a,m,i,m,c,i
p,o,m,r,d,p,a,f,t,f,f,t,f,f,t,t,c,s,i,m,c,i
p,n,n,b,e,t,a,f,t,f,f,f,f,f,f,f,a,m,l,o,?,i
r,n,n,a,n,c,a,f,t,t,f,f,f,f,f,t,c,s,s,o,o,i
r,n,n,a,n,h,d,f,f,f,f,f,f,f,f,t,c,l,s,o,o,i
p,n,f,d,n,h,d,t,f,t,f,f,f,f,f,t,b,m,l,m,o,i
p,f,m,d,e,h,a,f,f,f,f,f,f,f,f,t,b,m,i,o,?,i
r,o,m,v,d,s,d,f,f,f,f,f,f,f,f,f,b,m,s,m,?,i
p,f,m,d,e,h,a,f,f,t,t,f,f,t,t,t,b,s,s,o,?,i
r,n,n,h,d,c,b,f,f,f,f,t,f,f,f,t,c,m,s,o,?,i
p,n,s,b,e,p,f,f,f,f,f,f,f,f,f,t,a,s,l,m,o,i
p,n,n,t,d,h,c,t,t,t,t,f,f,f,f,t,a,m,i,o,?,i
p,f,n,v,n,p,e,f,f,t,f,f,f,f,f,t,b,m,i,m,?,i
p,n,n,r,d,c,b,t,f,f,f,f,f,f,f,f,c,m,i,o,?,i
r,k,n,a,d,t,a,f,f,f,t,f,f,f,f,t,a,m,s,o,o,i
p,o,m,h,n,t,f,f,f,f,f,f,f,f,f,f,c,l,i,o,o,i
p,f,n,a,d,s,a,f,f,t,f,f,f,f,t,f,c,s,s,o,o,i
r,n,m,d,d,h,b,f,f,t,t,f,f,f,f,f,b,s,i,o,c,i
p,n,s,b,e,c,d,f,t,t,f,f,f,f,f,t,b,s,i,m,o,i
p,f,n,t,n,p,d,f,f,f,f,f,f,f,f,f,b,m,i,o,o,i
p,k,n,d,d,s,f,t,f,f,t,f,f,f,f,t,b,l,s,o,o,i
r,n,m,v,d,h,f,f,f,f,f,f,f,f,f,t,a,m,s,m,c,i
r,u,n,r,d,p,a,f,f,f,f,f,t,f,f,t,c,s,s,o,c,i
p,k,m,r,e,s,b,t,t,t,f,f,f,t,t,f,b,l,s,o,c,i
r,n,n,t,d,h,d,f,t,f,f,f,f,f,t,f,a,m,l,o,c,i
r,n,n,t,e,h,a,f,t,t,t,f,f,f,f,t,b,m,i,o,o,i
r,n,n,t,e,h,c,f,t,f,t,f,t,f,t,f,a,m,i,m,c,i
r,n,n,t,n,h,b,f,f,f,t,t,f,f,t,t,b,m,s,m,o,i
r,n,n,a,e,s,f,t,t,f,f,t,t,t,t,t,c,m,i,o,o,i
p,k,n,b,e,c,f,f,t,t,t,f,t,t,f,t,b,s,s,o,?,i
r,n,n,t,e,s,b,f,f,f,f,f,f,f,t,t,a,s,i,m,c,i
p,u,s,b,d,p,a,f,f,f,f,f,f,f,f,f,b,l,i,o,o,i
p,u,n,t,d,s,f,f,t,t,f,f,f,f,t,t,a,s,s,o,o,i
r,n,n,t,e,c,a,f,f,f,f,f,f,t,f,t,a,l,l,o,?,i
r,n,n,d,d,h,a,t,f,t,t,f,f,f,f,t,a,s,s,o,?,i
p,o,n,h,d,c,b,t,t,f,t,f,f,f,f,f,c,m,s,m,o,i
r,u,n,v,d,s,b,f,f,f,t,f,f,f,f,t,a,m,i,m,c,i
p,u,m,t,d,h,a,t,f,f,f,f,f,f,t,f,b,m,i,o,?,i
r,n,n,v,d,s,b,t,f,f,f,f,f,f,f,t,a,m,s,o,o,i
p,n,m,t,e,s,a,f,t,f,t,f,f,f,f,t,a,l,s,o,o,i
r,n,n,b,n,c,e,f,f,f,t,f,f,f,f,t,a,m,i,o,o,i
r,o,n,d,d,s,b,f,t,t,f,f,t,f,t,t,c,s,i,m,?,i
p,k,n,a,n,t,e,f,f,f,f,f,f,f,f,f,b,s,l,m,o,i
r,k,m,d,d,h,d,f,t,t,f,f,f,t,f,f,b,l,l,m,?,i
p,k,s,v,n,s,c,f,t,f,f,f,f,f,t,t,a,m,l,o,c,i
r,n,n,a,e,t,f,f,f,f,t,f,t,f,t,t,a,m,i,o,o,i
p,k,s,t,e,s,c,f,t,t,f,t,f,f,f,f,a,m,s,m,?,i
r,n,n,v,e,p,a,f,t,t,t,f,f,f,f,t,c,m,i,o,o,i
p,f,n,a,e,s,d,t,t,f,f,t,t,t,f,t,b,m,s,o,c,i
p,f,m,t,d,h,a,f,f,t,f,t,f,f,f,t,a,m,l,o,c,i
p,f,n,t,d,p,b,f,f,f,f,f,t,f,f,t,c,s,i,o,c,i
r,n,n,h,n,s,f,t,t,t,t,f,f,t,f,f,b,m,s,o,?,i
p,o,n,t,n,c,f,f,t,t,f,f,f,f,t,f,c,m,s,o,c,i
p,f,m,h,e,s,c,f,f,f,f,t,f,f,f,t,a,m,i,m,?,i
p,n,n,r,n,c,c,f,f,f,f,f,f,t,f,t,a,l,i,o,o,i
r,n,s,a,d,s,d,f,t,f,f,f,f,f,t,f,c,m,l,o,?,i
r,k,n,a,e,s,a,f,t,f,f,f,f,f,f,t,b,l,i,o,?,i
p,n,s,v,e,s,b,f,f,t,t,f,t,f,f,t,b,s,l,m,o,i
r,n,n,a,d,c,d,f,t,f,f,f,f,f,f,t,a,m,s,o,c,i
r,n,n,t,n,t,b,f,f,f,f,f,f,f,f,t,c,m,i,o,o,i
r,n,n,t,n,t,b,f,t,f,f,t,f,f,t,f,c,m,i,m,o,i
r,n,n,d,n,c,d,f,t,t,f,f,f,f,f,t,b,s,i,o,c,i
p,k,n,r,e,p,d,f,t,t,f,f,t,t,f,f,b,s,s,m,c,i
r,n,m,b,d,p,b,f,f,f,f,t,f,f,f,t,b,s,i,m,o,i
p,f,n,t,n,h,f,f,t,f,f,f,f,f,t,f,a,s,i,o,o,i
r,n,n,b,d,s,e,f,t,f,t,f,t,f,t,t,a,l,i,o,o,i
p,n,f,v,n,c,d,f,t,f,f,f,t,f,t,t,a,l,s,o,?,i
r,n,n,t,d,s,b,f,t,f,f,f,f,f,f,f,a,m,s,o,?,i
r,o,n,h,n,p,d,t,t,t,f,f,f,f,t,f,b,l,s,o,?,i
p,u,n,d,e,h,d,t,t,f,t,f,f,f,f,t,c,m,i,o,o,i
p,k,n,a,d,s,d,t,f,t,f,f,f,f,t,t,a,s,l,m,?,i
r,n,n,d,d,p,d,t,t,t,f,f,f,f,f,t,b,l,i,o,?,i
r,n,m,r,e,s,a,f,t,t,t,f,f,f,t,t,a,m,s,m,o,i
r,n,n,r,d,t,b,f,f,f,t,f,t,f,f,t,b,s,s,m,c,i
r,o,n,t,n,t,f,f,f,f,t,f,f,f,f,f,b,l,i,o,c,i
r,n,m,d,d,h,a,f,f,t,f,f,f,f,f,t,b,l,i,m,o,i
r,u,n,a,d,c,d,f,t,f,f,f,f,f,f,f,a,m,i,o,o,i
p,k,n,v,d,s,f,f,t,f,f,f,f,f,f,f,b,m,i,m,?,i
p,k,s,a,d,h,a,f,t,f,f,f,f,f,f,t,a,l,l,o,?,i
p,o,n,a,d,p,f,f,f,f,t,f,f,f,t,f,c,m,s,m,o,i
r,n,n,h,n,s,f,f,f,f,f,f,f,t,f,t,b,m,s,o,?,i
p,o,m,b,e,s,e,f,f,t,t,f,f,f,f,f,c,s,i,o,?,i
r,n,m,t,n,h,d,f,t,f,f,t,t,f,f,t,a,s,s,m,c,i
p,o,m,d,d,c,f,f,f,f,t,f,f,t,f,t,c,s,i,o,o,i
r,k,m,t,d,c,a,t,f,f,f,f,t,f,f,t,a,m,s,o,c,i
p,n,n,d,d,s,d,f,f,t,f,f,f,f,f,t,c,m,s,o,o,i
p,o,n,d,e,s,b,f,f,t,f,f,f,t,f,f,a,l,i,o,c,i
r,n,m,t,d,p,f,f,f,t,f,f,f,f,t,t,a,m,l,m,o,i
r,n,m,b,d,s,c,f,t,t,f,f,f,t,f,f,b,m,s,m,o,i
p,o,m,h,e,s,e,f,f,f,t,f,f,f,f,f,b,s,i,o,o,i
r,n,n,d,d,s,a,t,t,t,t,f,f,f,f,f,c,m,l,o,o,i
p,u,m,b,e,c,b,f,f,t,f,f,f,f,f,t,a,s,i,m,o,i
p,k,n,r,e,s,e,f,t,f,f,f,t,f,f,t,c,s,i,o,c,i
p,k,n,r,e,s,c,f,f,t,f,f,t,f,t,f,c,m,i,m,?,i
r,n,n,t,d,h,c,f,t,f,t,t,f,f,f,t,b,m,s,o,o,i
r,n,n,r,e,s,e,t,t,t,f,f,f,f,f,t,b,m,i,o,c,i
p,u,m,a,d,t,a,f,f,f,t,f,f,f,t,t,c,m,i,o,?,i
r,n,n,a,d,p,b,f,f,f,t,f,f,t,t,t,b,l,s,o,?,i
p,k,m,a,d,c,b,t,f,f,t,f,f,f,f,f,b,m,i,o,o,i
r,n,n,d,d,h,f,t,f,t,t,f,f,f,t,f,b,s,s,o,c,i
r,n,n,t,e,s,a,f,t,f,f,f,f,f,f,f,a,m,i,m,o,i
p,k,n,t,e,h,b,f,t,f,t,f,t,f,t,t,a,m,i,o,?,i
r,o,n,t,n,s,f,f,t,t,f,t,f,f,f,f,a,l,i,o,?,i
r,o,m,t,d,c,e,f,t,f,f,f,t,f,t,t,b,s,l,o,c,i
r,u,n,h,d,s,d,f,t,t,t,f,f,f,f,t,a,l,i,o,o,i
r,n,n,a,d,c,c,f,t,t,f,f,f,f,f,t,c,m,s,o,o,i
r,n,n,t,n,s,e,f,f,f,t,f,f,f,f,f,a,m,s,o,o,i
r,n,n,h,d,h,f,f,t,f,f,f,f,f,f,t,c,m,s,o,o,i
p,f,n,t,e,s,f,t,f,f,f,f,f,f,f,f,b,s,i,o,c,i
p,n,f,b,d,s,d,f,f,f,f,f,f,f,f,t,c,s,s,o,c,i
p,k,n,v,n,h,e,t,f,t,f,f,f,f,f,t,a,m,s,m,o,i
r,n,n,v,e,h,e,t,f,t,f,f,f,f,f,f,c,l,i,o,?,i
p,o,s,t,d,t,e,t,f,t,t,f,f,f,t,t,b,m,s,m,c,i
p,o,m,v,e,s,e,t,f,f,f,t,f,f,f,t,a,l,i,m,o,i
r,u,n,r,e,s,a,f,t,t,f,f,f,f,t,t,b,m,s,m,o,i
p,n,m,r,e,h,e,f,t,f,f,f,f,f,f,t,b,m,s,o,o,i
p,u,s,t,n,s,c,t,f,f,f,f,f,f,f,f,a,s,s,m,?,i
r,n,n,v,n,p,a,t,f,f,f,f,f,f,f,t,b,m,s,m,o,i
p,n,n,b,e,s,a,f,f,f,f,f,t,f,f,t,a,m,i,o,c,i
r,n,s,v,n,p,b,f,t,f,f,f,f,f,t,t,b,m,s,o,c,i
p,n,m,d,n,c,c,f,f,f,f,f,f,f,t,t,b,s,s,o,o,i
p,k,f,d,d,s,b,f,f,f,f,f,t,f,f,f,a,m,l,o,c,i
r,n,n,v,n,h,d,t,f,t,f,f,t,f,t,t,b,s,l,m,o,i
p,n,s,a,e,h,f,f,f,f,f,t,t,f,f,t,b,l,l,o,?,i
p,f,n,t,e,h,a,f,f,t,f,f,f,f,f,t,a,l,s,m,o,i
p,o,m,b,e,h,a,t,t,f,f,t,f,f,f,t,a,l,s,o,c,i
p,f,s,t,n,h,b,f,f,f,f,f,f,f,t,t,c,m,l,m,c,i
r,k,n,v,n,c,e,f,t,t,t,f,f,f,f,f,b,s,l,o,o,i
r,n,n,v,d,h,b,f,t,f,t,f,f,f,f,f,c,l,s,m,o,i
p,o,n,b,e,h,a,t,f,f,f,t,f,t,f,t,b,s,i,o,o,i
r,n,m,t,e,p,a,f,t,f,f,f,f,f,f,f,a,m,i,m,o,i
r,n,n,d,n,h,a,f,f,f,f,f,f,f,t,t,b,m,s,o,c,i
r,n,m,b,e,h,e,t,f,t,t,f,f,f,f,t,a,m,i,o,?,i
p,f,n,b,d,s,d,t,t,f,f,t,f,t,f,t,a,s,s,o,o,i
r,n,n,b,d,s,b,f,t,f,f,f,f,t,t,t,a,m,s,o,o,i
p,f,n,t,d,s,c,t,f,f,f,f,f,f,f,t,b,l,s,o,o,i
r,n,s,v,d,h,d,t,f,f,f,f,t,t,f,f,a,s,s,m,c,i
r,n,n,t,d,c,f,t,t,t,f,f,f,f,f,t,b,s,i,o,?,i
r,n,n,b,d,s,e,t,t,f,f,f,f,f,f,t,b,l,i,o,o,i
r,n,n,t,n,c,e,f,f,t,f,t,f,f,f,f,b,s,i,o,c,i
r,n,s,t,d,s,f,f,f,f,f,f,f,f,f,t,b,m,i,m,?,i
p,f,m,t,d,s,c,f,f,f,f,f,f,f,f,t,c,l,i,o,o,i
p,k,n,t,n,s,a,t,t,t,f,f,f,f,f,t,c,m,i,o,c,i
r,n,n,d,d,h,e,f,f,t,f,f,t,f,f,f,c,m,i,o,?,i
p,f,n,v,e,s,a,t,f,f,f,f,f,f,f,t,b,m,i,o,c,i
r,n,n,t,n,s,c,t,t,f,f,f,f,f,f,t,a,m,l,o,?,i
r,n,m,t,d,h,e,f,f,f,f,f,f,f,f,f,b,s,i,o,o,i
r,n,n,v,e,h,d,f,t,f,f,t,f,f,f,t,b,m,s,o,o,i
p,k,n,t,d,h,b,f,f,f,t,f,f,f,f,t,b,l,i,o,o,i
r,n,m,b,e,s,c,f,f,f,f,f,f,t,f,t,b,s,i,m,o,i
p,f,n,t,e,h,b,f,t,t,f,f,f,t,f,t,b,l,i,o,?,i
r,n,n,b,d,s,a,f,f,t,f,f,f,f,f,t,c,m,l,o,?,i
r,o,n,h,e,s,c,f,f,f,f,f,f,f,f,t,a,m,i,o,c,i
r,n,n,t,e,h,a,f,f,f,f,f,t,f,f,f,c,s,s,o,o,i
r,k,n,h,d,h,f,f,t,f,f,f,f,f,f,t,b,s,i,m,c,i
p,o,n,d,d,t,c,f,f,t,t,f,f,f,t,f,b,s,i,m,c,i
r,n,n,h,e,p,f,f,f,f,t,f,f,f,f,t,a,l,s,o,o,i
r,n,n,v,d,s,f,f,t,f,f,f,f,f,t,f,b,l,i,m,o,i
p,k,m,d,e,s,c,f,f,f,t,f,f,f,f,t,b,l,s,m,o,i
p,u,n,b,n,p,c,f,t,f,t,f,f,f,f,t,b,l,s,m,o,i
p,u,n,d,n,s,f,f,f,t,f,f,f,t,f,t,b,m,i,o,o,i
r,n,n,t,d,h,a,f,f,t,f,f,t,f,t,t,b,m,s,o,o,i
p,f,n,v,e,c,c,f,f,f,f,f,t,t,f,f,b,m,i,o,c,i
r,n,n,r,e,h,b,f,f,t,f,f,t,t,f,t,b,m,i,o,?,i
r,n,n,t,e,s,e,f,f,f,f,f,f,f,t,t,c,s,l,o,o,i
p,f,m,a,n,s,e,t,t,f,f,f,f,f,f,t,c,s,i,o,?,i
r,k,n,t,e,s,d,f,f,f,f,f,f,f,f,t,b,s,l,o,o,i
p,k,m,a,d,s,c,t,f,f,f,f,f,f,f,t,c,m,s,o,o,i
p,o,n,t,d,s,d,t,f,t,t,f,t,f,t,f,a,l,s,o,c,i
r,n,n,t,n,c,d,f,f,f,t,f,f,f,f,f,c,m,i,o,?,i
p,f,n,a,e,h,d,f,f,f,t,t,f,f,t,f,a,m,l,o,c,i
r,n,n,b,n,s,f,t,f,f,t,f,f,f,f,f,a,l,i,m,c,i
r,n,m,t,e,s,b,f,f,f,f,f,f,f,f,f,b,l,i,m,c,i
r,n,m,t,n,t,b,t,t,t,f,f,t,f,f,t,a,l,s,o,c,i
p,u,m,a,e,s,a,f,f,f,t,f,t,f,f,t,c,m,i,m,o,i
p,k,n,a,n,s,d,f,f,f,t,f,f,t,t,t,b,m,s,m,c,i
r,n,m,t,n,h,f,f,f,f,f,f,f,t,f,t,c,s,i,o,?,i
p,f,n,h,n,s,b,f,f,f,f,f,f,f,t,f,a,l,i,o,o,i
r,u,n,a,n,s,c,f,f,t,f,t,f,f,f,f,a,m,i,o,o,i
r,u,n,a,e,s,f,f,t,f,t,f,f,f,f,t,a,s,i,m,o,i
p,k,n,b,e,t,a,f,f,f,f,f,f,f,t,f,a,s,i,o,?,i
p,n,m,d,e,h,f,f,t,t,f,f,f,f,f,f,a,m,s,m,?,i
p,k,s,a,n,h,f,f,f,f,f,f,f,f,f,f,c,s,i,o,o,i
r,o,n,t,n,p,e,f,t,f,f,f,f,f,f,t,b,s,i,o,o,i
p,u,n,b,n,h,b,f,f,f,f,f,t,f,t,t,a,m,i,m,?,i
p,o,m,b,e,s,d,f,t,t,f,f,f,f,f,t,b,m,l,o,?,i
p,n,s,a,n,h,b,f,f,t,f,f,f,f,f,t,b,m,s,m,c,i
r,n,m,h,n,h,a,f,f,f,f,f,f,f,f,f,b,m,i,o,c,i
r,k,n,h,e,h,a,f,f,t,f,t,f,f,t,f,a,l,i,o,c,i
r,n,n,b,e,c,a,f,t,f,t,f,f,f,t,f,c,m,i,m,o,i
r,n,m,t,n,s,f,f,f,f,f,f,t,f,t,t,c,s,i,o,c,i
p,k,n,b,n,s,d,f,f,t,f,f,f,f,t,t,c,l,i,o,c,i
p,f,s,h,e,h,b,f,t,f,f,f,f,t,t,f,b,m,i,m,?,i
p,o,s,d,e,s,d,f,t,f,f,t,f,f,t,t,a,s,i,o,c,i
p,o,s,t,e,t,d,f,f,f,t,f,f,f,f,t,a,l,i,m,?,i
p,o,n,t,e,h,a,f,f,f,f,f,f,f,f,t,b,m,s,m,?,i
r,o,m,t,d,s,b,f,f,f,f,f,f,f,t,f,a,l,s,m,o,i
p,f,m,v,d,h,c,f,f,t,f,f,f,f,f,f,c,m,i,o,o,i
r,n,n,b,n,c,e,f,f,f,f,f,f,f,f,f,b,m,l,o,o,i
p,k,n,a,n,h,a,f,f,t,f,f,f,f,f,t,c,m,i,o,c,i
p,n,n,a,d,h,e,f,f,f,t,t,f,f,t,t,b,l,s,o,c,i
r,n,n,t,n,c,d,f,t,t,f,t,f,f,f,t,a,m,s,m,?,i
p,n,s,d,e,s,c,f,f,f,f,f,f,f,f,t,b,s,i,m,o,i
p,o,m,a,d,h,a,t,f,f,f,f,f,f,t,f,a,s,s,o,?,i
p,f,n,t,e,c,c,f,t,f,f,f,t,f,t,t,a,s,l,o,?,i
p,u,n,v,d,p,b,t,t,t,f,f,f,f,f,f,b,s,i,o,?,i
r,u,n,r,d,p,a,t,t,f,f,f,t,t,f,f,b,s,i,o,o,i
r,u,n,v,n,t,f,f,t,t,f,f,f,t,f,t,a,s,i,o,?,i
r,n,n,d,e,s,c,t,f,f,f,f,f,f,f,t,a,l,s,o,c,i
p,u,m,t,d,p,a,f,t,f,t,f,f,f,f,t,a,s,i,o,?,i
p,o,m,t,e,c,b,f,t,t,f,f,f,f,f,t,c,l,s,o,c,i
r,u,m,t,e,h,a,f,t,f,f,f,f,f,f,t,c,s,i,o,c,i
p,n,s,v,e,t,f,f,f,f,f,f,f,f,f,t,a,l,l,m,o,i
r,n,n,d,d,p,b,f,f,f,t,t,t,f,f,t,c,l,i,m,?,i
p,u,m,a,d,c,c,f,f,t,t,f,f,f,f,t,b,l,s,o,o,i
r,n,n,v,e,s,e,f,f,f,t,f,f,f,t,t,a,m,s,o,?,i
r,n,n,v,e,s,a,t,f,f,t,f,f,t,f,f,a,m,i,m,c,i
r,n,n,h,n,t,c,f,f,t,t,f,f,f,f,t,b,m,i,o,?,i
p,n,n,b,d,t,d,f,f,f,f,t,f,f,f,t,b,s,i,m,o,i
r,n,n,t,n,s,f,f,f,f,t,t,f,f,f,t,b,s,l,m,c,i
r,u,n,v,n,s,d,f,f,t,t,f,f,f,f,t,c,l,l,m,?,i
r,u,n,v,d,h,a,f,f,f,f,f,f,f,f,t,a,s,i,o,o,i
r,u,s,v,d,s,b,f,f,f,f,f,f,t,f,t,a,m,i,m,o,i
p,n,n,d,e,h,b,t,f,f,t,f,f,f,f,t,b,l,i,o,c,i
p,n,n,a,n,t,c,f,f,f,f,t,f,f,t,t,b,l,i,o,?,i
p,n,f,r,d,s,f,f,t,f,f,f,f,t,f,t,a,m,i,o,c,i
r,n,n,t,d,c,a,f,f,t,f,f,f,t,f,f,c,m,i,m,o,i
r,n,n,a,e,h,b,f,f,f,t,f,f,f,t,t,b,s,i,m,o,i
p,o,s,t,n,s,c,f,f,f,f,f,t,f,t,t,a,l,i,m,c,i
r,u,n,t,d,h,a,t,t,f,f,f,f,f,f,t,b,s,i,m,o,i
r,k,n,t,d,h,c,f,f,f,f,t,f,f,f,t,a,m,i,o,c,i
r,n,n,r,d,c,a,f,f,f,f,f,f,f,f,t,a,l,s,m,o,i
r,n,n,d,n,h,e,f,t,t,t,f,f,f,f,t,c,m,l,m,o,i
r,n,m,a,e,t,b,f,f,t,f,f,f,f,f,t,a,s,s,m,c,i
r,n,n,a,e,s,c,f,t,f,f,f,f,f,f,t,a,s,s,o,?,i
p,k,n,t,n,t,d,t,f,f,f,f,t,f,t,t,a,l,l,m,o,i
p,n,m,a,e,h,b,t,t,f,f,f,f,f,f,t,b,m,i,o,?,i
p,k,f,a,n,h,b,f,f,f,f,f,f,t,t,t,c,m,s,m,c,i
r,o,n,b,d,s,c,f,f,f,f,f,f,f,f,f,b,m,s,o,c,i
p,n,n,d,d,s,e,f,f,f,f,f,f,f,f,f,b,m,i,o,o,i
p,n,s,b,e,h,c,f,f,f,f,f,t,f,t,t,b,l,s,m,c,i
p,n,m,r,d,t,c,t,f,t,t,f,f,f,f,f,c,m,s,o,?,i
r,n,n,v,n,c,d,f,f,t,f,f,f,f,t,f,c,m,s,m,?,i
r,k,n,t,e,s,c,f,f,f,f,f,t,f,f,t,b,l,s,o,o,i
r,o,m,a,d,s,e,t,t,t,f,f,t,f,t,t,a,l,s,o,o,i
p,u,n,t,n,h,a,t,f,f,f,f,f,f,f,t,a,m,l,o,c,i
r,k,n,a,e,p,c,f,f,f,f,f,f,t,t,f,b,m,s,m,c,i
p,n,s,d,e,c,f,f,f,f,t,f,f,f,t,t,b,m,i,o,o,i
r,n,n,b,d,s,d,f,t,t,f,f,t,f,t,f,a,l,i,m,o,i
r,n,n,a,n,s,c,f,t,t,f,f,f,t,f,f,a,l,i,o,c,i
r,n,n,t,e,s,e,f,t,t,f,f,f,f,f,f,a,l,i,o,?,i
p,u,s,a,n,h,c,f,f,f,f,f,f,f,t,t,b,l,l,o,?,i
p,k,n,d,n,s,c,f,f,f,f,f,f,t,f,t,c,l,i,o,o,i
r,n,m,a,e,s,a,f,f,f,f,f,f,f,t,t,b,m,i,o,o,i
r,n,n,v,d,p,a,f,f,t,f,f,f,f,f,t,b,m,i,m,o,i
r,n,n,t,e,h,a,f,t,t,f,f,f,t,f,t,a,m,i,o,c,i
p,u,s,t,d,t,e,f,f,f,t,f,f,t,f,t,a,l,i,m,o,i
r,n,n,a,n,c,c,f,t,t,t,t,f,f,f,t,a,m,s,o,o,i
p,n,n,d,d,s,f,f,t,f,f,f,f,f,f,t,a,m,l,o,o,i
r,n,m,t,d,s,a,t,t,t,t,f,f,f,f,t,a,m,i,m,c,i
r,o,n,v,e,h,b,f,f,f,f,f,f,f,f,t,b,s,i,o,c,i
r,k,n,t,e,c,d,f,f,f,f,f,f,f,f,f,a,l,s,o,?,i
p,k,m,r,e,h,a,t,t,f,f,t,f,f,t,t,b,m,s,o,o,i
r,n,n,b,n,t,c,f,t,f,t,f,f,t,f,t,b,m,i,m,o,i
p,n,m,r,n,c,a,f,f,f,f,f,f,t,f,f,a,l,l,m,c,i
r,o,n,a,n,h,a,f,f,t,f,f,f,f,t,t,c,m,i,o,?,i
r,n,n,t,e,s,c,f,t,t,t,f,f,f,f,t,a,m,s,m,c,i
p,n,m,d,e,s,d,f,t,f,f,t,f,f,f,f,a,m,i,o,o,i
p,k,n,b,n,h,b,f,f,f,t,f,t,f,t,f,c,m,s,m,o,i
p,n,s,t,d,s,b,f,f,f,f,f,f,f,t,t,a,l,i,m,o,i
p,n,s,a,d,p,b,f,f,t,f,f,f,f,t,t,b,m,s,o,?,i
p,o,m,t,d,h,a,t,f,f,f,f,f,f,f,t,b,m,i,o,o,i
r,k,n,b,e,s,f,f,f,f,f,f,f,f,t,t,a,l,l,m,?,i
r,n,n,a,e,c,d,t,t,t,f,t,f,f,f,f,a,m,s,m,o,i
r,n,s,t,d,h,a,t,f,t,f,f,f,f,t,t,a,m,l,o,?,i
p,f,n,a,d,s,b,f,f,f,f,f,f,f,f,f,b,m,i,m,c,i
p,n,m,r,d,h,a,f,f,f,f,f,f,f,f,t,b,s,i,o,o,i
p,n,m,d,e,c,b,t,t,t,f,f,f,f,t,t,c,m,i,m,o,i
r,k,n,v,d,h,f,f,f,t,f,f,f,f,f,t,b,m,i,m,c,i
p,k,n,b,n,s,a,f,t,f,f,t,t,t,f,t,a,m,i,o,o,i
p,u,m,v,n,c,f,f,f,t,f,f,f,f,f,f,b,m,l,o,c,i
r,n,n,t,n,c,e,f,f,f,f,f,f,f,f,f,b,l,s,m,c,i
p,n,n,r,n,s,e,f,f,t,f,f,f,f,f,t,b,s,i,o,o,i
p,k,n,t,n,s,c,f,f,f,t,f,f,f,t,t,c,m,l,o,o,i
p,k,m,t,e,c,b,f,t,t,f,f,f,f,t,t,c,l,i,m,o,i
p,n,n,r,e,s,e,f,t,t,f,t,t,f,f,t,a,m,s,o,o,i
p,k,n,t,n,t,e,f,t,f,f,f,f,f,t,t,b,l,s,o,o,i
p,n,m,r,e,s,c,f,t,t,t,f,f,f,f,t,c,l,i,m,?,i
p,o,m,r,e,c,a,f,t,t,f,f,t,f,t,t,a,s,l,o,c,i
p,o,s,t,d,t,a,f,f,f,t,t,f,f,f,f,b,m,i,m,?,i
p,n,n,a,e,h,a,f,f,f,f,f,f,f,t,f,c,m,i,m,c,i
p,u,s,r,n,h,a,t,t,f,f,f,f,f,f,f,c,l,i,o,o,i
p,u,m,v,e,s,c,f,f,t,f,f,f,t,f,t,a,s,s,o,c,i
r,n,m,v,d,c,e,f,t,f,f,f,f,f,t,t,b,l,i,o,o,i
r,n,n,a,e,t,d,f,f,t,f,f,f,f,f,t,a,s,i,m,o,i
p,k,n,d,n,t,d,f,f,f,f,f,t,f,f,t,c,l,s,o,c,i
r,n,n,a,n,h,e,f,f,f,t,f,f,t,f,t,b,m,i,m,o,i
r,n,n,t,e,p,d,f,t,t,t,f,f,t,f,f,a,s,i,o,?,i
r,n,n,r,d,p,c,t,t,f,t,f,t,f,f,t,b,s,s,o,o,i
p,u,s,t,d,s,e,t,t,f,f,f,f,f,f,t,c,m,l,m,c,i
r,n,n,t,n,p,b,f,f,f,f,f,t,f,t,t,b,m,i,m,?,i
p,o,s,t,d,s,f,f,t,f,t,f,f,f,f,t,a,m,i,o,o,i
r,n,n,d,n,t,a,f,f,f,f,f,f,f,t,t,c,m,i,o,o,i
p,n,m,d,d,p,d,f,t,f,f,f,f,f,t,t,a,l,l,o,?,i
r,u,n,h,n,h,c,f,f,t,t,f,f,f,f,f,a,l,i,o,o,i
p,n,m,a,e,h,c,f,f,f,f,f,f,t,f,t,c,m,i,o,?,i
r,n,n,a,e,t,c,f,t,f,f,f,f,f,f,t,c,m,s,o,o,i
r,n,s,v,e,s,a,t,t,f,t,f,f,f,f,t,c,l,s,o,o,i
p,f,n,a,n,h,e,f,t,f,f,f,f,f,f,t,b,s,s,o,c,i
r,n,n,a,n,h,b,f,t,t,t,f,t,f,f,f,b,l,i,o,o,i
p,n,s,t,d,h,c,f,f,f,t,f,f,t,f,t,a,m,i,o,o,i
p,n,n,b,d,s,e,f,f,f,f,f,f,f,t,f,a,l,i,o,o,i
p,n,m,r,d,s,d,f,t,f,f,f,f,f,t,f,a,l,i,m,c,i
r,n,n,a,e,t,e,f,t,t,f,f,f,f,t,f,a,s,s,o,c,i
r,k,n,t,e,p,a,f,t,f,t,f,f,f,f,t,a,m,l,o,?,i
r,n,n,v,d,p,b,f,f,t,t,f,f,f,f,f,c,m,i,m,?,i
r,n,n,r,n,h,b,f,t,f,f,f,f,f,t,t,b,l,i,o,?,i
p,f,n,t,d,c,f,f,f,f,f,t,t,f,t,t,b,m,l,o,o,i
p,f,n,a,d,h,e,t,t,t,f,t,f,t,f,t,a,l,s,o,o,i
r,n,m,h,d,c,e,f,t,f,f,f,f,f,t,t,c,m,i,m,c,i
p,n,f,r,e,p,d,f,t,f,f,f,f,t,f,t,a,s,i,o,c,i
p,n,n,b,d,s,b,f,f,t,f,f,f,f,f,f,a,m,i,o,?,i
p,u,n,r,n,t,b,f,f,f,f,f,f,f,t,f,c,m,i,o,?,i
r,n,n,h,e,t,d,t,t,t,t,f,f,f,f,t,a,l,i,o,c,i
r,n,m,a,e,h,a,t,f,t,t,f,f,f,f,t,a,l,s,o,o,i
r,n,n,a,d,t,d,t,f,f,f,f,f,f,f,t,a,m,l,o,o,i
r,n,m,a,n,p,e,f,f,t,f,f,f,f,f,t,a,s,i,o,c,i
r,n,n,v,n,s,b,f,f,t,f,f,t,f,t,f,b,m,i,o,o,i
r,n,n,t,e,s,d,f,f,t,f,f,f,f,f,t,c,m,i,m,?,i
p,f,m,t,d,c,c,t,f,f,f,f,f,t,f,t,b,m,l,m,?,i
p,k,n,t,d,c,a,t,f,f,t,f,f,f,f,t,b,m,l,o,o,i
p,f,n,r,d,s,b,f,f,f,f,f,f,f,f,t,a,l,i,o,o,i
p,o,n,r,d,h,c,f,f,f,f,f,f,f,f,t,a,l,i,o,?,i
r,n,n,a,e,h,e,f,f,t,f,f,f,f,f,f,b,m,s,o,?,i
r,u,n,t,d,h,c,f,f,f,f,f,f,f,f,f,b,m,l,o,o,i
p,f,m,v,n,s,a,f,t,f,f,f,f,f,f,t,c,s,i,m,o,i
p,o,n,t,e,s,a,f,f,f,f,f,f,f,t,t,b,s,s,o,o,i
p,f,n,v,e,p,e,f,t,f,f,f,f,f,f,f,a,s,s,o,o,i
r,n,n,t,n,s,b,f,t,t,f,f,f,f,f,t,a,m,s,o,o,i
r,n,n,d,e,c,d,f,t,f,t,f,f,f,f,t,b,s,i,o,?,i
r,n,s,a,d,c,b,f,f,f,t,f,t,t,t,t,a,s,l,o,o,i
p,n,n,r,e,t,e,t,t,t,f,f,f,f,f,t,b,m,l,m,o,i
r,n,n,t,e,t,b,f,f,t,f,f,f,f,f,t,c,s,i,m,o,i
p,n,n,t,n,t,a,t,f,f,f,f,f,t,f,f,c,m,s,o,c,i
p,n,s,v,n,h,c,t,f,f,t,f,f,f,t,f,b,m,i,o,c,i
p,u,m,b,e,s,e,f,t,f,t,f,t,f,f,t,b,m,i,m,?,i
p,f,n,v,n,s,f,f,f,f,f,f,f,f,t,f,a,l,s,m,o,i
p,k,n,b,d,h,f,f,f,f,f,t,f,f,f,t,a,l,i,o,o,i
r,n,m,b,d,s,c,f,t,f,f,f,f,f,t,t,a,s,s,m,c,i
p,k,m,d,d,s,d,f,t,f,t,f,f,f,f,t,b,m,s,o,c,i
r,u,n,a,e,s,d,f,f,t,f,f,t,f,t,t,a,m,l,o,?,i
p,f,m,d,d,h,c,f,f,t,f,f,f,f,f,t,a,m,s,m,o,i
p,k,n,a,d,h,a,f,f,f,f,f,f,f,f,t,c,l,s,o,c,i
r,n,n,a,n,t,d,f,f,f,t,f,f,t,t,t,a,m,s,o,o,i
r,n,n,v,d,h,f,f,t,t,f,f,t,f,f,t,b,m,i,o,c,i
p,f,n,t,d,s,a,f,f,f,t,f,f,f,f,t,a,m,i,o,c,i
r,u,n,t,d,h,b,f,f,t,f,f,f,t,f,t,a,m,s,o,c,i
r,n,n,t,d,h,a,f,f,f,t,f,f,f,t,f,b,s,s,m,c,i
p,n,m,b,d,t,c,f,t,t,t,f,f,f,f,f,a,m,i,m,c,i
p,n,m,r,d,h,c,f,t,f,f,f,f,t,f,t,a,m,i,m,c,i
r,n,n,t,d,s,b,f,f,f,f,f,f,f,f,f,b,s,i,o,o,i
r,u,n,t,n,c,c,t,t,f,f,f,f,f,f,f,a,m,i,o,o,i
p,f,m,a,e,h,e,f,t,f,f,f,t,f,f,f,a,l,i,o,c,i
r,n,n,a,e,h,b,f,t,t,f,f,f,t,f,t,b,l,s,o,o,i
r,n,n,t,e,s,e,t,f,t,t,f,f,t,t,t,a,l,l,m,c,i
r,n,m,t,n,h,e,f,f,f,f,f,f,f,f,f,b,l,i,o,o,i
r,n,n,d,n,s,d,f,f,f,t,f,f,f,f,t,a,m,i,o,o,i
r,k,n,v,e,c,b,t,f,f,f,f,f,f,t,t,a,m,i,m,?,i
p,o,m,a,d,s,f,f,f,f,f,f,f,f,f,t,a,l,l,m,o,i
p,f,n,t,d,s,b,t,t,t,f,f,f,t,f,t,b,m,i,o,?,i
r,n,n,t,d,h,a,t,t,f,f,f,f,f,f,t,a,m,l,m,?,i
p,f,m,a,n,h,a,f,t,t,f,f,f,f,t,t,c,s,s,o,c,i
p,f,s,a,e,s,f,f,t,f,f,f,f,f,t,t,b,l,s,o,o,i
r,n,n,d,d,t,a,f,t,f,f,f,f,f,f,t,b,l,i,m,?,i
r,k,m,v,d,c,c,f,f,f,f,f,t,f,f,t,a,s,i,o,?,i
p,k,n,b,n,t,d,f,t,t,f,f,t,f,f,t,b,m,i,m,o,i
r,o,n,t,e,s,d,t,f,f,f,f,f,t,f,t,c,l,l,m,o,i
r,n,n,r,d,h,d,f,t,f,t,f,f,f,f,t,c,s,s,o,c,i
r,n,n,d,n,h,b,f,f,f,t,f,f,f,f,t,a,l,s,o,?,i
p,k,n,t,e,h,d,t,t,f,f,f,t,t,f,t,b,m,s,o,o,i
r,n,m,d,e,s,a,t,t,t,f,f,f,f,t,f,b,m,s,m,o,i
r,n,n,t,e,s,b,f,f,f,t,f,f,t,f,t,b,m,s,o,o,i
r,o,s,v,e,p,a,f,f,f,f,f,f,f,t,t,a,m,s,o,c,i
r,n,n,t,d,p,c,f,t,t,f,f,f,t,f,t,c,s,s,m,c,i
p,n,m,r,n,s,a,f,f,f,f,f,f,f,f,f,b,s,i,o,c,i
r,u,n,t,n,s,c,f,f,t,f,f,f,t,f,f,c,m,s,o,o,i
p,k,n,b,e,s,a,f,f,f,t,t,t,f,t,t,c,m,l,o,c,i
p,k,m,r,e,c,c,f,f,f,t,t,f,f,f,f,a,m,l,o,o,i
p,k,m,r,n,s,a,t,t,t,f,f,t,f,t,t,c,m,s,o,c,i
r,n,n,r,d,c,c,f,t,t,f,f,t,f,f,f,a,l,i,m,?,i
r,n,n,t,d,s,e,f,t,t,t,f,f,f,t,t,a,l,i,m,c,i
p,f,n,v,n,c,b,t,t,f,f,f,f,t,t,t,b,m,i,o,o,i
r,n,n,t,d,p,d,t,f,f,f,f,f,f,t,f,a,m,s,m,c,i
p,n,n,r,e,s,c,f,t,f,f,f,f,f,f,t,c,s,i,o,c,i
r,n,m,t,e,p,b,f,t,f,t,f,f,f,f,t,a,s,i,o,?,i
p,o,n,b,d,t,b,f,t,f,f,f,t,f,f,f,c,m,s,m,?,i
r,n,n,a,d,h,b,f,f,f,t,f,f,f,f,t,a,s,i,m,?,i
p,f,n,h,n,s,e,t,f,f,f,f,f,t,f,t,b,s,s,o,c,i
p,n,f,r,d,h,b,f,f,t,f,f,f,f,t,t,a,m,s,o,o,i
p,k,n,t,d,s,f,t,f,f,f,f,f,f,f,t,c,l,s,o,?,i
r,n,n,v,e,t,d,f,f,f,f,f,f,f,f,f,c,m,s,o,o,i
r,n,n,t,d,h,c,f,t,f,f,f,f,f,f,t,b,m,l,o,?,i
p,k,m,a,e,c,f,f,t,f,f,f,f,t,t,t,b,l,l,m,?,i
p,f,n,a,n,h,b,f,f,t,f,f,f,f,t,t,c,l,i,o,o,i
r,n,n,v,e,s,e,f,t,f,f,f,f,f,f,t,a,l,s,o,o,i
p,n,n,d,e,h,b,f,t,f,f,f,f,f,f,t,c,s,s,m,o,i
p,n,s,d,d,p,c,f,f,t,f,f,t,f,f,t,a,s,i,m,?,i
r,n,n,t,n,h,a,f,t,f,f,f,f,f,t,t,a,l,i,o,o,i
r,k,n,t,n,h,e,f,f,f,t,f,f,t,f,t,b,m,s,o,o,i
p,n,n,d,n,t,b,f,f,f,t,f,f,f,f,t,b,l,l,o,c,i
p,k,n,a,d,s,d,f,f,f,f,f,f,f,f,f,a,m,i,o,o,i
p,n,n,b,d,p,f,t,f,f,f,t,f,f,f,f,a,m,l,o,?,i
p,k,n,h,d,s,a,t,f,t,f,f,t,t,f,f,a,m,i,m,o,i
r,n,n,t,d,c,f,f,t,f,f,t,f,f,f,t,a,l,s,o,o,i
r,n,n,a,d,h,c,t,f,f,t,f,f,f,f,t,c,s,i,o,?,i
p,n,n,d,n,s,e,f,t,f,f,f,t,t,t,t,c,s,s,m,o,i
p,u,n,r,d,s,c,t,f,f,f,f,f,t,f,t,a,l,s,o,o,i
p,k,n,d,d,s,e,t,t,t,f,f,f,t,f,t,a,s,l,o,?,i
p,o,n,r,n,c,f,f,t,f,t,f,f,t,f,f,a,l,l,m,o,i
p,n,n,a,n,h,c,f,f,f,f,t,f,f,t,f,c,s,i,o,o,i
r,n,n,v,d,s,e,t,f,f,t,f,f,f,f,t,c,l,i,o,o,i
r,n,m,v,d,h,f,f,t,f,f,f,f,f,t,t,a,s,i,m,c,i
r,n,s,d,n,t,e,f,t,f,f,f,t,t,t,t,a,s,s,o,o,i
p,f,m,b,n,s,f,f,f,f,f,f,t,f,f,f,c,s,i,o,?,i
p,o,n,b,e,c,e,f,f,f,f,f,t,f,f,t,c,l,s,m,o,i
p,k,f,a,e,t,b,t,f,t,t,f,f,f,t,t,b,m,l,o,c,i
p,f,f,t,e,h,e,f,t,f,f,f,f,f,f,f,b,m,s,o,c,i
r,n,n,h,n,t,d,f,f,f,t,f,t,t,f,t,a,m,s,m,c,i
r,n,n,h,d,h,a,f,t,f,f,f,f,t,f,t,c,m,i,o,?,i
p,o,m,b,e,c,a,f,f,t,f,f,f,t,f,t,a,m,s,m,?,i
r,n,s,h,n,c,b,f,f,f,f,f,f,f,f,t,c,l,i,o,c,i
p,n,m,a,e,s,e,t,f,f,f,f,f,t,f,t,b,m,l,m,o,i
p,u,m,d,d,h,e,f,t,f,f,f,f,f,f,t,c,l,s,m,o,i
p,u,n,r,n,h,e,f,f,t,f,f,f,f,f,t,a,m,l,o,?,i
p,k,f,v,e,s,a,f,f,f,f,f,t,f,t,f,b,s,l,m,c,i
r,n,n,v,d,h,a,f,f,f,f,f,f,f,f,t,b,l,s,m,?,i
p,o,n,r,d,c,b,t,f,t,f,f,f,f,f,t,a,s,i,o,o,i
p,n,m,d,d,s,d,t,f,f,f,f,f,f,t,f,c,m,i,o,c,i
r,n,n,a,n,h,e,f,f,f,f,f,f,f,t,t,a,m,i,m,c,i
r,n,n,d,d,s,f,f,f,f,f,f,f,f,f,f,b,l,l,o,o,i
r,u,n,t,n,s,b,f,f,f,f,f,f,t,t,t,a,m,s,m,o,i
r,u,n,t,e,h,e,f,t,t,t,f,f,f,t,t,b,s,i,m,o,i
r,f,n,v,n,s,d,f,t,t,f,f,f,f,f,t,a,l,i,o,o,i
p,n,n,v,n,h,f,t,f,f,f,f,f,f,f,f,c,m,s,o,c,i
p,k,n,d,n,s,e,t,f,t,t,f,f,f,f,t,b,s,s,o,c,i
r,n,n,t,n,t,c,f,t,f,t,f,f,f,t,t,b,l,s,o,c,i
r,u,n,t,d,p,e,f,f,f,f,f,f,f,f,t,b,l,i,m,c,i
p,n,s,b,d,s,b,f,t,t,f,f,f,f,t,t,a,m,i,o,?,i
r,n,n,d,d,s,e,f,f,t,f,f,f,f,f,f,a,l,l,o,o,i
p,f,s,h,e,s,e,f,f,t,f,f,f,f,f,t,b,m,s,o,o,i
r,n,n,d,d,s,e,t,t,f,f,f,f,f,f,t,b,l,i,o,c,i
p,o,n,b,e,c,b,t,t,t,f,f,f,f,f,f,a,m,i,m,?,i
p,n,m,d,d,h,e,t,f,f,t,f,f,f,t,f,c,l,l,m,o,i
p,o,m,t,n,h,a,f,t,f,t,f,f,f,f,t,a,l,i,o,o,i
r,n,n,d,d,p,e,f,f,f,t,f,f,f,t,t,a,l,s,m,c,i
p,n,m,b,d,p,f,f,f,f,f,f,f,f,f,t,b,l,l,o,c,i
r,n,m,a,e,h,a,t,f,f,f,f,f,f,t,t,a,m,s,o,?,i
r,n,n,b,e,h,d,f,t,t,f,f,f,f,f,f,b,s,s,o,?,i
p,k,n,v,n,h,d,f,f,t,f,f,t,f,t,t,c,l,i,m,c,i
r,n,n,t,e,c,e,f,f,t,f,f,f,f,t,t,b,m,s,o,o,i
r,n,n,t,n,s,a,f,t,f,f,f,f,f,f,t,b,l,s,o,c,i
p,f,s,v,d,s,f,t,f,f,f,f,f,f,t,t,c,m,i,o,?,i
r,n,n,h,d,s,f,f,f,t,f,f,f,f,t,t,a,s,i,o,c,i
p,f,m,r,e,s,d,f,t,f,f,f,f,f,t,t,c,s,s,m,o,i
p,f,m,t,d,h,c,f,t,t,f,f,t,t,f,t,a,m,l,o,o,i
p,n,f,r,n,c,d,f,t,f,t,f,f,f,f,f,b,s,i,m,o,i
p,o,n,t,n,h,a,f,t,t,t,f,t,f,f,t,a,m,l,o,c,i
r,n,n,a,d,t,e,t,t,f,f,f,f,f,f,t,a,m,s,o,c,i
r,n,n,t,n,s,a,t,t,f,f,f,f,f,f,t,b,l,i,o,o,i
r,n,m,b,e,t,b,t,f,f,f,t,f,f,f,t,a,s,s,o,o,i
r,o,n,a,d,s,a,f,f,t,t,f,f,f,f,t,a,m,i,o,o,i
p,k,m,t,e,s,e,t,f,f,t,t,f,f,f,t,a,l,s,o,o,i
p,k,n,a,e,s,d,f,f,f,f,f,f,f,t,t,a,l,i,o,?,i
p,u,n,r,n,s,d,f,f,t,f,f,f,f,t,t,b,m,i,m,o,i
p,n,s,a,d,s,a,f,t,t,t,f,f,f,f,f,c,l,s,m,c,i
r,u,m,t,e,c,b,f,t,f,t,f,t,f,t,f,b,l,s,m,?,i
p,f,n,b,d,s,c,f,f,f,t,f,f,f,t,t,a,s,s,o,c,i
p,u,m,v,d,s,d,f,f,f,f,f,f,t,f,t,b,s,l,o,c,i
p,u,n,d,e,s,a,t,f,f,f,t,f,f,f,t,a,l,l,m,o,i
p,u,m,b,n,c,d,f,f,f,f,f,f,f,t,f,b,l,l,m,o,i
r,n,n,v,e,h,c,f,f,f,t,f,t,f,f,t,a,l,s,o,?,i
p,o,n,d,n,s,f,t,f,t,f,f,f,t,f,t,a,m,s,o,o,i
p,o,n,r,d,s,c,f,f,t,f,t,f,f,t,t,b,m,s,m,o,i
p,f,n,b,e,c,a,f,f,f,f,f,f,f,f,f,a,m,l,m,o,i
r,n,m,t,d,c,a,t,f,f,t,f,f,f,t,t,b,m,i,o,?,i
r,u,n,a,n,h,b,f,t,f,t,t,f,f,t,t,a,l,s,o,?,i
r,n,n,a,d,h,b,f,f,f,t,f,f,f,t,t,a,l,s,o,c,i
p,k,n,a,d,s,e,f,f,f,f,t,f,f,f,t,b,m,i,o,c,i
p,k,n,h,n,h,e,f,t,t,f,f,f,t,t,f,a,l,l,o,o,i
r,n,m,t,d,c,a,f,f,f,t,f,f,t,t,t,a,m,i,o,c,i
p,f,n,b,e,c,e,f,t,t,f,f,f,f,f,t,a,l,s,o,?,i
r,n,m,h,n,h,a,f,f,t,t,f,f,f,f,t,c,m,s,o,o,i
p,f,m,r,e,c,e,t,f,f,t,f,f,f,f,f,b,m,s,o,o,i
r,o,n,t,e,h,a,t,t,t,f,f,f,f,f,f,b,m,s,m,?,i
p,n,m,h,n,c,b,f,f,f,f,f,f,f,f,t,c,m,i,m,?,i
p,f,n,a,e,c,e,f,t,f,f,f,f,f,f,t,c,l,i,o,?,i
r,n,n,t,d,c,b,f,f,f,f,f,f,f,f,t,b,m,s,o,o,i
p,o,n,a,n,s,a,t,f,f,t,f,f,f,t,t,c,l,i,o,?,i
r,u,n,t,e,s,e,f,f,f,f,f,t,f,t,f,a,m,i,m,o,i
r,n,n,v,n,s,d,f,f,f,f,f,f,f,f,t,a,l,i,m,c,i
p,f,n,t,e,h,f,f,t,f,f,f,f,f,f,f,b,m,i,o,o,i
p,k,m,v,d,h,d,f,f,t,f,f,t,f,t,t,a,m,i,o,o,i
r,k,n,t,n,c,a,f,f,f,t,f,f,t,f,f,a,m,i,m,?,i
p,f,s,d,d,h,d,f,t,f,f,f,f,t,t,t,b,m,i,m,c,i
p,k,n,t,n,h,e,f,t,f,f,t,f,t,f,t,b,l,i,o,o,i
p,k,m,d,n,c,a,f,f,t,t,f,f,f,f,t,a,m,s,o,o,i
r,n,n,t,n,s,a,f,t,t,f,t,f,f,t,t,a,s,i,o,c,i
p,n,n,d,d,s,d,t,f,t,f,f,f,f,f,t,b,m,l,o,o,i
r,u,n,d,e,s,e,f,f,f,f,f,t,t,f,t,b,m,i,o,o,i
r,n,s,b,d,c,b,t,t,f,f,f,f,f,t,f,b,s,s,m,c,i
p,k,s,t,d,s,e,f,t,t,f,f,t,f,f,t,a,l,l,m,?,i
p,n,n,r,d,s,a,f,t,f,f,f,f,f,t,f,b,m,i,o,o,i
p,o,m,r,e,s,c,f,t,f,f,f,f,f,f,t,b,l,l,o,?,i
p,k,m,b,e,h,e,t,f,f,t,f,f,f,f,f,b,l,i,o,o,i
r,n,n,r,n,t,a,f,t,t,f,f,f,t,f,t,a,s,s,o,?,i
r,n,n,h,d,p,b,f,f,f,t,f,t,f,t,f,b,s,i,m,o,i
r,n,m,h,d,s,d,f,t,t,f,f,f,f,f,t,b,m,l,o,c,i
r,u,m,b,e,h,b,f,t,f,f,f,f,f,t,t,a,m,i,m,o,i
p,k,n,t,d,s,f,f,f,t,t,f,f,f,f,t,a,m,s,o,c,i
r,n,n,t,e,c,f,f,t,t,f,f,t,f,f,t,a,m,s,o,?,i
p,f,n,v,e,h,d,f,f,t,t,f,f,t,t,t,c,m,s,m,o,i
p,n,s,h,e,s,e,f,t,f,f,f,f,f,f,f,b,m,s,m,c,i
r,n,n,a,e,h,f,f,f,t,f,f,f,f,f,f,a,m,i,m,?,i
r,n,n,t,n,h,d,t,t,f,f,t,t,f,f,f,c,l,s,m,c,i
r,n,n,a,n,t,e,f,t,f,t,f,f,f,f,f,b,s,l,m,c,i
p,f,m,a,d,s,a,t,f,f,f,t,t,f,f,t,b,m,s,o,?,i
r,u,m,h,e,t,e,f,t,t,f,f,f,f,f,t,c,m,s,m,o,i
p,u,n,r,n,s,b,f,f,t,t,f,f,f,t,t,b,l,i,o,o,i
r,u,n,t,d,s,a,f,f,f,t,f,f,t,t,t,b,l,i,o,c,i
p,n,m,a,e,c,d,f,f,t,t,f,f,t,f,t,b,s,i,m,o,i
r,n,n,t,e,h,b,f,t,f,t,f,f,f,f,t,c,l,i,o,c,i
p,k,n,r,d,p,a,f,f,f,t,f,f,f,f,t,c,s,s,o,o,i
p,u,s,r,d,h,d,f,t,t,f,f,t,f,t,t,b,m,s,m,o,i
p,f,n,t,n,h,a,t,t,t,t,f,f,f,f,t,c,s,s,m,c,i
p,k,n,a,d,s,f,t,t,f,f,f,f,f,f,t,a,m,s,o,?,i
p,f,n,d,d,t,f,f,f,f,f,f,f,f,f,t,b,m,i,o,o,i
r,o,m,d,n,c,e,t,f,f,f,f,f,t,f,f,c,m,i,o,o,i
r,u,m,b,n,h,b,f,f,t,f,f,f,f,f,f,a,l,l,o,c,i
p,o,n,b,e,c,d,f,f,f,f,f,t,t,f,f,c,m,s,m,o,i
r,n,m,h,d,s,a,f,t,f,t,f,f,f,t,t,b,s,s,o,c,i
p,n,s,v,d,p,d,t,t,f,t,f,f,t,t,t,b,m,s,o,o,i
p,k,m,h,n,h,b,f,f,f,f,f,f,f,f,f,c,m,s,o,o,i
r,n,n,t,d,p,c,f,f,f,f,f,f,f,f,f,b,s,l,o,c,i
r,u,n,t,n,c,a,f,t,t,f,f,f,f,f,t,a,s,s,o,o,i
p,k,s,t,n,h,f,t,f,t,f,f,f,f,f,t,c,l,i,o,o,i
r,n,n,d,d,c,b,t,f,f,f,f,f,f,f,t,c,l,i,m,c,i
p,n,n,r,e,c,c,t,t,f,f,t,f,f,t,t,a,m,s,o,c,i
p,k,n,t,n,s,b,f,f,f,t,f,f,f,f,t,a,m,s,m,o,i
r,k,m,h,n,c,c,t,f,f,f,f,f,f,f,t,a,s,s,m,o,i
r,n,n,h,e,h,f,t,f,f,f,t,f,f,f,f,a,m,s,o,c,i
r,u,n,t,d,p,a,f,t,f,t,f,f,t,f,t,a,m,l,o,?,i
p,n,m,r,e,p,a,f,t,f,f,f,f,t,f,t,b,s,l,o,o,i
p,n,n,r,e,s,a,f,f,f,t,f,f,f,t,t,a,s,s,o,o,i
r,n,n,t,e,s,d,f,t,f,t,t,f,f,f,t,b,m,i,o,o,i
p,k,n,r,d,s,d,f,t,f,t,f,f,t,f,t,b,m,s,o,o,i
p,f,n,t,n,c,e,t,f,f,t,f,t,f,f,t,b,m,l,o,?,i
p,u,f,d,e,p,e,f,f,f,f,f,f,t,f,t,a,l,i,o,?,i
r,n,n,d,d,c,a,f,t,t,f,f,f,f,t,t,b,s,s,m,o,i
r,u,m,d,d,p,f,f,t,f,t,f,f,f,f,f,c,l,l,m,?,i
p,f,n,v,d,h,e,f,f,t,f,f,f,f,f,t,b,l,i,m,o,i
r,n,n,t,e,h,d,f,f,t,f,f,f,f,f,t,c,l,i,o,?,i
r,n,n,a,d,t,b,f,t,t,f,f,t,f,f,f,b,m,i,m,o,i
r,n,n,v,e,s,e,f,f,f,f,f,f,f,f,t,c,m,i,o,?,i
r,u,n,a,d,h,d,f,f,f,t,f,f,f,f,t,b,s,i,o,o,i
r,n,n,v,d,s,b,f,t,f,f,f,t,f,f,t,c,s,s,o,o,i
p,n,s,a,d,s,a,f,t,f,f,f,f,f,f,t,c,m,i,o,?,i
p,f,n,t,d,h,d,f,f,t,f,f,f,t,f,t,a,m,i,m,o,i
p,u,s,b,d,s,d,f,f,f,t,t,t,f,f,t,c,s,l,m,?,i
p,f,n,r,d,h,a,f,f,f,f,f,t,t,f,t,c,l,s,m,c,i
p,f,n,b,e,s,f,f,t,t,t,f,f,f,t,f,a,m,i,m,c,i
r,n,n,r,e,h,a,f,f,t,f,f,f,f,f,t,b,s,i,m,o,i
p,u,n,a,e,s,b,f,t,t,t,f,f,f,f,f,c,s,l,m,?,i
r,n,n,v,d,p,b,f,f,t,t,f,f,f,f,t,a,l,s,o,o,i
p,n,n,r,e,h,d,f,t,f,f,t,f,f,f,t,a,m,i,m,o,i
p,u,n,b,d,c,a,f,f,t,t,t,f,f,f,t,a,s,s,o,?,i
p,n,m,a,e,h,d,t,f,f,f,f,f,f,f,t,a,m,s,o,?,i
r,n,n,b,e,s,c,f,f,f,t,f,t,f,f,t,b,m,i,m,?,i
p,k,f,t,n,c,a,f,f,f,f,f,f,f,f,t,a,l,s,o,o,i
r,n,n,r,e,s,a,f,f,f,f,f,f,f,f,t,a,l,s,m,o,i
r,n,n,t,d,h,c,f,f,f,t,f,f,f,f,t,a,m,s,o,?,i
r,k,n,d,d,h,c,t,f,f,f,t,f,f,f,f,c,s,s,o,o,i
r,f,n,v,n,c,a,f,f,t,f,f,f,f,f,f,b,s,s,m,?,i
p,o,s,b,d,p,c,f,f,f,f,t,f,t,t,t,b,s,i,m,c,i
r,n,m,d,d,s,c,f,f,f,f,f,f,t,t,t,a,m,s,m,o,i
p,k,n,r,d,c,f,f,f,f,t,f,f,f,t,t,b,l,i,o,c,i
p,o,n,t,n,h,e,t,t,f,f,f,f,t,f,t,a,l,i,o,c,i
p,n,m,v,n,c,a,f,t,t,f,t,f,f,t,t,b,m,i,m,?,i
r,n,n,h,d,t,c,f,f,f,f,f,f,f,f,t,b,m,s,o,o,i
r,n,n,t,d,h,a,f,t,t,f,f,f,f,f,t,b,m,s,m,o,i
p,k,n,t,n,s,c,f,t,f,f,t,t,t,f,t,b,m,s,o,o,i
r,n,n,b,d,c,b,f,f,f,f,t,t,f,f,t,a,l,i,m,?,i
p,f,n,a,d,h,f,t,f,t,t,f,f,f,f,t,a,m,s,m,c,i
p,u,n,r,e,p,c,t,t,f,t,f,f,t,f,f,a,l,i,o,o,i
r,n,s,b,e,h,e,f,f,f,f,f,f,f,f,f,b,s,s,o,?,i
p,f,n,v,d,t,d,f,t,t,t,f,t,f,t,t,c,m,i,o,?,i
p,n,s,t,e,s,c,f,t,f,f,f,f,f,f,t,b,m,i,o,o,i
r,n,m,a,e,c,b,f,t,t,t,f,t,f,f,t,b,l,i,o,o,i
p,f,n,d,e,h,a,f,f,t,f,f,f,f,f,t,a,m,i,m,o,i
r,n,n,a,d,c,e,f,f,t,f,f,f,t,f,t,a,m,s,o,?,i
r,u,n,b,d,t,f,f,f,f,f,f,f,t,f,t,a,l,i,o,o,i
p,k,m,t,n,c,b,f,f,t,t,f,f,f,t,f,a,s,i,o,?,i
r,n,n,t,d,c,c,f,f,f,f,f,f,t,f,t,b,s,s,m,?,i
p,n,s,b,d,s,b,f,t,f,f,f,f,f,t,t,b,s,s,o,c,i
r,n,n,a,d,s,c,f,f,f,t,f,f,f,f,f,c,l,i,o,o,i
p,u,n,v,d,h,f,t,f,f,t,f,f,f,t,t,b,m,i,m,c,i
p,f,n,r,e,h,a,f,f,t,f,f,f,f,f,f,a,s,s,o,o,i
r,n,n,d,d,s,b,f,f,t,t,f,f,f,f,f,a,s,i,m,o,i
p,k,m,d,e,c,d,f,f,f,f,f,f,f,t,t,a,l,i,o,?,i
p,f,m,t,d,c,b,f,t,f,t,f,f,f,t,t,c,l,i,o,o,i
r,o,n,t,n,s,a,f,f,t,f,t,f,f,f,f,a,m,i,o,c,i
r,n,n,d,e,s,b,t,t,t,f,t,f,f,f,f,a,m,i,m,o,i
r,n,n,a,d,h,d,f,t,t,t,f,t,f,f,t,b,l,i,o,o,i
p,n,m,a,n,c,f,f,f,t,t,f,f,f,f,t,b,m,s,o,o,i
r,n,n,t,n,p,f,f,t,f,f,f,f,f,t,t,a,m,i,o,c,i
r,n,n,r,d,h,d,f,f,f,f,f,f,f,f,t,a,m,l,m,o,i
r,n,m,a,e,s,e,t,f,f,f,f,f,f,f,f,c,m,i,o,o,i
r,n,n,t,e,p,d,f,f,t,t,f,f,t,t,t,c,m,l,o,o,i
r,n,n,b,e,s,c,t,t,f,f,f,f,f,f,t,a,l,i,o,c,i
r,n,m,v,d,c,a,t,t,t,f,f,f,t,f,t,a,s,s,o,c,i
p,u,m,t,d,h,b,f,f,f,t,f,f,f,f,t,a,m,s,o,o,i
p,k,m,v,d,t,c,t,f,t,f,t,f,f,f,t,c,m,s,m,o,i
r,n,n,b,d,c,f,t,t,f,f,f,f,f,t,f,b,l,i,o,?,i
p,k,n,a,d,s,d,f,t,f,f,f,t,f,f,t,c,m,i,o,o,i
p,n,m,a,n,h,f,t,t,f,f,f,t,f,t,t,b,l,s,o,o,i
p,o,n,t,d,s,b,f,t,t,f,f,f,f,t,f,b,l,i,o,?,i
r,k,n,a,d,s,a,f,f,f,f,f,f,f,f,t,c,l,i,o,c,i
p,k,n,d,d,h,f,f,f,t,f,f,f,f,t,t,a,s,i,o,?,i
r,u,n,t,e,h,b,f,f,f,t,f,f,f,f,t,c,l,l,m,?,i
r,o,f,h,n,c,c,f,t,f,f,f,t,f,f,t,c,m,i,o,c,i
p,o,n,t,n,s,a,t,f,t,f,f,f,f,t,t,b,s,l,o,?,i
p,n,n,a,e,h,f,f,f,f,f,f,f,t,t,t,c,m,i,o,o,i
p,n,s,r,d,p,a,f,t,f,t,f,f,f,f,t,c,l,s,m,o,i
p,f,s,d,d,h,f,f,f,f,f,f,f,f,f,f,a,m,i,o,c,i
r,n,n,t,n,h,a,f,t,f,f,f,f,f,f,t,a,m,i,o,o,i
p,f,s,t,d,c,a,f,t,f,f,f,f,f,f,t,b,m,i,m,c,i
r,o,n,r,d,c,e,f,f,f,f,f,f,f,f,t,a,l,s,m,?,i
r,n,m,a,e,h,c,f,f,f,f,f,f,f,f,t,b,m,s,m,o,i
p,n,n,r,d,t,b,f,f,t,f,f,f,t,t,f,a,m,s,m,c,i
p,k,n,d,d,s,d,f,f,t,f,f,f,f,f,t,a,l,i,m,c,i
r,n,n,t,n,s,b,f,f,f,f,f,f,f,t,t,b,m,s,o,c,i
p,f,m,d,d,h,b,f,f,f,t,f,f,f,f,t,b,m,i,m,o,i
r,f,n,t,d,s,a,f,f,t,f,t,f,f,t,t,c,l,s,m,o,i
r,n,n,d,d,s,c,t,f,f,f,f,f,f,f,t,c,m,s,m,c,i
p,f,m,h,d,s,a,f,f,f,f,f,f,f,f,t,a,s,l,m,o,i
r,k,n,r,n,c,e,f,t,f,f,f,f,f,t,f,b,m,s,o,o,i
p,f,s,h,e,h,e,f,t,t,t,f,t,t,f,f,a,m,s,m,o,i
p,n,n,d,n,p,b,t,f,f,f,f,f,f,f,t,c,s,i,o,c,i
r,f,n,t,n,s,c,f,t,f,f,f,f,f,f,t,a,s,i,o,c,i
r,f,n,t,e,c,d,f,f,f,t,f,f,t,f,t,a,m,i,m,o,i
r,n,n,t,e,s,d,f,t,t,f,f,f,f,f,t,a,l,i,o,o,i
p,k,n,a,e,s,c,t,t,f,f,t,f,t,f,t,b,l,i,o,c,i
r,o,n,r,e,c,d,f,t,f,t,f,t,t,f,t,b,l,s,m,o,i
p,n,m,b,e,s,a,f,t,f,t,f,f,f,f,t,a,s,i,o,o,i
p,f,n,r,e,c,c,f,t,t,f,f,f,f,t,f,b,m,i,m,?,i
p,u,n,a,e,c,a,f,t,t,t,f,f,f,t,t,b,s,i,o,c,i
r,u,m,t,e,c,f,f,f,f,f,f,f,f,f,t,a,s,s,m,o,i
r,n,n,t,d,h,c,t,f,t,f,f,f,f,f,f,b,s,i,o,?,i
p,k,m,h,e,p,d,f,t,t,f,f,f,t,f,t,a,s,i,m,c,i
p,u,s,a,e,s,c,f,t,f,f,f,f,f,t,f,c,s,s,o,o,i
p,k,n,a,e,t,a,f,t,t,f,t,f,f,t,f,c,m,s,o,?,i
r,n,n,t,e,s,a,f,f,f,t,f,f,f,f,t,a,m,s,m,o,i
p,n,s,h,n,h,b,f,f,t,f,f,t,f,f,t,b,l,i,o,?,i
r,o,n,t,n,t,d,t,t,t,f,f,f,f,f,t,a,l,i,o,?,i
p,n,f,r,d,s,d,f,t,f,f,f,f,t,t,f,a,s,l,o,?,i
r,n,n,t,d,p,a,t,t,f,t,f,f,t,f,t,b,m,l,o,?,i
r,n,n,t,d,h,c,f,f,f,f,f,t,f,t,t,a,m,i,o,c,i
p,f,n,v,d,p,b,f,t,t,f,f,f,f,t,t,a,m,s,o,o,i
r,n,n,r,d,s,d,t,f,f,f,f,f,f,t,t,b,m,s,m,o,i
p,u,f,r,n,h,b,f,t,f,t,f,f,t,t,t,a,s,s,o,c,i
r,f,n,t,n,s,f,f,f,f,f,f,f,f,f,t,a,m,i,o,o,i
p,u,f,h,d,s,c,f,t,t,f,f,f,f,f,t,a,m,i,m,o,i
p,u,m,b,n,c,c,f,t,f,f,f,f,f,f,t,b,m,s,o,o,i
r,n,s,h,d,c,d,t,t,t,f,f,f,f,t,f,b,l,s,o,c,i
p,f,s,t,n,c,e,f,f,f,f,f,f,f,f,t,b,l,i,m,c,i
r,n,n,a,e,c,c,f,f,t,f,f,f,f,t,f,c,m,i,m,o,i
p,u,f,a,e,c,a,t,f,f,f,f,t,t,f,f,a,m,i,m,?,i
r,n,m,v,d,h,a,f,t,f,t,f,f,f,t,t,a,m,l,m,?,i
r,f,n,v,d,h,b,f,f,t,t,f,f,f,f,f,a,m,s,o,?,i
p,o,m,b,d,c,e,t,t,t,f,f,f,t,t,t,b,l,s,o,o,i
r,n,n,t,e,c,d,f,f,f,f,f,f,f,t,t,b,m,s,m,?,i
r,o,n,t,n,s,b,f,f,f,f,t,f,t,f,t,c,l,i,m,o,i
r,n,n,t,e,h,a,f,t,t,t,f,f,f,f,t,a,l,i,m,o,i
p,n,n,d,n,s,d,f,f,t,t,f,f,t,f,t,b,m,l,o,o,i
r,n,n,a,d,c,d,f,f,f,t,f,t,f,t,f,a,m,s,o,o,i
r,n,n,t,n,s,e,f,f,f,f,f,f,t,f,t,c,m,l,o,c,i
p,k,m,a,n,c,d,f,t,f,f,f,f,f,f,t,c,s,s,o,o,i
p,u,m,t,d,c,b,f,f,f,f,f,t,f,f,f,a,m,i,m,o,i
p,n,s,h,e,t,e,f,t,f,f,f,f,f,f,t,b,m,i,o,o,i
p,k,s,a,d,h,c,f,t,f,t,f,t,f,t,t,a,l,s,o,c,i
p,u,s,d,d,p,d,t,f,f,f,f,f,f,t,t,b,l,i,m,o,i
p,o,m,r,d,c,b,f,t,t,t,f,f,f,t,t,a,m,i,m,o,i
r,n,n,b,e,s,e,f,t,f,f,f,t,f,f,t,c,s,i,m,o,i
p,u,s,b,n,h,a,f,f,f,f,f,f,f,f,f,a,l,s,m,c,i
p,n,n,r,d,h,b,f,t,f,f,t,f,f,f,t,c,m,i,m,o,i
p,k,n,r,n,s,b,f,f,t,f,f,f,f,f,f,c,l,i,m,?,i
p,k,n,t,n,h,e,f,f,f,f,t,f,f,t,t,a,s,s,o,?,i
p,o,n,d,e,s,e,f,t,f,t,f,f,f,f,t,c,l,i,m,o,i
r,n,m,a,n,p,b,f,f,t,f,f,f,f,f,f,a,s,s,o,o,i
r,n,n,a,n,h,a,t,f,f,f,f,t,f,t,f,b,l,s,m,o,i
p,f,m,a,d,s,a,f,t,f,t,f,f,f,f,t,c,l,i,m,c,i
r,n,n,r,n,h,d,f,f,f,f,f,f,f,f,t,b,m,s,o,?,i
r,n,n,a,e,p,c,f,t,t,f,f,f,f,f,t,b,m,s,o,o,i
p,f,n,a,d,t,d,t,f,t,f,t,f,f,t,t,a,m,s,m,o,i
p,f,n,t,d,p,d,t,t,f,t,f,f,f,f,t,a,l,s,o,o,i
r,n,m,a,e,p,e,f,f,f,f,f,f,f,t,t,c,l,l,m,o,i
r,n,n,t,n,h,c,f,f,f,f,f,f,f,f,f,b,m,s,o,o,i
p,u,n,d,e,h,e,f,f,f,t,f,f,f,f,t,b,m,i,o,o,i
r,n,n,a,e,h,c,f,f,t,f,f,f,t,f,t,a,m,i,m,?,i
r,n,m,h,d,t,d,f,t,t,f,f,f,f,f,f,c,m,i,m,?,i
p,n,f,r,n,s,d,f,f,f,f,f,f,f,f,t,a,m,i,o,o,i
p,n,m,v,d,h,f,t,f,f,f,f,f,f,f,f,b,m,i,o,?,i
p,u,n,d,e,s,b,f,f,f,t,f,t,f,f,t,a,l,s,o,o,i
p,n,s,t,e,p,d,f,f,t,f,f,f,t,t,f,c,m,i,o,o,i
p,n,n,b,d,s,d,f,t,t,f,f,f,t,f,f,a,m,i,o,c,i
p,k,n,t,n,p,f,f,t,t,f,f,f,t,t,f,a,m,i,o,?,i
r,n,n,t,n,t,a,f,t,f,f,f,t,f,t,t,a,m,i,o,c,i
r,n,n,a,e,s,d,f,t,t,f,f,t,f,t,t,b,s,s,o,?,i
r,u,n,r,e,c,b,f,t,f,t,f,f,f,f,t,c,s,i,o,?,i
p,f,n,d,n,h,f,f,t,t,f,f,f,f,t,f,a,m,l,o,c,i
r,n,n,t,d,h,e,f,f,t,f,f,f,f,f,t,c,l,i,o,?,i
r,n,n,v,d,s,d,t,f,t,t,f,f,f,f,f,c,m,s,o,?,i
r,n,n,t,e,h,c,f,f,f,f,f,f,f,f,t,a,l,s,m,o,i
r,n,n,t,e,h,d,f,f,t,f,f,f,f,t,t,a,s,i,m,c,i
p,k,s,t,e,c,d,f,t,f,t,f,f,f,t,t,a,s,s,m,c,i
r,k,m,b,e,c,b,f,t,f,f,f,f,f,f,t,c,m,s,m,c,i
p,f,n,b,e,h,e,t,t,f,t,f,f,f,f,f,a,s,l,o,o,i
p,u,n,t,d,s,c,t,f,f,t,f,f,f,t,t,a,m,s,o,o,i
r,n,n,t,d,s,b,f,f,f,f,t,f,f,f,t,a,m,i,o,o,i
p,u,n,b,d,s,d,f,t,t,f,f,f,f,f,t,b,s,s,m,?,i
r,k,n,v,d,t,a,t,t,f,f,f,f,f,t,t,c,s,s,m,?,i
r,n,n,t,n,h,e,f,t,f,t,f,f,f,f,t,a,s,i,m,c,i
r,o,m,v,n,c,c,f,t,f,t,f,f,t,f,f,b,m,i,o,o,i
p,n,m,r,d,t,d,f,t,f,f,f,f,f,f,t,b,l,s,o,o,i
r,k,m,b,e,h,a,f,f,t,f,f,f,f,f,f,a,m,s,m,c,i
r,f,n,t,d,h,e,f,t,f,t,f,f,t,t,f,b,m,l,m,o,i
r,n,m,d,e,p,e,f,f,t,t,f,f,f,f,f,a,s,l,m,c,i
p,u,m,b,n,h,e,t,t,f,f,f,f,f,t,f,a,m,i,o,o,i
p,n,s,a,d,s,c,f,t,f,f,f,f,f,f,t,c,m,s,m,c,i
p,o,m,d,n,c,d,f,f,f,f,f,f,f,t,t,a,s,i,o,o,i
r,n,m,d,d,t,c,f,t,f,f,f,f,f,f,t,c,m,s,o,?,i
r,n,m,v,d,c,b,t,f,f,f,f,f,f,t,f,b,m,i,o,o,i
r,n,n,d,e,c,a,f,t,t,f,f,f,f,f,f,c,l,i,m,o,i
p,o,n,t,n,c,c,t,f,t,f,f,f,f,f,f,c,s,l,m,o,i
r,n,n,v,e,h,e,f,f,f,f,f,f,f,f,t,c,s,l,o,?,i
r,u,n,a,n,s,b,f,t,t,f,f,f,t,t,t,b,m,l,o,c,i
r,n,n,d,n,t,e,f,t,f,f,f,f,f,f,t,c,m,l,o,?,i
p,n,n,a,e,s,d,t,t,f,f,f,f,f,f,t,c,m,i,m,o,i
r,n,n,t,d,p,b,t,t,f,f,f,t,f,f,t,b,m,i,m,?,i
r,n,n,a,d,h,a,f,t,t,t,f,f,f,t,t,a,l,i,o,?,i
p,u,s,v,e,c,c,f,f,f,f,f,f,f,t,t,a,s,s,o,o,i
r,n,n,b,e,p,c,f,t,f,t,f,f,f,t,t,c,m,l,o,o,i
p,f,n,v,d,c,a,f,f,t,t,f,f,t,f,t,c,s,l,m,c,i
p,k,n,t,d,s,e,t,f,t,t,f,f,t,t,f,a,l,s,o,o,i
r,k,n,t,d,h,f,f,f,f,f,f,f,f,f,t,c,m,l,o,c,i
p,k,m,b,d,s,a,f,f,f,f,f,f,f,f,f,b,s,l,o,o,i
p,u,m,a,e,s,b,f,f,f,t,f,f,f,t,t,b,m,s,o,?,i
p,f,n,r,n,h,d,f,t,f,f,t,t,f,f,t,a,l,l,m,?,i
r,k,n,h,n,t,f,f,t,f,f,f,t,f,t,t,a,m,l,o,o,i
p,f,n,r,n,t,f,f,f,f,f,f,t,f,t,t,b,l,i,o,?,i
p,k,m,a,e,h,f,t,t,f,f,f,f,f,f,t,a,m,i,o,c,i
p,n,s,b,d,c,c,t,t,t,f,f,t,f,f,t,c,m,i,o,o,i
p,k,s,d,e,s,f,t,f,t,f,f,f,f,t,t,b,s,l,o,o,i
r,n,n,r,n,s,b,f,f,f,f,t,f,t,f,f,b,l,i,o,o,i
p,f,m,v,e,c,a,f,t,f,f,t,f,f,f,t,b,l,i,m,?,i
p,u,m,a,e,c,d,f,f,f,t,f,f,f,f,t,b,s,s,m,?,i
p,u,s,v,e,c,d,f,t,t,f,f,t,t,f,f,c,s,i,m,o,i
p,o,n,t,d,s,e,f,t,t,t,f,f,f,f,f,a,m,l,o,o,i
p,k,n,v,d,h,d,f,f,f,f,f,f,f,t,t,c,l,i,o,o,i
p,f,n,d,d,s,e,f,t,t,t,f,f,f,t,f,c,l,l,o,o,i
p,n,n,d,d,c,b,f,f,f,f,f,f,f,t,f,b,s,s,m,?,i
p,n,m,t,n,s,b,t,t,f,f,f,f,f,f,t,c,m,s,m,o,i
r,n,n,d,d,h,e,t,t,f,f,f,f,t,f,f,a,l,s,m,?,i
r,n,n,t,d,h,c,f,t,t,f,f,f,f,t,t,a,m,i,o,o,i
p,u,m,b,n,s,a,f,t,f,f,f,f,t,f,t,a,m,i,o,o,i
p,u,n,r,n,h,b,f,f,f,f,f,f,f,t,t,b,m,s,o,c,i
p,k,f,b,e,c,e,f,t,f,f,f,f,t,f,f,b,m,s,m,?,i
r,n,m,a,d,s,f,t,f,t,f,f,f,f,f,t,a,s,i,m,o,i
p,f,s,r,e,h,e,f,f,t,f,f,f,f,t,f,a,m,i,o,c,i
p,n,m,r,e,t,e,t,t,t,f,f,f,f,f,f,c,l,s,m,o,i
r,o,n,b,n,s,e,f,t,f,t,f,f,t,t,t,a,m,l,o,c,i
p,u,n,b,d,s,b,f,t,t,f,f,f,f,t,t,a,m,i,o,o,i
p,n,s,v,n,c,d,f,t,f,t,f,f,f,f,t,a,m,s,m,o,i
r,n,n,a,e,h,d,f,t,t,f,f,f,t,f,f,b,l,s,m,o,i
r,n,n,t,e,t,f,f,t,f,f,f,t,f,t,t,a,s,i,o,c,i
r,n,n,b,d,s,a,f,t,t,f,f,t,f,t,t,a,l,i,o,c,i
r,n,n,v,n,p,f,f,t,f,t,f,f,f,f,t,c,m,l,m,?,i
r,n,n,a,e,h,e,f,t,t,t,f,f,f,t,t,c,m,i,o,o,i
p,n,n,t,d,s,a,f,f,f,f,f,f,f,f,f,c,m,i,o,?,i
r,n,n,d,d,h,c,f,t,f,t,f,f,f,f,t,b,l,s,o,?,i
r,n,m,d,d,h,a,f,f,t,t,f,t,f,f,f,b,m,i,m,o,i
p,f,n,r,d,s,d,f,f,f,t,f,f,f,f,t,a,l,s,m,o,i
p,n,n,v,d,s,c,t,f,t,t,f,f,f,f,t,b,l,l,o,o,i
p,u,n,h,d,s,e,f,t,f,t,f,f,f,t,f,b,s,s,o,?,i
p,n,n,b,e,h,d,t,f,f,f,f,t,f,f,f,b,l,s,o,c,i
r,n,n,t,e,s,e,f,f,f,f,f,f,f,f,f,a,l,i,o,?,i
r,n,n,r,e,s,b,f,f,t,t,f,f,f,t,t,c,m,s,o,?,i
p,f,m,d,e,s,e,t,f,t,f,f,f,f,t,f,c,s,s,m,o,i
r,n,n,r,d,c,f,f,f,f,f,f,f,f,f,f,a,s,s,m,o,i
p,k,m,t,e,t,d,t,f,t,f,f,f,f,t,t,b,m,i,o,c,i
r,n,n,d,e,s,b,f,t,f,f,f,f,f,f,t,a,s,s,o,c,i
r,u,n,v,e,t,f,t,f,f,f,f,f,t,f,t,a,s,i,m,o,i
r,n,n,a,d,c,e,f,t,t,f,f,f,f,t,f,a,m,i,m,c,i
p,n,s,h,n,t,e,f,f,t,f,f,f,f,f,t,b,m,l,o,?,i
p,o,n,v,n,h,a,f,t,t,t,f,f,f,f,f,a,m,i,o,c,i
r,n,n,d,n,h,e,f,f,f,t,t,t,f,t,f,a,m,l,o,c,i
r,n,n,d,e,c,b,f,t,f,f,f,f,f,f,t,b,m,s,m,?,i
r,o,n,t,d,h,c,f,f,f,f,f,f,t,f,t,c,m,i,o,o,i
r,n,m,v,n,p,d,f,f,f,f,f,f,f,f,f,a,s,s,o,c,i
p,n,f,a,n,p,c,f,t,f,f,f,t,f,t,f,a,l,s,o,o,i
r,n,n,d,n,h,b,f,t,f,f,f,f,f,f,t,a,s,s,m,c,i
r,n,n,d,n,h,c,f,t,f,t,f,f,f,f,t,b,l,i,o,o,i
r,u,n,d,n,h,b,f,f,t,t,f,f,t,t,f,a,s,i,o,o,i
p,f,f,v,e,c,d,f,t,t,t,t,f,f,t,t,a,m,s,o,o,i
p,k,n,v,d,c,a,t,f,f,f,f,f,f,f,f,a,s,s,o,?,i
r,n,n,a,e,c,c,t,f,f,f,f,t,f,f,t,a,s,i,o,c,i
p,f,s,a,e,s,d,f,t,f,f,t,f,f,f,t,a,s,i,o,?,i
p,f,s,t,n,t,f,f,f,t,t,f,f,f,f,t,a,m,s,m,?,i
p,n,n,d,e,s,c,t,t,f,t,f,f,f,f,t,c,s,i,o,?,i
p,u,n,r,e,s,c,f,t,t,t,f,t,f,f,t,a,m,s,o,o,i
p,k,m,r,n,s,f,f,f,t,f,f,f,f,t,t,b,l,i,o,c,i
p,o,m,t,e,s,f,f,t,f,f,t,f,f,f,f,b,m,s,o,?,i
r,n,n,r,d,h,d,f,t,f,t,f,f,f,t,t,b,m,l,o,?,i
r,n,n,a,e,s,c,f,t,f,f,f,f,f,t,f,b,s,i,o,o,i
r,f,n,h,d,s,b,t,f,f,f,f,f,f,t,t,b,s,i,m,o,i
p,o,n,d,d,s,d,f,f,f,f,f,t,t,f,t,c,m,s,m,c,i
r,n,n,b,e,s,e,t,t,t,t,f,f,f,f,t,a,l,i,m,c,i
p,n,m,v,n,t,f,f,t,t,t,f,f,f,f,f,a,s,i,o,o,i
r,o,n,t,d,h,a,f,f,t,t,t,f,f,f,t,c,s,s,o,o,i
r,n,n,t,d,s,b,f,t,f,f,f,f,f,t,t,c,l,s,m,c,i
p,n,m,r,e,h,f,f,t,f,f,t,f,f,f,t,a,l,l,m,c,i
r,k,n,v,e,h,f,f,f,f,t,f,f,f,t,f,b,m,l,o,?,i
r,n,n,t,d,h,e,f,f,f,f,f,f,f,f,t,a,m,i,o,?,i
r,n,s,t,e,s,a,t,t,t,f,f,t,f,t,t,c,m,l,m,o,i
r,n,n,b,e,c,d,f,t,t,t,f,f,t,f,f,a,s,i,o,o,i
p,u,s,t,n,s,c,f,f,f,t,f,f,f,f,t,b,m,s,o,o,i
r,n,n,a,d,s,b,f,f,t,t,f,f,f,f,t,a,s,i,m,o,i
p,f,n,b,e,t,b,f,t,t,f,f,t,f,f,t,b,m,s,o,o,i
p,u,m,d,n,h,b,f,f,f,f,f,f,f,f,t,a,m,s,o,o,i
p,f,n,a,d,s,c,f,t,f,t,f,f,f,f,t,b,s,i,o,o,i
p,k,n,t,n,s,a,f,t,f,t,f,f,f,f,t,b,m,s,m,?,i
r,k,n,t,d,c,c,f,f,t,f,f,f,f,t,t,c,m,s,o,?,i
r,n,n,t,d,s,a,t,f,f,f,f,f,f,t,t,b,l,s,o,c,i
p,k,n,v,d,h,c,t,f,f,t,f,f,t,f,t,a,s,s,o,o,i
r,u,m,a,d,s,f,t,t,f,t,f,t,f,f,f,b,m,l,o,?,i
r,o,n,t,n,s,e,f,t,t,t,t,f,f,f,f,a,l,i,o,?,i
r,n,n,d,e,h,a,f,t,f,t,f,f,f,f,t,b,m,s,o,o,i
r,n,n,v,n,s,d,f,t,f,f,f,f,t,f,t,a,m,l,o,c,i
p,u,n,t,n,h,a,t,f,f,f,f,f,f,f,t,c,m,s,m,?,i
r,n,n,t,d,s,c,t,f,f,f,f,f,t,f,f,c,m,s,o,o,i
r,o,n,d,n,t,b,f,f,f,f,f,f,f,t,t,b,s,s,o,o,i
r,n,m,r,n,h,f,f,f,f,f,f,f,f,f,t,b,m,i,o,?,i
p,f,n,d,d,s,a,f,f,t,f,f,f,f,f,t,b,s,i,o,c,i
p,o,n,t,n,s,f,f,f,f,t,f,f,f,t,t,b,s,s,m,?,i
r,n,m,v,n,c,d,f,t,t,f,f,f,f,f,t,c,l,i,o,o,i
r,n,n,t,e,c,b,t,f,f,f,f,f,f,t,t,c,m,i,o,c,i
r,o,n,a,d,h,f,f,t,f,f,f,f,f,f,t,a,m,s,m,o,i
r,n,m,v,d,s,c,f,t,f,f,f,f,f,f,t,a,s,i,o,c,i
p,n,m,v,n,h,d,f,t,f,f,f,f,f,f,t,c,s,i,o,o,i
p,k,n,t,e,s,e,f,f,t,t,f,f,f,f,t,a,l,l,m,?,i
r,n,n,t,n,s,b,f,f,t,f,f,t,t,f,t,b,m,l,o,o,i
p,f,n,v,n,h,a,f,t,f,t,t,f,f,f,t,a,l,i,m,?,i
r,n,n,t,d,c,f,f,f,t,t,f,f,f,f,t,a,s,s,o,?,i
r,n,n,a,n,h,b,t,f,t,f,f,f,f,f,t,b,s,s,m,o,i
p,u,m,t,e,s,f,t,f,f,f,f,f,f,f,f,b,s,i,m,?,i
r,n,m,t,e,s,b,f,t,f,f,f,t,f,f,t,a,l,i,o,?,i
r,n,s,d,d,h,c,t,f,f,f,f,f,f,f,t,a,s,s,o,o,i
p,f,n,t,d,h,c,f,t,f,f,f,f,f,t,t,b,m,i,o,c,i
p,u,n,b,d,c,c,f,t,f,t,f,f,t,f,t,c,m,i,m,?,i
p,k,n,r,d,h,f,f,t,t,t,f,f,f,f,t,b,l,s,o,o,i
p,o,n,t,d,h,b,t,f,t,f,t,f,f,t,t,b,s,l,o,o,i
p,n,n,r,d,h,d,f,t,f,t,f,f,t,f,f,a,m,i,o,o,i
p,n,s,a,e,t,b,t,t,f,f,t,f,f,f,f,c,l,i,m,c,i
r,u,n,d,n,p,a,f,t,f,f,f,f,f,f,f,b,m,l,m,o,i
r,u,n,v,d,h,b,t,f,f,f,f,f,f,t,t,a,l,s,o,o,i
p,k,n,v,d,c,d,f,f,t,t,f,f,f,f,t,a,m,l,o,c,i
p,n,f,a,e,s,d,f,f,f,f,f,f,f,t,t,b,s,s,m,c,i
r,n,n,d,e,s,b,f,t,t,f,t,t,f,t,f,b,m,s,o,?,i
p,n,m,r,e,s,f,f,f,f,f,f,f,f,f,t,b,m,i,o,?,i
r,u,m,a,n,c,b,f,f,f,f,f,t,f,f,t,b,s,i,o,c,i
r,o,n,t,d,t,e,f,t,f,f,f,f,f,t,t,c,m,i,o,o,i
r,n,n,t,e,c,a,f,t,f,f,f,f,f,f,t,a,s,l,o,o,i
r,n,n,t,n,c,d,t,t,f,f,f,f,f,t,t,a,l,s,o,o,i
r,n,n,a,e,s,b,f,f,f,t,f,t,f,f,f,a,l,i,o,c,i
r,n,n,d,e,t,c,f,f,t,f,f,f,f,f,f,c,m,s,o,?,i
r,f,n,h,n,s,e,t,f,f,t,f,f,f,t,t,c,m,l,m,c,i
r,k,m,t,d,t,e,f,t,f,f,f,t,f,f,t,a,l,s,m,c,i
p,n,m,d,d,s,b,f,f,f,f,f,t,f,f,t,a,l,i,o,c,i
p,k,n,v,d,s,e,f,f,t,t,f,f,f,t,t,b,m,i,o,o,i
p,u,n,b,n,h,c,t,f,t,t,f,t,f,f,t,c,l,i,o,o,i
r,n,n,h,n,s,a,f,f,f,t,f,f,f,f,t,b,m,s,o,c,i
r,n,n,v,d,s,d,f,f,t,t,f,f,t,t,t,a,s,l,o,c,i
p,k,m,b,e,c,f,f,t,f,t,f,f,f,t,t,b,l,s,o,?,i
r,n,n,t,e,c,a,f,f,t,t,f,f,t,f,t,b,l,s,m,o,i
p,k,m,t,d,s,d,f,f,t,f,f,f,t,f,t,a,l,s,m,?,i
r,k,n,d,n,h,e,f,f,f,f,f,f,f,t,t,a,l,i,o,c,i
r,n,m,t,d,h,d,t,t,f,t,f,f,f,f,t,b,s,i,o,c,i
r,n,n,t,n,s,c,t,f,f,t,t,t,f,f,f,a,l,i,o,c,i
p,o,n,t,n,h,b,f,t,t,t,f,t,f,f,t,c,m,s,m,?,i
r,n,m,b,d,c,a,t,f,t,t,f,f,t,f,t,b,s,i,m,o,i
p,k,n,a,e,p,c,f,f,f,t,f,f,f,f,f,b,m,l,o,?,i
r,k,n,d,e,h,d,f,t,t,t,f,f,f,f,t,c,s,s,m,?,i
p,o,m,a,d,c,b,f,t,t,t,f,f,f,f,t,a,m,l,m,o,i
p,f,n,d,d,h,c,f,f,f,f,f,t,f,f,f,c,m,s,m,c,i
p,o,n,b,n,c,d,f,t,t,t,f,f,f,f,t,a,l,s,o,o,i
r,k,n,b,e,c,b,f,f,f,f,f,f,f,f,t,c,m,i,o,o,i
r,n,n,t,e,h,e,f,f,f,f,f,f,f,f,t,b,l,i,m,?,i
r,n,n,t,d,s,d,t,f,t,t,t,f,t,f,t,a,s,i,o,?,i
p,n,m,d,e,p,d,f,f,f,f,f,f,t,f,t,a,l,l,o,?,i
r,n,n,v,e,h,c,f,f,f,f,t,f,f,t,t,b,s,i,m,o,i
r,n,n,a,d,h,b,f,f,t,t,t,f,f,t,t,a,m,i,o,c,i
r,n,n,d,d,h,c,f,t,f,f,f,f,f,f,f,c,l,s,m,o,i
r,n,n,v,e,s,e,f,t,f,f,f,f,f,f,t,c,s,l,o,o,i
r,n,m,t,e,h,d,f,f,t,f,f,f,f,f,t,c,l,s,m,c,i
p,n,n,r,d,h,e,f,f,f,f,f,f,f,f,t,a,m,i,o,o,i
p,f,n,v,n,h,b,f,f,f,t,f,f,f,f,t,c,m,i,m,o,i
r,k,n,v,d,s,e,f,f,t,f,f,f,f,t,t,a,l,i,o,?,i
p,o,m,t,n,c,b,f,f,f,t,f,f,f,f,t,b,m,l,o,?,i
r,k,n,t,d,h,b,t,t,t,f,f,f,f,f,f,a,s,i,m,c,i
p,o,n,a,e,c,a,f,f,t,f,f,f,f,t,f,c,m,i,o,?,i
p,o,s,t,e,s,e,f,t,f,t,f,f,f,f,t,c,s,i,o,o,i
r,n,n,t,e,h,d,f,f,t,f,f,f,f,t,t,b,l,l,m,o,i
p,u,n,r,n,s,e,f,t,t,f,f,f,f,f,f,a,m,s,o,o,i
r,n,m,b,d,c,d,f,t,t,t,f,t,f,t,t,b,m,i,m,o,i
p,k,s,t,d,h,f,f,t,f,f,f,f,t,f,f,b,m,s,o,?,i
r,o,n,b,d,h,d,f,f,t,f,f,f,f,f,f,c,l,l,m,?,i
r,n,s,t,e,t,d,t,f,f,t,f,f,f,f,f,a,l,l,o,o,i
p,k,n,a,n,s,a,t,f,f,t,f,f,t,f,f,b,m,i,o,o,i
r,n,f,v,d,h,d,f,f,f,t,t,f,f,t,t,b,m,i,o,c,i
r,n,n,d,n,c,d,f,t,f,t,f,f,f,f,t,a,m,s,o,c,i
r,n,n,t,e,h,b,f,t,f,t,f,f,f,f,f,b,l,i,o,c,i
r,n,n,d,n,c,a,t,t,t,f,f,f,f,f,t,c,l,s,m,o,i
p,n,m,d,d,t,b,f,t,f,f,t,f,t,f,t,b,m,s,m,?,i
p,k,f,r,n,c,a,t,f,t,f,f,f,f,t,t,c,l,s,o,c,i
r,k,n,h,e,s,d,f,f,f,t,f,f,f,f,f,b,l,s,m,o,i
r,n,n,t,n,s,c,t,t,f,f,f,t,f,f,f,c,m,l,o,c,i
r,f,n,t,e,p,f,t,f,t,f,f,f,f,f,t,b,m,s,o,?,i
r,n,n,d,d,s,c,f,f,f,f,f,f,f,f,t,b,m,i,o,o,i
p,n,m,b,n,h,e,t,t,f,f,f,f,f,f,t,b,m,s,o,o,i
p,o,n,a,e,t,d,f,f,f,f,f,f,f,f,f,a,l,i,o,o,i
r,u,s,t,d,c,d,f,t,f,f,f,f,f,f,t,c,m,i,o,o,i
p,n,s,t,e,s,b,f,t,f,t,f,f,f,f,t,c,m,s,m,?,i
r,n,n,t,n,c,c,t,t,f,t,f,f,f,f,t,b,l,s,m,?,i
r,o,n,t,e,h,a,f,t,f,t,f,f,f,f,t,b,m,s,o,c,i
p,u,f,h,d,t,d,t,t,t,f,f,f,f,f,t,b,l,i,o,c,i
p,n,m,a,n,h,b,f,t,f,f,f,f,f,f,t,c,s,l,m,o,i
r,n,m,v,e,h,c,f,t,f,f,f,f,f,f,t,a,m,i,o,o,i
r,n,n,t,d,s,f,f,f,f,t,f,f,f,f,t,a,l,i,o,?,i
r,k,n,a,d,s,d,f,t,f,f,f,f,f,f,t,a,l,s,m,o,i
p,u,m,d,d,h,b,f,t,f,f,f,f,f,f,t,c,m,i,o,?,i
r,f,n,t,e,c,c,f,f,f,t,f,f,f,t,f,a,m,i,m,o,i
r,n,m,a,d,h,d,f,f,f,f,f,f,f,f,f,b,s,l,m,o,i
p,f,m,d,d,p,e,f,f,f,t,f,f,f,f,t,c,m,i,m,o,i
p,o,n,t,d,s,e,f,f,f,f,f,f,f,t,f,b,l,s,o,o,i
r,n,n,t,n,s,b,f,f,f,f,f,f,f,f,f,a,m,i,o,o,i
p,o,n,h,e,h,f,f,t,f,f,f,f,f,t,f,b,l,s,o,c,i
p,n,s,a,e,c,a,t,f,f,f,f,f,f,f,f,b,m,i,o,o,i
p,n,n,r,e,h,b,f,f,f,t,t,f,f,f,f,b,m,i,m,o,i
r,k,n,t,d,h,a,f,f,t,f,f,f,f,t,t,b,l,i,o,c,i
r,n,s,t,n,s,b,t,t,t,f,f,f,f,f,t,a,m,s,m,?,i
p,u,m,a,d,c,c,f,f,f,t,f,f,t,f,t,a,l,i,m,c,i
p,k,n,r,d,t,b,f,f,f,f,f,f,f,f,f,c,l,l,o,?,i
r,n,m,a,d,p,a,f,t,f,f,f,f,t,f,t,c,s,i,o,c,i
r,n,n,d,d,c,a,f,f,f,t,f,f,t,f,t,b,s,i,m,o,i
p,k,f,v,d,c,f,f,t,f,t,f,f,f,f,t,b,l,s,o,c,i
r,n,m,b,e,c,e,t,t,f,t,t,f,f,f,t,b,m,i,m,o,i
p,f,n,a,d,c,d,t,t,t,f,t,f,f,t,t,c,s,l,o,?,i
r,n,n,r,d,s,e,t,f,f,f,f,f,f,f,f,a,m,s,o,o,i
r,n,n,v,e,h,d,f,t,f,f,f,f,f,f,f,b,m,i,o,c,i
r,k,m,t,e,p,a,f,t,f,f,f,t,f,f,f,c,m,s,m,o,i
r,n,m,d,n,p,f,f,t,f,t,f,f,t,f,t,c,l,i,o,c,i
p,f,n,b,d,c,c,f,t,f,t,f,f,f,f,t,c,s,i,m,o,i
p,k,s,d,n,s,c,f,t,t,f,f,f,t,t,t,b,l,i,o,o,i
r,n,n,h,e,c,f,t,f,f,t,f,f,f,f,t,c,m,i,m,o,i
p,f,m,t,e,s,b,t,t,f,f,t,f,f,t,t,b,m,l,o,o,i
p,f,m,a,d,s,b,f,f,f,f,f,f,f,f,t,c,m,s,m,c,i
p,o,n,b,e,h,e,f,f,t,f,f,f,t,f,t,a,l,s,o,c,i
r,n,n,b,d,h,c,f,f,f,f,f,f,f,f,f,a,s,s,o,o,i
r,n,m,d,e,h,c,f,t,f,f,f,f,t,t,f,c,m,s,o,o,i
p,f,m,t,e,h,f,f,t,f,t,f,f,f,f,t,b,l,i,o,o,i
p,k,n,r,d,c,f,f,t,f,f,f,f,f,f,t,a,s,i,m,?,i
p,k,m,d,d,s,f,f,t,f,f,f,t,f,t,t,a,m,i,o,?,i
p,k,n,h,n,s,b,f,f,f,f,f,f,f,t,t,a,s,l,o,o,i
p,o,n,t,e,c,e,f,f,t,t,f,f,f,t,t,a,m,i,o,c,i
p,n,m,h,e,t,d,f,f,t,t,f,f,f,f,t,c,l,l,o,o,i
p,k,n,t,n,p,d,f,f,f,f,f,f,t,f,f,b,m,l,m,c,i
r,n,m,b,d,s,a,t,t,f,f,f,t,f,f,t,c,s,i,o,c,i
r,n,n,t,d,h,c,f,f,f,f,f,f,f,f,t,b,l,s,o,c,i
r,k,n,t,d,s,f,f,t,t,f,f,f,f,f,f,a,l,i,o,c,i
r,o,n,v,e,c,d,f,t,t,f,f,f,f,f,t,b,l,l,o,o,i
p,u,s,a,n,s,b,f,t,f,f,f,t,f,f,t,a,l,i,o,o,i
r,n,n,v,n,s,d,f,f,f,f,f,f,t,f,t,a,m,s,o,?,i
p,u,m,r,n,s,e,f,t,t,f,f,f,f,t,t,c,m,l,o,o,i
r,u,n,a,e,s,c,f,f,f,t,f,f,f,t,f,a,s,i,o,c,i
r,n,n,h,n,s,a,f,f,f,t,f,f,f,f,t,b,m,s,o,c,i
p,k,m,v,d,s,a,f,f,f,t,f,f,f,f,t,c,s,i,o,o,i
p,n,f,t,d,p,c,f,f,f,f,f,f,f,f,t,c,s,s,o,?,i
