No,Ticker,Company,Sector,Industry,Country,Price,Volume,MarketCap,PE,PEG,PS,PB,EPS_ttm,EPS_g_next_yr,EPS_g_next_5yr,DebtEquity,Beta,InstOwn,RSI
1,AVD,American Vanguard Corp.,Basic Materials,Chemicals,USA,25.434086174679507,2097170,2301002.2631209674,14.046156045897998,1.2529020927180612,0.8636421363175345,1.574670851379699,1.1176053222786655,5.290049303532326,10.077891800808196,0.2748646274005505,1.2170306650389136,22.766034228936753,46.00735510153272
2,MOS,The Mosaic Company,Basic Materials,Gold,USA,46.73801616587294,1693764,62216.78060046508,11.44451123953041,0.8326241479464429,1.5683041842488326,1.2685446870411536,1.4955238531976964,13.289385281032239,15.637400462710135,0.18052025572310137,0.6250631209336679,10.349098579422265,57.45088478558573
3,CE,Celanese Corporation,Basic Materials,Oil & Gas Drilling,USA,55.010389932067355,1815232,1159472.1143752136,9.704785449187838,0.881280375006301,0.9497377001183437,1.5022240580659316,2.863223200453751,7.651315958727416,12.840043039157246,0.6960292220857354,0.5615190180262557,10.732019040973928,30.885853946335242
4,ASH,Ashland Inc.,Basic Materials,Steel,USA,77.00065496338932,544850,1482333.2353823017,8.696052696448483,1.101769535236282,1.072957018527152,0.8954832319515862,4.008986345431106,7.885060017296576,9.575112375598804,0.5845304892483757,1.264879854945609,11.653560688718333,52.2660046348701
5,ACET,Aceto Corp.,Basic Materials,Agricultural Chemicals,USA,31.49357871071006,1432561,1289964.286140185,11.952688345849289,0.9860609469768058,1.1442691556588849,1.6553028355234898,2.512682388810715,17.958822073375647,8.276710651299283,0.2986006261356279,1.0530792360938221,12.64084290411963,14.827535334111417
6,DOW,The Dow Chemical Company,Basic Materials,Chemicals,USA,37.86323209383577,2268423,8463953.846580246,8.370945350509201,1.3314873038816424,0.7184098279933332,1.0351280729200418,5.3106408683171455,7.32995782789318,5.347832581641801,0.34567451715471886,0.8161089975272627,18.581730207333887,51.89667790077598
7,SQM,Chemical & Mining Co. of Chile Inc.,Basic Materials,Gold,Chile,30.99439602898986,701148,4321862.154514835,14.781061587085702,1.095719745214652,1.2017248322534788,1.1487220314056672,5.5747407660702075,11.842812982131877,5.955201926163248,0.7602309708595364,1.190569647374788,22.31933636411003,60.687675023464294
8,FF,FutureFuel Corp.,Basic Materials,Oil & Gas Drilling,USA,38.3208973060927,1428936,804418.9996131794,13.363470752501936,1.116033609792634,0.8659856099245402,0.8723090779397787,5.870106370570303,11.5037086238772,14.954889202368278,0.39984215871521445,1.1061103780219983,20.324643976790185,69.03899115772154
9,AJ,AJ Corp.,Basic Materials,Steel,USA,109.41716176158315,83388,2575799.980934147,28.54981795886499,2.7968318762931172,1.1278456143426745,1.472854141691063,-1.2173697699856967,-4.146975259711244,11.604480376711404,0.21082081159490842,0.7026986627280336,55.63314407868415,90.28191022686438
10,AK,AK Corp.,Basic Materials,Agricultural Chemicals,USA,26.309750816039703,79339,872316.8969147303,,2.404327200354716,1.8814324169526513,3.8173980756495447,-0.3097398978188961,-13.207861145602106,5.088335527262768,1.0016435043461396,1.1463421848585917,12.751024977454778,76.6811246122452
11,AL,AL Corp.,Basic Materials,Chemicals,USA,35.31039463824976,22063,4913417.153395301,29.948341363996093,1.0124587789747088,5.788427022646596,4.322344707253046,0.46750600804950815,28.12298859666938,10.080370100146954,1.396235838499471,1.4946911747268503,39.41232009710726,54.310319173530736
12,AM,AM Holdings Inc.,Basic Materials,Gold,USA,18.08060487023954,28955,8023080.103058722,32.08811004908271,0.683968881134678,1.5810750930926285,4.87093848237786,0.06282677850516238,11.030420254147648,10.501290238941952,0.3485556963887542,2.0147748401963965,48.159506167837414,58.18903623613424
13,AN,AN Holdings Inc.,Basic Materials,Oil & Gas Drilling,USA,14.901268032456539,1005311,2128655.9795810357,20.654586691446436,1.1328031427209184,7.038313429462843,1.9313285386635137,1.382889899166133,13.282147716445728,28.16486085127439,0.21726896192644946,1.8796721089883308,43.83539440788211,48.67651254310663
14,AO,AO Holdings Inc.,Basic Materials,Steel,USA,13.415263469242285,673621,393195.72274072946,19.14669220872416,,6.89740513248645,0.9473154295397798,6.122124006895871,8.14326285427422,-0.7965951615274598,0.760054932452277,1.1395768630080616,21.082595561267162,53.765327589536405
15,AP,AP Corp.,Basic Materials,Agricultural Chemicals,USA,133.7017933152368,27060,1917376.906728211,7.518706864153402,2.3428847024914052,,1.7494254844236048,3.0643144361143038,-0.7113203086879079,6.089624949920043,1.0709764098477328,1.703647611358067,36.415750238131636,59.72431814651104
16,AQ,AQ Corp.,Basic Materials,Chemicals,USA,10.80932608390057,17882,326698.7936924135,29.723738807638984,1.594357882129099,1.8890622050118455,4.902149052672417,6.577532182893853,8.294053782858626,17.501482684244603,0.442628823490507,1.195874858619799,17.879848489492698,66.91317915565685
17,AR,AR Corp.,Basic Materials,Gold,USA,64.35534687618927,37483,3975870.0349818133,34.003278112359716,1.1832900279452658,2.1864635647329456,0.616903419801268,8.0653808530135,16.593778780655942,24.93668866909987,0.4061026228875443,1.1417202273873603,36.03662242277543,68.16096073772493
18,AS,AS Holdings Inc.,Basic Materials,Oil & Gas Drilling,USA,74.882512904226,100080,11151898.6704471,26.102774580300174,4.362304161053546,,2.1630271369665297,3.4326993930818865,-3.581233209732522,15.712811656652896,1.6081432270621199,1.001057933194414,49.6682891864134,58.40747036200374
19,AT,AT Corp.,Basic Materials,Steel,USA,29.052192097456942,121475,8945628.340583863,14.38070060987449,7.0515217418690535,2.9236008954260795,,8.351894420758176,6.446952901186858,20.73940039129213,0.19892416205253483,1.4028028849113758,56.97373934583324,25.222108761100934
20,AU,AU Holdings Inc.,Basic Materials,Agricultural Chemicals,USA,55.909243876913365,86544,15987696.718337357,10.643125486371993,5.401420229291577,5.023191279990604,1.769159479545492,2.0334724951916225,25.329428367628466,-7.538704246738039,0.3615338815701354,1.0523596648731826,43.09563363414304,29.612271384475243
21,AV,AV Corp.,Basic Materials,Chemicals,USA,46.041723802895184,552425,21343556.88620014,11.851913162328001,1.0953246655630995,1.7784678861933259,2.809441286945872,8.951676547616762,22.372117851729094,11.826969457589662,0.2692526088045664,0.9289075029319723,49.24310794238399,27.767776547282057
22,AW,AW Holdings Inc.,Basic Materials,Gold,USA,24.362096448013205,122178,1051801.106359453,50.26649903291023,1.8818277898061049,6.87910283989464,0.9786343393254835,-3.050823805936495,7.222332215447337,14.224719938332381,0.5375554699374216,0.15,37.95722291487085,50.945748833428276
23,AX,AX Corp.,Basic Materials,Oil & Gas Drilling,USA,18.36481632759821,30683,1032951.367481062,,6.177058764311904,1.7592812678260359,1.7952144425475207,0.8778516865004726,-12.077244169255337,7.893138936953779,0.5725786353638718,0.15,35.52675480284619,63.918959704407136
24,AY,AY Holdings Inc.,Basic Materials,Steel,USA,41.69850042665762,29578,1497462.5143126708,18.911383076060034,0.45231970648857295,,5.835366131212381,4.244982281778452,12.357502163609507,43.86768889300762,1.2042602009082344,0.9924370838336551,31.2157445376203,39.336413626981
25,AZ,AZ Corp.,Basic Materials,Agricultural Chemicals,USA,95.69758780183135,30442,8533751.446698131,35.728343868745924,1.0654552719462316,2.19493013340148,11.232179739726586,5.646504616599353,27.540247102999896,-4.406142190130883,0.1440663521167471,1.4735780601272137,36.63052113052419,45.58646136036073
26,BA,BA Holdings Inc.,Basic Materials,Chemicals,USA,19.801316727753367,25120,277681.90753026167,22.59501594901915,1.0933174378336754,2.6585401023072057,2.322894334763475,0.554331742181335,18.575477161560585,15.510089063868188,0.27744691202521443,1.0946995374431516,38.18058553037827,41.33571117981053
27,BB,BB Holdings Inc.,Basic Materials,Gold,USA,7.965980505887584,82880,2201098.5944353146,22.589589849340946,0.7212368778122369,,1.144567245195932,3.256776530250436,-0.42756150454938435,18.36276204098896,1.1931458287157575,1.3972371671856014,9.78841401151493,54.37620998146523
28,BC,BC Corp.,Basic Materials,Oil & Gas Drilling,USA,88.3174259318525,115577,9732064.046362258,26.488850735504915,1.4058758442093382,1.5638222793127512,1.8117729844844006,5.187599050981415,3.435670549650224,23.213353143803396,0.41333794086026965,0.15,13.116454384068533,40.190370528563406
29,BD,BD Corp.,Basic Materials,Steel,USA,50.29426485873006,128392,4689967.036809859,6.52028465288809,1.0585468800539282,2.689394951499759,2.672047638865713,4.220597358302853,21.522908111434262,10.902603582680776,0.39101337301375916,1.2317192514056874,28.532321899622982,73.13679837443473
30,BE,BE Corp.,Basic Materials,Agricultural Chemicals,USA,50.28419834013291,85233,18925434.281418387,18.965304652529618,1.000528575079335,1.6119620124208127,3.0670434679818097,3.7229916903158426,34.27514137581292,1.4883188098606972,0.23013359449049492,0.24957588799307462,58.313641296696915,89.0100021675797
31,BF,BF Corp.,Basic Materials,Chemicals,USA,38.7291981532329,2838,4208345.606874934,24.882846405970252,2.09160774126535,0.9906730292112444,1.003535620396374,8.437849958797559,43.54167542432481,15.763479338185732,0.36440194386802455,0.9899696139488052,63.47699919312802,63.93145084642376
32,BG,BG Holdings Inc.,Basic Materials,Gold,USA,43.24760586463977,74570,6140453.00601937,18.29011717244314,4.899825440409317,1.8344476250325328,0.9034141596310553,1.6610095033322305,17.746889107387858,30.3385170443988,1.210167185535121,0.9290000892503263,19.141790891294104,54.215583733347145
33,BH,BH Holdings Inc.,Basic Materials,Oil & Gas Drilling,USA,31.32449679291694,24791,4086676.97536225,20.32078445024748,8.412702522821524,1.0135755645468323,5.918287966541664,-6.109924342557992,12.05779169835855,7.19696604790399,0.49522078899297517,1.2874941424192474,71.74410501892625,58.79442395184635
34,BI,BI Holdings Inc.,Basic Materials,Steel,USA,27.61404698265798,35178,15821279.560621448,32.71920088421031,0.9142562389770461,1.5239309898193727,3.29881133527351,4.675071898251173,14.219686360804555,6.029372175990121,1.23824352287129,0.5635215025800462,74.47910065499718,76.70561707967806
35,BJ,BJ Corp.,Basic Materials,Agricultural Chemicals,USA,15.920046449549645,84216,280390.3533396847,10.138993575809108,2.833740602266112,0.8181908297573175,5.396876261493908,-4.5436085985307475,21.605517662418297,9.659459242997693,0.4348137277044176,1.6557198933591228,60.10712669287044,33.961736683397454
36,BK,BK Corp.,Basic Materials,Chemicals,USA,40.842965671192786,20079,1032376.9646983297,38.747957854725435,2.390123777496688,2.6318267172482925,4.545864310690122,-3.490797540261265,-9.914077534299821,3.1269956453475327,0.5601373454410455,1.2829465592111053,46.892299039939324,60.1343081381238
37,BL,BL Corp.,Basic Materials,Gold,USA,12.986780120826406,68447,251054.09863576904,39.2733213183342,,1.7776100852776933,2.553403721495896,2.9729177489566885,7.925289408286714,2.7535429164050766,0.16854928843256095,1.4942049900579195,28.877509234638566,79.65038295083093
38,BM,BM Corp.,Basic Materials,Oil & Gas Drilling,USA,19.996371775397147,66288,338111.6503193315,31.151634315329392,,3.399826272238836,0.8648689118102043,2.1618130268798517,16.689409365709494,11.954711010265791,0.21597814610579386,1.2210890329526836,32.3691329049385,66.87093791279196
39,BN,BN Holdings Inc.,Basic Materials,Steel,USA,37.26485027028026,4907,2343415.5277141095,24.662174702519806,2.941376019455266,2.4160904525387688,3.208439118108031,1.7175283969094672,1.4836974463432515,19.751691538259596,0.20567686743801344,1.2754650045828053,11.608076889830143,57.77598555301771
40,BO,BO Corp.,Basic Materials,Agricultural Chemicals,USA,59.056599520751725,11134,2621031.7123160115,25.480669339916087,3.069654892077385,2.330437813829236,4.797193124518524,0.744676959678809,27.730864162598117,35.287879359811754,0.4266360406397831,0.8495238653696527,72.29200403919081,63.11121118772495
41,BP,BP Holdings Inc.,Basic Materials,Chemicals,USA,12.71435017922731,30576,977546.7000891927,14.42198520385011,0.5641583436344342,0.9448588556083439,1.196730177524191,4.584394356662868,40.33611857568661,2.697133950986677,1.2449993891984859,1.779498851004472,12.055465928763606,59.77527543529671
42,BQ,BQ Corp.,Basic Materials,Gold,USA,23.801549754323236,10603,1348322.056683854,48.05373143574489,1.278054357942868,1.2285178701516755,3.260527033419499,7.352016644256198,33.14228742333731,3.2593244046717516,0.41927506584866847,1.1786394258262072,56.67837486925631,53.46629418093383
43,BR,BR Holdings Inc.,Basic Materials,Oil & Gas Drilling,USA,26.337443564557294,242904,14316145.618869286,59.03020595842011,2.730932929971947,1.0469473072734141,0.24980941262896875,-0.38471437485923765,-14.95154774729679,15.088034079122945,0.6506254913761388,1.1874994441697664,47.18277340135914,59.03383285061838
44,BS,BS Corp.,Basic Materials,Steel,USA,85.16609996609147,63996,17933145.536171313,20.068020119425096,1.9656340730617978,5.119279143837995,1.411228428828225,3.0115170176636905,8.650111674186084,-4.958417550779112,0.927317281916745,1.340467881513484,65.16996419589097,46.38068339734883
45,BT,BT Holdings Inc.,Basic Materials,Agricultural Chemicals,USA,42.5959529799456,41394,1261432.919663295,24.37791187029267,,2.9282822966105186,2.1261794443071746,1.105069365417452,1.2781538522580895,11.40582967103461,0.711154613217937,0.8133875757091695,70.60387399508753,28.18609027285745
46,BU,BU Corp.,Basic Materials,Chemicals,USA,23.63034343358938,12680,22617973.238002647,12.545529712744035,2.753300938951917,2.6093936073812407,1.6633233638084597,4.480643769467715,6.611537907088639,30.313006956524326,0.26004610489082375,0.3635136730838675,17.88049086743386,49.1080596419614
47,BV,BV Corp.,Basic Materials,Gold,USA,25.386650936963456,71682,469877.4779441059,40.67262089229592,2.116128583375224,1.8727685714065063,3.8018349781512843,4.7121282569282466,25.488824744825468,15.405450237214472,0.2673118692176435,1.0276050706579118,55.80438034673476,41.628346288452164
48,BW,BW Corp.,Basic Materials,Oil & Gas Drilling,USA,41.23810315859113,17992,4192308.505593143,17.212598129351782,0.5792982778678379,1.6029456003328675,0.4965590723879642,-0.6943236580134817,7.332041014012282,9.960372070003748,0.24446276227734898,1.7265292357952178,65.31513585854613,52.52724326435113
49,BX,BX Corp.,Basic Materials,Steel,USA,103.96993399483196,276565,11776216.570447814,31.296492390187154,,1.6111835536317,,-0.15534500993978417,33.3677217378882,13.937183015609456,0.7242976916550953,1.3566502861607788,17.963273933280412,53.60346712701649
50,BY,BY Corp.,Basic Materials,Agricultural Chemicals,USA,72.51515221208196,51004,1214042.25208978,57.158181885781005,2.0269518948132856,1.394400756616262,1.7523240671057132,4.073073561713599,-0.03180005514010631,9.732099485129188,2.463916729544963,1.8273944265453201,62.995507855978914,59.89988343237431
51,BZ,BZ Corp.,Basic Materials,Chemicals,USA,36.42495832534429,28005,8129615.511586874,31.40603965738817,0.5881270681799897,1.170389779427835,0.8696141055672745,8.805558728096434,-14.861331927587766,3.699547329966216,0.9632057531223026,1.1306735719920078,66.5576863058518,57.62275707688063
52,CA,CA Holdings Inc.,Basic Materials,Gold,USA,21.697984623911996,8273,1822098.6270071052,29.666620900564936,1.4411163634782873,3.7759290478702345,0.376783711372588,-1.7429807223068985,24.25157502329927,4.855286785569195,0.7009741394678238,1.0288857395043671,79.58195289795113,55.55843449144683
53,CB,CB Holdings Inc.,Basic Materials,Oil & Gas Drilling,USA,83.21325990445,74087,14612412.470468804,35.116264932143494,2.99227530892198,5.176908175668126,5.285143508091088,2.113527647206702,3.423669084484877,3.939570740880302,0.568947328344268,0.7406054468971839,51.60898339499342,43.75731049310486
54,CC,CC Corp.,Basic Materials,Steel,USA,37.91087593363783,96910,21767281.760296322,38.08985652630964,,9.490769111098448,2.191827079869178,4.360876496200223,-6.747817884431186,3.138541432346144,2.100099967044988,0.9641929196564941,41.977922447196406,80.04770174054946
55,CD,CD Holdings Inc.,Basic Materials,Agricultural Chemicals,USA,61.86665330587016,162418,23154907.09673058,42.262878394022735,0.936159703113322,,1.4534068144018246,3.3492106229637617,22.07199602589225,7.223819521891054,0.6980831987642468,1.6958316971355232,42.41234940317092,66.65688178710016
56,CE,CE Holdings Inc.,Basic Materials,Chemicals,USA,43.483630858226725,2210,125202091.72324386,20.257232301695417,1.9408626457213964,1.9489818019603877,2.4244267829477635,-0.7724555182601831,-22.147461590452007,2.971420775415476,0.21783881810700656,1.788906822061366,86.30297101268157,42.438107375084286
57,CF,CF Corp.,Basic Materials,Gold,USA,9.522500919502262,30809,116163.4140476995,8.900194607693608,7.278742181068072,,3.7338924299393352,4.241499735982177,4.462400367986505,14.312929826709563,0.4818778201623138,1.2988829743982158,51.93495134420506,65.59261024708033
58,CG,CG Corp.,Basic Materials,Oil & Gas Drilling,USA,36.35987623373963,86787,10794886.601485798,12.76550968536603,3.165304874125869,1.105962708285474,2.073954538518844,0.4756235393561161,12.476947077995518,-7.5229310688483615,0.7486342861624262,1.0411629904829935,55.80382710910339,52.891637511122624
59,CH,CH Holdings Inc.,Basic Materials,Steel,USA,28.007768517532163,26137,2589490.765942455,22.49668316647597,2.4292168600095567,0.8878026664773754,5.066202690387487,1.4371071380436506,19.240622654039605,3.835070333615234,1.965730893089254,0.6773127084304064,53.927638771957845,59.34107846154075
60,CI,CI Holdings Inc.,Basic Materials,Agricultural Chemicals,USA,37.939403466722354,76704,2042846.742236348,22.536557375644993,1.648037957894535,4.3196429229736735,10.09771023146042,-0.17175861750313892,30.947635276216943,28.454708954840847,0.37330900526572275,1.3060423856333738,77.07489049230524,42.04181925335247
61,CJ,CJ Corp.,Basic Materials,Chemicals,USA,32.174567132212125,47596,26015899.56716098,9.349284795792782,2.375867101278692,9.68866383337661,1.1199416888154827,-1.5470979240963385,4.353020132857883,28.995172264406367,0.5884087629032634,0.7436007230824133,15.896481013873704,74.16851035537732
62,CK,CK Corp.,Basic Materials,Gold,USA,10.858294399401824,15604,96858.00237279064,12.064538326061404,1.4887570766378906,5.14294437133409,2.6315808025220546,2.8273308953033034,5.865422290672385,17.789195443574496,1.07449912310108,0.6963047427714228,15.135677563982988,61.91324770599347
63,CL,CL Corp.,Basic Materials,Oil & Gas Drilling,USA,36.13532141024343,92845,3950726.910257092,86.67731393921274,,2.197613516336878,1.8688467213997515,3.884711305355069,15.958174087586162,16.595535246096432,0.3856507380603354,0.9436403683099519,21.17393127222405,52.707501418316085
64,CM,CM Corp.,Basic Materials,Steel,USA,31.312615189436777,13445,10006627.891392585,21.699248444409935,2.9401083794283887,5.821760134774257,3.4488658452279073,0.44956095309029376,5.3824017582037555,10.623149173868178,0.796879285549044,1.018275549873409,90.32666781816036,56.105770397869044
65,CN,CN Holdings Inc.,Basic Materials,Agricultural Chemicals,USA,85.10620866997702,292177,6449347.635679194,43.00693887202555,1.1907538714030819,2.1055937440057524,1.6637878986594636,1.0850202998426106,8.219613993138429,1.9839515048815635,0.1878998747342475,1.4605958621666248,22.50842850781554,50.20089526801872
66,CO,CO Holdings Inc.,Basic Materials,Chemicals,USA,11.218402108410238,57404,15212169.85112912,,2.838511403569104,1.4694674847019809,0.445432859090934,-2.3325170200772125,10.567038876908178,9.831591659097048,0.8250321274559363,1.103811165786369,36.89505016794487,51.438760822808256
67,CP,CP Holdings Inc.,Basic Materials,Gold,USA,9.649547362455868,79838,1586405.8272504006,9.057414323148832,2.1355422601395437,2.5431998304013232,,-1.1866315696652396,6.76320277387267,20.13484563285146,1.4763319551399594,1.5965156102583062,32.61750116771903,35.32193804997071
68,CQ,CQ Corp.,Basic Materials,Oil & Gas Drilling,USA,98.24195065995853,138447,240148053.97067547,17.995389750829606,2.010925066771138,0.85681689415661,1.27624173225624,6.194253294921591,18.065346349310936,20.956524543863978,0.3238115517659889,0.4101851999661703,57.038943510543646,39.04130810315887
69,CR,CR Corp.,Basic Materials,Steel,USA,16.66312498401189,58082,427328.73757244507,36.647841212569624,4.310948195825208,7.751973552462255,3.8971267488163317,4.298973354219549,-0.3268675637792722,-4.094274408245404,0.16296043637031943,0.1734524190054767,45.43949270585003,54.94658758142678
70,CS,CS Corp.,Basic Materials,Agricultural Chemicals,USA,53.548459619792816,102442,230925312.49104565,20.067980015368075,2.132584522910328,1.848498285778123,6.822618631797601,2.9792689878518623,-10.155647271381852,14.396567469279058,0.34861510150002195,0.8121224932126094,40.971240339816624,62.130590668488914
71,CT,CT Corp.,Basic Materials,Chemicals,USA,41.263119067939925,560584,918030.0278231944,8.353018209967871,,4.131404499191741,1.6014715264524204,3.9298879892078586,26.031754633227138,5.349068428059024,0.6600940081259393,0.4197714178762757,32.285631843044754,55.89176290639792
72,CU,CU Holdings Inc.,Basic Materials,Gold,USA,11.776496581974886,306719,3727396.572388227,32.73196751345556,1.4391990932940277,7.369368786726716,1.8509614683433075,-2.482100206624304,25.67617744798055,3.9295603951830858,3.2966358174141495,0.7960885806041751,21.85466873538656,78.41260504525175
73,CV,CV Holdings Inc.,Basic Materials,Oil & Gas Drilling,USA,48.405220676829806,105485,31518007.792074744,16.24670809326091,3.5160137725449676,1.396503280812516,4.444002832698524,4.582510240140564,-3.805648460112396,8.512328148047654,0.7696685628204252,0.43554209001351896,33.780287342104096,47.105429385110746
74,CW,CW Holdings Inc.,Basic Materials,Steel,USA,21.491746014608914,14215,75248.9998784695,62.02669901482892,,,1.1591852709410029,2.8508359901158524,-16.758151117879923,13.554844856032595,0.49601018848653144,0.840283574159291,14.72457016917479,57.62479795582003
75,CX,CX Holdings Inc.,Basic Materials,Agricultural Chemicals,USA,26.448532830416667,71709,4422289.3622636525,58.31042136664458,3.0891403769660926,3.792910971542962,3.0224711269743643,-1.1131595467175157,-5.669253797967203,0.18298576707406156,0.7051665360906608,0.9504991071201743,35.31556056774443,44.634907549032576
76,CY,CY Holdings Inc.,Basic Materials,Chemicals,USA,11.560187379190205,26149,590703.0509634903,32.99336883099604,,2.3056228628085313,3.356266612090892,4.9416469747898475,-9.560051924369493,13.229137253832922,0.21279111738621106,1.2598934920950868,49.466137544891126,47.58629218061835
77,CZ,CZ Holdings Inc.,Basic Materials,Gold,USA,31.382918997374286,67343,2031049.5860731013,41.3798064755739,1.5075139763912304,2.4475272272315083,3.071395671792387,8.196815400299254,1.7226769332456486,32.11010218230001,1.898504922871058,0.5845322274343809,24.79453427564989,42.938631068167346
78,DA,DA Holdings Inc.,Basic Materials,Oil & Gas Drilling,Canada,42.42317415059866,85697,958153.4439677416,16.869942972753805,1.015914812774742,2.3972603909241568,6.899919434386066,1.4662039394702586,-13.8846713217532,19.71420754861875,0.5208344517590697,0.9687840388842185,66.6120067465836,59.07593730503379
79,DB,DB Corp.,Basic Materials,Steel,Canada,53.79919837349024,14350,3028394.8704418945,15.23450934757444,3.671770995399979,3.20328836576464,3.94706544134454,1.7861713337387544,19.673302748231105,5.294687442485728,0.4567040059263007,1.2675414696515714,35.07438995166752,49.20659857338828
80,DC,DC Corp.,Basic Materials,Agricultural Chemicals,Canada,31.456037297696906,92581,25553824.236180615,22.29501597323379,4.2001447885162495,2.0807083455668414,3.220415552870918,1.8011383519854438,21.80021993951808,23.061246567212265,3.369813995601247,1.3108349279461091,55.780161569737864,60.3501927538494
81,DD,DD Holdings Inc.,Basic Materials,Chemicals,Canada,12.69146781432155,406437,1953426.0218807478,41.180945519288585,1.6299466007663714,5.4883974118271475,2.26190823692873,-4.76815967526241,0.08601313041285508,5.482204749873415,0.34585466308405616,0.15,34.80750059148458,50.55767518043898
82,DE,DE Holdings Inc.,Basic Materials,Gold,Canada,29.889143180383556,119477,8271019.9716201415,11.50257091512032,3.670743749151762,1.5891912710205056,2.735249109119601,5.188151351863182,-10.843715523454478,11.39017537501053,2.1370220587581836,0.5998509039274914,17.14851920726543,33.5655161444912
83,DF,DF Holdings Inc.,Basic Materials,Oil & Gas Drilling,Canada,43.461607728018656,113979,20215685.30005117,40.50305350413463,2.1199772150750995,3.4685082849589657,1.2806473427413108,2.8804355723884307,11.54111539971112,9.302093296614396,0.482337653238407,0.6258455738506206,29.00779967199199,54.743650474104435
84,DG,DG Holdings Inc.,Basic Materials,Steel,Canada,18.188150152569055,80666,12067686.473263938,,5.423258700191573,1.881428206439173,1.9125029321679126,-0.9717837412683332,-6.949240902108704,20.453383511709333,1.821376183347441,1.002997851658138,33.85610555306645,45.46055230492914
85,DH,DH Holdings Inc.,Basic Materials,Agricultural Chemicals,Canada,13.468074263599448,76284,1413511.3985392156,25.081872996626057,2.110405230211937,3.4480495896164145,3.669673890581206,11.000109970230273,20.401243926424073,12.530104761391202,2.400806398010802,0.5491255078213296,35.98270425427596,38.48302819839322
86,DI,DI Corp.,Basic Materials,Chemicals,UK,4.453861242220445,47434,245437.5712390668,23.54244817566227,,2.268183005407081,7.222866625395706,0.4423389091030865,7.4814848413222315,5.27767553031014,0.3387368635706734,0.4171571413476748,50.048576721725304,42.62825727234428
87,DJ,DJ Holdings Inc.,Basic Materials,Gold,UK,34.302483226270994,623967,16645817.692772778,45.983847736855544,,1.9388877969067992,1.446316766334209,1.778139054654949,7.740187919275054,21.837609439040143,0.41593956850191194,0.756196452414797,39.744613845455554,62.80830186804792
88,DK,DK Corp.,Basic Materials,Oil & Gas Drilling,UK,17.97636114222633,63702,2699000.1532095484,16.866997042482236,1.9657276302932165,6.800606505180921,4.299136947481188,1.7243832357513775,-5.820513380116575,8.556173361984648,0.5803983024994179,0.9488148081863647,16.193888420081773,68.19934939649542
89,DL,DL Corp.,Basic Materials,Steel,UK,45.92445130724752,25753,1972518.2431562713,25.010889888230807,,3.4351987643490647,2.4927758534730637,0.01669053847511348,45.493538230937496,4.6578370630026065,0.13953913784806232,1.3796922123280873,35.77204391615814,77.76303988778787
90,DM,DM Corp.,Basic Materials,Agricultural Chemicals,UK,11.880482900987257,457911,10682481.656861758,47.31835941013612,1.5492311198432165,2.692695942540036,2.8424829050080826,6.5738887772100885,-15.274887832499441,21.35800824775823,1.2102858786181938,0.5590651064031609,44.89700010470994,45.97780710171428
91,DN,DN Holdings Inc.,Conglomerates,Conglomerates,China,26.895151985294813,44066,377701.7010778764,19.608642693576257,3.504220440131547,0.9608596068006229,0.8325101358807407,6.471959829115965,7.356419889159968,-2.6133118597299383,0.5521187022111742,0.8359326313209614,31.062881307567526,36.62596330756815
92,DO,DO Corp.,Conglomerates,Conglomerates,China,31.416448822977596,24272,2053506.8330861107,32.27740261158577,1.4732855445188557,5.001033578017726,3.0518139827911326,-2.626803686619198,-7.774744564737274,-3.13317507038961,0.607880577787605,1.8296317497682915,71.814237225352,69.18809227994849
93,DP,DP Holdings Inc.,Conglomerates,Conglomerates,China,36.14231005594887,102466,7481517.504105559,16.969076116897572,1.8672299650144983,3.108759185202164,4.483449970843254,-3.4391169500823655,12.086064668000208,19.894114682630704,2.1698258041764165,1.5573112094286412,49.7742879154625,30.656701987331562
94,DQ,DQ Corp.,Conglomerates,Conglomerates,China,154.53329765225303,3677,1337827009.1477332,26.061789820274324,1.4230429828498639,2.6560663679523087,1.9201316632166836,3.6067212604869967,7.590320608410303,22.38655275849385,0.530565103591384,0.2521353893069034,49.100734828587136,41.846234308545
95,DR,DR Corp.,Conglomerates,Conglomerates,Chile,90.52396963692904,24784,22513202.22786019,24.874019274815456,3.6845942863461105,1.7378155308451002,3.142512945702204,7.174142868304871,24.321284268917395,7.75099522346253,0.5003161759394718,1.5016049520824784,21.267956385056337,48.62019825411711
96,DS,DS Corp.,Conglomerates,Conglomerates,Chile,19.783129237862642,70711,343627.2244120227,,1.0525088733728125,1.3629966693643303,1.6943853799536466,5.141174734802169,13.899317355373157,3.467758215286973,0.8959550796171545,1.5821042219723869,41.511026811638686,40.516621387718175
97,DT,DT Holdings Inc.,Conglomerates,Conglomerates,Chile,12.051067731811303,79531,2532134.2896283064,,1.496321476415539,0.5844565098887334,2.75690768368913,-2.7441915659807177,-2.6781468999269986,1.5394341523397195,0.2848566603049486,1.423263678869287,59.859542069319815,50.14476648641345
98,DU,DU Holdings Inc.,Conglomerates,Conglomerates,Switzerland,113.75716144224157,70310,25769601.551401485,10.7101429728478,,4.4417748032359485,9.947651333743769,-1.7291663505370756,19.80721671019882,16.15393983594541,0.649060221644965,1.6663689500864014,17.84183666883251,26.33322369690994
99,DV,DV Holdings Inc.,Conglomerates,Conglomerates,Switzerland,20.144936479503915,240688,2468693.0884020235,,3.526849802527436,2.20031890308524,,5.040314446936431,-4.139823019952605,2.7607186201721765,0.4446600501983501,0.44435808443705327,15.429923655221419,42.70791472228403
100,DW,DW Holdings Inc.,Conglomerates,Conglomerates,USA,54.94983643065235,61391,202597.20522462335,20.785808896041022,,8.807834635086149,6.653711571483784,-1.849908039787994,10.68109714309823,10.752076922412872,0.2627353800783694,1.5263180445886462,45.41117100112738,57.710950245199996
101,DX,DX Holdings Inc.,Conglomerates,Conglomerates,USA,41.52269328333388,21643,26275175.068543218,16.2525072005329,0.865333073023704,1.5415050155359704,2.180188912425796,4.391062860938886,-7.943663648930768,21.430229661622956,0.5215907505696837,1.3517162777585456,27.907120776997697,46.14851094625897
102,DY,DY Corp.,Conglomerates,Conglomerates,USA,16.802255730253773,68985,33923661.69748735,,,1.9831794627042858,1.3558856995493334,-2.12011444294721,-13.35446726326838,-2.4719715459557143,0.47214831526731166,0.15,86.61081759574493,59.53286408254532
103,DZ,DZ Holdings Inc.,Conglomerates,Conglomerates,USA,48.22172896525164,93216,9701379.978442885,32.60619095217048,,2.9903498209465678,2.4307979182052626,1.2670697249887237,-0.030424820556612886,11.120419247881854,1.626575859061077,0.4924018159557446,8.75905497492666,33.0797592915124
104,EA,EA Holdings Inc.,Conglomerates,Conglomerates,USA,34.680250522838996,528708,7759432.475599733,49.922277428720555,1.4194782811521593,1.9400632200513475,,-0.15040897146298216,15.51927166285601,10.567890143823288,0.47623382597027036,0.7574924990982961,34.01541803991988,57.505769128583104
105,EB,EB Corp.,Conglomerates,Conglomerates,USA,31.074356214075365,56809,27123627.002050176,52.475155602470906,0.978954757791041,1.247145203919765,1.0597607012068941,1.3764879255844993,10.124611891482365,0.8134280820697466,2.374626363385742,0.32655253779687365,48.87044469976095,55.144760995446276
106,EC,EC Holdings Inc.,Conglomerates,Conglomerates,USA,7.804306004322271,32415,1183741.5930141027,51.13304641509784,1.5957393430049098,0.9286324392484377,3.2109886275738804,3.5875009642045503,8.671460243741654,13.65028249584367,0.4088199300268098,0.3221866724511445,23.84222585183356,59.68191575179044
107,ED,ED Corp.,Conglomerates,Conglomerates,USA,62.968943876479344,39679,8465410.494368458,15.459514721689825,2.412129665272271,7.7795697703082585,2.119926191465002,7.149171291315088,12.97858688299924,6.556361664245302,0.5497272587356266,0.4873165197136271,41.567708261407425,61.997448996081296
108,EE,EE Holdings Inc.,Conglomerates,Conglomerates,USA,198.01908374077294,76542,38311790.443451636,19.20514703692649,1.142240096655098,0.7349245392621031,1.0017959423940839,-2.7304334938110393,24.687423985639633,3.485068160923732,0.7310285479668258,0.3391730216673554,76.57970619059067,30.63220604588903
109,EF,EF Holdings Inc.,Consumer Goods,Electronic Equipment,USA,31.232483318604416,1908,5926361.988627044,23.319371326679097,2.5559767831147844,8.775517741792937,0.868238953412061,1.7948147495134927,20.903101566942432,8.596959675847124,1.5840287609891635,0.3969709394767985,45.683769543120704,37.632925057569615
110,EG,EG Holdings Inc.,Consumer Goods,Food - Major Diversified,USA,49.952514904034494,230677,5275862.7564508,27.47851890180067,3.3535350831202853,3.694595100572032,1.292466635283589,3.752496209605132,17.663315205323812,-18.142052215828123,0.3295931105960615,0.5895620199067675,28.84069629730871,69.04322997652282
111,EH,EH Holdings Inc.,Consumer Goods,Auto Manufacturers,USA,84.2456168492071,181794,1749012.6104645417,42.4277498194172,0.9990877625601045,1.589428276033157,3.2407614511118936,0.48796737698674675,27.913178063779107,29.12789630177337,1.0912934398386238,1.0883931641542608,19.500289036786015,44.02862819792622
112,EI,EI Corp.,Consumer Goods,Beverages,USA,79.23987558679595,13212,45946058.57902946,12.706441992136662,1.8363564537953918,1.126520346203667,0.5349934966356314,2.902571537284642,19.42501980751387,9.183679235956701,1.177493375589669,1.4658728207351563,23.391345814125597,33.81236697978506
113,EJ,EJ Corp.,Consumer Goods,Electronic Equipment,USA,72.72527822663143,145630,5377174.179239625,21.932392267428465,2.6886296990300775,1.0245635807728353,,-2.4571959893785906,3.0015911887074687,19.794214798717647,0.8226754636067849,1.2752995746215445,20.549973663385426,52.55910956100567
114,EK,EK Holdings Inc.,Consumer Goods,Food - Major Diversified,USA,7.160012655884861,59149,420243.9471228535,40.22450732498072,0.920813158648924,1.0832772534700317,3.065595519322089,4.991545093238485,8.976455883774687,2.962590198114537,0.27264972863985676,0.5541930609360479,78.96252307885464,42.40711322996832
115,EL,EL Holdings Inc.,Consumer Goods,Auto Manufacturers,USA,72.42153896585113,52967,3190953.9729603208,11.904946802004055,3.7782979744004135,1.9725529861461326,1.6804842478263895,1.2487403334749254,-10.564667605148536,5.451883227643964,0.6599173717300113,0.6163084832052251,39.65524121715126,53.08463206232122
116,EM,EM Holdings Inc.,Consumer Goods,Beverages,USA,70.18732553522094,302291,1327123.333441007,38.8780408031223,0.9257344910410331,0.6876929367563067,1.400646203229981,0.27908966785802836,9.226095065350247,14.355292431894505,0.518815996454854,1.1335616653834768,53.71351090862314,68.65875956137634
117,EN,EN Holdings Inc.,Consumer Goods,Electronic Equipment,USA,72.10084195440945,70758,8420965.108005537,38.50377390985148,2.118448225155839,3.236494349168201,2.99472296467177,1.665949618982311,7.391322702605926,-6.842182528112943,0.7883140944358445,1.3074258487713648,42.22006586822845,57.88633468146582
118,EO,EO Corp.,Consumer Goods,Food - Major Diversified,USA,42.627512578381605,47996,50972639.10464951,,0.6869509484607531,1.6179391257042735,7.140763061909839,0.8241725621423428,19.305433997463332,-0.7056654470978696,0.7072232682086831,1.3055737843838093,37.436472427105066,75.87019806089842
119,EP,EP Holdings Inc.,Consumer Goods,Auto Manufacturers,USA,76.04606347795361,52933,73692230.53153993,28.958659081899555,2.3892703524099472,2.3201365643865683,3.889234335309533,-0.04251553337146108,8.531129696266428,17.516618920921765,0.4750398068988986,1.5328401214947054,60.808533177724335,48.225017245843944
120,EQ,EQ Corp.,Consumer Goods,Beverages,USA,13.191393226891762,36706,3913372.6091103326,,0.6828819970478444,0.529186567557312,3.405457704676884,2.9895933246211284,-1.6654127659414666,10.045023084430019,0.9582769566425712,1.0425589123885686,47.638396914267105,42.21066495800821
121,ER,ER Corp.,Consumer Goods,Electronic Equipment,USA,16.516734781673616,53012,800006.8311806738,30.110670236048836,3.217798600215596,1.7446282437655636,1.6120632171727032,-1.9234379718656682,-10.514411394409983,15.300526678903406,0.8067417755959883,1.296997725892814,51.219500947235396,32.91278325390378
122,ES,ES Holdings Inc.,Consumer Goods,Food - Major Diversified,USA,41.05561055301753,132581,2182985.846605546,113.62856246008617,2.3126426708230214,3.980292550504626,2.6888142228508127,2.9268964971474207,-5.829323684232278,15.882564003855105,0.26613560700685474,1.3847170643252062,21.82786649175314,48.0657249381978
123,ET,ET Holdings Inc.,Consumer Goods,Auto Manufacturers,USA,29.00879858999595,17686,4750793.940734697,83.57433880252914,2.3339510477905963,0.8387229092591867,1.6625717236174031,-2.6751465991614674,-18.31894139194663,30.580616929089604,0.72244999201442,0.6592682706556352,34.10414316591713,48.62276507183708
124,EU,EU Holdings Inc.,Consumer Goods,Beverages,USA,17.98342443488977,87976,4214978.004234834,25.317694002540154,2.33469321108044,1.2513338585721008,1.7649375597135202,-1.71017719810432,7.36019676464509,1.5850885636825982,2.275507822633439,1.4813144374221396,13.303318180036763,69.42297306429481
125,EV,EV Holdings Inc.,Consumer Goods,Electronic Equipment,USA,46.39904785462966,481494,1674249.2233098608,40.20938925676254,1.236618072128519,0.8737022155515576,2.103350023689685,6.359802030989245,1.5977768287849399,9.528942805572676,0.5727986120763259,1.431793896992378,49.46394396602509,47.87309001980359
126,EW,EW Holdings Inc.,Consumer Goods,Food - Major Diversified,USA,21.476959055357693,82236,19685785.625432443,15.605953702083587,1.6113485712939495,1.4407100685144167,,4.4848703722864185,-7.927599385947433,7.783593126577302,0.5474950155143837,1.3194574753028596,32.07167291825171,57.80507179146696
127,EX,EX Corp.,Consumer Goods,Auto Manufacturers,USA,48.952039615180475,17831,2676873.1192082344,13.700661313984853,1.1681284606633506,3.1855955952917308,2.6472844426828135,2.022802993338894,18.977786272105806,13.41650384759973,2.0287108438268646,1.5494683181461513,55.620827977531896,43.175625290458264
128,EY,EY Holdings Inc.,Consumer Goods,Beverages,USA,21.49844709505548,239772,634460.4357578973,22.189795854849518,3.0930354938359974,1.1653576484257742,6.443058100430321,-1.094188481265002,20.463465011711122,11.890232737728844,0.8101295168385931,0.5209824274688168,35.6010460298454,61.81660856498522
129,EZ,EZ Corp.,Consumer Goods,Electronic Equipment,USA,54.475109543074254,180318,3182228.549060398,31.035740721122306,,6.006077337166363,1.779654371556624,2.18755962371209,0.4674785960760879,10.736072966611054,0.2316384164835006,1.5740993438257074,53.24409910825244,45.43191357963865
130,FA,FA Holdings Inc.,Consumer Goods,Food - Major Diversified,USA,39.549099498924875,89576,5977103.807978752,,2.599366967411417,1.0798035974230473,2.0479031775354493,5.861653528553052,-10.371068708039687,16.842769893366537,1.3943332205697174,1.2240638343101413,42.67342405950462,56.628027496756104
131,FB,FB Corp.,Consumer Goods,Auto Manufacturers,USA,27.659196085792694,58423,4059545.6725079254,51.98315899869436,0.7988162375671826,1.4936500643909805,3.7917808409690053,2.9093086250627382,23.658407027870275,16.042472090140514,0.8926415973029677,1.7688177554786317,46.33157807840794,59.81608344658115
132,FC,FC Corp.,Consumer Goods,Beverages,USA,13.817545869098394,102523,453364.0525219302,38.37273275399661,4.025592939654163,1.3082866724847415,1.7507074166952583,8.758595557438213,0.5664074306324967,6.31348440711403,0.6989329132942115,1.7493721893216483,66.6163937241504,94.86725751568707
133,FD,FD Corp.,Consumer Goods,Electronic Equipment,USA,48.09900192107265,81201,33209175.54590315,19.659944305204508,0.6340339901484016,4.7946050003129415,1.419969974112836,1.9231833620356307,14.00306895914214,6.24781307196411,0.4895026562746942,1.1453454053933203,14.718526985039906,56.041155031304775
134,FE,FE Holdings Inc.,Consumer Goods,Food - Major Diversified,USA,32.898718513247054,36971,3050346.677560046,,1.5998449444729184,1.904759509253923,1.4772656011114824,0.8283080091452648,4.0117430928246085,7.182022722550819,0.46445750384646145,1.022206110062942,55.16751565219037,66.72653080171847
135,FF,FF Corp.,Consumer Goods,Auto Manufacturers,USA,20.20685470767927,70649,255085.6648821453,10.78523736083058,,2.775700186357603,4.255609139639076,1.1832270210233493,26.928398666530008,13.104061481734696,0.6489857644543,0.5716419037903515,18.084966711012616,40.14695251587093
136,FG,FG Corp.,Consumer Goods,Beverages,USA,26.793720145330674,320040,1980750.342067957,20.631544679312043,1.2293086768827965,7.430946998479488,1.9477228858500748,3.660151354292005,-18.987416110838538,6.932282664341678,0.993792923063418,1.0279962674366525,31.604358198478117,48.17628706630323
137,FH,FH Corp.,Consumer Goods,Electronic Equipment,USA,8.25071238882636,15571,1610142.457409539,19.24365247314118,1.5036323494438915,8.342416920976566,6.9056646070076875,7.126190163578478,-8.348913717751088,12.38453120138892,0.2551384933449292,0.7850099279675868,19.399426527842177,45.974603330441774
138,FI,FI Holdings Inc.,Consumer Goods,Food - Major Diversified,USA,89.74643478050498,50696,38635685.116060026,16.589740346526913,1.929943089831397,1.2177786774641595,3.11579124994145,3.8986098718052427,2.9509292310733146,15.928111036581079,0.6767132622996002,1.2188476307207232,49.755894645295605,41.996341881407815
139,FJ,FJ Holdings Inc.,Consumer Goods,Auto Manufacturers,USA,35.269550085649634,214376,6837038.711789472,13.143981157945856,1.2057706800605132,2.699299433296058,2.124857784912491,-6.3920154967207505,1.0037775338771713,4.211273578308368,1.4535363422763121,0.8767401847292113,53.3688788798643,36.45994999359703
140,FK,FK Holdings Inc.,Consumer Goods,Beverages,USA,52.70553182274392,39154,20580577.59056724,190.6564642112198,,1.537188883028284,5.234301930515983,1.7003058832131066,11.488501403994562,0.17157442723630822,0.31097170365485033,0.8041834328432818,64.05761733014023,56.55019790759159
141,FL,FL Corp.,Consumer Goods,Electronic Equipment,USA,15.561708640652327,249313,15465387.417315349,19.97501581384241,2.688489596840523,2.3563283839094336,,2.693607950234793,11.531365549973483,8.72148052565846,0.6392000715864539,1.760153125902983,49.161160263021394,59.46761191732587
142,FM,FM Holdings Inc.,Consumer Goods,Food - Major Diversified,USA,22.886185356379357,229213,10325441.67764944,19.390644217382967,,0.9162120805381673,1.7700127252588282,-1.2950231764251714,-7.335612642129313,13.282310312229349,0.5291540049851519,1.2681954066894594,11.443812579678045,63.546486092012174
143,FN,FN Corp.,Consumer Goods,Auto Manufacturers,USA,40.79319195950138,5028,5466344.983153961,13.054571342895342,5.135640581243545,4.2248825235537755,2.057944770709029,-0.23844531688855541,-0.5202561253558056,4.181245211295833,0.26252017291904534,1.6003873801928963,30.569653272187804,75.97734797973996
144,FO,FO Holdings Inc.,Consumer Goods,Beverages,USA,12.900714008493273,63833,2293743.0755431633,65.63074454045234,1.9376826098054079,1.0858819995180191,2.0041365118456027,4.68851968243419,34.73186113210891,18.908782538272284,0.4725779553266228,1.4366912060053376,38.96034429831907,37.60665029049298
145,FP,FP Corp.,Consumer Goods,Electronic Equipment,USA,21.626907267229633,64145,17757236.875220753,22.88914377207124,1.5848048598905098,1.1298833963721582,2.523964991636366,-3.704984185207652,-4.045390150913027,5.450339132361913,2.061727779920818,1.3004489060401911,41.01736312409721,66.40116131238246
146,FQ,FQ Corp.,Consumer Goods,Food - Major Diversified,USA,13.710284738319894,1132620,1939798.5379082572,10.20244555193655,0.9426590457631727,1.4088704638245217,2.295815877782614,-0.32438544100099564,14.782252473905132,15.078329241824996,0.31588304802543465,0.15,47.46958466580541,56.70499635095937
147,FR,FR Holdings Inc.,Consumer Goods,Auto Manufacturers,USA,24.486941509019587,10717,1426445.8468718028,28.232456201476918,,2.2927370345814295,3.208924591786141,4.352691742685512,10.197621453558078,3.548156034796709,0.6434663678326823,1.371574405786478,5.740127369742569,57.98664194218695
148,FS,FS Holdings Inc.,Consumer Goods,Beverages,USA,28.994536525035073,51108,25228120.740855835,14.295974823090013,3.604541044941069,5.414472813085747,,0.22596937661967909,-8.798036110514378,6.785192630117757,0.6122187622396236,1.5081707614419384,64.20388793818198,56.949670084781474
149,FT,FT Holdings Inc.,Consumer Goods,Electronic Equipment,USA,105.17359702876296,5737,41370064.110842854,24.58959267402582,4.791774510760757,1.3169708165730942,7.824102137384443,6.241701307116392,9.965038177872657,-11.637766739458677,0.25161188340028645,0.9663694115132637,19.989944914291307,14.699347504957743
150,FU,FU Corp.,Consumer Goods,Food - Major Diversified,USA,33.53785841291388,45529,34361167.05754299,27.7109582033362,3.945571514099086,,5.759231569841684,0.8820945859088867,25.953088637618453,21.96513827557122,0.750222239999571,0.5316592269359517,39.70256689987598,47.410470631202244
151,FV,FV Corp.,Consumer Goods,Auto Manufacturers,USA,25.19202526425352,64542,3514878.3092142637,19.770569257422387,1.143749344859624,,7.039121397297078,3.9718645293183883,2.9875886835421923,8.466630792704425,0.923042689673442,0.19078976062171826,60.973218139338215,52.4350635362502
152,FW,FW Corp.,Consumer Goods,Beverages,USA,9.826845338900194,31131,3472950.757899252,50.06181182703267,0.6360302538746517,2.793022222750347,,5.390168906340184,24.943409007096268,7.040817989436952,0.3637061673562922,1.3447682762018052,56.63677477932255,24.20354571415133
153,FX,FX Holdings Inc.,Consumer Goods,Electronic Equipment,USA,20.13064531245135,11568,8088140.398499831,4.446863128795467,1.4374826598866062,1.0634057037583389,0.8312201954973064,0.45918915770963276,14.382658732389839,4.950006587591091,0.33822048990890535,0.5305367992951571,4.96133387974196,39.96699944279752
154,FY,FY Holdings Inc.,Consumer Goods,Food - Major Diversified,USA,16.97694376263588,5673,450582.4587091498,14.54435684693019,2.8421761334992586,0.9864199989780595,3.357527943908172,5.513588945065601,27.620006031725048,-2.558390039133295,0.4225162794485204,0.957158338371302,34.05445560450327,48.076232537510066
155,FZ,FZ Holdings Inc.,Consumer Goods,Auto Manufacturers,USA,135.43753739810586,204816,201173635.4029183,32.558356676332586,0.5815237530681784,1.6952564431928432,3.1890475831092484,-0.6474124183641505,-1.477931938419438,1.500746102020937,0.9834359847910988,1.4551793647777787,34.11250162393199,75.63819018044583
156,GA,GA Corp.,Consumer Goods,Beverages,USA,10.392158513808896,46611,1680365.611604563,16.487392178209934,2.78746382253654,,3.5879403364645794,-1.812064131437118,23.02041440190051,13.579805453771915,0.45015872038596705,0.15,28.01716111569335,49.40135544914911
157,GB,GB Holdings Inc.,Consumer Goods,Electronic Equipment,USA,29.34135639393631,170168,6333944.992999921,10.87853834711557,,4.453401301340181,1.0615912939778271,2.439997830103201,48.15764277933476,-8.35459184766015,1.154044778465817,0.9722392181715911,65.76897946944558,66.51305561186958
158,GC,GC Corp.,Consumer Goods,Food - Major Diversified,USA,58.12024562937599,107733,1576284.9627353207,39.37013492911895,1.679329360893289,,3.6681553343766993,-1.240599860962349,24.3104494677524,-3.701533027760103,0.1385065974392481,1.3689234030830693,21.900065818480545,46.71423481027456
159,GD,GD Holdings Inc.,Consumer Goods,Auto Manufacturers,USA,20.391676266883643,437027,4636114.267005184,41.87344032227885,,2.3260600346743017,3.4404638024106946,-2.5967783118139507,29.047877598005986,6.368678966369046,0.4742579589585344,0.7675197422619725,33.24810509148145,55.846386638448834
160,GE,GE Holdings Inc.,Consumer Goods,Beverages,USA,14.559631051284866,6416,8301185.018675727,12.177873251972915,3.7112185604606895,4.89275055840474,1.4340100957451507,1.122883667773038,22.500144996162458,19.01701164860113,0.549954129717658,1.537503197060092,32.69813363111124,45.56631482373541
161,GF,GF Holdings Inc.,Consumer Goods,Electronic Equipment,USA,46.798262628443354,677235,14461036.89711265,21.357325304085702,,4.824744884554371,10.842734308281571,-2.5566736801711207,11.611663737096531,22.142650776478835,0.7670375067614449,1.0489182715865157,39.15118212506375,36.888505600609044
162,GG,GG Holdings Inc.,Consumer Goods,Food - Major Diversified,USA,102.84416920965221,18576,13437863.657887308,10.515729582684726,,1.15521952346591,,4.988559111292837,18.7267441284375,21.114552088757215,1.2953231979411337,0.5213214112276786,67.90717377787934,55.05235128985591
163,GH,GH Holdings Inc.,Consumer Goods,Auto Manufacturers,USA,46.39577059477331,65616,1437126.548330342,22.971626402551685,0.5018501088891963,3.0318562045525863,1.2695340473362269,-3.3404559931772497,-10.976265043572049,2.200769466064605,2.158566611257638,0.8133541458471583,38.55596970823774,59.15208184807645
164,GI,GI Holdings Inc.,Consumer Goods,Beverages,USA,106.88084327339999,225367,5749286.028263696,59.441973853859814,1.0917288379865668,,1.1605934420801616,1.2521479262434594,21.942207673224985,12.804964257420586,0.151061116946358,1.463866491337936,25.56607146679572,49.13986533377428
165,GJ,GJ Holdings Inc.,Consumer Goods,Electronic Equipment,USA,25.875494127688167,28426,2244800.8710330226,65.10104820815877,,3.134187060614912,6.317934011282174,3.9725742487046394,15.976645000781057,12.150299047086198,0.5132313085246843,1.2461889252750207,2.9692891904634475,58.61728278507399
166,GK,GK Holdings Inc.,Consumer Goods,Food - Major Diversified,USA,160.3219394369448,843600,25123965.156146564,13.92114261141451,1.9479419501403108,,2.0609170325458464,4.9838230976267255,12.561771930070947,23.291825993309196,1.222854673576757,0.7983015278382397,54.82572180798439,30.697644203142627
167,GL,GL Corp.,Consumer Goods,Auto Manufacturers,USA,55.48508835654527,1210,117248685.27900326,,0.8369457838018668,0.892830994531825,2.9029684030595404,4.6252879185609554,-7.974119136538336,8.77340290142762,0.3130746753976303,0.8755350376161475,37.958849460821945,50.09803397056458
168,GM,GM Holdings Inc.,Consumer Goods,Beverages,USA,81.4587029144662,87853,7733046.533071555,17.88705120408741,1.1632097990605559,2.214624794575122,2.6057194581268037,0.04941409003049113,37.45142344286408,16.56036776029419,0.39084964910093695,1.4194350979657804,10.96697516242669,56.46824406128787
169,GN,GN Corp.,Consumer Goods,Electronic Equipment,USA,16.849381010274794,229051,2318958.395362539,41.492684815055696,,1.7805653913821535,0.44194476546088307,7.296624636362724,17.308980272224375,-0.1702052581590987,0.17975572744905943,0.902842207075603,27.053052694389073,66.56263990709853
170,GO,GO Holdings Inc.,Consumer Goods,Food - Major Diversified,USA,31.37953990545909,43794,3320884.4831822636,18.081191051913645,2.433706977184932,1.7240082245611692,1.7385209694567372,4.306060984223103,-0.363927112005193,21.85691913398658,0.3731869769894141,1.7696205080378764,52.924817580097724,54.2360482015494
171,GP,GP Holdings Inc.,Consumer Goods,Auto Manufacturers,USA,16.13593578465291,1375297,18786587.536846504,29.007432709602156,0.4032591678642833,1.119063302018292,6.920076846403442,0.538297493145427,-8.434319501725618,7.8226849811685,2.3389390660003304,0.22574298875728827,34.92820482090664,55.68965436809436
172,GQ,GQ Holdings Inc.,Consumer Goods,Beverages,USA,59.90315526506697,53154,31949518.797006454,14.072480623400793,3.708365927924875,1.4213231900822398,0.8365763712765676,3.787997506836307,4.32996798584932,36.85654776386415,0.41622204122668516,0.7746350453647035,83.04257839846736,51.975688674140265
173,GR,GR Holdings Inc.,Consumer Goods,Electronic Equipment,USA,18.21716536904735,12356,3875699.522232066,31.291330165191518,1.9379555668733908,2.032502360066028,1.0314629157505084,5.466834623494536,8.723253675915117,12.519821570262728,1.166707417082684,1.1509528455501372,33.67058071140517,45.85755711932389
174,GS,GS Holdings Inc.,Consumer Goods,Food - Major Diversified,USA,19.289342673925937,296317,33553879.846025694,15.48678305085185,,0.60901750954513,0.8729196382782617,8.36078877554324,-12.848049850587795,11.035366945682037,0.33249127224012937,0.3466097258278137,43.57075761225495,50.49703293000377
175,GT,GT Corp.,Consumer Goods,Auto Manufacturers,USA,63.375407275253416,192913,24129229.633875716,12.880107828813403,3.29388153352102,2.783638359647607,2.0701253652873897,8.959398706514964,8.009559465404756,18.60343001684605,0.31617274039804855,0.6990661742002626,47.568086339891025,54.62554298179547
176,GU,GU Corp.,Consumer Goods,Beverages,USA,17.187219958239165,14475,2443797.1219925336,18.81693287865705,2.4755055214939032,6.84970920121052,2.43488930320872,-2.2749598036853036,0.9808301966505422,-5.598659141658301,0.3069275749242868,0.7627753654362837,38.69000690960559,30.885370039045
177,GV,GV Holdings Inc.,Consumer Goods,Electronic Equipment,USA,20.842838004398832,123338,4583309.419654556,14.083332111285632,0.9225246291160396,2.6366789819104506,2.755915222637414,3.8232761850611032,-3.5591515592299903,11.642998304983077,0.7096816473483494,1.0532303101085738,12.299752958340342,52.407437916550315
178,GW,GW Corp.,Consumer Goods,Food - Major Diversified,Canada,88.06457150618041,917262,4217063.633965913,11.014526225894858,2.938524094479126,1.6324294587867993,3.116517081428052,0.08971735319958629,5.147820207417625,29.871678317282107,0.43027346298903024,1.5224973753527558,48.476167439917,53.27541213248571
179,GX,GX Corp.,Consumer Goods,Auto Manufacturers,Canada,201.25955272264014,132414,31037489.13821955,29.499993350716657,2.9786428210889238,5.161326698675638,4.771964838191916,5.386009831491422,4.881910189127501,21.716891622858252,1.5204323285355372,0.6376555864169612,15.411568486733133,41.78469526650423
180,GY,GY Holdings Inc.,Consumer Goods,Beverages,Canada,12.263002413049918,944268,208863.67883093812,10.66901508719147,0.35148790441811417,4.255613863157174,2.4238720950714114,5.753123620688502,11.007571085632417,3.8203925568698356,0.18540058700847778,1.8356421012608206,64.8195266384134,38.064349557653536
181,GZ,GZ Corp.,Consumer Goods,Electronic Equipment,Canada,29.060828442247004,32199,6530929.2250993885,7.249076837094823,,3.8331247881019164,2.216948279857561,0.11302183363061813,15.297918670193404,13.538463955141502,0.6186626563123556,0.6021831831659793,54.25242613923046,31.14507609989447
182,HA,HA Holdings Inc.,Consumer Goods,Food - Major Diversified,Canada,92.12542043801474,35454,6817307.776880299,17.193285236909976,,1.4400564491453973,5.030094774485222,2.4896413291484456,7.857679909601123,13.260008831800993,0.654394271391763,0.31848028500324677,51.18544766423886,32.10385603796131
183,HB,HB Corp.,Consumer Goods,Auto Manufacturers,Canada,77.9393408558906,94229,62147559.380484045,14.309741548120126,1.1410681465872607,0.6368057424683222,3.260795828068188,-4.241881629051306,6.795024300927497,8.346474937009408,0.4375674778524882,0.5808400373982407,21.774787791367896,56.04085011257732
184,HC,HC Holdings Inc.,Consumer Goods,Beverages,Canada,55.876465945502936,13713,6144927.653066181,17.53528003175159,4.616821709368739,2.3082814676474483,1.5840246775334812,-0.45084675821458786,14.83346744807028,0.45129702657246185,0.38422742427384793,0.6459055613050251,59.885345980761414,54.287676636313655
185,HD,HD Holdings Inc.,Consumer Goods,Electronic Equipment,Canada,20.631786660083215,55075,1520996.9738062979,17.823057764961842,1.6712123098989764,1.665427046339707,1.1116538645755645,2.2563423036078816,10.555014428388988,2.6287327950034385,1.249027863505205,0.5207219985503487,42.2019842790067,64.06543524506353
186,HE,HE Holdings Inc.,Consumer Goods,Food - Major Diversified,UK,78.30290292796951,224473,2710045.0127955205,10.058381272962036,2.151896681260674,1.0298338869651849,1.7994068256438074,6.181636466116783,24.566533346204196,28.41291747616266,0.275967249177369,1.682224048148154,23.749585306883468,47.40881311625697
187,HF,HF Holdings Inc.,Consumer Goods,Auto Manufacturers,UK,85.09897338167198,15735,1827834.297593497,10.209905659789536,2.56663630257806,1.3253335030001665,2.1137529335872665,2.3774560464622247,4.981465900047686,5.909563294934679,0.33029795566518844,1.19378610185233,43.70405037707153,85.79904237134227
188,HG,HG Corp.,Consumer Goods,Beverages,UK,20.676346853727072,325662,13528219.900223179,42.37620861940723,2.60817860811595,6.328591792389441,2.0529040141994526,-2.9435765333559387,12.163527949435512,8.881079718916505,0.3675285782245234,0.15,53.08530081532455,44.4242447845122
189,HH,HH Holdings Inc.,Consumer Goods,Electronic Equipment,UK,30.546346196381485,8967,3971588.497971712,47.34411115621535,,2.971289210755173,3.071710304151761,7.567292130271525,3.491605837111182,24.579753200045865,0.2054387162251968,1.3136568905240922,33.36348109749609,38.97070094855458
190,HI,HI Holdings Inc.,Consumer Goods,Food - Major Diversified,UK,33.71498650343907,245227,2350140.6320202593,29.743726877991282,1.8657206152225232,4.276450755951007,,5.1133829547304455,18.5375524140048,-3.0621194191228227,0.6245164125229151,1.5967380800815067,56.81787784443593,25.953728001059705
191,HJ,HJ Corp.,Consumer Goods,Auto Manufacturers,China,41.71837166076875,64207,4476799.3334864285,18.153272062514585,1.1322937195009173,2.868716001629214,5.339399276074466,4.120415689439615,13.994607469348065,6.920073679380723,0.2246619353776818,1.2818824447310104,39.52757314472976,59.28774280825398
192,HK,HK Corp.,Consumer Goods,Beverages,China,83.1914243753831,87003,2324773.881178202,24.37532491686029,2.562487003204784,,2.9804513866997553,2.9435030311968964,2.861014316256586,2.2469561190221876,3.131906632169856,1.6136770738288009,15.760035740258708,53.07776397970016
193,HL,HL Corp.,Consumer Goods,Electronic Equipment,China,47.85529006283108,3988,4623323.307214293,46.54650974794456,4.817019630986538,19.983302993007392,1.1562680444669104,8.555026543439851,-2.8446095802601477,-8.581013417639877,0.39545367879724175,0.16103050295228816,50.14325629002306,63.47843415574516
194,HM,HM Holdings Inc.,Consumer Goods,Food - Major Diversified,China,123.47671000264721,54305,9191223.365016108,26.826730405954972,,2.864580238969888,2.249006089166149,-2.7060376348469863,-2.0108850889239687,3.2910916084088537,1.6568788655312339,1.0629558661823169,50.022356527799516,68.48562614677421
195,HN,HN Holdings Inc.,Consumer Goods,Auto Manufacturers,Chile,11.000666099599092,70083,5377384.120637758,72.56680434247039,,0.6017985334441946,3.9940350853647097,7.515321958708293,19.229798420653673,19.484458630756748,0.20408964613816344,0.5319808185512088,36.453873862260885,64.23079902904342
196,HO,HO Holdings Inc.,Consumer Goods,Beverages,Chile,188.04676190306586,208952,39609069.15704891,36.74057140683529,,3.5928572914514083,14.954228853031745,0.038217332283546845,10.537516276428706,15.062987874805343,0.6303706100955887,0.5911371061310144,48.79392227852979,71.97230172454252
197,HP,HP Holdings Inc.,Consumer Goods,Electronic Equipment,Chile,17.64294331392172,78396,2394707.32592974,26.212306284302983,2.846258413570513,4.843410724422634,1.3246998233221283,0.5569766034440702,6.698240917746983,7.295333686745224,0.24192544230142082,1.0028436373973726,37.69182372514872,46.908156374592785
198,HQ,HQ Corp.,Consumer Goods,Food - Major Diversified,Switzerland,24.64949221996066,8952,1312045.5410185636,35.29757035666124,1.8882822537115178,4.884887402474403,1.8657879560197208,-1.1155853605689994,27.887060021794884,8.751712895296446,0.6422702785761457,1.605638361320158,15.23610140682829,63.35684939007743
199,HR,HR Corp.,Consumer Goods,Auto Manufacturers,Switzerland,99.16881577525237,63719,3223188.4404741786,35.81789422012497,3.7250559730184905,1.5577710124666133,4.764188090472465,1.8019653427819171,-0.2341609978285053,25.60062661196919,0.2574875121391096,2.002536069665843,17.004338386022738,34.2001091202481
200,HS,HS Holdings Inc.,Consumer Goods,Beverages,USA,10.199473625653432,173935,12572639.964970224,37.25655272064189,2.0387740590013625,2.7287155875769926,1.1774853846025672,1.6222041635812272,8.032031106009057,21.77401676252923,1.3397562502278233,1.0001343478744107,30.30611174294296,14.014603121712234
201,HT,HT Holdings Inc.,Consumer Goods,Electronic Equipment,USA,47.91847587341084,26649,5755557.74028167,26.11347655468869,0.43752830862133973,1.5341759383822748,1.4589138934918493,2.2895302405398046,11.123277150838518,23.887388843646455,0.14938893153075578,1.1005445244614156,57.438859032392116,46.498811974710335
202,HU,HU Holdings Inc.,Consumer Goods,Food - Major Diversified,USA,111.57583462088863,40811,15058819.454863982,16.856676001010133,1.0080712715477385,1.9458374330300152,3.303384034572449,8.202904635249354,3.199695938194103,13.061834981091366,0.3850868619931806,0.6691381260508622,28.864851312771982,36.48881660719006
203,HV,HV Holdings Inc.,Consumer Goods,Auto Manufacturers,USA,48.4420420943862,90138,5435168.015514616,25.431673870387122,0.6459165443467696,13.941134436053982,4.289103538815383,1.5825913147033308,8.152302614831227,16.171737924285082,0.1625077659469107,0.8829263793235862,8.590600096158996,40.88698866373443
204,HW,HW Holdings Inc.,Consumer Goods,Beverages,USA,14.934164671674692,72563,10125300.301570235,13.732618667211494,0.9159021788633734,1.8386266103533435,1.6917063503766199,2.545572724258406,15.816709924963877,30.4231218021815,0.39255713694452005,1.1960063719586327,18.60051212660598,47.304401114696404
205,HX,HX Holdings Inc.,Consumer Goods,Electronic Equipment,USA,12.851580138125472,76516,43152.380809923736,29.282457895813923,1.969854818513548,8.506372790969692,5.538786945743791,0.4480492111406611,6.812524554763602,26.61121747923452,0.7053686860775598,1.6648075454845797,62.97194365036005,27.961132721811317
206,HY,HY Corp.,Consumer Goods,Food - Major Diversified,USA,56.09690100335351,15218,27512289.801011443,39.74489179078923,2.0425269535633306,2.5475479837186947,1.1804696590691899,2.1065407227355966,-4.428773161539569,20.97395284612269,0.44996163033631853,1.3917816993687486,64.96612482746123,43.65015473969355
207,HZ,HZ Holdings Inc.,Consumer Goods,Auto Manufacturers,USA,32.603397371091816,29117,1635857.4936983476,16.493893752969022,1.698096638508107,0.5447475350587835,1.2475541651857698,0.5236458048918602,12.055151774936611,10.504585893730214,0.9488390508727591,0.5503084128364009,32.02398355435655,54.031129093129415
208,IA,IA Corp.,Consumer Goods,Beverages,USA,60.09725884396463,84788,53962884.77688627,9.726083407307886,1.5883658788388417,5.11963459719369,0.8894158594563039,1.0444845384698331,-11.11864365866209,-0.7153403083800516,0.8999307536520469,0.4616835979960662,28.648510941774784,53.42359553626217
209,IB,IB Holdings Inc.,Consumer Goods,Electronic Equipment,USA,16.43820447337732,4069,1594199.5852469697,23.9510932365623,1.470871542231782,2.1696065019592585,2.2383671285487945,0.49428820741165014,20.607463082642283,28.693795813095804,0.4151590747216025,1.3566130469588875,15.18794141639038,73.79634571165369
210,IC,IC Corp.,Consumer Goods,Food - Major Diversified,USA,72.92309103206034,136460,119748725.96307358,24.44892403217362,2.186587135187656,10.839832130462172,0.6687231648918022,2.1348458478850705,-7.395062116689672,8.812058848197452,0.36062651854373384,1.1930587728430537,40.84733002188687,66.49180482647427
211,ID,ID Holdings Inc.,Consumer Goods,Auto Manufacturers,USA,75.20014645780752,31242,6513010.841011282,16.47666997873398,1.8353420600959292,1.3739879766728027,2.7748446973186027,5.582231601628504,17.04408661960372,-16.088252969447815,2.2970179915226487,1.1828759732793908,20.420146369197838,67.51260001736527
212,IE,IE Corp.,Consumer Goods,Beverages,USA,21.516274163541595,66150,12863155.286989816,10.004882701725537,3.529332662138912,2.8499423509661757,1.6004595314489183,3.4828288857956538,12.492271156584081,8.189829334150584,0.9384712146321229,1.2800969898730599,41.91939990892504,44.41887399375263
213,IF,IF Corp.,Consumer Goods,Electronic Equipment,USA,25.56512434644381,84413,1999450.675236636,15.232824349868736,1.7352322430227616,1.0486974988082745,0.4731840169279446,1.2772818237552812,-23.056868640715138,25.06671218419603,0.257155271249198,1.6149316242569536,64.47899556188145,46.75654836857803
214,IG,IG Holdings Inc.,Consumer Goods,Food - Major Diversified,USA,9.465467042502622,37058,1629426.3781054912,6.45132181803116,3.27152226787089,3.186654781131107,1.7724648562651752,-2.441461653120856,5.024980894323688,22.968432391603343,0.8351817206031183,0.15,45.880213320887606,45.11567011692982
215,IH,IH Corp.,Consumer Goods,Auto Manufacturers,USA,22.51328411903074,85001,5457592.296429886,44.1790539625707,2.1404657953083834,,1.008975345766455,6.203509833878426,33.89106997940934,19.27415865555564,1.2412885626885544,0.788992650305842,15.42026621277779,40.733369147337655
216,II,II Corp.,Consumer Goods,Beverages,USA,45.874437756006216,43355,6754926.618265114,44.57359869673787,2.7513683670262856,4.366174238090631,3.632737188415798,3.839680734110057,9.10463963602389,4.924905637785315,0.7917611512040761,0.681932395640577,37.371334897562136,45.54834724284532
217,IJ,IJ Corp.,Consumer Goods,Electronic Equipment,USA,121.5286609565124,192271,25147826.58651864,27.344734714398296,1.0133333993448796,1.456337610683715,1.7813181498862276,-4.542967736722247,-8.71865161529205,-0.5465630180545222,0.21339868903455322,0.33738522459558906,38.23265961591763,47.87972986195718
218,IK,IK Corp.,Consumer Goods,Food - Major Diversified,USA,58.95894301514772,62645,42062986.10483773,21.174543797733033,,1.4549698329558998,1.6533405911433479,1.515232782122391,-8.009832436717005,15.958102566356516,1.4117264686921178,0.48245466666646086,61.163172466301155,65.61664699790839
219,IL,IL Corp.,Financial,Asset Management,USA,45.99515142500916,514244,20065643.855235554,28.976925139331716,1.0625826256355135,3.699429430844678,1.5857172601072445,-0.9286199034108735,35.232731039877066,-10.03194676223946,0.3619662226762264,1.2165953504737834,49.42642777523897,48.67170892146261
220,IM,IM Holdings Inc.,Financial,Money Center Banks,USA,73.12749487952489,114396,5545240.699630529,12.931371463709512,4.296061946874515,0.810723437043363,2.8758925371852193,1.4242489204565525,4.580066843128523,14.777256835948961,0.34018258404641566,0.6704693031943332,40.56175596471367,46.477382292007704
221,IN,IN Holdings Inc.,Financial,Property & Casualty Insurance,USA,20.09737170066964,38425,723332.0605584016,34.327543572285286,1.267584967566517,1.3020070750637198,2.0781331131454874,0.5875373081128854,19.64263500652565,12.304170920125499,0.2760948435915825,1.047320380854272,30.047238385577884,45.54914980775686
222,IO,IO Holdings Inc.,Financial,REIT - Office,USA,23.984204208897,75465,2487818.8019765406,24.50739651904632,1.961083786462368,2.21548182224368,5.754410178051688,2.0531046628006937,32.218395581568224,-6.247163490958709,0.24352457849210374,1.874230028096274,33.657345377116464,34.45159341484826
223,IP,IP Corp.,Financial,Investment Brokerage,USA,82.67959590588927,125609,35995199.82649643,,1.494806603861747,4.90706823606768,0.37949629328678774,-0.4394542683384679,18.805146481299257,13.91878067576692,1.3300632214373844,0.7497649118501226,28.765052413833608,68.8106254615167
224,IQ,IQ Holdings Inc.,Financial,Regional - Mid-Atlantic Banks,USA,22.83200249090715,60655,59602077.267501116,4.429123278581105,0.7474921620573712,5.522483186460292,2.3889128534372337,2.970157071262191,32.48006279681947,5.701948941509927,0.46706085418047627,2.2371788654792697,57.275862354079585,57.139341784274045
225,IR,IR Holdings Inc.,Financial,Life Insurance,USA,57.693126339530416,143252,2144308.915982213,18.497383561071157,1.0234436255177,2.6135668330541564,1.4247362654480258,4.698935755109251,5.7915422347592065,2.941664978565794,1.764574070761042,0.6647235717022125,58.25651375100822,65.40576606630638
226,IS,IS Corp.,Financial,Closed-End Fund - Debt,USA,70.43379885680325,106848,18128896.963886954,12.956329028195526,3.3445118620861147,6.574427235474421,1.1188714594365452,-0.12375017968436053,-1.4408013500069572,1.8172532814185747,0.3484061285133114,0.3277072661802243,31.059711788198495,47.88262136672113
227,IT,IT Corp.,Financial,Asset Management,USA,25.949814721754457,2071370,17725731.918542437,23.58274411627171,1.358400836504238,1.0979569773786142,0.9380850292969316,6.902191186853603,1.222341075812552,20.50796160927926,0.5352844306696817,0.7762421558942981,54.6256314393421,62.76943895383965
228,IU,IU Corp.,Financial,Money Center Banks,USA,65.34666010535733,29391,25993844.941863794,23.395226138379467,0.5315203593380963,9.651392032347452,1.436262044751186,2.393901974435977,13.694184572455594,-0.5807334842654424,0.6043862654681924,0.9966710752282895,16.581059619095647,54.70693891437641
229,IV,IV Corp.,Financial,Property & Casualty Insurance,USA,23.79052636483851,12357,8315314.0023554275,22.019599004259614,2.3086210526273643,6.763190432445206,1.9940295088998135,5.932587349446103,4.412068460477986,7.404918177566637,0.41368243202586574,0.8093594981200547,28.95022449438651,43.74031232946343
230,IW,IW Holdings Inc.,Financial,REIT - Office,USA,62.899902623381735,23269,44351675.440052815,27.176526189612687,2.1053732115908326,4.502793769071768,2.1074524603902294,-0.8933341143869864,27.049464505507874,10.292086891794156,0.5588709205425711,1.381880802130283,30.951680504410184,6.149851125211626
231,IX,IX Corp.,Financial,Investment Brokerage,USA,37.049785923349106,4144,14189701.752973013,8.681315375738373,1.0006871733776737,15.136511131047822,1.9676143875666003,1.5500654070844633,2.4017046586427995,8.738950809429683,0.6617620620066791,0.9824473719357871,17.181019280783342,50.09136820548042
232,IY,IY Holdings Inc.,Financial,Regional - Mid-Atlantic Banks,USA,55.58155289985639,369747,7843829.069059459,21.31636318793833,1.0741140914794542,,6.713560709625341,1.5758349723350271,-1.455225343246033,22.70830452673862,0.20803459156674142,1.1850255714800804,26.966768016373123,38.84416362446987
233,IZ,IZ Holdings Inc.,Financial,Life Insurance,USA,14.030159505881645,23648,2268076.104365646,21.25486756859639,2.080338901690716,2.334064018961747,4.0316075596734215,5.180072001890467,-8.608709979537963,16.466414769515087,0.8487251732760783,0.18990739875187324,52.24703102468935,31.711892676419584
234,JA,JA Corp.,Financial,Closed-End Fund - Debt,USA,63.546916108654834,130845,6503030.391767242,20.351115600568164,1.6388074004271482,5.876328092214565,1.4154301899652895,1.481697163160439,40.73215965888861,7.404330934492901,0.594134390993158,1.3275424919278414,26.210429026145494,42.51933667285388
235,JB,JB Holdings Inc.,Financial,Asset Management,USA,46.48478502118121,28171,23965568.213859197,15.077215523136546,0.8004774525073292,,0.8028678187655969,2.870192954837401,0.6901580197201058,43.84546407198554,1.4251030535273748,0.48995587496187476,31.222924548319313,28.43317427598035
236,JC,JC Corp.,Financial,Money Center Banks,USA,80.07172701159604,18893,56478151.16312046,46.83802463468466,1.9950964475682973,2.892484377867259,1.7717891164801063,0.3958674489996201,18.49414440630717,8.086589354302308,0.338525951745828,1.1644536791843343,45.36282480343443,48.44183906262211
237,JD,JD Corp.,Financial,Property & Casualty Insurance,USA,23.137775890433748,484832,18198783.190841135,17.73447051475829,0.9773876590365351,1.071730759902473,1.8829588151298713,3.2570996411722666,-3.5294895887618924,4.299220972526773,1.3907682086207174,1.4222019428545956,46.702313608884985,36.1654067598576
238,JE,JE Corp.,Financial,REIT - Office,USA,132.34151070281777,95180,32156859.69271054,26.021579458454525,0.9093289889090068,2.839401157366586,3.668578496724243,5.222764070641622,7.285150688390249,7.284260637744405,2.4686920939634707,1.4526047140971594,47.07246378569317,49.425829802567314
239,JF,JF Holdings Inc.,Financial,Investment Brokerage,USA,38.020201256607976,55604,22099468.278009195,,0.7770459683742081,3.3185935039883754,2.0997339211465444,0.032732275286504464,-10.684548496743258,5.75760105924367,0.7455111798147704,1.1580926297758003,70.67055400214683,61.377313372130736
240,JG,JG Holdings Inc.,Financial,Regional - Mid-Atlantic Banks,USA,36.55960576639413,3156,2757584.242008201,29.012946346263483,2.4635673571454966,2.011415197688461,4.03887531053612,1.1450190041677304,22.47327526412074,2.4239071025441934,0.33064788146402424,0.15,16.80733414898807,58.146959782462375
241,JH,JH Holdings Inc.,Financial,Life Insurance,USA,89.41009286907247,226670,4349528.942004028,11.383454224293773,3.064960036895493,2.689080299432189,,3.0163101399401766,41.489534893835895,-13.092918908609281,0.887292231489494,0.9983389880584214,43.01320815539431,76.9543590318024
242,JI,JI Holdings Inc.,Financial,Closed-End Fund - Debt,USA,27.653889805747596,66992,2187261.446021104,17.14428177382913,0.9991248197261257,1.2302864002052811,5.75043539346717,6.5384296861764835,8.79964976771645,13.133078064860001,0.37282417328838574,1.0598395839820003,48.940277388922,61.33388485202053
243,JJ,JJ Holdings Inc.,Financial,Asset Management,USA,43.793641575364546,710297,10558450.558166826,19.861515976015237,0.6894575207546095,10.831059745563591,1.0757691976215067,-1.5556345472974802,25.560737050602754,18.041006894640297,0.8017707733749134,1.3720804085268783,73.77523506699627,29.4121780628652
244,JK,JK Holdings Inc.,Financial,Money Center Banks,USA,55.252192442608276,42388,1552294.1994633533,8.673682975788896,4.4486204157332025,1.528290928096413,2.377198201622288,-3.3648095888258456,4.897111588008736,13.144756639824717,0.4378633868479444,1.3832454146434965,73.51923591259468,65.15973145329949
245,JL,JL Holdings Inc.,Financial,Property & Casualty Insurance,USA,27.34095279298026,18196,4779839.047665161,33.117138568477294,1.5917923835635164,,6.823650799771371,-1.3725551721546414,4.924627667086558,16.704786497294613,0.18514821464011935,1.1403802919020694,23.211688931158108,53.19544054188942
246,JM,JM Holdings Inc.,Financial,REIT - Office,USA,40.48519086215531,87707,16920578.732160017,12.218515702917834,,1.6349049849095338,3.3042642694229443,2.531600219654006,16.777366475585858,6.952415896929996,0.754732276221923,0.5058534612825691,30.422073493539674,56.38356476003448
247,JN,JN Holdings Inc.,Financial,Investment Brokerage,USA,24.2205851129209,761244,1649107.1697453621,14.429391927850846,1.8750400636072388,4.520378161353248,3.325313703961859,-0.8959112792861945,8.645109102864119,-1.8105752480952777,0.582119677629,0.8337084263302914,64.62451031037193,51.826214926641676
248,JO,JO Holdings Inc.,Financial,Regional - Mid-Atlantic Banks,USA,11.597217274545073,38911,953147.7479664321,34.477357686792935,1.4809577775339982,,1.5726522817488722,4.353195839120913,16.23901100765673,17.3355957958337,0.43440532984943725,1.1120624344131271,40.811949509579264,60.1575313822126
249,JP,JP Holdings Inc.,Financial,Life Insurance,USA,25.00363957129587,88636,162709479.26349002,16.04323205698976,2.48341593313903,4.536583060372099,,2.0022855130802037,5.040620782548434,18.21272501062373,0.6907809367424129,2.074121442441437,23.62713528183584,27.43295761028658
250,JQ,JQ Holdings Inc.,Financial,Closed-End Fund - Debt,USA,33.09813041853162,4477,8818631.488022666,,8.318577081957617,3.4681213017707,1.3532952556698006,6.893331008321269,-5.888609850879874,3.9093533155098026,0.24609614459782278,1.1652359453997094,73.11876518582253,73.75320701522753
251,JR,JR Holdings Inc.,Financial,Asset Management,USA,45.03613528258114,90150,17971006.37638196,38.98899568194222,0.5569707258329694,1.6992717094128105,,4.179270709895331,-0.27798704322652235,-10.312303525848588,0.4074263211685159,1.5132482501671682,40.15532757213497,47.11729749420502
252,JS,JS Holdings Inc.,Financial,Money Center Banks,USA,226.75526508967826,92700,59148524.39151329,34.67511603553934,1.917347049535415,5.813588473048903,3.8431762366957076,2.5957006717942774,-3.8205982830530587,17.066098508057248,0.5619661329301544,0.15,24.328808715010585,70.49050178956625
253,JT,JT Corp.,Financial,Property & Casualty Insurance,USA,26.64573354278936,230296,6773409.837043737,59.455440488379566,2.4387393798116,1.0504680223051792,2.0308499622214167,2.975725982548534,19.729627493212732,8.878058117004748,0.30497061787720814,1.3878927507305994,53.1097822749666,59.14386835636769
254,JU,JU Holdings Inc.,Financial,REIT - Office,USA,18.416540206272067,204352,4314153.502808842,16.359797167859924,0.7200475902476847,1.546560943338397,1.4125435015733214,1.1172033399840822,14.457226910213198,13.17751441721655,0.32194304312351063,1.576233704470408,21.842564269760068,43.52906496639364
255,JV,JV Holdings Inc.,Financial,Investment Brokerage,USA,78.54432833369998,13310,67719344.74047722,44.74409973924636,8.503960949559088,0.9499458222741524,,-2.3055665639400025,-9.678776859779898,1.4653769451686784,0.5812570641442556,0.7615134300577401,44.935592075000045,71.00276653444644
256,JW,JW Corp.,Financial,Regional - Mid-Atlantic Banks,USA,24.136349519932246,25704,42204439.90067018,36.2983624319372,1.191990756662792,5.831742158147725,1.8686099566750247,-3.57760603734638,18.702695084281068,-0.7851648841408743,0.6709924450024066,1.1659087369001377,25.561730936194916,65.63384760163747
257,JX,JX Holdings Inc.,Financial,Life Insurance,USA,12.942513661219426,34397,1361253.164342327,15.33079136084298,1.5397210137927324,0.7644707703505237,2.0794821334314006,5.869434380939337,10.944242563107935,12.182328688952353,0.5464761311720986,0.8170091487500012,68.05551201824407,42.23767189021362
258,JY,JY Corp.,Financial,Closed-End Fund - Debt,USA,46.04937148145985,20796,9469759.283496175,42.4091231030827,0.9845945530611393,1.1108048518690155,1.9785842273158771,1.4372094547471197,14.091096734602035,6.639829678273447,0.32655174156435796,0.9013307714965602,32.27085721485266,65.99600724571617
259,JZ,JZ Holdings Inc.,Financial,Asset Management,USA,37.29881881344808,56031,780048.0534637952,18.91397724932802,0.4804849276257144,0.5429354327821052,2.4536776200327934,2.936224338563169,24.271634365079336,4.064496571891552,1.0290133067140093,0.3155933017381122,29.679627323191415,47.90317131537713
260,KA,KA Corp.,Financial,Money Center Banks,USA,105.63691574225602,155491,36486300.01346964,,,1.2437793827091477,4.817457148465206,0.10227579710352286,2.937917639792488,4.448086487941725,0.4927453922073208,1.8840348590549227,45.083179806862304,44.65896062045783
261,KB,KB Holdings Inc.,Financial,Property & Casualty Insurance,USA,16.99131409030816,102280,6455884.881543909,34.963546257554555,1.8252267977200305,5.664215410058763,0.897919291916484,-1.858256420258964,-22.49154825072563,2.3064400586438376,0.615913940578081,1.0962863600695503,27.774597655333917,31.329509017294775
262,KC,KC Holdings Inc.,Financial,REIT - Office,USA,9.189068090881022,67877,376680.9450365319,26.11114998769037,2.1621979970249376,0.9146571177782876,2.4062089498120507,4.295929549186292,-10.678250626069875,6.878997451013944,0.8293783487985429,0.746513558515443,63.68312483899554,61.571933516712406
263,KD,KD Holdings Inc.,Financial,Investment Brokerage,USA,28.231218454271527,118013,3825537.0202246686,36.61026841156324,1.704277297922923,1.942819297041735,,-0.06784095855772998,-16.835574625569812,2.45345267261302,0.35704781399585406,1.0981758538465336,27.08508988633983,57.03350320925016
264,KE,KE Holdings Inc.,Financial,Regional - Mid-Atlantic Banks,USA,24.194560333173914,21910,270489.8964741487,15.529868741064321,1.4030963825127105,,2.7603630578339615,4.85296433388087,35.989355748669034,22.539726259505606,0.5122575549936479,0.8329775054093177,45.62874976151647,49.83877051386499
265,KF,KF Corp.,Financial,Life Insurance,USA,31.059322774599398,82115,4773290.7554509295,7.455959668000918,,2.701841645295737,2.822407472367071,1.2052210399901297,0.9972305606560594,8.131624065544962,1.7295840957490993,0.9675146807132112,30.038495824702498,22.16826803701774
266,KG,KG Corp.,Financial,Closed-End Fund - Debt,USA,6.355725550429812,79751,1367390.4008992612,33.14445486938417,0.7893489354465071,4.329917301656652,,-1.4674896775754949,24.911916558045412,-14.702374820997452,1.6637155185572627,0.8669992011553861,38.28494488649337,62.294776158769146
267,KH,KH Holdings Inc.,Financial,Asset Management,USA,47.19805564024655,22050,3122231.891827058,12.340313668285084,0.39405100456638625,1.8766403962085974,2.188740637900335,6.2257004418774695,-13.265576931386406,15.550399959251294,0.8527744838815329,0.4921969712638923,18.867772149171333,41.06218500427849
268,KI,KI Holdings Inc.,Financial,Money Center Banks,USA,87.93170295250358,1454069,6637415.827071381,22.158392292408493,1.5777498013607425,1.4009970960031437,2.9765391558847702,7.578215966205047,-0.086599050108644,9.908016777635332,0.5391166080905981,1.1034055878304612,59.547553130718576,33.29940672490646
269,KJ,KJ Holdings Inc.,Financial,Property & Casualty Insurance,USA,65.6754818851473,76426,23597498.44337456,67.40861964897644,2.384938914852661,1.5590669400329964,5.689974207613863,2.1965646746044114,-12.31299047555714,10.831340099370417,1.1461034658536067,1.0368526173657067,47.64269735302953,48.307709473161125
270,KK,KK Holdings Inc.,Financial,REIT - Office,USA,85.91590588790298,602057,216531691.39714068,32.18281677787874,1.39177761077327,2.3478699767094704,1.0877448582526614,2.3725273540492626,8.097499128187126,1.1691116155636703,0.6771182381716713,0.47652668948898713,28.503784247187973,46.65368917846034
271,KL,KL Holdings Inc.,Financial,Investment Brokerage,USA,31.890475799896315,131434,6223828.650504869,42.2423158581167,4.5357073756072,1.4936656830655113,2.0348052787444724,5.999784144970371,-16.398807634334574,14.503823837064775,0.453161257075662,1.1010274763850103,39.090267895622894,47.4458150594701
272,KM,KM Holdings Inc.,Financial,Regional - Mid-Atlantic Banks,USA,14.649004323792754,12706,4756935.433123724,17.864644545698358,2.009862453627092,1.6460599216363976,4.189227278620176,2.883898700784447,-2.8715088235791946,9.641947546035144,0.28554682954491095,0.5172708115267489,34.14497223103511,51.29763025312565
273,KN,KN Corp.,Financial,Life Insurance,USA,51.221391331828315,31238,57634056.904397875,14.084160377609388,2.2431364578077937,1.3101141697962995,4.210597755829702,9.071081347939252,-6.110763735994887,6.262650915877238,0.646804128176161,1.4038827953981174,60.74562930900763,46.43932646881195
274,KO,KO Corp.,Financial,Closed-End Fund - Debt,USA,112.55404131728207,201939,20393455.04775901,36.86617506811902,0.6562257249615958,1.7889086795421731,2.239437725549765,-2.7825792920556984,11.49118395818713,9.866422477473572,0.33572449270026083,1.346466288697754,12.233837587601043,41.817502898968115
275,KP,KP Holdings Inc.,Financial,Asset Management,USA,66.46474264466327,423879,5098858.019230309,86.88807297826109,1.8503790258512125,1.4044943969618788,15.048579803193299,3.5511647204057226,1.01912545896168,-0.4630280742675179,0.4329589864729122,0.5968826875746851,47.1814483669648,41.66858021144978
276,KQ,KQ Holdings Inc.,Financial,Money Center Banks,USA,14.679963781673923,157687,45746084.47011443,20.05542978662747,0.8860468788582272,2.2475324080540093,5.1654245922214,8.808584852507494,0.3913764984503958,5.8577671635988775,0.8543499112054666,0.9083061005716143,35.36298706671863,23.72831419692878
277,KR,KR Corp.,Financial,Property & Casualty Insurance,USA,25.117214516111215,39059,758528.2227475684,14.377172980783964,,2.338170758766719,1.223817920875539,3.662655953549502,2.039421534877733,14.955452961558382,0.4579167848192694,1.3001736532406292,22.056347644949245,46.82125342759994
278,KS,KS Holdings Inc.,Financial,REIT - Office,Canada,7.25271279540097,210419,210661.62561822473,19.379579995526644,1.9133149151046398,2.7783123333927593,2.314127252027866,1.1757011747603898,26.106192933377624,31.449725450957107,0.22995843220885925,1.2851295315947302,73.75214592128535,58.86254124487038
279,KT,KT Corp.,Financial,Investment Brokerage,Canada,37.252663234937394,97451,661427.7027028722,21.459181318234048,0.8589246165153618,5.824877743349054,0.9941054546008676,0.7402664972121273,19.944821630721762,10.323736508453074,0.7896338763530892,0.6084033285671409,21.30341676690738,79.6415544227204
280,KU,KU Holdings Inc.,Financial,Regional - Mid-Atlantic Banks,Canada,156.63431182426186,2573,14952495.061506666,20.099789886264144,1.2749523614445206,1.4287699059673986,1.4409884477010488,4.3240254785396335,-22.582898290725325,13.0088164825594,0.9965687237263199,0.47646640171168375,48.35211697496412,91.42380265211821
281,KV,KV Holdings Inc.,Financial,Life Insurance,Canada,10.629773417643527,342663,10150299.935484149,25.910455709064088,1.957142189388978,1.80231419664344,2.239925438273867,3.34474424012993,4.664728549221355,5.48429668997297,1.9648029723790394,1.5797332334329526,41.92097246635698,19.26558564829422
282,KW,KW Holdings Inc.,Financial,Closed-End Fund - Debt,Canada,44.78212644883791,109909,9863694.856298124,13.846611640828513,1.8583964331580545,1.2384434963401787,6.608046660118183,-3.058035040519639,33.67882850198784,16.582378083824608,0.3491148724502592,0.9241281198058324,77.25065169435368,27.29772558877218
283,KX,KX Holdings Inc.,Financial,Asset Management,Canada,62.62171417523374,102784,4978691.001573553,24.347092517515662,1.3990172537527399,0.5799491074534018,6.137003932178127,3.54670243544321,-8.751811000633612,-6.428607560784577,0.12435681457749143,1.3744486288075362,59.7303360049232,57.816652121087486
284,KY,KY Holdings Inc.,Financial,Money Center Banks,Canada,60.14963175125327,407958,16621193.07032271,12.843255874069886,1.0483365332311223,0.392613962431696,1.437228670650781,1.5638396461795359,-11.253151651470883,8.031182144691401,0.4921888330149442,1.1479107913543332,37.2808674902694,32.96043133833156
285,KZ,KZ Holdings Inc.,Financial,Property & Casualty Insurance,Canada,143.05268036072457,137495,77577800.10920335,14.033789808747125,2.1826976094944244,0.40897115119356564,5.93320832339886,-2.3320867963081144,31.411722657365388,1.8888210615224565,0.3067364421099537,0.15,53.9312218198374,31.739569687625053
286,LA,LA Corp.,Financial,REIT - Office,UK,11.695707526235822,83385,199997.99800980437,,0.4021534258475226,2.7388956002325675,9.34641995728786,2.2867517498437597,5.427734153264732,-2.0778742416177707,0.09139131943953366,1.0059671534031938,11.853624264967022,50.33279399105517
287,LB,LB Corp.,Financial,Investment Brokerage,UK,17.41725585866773,84464,125999.59340981641,31.38349709434784,0.9308657740696112,5.285968852610692,2.6652915202174485,-3.2076067044511896,-4.050208287534739,17.396282713725206,0.6180549382667783,1.5814454573875525,35.12913975732686,42.50586554323418
288,LC,LC Holdings Inc.,Financial,Regional - Mid-Atlantic Banks,UK,133.30871100758452,29506,48714246.378806174,28.05040746840286,,7.710837892425076,9.324679835869675,4.664687625171612,25.35911530204027,10.007929976295735,1.0856276560960791,1.3544324496514455,43.901966220261805,53.880593403750254
289,LD,LD Corp.,Financial,Life Insurance,UK,25.58029334705877,136731,1633916.5877933893,20.559382660883916,2.583990283580765,1.6104314882977282,9.119827467866397,6.777853921563523,9.762619437529427,19.362365082182617,1.2954552039445,1.2020799993652613,28.866015788737798,46.704128375916284
290,LE,LE Corp.,Financial,Closed-End Fund - Debt,UK,131.31097796629848,160022,2742878.6265725726,30.992352939918412,3.306380613367258,5.140318501890271,2.5516756938710965,-0.9163676292227061,14.980467458821218,18.291092008962934,1.061061190673425,0.4995875335157596,62.846824588737796,37.64532553254566
291,LF,LF Holdings Inc.,Financial,Asset Management,China,89.57497890567626,103697,22051749.35483956,13.10389287893013,1.2956197779285705,1.893737032763405,4.135545132278963,2.212094633265188,14.25151109716996,12.195714602430611,1.1830415210867107,1.2655514145267415,16.455122880341918,56.27837378041983
292,LG,LG Holdings Inc.,Financial,Money Center Banks,China,246.3428238518972,202740,105854320.33984922,,1.6842355468909749,1.7939408022961858,1.6754576979418925,2.891756865805402,-2.133252420923382,4.36475339112931,0.6114174980822001,1.933388648106677,41.70869957804361,60.24089643714782
293,LH,LH Corp.,Financial,Property & Casualty Insurance,China,78.61080046059622,78359,29459293.741372205,73.85842698315605,1.4537282097300346,2.3753800991265126,1.8308562539249391,6.806978996814596,22.280511096629258,6.005551885012142,1.0002444298970037,1.203547129121415,39.4098732492838,91.00469912938655
294,LI,LI Holdings Inc.,Financial,REIT - Office,China,28.893755990226094,639278,6418768.799004824,81.81206211832068,,3.9220923309445594,1.1549378800015415,-1.0993033166709525,17.27587569831887,11.554356365152916,0.30668408073376086,1.8316243243586863,14.175206678405253,69.9246522542042
295,LJ,LJ Holdings Inc.,Financial,Investment Brokerage,Chile,94.96965020100379,100628,31338069.209049206,23.682101756294497,0.8266998043406704,1.3887570863160519,1.4589752127550155,2.097861561164647,8.472123440899251,13.331716043912326,0.726931252715545,1.1604318275426153,51.23295589560334,61.88723364673898
296,LK,LK Holdings Inc.,Financial,Regional - Mid-Atlantic Banks,Chile,16.640031781108974,62301,2954156.852324823,11.794825204558284,2.2205188705591854,1.1755184670206495,4.789009656860709,5.731053356152927,-9.71361772719301,15.28645434270484,0.29851673693774067,0.9568569349057341,30.179411495258375,64.36525605432573
297,LL,LL Holdings Inc.,Financial,Life Insurance,Chile,21.460577684787538,59616,17662380.798064377,24.698545760456902,,5.357643665198293,0.9402583435838066,5.045449518020739,-6.053896178432394,19.182246949076323,0.2422245509726048,0.4917328868216696,38.035101807890975,22.052402257968083
298,LM,LM Holdings Inc.,Financial,Closed-End Fund - Debt,Switzerland,199.23282879165285,667445,13177434.503867751,,1.059243718626879,1.2806100470376973,1.3627376928194102,4.718693691913992,14.27879635875016,8.256085383418977,0.28925392486145607,1.091569556237966,36.42849601594925,64.46014177557001
299,LN,LN Corp.,Financial,Asset Management,Switzerland,89.08108694253747,125765,3378218.4957739497,20.213359304117876,2.7579899542348416,0.5728321635555031,1.0024402860478294,1.1340788056137368,-5.032393411844723,26.801723255681996,0.6303992330347147,1.5238500122844336,26.431427089462762,67.72274476537048
300,LO,LO Holdings Inc.,Financial,Money Center Banks,USA,37.537793437693566,66930,2332625.070008723,39.91261420984974,0.9436102701128947,1.3727338829468194,4.472143811246858,1.4437757151065465,2.9845787092948886,3.9251262267613054,0.25516687004905364,2.081360070068409,46.035919803379095,35.03120687582813
301,LP,LP Holdings Inc.,Financial,Property & Casualty Insurance,USA,79.47761561568795,21471,6432403.000535364,23.57719768509301,1.3304046080784462,3.257350464808484,0.8454195019129661,-0.5665602941610683,1.5171047807237539,-21.727568038960218,0.7625338657651527,1.4055069340401807,11.25295910048116,41.853241584563364
302,LQ,LQ Holdings Inc.,Financial,REIT - Office,USA,99.57528082596481,32939,9161930.336254433,,3.220086576629722,1.4140749496328215,2.48335601364697,1.7071257678842442,-5.149381569548096,24.658066144316408,1.0538134148791716,0.7777919562323214,39.45971038926706,71.68918567023091
303,LR,LR Holdings Inc.,Financial,Investment Brokerage,USA,274.7873357417817,42581,902178723.4429609,25.97339676259469,0.4726092722740778,1.6599533044065637,3.930562499162641,3.2534393264066317,11.723056208455674,11.55009413058232,0.6113326916884806,0.761856558369263,62.599060649306516,41.15753698505966
304,LS,LS Holdings Inc.,Financial,Regional - Mid-Atlantic Banks,USA,21.371335358213962,13804,7566391.73823767,36.29431561476187,1.6123129478210512,0.9436671809980677,2.490169627117859,0.49852520837866665,-0.6260084126852075,-1.442185820510204,0.8970299471714522,1.7019690487519719,18.865161820633578,48.796820890599164
305,LT,LT Holdings Inc.,Financial,Life Insurance,USA,18.929733829466578,24322,6806465.0358146485,11.790938952250265,1.0676436795762343,1.3669445086493301,4.254867395843033,2.0916907792182635,9.764872592047672,18.55785346138876,1.3679018887072234,0.7388645080756179,68.2646219823288,81.03290155924597
306,LU,LU Corp.,Financial,Closed-End Fund - Debt,USA,16.813058996434535,62293,2747792.512071279,79.0141425635131,1.3105129261621198,4.299809572181692,2.24007606836524,0.8270017951394237,-11.778160624607786,4.314684285087886,0.8483059330519861,1.6764174382141912,60.43283336198579,62.039106517946294
307,LV,LV Holdings Inc.,Financial,Asset Management,USA,63.80103276574126,45261,4286737.1958168475,,1.3889670985675298,7.7972459335109265,2.915860181693297,0.5559618271095279,21.6271233347986,16.862855373842343,0.17277579478232552,0.5844878893421082,62.1060360773941,51.81334014148953
308,LW,LW Corp.,Financial,Money Center Banks,USA,8.710786116315942,57506,5322332.441702859,7.396167689021136,0.7321850061791298,4.126002655321575,4.9856989556217375,1.6117271002244857,-24.220604047379815,0.9703318534934464,0.40795437483724983,0.9334775415397243,29.837229979910052,53.97617580567673
309,LX,LX Holdings Inc.,Financial,Property & Casualty Insurance,USA,49.69141514590812,821241,25788685.06158585,22.794533271849396,1.5433341854892486,,5.433511145527246,3.4781898564609666,-9.736553980972317,14.82534758814086,1.8098776535717693,1.033657829962836,21.727723758809216,38.41462425548245
310,LY,LY Holdings Inc.,Financial,REIT - Office,USA,18.99967619668295,5853,4282998.541150229,23.46005175112063,0.8322953313748844,4.0735038847596945,,1.2298333359023361,15.059790472537376,15.73594338965482,1.4021984841424435,1.012985835147846,45.217831279624534,43.030429086091175
311,LZ,LZ Corp.,Financial,Investment Brokerage,USA,49.94923890008697,59286,3230894.9835223053,15.134048021690065,2.420311585026918,1.9974736183642852,2.0625761065260595,4.154004251927328,16.01339325231064,0.5337323163518164,0.20398833121740553,0.2992448003510735,49.654838795045784,45.13200831159788
312,MA,MA Holdings Inc.,Financial,Regional - Mid-Atlantic Banks,USA,149.84229994717504,13977,80131452.78047681,29.048820630730624,2.470672238264622,0.5819842833102195,2.208022845465217,-0.05134464768128,1.5422612930236985,-14.780727342044731,0.6958234745428804,0.9272199541469412,61.14570101543556,34.569517570481
313,MB,MB Holdings Inc.,Financial,Life Insurance,USA,22.50842701663902,125449,2278761.025713886,23.555022796913352,2.6700770393358866,,6.414837675501433,-1.2210003409482564,3.4265000772741834,6.226312022757708,0.12903611938723358,1.4970005257234957,71.63305579911147,60.58443602648195
314,MC,MC Corp.,Financial,Closed-End Fund - Debt,USA,66.8625779636198,135132,1650245.522503065,13.513920705354144,1.4743821740495988,3.598998090128574,12.175777797985049,2.7456451871344028,-4.693079632160099,20.53793335628021,0.8751542978184484,0.5882636201119691,72.73517480695166,39.096856323104326
315,MD,MD Holdings Inc.,Financial,Asset Management,USA,84.48874784689134,10107,39651184.384200856,,1.8540669301968418,,3.4721997940966274,0.17273548287695384,26.275633967712327,-7.37455958796,0.26584910250548666,1.6315932184516873,21.817920562180742,25.99529704271235
316,ME,ME Corp.,Financial,Money Center Banks,USA,10.301714013981258,108235,46639.487751153676,18.254676621467198,1.755904909562032,2.23039141383421,1.4245973486504018,4.2525716754279514,14.440592534046527,26.944853637543407,1.3243315551282693,0.7414462870844414,59.12664300172532,45.113698311304844
317,MF,MF Holdings Inc.,Financial,Property & Casualty Insurance,USA,10.220080678499828,52190,7293467.026108798,19.953846210947148,0.7085397352714273,6.586444998809506,3.8809691561383177,1.1017971846199894,-5.717742815580889,17.195408023882017,0.33337354297600064,1.0065167087114975,33.86804185214978,75.27577113559632
318,MG,MG Holdings Inc.,Financial,REIT - Office,USA,54.4663949723533,48870,10973172.443439873,19.781064244400824,4.3524448184140025,2.166596790456285,3.8006386953277036,1.9743898754237965,-10.492491955086255,33.573077600434004,0.3958689227049669,1.1214402229218943,72.924865946929,38.49604894599155
319,MH,MH Holdings Inc.,Financial,Investment Brokerage,USA,31.03520598748585,18158,2541018.90802178,9.413496285655093,1.495678902423975,6.487950693455827,3.3590838396844793,6.453911169814798,15.196673969610547,27.05693652583435,0.24741149607345417,0.8755071977820649,68.02159380113255,58.89135250250797
320,MI,MI Holdings Inc.,Financial,Regional - Mid-Atlantic Banks,USA,61.96062611704575,121972,8627093.228668531,14.09321947871948,2.0146930831194667,1.2679932230124837,2.7391629645894686,-1.523773945000587,38.753044769705355,18.442272790095437,0.549340446618092,1.5402914623844883,69.75541985478442,29.285485367504158
321,MJ,MJ Holdings Inc.,Financial,Life Insurance,USA,23.258856435956996,7833,3563351.7561412603,7.126423313156564,4.466546131317738,,2.7921953078750845,-1.232334467890278,-1.8858005706054755,6.133094361265348,0.4533708912722779,0.8974147318679184,24.802072463005853,47.598193032865154
322,MK,MK Holdings Inc.,Financial,Closed-End Fund - Debt,USA,34.81377568227298,62577,7524345.812690868,13.757992656267117,1.2045722404267438,1.1092030622048736,7.725146553986372,3.2232109475568054,3.177319077465662,1.7564241434732928,0.6966997530398642,0.8047107465019844,59.78018717820257,38.755582431086545
323,ML,ML Corp.,Financial,Asset Management,USA,70.98399894698254,64952,12766563.296952786,,1.4107648266372832,0.7235219961889997,0.7099137381866673,2.9901330221663285,9.491489538752926,8.967379895293048,0.3876832975822624,1.1610641931813837,42.11987365825622,54.01270500352019
324,MM,MM Corp.,Financial,Money Center Banks,USA,47.91081967103611,151594,1725070.4798607137,22.37187257068855,1.0506771501426206,1.392906054350462,1.6788443227717058,2.451599321281512,10.006288270000052,4.32504155554426,0.28776486275030383,0.2600529462101806,18.746390143185184,54.507596159158545
325,MN,MN Holdings Inc.,Financial,Property & Casualty Insurance,USA,80.2687738789443,564399,3994961.512895554,40.89815706523478,1.7149936531643197,3.8504325729695976,2.158295018261142,6.19465343597496,7.355140342257485,5.670990481394938,0.888185963663493,1.5314610459349374,46.5279781282634,54.93961670134484
326,MO,MO Corp.,Financial,REIT - Office,USA,28.107179822026815,172978,7987935.251870296,39.160257438429866,1.714542706532373,7.460825533475455,4.196960413899253,0.8027553552948299,24.76035238146995,1.116495258918743,0.4703549039617831,0.5798236587436181,70.44740801917703,54.72901403335369
327,MP,MP Holdings Inc.,Financial,Investment Brokerage,USA,69.85106541155068,109401,7920014.203833384,26.4061674816594,2.951925723597198,2.3311165595753125,2.221034116751573,5.343195132769365,17.2351321828815,5.3492125992915005,0.6346536900944214,0.827116768103519,44.40505975269035,57.7773103245455
328,MQ,MQ Holdings Inc.,Financial,Regional - Mid-Atlantic Banks,USA,12.28058458136039,3279,394044.12080056267,26.61319070918859,,9.331646329517747,2.6597454072885998,3.3511271090722765,31.341595784493474,-13.363920999381993,0.7346907471733345,2.011014028534815,33.59410735181574,57.96465082142994
329,MR,MR Corp.,Financial,Life Insurance,USA,16.692004798267824,27530,4919023.353400354,34.57665682962642,1.5818221689272889,4.408468506389814,,1.2209603988287112,8.148907756881536,-4.696031816784206,0.18923988504266925,1.3714064172122677,23.128321656448364,29.305884015931255
330,MS,MS Holdings Inc.,Financial,Closed-End Fund - Debt,USA,57.53177556307069,9961,10630684.57261782,51.29384392706149,4.623840288384421,1.8057378989183612,5.341067960577767,-0.36473551704345075,6.22854388354116,-0.013567761211122686,0.894740696806037,0.8809648526771969,40.8576772706696,68.62697595102469
331,MT,MT Holdings Inc.,Financial,Asset Management,USA,8.707494844213914,139542,153698.2808870637,9.741667505680894,10.753374832182741,2.0351149932559864,7.564941744490794,4.006360503644266,7.898183670004109,-2.3912043722121332,0.3004291948491898,0.8596227295383992,23.43371079643691,45.21063802482432
332,MU,MU Corp.,Financial,Money Center Banks,USA,84.1669764295712,76496,1308157.2063882216,16.007863192747337,1.5418477628368656,1.4093107590496174,,10.211909511910125,14.119774916234725,11.012606510431912,0.7676136338211037,2.1884674871633787,26.490181064417236,65.33863564871866
333,MV,MV Holdings Inc.,Financial,Property & Casualty Insurance,USA,38.64203173963023,646172,2584592.8950379794,55.84016295708897,2.9978596894806193,3.3985044871388563,4.521027126296694,-1.5985788887663372,17.838159425798054,13.861577290501467,0.1371562243703191,1.0295241650788711,18.02355235382203,42.66141933895838
334,MW,MW Holdings Inc.,Financial,REIT - Office,USA,15.513072094771834,12806,4078697.361688516,29.787887063015056,1.1591621096991156,1.7822545984356035,0.8333647264097165,2.976943617611022,-3.4081540847308176,-6.2388879840195735,1.946562705671513,0.7650272828803774,55.080575394097266,52.22569256444916
335,MX,MX Corp.,Financial,Investment Brokerage,USA,22.35213731414908,62060,8495986.7445478,16.357848059886273,,3.213845611574591,1.1910436357428982,0.3498080208076768,16.009760046517464,16.555244817430832,0.4563632845272312,0.6090603919361555,38.35449295305936,60.29547207422142
336,MY,MY Holdings Inc.,Financial,Regional - Mid-Atlantic Banks,USA,22.079620148922835,103411,3194435.9353943835,39.601944877601674,0.8320912580598838,1.0269256113811451,12.677080283422722,3.783528685441088,-2.0405466101145997,-12.355891407282233,0.21807286011674093,1.0594917365327643,9.46702524290081,50.02703706541662
337,MZ,MZ Holdings Inc.,Financial,Life Insurance,USA,73.46500273300566,12679,85919087.79837011,28.65641076896602,1.5490548418801053,1.7612155263254052,4.92430531386124,1.396594838494193,22.109996564368785,-10.540009067988024,0.3518151899688884,0.9411218139039976,73.91018885747476,40.4387964987706
338,NA,NA Holdings Inc.,Financial,Closed-End Fund - Debt,USA,23.384027568149655,1063214,15559177.557472857,95.3772733884268,1.9080468689314356,,2.7908054669718623,3.024246161352327,15.52470186449,3.636942982360355,0.5209594816071864,1.0237064464511303,54.07421478063369,79.36595676165803
339,NB,NB Corp.,Financial,Asset Management,USA,104.52961688239478,272344,3804135.9261390967,22.297620426848574,1.1700467779409978,7.278336755183817,8.464153350081402,5.128577202646435,-7.76559566090236,-6.360959083983172,0.733179136030157,0.42973148745569034,29.917142881527436,67.58581237835149
340,NC,NC Holdings Inc.,Financial,Money Center Banks,USA,88.20867199694993,248188,33472686.337290443,,1.3117383311615836,2.1921498258200542,3.1101320473041514,4.687186079644624,4.727863190075844,17.78203481950819,0.9474464923185165,1.773561777503621,47.49307355597996,81.19574870929009
341,ND,ND Holdings Inc.,Financial,Property & Casualty Insurance,USA,30.137989396752094,689068,1783605.635896642,27.48650970703962,6.918087995367943,,2.088478937124242,6.4079863332799984,3.3508135465612643,13.498749791473722,1.7114078166807354,1.7853634539984713,33.65235987583324,66.64760098812042
342,NE,NE Corp.,Financial,REIT - Office,USA,45.595244501074085,318083,10187672.246192904,9.26979675464601,1.0287700052503284,0.4441527648353523,1.4430866863638654,3.874551179571096,-13.312680455944417,18.77772780040096,0.3729117582787053,1.0554763570273074,24.1551952846662,32.840718001846966
343,NF,NF Holdings Inc.,Financial,Investment Brokerage,USA,42.3017787431367,24824,33183924.66376388,8.514210687374275,1.8326870222873304,,4.5498564442089275,7.933726962316728,-13.745965535377717,17.32543721617472,0.501455856816914,0.6953014028776573,6.095923365643466,68.47086612689044
344,NG,NG Corp.,Financial,Regional - Mid-Atlantic Banks,USA,108.29367910912043,3253077,14604024.954742962,29.914417765108674,1.6386950751537643,2.7968836759424365,5.385572779977683,2.8418509069361497,-18.405801855314365,10.58365244225881,1.0078968454395627,0.835405592710274,79.75439525916042,37.621781764804105
345,NH,NH Holdings Inc.,Financial,Life Insurance,USA,19.67744671488177,193782,1575209.6466707909,10.146659075965742,0.8461782181094742,4.0708596248593185,2.332445763459904,5.879851362221331,-18.17863756082977,-0.08922948144799925,0.2921359858595668,1.6782096144216672,22.036765749240146,58.63659236117089
346,NI,NI Holdings Inc.,Financial,Closed-End Fund - Debt,USA,28.622553561960768,804,7013190.509487059,16.915502945207287,1.7524639088007954,5.629290721455219,0.6827078219865824,2.1620949447727225,5.416279809396768,16.515625017146775,0.5895962311811459,0.8743160677737881,40.9366942097578,59.3820115556873
347,NJ,NJ Holdings Inc.,Financial,Asset Management,USA,38.9894080342198,1183927,5550550.249706403,8.728239606497006,1.3581829869446778,6.42763772037288,0.5403202320937172,3.368408420895406,-0.45571841250113465,-2.1163213267465277,0.13237530491539834,0.8868287248441372,15.100233138702764,35.36050364454459
348,NK,NK Corp.,Financial,Money Center Banks,USA,21.146149078992202,4058,48857005.0724033,39.961428379419026,1.8421249440388587,1.568149582150632,2.0443867395893354,6.198648571973617,-5.507056326815597,5.439064403045664,0.33126097349412126,1.1915000658936836,29.227755660818964,53.384032230154276
349,NL,NL Corp.,Financial,Property & Casualty Insurance,USA,30.729473597275824,790316,43211485.57375021,7.2230008795282306,6.299273167017929,1.6323628884722043,2.061368982096237,5.163428349234599,9.981449850095794,28.40879525889352,1.0159704177625415,0.7199055766061935,58.416088142782904,32.713930679094666
350,NM,NM Holdings Inc.,Financial,REIT - Office,USA,40.510014343042684,51027,8513786.024239773,11.917997828291451,0.6339809157101218,4.77385740011813,0.5471485545342302,2.21632811588226,7.2887889593265305,11.767149343884281,0.8743688971622906,0.5823999742345174,47.306192479592866,61.05336245216663
351,NN,NN Holdings Inc.,Financial,Investment Brokerage,USA,18.873458101962946,128244,3800950.939162968,12.714334513846289,1.607893503786572,,1.6031842408680745,0.17669928084747033,-5.088413697987173,7.546232070302215,1.2654128564537543,1.5168574965790378,41.284568880144924,58.114255777907694
352,NO,NO Corp.,Financial,Regional - Mid-Atlantic Banks,USA,27.796835956004124,94484,1376699.144600827,32.67418183946782,5.363676946040562,2.075692495845998,3.659190650408378,8.747627687795262,8.166326083249087,14.252448528957114,1.4242869731857934,0.9837872228336519,22.13089262080728,23.92193357912363
353,NP,NP Corp.,Financial,Life Insurance,USA,10.478568210813899,328249,1402784.8332821608,25.051176156697547,1.6340237187552695,3.610105535103552,2.0290771954945526,5.179760868285367,31.61234590431063,6.368133652649648,0.5196739483492147,1.0399340121547471,52.33805256820085,67.25701819885833
354,NQ,NQ Corp.,Financial,Closed-End Fund - Debt,USA,157.05483112610534,16810,6500808.313616338,,1.2247667022431024,1.4195162548644478,1.2707445996667148,0.11035844644726822,23.700988965898997,2.7287243990975645,0.38354662221196206,0.8444860732395392,22.842513697523277,53.02478079427896
355,NR,NR Holdings Inc.,Financial,Asset Management,USA,27.109822575989526,8619,40344998.271395676,14.51583674391316,6.294095145799908,2.6743223360111403,,-0.14099922251527053,5.8868873641841,1.4948993466470863,0.5848285835665901,1.1289237560429761,31.814187288731116,52.923126307991815
356,NS,NS Corp.,Financial,Money Center Banks,USA,208.92774848153724,36169,141717191.89555758,25.129277300704576,2.1568113556572497,2.1443818573360147,0.7756109303497886,5.125091346858232,-4.735526150374657,5.035668492219689,0.26971888094108765,0.6800254769897669,11.067805643893522,23.117834638988583
357,NT,NT Holdings Inc.,Financial,Property & Casualty Insurance,USA,101.59129803140726,39250,71302415.13626862,35.38475025379866,2.1170667993353876,4.116274742532862,1.0456074708476826,1.482222690132675,16.342564419285125,20.37356591267475,0.43446349918506494,1.7352200846832768,13.150926421944881,79.74133973915737
358,NU,NU Corp.,Financial,REIT - Office,USA,42.38620693485845,511002,7472529.354345875,30.141030158959083,2.2841972891066287,4.223328398400774,3.1032862483770662,1.388534524406485,12.400741563840027,14.830651470704593,0.9854948296103505,1.6272577359775413,48.41621554702113,39.661594727481585
359,NV,NV Corp.,Financial,Investment Brokerage,USA,50.582253106933784,544798,2310014.0322349523,46.622441746355484,,1.0486038005825171,4.549507733010941,1.642366214279869,16.82251429311159,-14.660859902523114,0.4534012291000422,0.28250178409517757,47.38053148044812,41.20897635743613
360,NW,NW Holdings Inc.,Financial,Regional - Mid-Atlantic Banks,USA,3.9125556732856923,865341,21614871.42506385,11.789960019072499,3.3377433221396546,0.6266023829576238,3.4086477919179363,2.527084229502831,-11.920276709361762,15.073992927496143,0.2879734086178832,0.8470526923368108,40.65612469402908,42.259932257460804
361,NX,NX Corp.,Financial,Life Insurance,USA,40.689182453039585,155208,4295713.494458438,33.93865841193996,2.52817785224444,2.017102909555532,1.4936546483920898,5.415709744109232,16.32336577755146,-0.11589632281312845,0.2689224122001304,0.5744807482365489,68.6051412293453,40.50376408526529
362,NY,NY Holdings Inc.,Financial,Closed-End Fund - Debt,USA,28.58095189149143,3153,5398299.096770251,15.766989044119105,1.7657247732400312,0.9624979158234273,1.1352762535111491,1.051658215134586,16.698854359567434,20.429572455192545,0.443966973721013,0.493584771033443,40.67603319460247,51.207430778297606
363,NZ,NZ Corp.,Financial,Asset Management,USA,160.21888476798892,64617,26292245.172640104,18.115124170060586,1.4500826528536013,3.4015435065426205,,-2.438420198597045,8.315181641568184,-15.053188675339928,0.5043815602183207,0.8822659901870898,62.925117666264455,59.805053494473725
364,OA,OA Corp.,Financial,Money Center Banks,USA,12.39772648355588,290558,231131.8461443604,33.29549370782463,1.9111066151869793,1.3789522801191492,0.5589045229889797,7.98355650119518,41.66772559155562,12.38928731281241,0.39725612408160066,0.5202481121469553,42.436050977008314,76.98835358645292
365,OB,OB Holdings Inc.,Financial,Property & Casualty Insurance,USA,43.37786541272769,35443,38733377.34849899,28.19703307303909,3.2359216470931362,2.053656619055605,2.1266835256186103,4.284877343762293,-9.500357458976687,14.088911625590475,0.22364614927847135,0.4638401344709083,8.714700390066684,51.5381357604185
366,OC,OC Corp.,Financial,REIT - Office,USA,101.95194858800406,285335,46453160.54736978,22.14400769443212,,3.6929226710860554,7.15137421255087,-2.4818294657954687,-8.158287386913578,19.407216585230888,0.6617722247351386,1.6412019794573136,39.49418143734948,44.647780570224356
367,OD,OD Holdings Inc.,Financial,Investment Brokerage,USA,49.890937514648094,148482,8595833.450141454,8.537342842575748,1.323164086917722,3.097162989688833,0.7772078347884893,-1.1921538896141324,-12.853438947324161,2.873693467532968,0.533884430069515,0.15,25.05521404515842,43.44785110510011
368,OE,OE Corp.,Financial,Regional - Mid-Atlantic Banks,USA,28.79030493733206,294200,5873839.044108283,21.66119952870776,4.081164692000389,3.498144145569711,1.4058082458948569,3.668374260695523,10.376468751589265,0.6885241684420205,0.8417487517608947,0.7100255025897229,46.004259716698044,72.07368284824219
369,OF,OF Holdings Inc.,Financial,Life Insurance,USA,34.49892367449134,235333,2189737.7649309468,16.62721582615757,1.225571574763758,,1.0694435182434907,5.467302276155568,7.799527801979178,5.407411191334653,0.13275010866868953,1.0553666913471644,46.520716511979245,86.14399389210952
370,OG,OG Holdings Inc.,Financial,Closed-End Fund - Debt,USA,19.26411667563263,545686,262012.18641408667,14.144579757309142,1.1602926756075829,14.787701622937881,4.155218666339416,-2.7400217228862664,13.5294115845263,21.802225759580814,0.302638385745051,1.484397000222507,62.83009622193122,73.62218938423972
371,OH,OH Holdings Inc.,Financial,Asset Management,USA,8.05509147732165,176317,2929155.4783415175,23.108715870393084,2.052473204024985,5.454995533499507,0.7618086151685997,1.0983193078595543,-20.74024188488929,-2.9891950869134902,0.46417175596768784,1.5671116718108404,11.372097245063257,59.994440501560064
372,OI,OI Corp.,Financial,Money Center Banks,USA,18.999490219179428,294222,8995138.13555418,12.487267454763723,1.3463219471923544,2.193736763275413,2.336490373576784,-0.2832019724286474,-2.3948148887743947,7.6400856903024,0.044219183249795846,0.7344196931438025,15.308029176000245,62.62645747614106
373,OJ,OJ Holdings Inc.,Financial,Property & Casualty Insurance,USA,26.11949151411112,195871,1178726.784453454,29.657356529655164,1.5944449924130113,,3.7925799408525953,4.9882252872891195,-7.839678541890523,19.761206005552474,1.118671028678915,1.343339183711893,28.093912885908324,41.78512896530779
374,OK,OK Corp.,Financial,REIT - Office,USA,20.674912363190753,123217,3760986.6256380556,26.417801565332912,0.8088820739829399,1.850252628358479,2.980432979500561,0.11499162245702799,24.497870445892083,6.705334586977747,0.231580179846905,0.9725813883305374,81.02513623882331,70.5385933200378
375,OL,OL Holdings Inc.,Financial,Investment Brokerage,USA,120.86067491467848,82598,8864171.22936672,25.152410723861628,1.811846467096648,0.7799265539046568,1.9182990875002666,2.439568304436904,-6.775407098784273,29.789706574260183,0.4315179337585609,0.9232586779852812,27.299536457259666,37.97729388313443
376,OM,OM Corp.,Financial,Regional - Mid-Atlantic Banks,USA,64.43671283541644,48697,16817020.931860473,22.66384374122005,1.9408301945902358,1.1266136620314142,10.825805151260585,-0.8830874159384892,16.5020462114237,26.146354894970408,0.5384712671131922,2.2194703050335622,17.998750923611652,76.33756071669175
377,ON,ON Corp.,Financial,Life Insurance,USA,70.06350357424434,77074,22592096.093459643,30.642956854902792,1.228396430751226,2.807044444382346,4.925817162273379,1.4520025639544332,23.02229392725071,12.404726351881761,0.3090343532939105,1.0336305193532231,6.02484350866562,62.53779399505892
378,OO,OO Holdings Inc.,Financial,Closed-End Fund - Debt,Canada,78.20421871720599,32515,3572855.148943231,10.525213881101564,1.4857072153310034,2.433850020089068,0.7287387261149728,1.8862092495942482,0.22599456358549208,14.707588892078984,1.837333437240979,1.7876654325337884,5.83100667840327,56.473757417078275
379,OP,OP Corp.,Financial,Asset Management,Canada,27.14151291682318,1577013,447186.31740095484,25.025243334479566,3.23364786094084,,,0.6784803901404393,-6.2234352847239425,5.959086103549273,0.9757991098163854,1.10156127769538,60.118237131031464,38.0014659085266
380,OQ,OQ Corp.,Financial,Money Center Banks,Canada,26.120134708158986,13515,1209568.5958199487,52.83493957160853,4.335829610921144,1.1786584883499807,2.5112396419587033,0.3178988117241759,3.4269341153594395,32.026702144092766,0.4434647362759225,1.212101716684843,66.84730752659436,65.55235106218818
381,OR,OR Holdings Inc.,Financial,Property & Casualty Insurance,Canada,4.481974015051786,38148,584964.8410133035,29.682652189602443,0.9706096021156073,6.626345761971005,1.5359364365138548,0.7629273433398458,14.699424398098646,-5.893870552606856,0.36036888117881405,2.2711288998880486,9.717003720215754,56.161279814965226
382,OS,OS Holdings Inc.,Financial,REIT - Office,Canada,22.67001309904134,11201,1766464.215693952,44.61689871672362,1.7394168094165219,2.4292301855261096,3.2686819505275713,2.9332412649978834,22.839302376673267,-3.136053165530287,0.2707151522058141,0.1790565181287872,30.605298293695654,54.235247917670954
383,OT,OT Holdings Inc.,Financial,Investment Brokerage,Canada,12.449617282893936,214191,2691278.982102405,11.8483675358817,1.3141334764479904,11.854920470396927,5.426461467802819,4.5974694539154095,8.5616671541121,-13.010505040059542,0.4247620743375691,0.9418646376832884,31.731307570211825,56.21048624053114
384,OU,OU Holdings Inc.,Financial,Regional - Mid-Atlantic Banks,Canada,66.31521371802435,22133,10901788.983576935,18.468291294805596,2.581127900114893,1.1666152739199405,2.6320307101154716,4.3464549323014054,26.843090109736412,8.078872597502093,1.4251551583187498,0.9646379279464167,69.65347677303079,36.23001235564142
385,OV,OV Holdings Inc.,Financial,Life Insurance,Canada,26.267884294006578,30253,32326051.396528278,27.588626346567782,1.0232100194469316,4.821737194348579,4.051520708319854,-2.1296770141238617,21.690211810955926,7.025914609506297,0.20790311501558117,1.6584177146884467,74.14753973505361,51.95415869321847
386,OW,OW Holdings Inc.,Financial,Closed-End Fund - Debt,UK,21.167738392929238,26211,945865.2523242059,32.96480818643006,1.4142435156493545,1.0451487852639043,2.907647187346536,3.3996391789172633,10.56862366196194,10.492827020267336,1.3322386026322959,0.5955206087957281,36.432981893322264,44.68006378149198
387,OX,OX Holdings Inc.,Financial,Asset Management,UK,37.49757035757068,69826,2854366.8736482523,,1.086893395337376,2.5674133754458235,1.9090613882519127,6.269538071116601,7.659989060619639,28.028565803598163,1.0385015563862485,0.7316522048345155,58.377830464051506,78.98938196414001
388,OY,OY Corp.,Financial,Money Center Banks,UK,33.39161904290593,55509,3677162.794951786,32.59454370958767,2.703638921138812,3.512073621762451,5.074834386826911,2.5985643162335825,-12.179630623255925,5.14505329333663,0.6840015215897274,0.9563405567620852,27.125234663035286,62.57340198586802
389,OZ,OZ Holdings Inc.,Financial,Property & Casualty Insurance,UK,17.84081289797494,55090,2059759.3014519077,3.9151724888606148,1.657968268791098,0.9891572974408722,,1.0722679100149526,29.02734151264034,25.524925479201876,0.9530431687132678,0.9030237987024543,48.549964795379374,33.59317168992765
390,PA,PA Holdings Inc.,Financial,REIT - Office,UK,12.886153884578281,79668,685713.4314745442,37.014277820778155,1.5396189411735177,2.851588621822406,2.6924310807845524,3.517521800142293,0.5607987624623032,0.14945027660534116,0.2912126083082438,0.835583941296856,57.5208520701731,55.150810393611145
391,PB,PB Corp.,Financial,Investment Brokerage,China,29.340675972371887,120894,24356335.979983393,23.311474251693188,,0.7682228326908841,4.584447870803338,2.5098668434202733,2.9250139596510403,20.42263099433124,0.8820112073680437,0.7717357409801415,16.804909440720333,46.322441203060905
392,PC,PC Corp.,Financial,Regional - Mid-Atlantic Banks,China,22.523585143204,406014,3145354.510839597,41.14182053323677,2.2246294740412784,0.6571079356042101,2.2097839498128184,-2.3505009341793834,17.24589310317836,8.379038517680831,0.5622334666829232,0.9714355240975089,55.06540313026982,68.09173011132745
393,PD,PD Holdings Inc.,Financial,Life Insurance,China,24.516954226461703,17679,5580915.356272006,16.890080992426885,,0.9785007821735568,0.6622746242930139,5.941678459597853,13.806982469109375,-0.5973597531842589,0.14223386894762519,0.25940908526932416,18.127486788178558,38.87988379031948
394,PE,PE Holdings Inc.,Financial,Closed-End Fund - Debt,China,31.92473281147667,18563,6307748.601385793,22.127973886618285,1.6134076135748758,9.078106346461523,1.8207717943415611,1.978373797786306,14.55412771557955,12.829615257441745,0.6687694403482115,0.9686249770205166,42.57576425123276,62.19441849366103
395,PF,PF Holdings Inc.,Financial,Asset Management,Chile,13.845781726943601,59970,6350120.025945913,15.557079621112456,1.1586894074547582,0.799242094599781,1.7738802385278998,3.2440178714322423,0.17680599112723083,15.139774367010688,0.37574509543242507,0.8230097925162738,23.590959148005545,54.84695261766997
396,PG,PG Holdings Inc.,Financial,Money Center Banks,Chile,68.7623009809297,438298,10170886.231991583,21.735044535783178,8.9898124651489,1.6345715251350197,1.5573936007904747,3.4248153001220922,-3.3146412154739338,7.262675091098677,1.0156330891796934,1.1887639406843487,62.53099019991607,29.26672563938637
397,PH,PH Holdings Inc.,Financial,Property & Casualty Insurance,Chile,75.80756267703927,1605677,12318002.036378257,21.977883142610573,1.9577109786059856,2.2845875466103585,1.013488491952256,4.332965263749195,2.2595882384552484,9.220794672923008,0.5862261785338027,1.0984647520979784,63.32520518991558,52.90353288213611
398,PI,PI Holdings Inc.,Financial,REIT - Office,Switzerland,2.1384782936872666,103868,5242683.677919155,43.43650904569707,1.1389119759222106,1.5559360665405977,1.7646277459979056,0.12381862400359367,-1.5652625988876316,18.159896156255456,0.678594633477144,0.9848283208801867,35.56267180961281,33.50438066442183
399,PJ,PJ Holdings Inc.,Financial,Investment Brokerage,Switzerland,16.5202798374605,262947,670821.5865078315,29.683340702678613,2.357134707616617,4.191989524864173,1.7570766863794074,1.0155599477327093,38.600228634116036,7.287718403144682,0.9201261289807354,1.0528716934334919,4.925728945890009,37.3399024110806
400,PK,PK Holdings Inc.,Financial,Regional - Mid-Atlantic Banks,USA,127.67532618251664,27656,1919099.889185863,12.940360373446701,0.6746098761195365,1.8222326394526718,2.176689014885447,2.2700383317738204,-7.3467933299453065,-10.79117119919129,1.2477545565847665,0.8039471298379306,62.721719857191886,57.655674710776516
401,PL,PL Holdings Inc.,Financial,Life Insurance,USA,25.142818645568536,21807,16122218.18315683,6.503497568181103,1.6008356225202267,,1.1989534631970684,-2.325303115257771,22.809214105586857,4.146417208095878,0.4190207845749593,0.5442547176934827,71.07160599627582,62.30510258462828
402,PM,PM Holdings Inc.,Financial,Closed-End Fund - Debt,USA,29.966392396993268,8865,7968666.967565536,46.8527260212114,5.435691561053724,2.378407052242329,1.616515802999331,1.235482995752068,41.368398513056114,8.719546105927892,1.7663056981736895,1.1882494699330606,23.454065298818627,24.821284266994027
403,PN,PN Holdings Inc.,Financial,Asset Management,USA,114.25395414444652,4383,2993988.620784456,34.75650783036068,,0.8118335400558397,8.314597300167692,3.1746261449214956,-3.9136511295419094,19.503159049586905,0.9422902270152805,0.9655228393890523,57.63129835802009,62.3347154296158
404,PO,PO Corp.,Financial,Money Center Banks,USA,147.42348036461794,50834,13913991.0255339,54.26221881136164,,2.2376708998809955,1.816129388655583,4.984722330736155,19.03103753494474,15.074998731881024,0.9274013567479182,0.9983254087112005,48.701443034499825,62.13015200274079
405,PP,PP Corp.,Financial,Property & Casualty Insurance,USA,94.487463900249,33189,6406241.533662247,,0.8103013297299476,0.5463447848163068,2.9787795782729907,4.268425671308804,25.977465732504566,-6.579484024223323,0.37249207026972064,1.2429425664963438,62.43042599416127,54.95596298307744
406,PQ,PQ Holdings Inc.,Financial,REIT - Office,USA,62.11648304103643,137502,1367797.5695011348,25.34017417603961,2.5633288459460104,0.9783529188842801,3.0600229197185977,4.187900278999609,-8.3128040187453,-7.606884275017169,0.9502010227239828,1.0592531116934225,45.59590691850383,65.90028455464163
407,PR,PR Holdings Inc.,Financial,Investment Brokerage,USA,41.76493955261933,101459,27823044.72538468,53.92606458513324,2.2478873628883855,1.4564176392787889,1.0626413204585659,-0.27961852698389444,20.541147055303,20.178100819885145,0.6189188933300552,1.3543606714537089,31.70913909480113,54.54948444880257
408,PS,PS Holdings Inc.,Financial,Regional - Mid-Atlantic Banks,USA,60.73832667400668,5717,5061446.051448343,,0.4513100794146105,7.036787135927913,1.1317908134150223,10.532291302497683,19.43851360762868,-1.189330436901752,0.35154370888243236,0.7724253295602745,40.97082886417059,49.14247222909181
409,PT,PT Holdings Inc.,Financial,Life Insurance,USA,132.01377851739275,95158,6396115.98445644,14.43345128189268,,1.4086977701576784,3.8850263089321624,2.9044305870110207,10.729371293770622,9.734579784995292,0.7863002850465914,0.6919551897783867,76.56767551584727,49.07029403669827
410,PU,PU Corp.,Financial,Closed-End Fund - Debt,USA,62.588844578699664,57029,1490596.41736307,74.16746079147316,1.9613770233376122,,2.859803168314183,1.9828439008660843,18.900783104990204,-2.344804766721923,0.5706613755897002,0.3419262941935063,34.93298300211236,33.85627971093124
411,PV,PV Corp.,Financial,Asset Management,USA,106.85297523434359,1064231,2796793.4574448164,30.66385917833716,4.173215629588619,0.9438916991731887,1.6613152406094072,3.9300498417785867,-0.08120215994799374,11.677784711873782,0.1856460833694783,2.0464484741504685,16.671273698401055,67.16270917775016
412,PW,PW Holdings Inc.,Financial,Money Center Banks,USA,168.23541214783035,872771,11206699.064096458,33.364408063735475,,3.1255339667344124,1.4472291198540645,6.276954422117637,17.587790717478274,3.032012139279307,1.2707042571141811,1.854039951973645,71.6400219544069,43.71040129534423
413,PX,PX Holdings Inc.,Financial,Property & Casualty Insurance,USA,23.67303514493589,6357,879619.8026444049,39.156037910095336,1.0885872726914307,1.4451603713794,3.5298993872532876,1.0166362054094684,11.244233188425495,-0.20110306265526923,1.3553592319118068,0.7645763774322089,58.04077352115339,49.513221473273816
414,PY,PY Holdings Inc.,Financial,REIT - Office,USA,29.804354882005608,26166,2406249.4150366755,24.7190945013476,1.5431008684348861,1.5439210271717034,5.511700810036276,0.510386724490353,15.27084861435987,19.257679241342302,1.0623568726510764,1.1339846954307324,16.28748941538157,57.463898678833644
415,PZ,PZ Corp.,Financial,Investment Brokerage,USA,38.17199042012312,268128,7333558.211208186,23.00576635362127,3.6513345515062796,1.6223947383156807,1.9598724833418468,5.417403583671148,10.537555276830703,6.12300895198484,2.4743328494229395,1.0077433940791287,66.40817330511663,46.501491342440886
416,QA,QA Corp.,Financial,Regional - Mid-Atlantic Banks,USA,6.4994916600939145,915407,1765029.6592819702,22.22196705962852,1.206186143473006,4.109931760654232,7.56601075426313,3.9381800455052636,-2.5634389562035977,6.6010685479246405,0.2996772554994703,1.0561270264713722,23.274787905316842,69.62853850118486
417,QB,QB Holdings Inc.,Financial,Life Insurance,USA,31.419030654939938,2731510,7936711.275118359,61.33000156065784,0.49804150438599076,1.3481547347230043,2.09462510255788,2.0927978824516535,5.227163314935311,5.201106646019683,1.1455040182164322,0.5691656606629025,49.71626689403534,47.64290743488026
418,QC,QC Corp.,Financial,Closed-End Fund - Debt,USA,60.191751112831895,38101,81039741.86876132,41.13336870484393,,0.38381660173047044,5.056156887344799,1.483575455445161,42.48979704985163,8.802028553478348,1.0703058131873475,0.6056237429387392,7.120859893489229,59.645024405315745
419,QD,QD Corp.,Financial,Asset Management,USA,10.117022816490685,703527,544431.2809559703,18.252478283990065,3.203826805607765,3.4600759048394285,1.538153199988001,7.249324209114269,24.050820222262537,-2.2356021663763883,0.24286071436667314,1.623607732355769,26.357616208782524,61.898245041406476
420,QE,QE Holdings Inc.,Financial,Money Center Banks,USA,89.57778082645989,179185,46303598.88274306,24.354453134902695,0.6161282936716558,16.653467375355877,4.021013495283057,1.4518168888872955,1.7935437666051142,-3.626965199367108,1.2705326780891406,1.4273470168411309,50.71912239333823,76.89576935026268
421,QF,QF Holdings Inc.,Financial,Property & Casualty Insurance,USA,45.36132105824483,247750,10168561.530656058,12.819042104873539,1.1921366812666252,2.8804134751333157,4.033107113807111,1.304624500962723,20.629278362235752,12.282376776373999,0.7513659473566957,1.2405785433099168,10.584948725299,37.33066254270477
422,QG,QG Holdings Inc.,Financial,REIT - Office,USA,16.39105321266015,181235,2880363.083084227,46.9986496166189,2.0628055260908416,2.337703163521425,3.4319966270725226,1.2432569421519257,8.98174905450782,11.723247155466105,0.07109536315690891,0.5352507218285142,16.848329113271866,63.87617451026815
423,QH,QH Holdings Inc.,Financial,Investment Brokerage,USA,58.44397980995713,107852,12982887.612083608,57.42119961820037,2.6803446474212667,,3.131181273910079,-1.337168983333473,3.4027463681647667,22.184932055806932,0.8177361929662784,1.3399397250486902,28.99855475594457,63.49374708633061
424,QI,QI Holdings Inc.,Financial,Regional - Mid-Atlantic Banks,USA,34.25507394837758,1387289,8689653.585502174,,0.6400588157193491,2.6023426400790317,2.062984946373309,4.727456911689611,-1.0880465866247029,5.619734839088544,0.2601017623383614,0.35681502122234354,50.029761088555645,27.66908575647887
425,QJ,QJ Corp.,Financial,Life Insurance,USA,42.10548679144213,13869,13093030.677930363,20.830527261878284,1.5285667388160833,0.5600340224216578,1.9615026053543954,4.381066142041632,2.7428742710470067,2.7829304039379448,1.3372857092563426,0.8262072841390488,73.19430236570157,56.00866661813812
426,QK,QK Corp.,Financial,Closed-End Fund - Debt,USA,36.209913111111874,983576,2787555.1508788466,17.12771603546687,4.782499336660567,2.50388918086775,,1.1366962905746352,18.86368592968625,15.65923677584924,0.25164304233679585,0.15,37.875247418885046,61.182154508047475
427,QL,QL Corp.,Financial,Asset Management,USA,19.645670046855166,128057,209903.78072729905,31.965399569150158,1.1755130619954726,,1.8219967960157182,-1.3075304437103528,-17.419085662303445,4.345023151953124,1.030992612256142,1.615288847736157,44.38144281346161,45.12891164129751
428,QM,QM Corp.,Financial,Money Center Banks,USA,19.83449752824332,112575,7534329.4316081675,21.643682677922293,2.019914583553122,2.35029823296154,3.033123868470485,2.9063387828905154,32.690668908511064,19.493965646057717,0.2326688681193237,1.4770267002631936,37.58335523044326,38.81458969973737
429,QN,QN Holdings Inc.,Financial,Property & Casualty Insurance,USA,25.857204591345386,7106,280732.31145720516,32.44740459571411,1.7794660670767992,1.5012288580027335,0.9981980771267053,0.13865886696595053,18.074392966748484,9.227540173679117,0.44986233998649106,1.2458451877303212,30.05703811341876,30.15412657332321
430,QO,QO Corp.,Financial,REIT - Office,USA,33.94477887795069,49699,1012407.7861983908,15.276289626931733,1.6298132392606661,3.8366752217829885,7.301962891437143,0.33423403297606846,-4.403001876509135,12.745120733383128,0.24459912299693765,1.2624051441582966,69.11566688940647,41.30855509596962
431,QP,QP Holdings Inc.,Financial,Investment Brokerage,USA,58.11895741417325,195319,3500898.7685603877,15.400260014689414,0.8284318977932029,0.833787572712015,2.6903722045529475,6.082805128727655,19.57644907743392,7.169580471968558,0.2831229119208243,0.6260450570912358,75.59281122027896,56.333447024259335
432,QQ,QQ Holdings Inc.,Financial,Regional - Mid-Atlantic Banks,USA,26.91443548322866,771923,6570440.686048074,12.857165464627984,1.9816859639889193,1.6352143286540075,1.459102448366657,-0.41485976176397044,-3.4845984558545435,7.546717506069576,0.6700441632760444,0.9812152536835985,36.15992914141782,75.04723332533868
433,QR,QR Corp.,Financial,Life Insurance,USA,16.806650198149303,162817,367638.48190350906,20.550836661715664,,,2.772140445865422,-2.0252669416721214,14.123942800121084,1.743980920966468,0.06100330843359893,1.40719116439461,30.10156055003951,53.84230144786613
434,QS,QS Holdings Inc.,Financial,Closed-End Fund - Debt,USA,52.51932137178428,277676,5210415.834293041,20.309733849214556,,1.101701042647533,2.1810217275250983,3.4648335316384333,15.83759828359284,12.61406921929955,0.23566196807578968,0.6276898024165118,54.80989222579229,30.23071647192191
435,QT,QT Corp.,Financial,Asset Management,USA,53.67234601633675,691306,20482175.519196924,,1.5280217645411844,1.7827300119657237,1.9752489344537805,5.64288617908813,9.9122812435775,12.525188763415578,1.494406788072022,1.2643137420392494,66.83075176474775,44.12084296947156
436,QU,QU Holdings Inc.,Financial,Money Center Banks,USA,23.558666723251793,28029,9780096.154241683,20.837327327245642,2.9554178918382368,1.8789466379130966,7.090811960022014,7.523437779726057,20.485768114327378,8.298853227830833,0.15456471065104577,1.041306763077674,33.589792501493406,37.661443033731715
437,QV,QV Holdings Inc.,Financial,Property & Casualty Insurance,USA,67.46694516904756,54187,56831167.05718364,39.7027096965094,0.8986488849269547,2.442375250757533,4.654414052549674,1.9942336988644502,10.77614447200235,39.56773868188151,0.28382052153136905,0.9366688026017921,26.83253396951138,58.555326535756436
438,QW,QW Holdings Inc.,Financial,REIT - Office,USA,23.363344440633163,99048,5027147.823741015,12.44675843737216,3.0539077502540684,2.2740593185776707,3.7697310825644132,2.361523107477798,4.6462179748806065,15.38096185701573,0.24082596932755446,1.0367917340479376,75.41855667642793,95.0
439,QX,QX Holdings Inc.,Financial,Investment Brokerage,USA,51.421730878458966,27515,38291822.234963834,8.06013701491198,1.1174610363080597,0.3050172000351546,,2.2397908536624076,10.381568023160147,9.61304102352522,0.4880291783102489,0.6478559203669768,51.89842863786945,54.96741237802188
440,QY,QY Holdings Inc.,Financial,Regional - Mid-Atlantic Banks,USA,15.575017231700226,45702,508628.59060128115,,1.1218071509007885,3.028012735740144,1.8905545853707724,-0.4690737300710133,16.028264906975586,26.408412446819884,0.9135141263348625,1.4653399043131938,18.72737142161571,22.74630429635677
441,QZ,QZ Corp.,Financial,Life Insurance,USA,17.087105869595653,18879,1675156.5671719534,8.714510772793043,2.7565111721919484,2.157045737190675,,-2.925469672641706,-13.277043246927889,2.606072896249483,0.6982208382147084,1.3846721191799156,79.4431115777516,45.6029122521136
442,RA,RA Corp.,Financial,Closed-End Fund - Debt,USA,34.95958161253459,65092,30693391.705965206,18.236796535407496,3.3233209128384975,3.675476861800798,5.8782639967869255,7.303617224280391,13.88751388265697,30.329200145161078,0.802659620626409,1.5279753514148973,12.559333808411338,54.44283479282831
443,RB,RB Holdings Inc.,Financial,Asset Management,USA,7.341933059193103,72038,368449.32078515744,10.06247821254618,1.8790337849059127,3.494948771656359,4.125139504432423,4.314096791887059,6.115322033181467,11.261016620079602,0.45353369743519284,1.5529113295105312,53.03236476588984,38.759196954974115
444,RC,RC Holdings Inc.,Financial,Money Center Banks,USA,76.68763346766966,12636,3066210.486156626,19.195341882794377,1.3495966596945517,1.5330675576256056,3.1469578618109937,1.4558201926219452,1.5200119999986832,13.44104460443531,0.8218478290904585,1.6790299381641742,61.00289771762396,79.9208292960779
445,RD,RD Holdings Inc.,Financial,Property & Casualty Insurance,USA,46.6214760992035,324894,8412174.69945876,26.55628710337533,1.4836083503349742,1.642427144601839,1.1339590080894386,7.416167104335781,-0.4189674389936542,22.85443076714956,0.967357821837939,0.9472056355201388,33.39306563761123,42.67880181857521
446,RE,RE Holdings Inc.,Financial,REIT - Office,USA,16.46512216279287,36795,1670255.2607126427,20.94669002029824,4.730176199035988,1.1396962086882036,0.7408750983166013,-0.826985665699667,-13.41648537005728,26.91136403752719,1.4799973136442306,0.15,33.1590450328287,69.84209201981946
447,RF,RF Holdings Inc.,Financial,Investment Brokerage,USA,16.39396746071989,33963,965066.5644269517,8.614232644893534,1.335279308272253,4.7941581414359,1.4815873927404193,2.848239513471447,18.81121906876608,5.2307956396009585,0.8504428434381169,1.3435026900525127,81.35928962963565,46.239579168933176
448,RG,RG Corp.,Financial,Regional - Mid-Atlantic Banks,USA,17.52418483581082,218538,2358127.4951670775,9.67163633053965,2.006334312211677,1.5595171758563644,1.5966171947893402,2.6204996259871107,6.143542904633046,22.94700700469371,0.21946464870579324,1.2913751484814093,12.044529740008011,55.44794538161498
449,RH,RH Holdings Inc.,Financial,Life Insurance,USA,37.617099700422365,43946,5368391.06657044,11.969231437405476,1.0236498593539385,1.6475203515798953,3.2770223533278693,2.8640773519119795,12.94159049612015,2.1648178561309246,0.21661985761570962,0.8641850347452611,27.17876222421926,41.76775102881085
450,RI,RI Corp.,Financial,Closed-End Fund - Debt,USA,88.23192594460197,40358,21676243.213250052,7.629180275912179,,3.374364444807026,1.4582915177551343,1.609861352033745,-18.963689458231418,29.659639610651354,0.40590735937081335,1.7230072814170918,72.30995152552262,35.46288573348265
451,RJ,RJ Holdings Inc.,Financial,Asset Management,USA,26.857192810252933,40468,1502753.5945017042,18.58148892083239,2.331331372942315,3.472093752998211,1.7630582590361659,-1.8880567293553674,35.176884115722906,11.016170643312753,0.6161357547241445,0.615976431004679,55.78197896982123,48.04383263636223
452,RK,RK Holdings Inc.,Financial,Money Center Banks,USA,28.45840027227366,38200,1000120.3457706879,27.73592520319909,2.9918461315941913,3.1979193966095547,0.7603310949571219,3.104605805456425,22.453451573769556,31.158648363638,0.28224908292646106,1.5351564281076473,53.68714391852403,51.02353825666971
453,RL,RL Holdings Inc.,Financial,Property & Casualty Insurance,USA,27.1371834167817,233001,5111637.703682203,17.596178662050875,9.222604279298213,3.365627150620606,3.819242245208709,-0.08132971618099516,16.01907907093475,15.745724935194044,0.27857985302859245,0.478405840475874,45.213069715319094,52.91704575367081
454,RM,RM Corp.,Financial,REIT - Office,USA,19.763147143819623,42063,4327106.568338138,22.379096649396587,,2.773373031342938,3.907184531182096,4.349564258847209,3.3538919344922915,13.57259753521126,0.7696040001440118,0.5967622556128598,27.24513241018121,43.924940511514464
455,RN,RN Corp.,Financial,Investment Brokerage,USA,110.55924641045063,19081,1033083.0724470076,47.876068218914554,0.6679781508884969,1.0908798943543507,4.977136605231823,3.7721622968776316,7.570814525065871,22.79512870857515,0.37012538291567676,0.831584830150086,38.8536365855231,74.99816270357152
456,RO,RO Holdings Inc.,Financial,Regional - Mid-Atlantic Banks,USA,37.70929483310793,199053,3313050.629068466,14.780367974585971,2.2428568060057126,1.2604326006661692,7.468451246703733,1.702381980412403,7.562340201840555,11.869719937241964,0.8989203270802507,1.3366086355513436,33.48635724059629,49.133408172877836
457,RP,RP Corp.,Financial,Life Insurance,USA,11.555888194664126,150720,3068791.193191101,19.629206812195605,1.1260301965375525,2.394994233040895,1.8895047270668268,-1.1481010541136345,-4.505492965257567,9.624005382864617,0.42757473552759784,0.8193389533139579,19.58188810271665,64.36180687646507
458,RQ,RQ Corp.,Financial,Closed-End Fund - Debt,USA,73.95962412856362,6238,7817660.925502033,35.47689144901195,1.8251264503598235,1.109489695108284,1.6118681666555674,5.1608146942485975,-3.620986931809316,6.899706656631901,0.352166736358348,1.7441462451183527,15.731348128160896,67.58470374407769
459,RR,RR Holdings Inc.,Financial,Asset Management,USA,18.328633263825086,206981,2215820.1541522504,22.984296088401575,,3.421807638656245,3.3635197411218494,0.4356184861641039,13.304373029239706,8.169093895830688,1.1930144143702754,0.45948318300358415,38.45387225463296,50.26795961806119
460,RS,RS Corp.,Financial,Money Center Banks,USA,84.84031709525462,106975,98309885.64083663,,2.102537443698238,3.2034315314444815,1.0652947746825256,6.987627548217208,-18.03528256769718,2.467066792872145,0.51487797389304,1.2355601860886767,61.43458014166463,24.51557926166145
461,RT,RT Holdings Inc.,Financial,Property & Casualty Insurance,USA,41.59842185611226,77750,1604287.2884958617,39.06614653953033,2.0145832169458537,4.926837930839646,3.3698736568292764,-1.5661172705762927,5.041920990894418,0.9588763416887218,0.3879589958557804,0.7066766925005483,75.72078846809109,71.28566532125204
462,RU,RU Corp.,Financial,REIT - Office,USA,33.40707233773976,55217,2892098.2198736793,60.79238648422865,3.261584671669528,2.021303577475274,3.8502191010766205,-5.25145140890867,-6.277218671724311,20.77185718715659,0.4618127017771967,1.143394032699934,12.580259156950557,72.61682350928281
463,RV,RV Corp.,Financial,Investment Brokerage,USA,82.25214191212052,6546,11719882.277972603,65.45750810817758,0.6446121722797631,2.853152860004287,1.6629181909458843,1.1284862978620442,13.210334673125518,16.291519541697497,0.2717619007263425,1.8256528057613797,18.029169651812776,43.26468017262225
464,RW,RW Corp.,Financial,Regional - Mid-Atlantic Banks,USA,37.51069370084851,46913,1933787.9683942748,33.84455278206266,1.2794886165515242,5.897278691481456,2.211638500973736,3.5544184149242715,9.012036859748173,16.114086303326403,0.46935013553681415,0.8563075355396779,78.43270797868864,38.75013193801348
465,RX,RX Holdings Inc.,Financial,Life Insurance,USA,58.32345437858833,26805,5264895.121040584,47.27097312562988,2.1656476275565515,4.656069749330571,,3.1965827390728547,1.7864712843213546,-7.208993852863653,0.2484955531961641,1.0322784159471832,32.8556756382614,49.42637187551829
466,RY,RY Corp.,Financial,Closed-End Fund - Debt,USA,17.335817424225766,3372,13215918.520963436,9.469853378370935,2.1156675277078407,4.918966833057419,0.8625575745768996,5.2051388154949745,3.635001974415654,23.77580998527809,1.2185747050993232,1.0964030665727422,33.986232675328196,44.289846048189
467,RZ,RZ Corp.,Financial,Asset Management,USA,43.82715384581862,297502,13786426.599905655,17.854382212326428,2.0510739314437907,11.95717138814302,8.696250169145015,-2.0995717793911637,27.115119024976238,7.527651166557533,0.38698317785877473,0.680869232742438,11.005791935585343,26.438719613498154
468,SA,SA Holdings Inc.,Financial,Money Center Banks,USA,13.860863030539845,53983,1387915.8329796863,13.684832622168654,6.121866272352078,8.949106303441345,2.252895976767801,2.1817519029354586,-11.69407205583381,9.161370809473427,1.5682795507273195,0.7750117218854771,25.52655404966532,31.528794384705336
469,SB,SB Corp.,Financial,Property & Casualty Insurance,USA,55.36852740831003,31932,42516172.26382361,21.65406772506681,1.5073814922569697,3.6115905205006604,2.16058017391488,1.6958287764105768,27.90374236598788,11.84378684082316,0.17198566522917605,1.4360768698309545,40.74814118529667,45.13582225635186
470,SC,SC Corp.,Financial,REIT - Office,USA,34.89679790795309,70118,579968.8039035924,17.82534533706321,0.9863532581765382,5.166019535200131,6.174037812297223,0.2896137333836246,-15.352212011347888,2.7600564362939233,0.936242164338362,1.3933950110465616,32.65525113415502,54.29087269136311
471,SD,SD Corp.,Financial,Investment Brokerage,USA,32.521941514387166,16887,11502854.285073616,88.4772778075539,1.569961551614168,1.871812202587264,1.4296467740774341,1.6128149172617574,14.253850551328018,16.45763288053989,0.5525270208377526,1.294090786289446,39.14439697956306,70.83026118780212
472,SE,SE Holdings Inc.,Financial,Regional - Mid-Atlantic Banks,USA,14.498429524612144,12133,1229995.898242791,18.338067115665407,1.7310075943822651,3.0110222952301173,1.01731260785664,3.6345688803990353,14.363036009198794,-3.5133974401899817,0.5051656853367824,1.2085584496413242,60.27116701795172,35.831483493677794
473,SF,SF Corp.,Financial,Life Insurance,USA,178.41718152078911,38531,101918177.34157677,27.694268014473124,1.3361549295528445,4.197918215463777,3.1249861450843657,4.231908517695155,17.11351950291218,8.702207959318844,0.2446970119407449,0.7430663408892977,54.316186342864036,44.42522431700688
474,SG,SG Holdings Inc.,Financial,Closed-End Fund - Debt,USA,67.88088237890514,67230,30615523.518353604,16.750099235183974,,0.8812856252123911,3.27946264431709,1.5966811844568878,3.856394895028349,16.977123265004618,0.5609395449859153,2.2932080397291763,1.7059731932674658,59.925001802339736
475,SH,SH Corp.,Financial,Asset Management,USA,16.256519639628795,68042,3879789.4936175644,34.861657573666676,2.2454034533447764,1.5969306853793437,4.815924793993066,3.017566853673374,31.470369466805277,-7.214712827859572,0.3611513978814493,1.4202070919583647,27.26094714481212,57.199615203051295
476,SI,SI Corp.,Financial,Money Center Banks,USA,34.85494124168795,98011,2860615.7071508635,11.47700444472635,1.6391510727503715,,0.8812896858928437,4.384396963062196,-14.244318877270697,14.391075885696056,0.5414396791264926,1.3255800723591062,26.398594271532446,62.57721364739904
477,SJ,SJ Holdings Inc.,Financial,Property & Casualty Insurance,USA,29.996194577611124,38658,2774229.720823583,23.427540331063074,1.8019488410989544,,4.933051334161106,-0.18083081288186342,1.5709144281506315,8.062523825181438,0.1879227535107686,0.2903845536610449,37.091510419843694,65.76270208150532
478,SK,SK Corp.,Financial,REIT - Office,Canada,192.814242026696,162287,12668813.412592787,39.294470099031784,0.8930921549812767,4.472843429939308,5.309931994139882,-1.2547671581395634,2.3982558139375936,15.545675975141291,0.5821779345259153,0.9833903220593874,49.65459578548323,60.28404817494782
479,SL,SL Holdings Inc.,Financial,Investment Brokerage,Canada,16.638508598512978,114271,2372256.735920851,29.8654009432323,,3.3610066042209974,3.2631225791365184,2.7699095637757054,7.5832691632903755,13.537429944100317,0.5967354691596705,1.2208648548377006,18.717021307702588,53.1392644482548
480,SM,SM Holdings Inc.,Financial,Regional - Mid-Atlantic Banks,Canada,157.53987753506314,245374,52175214.768932246,10.408088198624553,,,2.0686603691662686,2.2549066449277975,0.8154186670659058,4.302380770560674,0.39997509822632443,1.1203198087287736,28.456666289577985,38.60086491826737
481,SN,SN Holdings Inc.,Financial,Life Insurance,Canada,35.15077006973475,182799,7507108.025178395,17.238689949309187,1.530545861957424,6.803690733424543,4.44051623028923,5.5055630707628165,-9.615704811142031,17.002085275605907,2.7954398287505935,1.5278174906953794,42.12748510155069,58.06597786814962
482,SO,SO Corp.,Financial,Closed-End Fund - Debt,Canada,101.96113635128114,120574,2837804.3468120936,16.35789724312042,1.935139570265356,1.3938113290577392,,2.550509964827211,-23.39110322241641,19.157552595111454,0.6169138875989698,1.1693934917016986,22.84573005087098,60.79662064038515
483,SP,SP Holdings Inc.,Financial,Asset Management,Canada,124.04126745465821,126580,4734879.231640384,16.102047674951617,5.305286146342688,9.060997654882224,7.891086848293876,1.7661643835220473,26.208755614783424,19.5458600549669,0.6449042353974436,0.6495698530764863,28.853215640534597,55.23907254077807
484,SQ,SQ Corp.,Financial,Money Center Banks,Canada,61.90412896859376,209456,1974672.9324383112,27.807158436458856,1.2315895044084288,1.0987976187598623,1.5298288942736828,-1.6759772331706109,32.85580405216565,13.385087957112633,0.8989925042488781,0.6447939099137485,19.411977511817348,67.57589742904766
485,SR,SR Holdings Inc.,Financial,Property & Casualty Insurance,Canada,30.072053841310865,28285,2961708.3607497257,29.379817455359746,2.0836501382398027,0.9544462025240734,1.8592936961902085,6.987600063427028,10.680310023402935,17.283856293422495,0.19264968389048792,1.5873965173562965,45.19535618694588,45.59700103449993
486,SS,SS Holdings Inc.,Financial,REIT - Office,UK,24.27750894519599,831655,7675426.247818982,23.37746161069835,1.0978472245904989,4.475722260273893,3.9891950143513304,5.083332728189633,9.512169714145976,-6.175177630747335,0.6401991549415362,1.34465606775066,61.16979898784148,53.552550022287775
487,ST,ST Corp.,Financial,Investment Brokerage,UK,71.14719048278025,86937,7864183.892465472,25.18042050268702,1.5444600421659174,0.667124889236123,2.273753398769329,4.013968210298911,0.42181267052864246,-11.745037258423494,0.3888787932629008,0.9130448080257219,48.04020720496512,53.92841451604392
488,SU,SU Corp.,Financial,Regional - Mid-Atlantic Banks,UK,31.28597143069336,2974493,2925452.0177812977,23.557731666978935,2.123752526156826,3.269882908477265,2.845327473549602,6.349343548132401,0.44859982085899386,1.9530567580100247,0.18400719264071427,0.9657830379115889,47.936555478906925,46.601155346762724
489,SV,SV Corp.,Financial,Life Insurance,UK,32.40095476253599,214930,33632691.639241345,17.262667980253017,0.9211947149316672,4.39277202263714,3.2347493859787417,3.5485362679701105,-6.557105143395285,30.33529375863205,0.2202071009418829,1.1731470536456259,63.98239536606152,57.215275339283394
490,SW,SW Holdings Inc.,Financial,Closed-End Fund - Debt,UK,27.342674955387967,155918,56582612.94603712,11.758291180942729,0.8538725431369589,1.7690812000941933,2.476364179819266,2.649501118026555,11.893756853505467,-7.884812301119457,0.5381425034588568,1.2003895244272949,24.315148485907127,50.56441519886036
491,SX,SX Holdings Inc.,Financial,Asset Management,China,32.1768502905844,141767,136883.66584248337,15.208025441759606,1.8989585092773016,1.8069039279278452,2.6004673376612604,10.410149730898276,1.2242192455922565,17.69133682539185,0.17849656562888383,0.9241742760428955,34.04183982201098,49.61601655443879
492,SY,SY Holdings Inc.,Financial,Money Center Banks,China,43.04265580839199,39031,998416.0802422455,,2.6529513483141463,2.470991443748392,3.5646295802470798,0.15995252770148038,1.9544843080508043,-2.2397505450715123,0.1680077341497582,0.7346775027566581,44.99588934522066,61.694500779100586
493,SZ,SZ Holdings Inc.,Financial,Property & Casualty Insurance,China,206.60475450984873,613583,35226093.55315983,8.483901496443785,1.421718089873216,2.253310886085849,1.3770764262633206,-1.110860383265484,-0.7174047317333603,15.528008710996,1.2848301142147196,0.3780645845059809,34.59482444081347,60.04779256078559
494,TA,TA Corp.,Financial,REIT - Office,China,17.536012432854506,30212,3516960.7903489657,,3.7932844361015348,4.322724020073193,1.979170251824214,5.214294997795637,15.776246550841009,31.845392536968085,0.8687357253857731,0.7105277132860637,26.471508259919425,48.59124049505574
495,TB,TB Corp.,Financial,Investment Brokerage,Chile,35.23529288882218,73068,24458620.54500413,25.016103263675546,6.410059145008598,1.2252206679443138,,1.3292676655030538,15.918860626414082,12.997697892525524,1.1314162303472157,1.6311610000794134,41.249341852794394,65.56884510490603
496,TC,TC Holdings Inc.,Financial,Regional - Mid-Atlantic Banks,Chile,118.4716030314956,818640,4738623.314717647,9.601202334512795,3.467254963204377,2.229508781193167,1.8986606512756514,-2.090467295169432,39.839362116959066,13.686930325107658,0.47098053500674303,1.6759476623419676,25.491554003012183,58.43992462978277
497,TD,TD Corp.,Financial,Life Insurance,Chile,18.134300781419277,11322,6037371.045872521,13.456246426126684,,0.7751366784057216,2.6396280763192883,-2.4183929618053335,19.759223556388385,28.542719294384685,0.3498654497633076,0.8346505799770269,52.73910638237861,31.034314543757745
498,TE,TE Corp.,Financial,Closed-End Fund - Debt,Switzerland,69.19213600246884,269465,14287329.176482515,22.074315787318024,,2.4461970079832644,1.4178690672593135,4.266791140068528,7.8002315136761915,7.838591299128138,0.313535505882282,1.0656460565669708,46.26429266991388,47.26229889120458
499,TF,TF Corp.,Healthcare,Biotechnology,Switzerland,12.21720846330616,18069,293049.5624552496,14.47918481294833,2.5353996089017734,2.3900216066046114,3.0955853047845623,5.735009846345656,11.265990575230209,11.336264372619636,0.6852159883122643,1.007875939485135,46.00005366395916,44.71435813664769
500,TG,TG Holdings Inc.,Healthcare,Drug Manufacturers,USA,16.54274904685043,83242,305908.9920947953,19.98926909678757,2.3251397651082657,8.845615881861594,9.106532804227202,-0.3275779969344028,4.405715896204042,22.96131589437532,0.259506722311578,1.266393779450685,43.07727544523324,44.516613740875734
501,TH,TH Holdings Inc.,Healthcare,Medical Laboratories,USA,50.66685509731229,150636,29655373.733375862,16.10766311401045,2.9280448935307586,1.3921341640664346,4.351326182463279,6.025364439363312,36.84591777822578,12.772041373221214,0.8365424011733762,1.5166523959661213,26.045937342287097,52.86234197521748
502,TI,TI Holdings Inc.,Healthcare,Hospitals,USA,17.897020906621997,657455,1350994.4832473206,16.41357501389174,0.9873753562543469,3.6944830356127243,1.0585260362798918,1.1064854707994032,5.826229742547367,5.531428657968762,0.20236301310773566,0.9665112739440911,28.731348949966502,33.64640829987954
503,TJ,TJ Holdings Inc.,Healthcare,Biotechnology,USA,20.38864875338284,10750,29623596.336983852,20.43938748648011,1.0741434830691148,3.5768618120416544,12.77841974097181,1.2440633826740064,9.714872955242365,10.9609316778629,0.3297547150310122,1.160381284186621,12.919816902733706,36.968529062058494
504,TK,TK Holdings Inc.,Healthcare,Drug Manufacturers,USA,17.90416667675892,33512,3686222.7423058506,19.453477364011082,1.895109189448082,,,4.884527739642978,-9.40921941253729,2.0981165728629287,0.5975511951197675,0.5406511296603308,29.218274394160254,50.18574545056336
505,TL,TL Corp.,Healthcare,Medical Laboratories,USA,11.869030660019495,368426,2236723.5455472046,5.589577365625281,3.735272447619449,4.717118030715583,1.900150872416246,1.530463872416933,-18.176243267369877,9.303664549405296,0.5205606496591492,1.5892658562180568,47.40676070488518,49.19673330453963
506,TM,TM Holdings Inc.,Healthcare,Hospitals,USA,32.07030030822907,5087,3904394.3617554214,24.261532434180303,10.3605603958023,3.0760618780648805,2.4290185227732977,6.600602171038876,13.972829660590797,19.52114642241384,0.4065527963052683,0.843495410494105,10.221231582181527,38.045473366319285
507,TN,TN Holdings Inc.,Healthcare,Biotechnology,USA,63.97992052161972,18316,4951813.063480403,,1.2119034030727125,1.760585898436701,,3.957572806905792,10.762387772063732,18.5090237661772,0.2635543113424563,0.8968467827026936,22.87602629742475,65.21659007408718
508,TO,TO Corp.,Healthcare,Drug Manufacturers,USA,21.472805446819017,95879,893813.9993620389,93.58357299873174,,1.3418790621039622,,0.21843221083242215,16.223507409845766,1.7892000484999038,1.2571702612931104,0.4986674256427466,29.040332856808448,49.51700831904127
509,TP,TP Corp.,Healthcare,Medical Laboratories,USA,21.7997741512278,15945,1312198.573842942,12.735405410920134,3.594966305847822,8.322075555855728,,-1.8805573954805896,16.57040266066018,16.262182555970703,0.5782962415124289,0.9409310438526999,50.7101377166851,30.02457624960137
510,TQ,TQ Holdings Inc.,Healthcare,Hospitals,USA,18.848234162601116,67917,29851338.658321694,19.062210561143495,2.0135246599875103,0.7864112123423257,3.0770872467531225,5.943418196850988,-19.137474857671013,11.396659880877662,0.21474854109760677,0.9720503558917056,17.12734244460891,66.07222749366126
511,TR,TR Holdings Inc.,Healthcare,Biotechnology,USA,52.87862906377686,339924,1688438.9736492052,9.32732719496004,6.412063586691877,1.6496696554103838,2.6382604652259083,0.5981405534324042,-5.251903259389408,22.43579281491042,0.5619895597282172,1.7433385694325476,41.37894245619952,29.794667307535242
512,TS,TS Holdings Inc.,Healthcare,Drug Manufacturers,USA,8.178000158492626,126779,5519354.241981915,61.481259623020506,1.4958031432075167,0.8570465001837894,,2.4127471411970673,-6.551202483033716,0.4489119502004346,0.1880690929767089,0.4813646687242935,23.593185680934912,56.968063025169975
513,TT,TT Holdings Inc.,Healthcare,Medical Laboratories,USA,30.174056058810663,15929,168694034.41610476,22.45924417324725,1.6430845878712652,11.005946827910806,0.9404437907033544,0.8655200171782909,30.810459244182567,-10.329211236273903,0.381717809913783,0.5061830080789158,62.79731826643879,41.945217352919336
514,TU,TU Holdings Inc.,Healthcare,Hospitals,USA,22.205955430288736,242377,1270943.2785645972,6.497109978094729,3.8624861036366585,0.8705159175990564,,2.825147784535194,-3.2947863280352685,9.147689482349254,0.8147891766563943,0.8397866857569494,45.02280912973892,41.626880408436286
515,TV,TV Corp.,Healthcare,Biotechnology,USA,25.246332147087866,138706,21468502.89809817,24.328426059371814,0.5918792231689292,3.040327462686803,2.2355632861943016,6.826034069690088,-1.5221331205254813,11.999593558458761,0.6758773080516286,1.2181440325295168,21.133677779065867,55.89622872188448
516,TW,TW Holdings Inc.,Healthcare,Drug Manufacturers,USA,78.60261335711527,900189,19634398.572363917,18.802588742762055,1.3451719428585043,1.0118946644908913,3.937071085944006,6.305375710684368,-8.538969504159837,7.8302429561247,0.19554173443782816,1.3056874427871556,67.2520769507178,42.4097417989091
517,TX,TX Holdings Inc.,Healthcare,Medical Laboratories,USA,56.97174254093466,522323,11480859.510331072,14.264802151482643,2.061764202448539,8.696706091915217,2.9841743401011818,1.1597411479821758,-15.315384935373995,0.6437807154622277,1.5224789915692252,1.6953004516787074,35.451943184710395,58.4752693542891
518,TY,TY Holdings Inc.,Healthcare,Hospitals,USA,65.23310117015313,8993,5882784.871644952,8.56548805301633,0.683369796590843,12.045747306439585,2.210747820519264,3.112966725500354,10.559223978230374,22.332521795113863,0.6285589301816901,1.143663793477188,72.94969690847445,28.724656970094706
519,TZ,TZ Holdings Inc.,Healthcare,Biotechnology,USA,7.8612809429716695,166611,459714.63902503974,42.833802990086475,1.3291216879853038,,4.229524659375037,4.591087532959655,-7.077363572291249,25.15771767317955,2.4750420975826803,1.2845471060349263,4.891526488789598,43.73692366898899
520,UA,UA Holdings Inc.,Healthcare,Drug Manufacturers,USA,32.783800653613184,137573,3226489.365306724,13.456122164567423,3.64884426422535,0.6820749251073474,0.6062165900664657,6.386924315579064,6.973969693949954,10.796363126001284,3.2067657309196425,1.8512812301627468,16.8013832066851,39.28983668131627
521,UB,UB Corp.,Healthcare,Medical Laboratories,USA,24.072397366406236,22996,2118030.4162319284,17.318296143847327,0.7415485172824715,,1.1675944753247154,0.7419710186660564,0.46468017895295244,-0.828543507927332,0.05723253185665157,1.7287398369363978,10.864523111403338,23.153322994931003
522,UC,UC Holdings Inc.,Healthcare,Hospitals,USA,112.65959565574012,1152661,281386707.2648282,21.1345526149309,1.4970124159246,2.127337944191514,2.370294985662136,0.7222988490934552,6.9108827478761565,-18.601327702188815,1.3237708723228587,1.6131879911462548,37.28988987572632,53.865360755647366
523,UD,UD Corp.,Healthcare,Biotechnology,USA,24.316780513146675,6381,1971311.7202595144,43.45161320245727,4.6403614940341384,4.069482150013991,5.766811432795393,3.6478259180269976,9.048426181201808,-3.712181627753692,0.17559337287376772,0.7164767991143268,55.43649197814031,79.22760098195346
524,UE,UE Corp.,Healthcare,Drug Manufacturers,USA,26.35512080074577,16100,1088722.5247364265,16.73769875198623,0.5258039637439473,4.268829726652198,2.222253316552971,5.542134922460454,28.66666139621726,10.689199420565231,0.672925169206253,0.4821495977729514,22.025282638509918,58.00349408417007
525,UF,UF Holdings Inc.,Healthcare,Medical Laboratories,USA,18.34972030668163,731971,1980242.3705088515,23.192931389414944,,2.193538557608025,7.271439439213787,-1.1687889164058052,4.103656417727932,5.907292421355415,0.6695072987387196,0.801244087104669,36.39847200099972,66.4955502972664
526,UG,UG Corp.,Healthcare,Hospitals,USA,19.082628821525283,258283,820522.0182169778,15.093958596099693,1.3193029193455936,3.1458676225305093,1.5968396046431046,-1.2158876565332948,2.9884635574524294,13.838272100862254,0.4189499360454691,1.3351411338321246,51.223354586593054,68.27067473713616
527,UH,UH Holdings Inc.,Healthcare,Biotechnology,USA,17.070527368324388,533220,198335.63885099176,26.234476919740903,0.817522957014384,,1.6963344528044877,2.2397420836593067,28.603924577066465,11.954678503692637,0.31534171151726204,0.7299060402540444,40.19588900169591,61.302347381036554
528,UI,UI Corp.,Healthcare,Drug Manufacturers,USA,52.780938236330535,61247,5428954.894280229,37.79199385843485,1.0047676867586557,1.1756313935179559,3.8478888797398914,-0.6834924960663065,17.89478541886654,-4.912142335948204,0.7704145155211679,1.2008669977272173,49.188728545344546,71.97570598457912
529,UJ,UJ Holdings Inc.,Healthcare,Medical Laboratories,USA,15.404239205161582,69592,1137435.3635062722,15.160393041881491,1.437855323884935,1.1501565712473163,1.6966663929512176,-0.2714557137493543,12.712419985870337,4.026758589756313,0.3376666803588056,1.0164332953463657,44.50887882401911,29.282003295158162
530,UK,UK Corp.,Healthcare,Hospitals,USA,14.84986973567313,77635,1510117.5069962195,18.80109009455002,2.282441619715316,2.3702389515834965,2.1925737856297842,6.447883391269306,4.398975484174265,-3.0047104218723995,0.7269570688663389,0.7174720392441567,91.89240630839426,55.47561958466357
531,UL,UL Corp.,Healthcare,Biotechnology,USA,21.516264282575168,3586,4220165.871643129,5.585802691802234,2.6743234491799335,1.0066205611549592,1.2146002646396852,0.3362289269686465,19.10567494337043,1.689931184678299,2.625691109594103,0.7381693479609532,57.808998417307244,65.20222271994832
532,UM,UM Holdings Inc.,Healthcare,Drug Manufacturers,USA,41.593645411633496,34071,10897997.907248333,23.67612446538096,6.329370998405357,,2.005263397541327,0.9769883732784799,23.306387301356466,18.316525535788905,0.3882915105864966,1.4160169601832409,30.40394408219186,47.03573114495826
533,UN,UN Corp.,Healthcare,Medical Laboratories,USA,77.6820016117381,115306,52719476.12706499,6.065878428726976,2.154567163773297,1.655721643690188,3.4029258878475805,7.7288071486230265,5.4981036161110595,16.87299605359263,0.9662069833829405,1.0061943139982703,48.07388561118986,36.25835105963618
534,UO,UO Holdings Inc.,Healthcare,Hospitals,USA,57.921630933694985,11331,46467986.467460506,18.810305738142233,1.8557515845374595,2.5483417586005537,3.443974464918569,-0.7429342415517795,1.158824447435733,7.075591750084556,0.34421847678964995,0.7166155980837028,62.08028332836072,55.15574199681989
535,UP,UP Corp.,Healthcare,Biotechnology,USA,48.50733064777279,124198,24179569.48011507,9.005969542348984,0.7574522819518552,2.358787412391821,6.579135049032744,3.246337283434034,4.753063970409281,8.022682536159518,0.3920894349858729,1.3587547239482416,31.268121888629906,34.3575824708413
536,UQ,UQ Holdings Inc.,Healthcare,Drug Manufacturers,USA,24.40945395912206,13993,1591841.7841983396,,,6.093595470605421,1.6376408498108963,7.021898918335825,-15.413663361372937,14.258631476669972,0.5502156393127486,1.421903899886443,21.933822957864656,47.254447288473294
537,UR,UR Corp.,Healthcare,Medical Laboratories,USA,8.364333131014098,16987,197549.61898090522,38.28113653668768,1.6173058562434868,1.1869398850586568,2.4515360560196617,2.484822974000974,17.21972242805615,-17.49430781103987,0.7162139884383221,0.5853907608143538,30.331675507950013,73.80346220709532
538,US,US Corp.,Healthcare,Hospitals,USA,44.85679234624821,122910,1811326.7159874642,45.5531584108398,1.7646385186018563,2.567792549263509,2.334115202292108,3.971212627064811,12.61752285215914,9.320463315023833,0.6166599592768822,0.7812244788691886,55.6441842696929,37.187506375985976
539,UT,UT Holdings Inc.,Healthcare,Biotechnology,USA,15.508152053879583,175207,700869.8191179028,25.05909586291057,0.818255999821289,2.647554340871895,,0.644107707685543,16.213093984741377,10.582571989060733,0.21299623576494386,0.2198038322228526,26.85291714030582,56.40982549588701
540,UU,UU Holdings Inc.,Healthcare,Drug Manufacturers,USA,68.50499479649136,11436,57752137.772121795,14.95962946617938,,0.7298188419307623,3.1020433523651945,2.97708381012444,-10.804931468174608,-0.5529045671293513,0.24045222301245275,0.8079252151500869,33.90857314524601,49.58428239479185
541,UV,UV Corp.,Healthcare,Medical Laboratories,USA,77.83632125188764,396522,4378222.6500045555,36.05728254550865,2.1829167394985727,1.2646427155518978,0.8918550412499137,-3.8456847475045772,10.350073510494648,5.656626860354995,0.1435112562696221,1.4390433012585522,23.838327493831983,71.83763563372588
542,UW,UW Holdings Inc.,Healthcare,Hospitals,USA,23.134015918145526,297959,6914534.162452329,35.98113657375539,2.1998991381681625,0.9592408607976838,1.9432979025237833,1.2425056389847533,10.501376853067008,-27.1313701019536,0.4014821774691984,1.39375630885904,19.473420583531333,42.86801217382606
543,UX,UX Holdings Inc.,Healthcare,Biotechnology,USA,59.42986341744575,128449,16618544.393609967,8.513258521427453,1.4089115511766372,1.855066032510003,3.928520592100314,1.2049502208625913,-8.320788640337536,30.425280291340894,0.5432899428443714,0.7254137622941444,38.74245958683149,55.86863180201478
544,UY,UY Corp.,Healthcare,Drug Manufacturers,USA,46.390249883681,64088,8604694.650480282,40.38688851034728,,3.4479253536673866,1.8709700479771671,2.1559099144333356,-15.262133848491889,19.463658153583925,0.07926450959765322,2.271667622768845,73.78373781680936,61.182375869679454
545,UZ,UZ Corp.,Healthcare,Medical Laboratories,USA,11.94831248825937,214446,1753856.176154536,22.484041741404738,,1.6685284248884125,1.7891469774545132,7.305820242724176,13.941032158926186,14.8154860743382,0.4636292103834143,1.2759945205681535,47.599646116154545,59.50412915827913
546,VA,VA Holdings Inc.,Healthcare,Hospitals,USA,7.481200589046498,197120,3004437.7066040398,17.086002123999663,0.9510691111296166,1.4935990229335534,1.6529502036701444,3.2989711902330443,19.325840529206125,22.04018700075175,1.306962389173666,1.8915624117695873,25.086995365090246,58.83710664300297
547,VB,VB Holdings Inc.,Healthcare,Biotechnology,USA,131.98624907522986,55464,25735354.787004527,22.138006956514616,1.2110708314707295,2.5986027572135755,2.2470199519182583,-1.8693144183975217,-2.695263631420932,1.9698732484906536,1.7367743340403936,0.5460273883479225,65.01398618398008,52.74257097978626
548,VC,VC Corp.,Healthcare,Drug Manufacturers,USA,32.905326702002306,61319,1194747.7553082346,8.304188699256075,0.8605847281928254,1.253388642905755,1.7685223539322237,3.101788522022573,8.494135470433022,2.048817253039253,0.11994509954879379,0.6032090825795858,47.839414960885904,47.61350778041319
549,VD,VD Holdings Inc.,Healthcare,Medical Laboratories,USA,16.92949573690974,114867,516222.93812872976,10.710945701063713,2.1560164676858684,2.1321754959162686,4.01957276053066,1.2455474777717048,11.83263587649535,9.771223864145677,0.7350744136517202,1.1890876278545057,43.46469128730213,56.77717285769478
550,VE,VE Holdings Inc.,Healthcare,Hospitals,USA,71.33755569719462,37338,10869112.296860235,23.676983878389265,2.699820628342706,1.2594945598349092,1.7815963732087012,-2.1599077498093187,-5.642335666544145,12.525299051816784,0.3312468063227338,2.5699957085802128,56.99234905483729,50.4482464793018
551,VF,VF Corp.,Healthcare,Biotechnology,USA,34.80365299060201,33493,28734979.713938035,17.11333396656089,5.203343326786288,0.5364030559967073,3.242292166914284,6.418086139265391,12.802167442988441,10.971937902716794,2.2205489652261114,1.2500328946798283,45.61964426227689,52.79121776277166
552,VG,VG Holdings Inc.,Healthcare,Drug Manufacturers,USA,16.447513972964533,240716,6449412.790830204,10.823509777109674,3.8191486704173587,1.2879642879470687,0.7468282498789397,2.373245480731338,21.66171648273345,16.43448842395089,0.5722711585230649,1.2654814079479808,56.21401474394524,45.01832005266427
553,VH,VH Corp.,Healthcare,Medical Laboratories,USA,50.379566416193406,42976,2568857.7661455874,18.85705210990333,2.162145562460335,1.8808734718235725,1.967898328349031,5.633414025044917,4.113338212088749,10.387994119098341,0.3305903726795402,0.9824209568722949,30.57924876695256,63.4576755978921
554,VI,VI Holdings Inc.,Healthcare,Hospitals,USA,54.56824954469677,52859,5125094.223554555,14.399630993314982,4.482454260871472,1.7651511906734616,6.4888764323346475,2.5100601449842657,-0.991254698215851,9.61970551965599,0.38453570970102363,0.9139426951507122,43.53179793554195,54.52367911462116
555,VJ,VJ Holdings Inc.,Healthcare,Biotechnology,USA,13.47214209172878,66487,3070206.6324952734,17.94878305838565,2.5760169449253714,2.1430152232091433,6.053329818311113,1.3432412447224102,-7.45730635638764,-8.465950385833793,1.1693039614577865,0.8432005582526465,92.31955023543043,73.67304157961752
556,VK,VK Holdings Inc.,Healthcare,Drug Manufacturers,USA,14.418741524984556,7296210,1758310.7326888917,17.767368889198025,2.953883986039333,4.311227991805303,0.8089356798964334,10.212018704849088,16.53313854697416,31.090167654663293,0.9826835899029202,0.7161705775461861,37.30872890290027,61.16269638074151
557,VL,VL Corp.,Healthcare,Medical Laboratories,USA,25.063979429053038,80607,3234426.5449849153,23.41498983486528,1.7446957696452978,1.3305083570953535,2.1226056410826066,6.4613992283238115,-9.48838867505647,6.154066961506054,0.5700102441994654,1.3634548545558938,21.327754860767488,35.979055083163814
558,VM,VM Holdings Inc.,Healthcare,Hospitals,USA,10.268603711988918,167463,7732862.756307321,5.932959492234439,0.9295921732887871,1.4183890681117248,5.261129902659177,3.124936802979187,26.17083107925067,23.888351476605653,0.5283010016048164,0.8360318664647508,18.215037674643696,41.242026458635934
559,VN,VN Holdings Inc.,Healthcare,Biotechnology,USA,129.39732944228564,12220,8314910.81323619,23.561342038181998,2.3894683807236485,4.158157591857476,2.995979067899414,8.410487525581397,22.006113482153683,9.794979188462271,0.23171304685077537,0.39678468965255087,25.312473043968993,64.49327988838871
560,VO,VO Corp.,Healthcare,Drug Manufacturers,USA,49.15659943947646,558325,2101266.8017171533,11.25762432199501,2.2832011561360614,1.4152340288199778,0.8647281990881397,4.4029827071132885,27.178155127066752,2.944426309742224,1.1967833045699527,1.173928305364444,74.9963689563628,55.40121477291142
561,VP,VP Corp.,Healthcare,Medical Laboratories,USA,81.90250369044426,539290,13168774.087584734,20.93471673242094,0.9591121318497723,3.5525287288292833,1.5825556220954884,5.88965655917654,36.314816684008136,17.9339488828218,0.5375803982146856,0.15,23.57521751431608,44.847992541566626
562,VQ,VQ Holdings Inc.,Healthcare,Hospitals,USA,71.85730229676551,1916905,56752954.46009031,15.893523463401415,2.192398334675921,1.510292812884122,3.254403750092971,1.0052564640594979,14.500487851573311,16.10938746716914,1.1740346584526062,0.7773044792617897,38.54680336318959,45.09627447788744
563,VR,VR Holdings Inc.,Healthcare,Biotechnology,USA,32.303246305738405,76943,8600729.993978499,,0.6353966329914411,1.8954185203715244,2.210917176256165,0.43638003718308993,24.01821860508681,-7.361194137654515,0.4573410496166242,0.7202819449062717,45.6613879301608,62.760616127337464
564,VS,VS Holdings Inc.,Healthcare,Drug Manufacturers,USA,139.17630934254842,287267,25755927.464025073,18.15341560317698,3.0944852168259014,2.561745337046788,4.330022713208442,9.367425219335109,-17.549688457455634,1.873874021645797,0.3546029745054757,2.1787378228754535,63.304197881839826,73.77996769082748
565,VT,VT Corp.,Healthcare,Medical Laboratories,USA,30.83455492662339,218585,26458811.037520733,19.155007749083936,1.2636635826916,0.5065785321535166,2.2737951026271594,5.909346839987617,7.784883732945622,5.977571318007307,0.19849776380552772,1.9966926646256073,38.99401575628671,50.85908587656711
566,VU,VU Corp.,Healthcare,Hospitals,USA,10.914303806528372,4080,565053.7455832377,29.323443611897698,1.3752403846476027,1.1867095712315947,1.6342411772566097,2.724553485566905,-2.551907028064445,19.270514331089295,0.3772129499602516,1.0060827494305136,8.647614604237651,31.595595496880154
567,VV,VV Holdings Inc.,Healthcare,Biotechnology,USA,32.40334159895556,28392,935439.6691757403,17.997256643217437,1.1607613434102821,0.7596356690240711,2.4362802747867285,-1.1389863186558586,27.2582706491337,10.930685180842389,1.8507304997247171,0.7702520977286174,19.960423949107188,35.83247985183205
568,VW,VW Corp.,Healthcare,Drug Manufacturers,USA,19.610387766240496,22360,27735489.700752433,30.664192698844634,2.623826853097032,0.687711594301526,6.572214456351963,6.0044590391106105,6.619482413934518,32.02114705173197,0.5672292384658877,1.5633536102036136,58.62757206615501,54.822175448965076
569,VX,VX Holdings Inc.,Healthcare,Medical Laboratories,USA,27.25966717064145,154527,1244559.1426716808,12.669866357402237,,0.8740569902158656,4.177832505588696,4.772461092806362,12.946433901523708,-4.704534661027722,0.09946041670302992,0.5924001528918996,24.69122699215012,55.28103567020575
570,VY,VY Corp.,Healthcare,Hospitals,USA,30.34674394300585,31599,22155145.9584847,11.212153861510627,1.951635070404529,2.1719398617341623,2.2236545634386315,5.193811412262719,16.52578225089409,14.608027725100651,0.06576749535585084,1.1849076933734237,27.221229384343992,73.39787785202327
571,VZ,VZ Corp.,Healthcare,Biotechnology,USA,34.36390762893515,51420,1569106.5349689517,56.91868171665474,3.2907712937962277,18.83484927033101,2.698047160900551,2.090137919871444,48.52557782662667,11.315577500323448,0.3732830641958762,0.9556268654297256,20.423962582614482,47.57461002328528
572,WA,WA Corp.,Healthcare,Drug Manufacturers,USA,24.003495752704495,5362,1308850.0953794632,21.054733810184498,1.2471033936565414,0.6085073194282841,1.8016517595850048,7.53237141525717,17.511339222166686,-7.061288001816521,1.5774351393077126,1.7590742026681943,41.58902641817267,40.21517929249573
573,WB,WB Corp.,Healthcare,Medical Laboratories,USA,117.06291816309638,137587,109866513.53819978,9.688586036330557,0.7458946211449687,2.1463102784980133,7.110137492213778,9.455522310650085,26.642896019549745,2.9380330610133134,1.490748504269249,0.9466979221483258,35.29214133204829,31.25525011436984
574,WC,WC Corp.,Healthcare,Hospitals,USA,21.015014060555945,168964,866202.6224066723,11.89377182089055,,7.134865212612547,2.396498482043534,3.7861890152689366,-14.452212650418534,-5.8832181474144996,0.5574773610280309,1.039961157489406,43.106860528326294,68.78385625863447
575,WD,WD Holdings Inc.,Healthcare,Biotechnology,USA,56.92241216221499,252991,2027954.0006250197,16.469784793810536,1.5089499771590456,2.5318322447385246,1.900656365779253,4.6357974699306075,10.680385906099088,18.086707551881766,0.3990978992056197,1.5956145167829043,56.50737251037579,71.00623492987579
576,WE,WE Holdings Inc.,Healthcare,Drug Manufacturers,USA,38.65384191729495,45977,6286701.017935379,21.208708772800957,0.4738597911702303,2.785116336805482,3.2202116358813173,3.7071530820687046,-4.058033433402617,6.079301674224134,0.18910236317828508,0.962344670422544,47.704665176121225,56.609500870230676
577,WF,WF Holdings Inc.,Healthcare,Medical Laboratories,USA,32.98748046177481,64857,58004516.67322905,33.43783939838267,1.2568364150799547,1.8822770305943113,6.86156032619484,-0.8581209134690941,11.763356760548588,-1.3088993582748838,0.2415851977539797,0.7464807715286527,11.556482378703741,24.982675219525074
578,WG,WG Holdings Inc.,Healthcare,Hospitals,Canada,52.73625708243465,2226239,11429956.697862104,15.055327656507098,1.7434383090957415,,1.0211015322360046,-1.1320274003274133,11.634339053785354,18.512648907871046,0.9909332462781003,1.3084738580102444,16.957258693901146,79.32412438565063
579,WH,WH Corp.,Healthcare,Biotechnology,Canada,20.233598729934034,1232907,3138498.7314954493,13.91863039114969,3.5772189018369214,,1.0609745023167605,-0.31451902238287444,-5.205398677012891,-0.1800077290896347,0.8196269155909239,1.4387224779098473,22.332371491170274,42.94163879581881
580,WI,WI Holdings Inc.,Healthcare,Drug Manufacturers,Canada,49.337413028496606,392654,9465453.479359698,9.905006561877416,1.1997308424428217,0.5715415420256527,,7.083076308970696,12.955311121277747,-4.445224519511164,0.37332543545986,1.2654707595035157,49.65431184831592,38.414167886124616
581,WJ,WJ Holdings Inc.,Healthcare,Medical Laboratories,Canada,8.038259019426652,2137,796375.7912804827,22.962893871251534,4.545975167934663,2.8805924301905006,0.41294165650900794,-0.691106958756917,-3.370372604168619,2.70327844136468,0.2100433008105529,1.1415669015535295,59.00853853923527,64.36562622718591
582,WK,WK Holdings Inc.,Healthcare,Hospitals,Canada,51.819875224812655,25805,976231.7192179321,32.70061975921553,3.5732833129531953,2.3817797422846105,2.466132942545358,0.1700287537495897,22.375558338218784,7.1144404407095925,1.1305919350972304,0.8377913834895588,46.866697625020585,21.331559170384075
583,WL,WL Holdings Inc.,Healthcare,Biotechnology,Canada,143.14541084780421,282831,39719269.81406441,22.19333936990626,2.0058828710921732,3.3728741157538105,2.3453951659704533,0.3311088656751533,19.85479552611542,10.208989904858582,0.3818546021193807,1.3282832470848607,20.51942394173571,44.58916266862936
584,WM,WM Corp.,Healthcare,Drug Manufacturers,Canada,13.736309967298363,2747,6202683.191625513,,,1.47340334727115,0.9981978437133778,4.291887310773414,-1.410542906428832,24.945785787285747,0.09183481456894843,0.8766655675332763,8.93902571071823,75.50634717905359
585,WN,WN Corp.,Healthcare,Medical Laboratories,Canada,71.32532245708418,118825,6742537.832098347,38.50102007973081,1.3634753398349482,4.670334742535525,4.939645907685878,-1.9866945434528183,30.328882913204207,9.864958131476065,0.6709320060351567,0.7903480021227587,14.575482971155761,41.96642528889491
586,WO,WO Corp.,Healthcare,Hospitals,UK,46.42891008952747,27311,4268819.071341174,49.72960997629648,1.5570295729147972,2.8058877729567775,,4.811298403522184,9.83776419640108,17.318924664094496,0.6504091867056153,1.9028957590284767,62.97396735116744,30.943566137916175
587,WP,WP Corp.,Healthcare,Biotechnology,UK,75.23293232811199,60087,151874831.47524217,30.40230191995942,0.8198771183037166,2.1888545521251546,1.959832092047781,4.669166046826509,10.271125036583648,-7.988192970787079,0.28913299057384517,0.9825548849150243,73.68797031904596,46.558502491649044
588,WQ,WQ Corp.,Healthcare,Drug Manufacturers,UK,34.78385714211217,17303,6090596.849069599,18.37541053827746,,3.197428981275056,2.7607051856152416,1.8691434148915729,-8.731519843642882,17.614583740150835,0.47092171293286067,0.30845089776442014,20.164429312333617,25.173698662276763
589,WR,WR Corp.,Healthcare,Medical Laboratories,UK,91.83788336717107,3325,9560609.61310957,12.396719849653985,2.2461505718106403,1.682629772341374,3.1823287942955467,-1.2996075748833031,-7.522708535669931,14.040963840622354,1.689029278128485,0.8913331063210168,58.84355541883842,58.355846901313626
590,WS,WS Holdings Inc.,Healthcare,Hospitals,UK,77.42435763547465,3984,5204235.7459269855,,2.2034314151667047,2.464563196913397,8.856074366827807,6.1607182578170665,8.833559107233917,13.28566328553393,0.4112738185066938,1.8178709013520842,58.41400578033211,46.11827831819349
591,WT,WT Holdings Inc.,Healthcare,Biotechnology,China,8.131710399596374,196958,2301555.6124171293,9.531914715890881,2.266604216709259,2.2008307752698015,,4.043268381615153,34.91114384377234,14.501338364672014,0.4082056365985998,0.40736977075254976,15.936615065319934,55.79715859878819
592,WU,WU Holdings Inc.,Healthcare,Drug Manufacturers,China,19.52861266669294,11113,310470.4057611092,24.20841705656301,2.0305171374402713,1.7154361231021737,3.5544363320598316,2.5982209119301998,21.464642541494904,20.595798142479424,0.7016861126474908,1.1895391087586393,42.58336493115782,55.21046483503231
593,WV,WV Corp.,Healthcare,Medical Laboratories,China,10.882762758280727,58741,778209.265521795,17.9415387540325,1.7235363194171296,2.2815882827230767,2.6068218173235587,0.4577169732075661,26.691577349257365,-4.940826847347356,0.5156365777481638,1.4851128304839607,28.5167028132898,76.57734972098122
594,WW,WW Holdings Inc.,Healthcare,Hospitals,China,179.8264181207166,856893,20196151.564216,14.459244372428515,1.9337491221559242,5.05760899419509,2.8925061544077475,1.2587568187550604,17.3791988662487,12.792759097321568,0.4623912234523095,0.8581533601011859,26.851118485025555,30.48494680419159
595,WX,WX Corp.,Healthcare,Biotechnology,Chile,29.898121034264957,58380,934461.1937595031,,3.6458629944568948,0.9029311460461422,3.8149804496968835,5.958549894730261,0.2787797785582731,-6.576145290518149,0.6092743358717843,0.7778765100140348,47.05183666094129,29.86819159440613
596,WY,WY Corp.,Healthcare,Drug Manufacturers,Chile,37.006180458923076,54254,39772773.65604677,38.70354193486846,1.35419497774325,1.624594150027235,1.1247164509386676,10.090182162230967,-10.24633557051223,5.032113024232577,0.2778787045316508,1.1074057048742605,29.80841870838876,52.99994972611527
597,WZ,WZ Corp.,Healthcare,Medical Laboratories,Chile,58.795544671418554,42517,22932676.560899176,18.20130496714547,1.2287932176561671,1.275637977017119,3.647751452220997,-0.2837044400658715,-1.532723607899726,17.501926291795602,1.1403964853453226,1.2982561045151864,77.03242748247887,64.94975529212121
598,XA,XA Corp.,Healthcare,Hospitals,Switzerland,125.92937227400245,705128,60322037.42781458,27.678012413046545,0.5738170074552212,0.6624620551794519,3.0909724071719866,3.7968292221441975,5.59236111760408,-0.33653847799433834,0.7348860008738667,1.0362394838555828,11.275225471792854,48.456040707555715
599,XB,XB Holdings Inc.,Healthcare,Biotechnology,Switzerland,28.33145217163928,266758,8676993.561461907,,2.389080666626414,1.682136650280731,1.9396489500184568,-0.5455641207666506,19.900509532653977,12.286385619514107,0.5329284331078599,0.7544803201005901,15.625542104162054,38.08426067144894
600,XC,XC Corp.,Healthcare,Drug Manufacturers,USA,22.055929912144805,40070,4956192.781494167,22.575323235309792,1.965981903268129,1.4847450819341037,1.2522510368265627,4.360660115310302,19.147679193376785,11.829481603126357,1.0852204234428866,0.8051733518915261,40.46609979783079,47.78009915057115
601,XD,XD Holdings Inc.,Healthcare,Medical Laboratories,USA,140.03876038325265,474332,7487580.851979498,24.198754305250937,0.6019490677995422,3.02544995848862,3.9659371509148618,1.1357859003929298,6.933373441925754,6.384027057370798,0.2054393583094724,0.8040532666935861,48.202981543407766,53.32198331600664
602,XE,XE Corp.,Healthcare,Hospitals,USA,18.9893575792788,100950,1765609.337685583,20.154180497411474,1.7678731708069384,1.393930764964277,1.4985555012383556,7.244141616419338,9.667071955144525,-15.945466895483747,0.21654432376563662,0.7123700988716827,14.826771968760195,58.33352276606517
603,XF,XF Corp.,Healthcare,Biotechnology,USA,149.1723873703259,7676,33458049.6858959,16.35209570459347,1.9969624559756358,5.404941101239755,2.1486862136452,-1.5081516307367213,20.10148096369331,6.473130760625073,0.35947823801016726,0.727814749567226,33.412871374001114,36.249313166337615
604,XG,XG Holdings Inc.,Healthcare,Drug Manufacturers,USA,17.869392424295068,55768,1533510.2281053744,19.192207566389424,,2.591664356438151,1.9795193320264135,2.689963525519282,30.651456001368423,-3.1735685155731037,0.18207909744729991,0.8690602079634671,32.67187452460256,32.37174106092973
605,XH,XH Holdings Inc.,Healthcare,Medical Laboratories,USA,42.337727681408225,119554,37117902.9966459,35.59300910885545,1.4961544066540537,0.6270367727445245,2.3257927442125235,3.226248751043638,3.9587857504907795,6.809665583871881,0.738925702894764,1.7367971814583254,35.79694960058316,65.80683403206136
606,XI,XI Holdings Inc.,Healthcare,Hospitals,USA,27.116544518798182,60867,31533311.490387708,17.60205403473682,0.6820125615298516,2.92328349098432,2.6694044171807687,1.4307683907834203,20.54396094579088,11.608324914873446,0.9014161240383792,1.046741820632634,29.8210227362204,45.790658192794396
607,XJ,XJ Corp.,Healthcare,Biotechnology,USA,51.73403666243113,144357,117267471.54349892,19.87586946833386,0.8986684695334671,3.1454980657112737,1.2383769331729881,1.956796729792149,24.382692676987862,9.944550427541184,0.40329374553005903,0.3634732814796402,67.35483753507542,35.65942044613274
608,XK,XK Holdings Inc.,Healthcare,Drug Manufacturers,USA,62.30683311320035,35569,3353848.080873148,20.953571200386417,0.5457497313855713,2.2473549263781187,3.4613587507153727,0.09668168208249028,24.42520727810897,10.009631448646829,0.18011933348755776,1.3329394415375309,74.85923972409235,49.057032813449034
609,XL,XL Holdings Inc.,Healthcare,Medical Laboratories,USA,16.594384043247175,73961,2406954.695377876,18.412263526962338,1.5339686751019599,1.3950103042655682,1.46618275007021,1.387851083632497,24.221338326778223,15.588964858628652,0.18060750181792562,1.2856774944362341,51.75451939070872,51.42533093104326
610,XM,XM Holdings Inc.,Healthcare,Hospitals,USA,13.797690531935558,1241857,1309432.774579202,,2.798235771120684,1.7489278754884592,2.2921739847969116,1.2537664278791156,5.585689331603941,21.200620322085005,0.8510800802667048,0.33936824572301594,39.183758264021726,50.654722931637735
611,XN,XN Holdings Inc.,Healthcare,Biotechnology,USA,17.878595748877363,75208,6977293.223938143,26.642158411460706,,2.0560766409638975,6.846762334265629,-2.741128753145619,15.075446164249914,-2.793031435617886,1.4724508676381036,0.67970957775091,69.1779131816833,56.87475594225171
612,XO,XO Holdings Inc.,Healthcare,Drug Manufacturers,USA,57.59762063737688,60696,29925098.14800167,28.059503950470404,1.4380773617479126,2.888048957349162,3.213315374942827,-0.7096577847676593,23.91309588925764,0.767815096206732,2.827007290619404,1.3601713511063882,46.383292865256806,52.27502238345185
613,XP,XP Corp.,Healthcare,Medical Laboratories,USA,61.12620652382981,157150,5619005.306122958,16.863128267604967,1.7694932217530153,,2.331472990803995,3.103225868608458,-12.06989492151617,31.22196996283411,0.5118241224494351,0.9843700051625147,9.726261479683842,52.6999219796843
614,XQ,XQ Corp.,Healthcare,Hospitals,USA,10.784538926096511,141364,3595305.8913931926,19.69709432813677,4.483462510463994,1.5509963290145043,0.587321089033381,5.217854946733924,2.9594151663457016,20.271382827749107,0.8674114261913312,1.1466601690727125,59.94418334543848,84.07550044466234
615,XR,XR Corp.,Healthcare,Biotechnology,USA,45.78409447261821,181071,12741373.916374719,17.65485585356165,1.741463401436458,,1.9328447532752582,4.007151105126317,-14.712488586112713,8.753097264819704,0.6030526017572,0.9102168420734038,33.603428816563394,41.54715425348308
616,XS,XS Corp.,Healthcare,Drug Manufacturers,USA,69.74049907056099,4274,6625372.984653566,24.578786574363953,1.7262743190462664,2.430300715308652,7.028096648179101,5.051855960342429,-0.4896246714571273,-15.99496967145354,0.7259238782024295,1.4826149196224674,47.62377510445013,47.37025396380117
617,XT,XT Holdings Inc.,Healthcare,Medical Laboratories,USA,13.86575730515092,10893,1540371.6307128859,19.882673822572297,2.4378341240865065,1.0863767798849158,1.4557383518650284,12.90917824412123,18.966259319241992,7.062958620562652,1.0105400512077949,0.9939945166285101,89.74402092948853,39.54881627285208
618,XU,XU Corp.,Healthcare,Hospitals,USA,15.55888787188806,428020,2186094.381040619,21.383089910201516,0.9863418850319287,5.699930887448628,8.701623775238163,7.981471432294596,7.2334782176691625,8.94590211165864,0.6298895969546588,0.42339906307356545,43.54468321340119,50.74356529578841
619,XV,XV Corp.,Healthcare,Biotechnology,USA,38.888647994771794,94545,12745467.558806384,23.839605368727817,1.3922198202715748,0.8068068981968022,9.9745176242919,-3.1702419404170734,2.4130124505966943,14.641657035768032,0.30877241749413575,1.3140608328310448,24.392696828701354,79.87977864859386
620,XW,XW Corp.,Healthcare,Drug Manufacturers,USA,32.34703619759042,119911,7661507.050160129,24.42625262105555,1.9789458096532835,1.5158222809006843,3.8929658391025113,4.662761468678433,22.116962911716186,-2.3381128524455175,0.6281996675353196,1.0204219750414052,52.494350257442136,39.463583607928385
621,XX,XX Holdings Inc.,Healthcare,Medical Laboratories,USA,40.45458858101547,53154,6711276.281670331,24.531886535626583,0.531088366767108,1.1106656081081696,4.524182803955639,7.784472300842552,3.2085681779449144,37.53561585576438,0.5595058856189605,0.6167991595159386,62.258755910557895,36.24973306787103
622,XY,XY Holdings Inc.,Healthcare,Hospitals,USA,15.571948362476098,87650,367514.5547533528,8.379065025716661,1.3543066874468992,7.28208189609539,1.0743411578303659,3.655800653043929,-7.739873849338245,-6.9656321734828595,0.6664726621599186,1.1177354425059134,49.858103981067096,33.71379219329465
623,XZ,XZ Corp.,Healthcare,Biotechnology,USA,63.32173679535015,927227,2025971.3043061695,20.132500808463302,4.1006849181677065,,,-0.847733026557068,-0.39023904073215654,14.341084916923327,0.7067861526753769,0.6706039629017089,18.164808454978317,64.59608522241348
624,YA,YA Corp.,Healthcare,Drug Manufacturers,USA,9.833807542033252,91952,579621.4934984444,11.881655195728497,0.6760181614292301,3.641378353651338,,-0.8222305587475178,-2.177140366008386,3.3076185559241953,0.07750202763280388,1.0911154915979935,15.689770475786439,55.402652815151086
625,YB,YB Holdings Inc.,Healthcare,Medical Laboratories,USA,20.178444687195462,17371,3689438.3540075184,26.335920960330423,1.9750146002237086,3.110001177468827,1.1509992071831048,-1.674280876522873,-10.449196529525633,-14.356950044730066,0.9747611192857366,1.4224458793808394,84.68174082208716,56.94134318739253
626,YC,YC Holdings Inc.,Healthcare,Hospitals,USA,35.42346327263104,584531,1779465.9328226938,19.463305744026655,1.8210387160534576,3.308082615129864,0.7421895369976895,5.603086688924744,6.889433250733013,9.77362630200049,1.6930730758623356,0.5367993959534763,55.958626307862694,44.96959890406391
627,YD,YD Holdings Inc.,Healthcare,Biotechnology,USA,28.391629526734512,136325,3957743.167435803,,0.8694819503803435,3.464055746625436,2.4668443175601253,1.5085288839785127,12.942549477810013,11.071590773707438,0.45858124519997856,0.6755682895202415,22.614961177858987,35.11468475210633
628,YE,YE Holdings Inc.,Healthcare,Drug Manufacturers,USA,87.85964990521494,13868,4206835.457694849,27.01142087016477,3.3382630023974214,2.0152898160984667,2.036590305083509,3.6247667798670484,26.406363707498368,20.561802864861676,0.6950127332112291,1.705817239109055,46.25304077008435,70.22804331262165
629,YF,YF Corp.,Industrial Goods,Aerospace/Defense,USA,18.41759980908,143000,889576.1236632994,65.49003102987466,2.068251890266525,3.4770428874192674,0.8894430669390628,0.41923583088741534,19.04255661439626,21.30307985042673,0.22588348288006035,1.5407124760756472,77.2490365541117,30.07640531949744
630,YG,YG Corp.,Industrial Goods,Farm & Construction Machinery,USA,41.43909831371874,154507,27628441.707315978,25.11924528345303,,1.790796896469462,1.4127137973210298,5.001353922847824,-6.194657861901588,17.988994484648643,0.5375246324986028,0.7060576963974793,58.45018656816827,28.149849756178586
631,YH,YH Holdings Inc.,Industrial Goods,Industrial Equipment,USA,24.249857258121505,181573,2275493.3299154104,19.255254785642748,1.2635574560068386,,0.5365001566997069,7.33724193772518,-9.233698955273631,10.129100066941295,0.7956229037034126,0.3250487544516747,51.976549708092726,40.991294545718056
632,YI,YI Corp.,Industrial Goods,Aerospace/Defense,USA,76.33871163243198,138654,183496352.3580315,12.708558611331807,0.7283637105695502,1.6387532775685831,5.330235471115132,-3.1863549266451083,36.620533233247166,-0.7198597450420632,1.1744940375595099,1.0374463978484958,5.939673143080507,59.48310567489397
633,YJ,YJ Corp.,Industrial Goods,Farm & Construction Machinery,USA,129.7771061491998,20803,18532995.54140675,61.28654232227315,1.2338781024867538,3.5958303454284284,5.728801908957549,-1.8916161044982744,29.391742030953157,23.164395474784826,0.744268940748028,1.0294301604093776,13.88481641109054,60.749351772898194
634,YK,YK Holdings Inc.,Industrial Goods,Industrial Equipment,USA,25.701941244865303,109461,45742062.291242495,12.112216902716895,,0.8276374227573372,5.736801283092123,2.8588471883534674,20.99682964381398,10.246417468436846,0.5705258420562042,1.4523435041791681,35.39101729544943,45.49438308466204
635,YL,YL Holdings Inc.,Industrial Goods,Aerospace/Defense,USA,35.245842003425125,648059,2135451.9332459383,38.551815220920766,2.480869329107175,,1.8856585411116225,6.266479170086846,1.3454721524493554,1.1700611215259205,2.1424864014585867,0.8468811460133954,24.536994149335865,70.40225659967795
636,YM,YM Holdings Inc.,Industrial Goods,Farm & Construction Machinery,USA,36.6240404974891,266808,3611773.9928849633,22.481395907008135,6.60748364415656,,0.5983885141755139,3.4321935871921694,-6.386444004427377,4.166349091780414,0.43437399047362346,0.9907328193294247,32.36372975161966,51.46466089250671
637,YN,YN Corp.,Industrial Goods,Industrial Equipment,USA,266.171916225611,171763,32318100.613802515,8.85570368983892,,2.742284009797166,1.2118032725547194,5.769988648076169,1.0770283665903149,-4.649222328379938,1.0628028168033752,1.0393719092616946,70.64687955674276,46.79011642122112
638,YO,YO Corp.,Industrial Goods,Aerospace/Defense,USA,34.86684092042352,99116,3294000.6553591443,40.052911329456315,0.8565873592694855,3.481121594951384,3.09543549626542,-0.9597139584601786,17.073092156989095,25.508951207958116,2.0617262236622658,0.49826961309910456,35.9609062911637,41.98449000265156
639,YP,YP Holdings Inc.,Industrial Goods,Farm & Construction Machinery,USA,51.83173842956167,39935,181367087.2469238,31.44767737822183,0.646217524085719,1.4615492381222863,17.320924123263453,4.4939382099078955,23.805394292561264,7.797207905059468,2.213073440296014,0.7847985459366689,24.636050989648705,59.090510866993235
640,YQ,YQ Holdings Inc.,Industrial Goods,Industrial Equipment,USA,18.126822898910152,92845,14241549.280989837,42.08645314320617,1.647992410311703,2.6472217926600266,1.4622958224690823,-0.8251366357806216,19.04624152537029,19.67281201729803,3.06229959096311,1.5172598332061578,48.21842909443211,69.48181781791254
641,YR,YR Corp.,Industrial Goods,Aerospace/Defense,USA,295.52959876915963,7733,53963735.18452548,23.6322816602191,0.7300060525814048,1.4902312598535874,3.359040534060289,5.78153737848217,28.105250846548223,19.880690301418525,0.49047519585621213,1.5199737233444606,64.98256019725078,53.83081456521876
642,YS,YS Corp.,Industrial Goods,Farm & Construction Machinery,USA,45.22332584995611,34817,7514988.607572087,51.18054146288369,2.1436674801343694,3.778158167848465,3.0629970943826224,7.899050929822172,-5.196441468189052,-7.248668353974736,0.3230396506431607,0.998175567216016,12.59230929403886,55.89989165104534
643,YT,YT Holdings Inc.,Industrial Goods,Industrial Equipment,USA,17.205774653826996,26506,1286151.9185527114,17.441145117208965,1.9033194444469463,4.181946673732473,4.2424406369357035,4.109166298551263,10.886928916309738,4.642770506620432,0.8427906503269613,1.1762250103139247,82.44831766632154,52.50708798651373
644,YU,YU Holdings Inc.,Industrial Goods,Aerospace/Defense,USA,51.73691476080306,157398,19467726.233409155,18.559064169043946,,1.2312832528790032,2.4340371440869895,1.1241542960537938,9.08323995865167,23.02729374272398,0.6582742904044493,0.7521291690371577,47.611465198037855,53.09218304237825
645,YV,YV Corp.,Industrial Goods,Farm & Construction Machinery,USA,100.11565379743796,27902,72499816.11106497,,0.8463386281635454,5.047522987060425,4.0865163797439505,1.581467908915168,1.8704874579754591,-9.22837990849606,0.25172530360106415,0.6420717215259855,14.875678426209776,38.40621188698034
646,YW,YW Corp.,Industrial Goods,Industrial Equipment,USA,83.9071584296233,297937,63701619.40962928,79.37726660983634,2.293664861530766,1.992894462255014,1.375397066718737,4.208790796719136,29.19946639973242,-15.943105564282114,1.3463195827916001,1.0749286103025004,37.81581733524085,33.015828197608045
647,YX,YX Corp.,Industrial Goods,Aerospace/Defense,USA,29.44015538647943,26354,2141754.558112008,15.814545690263683,1.3978135788876953,3.622857115604568,2.138176631057909,-1.4306741809609584,14.37291547342306,11.865784873894057,0.07013557893724905,0.733868839579498,44.420783391941626,59.093623313268594
648,YY,YY Corp.,Industrial Goods,Farm & Construction Machinery,USA,115.57744514103241,99152,18453305.820631336,16.510010474187318,,0.7658324389656973,4.573019197531288,-0.24477240227275132,-4.137628390055731,10.473269335166394,1.161126314705788,0.8934047026819876,4.364604105682539,50.347023417089964
649,YZ,YZ Holdings Inc.,Industrial Goods,Industrial Equipment,USA,33.37268626824172,203046,21373436.607422087,27.60495269655254,2.054743080910147,1.9549676302371126,2.7394409857092303,4.885255965880927,12.988561614022839,31.372575783289303,0.9518925488870688,0.6696748509719828,10.212542501848358,34.49336198955118
650,ZA,ZA Holdings Inc.,Industrial Goods,Aerospace/Defense,USA,53.67316718678564,4214,1991786.3175737222,12.338090875673554,,2.1219818360157214,1.4531592704528353,8.97310586535566,14.432650825566128,1.7878031250309778,0.737059655801195,1.3052987146439834,41.473726497996566,50.28566061047156
651,ZB,ZB Corp.,Industrial Goods,Farm & Construction Machinery,USA,38.44636203184045,4231,438591.05876745674,26.37300360955276,2.38240118560444,5.349873237814621,1.911814851964821,0.33743061794883156,-4.752852889658515,20.929061300439226,0.4498318977322514,0.2093717214115708,58.14201180116849,54.65506355816783
652,ZC,ZC Corp.,Industrial Goods,Industrial Equipment,USA,20.533431963365025,209118,2807813.4585469686,44.307017489399335,1.733128458873122,2.298276634416734,2.9926594767188495,2.859487441534375,-3.3837373138494105,19.043219320110943,0.6068278611131354,0.5439652441737471,39.03583555491666,44.92846818423887
653,ZD,ZD Holdings Inc.,Industrial Goods,Aerospace/Defense,USA,25.360537502472617,237135,1355410.5886285526,24.602409245208626,2.7465306184661356,2.732889082012979,6.9446007634731295,9.415047808269875,37.604402490716716,20.957349262775466,0.908727004488102,0.23016439420333534,33.39313358806578,50.8047544803823
654,ZE,ZE Corp.,Industrial Goods,Farm & Construction Machinery,USA,41.9164264051058,133677,8352007.22461542,48.5747097231209,2.2238510795952067,1.3850580377644102,4.034889575739422,-0.2425188008144219,18.63219043351616,7.536666332553986,0.520016311551701,1.1759197181749248,51.78999592713785,48.951254656384535
655,ZF,ZF Corp.,Industrial Goods,Industrial Equipment,USA,60.44038707887815,6607,19012978.178144787,29.57512016870045,,8.419114299962589,2.8678748179860274,4.735462761090054,-4.615960716826182,2.0218597334519384,0.22472391066541653,1.097737219616254,21.91608506492088,39.67874017750395
656,ZG,ZG Holdings Inc.,Industrial Goods,Aerospace/Defense,USA,56.222089378601694,29690,34922026.60466394,10.296956219374891,2.619158263424419,7.6555981305263625,3.468644309436291,7.871065691761659,24.93851544026746,14.83636694500326,1.0355026693527,0.6513292835407003,50.3223806929737,35.4641735146589
657,ZH,ZH Corp.,Industrial Goods,Farm & Construction Machinery,USA,45.558853906656175,1452962,1772024.0943136173,40.825022722698414,2.326231559372512,0.6211800993739904,5.163680455230355,8.074672182413849,0.7665205015244361,-7.949089397554854,0.3710929651448485,1.7967387744861942,66.41644915996562,43.90258029587184
658,ZI,ZI Holdings Inc.,Industrial Goods,Industrial Equipment,USA,19.881534456365056,200448,5733811.975528725,30.59420765303767,1.0740991056800817,1.4407744265967577,0.6180868654895983,2.7345351857574918,5.974399349607196,28.392459503465528,0.7789686993751246,0.22216295734696367,7.781609636598666,92.6411827990748
659,ZJ,ZJ Corp.,Industrial Goods,Aerospace/Defense,USA,21.56061434957292,22759,21534935.971006714,27.834177648737075,2.0720452130874776,1.5439829238938774,,1.40361842793282,19.255009914188243,10.779590575228985,0.718384097932951,1.085085812487274,58.37292936363744,54.36588003980063
660,ZK,ZK Corp.,Industrial Goods,Farm & Construction Machinery,USA,58.40428631570639,169064,22350403.84375272,32.32173787822315,3.607588579433796,1.5981028554077428,0.9946770121755999,-0.9760664172069906,-2.083900072231046,37.33845316987055,0.6049861239086348,1.2128585263624447,12.349216152395936,25.536357246379605
661,ZL,ZL Corp.,Industrial Goods,Industrial Equipment,USA,21.820469339337954,11882,629425.6564686164,47.20139864886413,2.9676443706199285,1.8641422479133978,1.6715538396909915,-0.3680208005548522,9.05497279797929,22.736315366055322,0.22030841628674513,0.7293304131396933,85.97178643514619,44.144347338403236
662,ZM,ZM Corp.,Industrial Goods,Aerospace/Defense,USA,10.147987155025382,139486,760734.6315894588,22.268646194499045,0.5279194198629307,0.8744089866285448,3.5674350895842446,3.913451407082467,3.5675517993569645,32.602908005025135,1.2293348939174513,1.1263582908859882,47.26127961130335,73.77860946047815
663,ZN,ZN Corp.,Industrial Goods,Farm & Construction Machinery,USA,126.93104869200441,124778,6450192.023292597,51.49896607799488,13.04454190540024,9.439869138983203,2.3830543427538857,8.113877447923432,8.061183522161532,4.550989105310602,0.6439047011570092,1.6675664239213357,62.35198852319471,36.00863647221779
664,ZO,ZO Holdings Inc.,Industrial Goods,Industrial Equipment,USA,21.00953090835436,151786,13765606.595407147,36.24078777989364,3.462300439658899,1.3772511994436663,4.047340341874193,-0.3263079841599179,12.146806206967733,17.875014577416906,1.041214776697278,0.6172069106520592,69.66719827926096,41.662049916785904
665,ZP,ZP Corp.,Industrial Goods,Aerospace/Defense,USA,11.26224016895982,74641,3555258.6692051906,26.698864707203892,,1.4716373595305903,1.57571690481802,0.4239753912629871,1.0478806476411568,22.225256179743848,0.7966507465504669,1.0397487162997119,65.43415765076514,21.26058582143955
666,ZQ,ZQ Holdings Inc.,Industrial Goods,Farm & Construction Machinery,USA,90.87842003402065,26249,2647713.003132663,14.940003427140304,2.809798134075956,3.260634941750717,3.092811855510773,7.236105997154375,-10.377247851189896,21.23603914416914,0.9780471576298767,1.3642796045982306,70.23800694994364,51.63019001278136
667,ZR,ZR Holdings Inc.,Industrial Goods,Industrial Equipment,USA,23.76827910030165,206399,7951307.326302296,15.845719831321572,1.865880255695026,3.925582410926709,4.018288198617493,-5.07934811918331,7.126006075348168,12.53657820783301,0.7165412920495556,0.961219459895969,4.438272688169344,52.83037871587129
668,ZS,ZS Holdings Inc.,Industrial Goods,Aerospace/Defense,USA,42.91008507276541,29988,7880542.293338103,18.04907447620113,1.5514071314403834,2.2623227399248194,1.1418557452450326,-0.5535260747971007,9.314690743246297,13.30192554212973,0.13760503160521223,0.9882547336301098,63.446152983078306,47.40554822422386
669,ZT,ZT Holdings Inc.,Industrial Goods,Farm & Construction Machinery,USA,191.92922713782494,5513,131070549.94609699,14.614402265990995,3.819238570671933,,1.9879795560015476,-4.07118658945088,12.644107252726034,17.464684249772098,0.6681580702450586,0.5633664684174259,35.190433118773726,46.01818385528249
670,ZU,ZU Corp.,Industrial Goods,Industrial Equipment,USA,36.32827765303856,135763,6638785.083778827,23.385813167601963,0.6353027022182068,12.154620312015279,1.7703686299082442,7.4741733539224295,21.38313284249635,31.379424961153195,0.5717693140034844,1.1795638295607003,43.61918648581155,49.646866218332576
671,ZV,ZV Corp.,Industrial Goods,Aerospace/Defense,USA,42.187419368804434,95430,20324060.263155527,55.2773875692042,9.07097622449353,1.131687904241129,0.8597419417078501,7.795240268355299,39.23145580535612,11.498154490860479,0.33503314707429,0.15,79.89334342954454,51.76115038003349
672,ZW,ZW Holdings Inc.,Industrial Goods,Farm & Construction Machinery,USA,56.17721273254995,199962,12013342.239166662,23.852723694600854,3.5609308340646524,1.1624865872137873,2.1001916412324158,-0.7652944575775575,2.2066583392934405,11.239003500082044,0.568269337539683,1.6261584093767112,58.14640407264394,46.04493941628265
673,ZX,ZX Corp.,Industrial Goods,Industrial Equipment,USA,56.05130452764311,245728,1439850.6905100986,31.868412397697096,,,,-0.7194575435134909,8.124228423933776,29.330016387793588,0.310656834693526,0.9279279062443697,13.824971434046141,23.741526001391776
674,ZY,ZY Corp.,Industrial Goods,Aerospace/Defense,USA,63.27942850498657,60860,5294021.212400715,15.971335255639946,,3.606379012254734,4.477135443775923,6.1639222616272935,-9.981207657128781,10.22030073784433,0.26042143304366844,1.0270759744214686,79.23829542794513,40.61908524696706
675,ZZ,ZZ Corp.,Industrial Goods,Farm & Construction Machinery,USA,20.479149602899977,50699,1255360.9755963818,45.53330826483378,,0.5883142543937834,3.5604208631918586,2.6752717601308658,7.871239703287041,13.128661144971687,2.481599450976745,0.8367278117895696,56.74132012826384,7.261262761139484
676,BAA,BAA Holdings Inc.,Industrial Goods,Industrial Equipment,USA,165.77899084858785,1169,12304181.672195699,45.51659565137307,,2.5010901521453106,0.7494209719186506,3.065082826765026,2.4197114552073744,-1.4105881813147683,0.31757734132880217,1.5937454786762548,46.41552529940757,54.03168466098645
677,BAB,BAB Holdings Inc.,Industrial Goods,Aerospace/Defense,USA,17.75083591822489,19065,4679628.501680908,26.655598433565576,4.341482463435531,17.496608557928287,1.936227954653915,2.5526383067956115,33.45422371346102,17.493577519945,0.6418165486267724,0.724727566437642,69.35479668172636,55.21662588719856
678,BAC,BAC Corp.,Industrial Goods,Farm & Construction Machinery,Canada,61.36741903066164,19696,1596752.184199619,,0.9816036207289752,1.8411590070308264,3.874485454380948,5.217556672717221,12.662818090938664,6.531939938026419,0.6467639683940501,1.6417716267858906,21.633023424240164,57.703560487021186
679,BAD,BAD Holdings Inc.,Industrial Goods,Industrial Equipment,Canada,12.906987756398346,27923,145108.22537178,11.555691217916122,2.96779828250222,2.5781493844030257,1.3000772121542192,0.5416284214928928,9.870864704642276,-2.6223945658115255,0.41205219468345944,2.121446170202703,14.757901006431492,77.67325403109294
680,BAE,BAE Holdings Inc.,Industrial Goods,Aerospace/Defense,Canada,22.018919144263734,349649,6194296.597939785,18.235409517745275,,4.1980430031927565,3.2170651779426835,1.3789986566889596,-4.805152294560218,0.23240769738216294,1.1293945845300077,0.22732578243278712,47.00265438476631,39.22443975611198
681,BAF,BAF Holdings Inc.,Industrial Goods,Farm & Construction Machinery,Canada,76.82331247220958,45761,2029296.75273534,8.558875253738435,1.319518070139143,5.872405540090835,3.499925137768736,5.217801261784536,19.178678146233455,15.714377615628138,0.45128171556716823,1.1231724052725172,4.041308463829053,43.54508368758797
682,BAG,BAG Holdings Inc.,Industrial Goods,Industrial Equipment,Canada,56.318984136639976,62573,6278610.166623683,21.077224035393204,,6.315629320981632,1.497237856296948,5.867355274649183,-2.103750356216196,0.4198440314298857,0.326551924080321,1.0263985351578964,63.61625002264135,65.91165546820892
683,BAH,BAH Holdings Inc.,Industrial Goods,Aerospace/Defense,Canada,16.67197103230611,17757,15132192.124529248,25.516479162149903,3.329508323641374,2.858965989869042,3.6617153003802896,0.6296250105522516,-5.0861245313190135,17.80565376979067,0.3948472165244646,0.5637032566915877,12.784742843322519,16.38294273772315
684,BAI,BAI Corp.,Industrial Goods,Farm & Construction Machinery,Canada,26.261080824333305,5120,1932231.0432713076,21.071675989014246,2.067027566342633,0.4846725174896889,1.8253138328367704,0.0407626355457249,39.887644964433036,30.009849092153857,0.7629715297046897,1.5625097751660215,40.512509707933006,53.87224697233486
685,BAJ,BAJ Corp.,Industrial Goods,Industrial Equipment,Canada,31.329013020746615,91563,9552714.78741429,29.667501582924128,4.7064124968640275,1.2669860297331204,1.3632379079892245,9.259023419339675,4.407672298946671,11.616915127174112,0.21182196239511958,1.1792491553288758,11.2352592878082,69.25550617000796
686,BAK,BAK Holdings Inc.,Industrial Goods,Aerospace/Defense,UK,47.37391464934951,13025,3137406.898207541,13.668963871016732,1.8531930954258018,,1.65047791104563,1.9220904682790985,5.7089582565895975,17.380533293053933,1.9883431010511672,0.2946744651532932,17.919748622278455,44.25409997984701
687,BAL,BAL Corp.,Industrial Goods,Farm & Construction Machinery,UK,62.75812105647101,11933,61261908.20090601,63.951731331729725,,5.261136829310373,1.6414867463314131,2.7521114365851176,30.890667388672416,-1.4705256243206097,0.6340905008944477,1.247102366333427,39.47445426311991,51.45799323474885
688,BAM,BAM Holdings Inc.,Industrial Goods,Industrial Equipment,UK,84.5767772898283,129999,2063466.780629853,62.58535391043606,1.1155084960460315,0.6892882501890394,,8.16591368203485,20.03146696947792,6.765914627543841,0.3172526584232982,1.5607709528413611,40.036688659238614,58.637887216563364
689,BAN,BAN Holdings Inc.,Industrial Goods,Aerospace/Defense,UK,7.927444114879754,117907,6692296.008652405,23.731649428920267,1.3812103264307372,2.3607782612606476,2.124353842310779,6.797234637280351,4.065675238135238,-2.886314429680848,0.5032196773146339,0.6756130013646608,67.0999556000926,76.04706761353128
690,BAO,BAO Corp.,Industrial Goods,Farm & Construction Machinery,UK,54.539782702020226,38143,6317984.522328461,36.55108400289607,2.5056300460539793,0.9909978134295211,7.250716017138251,4.162601072587216,5.172755037457737,-3.750282211463645,0.681236215572933,1.2981464421789954,48.786662967628494,66.84215480644052
691,BAP,BAP Corp.,Industrial Goods,Industrial Equipment,China,9.178683183314503,1203658,1127427.4228782323,19.901785474854208,1.8818922798449893,2.4910339149933485,2.2194980681135927,5.570558400401163,28.50534162434521,20.113720274222977,0.9330792980456157,0.7789838202230793,29.4150567101734,60.13347212613042
692,BAQ,BAQ Holdings Inc.,Industrial Goods,Aerospace/Defense,China,72.69356585924011,7958,67839225.34753273,28.311630812450662,3.1040887043877636,2.779355021037059,1.8748498179151794,1.8195006889049918,21.269490869774536,-5.213195896189212,0.12706435146203246,1.7286372825648093,31.926545166340663,70.67137637607136
693,BAR,BAR Holdings Inc.,Industrial Goods,Farm & Construction Machinery,China,38.297055652980646,101789,4813929.240235594,17.69348109484867,5.8553406482842405,1.723641077376978,0.5855897190769511,-0.6572859683409686,-6.42430710802684,12.250800481495071,0.8728153372199485,0.15,28.189341334522982,37.065254234414745
694,BAS,BAS Corp.,Industrial Goods,Industrial Equipment,China,24.286425151935564,863387,2546513.996793412,18.300293990457586,,,2.0006117043160816,1.214357258899617,4.768114449348053,18.9083066723137,0.4957231955626569,1.421115783353744,73.07369171641443,70.10531873289449
695,BAT,BAT Holdings Inc.,Industrial Goods,Aerospace/Defense,Chile,4.116559563841294,241020,492619.70772086346,19.67620159530564,0.4531306254810585,2.3265130425138887,3.4180781451222453,3.557116909265608,23.502119603398548,-0.24306835698896379,0.44969611538403664,0.9934505766273652,71.16869812432837,69.4096384153693
696,BAU,BAU Holdings Inc.,Industrial Goods,Farm & Construction Machinery,Chile,67.61743124761095,12358,46906623.74738798,15.10339180610481,0.6019862945331503,4.610737183051497,1.5268079856581662,0.4309955773641354,34.009902118069306,10.47437974048354,0.6794410384146661,0.7579156498950125,24.308669138863234,57.955223495185834
697,BAV,BAV Holdings Inc.,Industrial Goods,Industrial Equipment,Chile,21.46492405593583,5801,5246890.076327887,18.258719618446218,1.2146562845735727,3.1199964679399335,2.0697284348873453,4.685559896741468,29.08726529555642,13.738954226322928,0.939849530665793,1.5702610868905378,55.29807369128037,62.15224186764763
698,BAW,BAW Corp.,Industrial Goods,Aerospace/Defense,Switzerland,124.67673660464577,28401,45822576.47500371,13.796857630867382,1.2684312556547759,2.364420665233394,,3.347627487633935,-0.2341437544879632,25.958794129396132,0.25161975654777924,1.1677313686113469,23.524047035940434,50.573366795144004
699,BAX,BAX Corp.,Industrial Goods,Farm & Construction Machinery,Switzerland,45.03956336230079,37013,8524539.877005763,10.87760157236119,1.1967159459480836,1.7692608520374884,1.2647021677148509,5.812805309379333,7.483360229797259,9.880086831906816,0.4503352548026298,0.8027079906399228,22.718912790918715,44.25933086280881
700,BAY,BAY Holdings Inc.,Industrial Goods,Industrial Equipment,USA,23.41009796239784,352984,16599388.034557164,17.26814244592856,1.1083011748678848,1.2900105023749069,4.7299931723029,7.029833088356909,11.415806631967055,12.111142055397245,2.446517344762818,1.1608565788268246,12.442507640338324,35.250005128583105
701,BAZ,BAZ Holdings Inc.,Industrial Goods,Aerospace/Defense,USA,24.920791097988033,469882,2031323.8853654074,13.084500800695281,,1.8795729481474388,5.086363280453917,2.146748354413331,-21.709867777442593,1.014143030040465,1.318080873034989,0.9845946084805175,27.574914285963136,62.312679060607984
702,BBA,BBA Corp.,Industrial Goods,Farm & Construction Machinery,USA,24.664034338497288,14042,5710551.110456044,59.94319069809594,1.0199020654209439,7.621576782683495,2.4500986168444894,-2.3192913319628636,5.696796554853621,0.5711038871912368,0.7760278114109413,1.3980299172304251,28.905947689277934,40.087591799610934
703,BBB,BBB Corp.,Industrial Goods,Industrial Equipment,USA,42.87242366584299,20289,8818925.592284026,15.101848244821012,0.45805748024584003,2.224106257129007,0.6631224820374099,-1.4562853323640144,39.05425267621916,19.504638589755967,1.432427173338927,0.9868710712433176,22.039658085340854,39.243485807989615
704,BBC,BBC Corp.,Industrial Goods,Aerospace/Defense,USA,44.97413413554634,148113,8045803.504025225,24.183603462619015,1.26461752706732,,1.1229393391246503,-0.12999677207344806,4.047631413050986,-0.38075974573083826,0.3862196266846842,0.9762333104600178,38.81786194621843,66.05322645489747
705,BBD,BBD Corp.,Industrial Goods,Farm & Construction Machinery,USA,43.19398096450976,77178,2854533.670468508,42.263362932599335,1.3311602756668754,,0.5534638932053314,4.4402564409017975,-2.4070296627586085,15.67067197416602,0.27248332882399146,1.0004849590831306,6.2234429527827135,55.66569448800152
706,BBE,BBE Holdings Inc.,Industrial Goods,Industrial Equipment,USA,37.29114021321609,19204,3578370.716846924,42.16686275231468,0.7125634768099789,3.1663542763055075,2.381987867584392,4.211383868262615,1.2312252823465748,1.0026898053086963,0.6068456717634446,1.7921360955005077,33.50103864391091,29.166655013907725
707,BBF,BBF Holdings Inc.,Industrial Goods,Aerospace/Defense,USA,91.58512513836423,72949,24570828.994489245,9.055720458128457,1.4287597319497198,6.009903335255893,4.059339315760158,-0.6659226037190238,-8.780402127481171,8.075579029045196,2.1281066395009436,1.363509671079251,36.6830303274312,36.76303768497793
708,BBG,BBG Holdings Inc.,Industrial Goods,Farm & Construction Machinery,USA,84.60362089171468,721996,2174956.7034293124,41.93102979782389,1.3527993205435458,1.1355160499876007,2.6717539261827743,-3.6142942846277326,-17.157883061911612,11.78294261911453,1.0058534673663801,0.3220703436182325,29.205977744630246,55.42619085424023
709,BBH,BBH Holdings Inc.,Industrial Goods,Industrial Equipment,USA,30.12850085314612,5377,81685604.2735711,19.118932594483212,4.45840337117669,10.3200602028382,2.6038324501431287,-0.920945513658189,28.67441139103607,3.1565977160797214,1.6112890979928616,1.6343435983960877,61.37988640508283,53.16424116759015
710,BBI,BBI Corp.,Industrial Goods,Aerospace/Defense,USA,24.449237220956192,18750,712527.1238279166,41.07142912926816,0.7832691870692945,1.5043062281035364,1.663498695198136,1.7392448753085947,5.2946058055745056,13.15511069502064,0.5836969536037601,0.4281029019713607,31.227926034998575,69.12358123095625
711,BBJ,BBJ Corp.,Industrial Goods,Farm & Construction Machinery,USA,35.05696989217327,233021,14575270.87115446,38.738221453294244,1.035367010121345,11.95687453499089,2.35187880502491,-8.001067123826259,37.569250581540715,12.359862107750576,0.28791562409326066,1.2536808134910544,53.995323347675075,56.40264455569046
712,BBK,BBK Holdings Inc.,Industrial Goods,Industrial Equipment,USA,36.668291167357005,225165,3141606.926883781,72.8714738434861,1.0806669600376708,1.664055811475365,1.4697382018955882,3.9980911571766353,-7.860626498385669,-2.828510507948936,0.3460925816318527,1.2044839609158695,37.967810318041636,68.55862626907332
713,BBL,BBL Holdings Inc.,Industrial Goods,Aerospace/Defense,USA,25.666092699495902,8727,32200393.22890065,,,2.672997702349459,2.65540023865183,4.192898859772652,-19.80806856618589,13.051632223610776,0.3201651237133812,1.5436838878856824,9.699718625457168,52.82257543114718
714,BBM,BBM Holdings Inc.,Industrial Goods,Farm & Construction Machinery,USA,50.41148462725401,237905,39909648.03597129,46.47374225950723,1.577406740965223,3.691521231219157,3.353199083552155,-1.8650196170860194,0.5009269846118549,13.520853183947768,0.7354787820400689,1.1519346931087506,67.69489846276736,81.57762342001473
715,BBN,BBN Corp.,Industrial Goods,Industrial Equipment,USA,32.14413627312592,194017,202937.18047468667,26.809591632816673,2.3094616337896303,0.4148985832215814,2.053977036111236,3.776285299749607,-3.253545075398433,-3.384642051895595,0.3067419822530052,1.294126903349032,50.24919520269481,72.08578226145943
716,BBO,BBO Corp.,Industrial Goods,Aerospace/Defense,USA,36.95410687710263,33594,4735927.589660996,12.38311293450421,1.709481444192287,2.6475529316952455,2.3674652563839933,3.141441983290738,9.96083028562747,13.748444433001811,0.38025731139263885,1.268371650456692,32.92530950575915,56.45721430082082
717,BBP,BBP Holdings Inc.,Industrial Goods,Farm & Construction Machinery,USA,14.427519860538789,68911,4084958.4511651616,59.10153277428841,2.343107785572659,2.472458316526375,8.722151904718874,5.2021003623303566,-4.124093925756766,20.977497543568045,0.4147176557510084,1.5952378315421252,42.53042210578567,35.941017960322455
718,BBQ,BBQ Corp.,Industrial Goods,Industrial Equipment,USA,51.17772541451332,12625,1867817.5879066647,35.8328971930417,2.155844086276877,7.790518146041604,2.2089376999945016,1.810412867667048,8.001605012785035,18.663473206972295,0.5071596713213712,1.491512619107258,48.21724712168928,68.71283121569016
719,BBR,BBR Corp.,Industrial Goods,Aerospace/Defense,USA,24.479758766142957,488658,6456858.18011824,22.921787071266422,1.2356099804138723,1.3201644433176485,1.840423732974847,8.057371733886507,21.450360165536495,-10.476646967251202,0.3220093155256253,1.15910833727522,28.571974457111487,37.690581884502066
720,BBS,BBS Holdings Inc.,Industrial Goods,Farm & Construction Machinery,USA,47.59825895796263,202002,7070972.067385522,51.8194754664464,1.1185440531385178,3.5034128575449586,3.6447724302214866,4.287735145099727,15.144312087688078,13.536675408503118,0.2859539210128571,1.2282409521868973,83.3044664030118,76.15727166390297
721,BBT,BBT Corp.,Industrial Goods,Industrial Equipment,USA,46.68015858079052,265944,5777149.42914535,8.101877932169947,0.649023822555414,,1.6567252265769885,3.7976568035535916,9.599257023032985,8.164763655366873,0.5141244610760375,0.6605747227296479,42.09489000729468,45.907497182217035
722,BBU,BBU Corp.,Industrial Goods,Aerospace/Defense,USA,73.26897634369125,20310,5313502.0409286395,51.257537305879,2.9253165823480916,2.706525739765789,,3.2964515895324293,15.944700877921882,8.571400925708712,2.165972729158381,1.4318054054115288,37.5942847598884,21.61693399577052
723,BBV,BBV Corp.,Industrial Goods,Farm & Construction Machinery,USA,47.671621300694184,149356,19578509.66422364,,0.6126680613647117,3.2816800367168226,0.8365445782311296,4.71014800770679,-1.1238580750552707,8.524313403083543,0.29859917127779395,0.8032214454849678,23.67555042475633,34.72655077516361
724,BBW,BBW Corp.,Services,Air Services,USA,78.96592064272868,51917,12714881.868721664,13.97367736751169,1.524308907704286,1.4643823784214645,2.139386114642499,-7.926078799297871,-5.397978794763709,12.121037053981262,0.11844938096441375,0.8918747394383438,51.57288113236952,69.9598657426443
725,BBX,BBX Holdings Inc.,Services,Education,USA,93.7604691330334,210180,11181348.627635004,84.00146773147397,0.8079758718435315,2.072310518648106,8.479094951473916,0.006170226170663984,6.960470495096846,6.920372539128179,0.595167295468824,0.713227568689035,20.996618221754424,51.91689002943673
726,BBY,BBY Holdings Inc.,Services,Retail,USA,121.7807230344915,392774,29481218.211114045,21.952709537481002,2.9029958240183156,4.2506241337559185,8.278970572047864,0.6136418125307144,16.543304084065287,28.048274841000335,0.7751497818003794,1.0502528349611446,13.198110765621996,46.05319712236443
727,BBZ,BBZ Holdings Inc.,Services,Restaurants,USA,63.142020060785995,98441,12647514.543202722,,2.4822633867619883,0.9536546273690233,1.9505541614205968,-2.8926705907722066,8.13739236554966,22.576347017630148,1.1361361179447196,1.4331039549779119,47.479909089819586,65.46654258166335
728,BCA,BCA Corp.,Services,Telecom Services,USA,23.885113432730677,56825,31844645.506413836,13.339557101512435,3.11306650755969,,2.0895734956755168,-1.1012332774518585,24.615953067068247,11.009341594310719,0.3424203495106477,0.4030788587498001,18.391481142873864,53.560052658140364
729,BCB,BCB Corp.,Services,Air Services,USA,21.983403799946313,83436,8432054.888437517,,3.1757152033386986,,2.109344712324883,-0.7677290016753564,5.053167572481533,17.52515490028215,0.6043337294790082,1.6401663685321328,29.450929372984586,56.27242456380523
730,BCC,BCC Holdings Inc.,Services,Education,USA,25.541905506777507,192179,4986722.131802883,,4.681690669258857,1.2849995715449056,3.9463824365066293,2.778802833063638,31.797662192692993,48.386123703508574,0.44045119522899057,0.8761297918032611,28.975947049251182,51.64381458329565
731,BCD,BCD Corp.,Services,Retail,USA,50.96956726459688,185418,20445307.569565557,20.580060786991762,3.1412784567844776,1.1236273404025652,2.0735685011502274,8.518969752521452,-5.123793038108381,27.44725544563443,0.56485972852765,1.3041888594701816,40.68513515534295,55.88434560718289
732,BCE,BCE Corp.,Services,Restaurants,USA,22.75870817620926,11868,340463.09676645644,16.892075953636144,2.994820529028337,0.9261823862832181,1.3568835798563779,3.174301337777294,0.6685543672227858,-12.554093279967812,0.28909881844775953,0.44627146091457137,16.82263475154207,30.753076332990258
733,BCF,BCF Holdings Inc.,Services,Telecom Services,USA,24.27238049009115,54275,2548222.4022117956,42.34825614402622,2.0254042493670146,2.799858335423695,5.172017267721505,4.588355564582374,-10.01057290997177,26.202819353928124,0.2035083492256784,1.4628149922650318,8.374749861562627,68.12779792186438
734,BCG,BCG Holdings Inc.,Services,Air Services,USA,47.41920811691635,57228,16645909.226306543,18.354493145239115,1.8479921465756552,3.8891177399659473,1.6300674290537687,3.4533472712480027,3.4583591207263904,7.090788374933985,0.877753120929328,0.48681386060309506,88.3354156062374,42.923223421984076
735,BCH,BCH Corp.,Services,Education,USA,55.8033019691333,34897,2285864.818300563,19.079512096600407,,1.5855173450442925,1.139068850620457,0.6802995875077955,18.84475889385211,13.365560268816202,1.3625546661457486,1.3093029238180318,20.435539642339208,56.503651181124184
736,BCI,BCI Holdings Inc.,Services,Retail,USA,11.59430585775198,12470,308562.7104635198,24.036631447464032,3.0198294720507124,1.6805618266209565,2.26884618558265,0.6228215781667843,18.56039556301181,24.29450843707246,0.569012418774984,0.30228439274624574,78.90883802129619,52.16181091879987
737,BCJ,BCJ Corp.,Services,Restaurants,USA,29.519664536416254,49332,3088132.7337558325,11.851824533195645,1.3369587074658076,3.633778568098609,0.7016037701614698,9.450591408824826,16.85012281567082,11.385162025340007,0.7841213540200516,0.869610599245634,74.67241595292087,50.303787311330055
738,BCK,BCK Holdings Inc.,Services,Telecom Services,USA,73.64562816318049,249159,10680539.479794925,32.24791703273815,,0.8274302579738888,4.048345510849776,2.093211819959903,9.295889750711899,14.777987388235228,1.4591643813408308,1.4489874245011825,32.87502388754005,64.77341203099185
739,BCL,BCL Corp.,Services,Air Services,USA,12.198863005497694,156374,1724675.693511011,36.81951534188015,1.356886556680183,3.826331338552991,4.419500435259474,-0.42968331635333623,1.1789068166448908,12.336180946258386,1.0189042617468962,1.1307432845827199,73.97820560863035,30.406173145558636
740,BCM,BCM Holdings Inc.,Services,Education,USA,23.2471498795793,160803,785210.5041877629,21.111687327456977,1.1201102659739002,2.3359861558461446,1.7506556682618963,1.594593629539029,8.143156639538443,15.36376904005697,1.1340791877152188,1.895634548282909,57.72857642801377,43.49905379805908
741,BCN,BCN Corp.,Services,Retail,USA,45.80638056295718,112446,72857347.40278584,19.98821586855675,1.1646448502422835,2.8255032503740454,2.982168731645079,5.345267716014352,22.9499934821216,-2.6146140848920414,0.18834378480298,0.7228997775578796,66.82177363505649,68.64824017982659
742,BCO,BCO Holdings Inc.,Services,Restaurants,USA,40.9634821109559,23617,228180260.1509029,48.08014279827195,2.5670605741723804,6.528260748603439,4.849247147124544,2.8287495166186316,21.23924927948817,8.668920764328284,0.42090526086760344,1.182679603418705,52.753791955740766,71.76305105487381
743,BCP,BCP Corp.,Services,Telecom Services,USA,29.985309434953336,961,2456248.447790295,14.724963989344191,3.0645240155129922,1.602813263574432,,-4.957944627958597,10.377573416171622,-16.74233280368791,1.1778858470861941,1.2848510553607881,27.087045864742716,55.102372253914375
744,BCQ,BCQ Holdings Inc.,Services,Air Services,USA,29.494809067827635,83888,1703209.5960176168,19.748567628901473,2.376907704629084,2.4945359360238206,2.0360546932425025,0.4561891350937157,8.516674739742198,21.23539745770022,0.24134732610575912,1.1774172729832886,35.33062955250128,32.60252123095174
745,BCR,BCR Corp.,Services,Education,USA,10.154832561300326,42286,468446.5416572139,,,0.748379152081246,3.0848890088317162,6.089389366319274,-1.6786880562788706,18.525983529202048,1.5842149084037862,0.8449518758938528,74.4589618479134,29.561487575015512
746,BCS,BCS Holdings Inc.,Services,Retail,USA,20.361900855723633,140568,39384884.400549605,19.497823286630716,1.434406319947406,4.028271737815751,2.9825603281170876,-0.36328340174295226,8.649369810831608,-4.615079316499864,0.3005015118616602,0.30427063786429454,49.202236350095916,38.0384827176007
747,BCT,BCT Holdings Inc.,Services,Restaurants,USA,14.362375499948108,83568,5808038.299476931,24.170047846818758,1.9503209871903853,0.6710148546237751,3.030266712650013,4.538666334739714,-7.812798086335656,13.444357589122909,0.877632332782981,0.2425003867099944,14.131292827263032,72.45739118144672
748,BCU,BCU Holdings Inc.,Services,Telecom Services,USA,18.639936248126318,64038,34188486.096126355,31.371297308712887,0.3100966073851157,8.75517213091952,1.393077350268636,5.484623517054937,14.296198657085558,-3.6304082629249503,1.0747507565656729,0.9607929271563468,29.939032580923588,62.35472153441715
749,BCV,BCV Holdings Inc.,Services,Air Services,USA,29.011981673546707,24920,4921035.235411136,14.13828355850011,3.7348348637894775,1.2273216709214403,1.9429979174718277,6.860558497731432,-3.4586512058223544,11.863152169369776,0.3195354063605759,1.23943775213916,22.00663657412381,48.53349992915015
750,BCW,BCW Corp.,Services,Education,USA,12.237633115818316,36071,497139.37983095035,15.281730392203086,4.8667725415292615,2.101513279012142,1.3639006327051881,2.502907582608581,19.43086479606303,19.036306830888,0.4534789051794855,0.9228186242033949,41.19577357084434,75.17095678557091
751,BCX,BCX Holdings Inc.,Services,Retail,USA,48.691213456625384,247902,3240143.11211489,60.45568213138847,2.3188534947205084,,4.129729321141662,2.257191606187385,5.6818943840536775,2.1290113826561985,0.8012249458645112,0.3532822492961242,42.30503601795446,61.385676846832325
752,BCY,BCY Holdings Inc.,Services,Restaurants,USA,19.28472042215011,57569,4166560.364593534,13.561323160777944,3.694575892040935,4.822106270912529,1.2577193109154186,8.148386479227765,-9.982312071956688,14.085170073791284,0.4579535643976442,0.5920623366747995,35.323664921397175,79.42334095399156
753,BCZ,BCZ Holdings Inc.,Services,Telecom Services,USA,73.02918694926416,46109,1816543.14518731,20.100101647373343,0.5796519842256869,1.0400601545085613,4.023574347877152,2.1230522858220704,23.27370638667251,28.29055018097416,1.3674267441069616,0.5701366160768315,23.98836786439468,69.48118055445494
754,BDA,BDA Holdings Inc.,Services,Air Services,USA,39.2469340253287,40622,7844279.267969506,62.00025639935184,2.7302511506660094,0.809848450504693,,3.0895790975557826,30.36564637911734,2.6898245178872298,0.8198454864306274,0.5308930513041857,13.15798089730463,23.24638783770992
755,BDB,BDB Holdings Inc.,Services,Education,USA,31.370813832897227,199386,20648645.96804211,14.46678451631169,0.45034751083650004,2.3575765170875513,,-0.4287676765504047,4.9170665851229165,-9.331657074430307,0.6837864245022192,0.15,43.132396493565096,57.38004152932157
756,BDC,BDC Holdings Inc.,Services,Retail,USA,2.5099740571390794,84650,530292.7605671699,20.242672098691862,0.5310937303971893,0.9523417755272633,21.658955032281998,2.2824859595815186,16.992387076253934,-14.424991266542918,1.0903779672946354,0.9973251046116312,43.90983894452935,56.99559898121146
757,BDD,BDD Holdings Inc.,Services,Restaurants,USA,31.05504086238959,320763,639328.6028346722,23.37914695109404,0.7416509236979455,0.8581011399929963,4.851634552960942,-1.0947837111116687,-12.624042273051419,0.7204372621511563,0.4706537702479019,0.7506868653220145,89.66977712434895,58.21063520897944
758,BDE,BDE Holdings Inc.,Services,Telecom Services,USA,35.66242566270324,58836,5055798.169681686,,1.8410799571642027,1.7289515858193636,0.7976230960659475,8.193711492324987,-5.284305224066459,51.55238973740932,0.610643450260805,0.7733904933581597,38.147507102484134,58.16710041645073
759,BDF,BDF Corp.,Services,Air Services,USA,16.645474649648083,1221101,1487932.9827726544,34.18972947463077,1.1509073895925903,2.033732395487247,2.446563101122118,1.4189021610291763,16.215921542988152,-11.230955562557757,0.7442045073894894,1.563924566558511,22.28779128116546,49.9233505117832
760,BDG,BDG Corp.,Services,Education,USA,15.783755668674724,8046,236483.4335305554,11.579515855638224,3.1891723045889795,3.168268393902895,2.9710169283315317,-3.092246750967084,-7.343128915385634,6.027433219269879,1.5319711090652606,1.2144258529629646,35.27811892554817,39.75447578125014
761,BDH,BDH Corp.,Services,Retail,USA,35.67680249496721,24876,10595205.377229339,24.77934466052749,1.9303977291996874,3.7093315155324134,4.310194369679766,0.8572022901712977,11.313056777419897,0.20085151856139838,0.14061889005458056,0.7175781305059261,29.830520275870903,19.88823849681421
762,BDI,BDI Corp.,Services,Restaurants,USA,50.02099764688219,27635,18429262.21642993,,2.392828843747951,6.515885855347045,2.1371301785665517,2.9808815895892717,-4.1010610339605105,20.138439514253243,0.8994954080305138,1.1474522462122316,27.500930164984826,26.36237907063573
763,BDJ,BDJ Corp.,Services,Telecom Services,USA,40.36724685951413,260577,2025565.2952021745,13.056686887329871,1.8807097224254044,1.1638283111788736,5.927759672764015,-1.517520026737858,-11.007782176145728,27.50336819970523,0.8042100971982057,1.1131320415652448,22.3718597964118,48.682572040781956
764,BDK,BDK Corp.,Services,Air Services,USA,54.40341090793063,153253,2243791.7165386723,13.614851939034677,,1.114324139470295,1.7257054337868434,5.9835732157943875,4.473501488345985,23.94688674687974,0.1592721774249123,1.182332833268525,56.745086663591096,53.69756650138172
765,BDL,BDL Corp.,Services,Education,USA,36.93437179477263,61692,1769078.236900933,27.91650138802225,2.1721764001282486,2.3039133563358027,0.4272719538305698,-0.45588789669010454,21.123687954572937,26.306884316301,1.060516145626377,1.4953196983157118,24.280903183264684,59.136907829712975
766,BDM,BDM Corp.,Services,Retail,USA,28.207697000913285,16330,3064253.397367591,37.85493456460761,0.8869231012920674,0.9038678091661703,2.1465036981857715,5.3303674213041425,3.944379581450285,12.01310945411386,1.0610757179450798,1.042272852635306,59.0598747585843,44.71231236125217
767,BDN,BDN Corp.,Services,Restaurants,USA,144.65553825190565,47790,15970174.940947391,12.86847718343803,2.836127408338719,1.6095251950349918,2.275818795893107,-2.1972857349735873,15.714841739023058,-3.2614058612613093,0.24533782967043566,1.5866727922397923,29.632217516389648,47.21275863436247
768,BDO,BDO Corp.,Services,Telecom Services,USA,23.696375089892452,588592,26677595.17369456,24.989629525290308,1.1967217676891162,,2.967541009863272,6.503974519278728,19.631114923446333,21.0011098692614,0.4447780683940112,0.9843211509769347,22.060885785907047,57.68622362182789
769,BDP,BDP Corp.,Services,Air Services,USA,20.944311027975466,69932,19744767.126857456,16.43702703568114,1.4135896085725956,2.6313745098651404,3.603006570583041,1.9610722852028264,19.021831727427113,20.277014194002014,0.2090439106572408,1.8373949276463737,13.341226219671176,35.23220908774748
770,BDQ,BDQ Corp.,Services,Education,USA,23.949771299694934,817191,7468806.840142905,11.50638687050207,,1.3061832896236225,0.8362326555242254,2.54469029471203,8.072003980642544,1.6518080509883895,2.0487722988297032,1.0482109479210378,39.87376604471218,27.395383290707674
771,BDR,BDR Holdings Inc.,Services,Retail,USA,32.98096714878005,79875,9545215.764071211,11.948798558194014,0.9856183932681383,1.1362108495013852,2.9615499828071523,8.494975622661242,7.909537682893443,31.50858837764769,1.558707945960572,0.8471820483702335,3.8585215505476356,37.96707046097296
772,BDS,BDS Corp.,Services,Restaurants,USA,12.0830775163696,467965,4489575.397812278,,1.6159949676735175,1.711880872711061,,5.900050071771163,6.249478019514411,7.644062862923743,0.7973067066569987,0.769797160207405,62.959165142225835,67.0032957136265
773,BDT,BDT Holdings Inc.,Services,Telecom Services,USA,34.090136262128354,385628,4111311.6219630074,38.70612326341615,1.7819457322738712,3.4484773702382028,1.0394301723736585,-0.24792560403785524,-6.614893723485769,16.157929381238368,0.6077437036809298,1.5390415396619543,54.04570690116639,27.96399468002483
774,BDU,BDU Corp.,Services,Air Services,USA,14.518955338814727,2369,7099385.081623251,18.62023747713456,2.624030440933132,2.63620019756286,2.3954316525301773,3.9267979833213125,30.608682963605503,23.52306101940389,0.24691322180923564,1.7141143404463504,25.181964993604446,48.059515549309154
775,BDV,BDV Corp.,Services,Education,USA,17.652403367772138,22076,11984221.938758297,11.005882469608673,2.2897019345701426,1.3221132005294376,1.0856723802204364,4.156411249665068,2.482733294271922,22.760532717970495,0.7512180972363103,0.6303482751989826,64.32719166881591,41.28274104418986
776,BDW,BDW Holdings Inc.,Services,Retail,USA,44.21897307997884,172179,32650652.26340096,31.097376307412027,0.9612833735802526,1.0950001204463415,3.3395912445479414,6.700228574554002,23.690620875147346,5.823810519992716,1.2249804669428355,0.8619858502870835,57.78796217225255,53.406222956036935
777,BDX,BDX Corp.,Services,Restaurants,USA,30.651980806658106,48636,8277385.085580633,33.94416179450753,1.844918648117241,0.6659099446451293,5.010098276635096,0.18017122411390663,20.30969467233185,0.6377373448217476,0.23377527122372388,1.1735312943719776,45.03918469172558,42.35877580636638
778,BDY,BDY Corp.,Services,Telecom Services,Canada,73.25660734389585,272303,3541484.642233026,18.831032762102176,1.8881545694210922,5.6986600936396865,2.0252603903829045,4.37628769504432,21.644527559910394,-4.310267738404647,0.5939206111212083,0.8427329383529747,12.920304979208128,45.03769891685399
779,BDZ,BDZ Corp.,Services,Air Services,Canada,14.657591121684387,142122,2296786.2721697288,32.39369777786979,3.2688323238568846,2.2276697220048605,11.994194103063887,3.4733482255371824,1.1571213712123045,28.411181293817673,1.5350781031671885,1.3348799463737522,10.822438237966772,44.39069545876884
780,BEA,BEA Corp.,Services,Education,Canada,17.70899622858396,73466,850005.4476993175,20.888699927308334,0.5513957788591424,5.01385824694889,0.7453645817840796,3.201416299251049,6.220034192994427,22.591196411730337,0.44905535250274187,1.6034898572090035,34.68099290063375,50.06564595208141
781,BEB,BEB Holdings Inc.,Services,Retail,Canada,24.388660622915697,186596,2067259.708198706,18.66408809586828,4.206751551042709,7.156366657436577,0.6456593245322986,-3.258443230404756,16.182843041064466,-0.3507498741098871,0.20811973772006065,0.45671937788694017,37.673630396776744,53.95829513282216
782,BEC,BEC Holdings Inc.,Services,Restaurants,Canada,28.455520993026347,75795,9288512.391429046,16.605796356690934,3.6213479294835436,1.8009317305294483,5.986685103300829,4.73921358421394,19.110177647368012,8.466815641142425,1.806775044028472,1.3330670927811767,17.961487222324624,85.05821431903001
783,BED,BED Corp.,Services,Telecom Services,Canada,18.963421774880775,31052,966315.8308579836,18.42176690412177,2.7508898453176287,5.341726486449092,1.8671526617424234,0.5105895353495202,8.269630326436975,8.056573980209333,0.9608068749538234,1.5921041710906165,61.51198844303914,63.65848444019028
784,BEE,BEE Holdings Inc.,Services,Air Services,Canada,61.1342297493748,20828,5743545.502410897,11.29736981893301,1.237624082279866,2.6572230640637655,2.4464777123179546,-1.3764531342777606,22.87684343150593,26.43770282983935,0.26942331275365017,1.2096720732842876,3.6164349940371614,47.25101633302063
785,BEF,BEF Corp.,Services,Education,Canada,20.010361341832795,28382,7404071.890202952,11.870265944510704,,1.1729407062922885,2.0126605717193837,8.067064170712785,28.042903817131577,3.627641605630525,0.2526819647727716,1.026350627135913,72.53235723173943,34.198173015810674
786,BEG,BEG Corp.,Services,Retail,UK,33.61871963737136,715610,548472.80395575,15.085116775673615,1.6957128675349937,3.0835244889270985,,1.3357659893280993,-29.886197996802444,4.336474986079569,1.0476657488433705,1.654453005583417,36.16185472022954,67.99708581588243
787,BEH,BEH Corp.,Services,Restaurants,UK,16.323380738786216,33669,3015089.1673496366,21.957965969731198,2.4383102521008144,4.348337443262897,1.46826994275654,2.378628566231449,18.297936576236005,15.357952150271533,0.19136829772243397,0.4389795568205511,38.890177418032685,54.91035400086659
788,BEI,BEI Corp.,Services,Telecom Services,UK,85.7795247561118,10220,55241592.79029603,28.270675705943667,1.9329623237956253,3.877509473847414,1.6141475723352343,2.3231259924304957,-1.186670312906159,13.32446449233628,0.5714854630356923,0.7791026339022251,30.635847238141928,35.05953845526507
789,BEJ,BEJ Holdings Inc.,Services,Air Services,UK,14.199812330227568,355032,2402939.208215667,22.403141300819637,1.6282486908224674,2.4371322864771034,3.524741042322141,0.7325153211810678,16.589505808592634,-2.586802978910823,0.34200500988723204,1.4997214258767555,24.923826899664867,47.21194024413984
790,BEK,BEK Holdings Inc.,Services,Education,UK,135.3520884563178,746017,12341541.701118877,20.767541272539233,1.4498304605361678,0.9419656377163665,3.3928795129665006,2.381112824574238,-4.573416867196393,27.471717529500857,0.6546069891814925,0.9298653242173971,8.618721887082813,34.02218654385421
791,BEL,BEL Corp.,Services,Retail,China,18.129931529267576,13600,467266.6472035758,11.652486959959488,0.38508088946893065,4.51479801130461,,4.211767650464552,21.536367834580407,13.549376938162126,1.1925313120823227,0.9164990684964879,14.150280140187599,46.949772184578315
792,BEM,BEM Holdings Inc.,Services,Restaurants,China,41.960852656387054,26942,2516572.292757044,17.593793276536996,3.133797191469908,6.298716401250356,1.0431707103459642,7.134276587103251,-15.17023651701156,9.04581108030135,0.7945693377555918,0.7150329780879382,12.438390246707003,82.91550600595576
793,BEN,BEN Holdings Inc.,Services,Telecom Services,China,25.811678838025955,127946,3112394.542605178,9.12427410018092,2.750270110773598,1.9515765316352032,,0.25743255559740597,-13.4785334496211,40.01349719826268,0.211777311488591,1.1316565531241425,6.407956434364875,44.794236241572676
794,BEO,BEO Holdings Inc.,Services,Air Services,China,14.716910380092177,111909,11375648.04197083,50.17410670250614,3.063025328842936,2.703104356791352,1.3120312722221918,-3.0604781135086356,29.054063605505057,-17.413327715409153,0.5974501134198493,1.4625457218259679,56.6087495017387,45.1819922175292
795,BEP,BEP Holdings Inc.,Services,Education,Chile,22.235777575208328,19113,1542564.3518725461,17.210562238996598,3.212761347366025,1.2511029310896788,3.9300818890808267,-5.816272377388026,-11.877554388405976,14.587885478095092,0.13155715954216063,0.8112388399587559,31.73921982365679,47.43863504514373
796,BEQ,BEQ Corp.,Services,Retail,Chile,17.335417302328302,339778,3493311.0934656765,5.808274796358243,0.626449789590692,3.1381114762538216,2.4645903478714066,7.839422841447565,-17.06213312675358,23.907240458268774,0.5260421967245362,0.6603880818336528,14.954022221297375,58.60532738955227
797,BER,BER Holdings Inc.,Services,Restaurants,Chile,16.01828079022039,260870,5912425.233203579,14.675898393530165,,2.7266976126140974,2.643146676660341,-0.09454232115000538,13.620536018741639,26.709215297840792,0.5543165341593032,1.2410632932212153,26.271924319805628,70.20928713471845
798,BES,BES Corp.,Services,Telecom Services,Switzerland,26.173260628237912,100554,8981085.102698898,30.551790972830805,2.5719477438506706,11.98292779949286,2.940512794920434,-3.292101535728587,5.100644638487093,24.596934368367005,0.28154202775729015,0.8899451937383795,16.714338991736195,85.34775317172017
799,BET,BET Corp.,Services,Air Services,Switzerland,8.989470265532264,119988,3343837.5683015827,23.21936667715692,3.3370799464632044,1.6261764740175173,1.0095551173647936,0.5921551147032944,16.80789417560897,-6.757862639491819,0.6239954974077124,1.350853177351707,12.19515167299254,18.848850283929245
800,BEU,BEU Holdings Inc.,Services,Education,USA,22.013544483647582,56970,14522731.751793953,8.529622359616665,,2.4372528954917057,1.486253318185583,2.747194685641906,12.965673804550999,8.26173071905091,0.30960930341051757,0.5522691961672299,49.79912724029395,55.159393523484624
801,BEV,BEV Corp.,Services,Retail,USA,23.163154694072357,89809,5211295.7888431195,14.092942715862149,1.1102060878970295,2.2314412671633646,0.8864988733616703,4.400731106793927,24.30266185870008,-0.611233477845623,0.489977961992056,2.141435666311752,30.925817722761394,76.03584302773075
802,BEW,BEW Corp.,Services,Restaurants,USA,17.04084350799428,31906,3965646.355913767,11.902360262138675,1.5717572409342493,4.198310465761837,,-2.151232583072541,4.0584594577966655,1.296255172556755,1.196589180634736,1.2733804486404128,42.00331743095527,44.52571898057064
803,BEX,BEX Corp.,Services,Telecom Services,USA,167.08575272829128,50830,16693879.327921798,26.091955742273,1.953539422476102,1.0002917756277248,1.0701144904173252,1.7104745082741122,15.881708546667983,8.409545559409073,1.9709472656136355,1.086321177026901,13.537305289644438,40.72815216259711
804,BEY,BEY Holdings Inc.,Services,Air Services,USA,45.338592641700686,100325,1146216.1006270093,27.33569793263697,1.3127017819110984,2.507550291672732,,-1.3625951370854334,5.8918303227510105,4.0675578402792345,1.0594157993271522,0.15,7.304891363520259,50.65253435676951
805,BEZ,BEZ Corp.,Services,Education,USA,12.223036844447726,152776,1879475.888757529,55.212357165469086,3.1367669830720293,0.7913523928913261,1.469669862044691,3.5897027202504805,15.56482880350984,5.240514516471133,0.4176537861219913,1.5918574832085546,9.97755494269025,45.94874006734675
806,BFA,BFA Holdings Inc.,Services,Retail,USA,10.60340897638924,38435,4895405.2164980555,14.383361519426202,2.8851174319361417,3.443528309421519,7.190572706363514,6.880319397849004,-0.787277744373748,-6.370840341053359,0.6326922453369132,0.40981493885351816,64.82858815873927,52.85564223776664
807,BFB,BFB Holdings Inc.,Services,Restaurants,USA,12.055728879277392,158380,1551143.4608433098,5.43218365299932,4.095924072624864,0.6824630009174749,7.984949456748923,5.878201280104637,7.212964630201391,8.970094354345301,0.38632380304270225,1.1301851724098173,53.37541706495281,48.901125642558505
808,BFC,BFC Corp.,Services,Telecom Services,USA,67.69272705633644,87572,1990456.139092851,12.40983847355496,,1.9897123723216366,,9.540788272647893,3.0652947617869293,5.8434360064251365,0.6151111754522895,1.8285525461439778,9.182866219350489,39.92609592370375
809,BFD,BFD Holdings Inc.,Services,Air Services,USA,18.866724123312867,49167,15841175.572240708,24.651255807401544,1.5498621041255942,0.9974603275383206,1.5894317618561504,5.210921534424493,15.045323654281109,14.952437965450237,0.40487794901272345,1.472686522603052,20.93060303140734,51.51307902183481
810,BFE,BFE Holdings Inc.,Services,Education,USA,62.73106164266967,8817,36238966.7598919,22.986936829599777,2.189992476991213,2.5794521133330632,1.1814161052358272,3.7328753430885486,10.763158471285674,22.408028888216585,1.2390397587578788,1.1368728613311516,12.182316708228488,48.060812502618596
811,BFF,BFF Corp.,Services,Retail,USA,9.95214965388699,133523,840608.3836941182,19.483802565607306,2.608088408892385,2.39239832832192,,3.0415648160537487,-1.9885806900497371,28.20976388993431,0.30474593541519834,0.8384668260864199,34.44125315188498,49.369480873959056
812,BFG,BFG Corp.,Services,Restaurants,USA,5.7488463399227765,259669,1841117.1115083948,16.540281398527856,,,3.3670313042892515,3.1853111736682878,22.77511765450989,9.755797542211427,0.5440467989710034,1.530672465694193,54.470506302069644,46.53831034810049
813,BFH,BFH Corp.,Services,Telecom Services,USA,15.439946558401386,45125,2215226.312783336,25.264893116992464,1.4247979904472767,3.672296661943622,3.602449240655942,3.828202980724728,-3.6222977119946016,31.626377107110674,0.6540379720231146,0.8621037117303068,37.493374303525684,67.99734498351557
814,BFI,BFI Corp.,Services,Air Services,USA,5.723796674751886,387325,8280505.830064554,17.493938288022036,,2.3740724040192736,1.1983964500727724,3.7136217327564207,8.133165759173918,6.603620296872787,0.29059166594798597,1.7595824215151477,24.829988843436976,95.0
815,BFJ,BFJ Holdings Inc.,Services,Education,USA,27.212785056788352,13449,557187.9300740876,22.51016797945279,0.81217509908206,2.9737800438526514,1.5474634297027685,-0.4158987443408284,10.971067797264366,13.947113859097973,0.31009649313154736,0.9544429886845437,34.61907051194844,39.18883810006709
816,BFK,BFK Holdings Inc.,Services,Retail,USA,6.916375033426516,114426,893055.8224127318,46.52028550687718,1.8175885038033377,3.1246795100007985,3.401395402693275,5.74248457541805,10.043942800376959,25.39007227189756,0.8493736877370363,0.7719916769335375,41.82439945643902,46.726193190788784
817,BFL,BFL Corp.,Services,Restaurants,USA,37.41694834560477,137645,947460.4061152749,62.20529349218524,1.830041191975539,4.208663228841893,2.113088002985086,5.057174256137035,25.995632762234802,22.07825904186187,0.21051551015246403,1.1152967072476334,27.858508411052973,66.90123014655823
818,BFM,BFM Corp.,Services,Telecom Services,USA,36.2754552393199,1262556,15463678.73125624,,1.3724877679186078,1.4420286057561116,6.482945636206418,-1.7353707997710441,-5.457520824314949,-12.107067035555893,0.37449564588534634,1.729829243192646,38.8561119362803,25.9975346927232
819,BFN,BFN Corp.,Services,Air Services,USA,50.05822170655222,870668,4048990.9174657487,14.14249598610002,1.5172695826631466,,7.0848022766414065,9.104923235579243,17.87883727327182,0.9837756220317928,0.6887315036462055,1.196870245178796,60.380450502519565,55.46084759477285
820,BFO,BFO Holdings Inc.,Services,Education,USA,36.4521591141063,3962,31024757.95606504,27.96106289548248,2.6864390053210774,1.9229205139772176,3.4194060454589024,2.777101843652162,-6.559554122638719,3.268956420939972,0.8342460684512548,2.151965537583102,42.14767719854934,65.93073845319864
821,BFP,BFP Holdings Inc.,Services,Retail,USA,5.63276078319392,267277,5252395.206326967,19.028482329149654,2.1883205630020046,,1.6174045705630358,5.53107135995179,-1.8320726705287314,49.12103881814497,0.8224583123593409,0.922442079603375,56.6848313822267,59.121661122662914
822,BFQ,BFQ Corp.,Services,Restaurants,USA,73.09986515189021,103127,5848741.466987575,36.400548339708095,3.8428595625280373,,6.284672924465863,0.7379477693102623,30.84644387718309,13.259249020540345,0.5877109299646051,1.2247234147168953,79.73104034386083,28.103686053496826
823,BFR,BFR Corp.,Services,Telecom Services,USA,20.013404680016713,57865,1802786.468146235,23.7923744958316,2.182643199362876,1.3124931885335527,3.8397511689562833,5.2615600422773365,4.03044170695112,16.741031488872068,0.6117260752093702,0.9725891788433675,51.77102412436104,44.340966008697634
824,BFS,BFS Holdings Inc.,Services,Air Services,USA,39.75115209570693,33788,6238747.174915701,17.278668097362107,7.9888455338165585,,1.9428501237371123,1.7852650219850363,5.919314631959626,1.4037632761862024,0.607995473155674,1.5340177086892486,49.79599413458509,69.77480908816767
825,BFT,BFT Corp.,Services,Education,USA,81.37239887384285,28682,8193439.127669227,20.27030314179757,3.5772113367800418,2.1457593580927576,3.268504658480041,4.929253152595211,20.847947343843543,-11.19380556239037,0.4161549980248037,0.32196968260940095,31.328553802656657,71.51891556460846
826,BFU,BFU Holdings Inc.,Services,Retail,USA,11.839184278486863,554491,9063250.061665695,26.289090673456638,0.9899207544484543,0.8783176675210883,,0.9365986990185462,10.179455427637416,10.610279106419185,0.6519383855196166,0.15,34.09183163359865,58.42211983282893
827,BFV,BFV Corp.,Services,Restaurants,USA,11.676163011526393,131029,423161.8678191583,26.41759763743941,1.962301542839407,1.4616290750529555,8.76219543503425,4.618116856969397,13.635272205419266,17.14566504850348,0.5354266808814643,1.6134247912011355,19.00160853553149,56.7271951677155
828,BFW,BFW Holdings Inc.,Services,Telecom Services,USA,10.74522282444065,76413,1709805.9168094674,21.79928519515621,1.4582178211051324,2.5949387321793274,5.073107668596227,5.18990262359709,8.690163953040221,15.282521880962733,0.9077994815591579,0.8230356598287271,66.06137974721777,59.39963131304549
829,BFX,BFX Corp.,Services,Air Services,USA,35.986516784151554,204590,38166938.48373749,,2.7434550673194433,1.2885015794519687,2.3654109163514674,-0.3960450967920037,-5.638934034447669,5.001528363693627,0.2601005499344218,1.3462337513417766,70.50009614615024,23.785731405085464
830,BFY,BFY Holdings Inc.,Services,Education,USA,26.084791005877953,48374,8495894.861751601,35.72945748514952,2.5283049291973905,1.5347373940075248,1.2190295760302954,2.7851940126577945,11.009783508658522,0.9475651155140703,0.19744619284149842,1.4831761086202346,24.85205759912535,43.280430756254724
831,BFZ,BFZ Corp.,Services,Retail,USA,68.92520841985419,108529,10750653.373924011,20.768093589370988,3.45615075861446,1.740077459015185,1.5556233037004947,-0.5266077439763777,-5.8905861869475,4.338460782327541,0.38191489065253015,1.679339510105131,67.9915068356704,51.77802812557383
832,BGA,BGA Holdings Inc.,Services,Restaurants,USA,42.934464206192004,138211,12881754.96603074,,0.832618160828034,1.727821383537186,2.0586419416069828,0.8031735538246745,-16.648910206725052,6.863949325888278,0.3951113615205649,1.0858623303222206,33.871814802642405,35.547732054209625
833,BGB,BGB Corp.,Services,Telecom Services,USA,26.27248815206173,67218,57953925.7375152,16.064088185580353,2.5470551529080803,0.4147507582633713,5.026951704807075,-3.080984361909413,-23.270473443937938,9.045158177256852,0.4537671563322136,1.0370578310203975,43.6584810188292,51.74370725410495
834,BGC,BGC Holdings Inc.,Services,Air Services,USA,81.79916796766024,60468,11251952.937697282,15.330108282015434,4.920943937922739,1.2648908228638918,3.020090303422327,0.12713312540189436,31.371368433667058,-5.230562872000839,2.1381629144335625,1.5005967606598165,49.02954406100359,45.781656100908
835,BGD,BGD Holdings Inc.,Services,Education,USA,76.90855099611167,439550,40655981.313801676,64.96198213629833,1.2761773705822603,4.943269827077069,2.157846842169322,1.2801138703811803,-3.1029574699805185,-2.4372216160032263,0.27121754920061764,0.4155241191496921,24.294082032110882,50.088208494383515
836,BGE,BGE Corp.,Services,Retail,USA,17.29991645849202,106691,2573052.521574815,,,2.2731384291862544,1.5231014844727817,3.8824626212720643,11.971498295783938,14.69469212584509,0.3403883873313817,0.5974372107068131,34.04778514826941,86.04837765252174
837,BGF,BGF Holdings Inc.,Services,Restaurants,USA,13.89792956505123,131282,3439573.5610931776,22.300263875410533,2.2527718306161963,0.9345849400477192,1.9588991263019533,8.517436604353708,9.520559012585494,-2.942027713353678,0.9492676459383625,1.1060877047765318,17.71164500639151,62.60680001636562
838,BGG,BGG Corp.,Services,Telecom Services,USA,58.93243681930291,120810,5076700.443279999,9.838829642017123,2.0833114641060613,1.9564180827744733,4.947682038197944,5.965063795633403,-0.28304141479423883,-6.735762790057382,0.798500680243474,0.8037517018803123,63.05388208312422,54.36947566439728
839,BGH,BGH Corp.,Services,Air Services,USA,16.537567345252576,180817,13460401.787213488,21.128699313578668,1.6499013972764431,2.099261941726199,,5.3677752614131355,22.951435443477276,18.264822072651434,0.5300708724775771,0.3867161188307573,46.618784458452765,59.768352271339594
840,BGI,BGI Holdings Inc.,Services,Education,USA,13.535374730666717,563739,1467825.9862843063,23.07441591652709,2.811122617204589,6.416212979262902,4.962239217771143,-1.4698382968909232,12.238413095070593,12.819970821123121,0.8275990775744388,0.9924013611539723,15.225323872784486,58.973907172961766
841,BGJ,BGJ Holdings Inc.,Services,Retail,USA,36.065744560545504,5922,1083561.8930339774,29.911691907638748,2.2493968132434112,2.3352812738737714,2.1365150920196516,3.139385770342345,33.04413091997695,-7.451804080234076,0.18378013429011605,1.4016831687211668,47.11800638535104,33.68749911694873
842,BGK,BGK Holdings Inc.,Services,Restaurants,USA,17.747866700950922,313049,195097.3415822602,40.55765077682313,,1.4712348781600273,5.5136008130794165,0.9578618317823759,39.634428388394696,17.932780042925707,0.6580925239229065,1.6635956759878257,35.12238571962245,76.01123473465533
843,BGL,BGL Corp.,Services,Telecom Services,USA,24.171501785973074,170474,21681007.34222138,47.07415021141701,3.13944223581847,1.200698552516022,1.7817404942916237,-6.074358948309147,28.01250592707176,11.523616413195088,1.800003188329484,1.4355095051933757,22.08903472170292,74.39091219139608
844,BGM,BGM Holdings Inc.,Services,Air Services,USA,58.10319800605219,197717,2157482.2845914094,15.049685124437417,,1.7748510095092758,1.9658428903862866,5.1161774647406375,7.098089205919359,-4.959650350395016,0.7293380885998548,1.2399064617348123,50.697671847598,84.69388901207458
845,BGN,BGN Corp.,Services,Education,USA,14.37469246574985,1391441,2057084.64890019,,1.3369493533016021,1.2079970522162524,1.9490523392773047,3.6247882078343077,24.369074460866816,8.018171867744673,0.9285081341635972,0.9108854321329761,22.739771281906602,39.38966188733806
846,BGO,BGO Holdings Inc.,Services,Retail,USA,58.370203881149436,176349,6700945.983838537,46.71453487668718,1.4209018945221619,0.7092488407668708,1.703947970227073,-0.6892224662543822,23.822305691725635,14.30413452832961,0.34782384656144216,0.9546402329351336,10.97298162016449,56.35316624073304
847,BGP,BGP Corp.,Services,Restaurants,USA,83.67463287814397,12926,3324836.23262155,,1.953865774455089,2.1184474771773414,3.164789887629846,3.6617265470756744,6.760016397536199,8.475463258766073,0.5503160326742562,1.3021217147033632,60.53393590636035,31.06643674795518
848,BGQ,BGQ Holdings Inc.,Services,Telecom Services,USA,18.208181750656195,1071947,2255533.006160863,31.702445267989493,2.056939818639201,0.5814125299149289,2.5335215496005463,4.846718712433857,-14.048319824478284,7.312512574963861,1.5809062647472611,1.6874975887340804,33.453526085801805,41.7964781329745
849,BGR,BGR Holdings Inc.,Services,Air Services,USA,14.499628801407514,61504,527402.5352990129,18.960951471520964,0.7628964600156313,2.3680952074421224,1.156255784744969,1.4542566359711557,-11.373109432447311,23.484669530466242,0.12558499656993793,0.9226747610860384,42.2903185733595,62.93948101655283
850,BGS,BGS Holdings Inc.,Services,Education,USA,55.398101159355434,240224,2630337.3350791796,14.48243703619626,1.069970974312853,3.5747828562383024,1.1142089829404056,0.7365592890446755,10.638161125890596,-6.588834677811111,0.32719641909973274,1.3902395463127526,81.34344036141331,46.20784548374525
851,BGT,BGT Holdings Inc.,Services,Retail,USA,33.66918834903417,23817,7034237.223244951,16.50895409082111,2.44540948511254,2.866432753931736,3.1585262150881235,-4.743325939451255,19.556330110936244,13.159126056600737,0.7470637652884612,0.8491502412815557,47.07685750326191,54.237446718180095
852,BGU,BGU Holdings Inc.,Services,Restaurants,USA,35.9826511286522,86551,13449610.262365406,51.285520614990375,3.109755279168562,1.5250705319977023,5.5623183240705165,3.85614430157511,33.51349965571957,21.95183613688704,0.7932435518117616,0.588269362766479,15.7097056352546,64.08699120446592
853,BGV,BGV Corp.,Services,Telecom Services,USA,15.756574589744153,209917,2146964.262648376,55.900658158438326,3.1583696777231105,1.9084132640247684,5.643496033453442,2.1723006982536686,-4.587359856556766,7.1056302034352035,0.5474723515193105,1.6036609751828264,55.96651251343492,45.352467021053364
854,BGW,BGW Corp.,Services,Air Services,USA,89.68260367993794,78115,306627616.9373714,9.433322065826706,0.8789533838132076,2.268248405675717,2.628347084727677,0.823504469717109,31.57560842097073,-2.499698454715899,0.8295206261418222,1.2268083115564763,25.750913577845164,78.43355230337528
855,BGX,BGX Holdings Inc.,Services,Education,USA,22.24075536367686,6190,8996899.674180161,27.420202246418558,1.5075687052252702,,1.3660578688425309,-4.899158179208836,-16.05485453764572,4.808086101143318,0.42047411751243613,1.1661004489512727,36.59312089799125,64.61962926225938
856,BGY,BGY Holdings Inc.,Services,Retail,USA,70.75809186037634,1849,8387503.793418565,,2.0428427895275645,2.3844661356861487,4.623557206710802,3.330132777961759,12.599486554795275,-14.993558211276678,0.18084233177786868,0.7777213391751132,91.86508161362077,72.25207034902499
857,BGZ,BGZ Holdings Inc.,Services,Restaurants,USA,31.455854966256336,153542,5474187.477949378,25.130837928073856,1.8565474891233198,1.4322192871410266,1.4553121902973163,-0.8836466482923471,28.42436602242755,11.461899851779648,0.8301775147270958,1.0959940498835887,30.176959667980096,54.42939236588294
858,BHA,BHA Corp.,Services,Telecom Services,USA,19.95324025386968,30950,340921.12748517166,,1.7963774205556087,,15.711401847709364,4.6521468280026195,2.8499138882492288,-1.1012346768112895,2.599407019300887,1.3779337139095917,31.127705275460414,44.553473599914
859,BHB,BHB Corp.,Services,Air Services,USA,65.43250143567388,127394,2415570.8499705587,18.231526059691173,0.6956796399753983,3.4108624789117545,2.6987717156735,4.050120975800177,11.416919946903917,9.058819740927555,0.5201768726655288,1.153574791610727,28.922262506163204,69.01601739160478
860,BHC,BHC Holdings Inc.,Services,Education,USA,17.30852858103985,61291,3877500.7738526682,12.708569120727391,,1.134996449083875,6.834738547463026,2.799291454967718,11.610062642129433,-3.1308303966870525,1.1042997860790826,1.2209250547666886,38.08463584619115,57.66159329299428
861,BHD,BHD Holdings Inc.,Services,Retail,USA,14.874090810316302,34223,14759309.678678663,19.84323417959681,1.4942006633433327,3.9966514297005675,6.477176713429732,5.95029178225487,6.929566288247334,23.86797883960837,0.43512432735780776,1.4249510376652341,19.82135472050887,47.61348371194216
862,BHE,BHE Holdings Inc.,Services,Restaurants,USA,19.464040746540853,65158,6966899.931701951,44.19623876645115,3.1577825960742123,5.1676477267438266,3.8332043998346217,7.063801437985395,17.60803958424539,23.644217780659638,0.2670723924096485,0.9031120682333573,41.217262126479774,56.3101462246814
863,BHF,BHF Holdings Inc.,Services,Telecom Services,USA,12.894414863579474,44263,1962242.2761088822,53.256238665317646,,1.6080216386044903,5.823812407903054,2.42002093110636,26.448873768162944,8.025315351453079,1.1050840943229647,1.105378064936828,25.732186478337816,30.725121388753248
864,BHG,BHG Corp.,Services,Air Services,USA,38.554286532301695,8709,5256024.596347629,13.0927875462878,0.8914428619412601,5.288856020203875,1.2227857222474012,2.779502153781997,5.54358190941532,30.798028334534326,0.9022209801227862,0.6435583759970469,10.660496590824597,57.75603976541442
865,BHH,BHH Corp.,Services,Education,USA,19.50647392951548,20109,997295.5823302448,22.11269749737317,2.5417878899454633,3.8820804731641236,5.744215489429082,8.31061509724293,8.253399500534528,-5.954600653553133,1.0778013477859718,1.3827855678247076,38.69383314533013,58.19160275572359
866,BHI,BHI Corp.,Services,Retail,USA,11.14237499512432,25411,19214399.121887468,18.33665582820281,1.5847807725791125,2.212779696492618,,3.312902243735982,12.508286715172995,-2.911997968082666,0.17017548392839205,0.7850883638886036,46.25031656979044,37.72212117523067
867,BHJ,BHJ Holdings Inc.,Services,Restaurants,USA,29.013126852737994,482017,237564.95520028434,14.920716439170533,2.350832312008945,3.539319901097022,1.510709910487395,1.282465678670824,20.05712781139782,14.952834603087162,0.8940855605634478,0.7001750542028287,42.18932312034187,23.78438030392929
868,BHK,BHK Holdings Inc.,Services,Telecom Services,USA,26.733097009968528,97003,2335344.161272557,40.21502843999332,2.720053310446447,1.4928739410567344,3.855725182801982,2.0867443034491635,-9.254361471623163,14.037514722229647,0.6690016832796655,1.2502692149523842,44.92504539622264,61.537587242691814
869,BHL,BHL Corp.,Services,Air Services,USA,19.352526316494917,18289,1506292.8618214685,45.928220336072464,0.8910400573943641,1.5346812306923294,,0.0956735495075609,6.084073000581952,7.518812737809392,0.4156410103160669,0.9411298668147767,83.28378321461196,69.73580290020622
870,BHM,BHM Holdings Inc.,Services,Education,USA,65.11608705733116,7255,2661182.9950521425,14.577677104820294,1.398818911903478,0.9431611127186952,,-1.5954614051192468,10.895429065079654,2.5263848296282028,0.6740636359008958,1.536711327764152,49.71895634487339,49.229988673946444
871,BHN,BHN Corp.,Services,Retail,USA,33.08120458049474,1103,4672633.907501512,23.051503295229743,3.387282086714506,3.9262419487151883,5.782234124003045,4.828284980351453,5.062210459873272,10.174983818062804,0.5595277861313795,0.9290643042733192,7.497927895262204,46.686455436093034
872,BHO,BHO Holdings Inc.,Services,Restaurants,USA,54.35266580551892,520325,16624633.25028822,38.01677148300729,1.5151813656685624,1.5664156328180874,1.8507723842087387,0.10037142383100495,-0.37963443570450117,27.45845696599822,1.0314823804209525,0.8454619624241665,25.985147521134174,53.12037923686565
873,BHP,BHP Holdings Inc.,Services,Telecom Services,USA,36.26524481475665,317039,8541083.879959174,7.883962146688603,1.8310105529490923,4.36571700533041,1.5799901916026415,9.107716083363043,1.2982506658887605,-2.6902528656922566,0.5151114859852469,1.458537286967021,28.498932222777253,75.26701678486185
874,BHQ,BHQ Corp.,Services,Air Services,USA,55.69333104978858,407299,19207345.53575584,13.61079932342572,,0.8063420906236365,1.5333694447383461,3.2559597079482963,12.539322217728825,20.403020239152564,0.8778878833546526,0.8430757970709166,51.79998333312557,29.428726812460894
875,BHR,BHR Holdings Inc.,Services,Education,USA,73.47302333029688,108315,5045159.259492824,26.87874936805857,0.9883429986317972,0.9151727171076554,2.1246472115177757,3.764925728084937,28.862010342368674,8.365890436093594,0.6024616558617938,1.958143529775969,11.060050829498849,64.95230010038458
876,BHS,BHS Holdings Inc.,Services,Retail,USA,68.17836938351778,347491,11964199.197966253,41.0218835649899,2.4783006026898486,5.550298791448152,2.7334457938036594,1.2106846922102021,22.15345660205619,1.2719238340572634,0.947728225257601,0.5563564385600861,20.533724139500045,44.619756705850364
877,BHT,BHT Holdings Inc.,Services,Restaurants,USA,34.68227638930138,35843,6545345.9358905,8.53748556621668,0.998338302763765,1.6276985169508844,5.840355117546506,7.691632691295547,0.5134887357271909,7.926644542652877,0.4124117861696009,0.7478202276145156,3.5533360168958854,51.31156702021226
878,BHU,BHU Holdings Inc.,Services,Telecom Services,Canada,59.215520078489604,18757,1253174.4467565366,25.666911290518154,1.5116096471573535,2.57940713103958,0.7934346276152057,-0.44515429141440865,12.984315050207886,20.55350996542802,0.3497642425174151,0.5444377264408126,21.152456134655502,33.580662099107464
879,BHV,BHV Holdings Inc.,Services,Air Services,Canada,27.23002049339079,30834,11993662.14567905,20.080787276424523,1.440998209702922,,2.2940430934208234,3.8645491558194753,24.312199734523304,5.7235437452746005,0.22737578013344234,1.5931366460845122,23.40566886277046,61.83086039491658
880,BHW,BHW Corp.,Services,Education,Canada,62.78330726541136,86253,6389856.745442945,33.85698489495149,1.2175720084174861,3.7976009190605318,,0.4239750563099567,3.7635576719950965,1.2903525043764308,0.724140998292897,1.3019003226539814,67.0983819685299,76.2353770414843
881,BHX,BHX Corp.,Services,Retail,Canada,19.73036246783829,278321,14781820.6857724,31.92313448214592,1.685726976062257,2.221126276111549,2.826512874911928,1.3369673083458131,27.967279613116705,16.299978512628044,0.24917499894220413,0.7797988654850965,52.55840711781412,33.83324247946844
882,BHY,BHY Holdings Inc.,Services,Restaurants,Canada,17.306822938917588,95113,4789824.564265607,13.484798949051502,,1.9735118513703604,4.001328243343777,4.586748235190514,17.046115250985746,-0.33767139168394955,0.6072315345029141,1.596140634388415,68.41179753947941,53.491232068534714
883,BHZ,BHZ Corp.,Services,Telecom Services,Canada,9.890823240380383,2744599,1748955.2463535396,17.937381373330428,1.0219420322462034,2.4343911982390174,4.233498743928092,6.080411770859623,-12.444002684823367,2.2209245277719356,0.5795172479526554,0.5994880989516826,62.11210880257383,74.31743248013038
884,BIA,BIA Corp.,Technology,Semiconductor,Canada,43.13561857728644,37830,19055003.42264417,47.51233426177994,3.6510115118408537,0.5882674115587976,2.0576925556435675,0.1801705053161573,7.608670176519837,5.834875664099616,0.4833243291230986,1.170935123744404,43.35826192068146,79.96516384889087
885,BIB,BIB Holdings Inc.,Technology,Software,Canada,15.049546390606563,231195,3120648.891737197,54.40729881903334,0.9302782792026886,3.075314500522879,3.4068725666189743,9.157162298937513,15.318734393134054,20.178196046540478,1.4199022785316753,0.7572867002433524,67.52726479425382,48.39815153799866
886,BIC,BIC Holdings Inc.,Technology,Internet Software,UK,19.371176216850046,31256,2931247.727188094,31.881318828644186,0.8182205700036149,2.5390452860537502,1.9216461332773178,5.95781384180817,-12.092038300180295,14.21894515853457,0.6967952090409663,1.0190985654745766,51.71875714852846,76.27807233858212
887,BID,BID Holdings Inc.,Technology,Computer Hardware,UK,68.18901204531898,14389,40535188.43116039,12.50969185784738,1.3273327504989951,1.9523670242041498,3.1276766978537647,5.010731232251252,11.540980858983762,14.575149249633498,0.2563107760475808,0.71203793693144,44.55077318639538,58.851109793856125
888,BIE,BIE Corp.,Technology,Semiconductor,UK,23.024328303761752,28468,8876694.439378895,,,1.7951772220022348,4.7441197937816675,3.5361525486562986,1.1404626653844865,1.920989601146875,0.38050648223508093,0.4212535893339342,44.331460893876184,55.102955168450485
889,BIF,BIF Holdings Inc.,Technology,Software,UK,27.18756629462088,60443,3081112.9052888984,36.97031469180574,3.134699713782442,2.590261063770658,2.1613561480619374,-3.125770248661619,19.502620531320286,-15.828752368109093,0.5478011135493027,0.9578127145778768,80.50870623929075,77.88886555456773
890,BIG,BIG Holdings Inc.,Technology,Internet Software,UK,18.5421416221652,69463,996044.8536883751,21.041551027449156,1.9815222383212083,1.2936753440236621,2.3902048428386378,-1.974416890863623,0.9062406442487401,28.505544342472025,0.8438569956610301,1.5490487036056524,84.01847527427391,64.53894797628288
891,BIH,BIH Corp.,Technology,Computer Hardware,China,25.992398653571687,24147,819272.2974746063,27.16835064214564,,0.8737482309340593,2.1669111328165047,5.769823096303719,10.07484156079057,2.270002280299778,0.5568342082374191,1.6705100593507574,35.59976316492443,73.05511444632766
892,BII,BII Holdings Inc.,Technology,Semiconductor,China,31.940065485521608,69736,4200342.396761046,35.60799640569978,2.657376518227295,2.1283300028100265,4.778092415224655,1.6403291943499414,39.39403620445314,7.496627487129722,0.3907968319571498,0.9304119416004701,37.014789609288535,55.134259498564624
893,BIJ,BIJ Corp.,Technology,Software,China,11.3577178781963,80977,15383074.791258536,23.138268127317225,1.6081444082721548,4.776494114013687,5.607687098130937,3.808793696673274,-3.526893537076905,7.345464732683615,0.4492745619670265,1.2863008242986171,81.02827759676325,31.995708636596188
894,BIK,BIK Holdings Inc.,Technology,Internet Software,China,70.59035004086117,125290,7367310.807006654,18.280479322617204,1.196068939758372,2.227888294439923,4.281000277962925,2.926138198800245,-2.4689625560618182,-1.921430805212374,0.15001404977285382,1.5412926138456542,3.7122893561759405,30.791491012931843
895,BIL,BIL Corp.,Technology,Computer Hardware,Chile,29.312901303638466,8585,449977.848951779,30.25955915706503,1.0674230429635987,2.4255249420386233,1.1005704867494723,2.907358890110857,24.45635617274789,-7.661967433690663,0.5214868418854325,0.7078819201334343,45.78508260582002,59.57997982805285
896,BIM,BIM Holdings Inc.,Technology,Semiconductor,Chile,10.754252526901032,166424,113792.72880743077,21.598660690073135,11.65502796216611,4.616071500804882,2.5153159721656717,6.663712186946288,-5.447524070279265,14.348498586529375,0.8820501171213762,0.9327104987751937,30.40891298363661,51.81863912403934
897,BIN,BIN Holdings Inc.,Technology,Software,Chile,84.68082869731728,102305,52087420.58321393,,1.4450079904566768,2.400227870525574,2.555678367357571,2.3757930890411227,21.209235454137918,29.36690838086942,0.3053974198613512,0.8736028688455283,21.72507658568552,52.891652336503064
898,BIO,BIO Corp.,Technology,Internet Software,Switzerland,4.2115499783711625,114843,31598.25789789797,28.833023877466,3.732546647153346,1.0521164501249285,,4.662025348053287,-0.26417039240235773,3.5821184589280906,0.6028836873482726,0.9364696222332244,56.33266255015703,64.2546232776042
899,BIP,BIP Corp.,Technology,Computer Hardware,Switzerland,39.09398055370138,109183,59803932.803414114,,1.5650301756552636,6.06150304569675,2.00180631552312,-0.8109881944263333,-5.563537596489921,-11.984661232110575,0.3073518835958108,1.4072756116344776,54.575496049662675,51.4271674550349
900,BIQ,BIQ Corp.,Technology,Semiconductor,USA,26.007124625531283,28056,359671.81218688824,46.04857876751379,,2.64635209388404,3.489892661981878,8.194794347502377,0.23130382015867568,4.611678345549799,3.486278630913482,1.1663118084174997,69.5990037898691,87.23305178111413
901,BIR,BIR Corp.,Technology,Software,USA,15.653254047577834,16216,1343266.8773165005,23.967673925504567,1.6951290578187233,,1.8397085020544617,3.6200612702975326,19.454457356600642,14.42630285931026,0.5055037294413879,0.979247977398996,38.09120983795789,49.61834694676284
902,BIS,BIS Holdings Inc.,Technology,Internet Software,USA,44.28004312516697,115938,58865137.602687776,11.79831713960601,1.327150110343245,0.8218991254135023,1.936442765226973,5.7344223819528555,30.221160553557784,-0.6494411017760449,0.26545798315843716,0.6410429397619922,42.94418062791077,49.26156132601135
903,BIT,BIT Holdings Inc.,Technology,Computer Hardware,USA,11.710498814643104,5674,2752376.130536794,17.78225764744531,4.615090019767111,1.2993383652894457,2.7609460703619524,8.452656368861506,12.208216944947837,4.323338058166178,0.4815895465761519,2.1838684405404187,40.78137774396661,51.11386637587882
904,BIU,BIU Holdings Inc.,Technology,Semiconductor,USA,45.74973524881238,32088,30723126.076333843,17.687524390619373,,2.190303471739839,6.121815281735726,5.053252737786835,6.6604870594105074,-0.8354084922795142,0.1263825982531418,0.15,39.723505705192196,49.102802766648445
905,BIV,BIV Corp.,Technology,Software,USA,61.01531686249004,37870,13559704.919629708,70.90900210185937,1.1512669064018939,0.9634787375659478,2.6155374463107273,2.5076798673137004,13.346903380042132,2.1016360961049845,0.36144612044359914,0.9832098087783602,16.671405244807488,51.58972276660071
906,BIW,BIW Corp.,Technology,Internet Software,USA,7.147122944022198,1527645,2594757.8083134424,19.395535224156482,1.6247266916807872,0.8740460794058432,3.140210286668961,10.698834385437927,-25.952648151481938,17.650626425896668,0.581398443933649,1.1901003820128213,25.82744064004582,50.63467484045271
907,BIX,BIX Corp.,Technology,Computer Hardware,USA,59.788807692105124,135924,9250070.651156226,4.870629878079842,,1.9146557714892485,0.7309263098043962,-2.9734658881721097,21.65150000604332,1.9437897984541195,0.2913923997898084,1.033962647580749,37.97358717307218,71.92286252612253
908,BIY,BIY Corp.,Technology,Semiconductor,USA,26.331018329100797,15978,7308895.731675858,63.85429108947675,2.4384985580542704,2.7269295708552477,3.148080989987203,1.3007711068798193,3.9394163726275124,-6.082360899990736,0.5479999382608609,1.1510761499504942,56.97108925601746,37.794513245943776
909,BIZ,BIZ Holdings Inc.,Technology,Software,USA,40.87004683549915,41798,26739172.311347216,18.498447698977643,0.5454653415232344,5.445079230792299,2.1017707884117747,0.3709364867647875,17.73622630949575,18.35711207164035,0.4119015382846552,1.644596187620988,24.114287679999713,44.8089097484659
910,BJA,BJA Holdings Inc.,Technology,Internet Software,USA,34.89040376723467,14889,13502483.762372237,22.180006141595676,,1.9279226278306267,2.2799793777989863,4.882449232904721,-7.16482356458442,6.489701013323063,1.1195232775324035,0.8912846422483769,38.22979489488243,29.59433842058056
911,BJB,BJB Holdings Inc.,Technology,Computer Hardware,USA,13.226788965378098,289826,13632699.162287526,45.40415443434645,5.474307597620453,3.2898398487412783,3.6232549247937444,0.8228229674499066,-8.843744284483016,8.161604537368767,0.2291569630004643,1.1057768009634,19.863579930911655,44.561552042332956
912,BJC,BJC Corp.,Technology,Semiconductor,USA,22.213987608235776,293110,7109345.844240432,13.293301790709538,0.7122325511621223,3.860430054218521,0.8231736208939834,-0.9220457120366001,-1.8995551381049296,13.893801259381073,0.10043790162145286,1.789088660667745,40.74460480894086,58.18436599435887
913,BJD,BJD Corp.,Technology,Software,USA,79.22484927950296,276085,2930551.9554404984,15.112676405842903,2.443904509996485,,5.093753369649142,4.812075642653502,7.277215671696659,8.748083924486693,0.16754532434545444,1.3987207317399224,45.763905498578595,44.802962441792545
914,BJE,BJE Corp.,Technology,Internet Software,USA,12.33109586154062,300362,1118225.6644342816,16.75741627627744,3.209635616324701,1.0549758530961797,2.858999029054582,0.7410059779919875,-0.11797254048659767,-1.8620058017435177,0.7710735745601033,0.7493328638174688,66.00436105795661,49.77062391383259
915,BJF,BJF Corp.,Technology,Computer Hardware,USA,22.760958557967733,28911,23292411.878526982,47.81756981822032,0.579067557215334,3.8929544038864026,4.386406394924465,6.054405241863517,3.4075057325357827,18.782805106720154,0.6595535606913163,0.612262903043947,62.80487393256474,37.93768402061744
916,BJG,BJG Corp.,Technology,Semiconductor,USA,8.643473762471888,207895,363246.60765951837,24.717915002185368,,2.992515606190522,2.7236620398847613,8.67429706252385,45.41019439679219,27.189353557537512,0.7686802139053227,0.8980129352841293,22.325720491260515,33.8780709174237
917,BJH,BJH Holdings Inc.,Technology,Software,USA,54.7072616761636,653700,19773707.339460753,19.294172121174203,,1.2766826203765134,,1.6248340938269836,17.436345951617376,-9.390978443938376,0.17927308207671652,0.7506625341909541,61.64821151398573,56.42535457644878
918,BJI,BJI Corp.,Technology,Internet Software,USA,59.16332660839897,16187,20532707.17154521,24.986765975635677,2.16760824132733,0.5686691120322138,2.0401467105534796,0.5726509508021065,36.667126654555894,-4.891610368706296,0.8518205831085504,0.4167550052231145,57.55382459231545,51.054007010958934
919,BJJ,BJJ Holdings Inc.,Technology,Computer Hardware,USA,28.397122020224927,29260,777663.6448221782,25.56128279417736,0.8413079514494182,4.099681433715609,1.6727209230276383,5.368380449968919,25.8681634534565,1.0320781320446102,0.2554116417679369,1.3000657827928124,23.84369614308556,37.962548940469645
920,BJK,BJK Corp.,Technology,Semiconductor,USA,20.970958049755485,158596,1331405.0671059145,7.573857411088747,0.9107563674337148,,1.0501836886826952,2.2426427839133103,12.795433856214304,-0.40644020076708465,2.500761778438516,0.8064174798877071,23.507835063415317,54.94917966044117
921,BJL,BJL Holdings Inc.,Technology,Software,USA,15.762664983388097,156391,122901.1821399547,15.737046847040325,3.205690440454175,1.81298674760758,0.9915695698933892,7.881029503571492,3.78965876653289,6.9906910213787405,0.36398933656941357,1.003492600312413,24.892343317316527,50.784510069968604
922,BJM,BJM Holdings Inc.,Technology,Internet Software,USA,43.20055062057664,42494,2021949.2041528511,22.69120464933713,0.7753709501964464,0.6841464759319279,,0.09547870822457805,8.98975830330775,5.814846102709321,0.618485276884567,1.4451925044464904,57.60738698490372,55.24138962420663
923,BJN,BJN Corp.,Technology,Computer Hardware,USA,28.095276846676377,48801,30050001.02296816,,1.7488313391225272,1.187917840840928,2.6838291771631972,0.5506703168882312,11.76375612981827,7.1331455574794,0.6627139048134225,1.0237647919816175,15.037606884859919,28.222681964969087
924,BJO,BJO Corp.,Technology,Semiconductor,USA,22.773968725926213,87819,6741643.2205589665,33.86344279576791,1.8314539379331172,,1.4265334302182422,6.779594952635234,-1.7230442593873398,12.517341289054983,1.4169874628854728,0.6736476751509175,61.607775807402355,42.86867733698521
925,BJP,BJP Corp.,Technology,Software,USA,58.62256201373334,242721,4062995.2084182026,,0.9137758813924958,2.75538319374461,1.2477327025956042,8.605391042280507,0.2409906623841831,13.674386418521406,0.7890646753477354,0.30837434847057743,53.141581615835634,50.60819994957877
926,BJQ,BJQ Holdings Inc.,Technology,Internet Software,USA,19.715721294996733,29884,141850.68826904532,9.714826292449581,2.4191549206583405,2.7610481883628606,1.123738081015868,1.7927094413824607,15.08908859486888,0.5828158207792669,0.5857989913182678,1.1259251598056448,35.40566307112641,85.69136216015093
927,BJR,BJR Corp.,Technology,Computer Hardware,USA,43.76463126095874,24936,2677834.156377418,24.37313025133065,0.4937392285332122,2.6506009613623474,,8.952860129877719,19.852842694464172,15.368139869420546,1.0297512034367333,1.9096907281682665,14.089837653428003,78.28427250343248
928,BJS,BJS Corp.,Technology,Semiconductor,USA,29.009443105580768,215923,2451131.9053592314,17.06808301284972,2.2674072206847455,11.435874940305297,1.6406364640199635,5.749762891172308,10.062464026439535,-0.28936985980522856,0.9906048009808339,1.1308497174922143,49.99181182848689,48.96415686008236
929,BJT,BJT Corp.,Technology,Software,USA,10.891171042924794,1700273,655389.4661519644,21.5022661284942,0.9046724593738746,4.401814887021531,1.1318458014040085,1.284447747702515,12.342913907432283,8.638031231448364,0.3519352612286844,1.9883341357789113,6.566262304951607,83.61070778322778
930,BJU,BJU Corp.,Technology,Internet Software,USA,72.51234716051435,64771,11214963.99855256,29.025228995650263,1.894403897120197,3.8994588203823435,2.0616452898459707,-3.6411591591115156,17.835042266887008,31.501287978087387,0.23016882117972837,1.0088784328074256,69.50070336754712,56.37663972854864
931,BJV,BJV Holdings Inc.,Technology,Computer Hardware,USA,11.543512189965286,15921,135822.15234146346,21.215464240910542,,6.873184256868813,1.7319101984286647,0.22106301657162986,5.992119670041047,2.92898625988944,0.16032966862005504,0.639907230542067,5.397939838776693,57.37452579782171
932,BJW,BJW Corp.,Technology,Semiconductor,USA,29.193913333049988,8381,887834.7071048302,11.389161991586473,9.132134248873843,4.628615356860278,,-2.342634481543764,10.19854838275475,10.78354537204916,0.29207805788127855,0.8076630958941846,94.1124188153089,45.5194777160157
933,BJX,BJX Holdings Inc.,Technology,Software,USA,15.045068016322771,205555,32042107.318017107,26.16604945361552,2.55348266234498,9.010525427993441,1.1365806984766484,1.6610005201623839,10.43032743022615,5.0685539745190304,0.31839794206742283,0.5573489144914723,57.750699586344766,35.804630660858265
934,BJY,BJY Corp.,Technology,Internet Software,USA,14.74205742489847,37829,4365867.452135447,15.202434340571136,3.128332414312013,1.7435668078049031,6.3680844599455035,4.915585752314387,33.16562782560381,4.898230033851327,0.730288017855424,0.6138243607450357,36.468140618532175,53.67318039569384
935,BJZ,BJZ Holdings Inc.,Technology,Computer Hardware,USA,21.05811725600742,424844,2094041.6981224131,23.447546691532967,3.6204543242302965,2.6631169993334107,1.762481643653225,1.9990724118140548,-6.512910319294496,18.253019593428228,0.5102031476917491,1.5641451268108257,59.7670643179138,65.97534748162475
936,BKA,BKA Holdings Inc.,Technology,Semiconductor,USA,19.001967626843797,244338,6858129.60790612,19.890021826892582,0.9338173886497707,3.6345174189318734,1.6630187273122297,-2.3931477592942954,0.45245075017691505,1.212112120975565,1.129865168481808,1.118936913251135,58.39630307345964,26.944182184262985
937,BKB,BKB Holdings Inc.,Technology,Software,USA,9.637367733124304,48063,992615.3615457023,30.363522402658056,2.2974708219890143,3.496289614610008,3.357916977433511,-1.720093356989469,6.952299280573827,-0.05908190618344378,0.37379160124905764,1.0993772797369392,18.393680395861438,48.312544370630064
938,BKC,BKC Holdings Inc.,Technology,Internet Software,USA,77.59438973615661,503592,44705103.061219715,18.659881399402046,1.261674791960416,1.508762999003457,,-1.876062836964333,30.76369144008958,19.543374252568995,1.4967317830980595,1.2264576564694571,4.663121258098755,75.59233984866934
939,BKD,BKD Corp.,Technology,Computer Hardware,USA,55.252597358542324,43833,3115727.294114045,18.532715473599918,4.98310680620221,1.6072500878078797,2.4348671522489034,6.762578563002489,21.346968080913058,5.962969213905592,0.4137595535936872,1.325356649776602,34.24164207393064,47.4635322481676
940,BKE,BKE Corp.,Technology,Semiconductor,USA,47.65229010820507,34621,30194054.383910127,47.932477683538096,3.281910001497042,2.708070358264533,2.0893045693186507,3.1634694013779354,22.60011573383452,25.691897698473042,0.2288874616885396,0.5773271516925872,25.343863984741937,30.99672339095439
941,BKF,BKF Holdings Inc.,Technology,Software,USA,31.112877860077496,95751,10812051.50796594,26.5673517841853,,3.166333590550044,2.2287386088653505,6.101290270559323,-7.320254328307749,14.78706882424175,0.3470471117659845,1.6275236893086045,11.538226317564062,59.07883471754358
942,BKG,BKG Holdings Inc.,Technology,Internet Software,USA,70.25945634071589,258537,5830527.2882645,15.889181219958726,1.7922006476374228,1.7557367206497743,1.0225232670168694,5.959258537712342,-6.833260185718473,6.420002382044931,0.7255875473137525,0.9913133279322998,15.754020223307503,37.65527158045725
943,BKH,BKH Holdings Inc.,Technology,Computer Hardware,USA,16.405573038978485,17127,174630646.36406446,,1.5451369529343815,2.8916866842929987,1.2233854606596657,5.8574102275612425,19.457723108041254,12.639687496079457,0.3612569242598554,1.3057096700124555,20.639864411486126,54.727633399627294
944,BKI,BKI Corp.,Technology,Semiconductor,USA,9.459179247712866,10680,1251926.9922608454,20.686644038498972,3.184899652954293,4.426728716634824,0.3616643489228313,9.587801643386449,15.79514325558893,22.10471286482551,1.9445806770453662,0.6763820321759768,12.02110910106342,66.89937813242938
945,BKJ,BKJ Holdings Inc.,Technology,Software,USA,48.32094161577713,36288,4117581.9043576433,20.269312398006903,1.5247067848129072,1.47506469290465,,2.372496270738343,0.9748136299269783,1.6704056622293617,0.16455323955002968,1.5794034904971657,36.094593058710636,47.56419493243813
946,BKK,BKK Corp.,Technology,Internet Software,USA,20.57666862051201,34585,352211.1135647629,10.975405845748657,2.089076222261211,2.1589618121379504,2.6781306205225524,4.34589639669462,9.364108017701218,-12.080342896428334,0.161806157794596,1.9175771311089371,31.438904796162255,12.083650698547032
947,BKL,BKL Corp.,Technology,Computer Hardware,USA,123.0393954407244,152950,28920750.219504714,20.110445194038338,1.0943922662116994,5.259180969318263,1.4348377821280878,0.40670456699716473,1.5806130061769892,17.76878710954337,0.18057209166022684,1.3587361973699872,53.88238651369931,67.47155265325868
948,BKM,BKM Corp.,Technology,Semiconductor,USA,19.794920872416053,5563,2052096.363046896,28.11059020120997,2.613108010288775,1.1897733290779322,7.836920091654762,-0.8874029537631118,6.054381758228506,-8.16158734568107,0.7354400554965813,0.973853853825504,34.7071158828816,71.06382967905256
949,BKN,BKN Corp.,Technology,Software,USA,4.339930464418473,328644,346988.5085322259,,1.8888831374078878,1.9115642833751512,2.6071796735664847,-1.797627342321015,8.489007872566905,-1.164586545515503,0.7688635046190871,1.0596323946920887,10.593139507713847,63.17503734998924
950,BKO,BKO Corp.,Technology,Internet Software,USA,30.441844416846706,13723,4781268.728676151,26.41636976873997,1.9132990213420484,0.6783523898160874,3.901711865809256,0.9071759124796248,2.2751825111201924,2.3074923941766095,0.23779778186942083,0.7643420330530912,13.256030416033946,55.32308207659827
951,BKP,BKP Corp.,Technology,Computer Hardware,USA,29.37903820685925,50699,14432692.041107021,20.28829356890333,5.85901320480566,1.6201759520673473,9.985151248688561,4.467648833926697,-17.2577180759625,-12.116359411980852,0.3582862480641272,1.6201522493799283,38.42233353695982,77.76791165348561
952,BKQ,BKQ Corp.,Technology,Semiconductor,USA,24.098605023339225,8502,8425235.069147356,35.08952634265402,2.28313523866588,3.714118552809489,2.421397659855432,-2.9269311520816417,12.147527046459512,18.62370457291877,0.4492670266918916,1.1068151427212698,18.88568565289921,48.281068989628146
953,BKR,BKR Holdings Inc.,Technology,Software,USA,4.325350722021492,587085,420794.3591219503,15.248459682538138,1.9138355514452412,,4.698463205308902,-1.6755168033145034,1.7673160299418607,10.078335056967354,1.169520701602255,1.1039929727271596,37.21171441116036,57.66445649060203
954,BKS,BKS Holdings Inc.,Technology,Internet Software,USA,42.44430366981365,234439,12661564.479971187,26.232020884245117,3.1690913296293033,15.465251989119826,4.543297187619699,9.691255411059196,4.998554952325104,10.522660982374173,0.2807954403472033,1.75429653250841,38.567350925833175,27.82388027868546
955,BKT,BKT Holdings Inc.,Technology,Computer Hardware,USA,22.96208204169902,105324,19865852.04483264,,1.93215377216587,2.15199822812657,2.641949930365678,-0.5924639948437393,24.239470904174834,2.3275089054145246,0.46348679220042704,0.8897993638224388,53.19447059149368,37.8373083532171
956,BKU,BKU Corp.,Technology,Semiconductor,USA,6.455707636341076,77586,559273.7695301162,31.459896633657706,3.012776173560604,2.62247255395451,3.044708245858514,-0.41968979950803176,11.938991525537183,9.344291700726124,2.148861942416075,1.4624824599252788,38.178973509794865,51.62646412626221
957,BKV,BKV Corp.,Technology,Software,USA,28.77722215910442,4935,31038962.760606516,7.477964920263215,2.206685184458858,0.74239202012019,1.4121239128441943,5.263477402062616,6.47310125826916,11.34967875619344,0.5983507465023831,0.4949837332304431,33.50029486768709,50.76232896066585
958,BKW,BKW Corp.,Technology,Internet Software,USA,12.33172235296699,76397,28334465.13056248,50.73928456144159,2.7894228773083194,2.58016601379987,1.489388288553582,9.75104874996191e-05,-3.861779219074796,-6.303302074774145,0.2854271980749207,1.096447316894663,8.89430090279866,47.4940700692502
959,BKX,BKX Corp.,Technology,Computer Hardware,USA,59.14089342839083,13682,126046078.91732813,16.668320233382122,3.440461347326924,1.7456823926022342,,5.027964062977241,24.708557999660915,0.021529852614090572,0.6373968536724651,1.3422988002526268,49.69315480757363,41.35087439377126
960,BKY,BKY Holdings Inc.,Technology,Semiconductor,USA,32.22852179125361,157889,5833233.0291285245,23.4755087306666,1.2493328544819662,2.3165428205143868,4.605437438267481,0.14294934098346435,35.564023916868265,2.8680799264524888,0.17113793278733144,1.4370828540981344,32.09919051580112,27.228940381286993
961,BKZ,BKZ Holdings Inc.,Technology,Software,USA,34.28615815049906,61724,1925444.9905763844,,,1.581022443527443,,10.057291225805978,-15.480084284992088,-1.2121252651085666,0.8163000925163345,2.0275973797014726,24.184442851549996,24.458420706788658
962,BLA,BLA Corp.,Technology,Internet Software,USA,14.507131216626247,49776,47121887.110655755,36.4661710050678,1.1454936896815755,0.7715506284745786,0.8466422231005845,2.713726713450936,-12.120153057356937,-4.03716241076852,0.7134119509232909,1.0998107567460986,26.808270112354915,85.1620305127265
963,BLB,BLB Corp.,Technology,Computer Hardware,USA,81.46042160318511,2660,13177181.793255828,11.533836783038737,1.2702787423912594,0.8051625276378964,2.08689729253218,1.1101046727871688,9.226752172379495,15.193063601606056,0.6062998448316996,1.1178079029833614,60.95221608903898,47.09598844848372
964,BLC,BLC Corp.,Technology,Semiconductor,USA,54.72437272297634,730833,3832963.602562746,16.528306273269365,1.8709750551466562,4.665274336335189,0.8462844998128244,0.24923215603986826,-2.5953557595563623,13.60341819395246,0.5076310153492324,0.5329041213314392,29.913444240619008,71.79240206667981
965,BLD,BLD Corp.,Technology,Software,USA,17.483279186100404,866125,1857484.6433110058,65.45904228263521,7.562226785022214,3.7538462325639665,2.50915285859337,7.935319639859978,-3.541926041286855,-0.16734585329470164,0.4661092838668254,1.4195405173883207,27.59909587746764,33.58097325051324
966,BLE,BLE Corp.,Technology,Internet Software,USA,25.547843166299,21614,4489839.789798305,42.809193817609255,0.4269731187980663,1.7021665823310899,8.873864887445501,3.355123062102053,16.191848549692686,-1.189803902460973,0.42685714500199473,1.0207809472779124,63.34969077554765,87.34057754583537
967,BLF,BLF Holdings Inc.,Technology,Computer Hardware,USA,9.036209871315682,71599,10306338.436359383,7.0136383657333585,,4.802077019166605,5.999108659067469,6.430085769574795,18.13603157000022,8.710920625290075,0.13327209401840212,1.4791177277981327,27.835839376781664,58.20173047480229
968,BLG,BLG Holdings Inc.,Technology,Semiconductor,USA,17.09075762050985,94745,595146.7855350869,34.42971575680813,2.6439729080481866,2.039666717877601,10.610957482693665,2.440284586384705,-3.8247005114145587,7.945030924884277,0.34994671045333703,0.442401856389561,11.499043370820287,51.012738298023564
969,BLH,BLH Corp.,Technology,Software,USA,53.322054865796545,444822,2789155.7971419496,39.04503966988413,2.5735487515532856,2.394867660209164,1.673530168795164,-1.5478213258513578,11.532619627203463,13.73055854828657,0.27491588032955866,0.7916708788943829,11.690344204529355,82.00878142993656
970,BLI,BLI Corp.,Technology,Internet Software,USA,29.316310776661005,1073524,14417920.479253734,8.644364910991047,1.4717967524846862,0.5305928668790446,,-0.7550287134845179,18.49700881751889,2.233297496184899,0.2231062251660304,1.258936613467181,58.8981811802141,61.98887337055317
971,BLJ,BLJ Holdings Inc.,Technology,Computer Hardware,USA,26.149087708149448,14919,127839.96267475531,15.036498681971073,2.4151564088428836,4.308112928640136,2.9163599578875616,3.8878772656195104,11.19126166887653,-4.128565296506,0.6844933260445293,0.8816218868384532,38.288851919068286,52.337004075186
972,BLK,BLK Holdings Inc.,Technology,Semiconductor,USA,103.8172878582055,14036,6393161.499171116,29.86522257513844,1.305865572229478,2.0660836943474954,1.409753158244008,4.726973810571386,18.828285252913386,26.899796619413053,0.5044611766297346,1.3609946625309024,18.636604251878907,65.93165056621291
973,BLL,BLL Holdings Inc.,Technology,Software,USA,16.47458855011313,502983,3947168.6407789276,32.57668420886204,,4.315752704430241,3.3489887000548517,-1.1347999171007768,-1.5301025276478626,32.402405923392884,0.4119893140624069,1.6047900561240216,20.364098883846417,33.00446189225468
974,BLM,BLM Holdings Inc.,Technology,Internet Software,USA,101.22561193351468,13795,31530687.809832916,9.025794752897658,2.2848653209831924,3.7309998614964957,1.9906078371016624,5.638758779892523,34.866007774237545,8.26546014688567,0.4323270377634335,1.2296571793131705,56.88209352095941,73.52877935441957
975,BLN,BLN Corp.,Technology,Computer Hardware,USA,25.900943869973627,255325,4597653.476985153,74.31741473153131,2.035578702758215,2.441755670696807,1.928727570637796,8.395444460470836,-4.507867201749997,9.088777837329383,0.4014214479237694,0.8608924163107603,62.22334239825983,32.88797696715666
976,BLO,BLO Holdings Inc.,Technology,Semiconductor,USA,69.75938412248213,761623,1257561.775168703,9.524139118317196,1.775957202566795,1.6031288453786519,6.626752108804561,1.2734548628106113,-1.7081115988081308,36.564456970836126,0.24592883427422296,0.3785316192090098,43.6384542324942,39.84081257773857
977,BLP,BLP Holdings Inc.,Technology,Software,USA,36.695483592845925,51557,4356971.039562471,28.184411215467907,1.3099929364300376,1.3037704179775795,3.4547090703961985,2.8375444987888327,-4.3187876661239155,18.182125980403367,0.8854803823597097,1.0883870317713544,25.76146367942386,26.974258081979453
978,BLQ,BLQ Holdings Inc.,Technology,Internet Software,Canada,34.410930701543904,64837,10432740.162646586,15.981877728147522,1.8307141018621385,3.7073009186684636,0.5246457542700816,-2.145072424849515,-2.5597542580804884,8.605383626974632,2.478551907058011,1.2428866962425669,61.443185495388754,59.02237546811591
979,BLR,BLR Holdings Inc.,Technology,Computer Hardware,Canada,8.272527782514777,22952,883795.9001902447,7.69654811352734,1.1202902862574604,6.56119933483639,4.12000963834693,6.405054024584629,1.6127239354810765,-7.729635698359218,0.6138780649635126,0.8441561231212223,30.295527062268015,59.860607690204596
980,BLS,BLS Corp.,Technology,Semiconductor,Canada,103.39621142316481,517666,68676793.61863251,33.87564792858306,1.8040355190107282,10.818346760321031,10.37597310261731,3.434715700170714,-1.545702285790382,0.9480828727323871,0.5988691030397716,1.1385335672036714,10.104455555337681,48.48673087922107
981,BLT,BLT Corp.,Technology,Software,Canada,14.734595228123837,207929,3047872.704275288,11.658111935864369,0.8978226050911056,2.247056241008867,0.6227139251518363,7.6890693962848875,23.589298948416747,2.8905097253284158,0.25970504180385584,0.9629044128745852,37.155109304477314,52.993104533088996
982,BLU,BLU Holdings Inc.,Technology,Internet Software,Canada,21.691232413082822,132870,1087646.2572898632,14.871105363963947,2.9162929845306484,1.9382449402237916,3.8182155270898743,5.287039058573036,0.8980216946712654,18.548528427856326,1.5999818643970465,1.7491351778844293,66.33314561113134,71.64416788648255
983,BLV,BLV Holdings Inc.,Technology,Computer Hardware,Canada,53.44484434951239,78117,1269704.8494222504,17.766761276921507,1.7813227372999796,1.85727910764792,0.7086596018144092,2.9526541330462517,25.42368587068282,-15.794694964733257,0.3844187940799393,0.875797226889088,18.446443887346618,49.54594992421285
984,BLW,BLW Holdings Inc.,Technology,Semiconductor,Canada,5.885147086251917,77352,452282.3027453414,9.486485488121845,1.4125337372700353,0.694983433607268,2.420568280295176,9.579265193588858,-31.541226043614977,-2.167346769528532,0.5010996769002386,1.0919212180562659,33.970048215943706,39.32064330077377
985,BLX,BLX Holdings Inc.,Technology,Software,Canada,13.85223761489148,12256,6322327.779379699,15.985675651994415,3.0913648572368584,2.058168643697023,,1.964365283625684,35.722160921439496,16.323966450065406,0.7973028351085413,0.31052893444337504,46.05053121731413,35.095620459884735
986,BLY,BLY Corp.,Technology,Internet Software,UK,25.15403927939403,11330,2189727.6712798947,16.651846701972396,2.4894763384443546,2.1970498704245927,0.7491149678267459,2.4926320671336923,19.493572214736652,20.19888866921383,0.10734963305679804,1.3671889245664814,60.43302992407148,35.03404051794098
987,BLZ,BLZ Corp.,Technology,Computer Hardware,UK,12.567370801579568,21918,448178.04162579053,,0.8011423778505007,4.506404926200802,1.5511480796326251,-1.0784970496040809,10.983268048165593,1.5636461137863087,0.38060091553762165,1.1663070784435812,55.66944298511143,67.84360162351012
988,BMA,BMA Corp.,Technology,Semiconductor,UK,13.686633747201007,405324,10375006.046377236,27.64896651762382,3.632699734147165,0.7177746125252459,1.34361162654546,2.8204154717387673,17.960633023361723,11.01988592682756,0.7778367989246642,0.8028525116499197,10.314726991782964,28.84746730884059
989,BMB,BMB Holdings Inc.,Technology,Software,UK,23.78621402960008,36473,7076881.687594061,9.206409058042464,0.8883714975513739,2.453708051027761,,1.360068498660263,24.732595633643367,-3.1218581300046235,1.5465112794676181,0.56966235635009,57.522990116834904,57.42112295085495
990,BMC,BMC Holdings Inc.,Technology,Internet Software,UK,27.85643541979392,222657,10222184.842324473,40.69888227953469,0.8545921343431262,5.357512094128254,5.509273858722538,-0.27519260301300097,55.712709881843914,6.6045247090942905,0.5863266416868382,1.9192798521013925,59.92558451104967,47.21626702931261
991,BMD,BMD Holdings Inc.,Technology,Computer Hardware,China,19.853309299129673,28920,2367234.3368105344,14.437171225774229,2.3663016351229484,2.7211162335565815,,4.46998548766969,37.932772962876065,17.83621679353102,0.3168901436957206,0.563124354369466,17.25775221701526,54.92428699430477
992,BME,BME Corp.,Technology,Semiconductor,China,22.07673245285036,55658,2663609.2991088806,,3.083439108539135,1.5906997839873804,3.7359587284476463,2.5710469304340364,-6.481311350281047,0.8448823069203275,4.32048962987268,0.5992791716909438,16.329080871317114,62.71596279530998
993,BMF,BMF Holdings Inc.,Technology,Software,China,67.09081824510018,1225242,4976598.315007304,15.652095264407453,1.3700486690170963,3.096168395443496,1.716071103627579,-0.22314034060435128,16.435495118216124,2.4977600364954355,1.278799424655188,2.1058805957970295,37.28492850383668,69.4430824163451
994,BMG,BMG Holdings Inc.,Technology,Internet Software,China,12.841845725419097,13220,1159885.6492267807,11.789809075413487,,2.1430465492135404,2.85071843878689,-3.385975425344237,1.9545576647096903,0.5162024250555639,1.0730653428248906,0.8590867284245616,43.98648693777511,60.00710077441496
995,BMH,BMH Corp.,Technology,Computer Hardware,Chile,20.547615050542905,181982,507728.54890199396,37.46693225100479,,3.946552356618014,2.1589599727550435,-1.243080291693774,-18.455769012370606,12.415618499949035,0.5582357835349324,0.7929734926032626,8.511140053609882,61.90942848893412
996,BMI,BMI Holdings Inc.,Technology,Semiconductor,Chile,10.762478067792244,78313,3951955.723739918,23.915886718516408,2.184108260149788,2.1343399392759443,,4.609519791479467,30.89958980906343,6.798357266838605,0.2334146875837503,1.1912890877178632,28.893608584508602,68.35991058812355
997,BMJ,BMJ Corp.,Technology,Software,Chile,41.05459633725467,17520,2082020.0699204104,8.183331613338517,1.000278441893309,2.326195373968026,2.1863061114939137,-0.7457055575032121,-6.888186127664589,18.09015360209858,0.5615231923480869,1.3351721553263378,67.0951444172792,45.724042390229556
998,BMK,BMK Holdings Inc.,Technology,Internet Software,Switzerland,20.428643624051112,8178,3096685.300372104,38.113735554230445,,1.9957842944785777,4.7194675724676936,4.999498866305391,-8.773432463121939,-9.505100033977385,0.49926410908684726,0.7535837823880228,32.53648740012044,52.99871961039741
999,BML,BML Holdings Inc.,Technology,Computer Hardware,Switzerland,54.24905804376216,643870,1397391.117928951,43.92667127508399,5.121803109780559,1.7625503236745423,0.8159147803530654,-0.4270211384379201,8.815421049231333,24.391722037597606,0.49547182279609003,0.58433767644958,15.036784178999579,43.86171037264803
1000,BMM,BMM Holdings Inc.,Technology,Semiconductor,USA,160.9057966225669,68247,147509540.35272673,56.83075608636663,1.3868310433672957,2.230474764426501,7.992244286529737,-3.166377172645071,0.0193841061618647,-13.21748932347256,1.352455882483725,1.646293225247169,68.65291797610816,57.43735047667273
1001,BMN,BMN Holdings Inc.,Technology,Software,USA,16.450396869066584,10471,1224794.4507020717,,2.0056286017332425,1.8689725679105897,2.3125869744648235,1.6923896706748098,10.52785313476458,21.008833477208075,0.33474432834717766,1.318512921409718,36.91753302010072,80.4721526350281
1002,BMO,BMO Holdings Inc.,Technology,Internet Software,USA,54.19333005984922,47065,9694295.263533909,17.340772144352705,2.6325159649832726,0.5106744667370985,3.8644805362805017,-2.5003212890009707,4.302138034847818,11.643000657664617,0.20097027047409452,0.9347103238509612,72.90815562186447,35.345658270378465
1003,BMP,BMP Corp.,Technology,Computer Hardware,USA,18.222735181603667,132260,206840.1606782596,11.918162009408924,0.696617776822431,1.4986651073894783,3.6031088202019435,1.6748826751532877,9.53071665036284,-6.5973355199244565,0.41151586644268523,1.2796979901004473,47.334692397313724,46.47066152712401
1004,BMQ,BMQ Holdings Inc.,Technology,Semiconductor,USA,26.481394023344503,52035,2037623.7470209058,,1.4442090872493942,1.6932105717361012,3.542661872553278,0.15298081635006033,27.33030977694737,-1.3706869408802973,0.13275623804600994,0.8974187724231277,45.140354161009924,42.59002217254302
1005,BMR,BMR Corp.,Technology,Software,USA,19.228822971659458,79736,2601726.185970988,46.73797298879149,1.3708849847968023,1.1722161698658873,3.5684363581118066,-0.5499477757682509,21.137478676834213,-6.758175602339023,0.7405180808382796,1.0179069492683315,54.71253760660867,54.02607404549842
1006,BMS,BMS Corp.,Technology,Internet Software,USA,82.61061138153428,10574,11850326.674708476,51.968192783038255,1.1013300935093633,1.265739394356378,7.0464624757680765,2.6788691000253966,1.8625991543978149,14.86358047129864,1.1056573161097418,1.3551359727232941,11.540755455183065,35.96267492694683
1007,BMT,BMT Corp.,Technology,Computer Hardware,USA,5.746124824345643,161995,2795313.5861589084,16.3604611022484,,5.262111904042797,4.366488786403366,0.7728525631406808,10.390319548689753,12.941304308771468,1.353781555432811,1.3895096230208035,16.179926020553324,55.7328565744785
1008,BMU,BMU Corp.,Technology,Semiconductor,USA,30.21599740060017,27627,4064602.5059941267,18.983545668569807,0.8872741211697048,3.502026142275918,2.588829970174897,2.2867558588462464,2.7534024344697867,19.5154099918526,0.8436870829410668,1.9494882570079222,32.912179892584035,48.211887994566794
1009,BMV,BMV Holdings Inc.,Technology,Software,USA,12.911235937963278,24013,2274014.4683783175,14.934596588306558,2.514435017192791,1.9693356744892718,3.6354522012590116,5.105473705517975,-17.264440731449127,18.042219236584216,0.3516093737689854,0.7187113120277966,46.48248464290772,76.71225261735128
1010,BMW,BMW Holdings Inc.,Technology,Internet Software,USA,21.37145341201947,21114,544830.9065977043,67.1575852465764,1.3133039746434465,1.7278481004979473,1.4345184029652938,3.486626965768697,23.34385238743512,-3.2416385881518153,0.44470552069766495,1.1933442436487804,11.027799150274637,26.483422154701564
1011,BMX,BMX Holdings Inc.,Technology,Computer Hardware,USA,40.623935387008174,503345,80965214.76735412,5.466681352998941,2.5280777543544115,1.8517765643406212,2.2298316482050775,5.788389909041799,12.150545924689157,17.581085585679634,0.4967172364313904,1.0131640141381517,46.94989661148248,44.81224705760984
1012,BMY,BMY Corp.,Technology,Semiconductor,USA,92.42088171519393,38911,18809742.023347706,10.625437677468968,1.7011136778098392,1.755165633375711,1.4268802490055046,-3.60826676895331,12.262727126331875,13.129848329754166,0.32592370965007766,0.56495935817866,60.48084129445379,73.37305750710178
1013,BMZ,BMZ Holdings Inc.,Technology,Software,USA,92.84395498765345,1355,12333802.818577785,15.268325600121594,,0.9125797574813244,2.0067351422138615,7.447447350561514,0.9237067010227964,-1.987833485836271,0.8680693944150842,1.1277655258970778,17.076477897746635,87.84553678579411
1014,BNA,BNA Corp.,Technology,Internet Software,USA,58.85013852879246,22129,304891.9218200005,,2.7091174915126808,,4.648762951273184,8.341235381232115,3.146863965236127,25.110123288710227,0.35155041523131697,1.4313318938216426,33.6503216668327,21.76501528050186
1015,BNB,BNB Holdings Inc.,Technology,Computer Hardware,USA,21.12713673450402,51230,1329695.5250228848,25.53991748841371,3.1793496776141317,2.3472625865228434,5.782128986294747,6.319940505778831,-5.869989299433321,-2.6411882815686862,0.7903687760196509,0.4464555846598288,29.245091894875923,44.763004347929645
1016,BNC,BNC Holdings Inc.,Technology,Semiconductor,USA,35.607301897594084,112344,10574485.767145896,12.18972714120395,0.83801377174849,1.2631538380102902,1.6725406855004195,0.9537028857815193,-10.538758850376123,25.74005489097497,0.6614706269168431,1.2392356025776297,67.86171398358755,43.036224125289216
1017,BND,BND Holdings Inc.,Technology,Software,USA,9.36741751956043,9185,1684265.3072258937,20.759946919319006,2.444267311003758,7.986654504971268,1.8616814540607236,3.671252273988793,19.00534848146125,-0.41270901232702073,0.4454058884143843,1.7145391784320176,15.165083881056733,52.118716884110746
1018,BNE,BNE Holdings Inc.,Technology,Internet Software,USA,70.32978317607234,577643,7607966.025193857,10.401251425234111,0.6933225283599614,3.563330480007158,1.3626004488853742,3.717797515929535,23.35874791465109,28.22306647080291,0.9733666260316565,1.1254758223370815,31.108841892082378,51.927976611664825
1019,BNF,BNF Corp.,Technology,Computer Hardware,USA,15.426711209739915,269066,3388036.715496437,14.739379871088216,0.934582426686136,4.000601214574776,4.315582388262578,1.8977766231130277,9.98487185119285,6.474305039674337,1.461054209632752,0.5726707692200098,73.97549495169335,60.333297643763174
1020,BNG,BNG Corp.,Technology,Semiconductor,USA,77.7440564610773,15765,25900070.635422405,19.775928726720448,1.8332265340275664,0.34227378900851607,2.8379239639402343,3.595144480950826,23.761750224209216,1.7393553241644604,1.7862825987874493,0.9102993606415648,39.42266705472009,66.64860061974785
1021,BNH,BNH Corp.,Technology,Software,USA,15.279776384818074,135527,15747923.40811956,5.009774259581517,1.5287545156578577,1.8803843667743905,3.7079638706561715,-1.0517144672977676,11.640763216450921,19.902262187955436,0.19594818650254084,2.1811395606940063,34.67310512636917,52.08302697336984
1022,BNI,BNI Corp.,Technology,Internet Software,USA,19.592182959633508,15087909,5277377.91248087,29.980071093120507,,,2.9254494437299514,1.621047191827363,13.038397931924958,-0.8373086648283756,0.7566702885105856,1.1260063015931014,35.1514192907721,48.67358764634924
1023,BNJ,BNJ Corp.,Technology,Computer Hardware,USA,30.296690829871093,24395,162115.0784806891,18.52517414071715,1.3157024550984837,2.863126720007906,3.0856039878416537,3.1186900263999737,5.58465877342555,-0.3577954214207182,0.7837360496515348,1.5139581976691,47.68171444154254,36.649816984825826
1024,BNK,BNK Holdings Inc.,Technology,Semiconductor,USA,34.980259583972554,25817,2445604.21943909,34.132667710218136,1.8496321389349577,2.0272988606763174,1.432975589535165,1.652274567022808,-1.8344194525344033,-15.241566697979277,0.6974358766001585,1.6434178573717366,14.619504495360111,27.805797525564234
1025,BNL,BNL Corp.,Technology,Software,USA,6.804495543592767,18504,23248137.147141542,30.779013263272905,1.9845007017217895,0.31531770459827,7.694930784579971,8.243905531075628,-4.707207915380504,4.246076036358746,0.3300438497037534,1.0861707300941266,49.09832335466777,73.962601293534
1026,BNM,BNM Corp.,Technology,Internet Software,USA,77.8103286910306,14606,77751339.39200659,24.41154486733309,2.0448730156922594,,0.9149798608255257,7.095114079081718,7.906118243004863,28.692549594680845,0.4583819709514622,1.7168742956364587,48.20937708334593,62.75370966900674
1027,BNN,BNN Corp.,Technology,Computer Hardware,USA,9.936073554592047,329621,1704899.716441694,15.490860676453847,4.010106441489762,0.7238047626340615,9.657718627914292,1.0260996784169145,-7.023503797381476,31.17624436330611,0.9554137758397485,1.5969617439359043,28.15323379592391,58.14378311248841
1028,BNO,BNO Corp.,Technology,Semiconductor,USA,13.680637109515503,33341,7597838.521998441,7.930012854204143,5.297652352231,2.5317426780488836,2.51967652872264,0.6664678845543994,23.577624126617103,-1.525209135543145,0.33808620911165166,1.1653552399432117,17.013145179754634,58.60282576810992
1029,BNP,BNP Corp.,Technology,Software,USA,24.18137357297012,52662,746981.3307914871,21.03503784234514,0.8265124828257657,2.4609606657658576,,0.442463883460656,11.1885548976237,19.3240159657637,0.2828031785208714,1.0914545769328372,5.26817978191731,60.2747081082291
1030,BNQ,BNQ Holdings Inc.,Technology,Internet Software,USA,47.79922540214705,258023,8521687.828930704,32.16359772272208,1.5214384218180685,3.2576522549925713,2.344315093573927,-0.14929795135356727,24.880785376603974,3.2853112646471834,0.21006777292511952,1.5620267986190872,46.72047656828588,59.72210413424598
1031,BNR,BNR Corp.,Technology,Computer Hardware,USA,15.951824871421225,6882,3194702.7866427246,,1.3691110496029424,5.1292171109563505,2.9640361258916297,6.442205193657706,28.196282700235216,6.054231351572167,0.3875325751117941,0.9796446719253664,57.1806673250874,62.407575271028264
1032,BNS,BNS Holdings Inc.,Technology,Semiconductor,USA,54.184880630618906,327551,21991099.94185862,21.058000862985768,1.446761243460366,2.3624032202423586,1.5810753042057608,6.217904498613072,-18.034701753216503,1.618183676612123,0.15900158347398052,1.470110829825665,58.46105798907624,54.865742027914834
1033,BNT,BNT Corp.,Technology,Software,USA,125.93028588229546,103325,9640470.89235293,12.85496286248124,1.9438124520440339,3.3305986597446857,3.792189420533139,-1.1705110764335518,8.344763839795158,-2.9561999058393393,0.4085430136447793,1.456312448136281,19.878577749897634,46.63273075988301
1034,BNU,BNU Holdings Inc.,Technology,Internet Software,USA,50.51900295945979,95155,810609.1534842107,30.441025412914144,1.6065046215108854,2.538946236249638,1.6523964600324863,1.1417272550959277,15.930286705940926,29.722461618369618,0.34649384489318225,0.7272336468389768,23.33580849433909,37.20117906339226
1035,BNV,BNV Holdings Inc.,Technology,Computer Hardware,USA,13.875078223244788,134168,4840540.184413864,16.187931637562745,0.9110132530372015,1.3171734930282362,3.684433484375564,5.066017050874702,3.270852317197403,11.55001966225642,0.4097243999816994,0.9514017769498679,34.00869784679139,64.33511056754188
1036,BNW,BNW Holdings Inc.,Technology,Semiconductor,USA,8.961683838480065,325263,399304.9841086276,12.163972672373486,1.4248871286972373,3.2941020222931803,2.5317266895952897,-3.8144391889047182,-5.600074990914065,16.209658867434783,0.5008154811012295,0.17201329516786945,46.88645754587208,48.73740271769293
1037,BNX,BNX Holdings Inc.,Technology,Software,USA,60.65891238682036,32980,10521155.167672182,52.83906978803548,0.9655305586928596,2.157970517535111,1.2715461443936034,-0.6009173322917136,-1.6827979559263788,32.06715607159144,0.7405147490107159,1.4691612837992951,34.59419446076693,44.61883445153521
1038,BNY,BNY Corp.,Technology,Internet Software,USA,16.485104739911588,189406,17818634.16232761,20.020176529506248,0.9468427023325933,0.4156927819247932,1.316734988516123,-5.150757125330591,25.117648502677415,-7.299357328091311,1.9313001753404435,1.0155882201686417,55.26413328379217,36.39276518553994
1039,BNZ,BNZ Holdings Inc.,Technology,Computer Hardware,USA,9.76412370758267,63523,1107931.02411231,,0.8276228532938259,2.293824899343018,0.7379851758191356,4.040266088603386,16.246323114986907,14.371444361755298,0.825685240637487,1.0705826080511986,13.535023595857021,44.91066348098168
1040,BOA,BOA Corp.,Technology,Semiconductor,USA,37.38800216798816,208577,176641233.6239304,18.96387512664858,2.178223433067771,16.591451240776554,5.403520031263059,4.753201775854353,15.065148167477567,12.173549204859992,1.147688570509245,0.9243872528494568,20.468452728223504,41.52618741793012
1041,BOB,BOB Corp.,Technology,Software,USA,14.38860056340971,86630,3382212.1030325233,24.397903701669087,2.4407231983394335,2.9025394761107206,5.901882553157851,5.847732796326955,25.0145635866704,-14.853079722148674,0.3615593276836757,0.5913732204141432,21.121042251072264,20.929235450653486
1042,BOC,BOC Corp.,Technology,Internet Software,USA,31.24815089235554,74585,6173717.805480819,38.07604386634145,0.5974592688137728,5.8791293048343345,2.738795984875056,6.898922840094949,-9.519278421750595,21.675356475956413,0.9609699337998598,0.783623596844548,1.4365937834318068,31.764200542332865
1043,BOD,BOD Corp.,Technology,Computer Hardware,USA,36.81270116099208,76206,62738728.55476985,21.518393957428977,1.8930241154057958,2.3163775983265538,1.4413518964760172,-0.3552739407624288,-13.502105392117144,-10.504713075612834,1.3783946708138963,0.8439947912134413,55.3775762927874,75.00953479172614
1044,BOE,BOE Holdings Inc.,Technology,Semiconductor,USA,90.61048689521415,2199,9889311.48336292,30.954671728170304,1.766627148945719,1.6443501625182253,1.7256275338660763,3.7938063212917488,41.01607317212594,9.90318360004854,0.4127749086708772,1.0238276865736122,42.72455678987561,50.74784713495227
1045,BOF,BOF Corp.,Technology,Software,USA,12.487751012427363,35785,10640230.640053568,20.808251706761276,,0.6369368687594263,4.623525845034863,-1.055783302069886,1.7492298016780197,25.20660493007869,0.760912212951503,1.3520271115732239,21.69538866845483,46.14281613502415
1046,BOG,BOG Holdings Inc.,Technology,Internet Software,USA,29.270629564715463,264232,835948.7423655359,46.84772535369422,3.211034437559767,2.619848691918988,2.5670903009533648,-0.18363687275568719,22.991792940025057,21.424546272497317,0.9568567244579903,1.2509325450200937,43.24948487696377,59.829794038464854
1047,BOH,BOH Corp.,Technology,Computer Hardware,USA,63.71626989713912,572002,25649407.39539464,11.655181695203307,1.7599112542880546,1.7465408055116418,3.999898180437952,2.5943556018601743,-2.745651017222144,4.030730111285269,0.4132623419258798,1.699323030527069,37.35968368549122,32.804667392694775
1048,BOI,BOI Holdings Inc.,Technology,Semiconductor,USA,12.747790503692858,106541,1067132.8901291168,16.24450026956195,0.6184211956046932,2.655457505956922,7.813579839878227,3.5736001342472425,-9.28968029182963,27.083657470463272,0.6386333684486638,1.8389375513303912,33.2441080799656,36.923218316454026
1049,BOJ,BOJ Holdings Inc.,Technology,Software,USA,26.209602467321833,19376,427360.62674167496,19.89345671888874,1.1874652466841638,1.6889953643736682,4.783748831038821,5.493455940469123,29.08814280842018,-7.0289722866174245,0.43004064733826736,1.5154020033021434,36.574937827425174,56.99622638645048
1050,BOK,BOK Corp.,Technology,Internet Software,USA,29.25498108841923,21856,4943952.586115025,36.017792610351215,,0.8741993138424007,2.5850528853683583,5.004434075881182,9.61506206586519,4.713546344976459,1.5686263771461342,1.1056556720378035,76.01172601465652,58.30162177281278
1051,BOL,BOL Corp.,Technology,Computer Hardware,USA,68.55876187035825,55766,8079330.261720288,48.32194820894156,,1.5088165812351104,1.3312101439446948,3.598988644573298,17.031396866811644,23.44562126107642,0.7252705168340352,1.3648049766831947,44.408520916445624,63.96987970111823
1052,BOM,BOM Holdings Inc.,Technology,Semiconductor,USA,25.397796234708043,120548,632158.6050567973,28.71902828141723,3.363774309948808,3.063514936614333,1.6872390183474884,0.399469477475074,4.08225293819885,21.895471988317315,0.2749241502291533,0.5693082758455574,31.534404711693597,68.22379019798214
1053,BON,BON Corp.,Technology,Software,USA,10.611999170544786,412805,2037546.137620499,18.033134450679757,1.6887217240633625,2.334827011767611,2.2407237465800245,1.4647743182715998,9.90836222026955,25.588177999846067,0.7040834574755874,2.1382313192389377,27.201085767524656,47.22047876054102
1054,BOO,BOO Holdings Inc.,Utilities,Electric Utilities,USA,5.218921893087515,828553,4023677.7709403443,45.44705483680654,1.9761128984906935,,1.063939917761672,4.01091907903972,3.78715201456511,7.947254560985349,0.3030997332716842,1.4647610841642464,47.71638915154832,57.05547501531005
1055,BOP,BOP Holdings Inc.,Utilities,Gas Utilities,USA,7.878671586162557,1050826,4352881.258441111,14.153710870981264,2.4516747445663554,2.3891150072981633,4.16187634592245,1.408275151209856,32.914562032290156,6.667083887398927,0.48918541117959463,1.860626136423883,29.029592558845614,78.45687643218638
1056,BOQ,BOQ Holdings Inc.,Utilities,Water Utilities,USA,69.2097915727416,50385,1455330.1688261235,16.230102534769035,2.155529335321302,,7.4571852139565875,5.7859379775873165,12.967762177984165,-5.539502737076029,0.3378352707259096,2.101265744819831,42.97923291264091,66.81923226488306
1057,BOR,BOR Corp.,Utilities,Electric Utilities,USA,15.549266519922949,37456,4571067.770242133,32.47202457314486,2.223355567253171,0.5553315853624317,1.6174972903960263,4.242397498613437,12.631518154180933,12.099463384177877,0.3695087335655094,0.6343339850304557,48.48298475821823,32.5135017786649
1058,BOS,BOS Holdings Inc.,Utilities,Gas Utilities,USA,40.111392792463356,740303,2566714.1168601154,60.31893419172694,2.4290182007192507,3.1648616124622095,0.8147702898997973,-0.7605066547150137,-1.5513459268406642,4.445239414919712,0.25131967026832824,1.630572010694697,51.06552044427743,28.13218987529735
1059,BOT,BOT Holdings Inc.,Utilities,Water Utilities,USA,30.232550260269647,87567,3572035.6516540605,27.93562502945509,2.6637844230554832,1.540192648573467,1.922996092861881,5.50814591613498,-1.3349171701983593,-5.785991406325628,0.5380346419302539,0.7530095707471443,21.91811482488733,48.18887262076668
1060,BOU,BOU Holdings Inc.,Utilities,Electric Utilities,USA,21.63658646117561,38473,1923632.9434533543,23.614537268652875,2.720270259268809,4.451654680784106,1.2162258634667238,0.45655388666336894,-0.2984122117672712,20.359237409008077,0.7960808974889307,1.456673262472464,83.39043427810371,35.04997880591564
1061,BOV,BOV Holdings Inc.,Utilities,Gas Utilities,USA,59.571222682608116,961871,9631616.480716912,22.205616953653703,0.9886163968234432,1.240527868014928,5.17113609317743,-0.5673606877606354,4.759265026004671,10.743603258556943,0.3510030147593251,1.9370771427814204,59.205628735292336,58.143736227082556
1062,BOW,BOW Corp.,Utilities,Water Utilities,USA,27.504258283202763,152342,317672.20903363393,17.69298719073955,,1.0464557848607488,2.82793688401413,9.772109789495978,15.547317459571431,-7.53303779352408,0.3308666439920721,0.7692386091697891,19.437225163536684,44.18716895555826
1063,BOX,BOX Corp.,Utilities,Electric Utilities,USA,14.9323368662206,515816,2728010.203704842,20.167869779680867,3.2757710712088994,2.500164597533049,1.7961530237905499,1.2225979937910423,11.621942247813777,6.692806755439055,2.636870756975157,0.9897117789069212,17.607059189088446,38.08693144127436
1064,BOY,BOY Holdings Inc.,Utilities,Gas Utilities,USA,21.022507049746423,266615,6260166.276562724,43.662385288923396,1.551044283122466,0.404568975636029,2.530802673632327,-0.6152358204606747,34.214281251322134,26.684192772871988,0.8717102794293692,1.0903697561036925,9.756155447672228,50.7463263828551
1065,BOZ,BOZ Corp.,Utilities,Water Utilities,USA,44.42115040029639,299246,7972824.748013662,37.726103138502694,1.3118567780772328,2.6325149698757886,1.5502697922579132,4.158380492072419,0.6071038282485235,0.6797490482985502,0.5415549686192699,0.8736151111451897,41.300604269533146,39.029855407619046
1066,BPA,BPA Corp.,Utilities,Electric Utilities,USA,24.550021618746015,483720,1037303.6518950269,28.561611306935173,3.7717243695416616,2.4913383546142,2.1452940439317345,1.7328235807351051,3.3684706818611367,19.82304805019683,0.516841256326409,1.2250313412181304,33.08153331252995,36.33173431970974
1067,BPB,BPB Holdings Inc.,Utilities,Gas Utilities,USA,46.244346936590944,1766,351639.98520667566,13.941014785389212,2.3808549275833006,1.2783127273675685,4.339350176460513,6.775774637635614,10.675720036522456,12.774075241216767,0.8765186840688436,1.83684288530069,39.17892962737737,45.34520440445567
1068,BPC,BPC Corp.,Utilities,Water Utilities,USA,42.11125812585621,10297,1772063.8229983025,19.866114917101548,3.4755159346930937,2.2012652223162847,2.445961213657319,-0.6067698600928844,-6.689006766100306,8.072525367064,0.4297490294051591,1.0494487327612856,39.766044832490444,38.57049724058214
1069,BPD,BPD Holdings Inc.,Utilities,Electric Utilities,USA,62.90325149503719,44134,27517896.829816185,25.97252687473348,1.2333454321341653,2.991570268544449,2.337900335441507,2.2990240001578783,24.847067769814668,-10.866860415489214,1.2181144735584641,1.2453054973299353,27.435086336428515,47.87658975218253
1070,BPE,BPE Holdings Inc.,Utilities,Gas Utilities,USA,46.34637115824364,20042,22876029.68213728,8.069741496209806,0.8500411982675848,1.9444368985197373,3.0203130182192055,5.405084619619618,-0.2895976986900468,1.090914575319001,0.9963812439808194,1.2161694905952856,22.36441727632252,50.52258897775306
1071,BPF,BPF Holdings Inc.,Utilities,Water Utilities,USA,23.0546512469447,17193,3556559.8141946597,21.961605674970745,6.185242428482317,14.478787792620679,3.64324869631634,0.23319068538280385,15.707741270815074,-3.3173816697251155,0.4499000000707842,1.0301389007243291,44.15872284137414,76.3499121988161
1072,BPG,BPG Corp.,Utilities,Electric Utilities,USA,52.73238938327624,195961,781346.8460742851,24.823895046579793,1.9480362964887947,3.264156516053471,1.7426062507000366,-2.08167165129828,28.972703983512332,2.724004790541523,1.0977131553840465,1.1290891432596384,17.718172301227284,69.98725179819746
1073,BPH,BPH Corp.,Utilities,Gas Utilities,USA,22.676874569166046,5961,4946515.791387381,10.923278133374554,2.6008442042059663,1.4849292084229317,2.923472458632056,0.8590583748446416,-26.43264623696063,2.9489060210765743,0.49793129299058797,1.2088535156848204,46.386481860317666,46.689942609794116
1074,BPI,BPI Holdings Inc.,Utilities,Water Utilities,USA,37.81933451776448,701250,2286181.2207425623,36.45490455689475,1.6672279559040468,1.7765899084880776,0.5677912183761981,4.590799988198052,4.5853587195882115,6.886762339071789,0.5465243668325583,0.6584205884435701,67.44180016524196,86.07454092074958
1075,BPJ,BPJ Holdings Inc.,Utilities,Electric Utilities,USA,17.168920938596354,169167,758073.2191140504,15.80317896695305,1.0422865924771103,3.848330293987675,0.8283977205124503,1.8771185576067306,-5.9171619229799965,23.025721272545596,0.6006221327010021,0.5821612175849242,56.254398834600416,87.5258275491845
1076,BPK,BPK Corp.,Utilities,Gas Utilities,USA,63.89701837573488,90652,1968131.7025591477,,2.6227155933784934,2.4483272036366373,6.7985152819622625,4.429609204708563,-9.70506181201117,20.167266255389233,0.22127804165758197,1.3373630997263475,32.545199008509194,54.74703955870653
1077,BPL,BPL Corp.,Utilities,Water Utilities,USA,16.842848209376154,137950,847264.6632433432,14.735800273688222,,1.7246070166875433,0.5399968273380584,4.665299576512464,-11.888252173856777,4.516790873174361,1.273184977108123,0.532763036837386,31.675940023530963,54.66228472265713
1078,BPM,BPM Corp.,Utilities,Electric Utilities,Canada,131.2275832790076,67749,11755592.574881418,,3.2580876576936757,0.8461312836592473,8.509520686901213,-1.5419793733011535,-9.886467536784835,11.543991973929273,0.5475444546951397,0.49383502192086315,36.72993658197646,48.43840602684369
1079,BPN,BPN Corp.,Utilities,Gas Utilities,Canada,12.558836406022474,17123,1462603.8421493706,18.65206517560574,1.421969232372931,2.3150851844716738,0.7653885506671727,1.095342604063286,-4.884083109297896,18.677675392366325,0.5493095136834245,0.5389844641252693,18.884655354105877,56.812145994428434
1080,BPO,BPO Holdings Inc.,Utilities,Water Utilities,Canada,23.910381043018184,5269,4409137.087779274,32.940133856387966,,1.5879279419824657,3.5389129190693867,1.0841382061733889,-10.509651180212362,15.782039149998038,1.3844580713545738,2.2043193263698613,41.03335143216093,51.844641270513435
1081,BPP,BPP Corp.,Utilities,Electric Utilities,Canada,192.33947343109347,30040,7287549.692788826,44.25592140970162,1.4773464879092564,4.593689667722853,1.9833330983508426,2.4313920904686617,7.411387248499655,9.810290828579046,0.1936384342304135,1.0769334137674482,18.018855722364204,49.943324049458546
1082,BPQ,BPQ Corp.,Utilities,Gas Utilities,Canada,18.230143374552988,105270,1810721.6597643327,58.49079436140204,3.707773043517513,1.5562645043437262,1.4387611636493618,1.9710439471929881,9.321981140949422,3.2378532227032712,1.3416842260780935,0.37718715368225253,24.283117416877012,51.6480316343579
1083,BPR,BPR Holdings Inc.,Utilities,Water Utilities,Canada,24.58930380474666,25954,5019301.669202539,6.922482777226447,,0.9189021523976008,2.1513838904702567,0.07117023522738286,25.397750709827157,-10.321400669411343,0.4693292253740681,1.4263039393848904,35.83501719961308,36.44867926742238
1084,BPS,BPS Holdings Inc.,Utilities,Electric Utilities,Canada,40.23485348151075,45561,30540238.566047568,80.93601149163248,,9.038232068119493,1.6062687405791405,-1.4142607572642394,20.761125816392756,-8.3799487760282,1.0748452603949408,0.6387434412017867,25.614213703110554,37.66004337465737
1085,BPT,BPT Corp.,Utilities,Gas Utilities,Canada,14.307442737088738,30940,1682403.9280057466,11.672060515717957,1.1656208652481532,,2.289664709079509,-3.274732910743911,26.08796676576479,5.081937423477772,1.6332161476580263,1.138249181459326,49.13174025102941,61.29074605649723
1086,BPU,BPU Corp.,Utilities,Water Utilities,UK,17.13580949037682,58374,4486945.898771854,17.879575071880694,1.803900161260011,4.575214030405835,2.0431734190030415,1.7339805358575866,3.814093125581387,9.329129949365036,0.21951122876854706,1.8962082825666813,33.353146290477184,57.77466874807418
1087,BPV,BPV Holdings Inc.,Utilities,Electric Utilities,UK,159.75558880203926,115007,24980150.425372534,17.175338435649078,2.4404114601072617,1.3103968275558513,1.619977939470543,-8.145795775895387,24.19466775450036,9.189827711164675,0.3350202019037728,0.5967713689315575,37.3037743327102,33.07030151193102
1088,BPW,BPW Corp.,Utilities,Gas Utilities,UK,50.068892152847425,6461,15201243.829038203,21.211405701495163,2.696689630135432,,1.618702100815415,-1.1515935311642211,0.8630307666054735,7.234195722791566,0.5959728365128963,0.6695144737865798,49.19866774547014,42.72074439705003
1089,BPX,BPX Holdings Inc.,Utilities,Water Utilities,UK,27.341186703844695,35838,1606572.7382566747,32.114752161047,1.262126789000753,1.7425599714718785,0.7833372968093046,0.9439720136923575,23.215452420964468,5.104083858144096,0.1250889755317046,1.625629099806686,77.50406021691971,71.41814553015112
1090,BPY,BPY Corp.,Utilities,Electric Utilities,UK,67.13533100377146,10508,10997790.987627141,19.928549652121095,0.4398785062395444,0.9796484157200568,5.366092382699066,3.672397098791586,23.62597418103309,5.7088176780935065,0.5436546552598686,1.4216350108290583,13.752414071947094,49.289808926151
1091,BPZ,BPZ Holdings Inc.,Utilities,Gas Utilities,China,24.83873192150868,37951,1296810.1373312017,8.281946493266343,0.7119225142081722,1.9418099248837348,2.8267542548548823,8.032140048431543,8.912356775164826,21.381349119282294,0.9541171599624416,0.4682068205079617,22.55494676968574,74.59760322531992
1092,BQA,BQA Holdings Inc.,Utilities,Water Utilities,China,22.966692536145946,77158,2486762.417615275,48.35877877378564,7.9536457124532145,0.9652582817839771,4.0916960220367775,2.1038889796420457,-3.7761123075999947,18.103073439625607,0.25128451258252693,1.1804411820941538,53.62248976150362,51.64808974318431
1093,BQB,BQB Holdings Inc.,Utilities,Electric Utilities,China,26.403990463511146,4306,5836905.621906754,5.725444137684037,1.697246489147718,1.9947969863590567,3.2972828040067097,2.8589542001106696,-18.065469633304094,22.329005137138754,0.8879427295737083,0.6332163556091941,70.66804607364062,54.75680723369862
1094,BQC,BQC Corp.,Utilities,Gas Utilities,China,18.188620951692208,97027,3623796.0567762284,40.176237612652436,9.936461552009035,2.9179162933291694,2.3661193260523277,8.604614818034285,1.9303395909444951,8.007495607080497,0.6443257396971719,0.9552399173083721,53.66268357292775,33.96239813040462
1095,BQD,BQD Holdings Inc.,Utilities,Water Utilities,Chile,14.200497606797693,142080,1077387.9459798331,,10.464097251717298,1.656297146453586,2.542237303490319,3.5473526844135286,8.485260048800594,6.659429913554786,1.2498027893712924,0.6433130769402049,33.22322950785149,71.81008053953663
1096,BQE,BQE Corp.,Utilities,Electric Utilities,Chile,60.248406960123866,130035,18070814.08637531,16.096325240122997,1.3981487150453382,2.027498744034087,3.1007483039215127,1.5326394574851927,38.0654638589198,4.474780629152151,1.0104659820719162,0.8275217693627557,12.00465595391822,62.528196644864416
1097,BQF,BQF Holdings Inc.,Utilities,Gas Utilities,Chile,74.66341543372651,46243,60305915.38690076,18.99310161464822,,3.817592380840017,1.4483492356917114,4.090522663918936,3.8330044960490532,9.13661413186025,0.531500540525569,1.1819878062076612,30.877374590910538,71.99436972726599
1098,BQG,BQG Corp.,Utilities,Water Utilities,Switzerland,94.64193760974464,94479,17095812.12577846,36.99971926178172,2.450534107651891,0.8490544397520449,0.6586173430140178,-1.2244189161917385,23.810715090283388,5.55037715948975,0.6364893531548019,0.7345381948138563,69.04850633138598,74.05343849476735
1099,BQH,BQH Corp.,Utilities,Electric Utilities,Switzerland,18.745382874822084,24681,10545364.121409662,51.89612906941749,3.04672558894985,3.3232916860095054,1.7262511444070765,3.6025028277912767,14.160709249710031,-11.569296556150107,0.5651184214441285,1.2366937045900974,48.36483630578199,54.12858535071384
1100,BQI,BQI Holdings Inc.,Utilities,Gas Utilities,USA,33.014151758293956,27569,2411022.63771385,26.522034898363014,1.9716201303301093,0.8920020973457454,0.9395535922391041,-3.3059054868438085,4.114649844041265,25.63581992337756,0.3864528466731059,0.6440807484152199,35.045324248730935,54.37060754929426
1101,BRK-A,Berkshire Hathaway Inc.,Financial,Property & Casualty Insurance,USA,172450.0,2500,900000.0,22.0,1.8,2.1,1.6,18000.0,8.0,7.0,0.25,0.85,22.0,55.0
