Symbol,Date,Open,High,Low,Close,Volume,AdjClose
AVD,2010-01-04,22.113469981157714,22.90610309924857,21.91313833634758,22.314191984709726,1559327,22.314191984709726
AVD,2010-01-05,21.488923446957447,21.667704048930432,20.74813974749519,21.38026753848574,369355,21.38026753848574
AVD,2010-01-06,20.889705775873345,21.52482762979053,20.40816359830776,21.000655177712765,1245100,21.000655177712765
AVD,2010-01-07,21.271275102787396,21.902448032385216,21.019749567061737,21.475614311898457,1056693,21.475614311898457
AVD,2010-01-08,21.22258028718457,21.287850739906087,20.905769824803862,21.26627369587511,128105,21.26627369587511
AVD,2010-01-11,21.4271823646003,21.67587465638002,21.123732484455594,21.434638583428576,1008404,21.434638583428576
AVD,2010-01-12,21.40211821033394,21.872828014450906,20.908968734944164,21.54464455241275,1776418,21.54464455241275
AVD,2010-01-13,21.839561431599574,22.524361516056047,21.626627981604106,22.040549939939734,566902,22.040549939939734
AVD,2010-01-14,21.155160240224014,21.470884043404507,20.6895891328605,21.28751516005249,805355,21.28751516005249
AVD,2010-01-15,21.51583636719976,22.150164171077094,21.04634268458888,21.439040539763802,871904,21.439040539763802
AVD,2010-01-18,21.405102690743828,22.02873485937927,20.999850101931397,21.585451870711417,692411,21.585451870711417
AVD,2010-01-19,21.303312757165166,21.5415777481086,21.070510984118357,21.27988911901132,1532962,21.27988911901132
AVD,2010-01-20,21.5090923843069,21.725336370162964,20.922057262447186,21.66228285494794,1296961,21.66228285494794
AVD,2010-01-21,21.023990084731242,21.267822879673112,20.522909708873275,21.1527301807781,130379,21.1527301807781
AVD,2010-01-22,21.52635320386761,21.888052047025162,21.01004173054881,21.572484718453488,741275,21.572484718453488
AVD,2010-01-25,20.61983358646351,21.094255510411962,20.06830954097758,20.785776695005328,669842,20.785776695005328
AVD,2010-01-26,20.340689326403396,20.946069234085446,19.857147395718304,20.474509284733475,1106633,20.474509284733475
AVD,2010-01-27,20.380137270590236,20.887223946116663,20.139892300226506,20.441891238128097,68883,20.441891238128097
AVD,2010-01-28,20.46847761799572,20.66245934349249,20.304014324000264,20.53844429082718,755198,20.53844429082718
AVD,2010-01-29,19.98924982853443,20.34603192429882,19.68739134480964,19.890089186897615,634302,19.890089186897615
AVD,2010-02-01,20.10460841476782,20.28959611744967,19.788074305448234,20.277051637893774,202522,20.277051637893774
AVD,2010-02-02,20.714573880781895,20.962246067268104,19.981673281580928,20.566311041882113,206577,20.566311041882113
AVD,2010-02-03,21.421677586329906,21.91273006949641,21.26086603197702,21.287044619755253,1553249,21.287044619755253
AVD,2010-02-04,21.685882802871923,21.945793698854896,21.032762133989657,21.571128008691193,993394,21.571128008691193
AVD,2010-02-05,21.230097737242406,21.845578854190094,21.018914335826352,21.311348377119515,495201,21.311348377119515
AVD,2010-02-08,21.065858995759505,21.682765486751823,20.875998382760226,20.930696184625436,682557,20.930696184625436
AVD,2010-02-09,20.662224095180957,21.17293520129313,20.47488617409484,20.79414126219172,347157,20.79414126219172
AVD,2010-02-10,21.465995598193192,21.722551108561746,20.962435308741906,21.628464642416827,1525745,21.628464642416827
AVD,2010-02-11,21.468364710178644,21.91231739833593,21.027702672353,21.665540045765756,707824,21.665540045765756
AVD,2010-02-12,21.909838007539197,21.91607137073868,21.087121219353396,21.719010281719516,1172687,21.719010281719516
AVD,2010-02-15,22.187857357179936,22.67612463814555,21.930095409731777,22.27338229060073,162839,22.27338229060073
AVD,2010-02-16,22.02201586363531,22.564793700480553,21.586041286137387,21.839603683748653,96825,21.839603683748653
AVD,2010-02-17,21.967108905152415,22.48450118759634,21.786210146453232,22.067465754034497,734926,22.067465754034497
AVD,2010-02-18,22.470494947822544,23.00040734706513,21.62750020389331,22.288811729125577,668323,22.288811729125577
AVD,2010-02-19,22.871467535133082,23.420316836250556,22.564193755428978,22.688179240107903,1624385,22.688179240107903
AVD,2010-02-22,23.24727525830417,23.84078696653235,22.87124751560788,23.051944127945454,1703802,23.051944127945454
AVD,2010-02-23,23.046432307996135,23.232589084001496,22.45244735004125,23.048205434428013,791457,23.048205434428013
AVD,2010-02-24,22.67714029716736,23.269876653022493,22.071779693497405,22.512373904420343,512362,22.512373904420343
AVD,2010-02-25,22.509771420162487,22.95147661194389,22.066731162162434,22.308651831460626,1241110,22.308651831460626
AVD,2010-02-26,22.58276360415074,22.85923015058408,22.24117460469984,22.66225511626668,1280753,22.66225511626668
AVD,2010-03-01,23.39817594533681,24.1303545960322,22.777020542088525,23.436201460777788,1415418,23.436201460777788
AVD,2010-03-02,23.056774388327597,23.714018620728563,22.327586151517142,22.956116323462457,813340,22.956116323462457
AVD,2010-03-03,22.37009060076663,22.846822379799438,22.223425329091267,22.459768042688545,526019,22.459768042688545
AVD,2010-03-04,21.974900954020956,22.530783571988888,21.310299735544096,21.863915647608078,470319,21.863915647608078
AVD,2010-03-05,21.40495504445404,21.75830103729266,20.87331547158925,21.588939377358063,169511,21.588939377358063
AVD,2010-03-08,21.982295935030336,22.256659386412988,21.860521259618874,21.97196981922257,459723,21.97196981922257
AVD,2010-03-09,22.337649731770313,22.631889826676055,22.077733062131415,22.507666575173957,671071,22.507666575173957
AVD,2010-03-10,21.626574185029906,22.05518109969434,21.370114768296627,21.716339335397134,1292749,21.716339335397134
AVD,2010-03-11,21.175428898286746,21.59476876546688,20.84467660031411,21.27814899553498,1721693,21.27814899553498
AVD,2010-03-12,20.920988073241183,21.05455596210628,20.51143689159689,20.78012704229437,691062,20.78012704229437
AVD,2010-03-15,20.356845136664134,20.89581285474889,20.113643754409328,20.482395150294472,491542,20.482395150294472
AVD,2010-03-16,20.546013330200786,20.618616959661786,20.400333244769154,20.420042934745148,977851,20.420042934745148
AVD,2010-03-17,20.414432919067366,20.452214798753644,19.822018392670476,20.295113745927498,269403,20.295113745927498
AVD,2010-03-18,20.497311903151118,20.73446060383439,20.014331131235437,20.497769800552476,911536,20.497769800552476
AVD,2010-03-19,19.724645949434315,20.074012082789167,19.16676500330377,19.830204804466693,578694,19.830204804466693
AVD,2010-03-22,19.558717845426095,19.854777583175814,19.358162047826607,19.66613571829779,995541,19.66613571829779
AVD,2010-03-23,20.149318527643885,20.319496266594427,19.87672374540957,20.163463339483865,676727,20.163463339483865
AVD,2010-03-24,20.48404119616807,20.897519925496315,19.937878813309734,20.68726920204144,972380,20.68726920204144
AVD,2010-03-25,21.335699142578417,21.44027110537106,20.91584440955272,21.3223297200425,1189268,21.3223297200425
AVD,2010-03-26,21.684095411246105,21.946550466283508,20.959991944381976,21.48949534105617,211943,21.48949534105617
AVD,2010-03-29,21.11434834085488,21.838163011027085,20.690888518692933,21.2611750896946,789273,21.2611750896946
AVD,2010-03-30,21.376790533522087,21.520716326412874,21.314269896814615,21.345478585670882,1457162,21.345478585670882
AVD,2010-03-31,22.54449489036629,23.007413023108253,22.125966390904633,22.33818889883834,1463549,22.33818889883834
AVD,2010-04-01,22.309152689807544,22.404045458552996,21.489991561168438,22.149445381060893,1735495,22.149445381060893
AVD,2010-04-02,23.057632360153743,23.302439824941278,22.383714370424553,22.897178042010463,1143471,22.897178042010463
AVD,2010-04-05,22.09435438323492,22.30723886584466,21.301275422290438,21.95304267807645,828696,21.95304267807645
AVD,2010-04-06,22.110238835284775,22.818934703733454,21.921109067534143,22.19501330738436,1404480,22.19501330738436
AVD,2010-04-07,22.645005417964246,22.93575509713695,22.111812113325534,22.469466382790213,1407026,22.469466382790213
AVD,2010-04-08,22.837590188636668,23.310647536535352,22.63370884842515,22.6377709529663,125179,22.6377709529663
AVD,2010-04-09,22.83177074919773,23.246385750399565,22.649287771955343,22.833692239427002,721947,22.833692239427002
AVD,2010-04-12,22.998431719571208,23.163107565786664,22.665814331470553,23.065519606787838,126554,23.065519606787838
AVD,2010-04-13,23.278929244294222,23.976203366039833,23.142541788738097,23.318930997627938,971717,23.318930997627938
AVD,2010-04-14,23.126599692819998,23.44430139552651,22.92179305915925,23.203539640803157,1501836,23.203539640803157
AVD,2010-04-15,22.980110522066713,23.144083311681282,22.45876731154637,23.113048250575964,1055347,23.113048250575964
AVD,2010-04-16,22.638091815981163,22.842135982613335,22.2663218915294,22.584589614159434,1229591,22.584589614159434
AVD,2010-04-19,22.92692217970788,23.157773629133562,22.593249358005764,22.898254990450805,1667289,22.898254990450805
AVD,2010-04-20,23.433230706099277,23.516027395589518,23.04744827977775,23.4507788906246,307997,23.4507788906246
AVD,2010-04-21,24.009001924214292,24.654840436556327,23.417798947296045,24.204650346236534,1072173,24.204650346236534
AVD,2010-04-22,24.019250265677933,24.269120752760372,23.321149766418838,23.877469213190327,202448,23.877469213190327
AVD,2010-04-23,23.0317997193877,23.620064591763033,22.535036551320232,23.182516882778792,334734,23.182516882778792
AVD,2010-04-26,23.17722931759704,23.36200823959876,22.489043016533845,23.357285001654112,1404123,23.357285001654112
AVD,2010-04-27,22.962375244903118,23.638880160291578,22.848919311772036,22.905993792483827,76628,22.905993792483827
AVD,2010-04-28,23.111434704612982,23.27684582675303,22.89379154479194,23.158379351249884,663709,23.158379351249884
AVD,2010-04-29,22.0980252678615,22.735280205119867,21.89225993590646,22.29430051051504,1466483,22.29430051051504
AVD,2010-04-30,22.680098877406905,23.234235818615264,22.389111358437432,22.74580315274857,1619275,22.74580315274857
AVD,2010-05-03,22.951382310720355,23.06954177600334,22.61453618584224,22.827302066771903,707552,22.827302066771903
AVD,2010-05-04,22.136844689583924,22.21103341274853,22.073919478569927,22.085936955970915,202505,22.085936955970915
AVD,2010-05-05,22.16311779638785,22.325833713343588,21.75431488050091,22.224106958414378,1129193,22.224106958414378
AVD,2010-05-06,22.14346897023604,22.44578500968344,21.95249854783397,22.280805721473616,1347164,22.280805721473616
AVD,2010-05-07,22.566217961330533,22.68010884061226,22.07444142454738,22.50689176587714,1261330,22.50689176587714
AVD,2010-05-10,23.02457191276505,23.49012836101843,22.747604676290013,22.84747868322619,1069882,22.84747868322619
AVD,2010-05-11,21.97741266795768,22.254877417437676,21.819974411869765,21.913306290521085,1088142,21.913306290521085
AVD,2010-05-12,21.887032056629288,22.24015191269759,21.687139330380084,21.75091316519823,1370970,21.75091316519823
AVD,2010-05-13,21.745109446238367,21.775989755843025,21.087240925994376,21.735750971482926,344980,21.735750971482926
AVD,2010-05-14,21.736035331104524,22.29763946782956,21.186040371343395,21.641690068385476,424463,21.641690068385476
AVD,2010-05-17,21.697483942911372,21.808513149015635,20.967575770387796,21.52689331317239,1427893,21.52689331317239
AVD,2010-05-18,22.070094084893924,22.30855196009716,21.590614763744757,21.950167597754707,1071471,21.950167597754707
AVD,2010-05-19,21.483276833933985,21.529617318931,20.98607050459257,21.308608485351296,1598489,21.308608485351296
AVD,2010-05-20,21.188629947352275,21.30492503292743,20.715638730898174,21.217851341064033,418905,21.217851341064033
AVD,2010-05-21,21.328067698921984,21.75407414561788,20.981494241615025,21.157025732138493,56251,21.157025732138493
AVD,2010-05-24,21.186059334254782,21.62625501397246,20.67167829602479,21.134673657690005,675717,21.134673657690005
AVD,2010-05-25,20.945493858973933,21.370875151002664,20.70048059390015,20.79161562483761,1416966,20.79161562483761
AVD,2010-05-26,21.41185017283245,21.968906153619812,20.88361514082104,21.61094029885161,1613985,21.61094029885161
AVD,2010-05-27,22.075876538492558,22.706709058141552,21.58865506069942,22.00640128130059,738366,22.00640128130059
AVD,2010-05-28,23.061155184856517,23.41203792117749,22.642227556181158,22.901770278474604,1185542,22.901770278474604
AVD,2010-05-31,23.0310491906634,23.494652306103237,22.758362768483682,23.18210282981999,1064102,23.18210282981999
AVD,2010-06-01,23.59251389147813,23.767720557416794,22.86597723525002,23.5164208990117,1532577,23.5164208990117
AVD,2010-06-02,23.688098065647463,23.75834478593778,23.426591208487896,23.535140965517506,279666,23.535140965517506
AVD,2010-06-03,24.111474414033673,24.612360452071663,23.820737001822344,24.214167001563716,1618066,24.214167001563716
AVD,2010-06-04,24.431883883926112,24.709511036376806,24.336496592088466,24.47827200710971,1690208,24.47827200710971
AVD,2010-06-07,24.45135276582309,24.8357466509022,24.320444055039363,24.417403921577048,1502073,24.417403921577048
AVD,2010-06-08,25.25749421135675,25.413675754137177,24.903878533961457,25.247815365957763,886538,25.247815365957763
AVD,2010-06-09,24.468196219326313,25.31677822036554,24.40270571505913,24.695797932016003,171720,24.695797932016003
AVD,2010-06-10,24.20438575699862,25.132021089980416,24.094309873540467,24.400235664709406,1193416,24.400235664709406
AVD,2010-06-11,25.457685507884477,25.910960819094434,25.425702720664198,25.662748017885196,281306,25.662748017885196
AVD,2010-06-14,25.867247124644468,26.647607848497067,25.75123127854465,25.99082418607564,1203869,25.99082418607564
AVD,2010-06-15,24.706753300890135,25.48333750581436,24.574229130556223,24.832972289782454,750400,24.832972289782454
AVD,2010-06-16,25.42798492941847,26.187829408091584,24.90255300339226,25.305394270958946,828523,25.305394270958946
AVD,2010-06-17,24.910728650737493,25.166850895418836,24.28652806608083,24.874538989413104,583286,24.874538989413104
AVD,2010-06-18,24.775455072620616,25.33739316011078,24.579321060721693,24.645339468268887,1506309,24.645339468268887
AVD,2010-06-21,25.580130375927226,25.97919437880998,25.36721353641873,25.802081919135787,1466803,25.802081919135787
AVD,2010-06-22,26.581965618394438,27.088225194440998,26.009189011018037,26.589828636232163,1546074,26.589828636232163
AVD,2010-06-23,27.470547676070456,28.15063661093681,26.92745142356719,27.56770974970295,355010,27.56770974970295
AVD,2010-06-24,27.488859958301408,28.10003684618031,27.040727373548982,27.297808432938115,72969,27.297808432938115
AVD,2010-06-25,27.294684382966725,27.464325351600156,26.755908277736896,27.181723036703623,1461700,27.181723036703623
AVD,2010-06-28,27.51228817969749,28.21279965412657,26.558037082773755,27.310594810158104,721143,27.310594810158104
AVD,2010-06-29,27.504564279270262,28.106894204782012,26.796141274370118,27.756354874307426,692547,27.756354874307426
AVD,2010-06-30,27.735482485413847,27.915515874498972,27.40282205510265,27.61352817240831,81107,27.61352817240831
AVD,2010-07-01,28.591516726477842,29.056870327112424,27.99320102287354,28.568657028655267,1799567,28.568657028655267
AVD,2010-07-02,29.029887223662143,29.78178202684917,28.416394197845957,28.842411531966782,971263,28.842411531966782
AVD,2010-07-05,29.64106399362013,30.501029432255812,29.429321736001896,29.636819650782893,589077,29.636819650782893
AVD,2010-07-06,29.280935692849408,29.93818244623643,29.03900871439245,29.257407425361922,1061685,29.257407425361922
AVD,2010-07-07,28.806826854312718,29.072309326681154,28.08695723753164,29.067406045129292,1373934,29.067406045129292
AVD,2010-07-08,29.31761618506749,29.436089340922816,28.4288098164613,29.219134340409155,382801,29.219134340409155
AVD,2010-07-09,28.877167281234406,29.075164489861933,28.52297637237652,29.008786017323136,737832,29.008786017323136
AVD,2010-07-12,29.291557350705727,29.66546869373356,29.064518085982325,29.575664781710877,1173112,29.575664781710877
AVD,2010-07-13,29.902657857823634,30.510838065466665,29.13927881592649,30.16421955020318,884619,30.16421955020318
AVD,2010-07-14,30.338481455905356,30.64656265055164,29.497091857581903,30.06352907191895,1129663,30.06352907191895
AVD,2010-07-15,30.34731702975941,30.54484897366959,30.229215586296238,30.44102834156562,561690,30.44102834156562
AVD,2010-07-16,31.817415611254816,32.659529076732376,31.532051751259658,31.584902951081663,313085,31.584902951081663
AVD,2010-07-19,32.496382517657814,33.096357615630154,31.672972889917993,32.20034718703767,805002,32.20034718703767
AVD,2010-07-20,32.89026616076356,33.67614286732936,31.70097712271786,32.60124491702423,955772,32.60124491702423
AVD,2010-07-21,33.638668072468334,34.013620869395425,32.64037192034732,33.383799296033544,1230969,33.383799296033544
AVD,2010-07-22,34.69017443385233,35.11710920277426,33.62637879672427,34.41837670348888,264646,34.41837670348888
AVD,2010-07-23,35.23388874051741,35.72035379842304,34.429460712578795,35.383200152470316,506683,35.383200152470316
AVD,2010-07-26,35.12262669028184,35.834374687965415,34.58934057258924,35.3691711120636,95972,35.3691711120636
AVD,2010-07-27,36.06813451575932,36.72858959187881,35.51823909848001,35.967954725197444,1560396,35.967954725197444
AVD,2010-07-28,35.80208752869028,36.34022813675928,34.85960787334026,35.81060644806064,351505,35.81060644806064
AVD,2010-07-29,35.52012337860329,36.707591673988304,35.40222072962684,35.80748076162048,615642,35.80748076162048
AVD,2010-07-30,36.27132237843434,37.25079951753743,35.73092650510558,36.142984916294004,378471,36.142984916294004
AVD,2010-08-02,35.30639510817604,35.803880419263855,34.836011582990345,35.262063636493664,1028481,35.262063636493664
AVD,2010-08-03,35.781037796101714,36.03839074249353,35.50953558116445,35.52309226058571,97191,35.52309226058571
AVD,2010-08-04,35.199835269496795,36.19795379338514,34.73131521093084,35.12313771964246,892260,35.12313771964246
AVD,2010-08-05,34.4769138304355,35.23716974919071,34.35263083552241,34.42600040617278,1633000,34.42600040617278
AVD,2010-08-06,34.90117228597649,35.61360875632946,34.15385823470893,34.94257803659616,458963,34.94257803659616
AVD,2010-08-09,34.78668612118124,35.59108930301734,33.993684813819485,34.812595694992936,902711,34.812595694992936
AVD,2010-08-10,35.296332677187856,35.37678902525448,34.47111857591905,34.97846155163439,1432780,34.97846155163439
AVD,2010-08-11,34.611254124971445,34.93408423658736,34.101024307328906,34.8633538189501,1309050,34.8633538189501
AVD,2010-08-12,34.47920805887766,34.67488955454671,33.679101123286,34.51633464398498,613630,34.51633464398498
AVD,2010-08-13,34.72608528059437,34.87969712669575,34.30627474443807,34.61819612567834,1032550,34.61819612567834
AVD,2010-08-16,33.78050879574606,34.252714019998415,32.797124896614974,33.825828203620674,393995,33.825828203620674
AVD,2010-08-17,33.65141358624481,33.95754900179097,33.339091928668225,33.79795093827403,276519,33.79795093827403
AVD,2010-08-18,34.88120416137585,35.92820803755738,34.313175492052565,35.03018236298227,1012836,35.03018236298227
AVD,2010-08-19,34.14394156349837,34.92212272311063,33.825386282206594,34.326796256181915,345105,34.326796256181915
AVD,2010-08-20,35.12199405769147,35.62122400291345,34.571014928193655,35.23198606292193,1729062,35.23198606292193
AVD,2010-08-23,36.856833321929045,36.933815310533596,36.56000255742402,36.58487978227249,1692674,36.58487978227249
AVD,2010-08-24,36.11677625753274,36.7571568175919,35.392207047344186,36.11300277352665,326476,36.11300277352665
AVD,2010-08-25,36.16514158694817,36.48110191432313,36.14623402092557,36.35400885855956,1610377,36.35400885855956
AVD,2010-08-26,35.478975830500204,36.353994932404284,34.48376282362991,35.5611029766376,899433,35.5611029766376
AVD,2010-08-27,34.4202936428781,35.52932027594769,34.09374223305087,34.69379844762872,1713193,34.69379844762872
AVD,2010-08-30,35.10806268723267,35.681001264177276,34.25640724137101,34.826638553818555,1441674,34.826638553818555
AVD,2010-08-31,35.04507584817927,35.267113103325386,34.85807983606381,35.109538483119664,98473,35.109538483119664
AVD,2010-09-01,35.124833296286255,35.95398595623963,34.57099028853036,34.79057160425724,554364,34.79057160425724
AVD,2010-09-02,34.02912228917415,34.44841653058384,33.82516212560275,34.13320208642564,221969,34.13320208642564
AVD,2010-09-03,33.92054947817721,34.14712498653442,32.77883337763357,33.69388662774069,323826,33.69388662774069
AVD,2010-09-06,34.09063241367518,34.741148699163205,33.908962444772506,34.25754523667994,464943,34.25754523667994
AVD,2010-09-07,34.539537231118295,35.79903682080755,33.72513655379424,34.83483006981376,237741,34.83483006981376
AVD,2010-09-08,34.93237667418101,35.57720773910918,33.91131755346206,35.262622871593926,1142351,35.262622871593926
AVD,2010-09-09,35.12862324933625,36.082975028837225,34.2315442115625,35.0541902847395,1417661,35.0541902847395
AVD,2010-09-10,34.29574875028568,34.48089332470232,33.7599995336933,34.42548209412293,512655,34.42548209412293
AVD,2010-09-13,35.22284033282869,35.3510312059606,34.95033322102399,35.26267313269422,848547,35.26267313269422
AVD,2010-09-14,36.561588778873436,37.32780380701173,35.478445610812514,36.33005946384633,625225,36.33005946384633
AVD,2010-09-15,35.845191379505295,36.232680678188224,34.89135895377887,36.026688007671865,881564,36.026688007671865
AVD,2010-09-16,35.819626799036236,36.29877746360925,35.43918717504581,35.957233349935734,516714,35.957233349935734
AVD,2010-09-17,35.31154349773592,35.456009711230266,35.052388777698084,35.06932932967043,767398,35.06932932967043
AVD,2010-09-20,35.42695466250137,35.78525107083067,35.00275617112725,35.432083617223206,324169,35.432083617223206
AVD,2010-09-21,37.02658224227391,37.33811649315972,36.44457717544405,36.785515599990255,145439,36.785515599990255
AVD,2010-09-22,37.341586771419216,38.26252454657137,36.849985652095214,37.435568013610755,1419246,37.435568013610755
AVD,2010-09-23,38.87982959591221,39.77952195865319,38.625961933921786,38.959017710249206,1770843,38.959017710249206
AVD,2010-09-24,38.46766669310694,39.83487131375501,38.43974426814206,38.72547116858865,643120,38.72547116858865
AVD,2010-09-27,38.19096047574459,39.020951274131065,37.35758270509647,37.87557371437438,1620149,37.87557371437438
AVD,2010-09-28,39.23688617915243,40.05476073186907,38.246871748734065,38.92796653193363,1678972,38.92796653193363
AVD,2010-09-29,39.45867951658295,40.280450579913605,38.91647874175038,39.08021343106011,464079,39.08021343106011
AVD,2010-09-30,38.42792046925051,39.52295011064849,38.3930221652966,38.50304211667425,1073519,38.50304211667425
AVD,2010-10-01,40.084390215929915,40.440624279836186,38.79002191701439,39.83057787095854,711045,39.83057787095854
AVD,2010-10-04,39.374385564475915,39.79655480641536,38.87610779304425,39.44147256565723,580935,39.44147256565723
AVD,2010-10-05,38.66849565335871,39.564507260673416,38.42773785707472,38.70387192977147,80145,38.70387192977147
AVD,2010-10-06,39.40932153749383,39.67971496611061,38.6028200702769,39.15092590137126,1532354,39.15092590137126
AVD,2010-10-07,38.04854469671625,39.34344577256109,37.374168829836265,38.29565370503367,153894,38.29565370503367
AVD,2010-10-08,38.80823674767214,39.65266314757412,38.40683906592472,39.026542692810956,1250415,39.026542692810956
AVD,2010-10-11,38.13291486212784,38.619355531137494,37.297950565162395,38.274739428574314,672990,38.274739428574314
AVD,2010-10-12,38.700249674103766,39.60130750563547,37.727145628000414,38.47847587510846,1739703,38.47847587510846
AVD,2010-10-13,38.62916336375176,39.090666619314206,38.62021297757816,38.72780187505512,1757816,38.72780187505512
AVD,2010-10-14,38.83270508873515,40.06856610333304,38.40919405494214,38.943172687886246,691063,38.943172687886246
AVD,2010-10-15,38.481999892800246,39.61682161269807,37.95663177521093,38.101883051775665,1683351,38.101883051775665
AVD,2010-10-18,37.9162176750887,38.76477399078567,37.697556947978015,38.004535546385654,351937,38.004535546385654
AVD,2010-10-19,38.77396381676631,39.10340552673719,38.369480674945635,38.97055425675965,1736448,38.97055425675965
AVD,2010-10-20,38.96163172702091,39.26928311537272,38.680149611858134,38.86585562645766,1733413,38.86585562645766
AVD,2010-10-21,38.34825244701242,38.94121264048843,37.302945440311746,38.11811057920709,1418310,38.11811057920709
AVD,2010-10-22,37.527241425758184,38.8199718822576,37.118700866712466,37.85307476270538,645749,37.85307476270538
AVD,2010-10-25,37.1426529839112,37.34866823383106,36.5994430194879,37.05454303799911,102470,37.05454303799911
AVD,2010-10-26,35.35547188077768,35.79860938892176,34.95498588517117,35.68683451996749,1604743,35.68683451996749
AVD,2010-10-27,35.625769516637234,35.705369046145385,34.71894106939091,35.607017187159116,1297265,35.607017187159116
AVD,2010-10-28,35.527524992456804,36.24401610827231,34.75719201365858,35.701038061085754,1424336,35.701038061085754
AVD,2010-10-29,36.03552618272109,37.13555549064505,35.26435689780976,36.17542254851983,150361,36.17542254851983
AVD,2010-11-01,36.482701625534425,36.55311791601755,36.047039244081716,36.506725998076945,776183,36.506725998076945
AVD,2010-11-02,37.25241467755189,37.48969937243092,36.90647322643406,36.936894215626594,744031,36.936894215626594
AVD,2010-11-03,37.09803448751107,37.86958866798076,36.89147781505398,36.94238343914983,1497127,36.94238343914983
AVD,2010-11-04,38.72390216747384,39.68332181345981,37.49849404335021,38.38850517876805,642813,38.38850517876805
AVD,2010-11-05,37.977076168200796,38.89695637087172,37.066486551835425,37.85595905223842,155879,37.85595905223842
AVD,2010-11-08,37.30626777662587,38.565075086566786,36.22743978162405,37.67768859292768,555583,37.67768859292768
AVD,2010-11-09,38.6480913369741,38.9813428495186,37.95105243716973,38.830138522146726,1454429,38.830138522146726
AVD,2010-11-10,38.91092417696465,39.374630620181456,38.406250629123996,38.59768652188409,383401,38.59768652188409
AVD,2010-11-11,38.66698398034114,39.80929716341439,38.45891999926827,38.55636921097927,1548022,38.55636921097927
AVD,2010-11-12,39.24053671800931,40.40467108989587,37.9759082548303,38.866141326686346,1081185,38.866141326686346
AVD,2010-11-15,39.436195553952416,40.42708633297152,38.56756737234381,39.709424973291696,577016,39.709424973291696
AVD,2010-11-16,39.68181219134168,40.6915754493662,38.7542694538372,39.84377887923024,1444231,39.84377887923024
AVD,2010-11-17,39.153705785725215,40.38225244042669,38.390330174533894,39.26177959807741,532979,39.26177959807741
AVD,2010-11-18,38.8775352047562,39.539453976027886,38.64982100411538,39.01286473233058,1645031,39.01286473233058
AVD,2010-11-19,39.22509706057261,39.582491396601164,38.80953555997266,39.42063006342376,741289,39.42063006342376
AVD,2010-11-22,39.20584034521387,40.03791172322901,38.95406935925351,39.250220007103685,780396,39.250220007103685
AVD,2010-11-23,39.072917160939845,40.198337095702016,38.474654008460575,38.96203267828433,1696575,38.96203267828433
AVD,2010-11-24,38.21544417005948,39.162598774724565,37.3644623666181,38.3602487979988,1791333,38.3602487979988
AVD,2010-11-25,38.88094441709664,40.15550820330743,37.98045495603171,39.210548346636266,1486938,39.210548346636266
AVD,2010-11-26,39.32405305112524,39.82277894296445,37.996479747940334,39.16072734257083,767608,39.16072734257083
AVD,2010-11-29,39.08328221743683,39.228539530980655,38.82648410878051,39.1153438476904,228608,39.1153438476904
AVD,2010-11-30,39.666577909458034,39.86754714276952,39.440099220538904,39.621819274975344,908869,39.621819274975344
AVD,2010-12-01,38.68031510331611,39.85614821689592,38.411428041477286,38.714848239105365,1437146,38.714848239105365
AVD,2010-12-02,39.08010965179637,39.658320567396856,37.70060132721612,38.777368913404636,1175427,38.777368913404636
AVD,2010-12-03,39.90235747458116,39.9167469711704,39.57122771241267,39.85553121321745,1179538,39.85553121321745
AVD,2010-12-06,40.18276613091651,41.33444513123902,38.70479814010252,39.84545298249864,432282,39.84545298249864
AVD,2010-12-07,40.043432889348495,40.64141738430886,38.96073870549218,40.034965220720665,1703150,40.034965220720665
AVD,2010-12-08,40.042729478241895,41.21830685102829,39.370582679899755,40.20952812070121,1046553,40.20952812070121
AVD,2010-12-09,40.88658526958512,41.6798252413977,40.244028469935465,41.00513720050893,1354581,41.00513720050893
AVD,2010-12-10,41.205104092732164,41.33082368829077,40.95967039973873,41.18687536359695,1480352,41.18687536359695
AVD,2010-12-13,43.083238178235405,43.87886010590343,42.64345053888324,43.05741282615551,76085,43.05741282615551
AVD,2010-12-14,43.43330341211404,44.73291507685553,42.17207198417983,43.27117695543107,350230,43.27117695543107
AVD,2010-12-15,42.74056521314581,43.02216311805492,41.748317496841445,42.97737495675669,823855,42.97737495675669
AVD,2010-12-16,44.31782149093986,45.43701604026729,43.23076390800341,44.17747592316403,951132,44.17747592316403
AVD,2010-12-17,44.297499100016175,44.6104354100185,42.893931086744736,44.052051633423346,637781,44.052051633423346
AVD,2010-12-20,43.78076581557591,44.29807876135274,42.69435262994234,43.626683359410215,1020690,43.626683359410215
AVD,2010-12-21,42.74347675365129,43.23711776733861,42.39545700076372,42.759016996874784,1671112,42.759016996874784
AVD,2010-12-22,43.58369913948444,44.75888633455758,42.17707024940094,43.159287408786625,76156,43.159287408786625
AVD,2010-12-23,42.768260605565104,43.498349919680074,42.5570191599437,42.84983541486458,266425,42.84983541486458
AVD,2010-12-24,41.970385915967555,42.87074329310061,41.30244862287384,42.303235715247965,775529,42.303235715247965
AVD,2010-12-27,42.18927693014253,43.22463356571828,41.06825904206256,41.9197295350574,709236,41.9197295350574
AVD,2010-12-28,41.44837298330476,41.74949569711096,40.71774357647789,41.68832999449127,1301092,41.68832999449127
AVD,2010-12-29,42.52272315332735,42.63301389187688,41.973088379052655,42.34210395532721,236354,42.34210395532721
AVD,2010-12-30,42.467648281866374,42.76988346377777,41.852027956092954,42.74207266288033,384107,42.74207266288033
AVD,2010-12-31,42.25817697078923,43.55117521815404,40.99965915377662,42.670478428220875,488993,42.670478428220875
AVD,2011-01-03,42.838846440671404,43.812451251910126,42.73901973642408,43.1323199500479,1146695,43.1323199500479
AVD,2011-01-04,42.98308581617346,44.2215047413175,41.778694597504845,43.08909473029629,510575,43.08909473029629
AVD,2011-01-05,42.94360326345665,43.93150428264635,42.86452865009582,43.28414713690077,1085622,43.28414713690077
AVD,2011-01-06,42.55643064096268,43.10022812759803,41.31568023230582,42.81530991500745,937476,42.81530991500745
AVD,2011-01-07,42.582634284704554,43.61119316873044,42.067422280612234,42.358451099844,412236,42.358451099844
AVD,2011-01-10,42.73822196712299,43.11558831349538,41.91536132001143,42.508773543630234,428784,42.508773543630234
AVD,2011-01-11,42.93220630613266,44.13734310910963,42.02872582548335,42.661316988128796,196713,42.661316988128796
AVD,2011-01-12,43.76354155590515,44.09232464258354,42.25785687666676,43.466961922372505,650720,43.466961922372505
AVD,2011-01-13,43.81993619854017,44.11061387840424,42.81919184620578,43.8897772157356,501511,43.8897772157356
AVD,2011-01-14,43.868715108797865,44.51795979799539,43.257964702637274,43.54858972128307,128451,43.54858972128307
AVD,2011-01-17,42.635642201258456,42.70025453612447,42.47452286391255,42.61353696161686,659628,42.61353696161686
AVD,2011-01-18,43.29443894759537,43.36723414255442,42.68284267215392,43.31991355464716,1380131,43.31991355464716
AVD,2011-01-19,43.80275756585908,44.454561712108024,42.76607845690401,43.612140822758036,864968,43.612140822758036
AVD,2011-01-20,44.148722688612125,44.68940923205913,42.90365349005054,44.40286835674232,1333825,44.40286835674232
AVD,2011-01-21,45.0621276115823,45.074771105128356,44.37554418436599,44.80272220054653,315732,44.80272220054653
AVD,2011-01-24,46.227126702752045,46.703586490821635,45.22646650423388,46.292430669422224,720069,46.292430669422224
AVD,2011-01-25,45.812312425290784,46.8173724845582,44.51355221749894,46.156366212497176,1577557,46.156366212497176
AVD,2011-01-26,45.87844469218782,46.77727629977803,45.41853860322165,46.23043218752285,1448377,46.23043218752285
AVD,2011-01-27,46.606008573648964,47.11115189246475,45.886952142294255,46.920463189456484,1320907,46.920463189456484
AVD,2011-01-28,48.05423085774651,48.88990569771838,46.268425182460405,47.68176689634093,782605,47.68176689634093
AVD,2011-01-31,48.47084055047946,49.50375366502932,46.719287471373434,47.99954471147788,1355586,47.99954471147788
AVD,2011-02-01,46.57834124266675,47.6586347203938,46.158020987125205,46.71196193160539,444633,46.71196193160539
AVD,2011-02-02,45.12893079774335,45.85264752625464,43.86126544932283,45.317320470972845,332437,45.317320470972845
AVD,2011-02-03,44.795798912029724,45.23513948322618,44.61567016420738,45.0491816629194,890329,45.0491816629194
AVD,2011-02-04,45.398000590934856,46.078271616077735,44.17398301773037,45.10588004740527,1667513,45.10588004740527
AVD,2011-02-07,43.4280108758671,44.84893597405043,42.24068880286422,43.682059195197084,1396260,43.682059195197084
AVD,2011-02-08,44.06786086022996,44.68752925890455,43.38229147471864,43.69722958478587,898683,43.69722958478587
AVD,2011-02-09,44.388702981483114,44.649283821365636,43.60944010782928,44.24062926003123,760787,44.24062926003123
AVD,2011-02-10,44.58438080794112,44.70884252495816,43.3129743458875,44.233057280807046,535497,44.233057280807046
AVD,2011-02-11,44.55082110729388,45.81240231106445,43.70984166754425,44.50274936702483,164383,44.50274936702483
AVD,2011-02-14,45.17746758834956,46.18448609297082,43.68456894323987,45.00583346589585,594530,45.00583346589585
AVD,2011-02-15,43.895320828656395,44.30745439892023,43.34757776517713,43.79069775704574,1214889,43.79069775704574
AVD,2011-02-16,44.63003038898752,45.02547799491945,43.49277203332851,44.33635043272158,1560077,44.33635043272158
AVD,2011-02-17,44.098878228042786,45.283222159046964,43.42883865672995,43.8046330363371,147544,43.8046330363371
AVD,2011-02-18,43.73755235672039,43.970544355726716,43.1721347278326,43.65914664176754,789885,43.65914664176754
AVD,2011-02-21,43.30516468149198,44.000261019671456,42.73882540835765,43.190702711707395,150151,43.190702711707395
AVD,2011-02-22,44.42675910445143,45.37771958105304,43.78132023980639,44.05504386082428,1211033,44.05504386082428
AVD,2011-02-23,43.56237898649416,44.08041018866173,42.713131168923354,43.19105127944921,565111,43.19105127944921
AVD,2011-02-24,44.44047243590489,44.49367080452231,43.52253825626471,44.29496367169049,1631634,44.29496367169049
AVD,2011-02-25,45.78873861211428,46.55998130789754,44.950705189808644,46.24400690327968,444352,46.24400690327968
AVD,2011-02-28,44.67894960491869,46.253653345504304,43.49886520442504,45.03525846873649,585890,45.03525846873649
AVD,2011-03-01,44.93041943635401,45.63553807421041,44.315877688511165,44.6110555529589,1724301,44.6110555529589
AVD,2011-03-02,44.760089664997224,46.23911540223841,44.439305437979,45.134967966084645,1633330,45.134967966084645
AVD,2011-03-03,44.135365645180045,45.12970306968761,43.13741873049855,44.389701606737994,453629,44.389701606737994
AVD,2011-03-04,43.97764565550498,45.4675955046773,43.7964778699414,44.21592822846983,227147,44.21592822846983
AVD,2011-03-07,44.481037696771274,45.69421450935918,43.84469558989685,44.39204516822136,1492949,44.39204516822136
AVD,2011-03-08,43.942932704756146,44.57951820677598,43.18949719448923,43.875686372640025,1761388,43.875686372640025
AVD,2011-03-09,43.7923368579458,44.397462309336085,42.501552870243984,43.977554906468185,1569378,43.977554906468185
AVD,2011-03-10,44.49699242616481,45.56662926047452,43.67300760283744,44.758731312713074,1386945,44.758731312713074
AVD,2011-03-11,44.97266677910541,45.88321174373673,44.25373635086807,44.735984761970265,1138619,44.735984761970265
AVD,2011-03-14,44.34511239945518,45.00810077694255,42.76173812415702,43.96223984040061,1506270,43.96223984040061
AVD,2011-03-15,44.51234834943503,46.02201675464277,43.79067050324843,44.91405455117924,800136,44.91405455117924
AVD,2011-03-16,45.730277914751035,46.32162135653402,45.721272641696636,46.06825261692979,137333,46.06825261692979
AVD,2011-03-17,46.54117689350994,47.008094498440606,46.01456584628072,46.40922248987212,1528932,46.40922248987212
AVD,2011-03-18,45.9302707706747,46.87603432900762,45.031710101847835,45.65230171057651,1759547,45.65230171057651
AVD,2011-03-21,45.252244426574244,45.58713438375254,44.359962755641256,44.99023151412345,568054,44.99023151412345
AVD,2011-03-22,43.376906316523325,43.949279445042045,41.9482444908982,43.18715650226147,1259814,43.18715650226147
AVD,2011-03-23,43.107229029902385,44.353545511451564,42.72100113851052,42.77577838347889,199779,42.77577838347889
AVD,2011-03-24,43.37880796786567,44.44454659463062,43.28534094339673,43.62542346429328,1754169,43.62542346429328
AVD,2011-03-25,42.801101939428804,44.36819866891819,42.393299088812924,43.13993076702725,1288257,43.13993076702725
AVD,2011-03-28,42.553648060135856,43.475923576673175,41.30812925556703,42.455691766147325,1327185,42.455691766147325
AVD,2011-03-29,43.54525842734534,44.49193248011134,42.23815928802533,43.26638417667467,1164143,43.26638417667467
AVD,2011-03-30,44.265039711360664,45.050997150266184,43.11057249452882,44.19252545275591,1519806,44.19252545275591
AVD,2011-03-31,44.220547544984804,44.409203802834114,43.183336941666695,43.814824472104064,1714347,43.814824472104064
AVD,2011-04-01,44.51049283945194,45.20447501614359,43.197309847933745,44.24892464783787,1631815,44.24892464783787
AVD,2011-04-04,43.790030249881106,44.121958066776195,43.21685138314482,43.6148800436729,1333846,43.6148800436729
AVD,2011-04-05,43.008345286217256,44.68992427500809,42.42157798351483,43.389953601127445,1428050,43.389953601127445
AVD,2011-04-06,41.725861972841145,42.392615130892175,40.49619019339512,42.055796222331715,1341032,42.055796222331715
AVD,2011-04-07,42.602052222135214,42.89688293263677,42.035475904693925,42.360733600662435,637119,42.360733600662435
AVD,2011-04-08,42.06542328052166,43.112937539787545,41.04175540415224,42.320839768519065,1127512,42.320839768519065
AVD,2011-04-11,41.4643070417477,42.50038492354794,41.24647652679352,41.85875449557693,65574,41.85875449557693
AVD,2011-04-12,42.170982823723804,42.19799702386658,41.01805966361996,41.8273621048999,1459305,41.8273621048999
AVD,2011-04-13,42.03137295918681,42.19470667989146,40.877905172092014,41.70539907774805,1758007,41.70539907774805
AVD,2011-04-14,40.90556544107787,42.1381016873464,39.692900321905974,41.13718107658115,1307279,41.13718107658115
AVD,2011-04-15,41.69593461436887,42.300974258428745,41.4483035875632,41.463567591943004,1512801,41.463567591943004
AVD,2011-04-18,40.9090503842191,41.46309393295658,40.4328743630888,41.28225879636068,1258279,41.28225879636068
AVD,2011-04-19,41.04336811891694,41.79589563685219,40.33257517012171,41.220568745510946,211772,41.220568745510946
AVD,2011-04-20,40.30667261111316,40.61278052752134,39.11755610783701,40.207226543189755,883537,40.207226543189755
AVD,2011-04-21,40.364627720155326,40.635383302831485,39.79087199352192,40.15327773362723,1260880,40.15327773362723
AVD,2011-04-22,39.66914706499277,41.212464531500835,38.81554295085893,40.06142922997881,878207,40.06142922997881
AVD,2011-04-25,39.37939368930454,39.94592804493392,39.36554886129735,39.51674709483498,1021215,39.51674709483498
AVD,2011-04-26,39.69573116132229,39.97943069848315,39.636839399229515,39.92381948723721,854286,39.92381948723721
AVD,2011-04-27,38.88443623303532,40.016354401856674,38.19463632653488,38.50037161353779,964794,38.50037161353779
AVD,2011-04-28,38.33830551823771,39.25248959190574,38.17449073008779,38.207648936052166,1691687,38.207648936052166
AVD,2011-04-29,38.378118821542614,38.74412949370725,37.348396124641205,38.45065871699443,562163,38.45065871699443
AVD,2011-05-02,39.59646703448295,40.425274396175055,38.74108280382638,39.93539666777978,96782,39.93539666777978
AVD,2011-05-03,39.09596775426806,40.10732911636445,38.14483724694262,39.01896752280544,858522,39.01896752280544
AVD,2011-05-04,39.2249942938612,39.645580591541325,38.025220754288895,39.114143660040554,1387881,39.114143660040554
AVD,2011-05-05,39.77861374807011,40.45573013485234,39.49553768047668,39.52847288554742,460110,39.52847288554742
AVD,2011-05-06,39.43974976033993,40.242753384610346,38.32751815661348,39.60722745384855,555605,39.60722745384855
AVD,2011-05-09,39.162929899259105,39.63440600756624,38.622674624905905,38.78944335412178,680553,38.78944335412178
AVD,2011-05-10,38.44691833967601,39.232022290880934,38.179513976357576,38.49352187743707,1144876,38.49352187743707
AVD,2011-05-11,36.75252282679027,37.42710638162604,36.06436905335058,36.9031291061245,402810,36.9031291061245
AVD,2011-05-12,36.82591964723412,36.96140512992147,35.74192001056654,36.937878850040065,1143241,36.937878850040065
AVD,2011-05-13,36.07240654469545,36.95370930096171,34.98312753945862,36.05828175636777,744912,36.05828175636777
AVD,2011-05-16,36.69875375176886,36.82333403797488,35.512215925931535,36.381000951095295,1550442,36.381000951095295
AVD,2011-05-17,36.16481068411651,36.668322418849236,35.448972200338055,35.995517431920966,1342148,35.995517431920966
AVD,2011-05-18,35.60989375329055,36.22939991986187,34.97683967391205,35.55506098750236,891077,35.55506098750236
AVD,2011-05-19,35.450117254084134,36.44621110003116,35.00907445047676,35.69080865252876,689234,35.69080865252876
AVD,2011-05-20,35.63467088236362,36.32859892103435,35.39088623392285,35.886339404290844,482572,35.886339404290844
AVD,2011-05-23,36.475531606131725,37.28041726872746,35.792619297384206,36.47392900456242,1411537,36.47392900456242
AVD,2011-05-24,36.50409699968195,36.64794148668644,35.42256307627756,36.33788120491505,1616075,36.33788120491505
AVD,2011-05-25,36.48406707397643,37.19927761034551,36.084065418825716,36.301823084229554,1395353,36.301823084229554
AVD,2011-05-26,35.26150038779732,36.3348159083625,34.55559055382671,35.45585920812242,360864,35.45585920812242
AVD,2011-05-27,36.11393258971019,37.37650987013424,35.3413276175624,36.40510094173912,1065198,36.40510094173912
AVD,2011-05-30,35.75844560159159,36.46443881589785,35.505610547008246,35.84126689200345,730000,35.84126689200345
AVD,2011-05-31,36.63802022777097,36.981936045658344,36.26235181215332,36.33414142127647,807113,36.33414142127647
AVD,2011-06-01,36.871996250571804,37.052694671194146,36.74458981004332,36.83857095544152,1674721,36.83857095544152
AVD,2011-06-02,36.99813709928907,37.516673167745104,36.040746397764075,37.1317372631206,580053,37.1317372631206
AVD,2011-06-03,36.878341111806805,37.608395973630216,36.32866001895743,37.00888056116533,1048501,37.00888056116533
AVD,2011-06-06,36.53414828616568,37.02174661542291,35.53991193909381,36.804968782470965,1441592,36.804968782470965
AVD,2011-06-07,36.77579942297048,37.846952336211885,36.73274521373252,36.79550434565981,605049,36.79550434565981
AVD,2011-06-08,35.81896825690977,36.78300222037821,34.77304508246234,35.611451300177364,349886,35.611451300177364
AVD,2011-06-09,35.96000903311412,35.99556326386613,34.76837535165408,35.626150186800444,820243,35.626150186800444
AVD,2011-06-10,36.605226204513215,37.222348366788765,36.48204147519601,36.60405853507671,1755319,36.60405853507671
AVD,2011-06-13,36.24750471970096,37.35443894485216,36.21254460505239,36.49037376176578,506451,36.49037376176578
AVD,2011-06-14,36.63471752184974,36.904413475879196,36.17005629360046,36.501159487419905,1376178,36.501159487419905
AVD,2011-06-15,36.06330948438151,36.63011244337594,34.93291605085978,35.87904094238136,183507,35.87904094238136
AVD,2011-06-16,35.71956705050717,36.46699917617656,35.16861660071914,36.02818466086879,209808,36.02818466086879
AVD,2011-06-17,35.81729387911136,36.02848653830157,35.37252648909852,35.56821738555312,1128568,35.56821738555312
AVD,2011-06-20,36.374951658849994,37.045782937491126,35.67345664554149,36.136937605661444,542970,36.136937605661444
AVD,2011-06-21,36.88372397369316,38.00412707650258,35.92393001514632,36.9039908675126,1418286,36.9039908675126
AVD,2011-06-22,37.878416554058084,38.29351164426132,36.89280600556976,37.83269761653761,164358,37.83269761653761
AVD,2011-06-23,37.07133898808567,37.68566187204391,36.763333651399165,36.91378500046188,1777378,36.91378500046188
AVD,2011-06-24,37.552284626633714,37.921635396246465,36.88904915719685,37.42000630753975,1726796,37.42000630753975
AVD,2011-06-27,37.516243671918154,38.879171827312575,37.18516669367759,37.882540580423566,1049865,37.882540580423566
AVD,2011-06-28,37.35483089528575,38.615339302272794,36.652256595851306,37.63905445848673,534765,37.63905445848673
AVD,2011-06-29,38.213199897150986,38.679159266065625,37.67724324090932,38.47282176533839,77763,38.47282176533839
AVD,2011-06-30,38.98729011322029,40.03988714862985,38.76229781882258,38.78894216772231,752916,38.78894216772231
AVD,2011-07-01,37.97411489499021,38.192484322725385,37.21049687835216,38.01967496426718,773263,38.01967496426718
AVD,2011-07-04,37.24095364391369,37.34758189727921,36.84408802732628,37.207093234665756,1234513,37.207093234665756
AVD,2011-07-05,36.96967338254355,37.693836767022816,35.85635584879627,36.7691437114333,1795778,36.7691437114333
AVD,2011-07-06,36.740549513045515,37.284477239711336,35.772516736117744,36.857770293032615,1531719,36.857770293032615
AVD,2011-07-07,37.84386116109743,38.44641936104331,37.4119947558027,37.656414887868394,1672466,37.656414887868394
AVD,2011-07-08,37.9445105953908,38.732052314147104,37.76705346505451,37.9883497020595,433871,37.9883497020595
AVD,2011-07-11,37.29455284494132,37.44565043475424,36.923447834766115,37.386388629567,1353270,37.386388629567
AVD,2011-07-12,38.476507341995,38.944708087402546,37.50481682087774,38.60542067515985,1040326,38.60542067515985
AVD,2011-07-13,38.791638999744144,39.328018337509384,37.5586201606635,38.43424295971427,276889,38.43424295971427
AVD,2011-07-14,38.052437834829306,38.35676686000496,37.74572175573969,37.84657260612266,1616216,37.84657260612266
AVD,2011-07-15,37.00232674609614,37.415732810601575,36.212738590111535,37.36084444248883,1642598,37.36084444248883
AVD,2011-07-18,36.85479122870997,36.95062463903549,36.32222849656143,36.52068865730674,314973,36.52068865730674
AVD,2011-07-19,35.32136717318276,36.17093209875978,34.37535036158415,35.12785510511784,806277,35.12785510511784
AVD,2011-07-20,34.83598274440593,36.04133860508014,34.77271631769275,35.08213675731473,1362635,35.08213675731473
AVD,2011-07-21,33.86954651563619,34.31498774385408,33.78262328419786,34.15898369697831,89980,34.15898369697831
AVD,2011-07-22,34.2425442551736,34.63145551755288,33.25971116164648,34.37440854689876,1108016,34.37440854689876
AVD,2011-07-25,35.08971809949929,35.77633553177667,34.761699624645836,35.00278411424575,1758755,35.00278411424575
AVD,2011-07-26,35.344857408475605,36.356715404123214,34.384052788530695,35.262662477229284,123415,35.262662477229284
AVD,2011-07-27,35.15833053746873,35.63407020558881,34.33063835071331,35.316655013497204,1713216,35.316655013497204
AVD,2011-07-28,34.35829696835883,35.27813719172428,33.80153301025095,34.395667876188156,1621429,34.395667876188156
AVD,2011-07-29,34.737811140226285,35.469539264852855,34.29627773729993,34.93913732853068,977838,34.93913732853068
AVD,2011-08-01,35.86158900142723,37.225297225020164,35.13625219993941,36.18685185220915,1205436,36.18685185220915
AVD,2011-08-02,37.13755728779773,37.2893667042543,36.652040504994886,37.12495673041938,1312776,37.12495673041938
AVD,2011-08-03,36.18013340357362,37.35126280846143,35.279962680713176,36.291190882645544,1456087,36.291190882645544
AVD,2011-08-04,36.299759983802915,36.77998253424885,35.20489929485647,36.268654221619,1430376,36.268654221619
AVD,2011-08-05,36.437974308036075,37.47966864566088,35.65089515165567,36.11545797919439,834296,36.11545797919439
AVD,2011-08-08,35.63385301434678,36.383710232343326,35.1179624035427,35.88984066816261,1567885,35.88984066816261
AVD,2011-08-09,35.57613906947771,36.5055099510604,35.24491165746683,35.934069700427195,390529,35.934069700427195
AVD,2011-08-10,37.04486879658288,38.26305094564998,36.655699923487084,37.361034147021186,267768,37.361034147021186
AVD,2011-08-11,37.43214183730134,38.27217250385316,37.317022706641204,37.460080842156835,868977,37.460080842156835
AVD,2011-08-12,37.349608179927245,38.04386641726427,36.59250589215326,37.19566867554953,101569,37.19566867554953
AVD,2011-08-15,37.48027293635089,37.94912868914517,36.30663036827817,37.419829730659615,1755552,37.419829730659615
AVD,2011-08-16,36.58681801279433,37.46042696657872,36.18142071913645,36.590554195705955,1222491,36.590554195705955
AVD,2011-08-17,36.052947504769286,37.18715420572348,35.701574500923776,36.158557154189566,1173023,36.158557154189566
AVD,2011-08-18,36.68086613318577,36.83164156314602,36.15430678604502,36.8208042096822,572316,36.8208042096822
AVD,2011-08-19,36.87971340441013,37.623190340546635,36.53596298416063,36.971190351796984,759194,36.971190351796984
AVD,2011-08-22,38.48213362457629,39.481877439334674,37.61724748816433,38.39640600420842,1386269,38.39640600420842
AVD,2011-08-23,38.350671871098626,39.36365941198359,37.371358667186946,38.60721375198162,1695225,38.60721375198162
AVD,2011-08-24,38.00171384724984,38.91470037615048,37.416220904155054,37.796582659194925,330374,37.796582659194925
AVD,2011-08-25,36.83758369348675,37.8267403432014,35.94931240613056,36.78222406271575,1083563,36.78222406271575
AVD,2011-08-26,37.29309871319953,38.31013040964793,36.68482877928372,37.466074801677536,624906,37.466074801677536
AVD,2011-08-29,36.81266313842594,37.604522740250864,36.25038559653941,36.81181428536821,951108,36.81181428536821
AVD,2011-08-30,36.44610034505762,37.500937111981564,35.54548535442644,36.111864321446745,541607,36.111864321446745
AVD,2011-08-31,35.46886594818257,36.74022842375695,35.04158934335676,35.81231208832755,1704708,35.81231208832755
AVD,2011-09-01,36.255465932544254,37.36688110477091,35.199837692784385,36.47466213559473,488024,36.47466213559473
AVD,2011-09-02,36.22873511036525,36.360181721291205,36.21752140561992,36.26617613660119,1582397,36.26617613660119
AVD,2011-09-05,35.857744559309644,36.114876734059294,35.45440460433391,35.75873597013158,165933,35.75873597013158
AVD,2011-09-06,36.348924631862566,37.16997849794813,35.72232854550424,36.55933952221789,1383220,36.55933952221789
AVD,2011-09-07,37.58705487262484,38.38716311065825,36.36145965161652,37.26552498032833,393554,37.26552498032833
AVD,2011-09-08,38.51600903071227,38.86636785777049,37.34668024684604,38.40649520448265,190405,38.40649520448265
AVD,2011-09-09,39.659708388510516,39.77074936103517,38.97547165420382,39.36257452413875,889815,39.36257452413875
AVD,2011-09-12,39.99790851328734,40.50949289952318,39.178298108585274,40.134914719558566,116513,40.134914719558566
AVD,2011-09-13,39.897240009734055,40.82009809789794,38.720245978180934,39.6364685642097,1256458,39.6364685642097
AVD,2011-09-14,40.032387693397894,41.18643576648857,39.2877305025166,40.130129264753656,730477,40.130129264753656
AVD,2011-09-15,40.827175568645664,42.153762757007236,40.32858155172516,41.03006779942977,122258,41.03006779942977
AVD,2011-09-16,42.77660536387304,43.26280427645114,42.00943709073193,42.42729689798617,1310854,42.42729689798617
AVD,2011-09-19,42.240302778836984,43.06359783617145,41.79065906767323,42.587631766819,325361,42.587631766819
AVD,2011-09-20,42.625764014801035,43.145850515222044,42.078192544948614,42.25150961034322,305354,42.25150961034322
AVD,2011-09-21,41.594542575043114,42.09842015018635,40.61967975619941,41.629082053020916,484986,41.629082053020916
AVD,2011-09-22,42.80403432389365,43.65951139751966,41.924510793325275,42.386421702680565,660715,42.386421702680565
AVD,2011-09-23,41.95565126760698,42.40666184241942,40.791948453257255,41.92245316726936,1593588,41.92245316726936
AVD,2011-09-26,42.249951388645336,42.275737298635505,41.4634323990241,42.03348886436679,95272,42.03348886436679
AVD,2011-09-27,41.008781126566824,41.96258856196395,40.496940362211376,41.41709485603922,1097197,41.41709485603922
AVD,2011-09-28,41.32953621535231,41.610233131429055,40.35775974721404,41.33229157473786,1037965,41.33229157473786
AVD,2011-09-29,41.88292979151751,41.91912561139735,40.92424748091522,41.684964998454255,1181629,41.684964998454255
AVD,2011-09-30,42.15206572315497,42.747475814305396,41.69767583497223,41.9149719907592,898156,41.9149719907592
AVD,2011-10-03,44.502096189721,45.085398798306684,43.365168723595566,44.80854308611811,1507010,44.80854308611811
AVD,2011-10-04,43.70284582968294,44.36833147637334,42.96143517578586,43.77378479328191,87633,43.77378479328191
AVD,2011-10-05,43.65128099353776,44.08636173345669,43.56319236523412,43.72204778782739,1057193,43.72204778782739
AVD,2011-10-06,43.054777031845866,44.18481470456644,42.41426264534657,43.39880735575854,877960,43.39880735575854
AVD,2011-10-07,42.641935777146614,43.95959760524369,42.290310858927384,42.69056416531462,233224,42.69056416531462
AVD,2011-10-10,42.425679457464184,43.12218003917435,41.9476829190327,42.16669753934822,1532226,42.16669753934822
AVD,2011-10-11,41.37716894212686,42.349415169392486,40.3888020758848,41.54319153993612,1273352,41.54319153993612
AVD,2011-10-12,41.78048824405517,42.990695307452626,40.80059027604853,41.83690571145668,1570145,41.83690571145668
AVD,2011-10-13,42.558797947912076,43.036308194223984,41.864619029855234,42.17002516096734,1433621,42.17002516096734
AVD,2011-10-14,42.462327287424856,43.07794944761451,42.148072186730175,42.863782551537355,1421642,42.863782551537355
AVD,2011-10-17,43.22917017722288,43.59592293330672,41.93358859894357,43.15018655006136,679224,43.15018655006136
AVD,2011-10-18,43.51987379828767,44.04576134788225,42.428756254364515,43.30901425490854,1723242,43.30901425490854
AVD,2011-10-19,43.6336832375703,44.47801815316678,42.62395911177506,43.40719971922572,1616715,43.40719971922572
AVD,2011-10-20,44.155843833019084,44.161921482349086,43.74047324762487,43.96596535858602,1673157,43.96596535858602
AVD,2011-10-21,42.59113774812455,43.68153460968689,41.66373515929093,42.399110950593744,529735,42.399110950593744
AVD,2011-10-24,42.01801963434665,42.48867855788286,41.92464999422542,42.39190550243785,1153848,42.39190550243785
AVD,2011-10-25,42.696112456509944,43.84974666219278,42.66264024861917,42.66698232600275,566247,42.66698232600275
AVD,2011-10-26,44.32318639617786,45.58564529380778,43.78382955324024,44.07375619865821,1300016,44.07375619865821
AVD,2011-10-27,42.90461264864741,44.54062387392129,42.47520615289091,43.255793416232805,864241,43.255793416232805
AVD,2011-10-28,42.01255726903165,43.4569414172469,41.24611861484886,42.42659850974548,1378789,42.42659850974548
AVD,2011-10-31,41.0530023366117,41.22771019374817,39.65450152992742,40.79634288977221,145447,40.79634288977221
AVD,2011-11-01,40.01167528227176,40.8593230751288,39.33229178227174,39.84250846360389,261774,39.84250846360389
AVD,2011-11-02,39.70119282814021,40.013614532916236,38.94096052935259,39.7710256450275,430323,39.7710256450275
AVD,2011-11-03,39.646801869258894,40.713849355718494,38.53534087485964,39.300644595702636,673963,39.300644595702636
AVD,2011-11-04,39.02819909206514,39.39889586507127,38.45750079950505,38.82120590155659,1160865,38.82120590155659
AVD,2011-11-07,39.23455240127788,39.61920321789021,38.245366051089164,38.87082954305701,339321,38.87082954305701
AVD,2011-11-08,39.64392290214806,40.735304197572596,39.01409678525517,39.30642593312084,839855,39.30642593312084
AVD,2011-11-09,39.33471258586621,39.36505336319967,38.624532086501745,39.349434308680564,289264,39.349434308680564
AVD,2011-11-10,39.60307546694522,39.83352515100233,38.3986133921865,39.402352806157026,373145,39.402352806157026
AVD,2011-11-11,39.85291927563754,40.35737625241175,39.076684299215025,39.71851864900539,463576,39.71851864900539
AVD,2011-11-14,38.728439250684886,39.54257483022141,38.432132910622045,38.48869684518221,1558726,38.48869684518221
AVD,2011-11-15,38.83221379555607,39.5866066297546,38.38016608133579,38.610060463445215,735592,38.610060463445215
AVD,2011-11-16,38.32508654668688,39.36777429897838,37.411894690514366,38.592741122890935,1667804,38.592741122890935
AVD,2011-11-17,38.41593959958712,39.641246902779315,37.71442670469391,38.62161085307695,1079422,38.62161085307695
AVD,2011-11-18,38.07990738556381,38.39808135144493,37.99741727576858,38.259165673580846,710721,38.259165673580846
AVD,2011-11-21,38.39709257736848,38.99857730707052,37.15101940326946,38.15405236324878,1321468,38.15405236324878
AVD,2011-11-22,38.6985683846971,39.54081682359624,37.59876656145098,38.4595486709698,1689812,38.4595486709698
AVD,2011-11-23,39.59756627940489,40.35699357303384,38.72114064901894,39.60126080225295,597102,39.60126080225295
AVD,2011-11-24,38.53305077604791,39.05129809846508,37.97565965007247,38.47085705023335,1626094,38.47085705023335
AVD,2011-11-25,39.14906308778145,39.169163687842364,38.20717052557594,38.89475196673869,1204401,38.89475196673869
AVD,2011-11-28,39.624922246920356,39.8461331434855,38.531120656920116,39.77400029054222,158998,39.77400029054222
AVD,2011-11-29,38.57632536561573,39.065424082158025,38.14718085982057,38.92652490649241,613112,38.92652490649241
AVD,2011-11-30,38.823907772627244,39.237328436603974,37.7745882356816,38.8374259634239,1217986,38.8374259634239
AVD,2011-12-01,39.38408912440047,39.523099346369555,38.59967251714564,39.06088596088178,1614589,39.06088596088178
AVD,2011-12-02,40.74045849113814,41.2612221548122,39.90608831101334,40.50514928567935,362560,40.50514928567935
AVD,2011-12-05,42.01239959658589,42.350531519559574,41.37423375996941,42.124773915602056,1573507,42.124773915602056
AVD,2011-12-06,40.86824107352119,42.190788422330535,39.72494742604895,41.227105413528406,1461283,41.227105413528406
AVD,2011-12-07,41.1561234422445,42.23213500019836,40.5994975450865,41.04372969885609,1082554,41.04372969885609
AVD,2011-12-08,41.50016159485783,41.985274631229224,40.52107403386755,41.22437809409858,1289637,41.22437809409858
AVD,2011-12-09,41.80480458226985,42.44608831804167,40.9312158703225,41.66734520507889,646100,41.66734520507889
AVD,2011-12-12,41.78898804827577,43.04886635441929,41.283071415116844,41.85170310598486,633164,41.85170310598486
AVD,2011-12-13,40.88326887653171,41.8553615166398,40.400332883455874,41.19357711615227,1678436,41.19357711615227
AVD,2011-12-14,40.847049059462144,42.066423193421535,39.31705092326942,40.51420521894935,137304,40.51420521894935
AVD,2011-12-15,39.28527050407502,39.63035717153522,38.254298391039306,39.46209357434849,1711532,39.46209357434849
AVD,2011-12-16,37.90352494361751,39.099572744285226,37.03536542381122,38.11369373260182,164266,38.11369373260182
AVD,2011-12-19,37.34350547879711,37.900524570428885,36.75049583960438,37.10899395531453,1029600,37.10899395531453
AVD,2011-12-20,38.27504363862539,38.3011251466042,37.42880632589103,37.91018093964962,125111,37.91018093964962
AVD,2011-12-21,38.54471284223248,39.668934465124785,38.14227185483823,38.42164044473195,909799,38.42164044473195
AVD,2011-12-22,38.92924932900722,40.05630703811354,38.53013173496734,38.8323157227011,768983,38.8323157227011
AVD,2011-12-23,38.57404153424331,39.158988784826846,38.4041416312079,38.71385206657864,1166924,38.71385206657864
AVD,2011-12-26,38.34792237460517,39.82761916575824,37.63098671485718,38.719307556664404,1002747,38.719307556664404
AVD,2011-12-27,38.332147287226775,38.733055566257555,37.57899403687112,38.569893758654956,1384077,38.569893758654956
AVD,2011-12-28,37.60140103153046,38.36859385638714,37.34771362827181,37.53801401331823,1560428,37.53801401331823
AVD,2011-12-29,37.73745723716093,38.22128726879504,36.87432785176001,38.002473978895026,1660647,38.002473978895026
AVD,2011-12-30,38.90845275103635,39.196352621269575,37.987882086355576,38.612039087428606,1748849,38.612039087428606
AVD,2012-01-02,37.63334818920779,38.75493917622257,36.723741491271,37.8695445620129,1674567,37.8695445620129
AVD,2012-01-03,37.15714659396838,37.57779308396673,37.0447265603737,37.14072708483488,815755,37.14072708483488
AVD,2012-01-04,37.41351395175645,37.421513899552046,36.74000151145147,37.40452695625263,953271,37.40452695625263
AVD,2012-01-05,37.74264253063192,38.21167611363792,36.774506780384144,37.66434165609469,817902,37.66434165609469
AVD,2012-01-06,38.05577010596083,38.4488499461724,37.704150077834115,38.187567568413805,924989,38.187567568413805
AVD,2012-01-09,39.47861068458711,40.28791815338212,38.29788790504135,39.18586546559225,640211,39.18586546559225
AVD,2012-01-10,38.45215508083724,38.719596665326065,38.38698283446502,38.49503736991897,1251896,38.49503736991897
AVD,2012-01-11,38.62698713715089,39.602998623424966,37.74308737390052,38.47297705630152,736814,38.47297705630152
AVD,2012-01-12,37.935833570278284,38.23980545193187,37.45236588047861,37.832995271073464,429993,37.832995271073464
AVD,2012-01-13,36.96572896852811,37.69017533779251,36.23962401605996,37.25095499891444,1625244,37.25095499891444
AVD,2012-01-16,37.0926740520694,37.424323576060864,36.787947747226255,37.00191623096296,697544,37.00191623096296
AVD,2012-01-17,38.02568102168613,38.760249736472595,37.86969163696615,37.987160006861245,1266751,37.987160006861245
AVD,2012-01-18,39.0775783186828,39.19617510484089,38.521849893253396,38.76851258582088,818729,38.76851258582088
AVD,2012-01-19,39.04638529871392,39.60642686823739,38.575071458689955,38.75119678885981,1717253,38.75119678885981
AVD,2012-01-20,37.07708823136559,37.7123730173003,36.078098917820476,37.33773941520054,804944,37.33773941520054
AVD,2012-01-23,37.31532412476236,38.628256434226216,37.23031758909148,37.630149131875456,1623607,37.630149131875456
AVD,2012-01-24,37.75365794595525,37.992885885562934,37.328137292777626,37.90939564255513,1138700,37.90939564255513
AVD,2012-01-25,37.686056192021276,38.624094237200346,37.176385783325365,37.32282090204803,718488,37.32282090204803
AVD,2012-01-26,37.54407161923448,38.09747043197894,37.188645757459874,37.906783605816756,1741038,37.906783605816756
AVD,2012-01-27,37.43659657558462,37.53607795919684,36.41427844736298,37.30759271044898,1073831,37.30759271044898
AVD,2012-01-30,37.97157092541369,38.20204642812519,37.44552965613108,37.88934064888203,522318,37.88934064888203
AVD,2012-01-31,38.19566815096471,38.31329512803361,37.045409629350544,38.08402234081204,755580,38.08402234081204
AVD,2012-02-01,36.93903752466935,37.72895245847544,36.601846572529425,37.148341765609175,1550144,37.148341765609175
AVD,2012-02-02,36.7425564189987,38.03975483216001,36.09111215147637,36.944482141753674,95653,36.944482141753674
AVD,2012-02-03,37.01978903247758,37.1093893718386,36.0777092632252,37.071212674926066,882504,37.071212674926066
AVD,2012-02-06,36.99905410304221,37.81655882564932,36.97599978804977,37.300548613326114,291864,37.300548613326114
AVD,2012-02-07,37.696243561025234,38.460053571149096,37.58438119191724,38.01970516853905,91302,38.01970516853905
AVD,2012-02-08,38.51824107358753,39.23367576024384,38.39522580625956,38.837986876453996,913443,38.837986876453996
AVD,2012-02-09,38.7651404287019,39.15108261255065,38.46340756211359,38.708641936483595,803961,38.708641936483595
AVD,2012-02-10,39.04653540497838,40.17711857447643,38.68572330790382,39.126555583377126,942884,39.126555583377126
AVD,2012-02-13,40.12098606101949,40.31021334882604,39.705829520118854,40.28727842541938,1392618,40.28727842541938
AVD,2012-02-14,39.45855183014398,40.52514310313711,38.400384551056554,39.60443923387714,1598985,39.60443923387714
AVD,2012-02-15,38.98665008273834,39.51380762566098,38.87035240103688,39.21623501615785,1202196,39.21623501615785
AVD,2012-02-16,38.053708270929334,38.55952898919646,37.91800311106768,38.121178689434416,1063584,38.121178689434416
AVD,2012-02-17,37.507805326329006,38.207480420641154,37.224080488393476,37.73188892533342,1378609,37.73188892533342
AVD,2012-02-20,38.05229330506502,38.40016556762645,37.819518212108584,37.90216582633544,716312,37.90216582633544
AVD,2012-02-21,36.27055239109301,36.6479977476732,35.78425508837754,36.54542330139207,1019481,36.54542330139207
AVD,2012-02-22,37.1908447433783,37.31840656882412,36.24959343170753,36.86039711852062,1696970,36.86039711852062
AVD,2012-02-23,36.28636003961937,36.91372908927762,36.25146787646338,36.58650184166838,372283,36.58650184166838
AVD,2012-02-24,36.90241657286918,37.81221877325919,35.98996820860622,36.577998466333014,845329,36.577998466333014
AVD,2012-02-27,36.10194555787804,36.24775516362352,35.47699292589468,35.86288715879345,579944,35.86288715879345
AVD,2012-02-28,35.95902187084398,36.76015993091162,35.15563871120028,35.829525280962116,62193,35.829525280962116
AVD,2012-02-29,37.24343979130433,37.566194862570235,36.53583025611589,36.93884088626281,1075094,36.93884088626281
AVD,2012-03-01,36.446409419260114,37.68429889767488,36.14036782119146,36.71130439306977,448363,36.71130439306977
AVD,2012-03-02,35.10805024432072,35.79088317543772,34.71272186400779,35.336810312833194,258264,35.336810312833194
AVD,2012-03-05,35.953911337693285,36.31916731065109,35.43031050854698,36.13302084886279,176474,36.13302084886279
AVD,2012-03-06,36.32590817698783,37.59212054307344,35.5631848500019,36.512258326119266,152748,36.512258326119266
AVD,2012-03-07,36.46633897400313,36.798786483407945,36.076709644970926,36.60481625976168,718789,36.60481625976168
AVD,2012-03-08,37.06168967516343,37.692798165202895,36.90405454325187,37.00571416708954,286923,37.00571416708954
AVD,2012-03-09,36.74196079794893,37.725459946860056,35.64732143862351,37.091981049147726,919798,37.091981049147726
AVD,2012-03-12,38.1261723854083,38.643579048218676,37.135573249461885,38.216154158541045,1258412,38.216154158541045
AVD,2012-03-13,38.5636508716552,39.86665260845086,37.545308053551054,38.760254410960925,1162204,38.760254410960925
AVD,2012-03-14,38.56511522774059,39.54143881985562,38.39438758317468,38.48304639993597,445618,38.48304639993597
AVD,2012-03-15,39.927408969976206,40.92138531928244,39.14361501131089,39.543701149298066,1628506,39.543701149298066
AVD,2012-03-16,40.883803409356034,42.078614495924306,40.810261055403316,40.86937275083416,133746,40.86937275083416
AVD,2012-03-19,41.505413970569165,42.13721768504828,40.985948736618816,41.5671950938475,1368638,41.5671950938475
AVD,2012-03-20,41.79276542946784,42.02535754164884,41.11789530644516,41.90318573345516,1479255,41.90318573345516
AVD,2012-03-21,41.54814292462051,42.50224109041308,41.05533621354509,41.31270247859865,950870,41.31270247859865
AVD,2012-03-22,41.49362043286152,42.330020328985,40.449154140622305,41.851888559862516,460692,41.851888559862516
AVD,2012-03-23,42.56394218992788,42.80699739105282,41.39333285155487,42.176115503468694,166408,42.176115503468694
AVD,2012-03-26,42.12373444519959,42.80468991667407,41.44925878045063,42.19300025835384,755394,42.19300025835384
AVD,2012-03-27,42.59463638230698,43.941280806176145,41.698179094522494,42.75393693067305,1328075,42.75393693067305
AVD,2012-03-28,43.263379848835626,43.485784362937444,42.04869168653348,42.85703675505677,233714,42.85703675505677
AVD,2012-03-29,43.689259215783686,44.80162989182471,42.11382167764574,43.31168624447592,274778,43.31168624447592
AVD,2012-03-30,44.27412711533035,44.82959687769016,43.08656074136583,44.14880266876081,856647,44.14880266876081
AVD,2012-04-02,42.74635820046243,43.33914133319752,41.89420534391895,43.16200191261477,432292,43.16200191261477
AVD,2012-04-03,42.63682642634663,43.72199629749708,42.166153621499916,42.42593982743557,1474333,42.42593982743557
AVD,2012-04-04,41.64780334899608,43.000703015868915,40.62638766691242,41.78522878221181,222336,41.78522878221181
AVD,2012-04-05,43.18086981224904,43.65573366781193,42.33449070370204,43.27756901263465,1416818,43.27756901263465
AVD,2012-04-06,43.50310734209857,44.200928688094194,42.28274114981895,43.802063319595426,118764,43.802063319595426
AVD,2012-04-09,44.426642678893764,44.94716208403954,43.81579497653773,44.40580917497945,1453991,44.40580917497945
AVD,2012-04-10,45.56062507447662,46.673393723385,44.8101069387126,45.33887030563285,1763379,45.33887030563285
AVD,2012-04-11,44.346171581333834,44.562333550509905,44.1672566817487,44.548411463510476,1222392,44.548411463510476
AVD,2012-04-12,43.39021736317753,43.68174306697151,42.77938499920176,43.012794792331285,1662140,43.012794792331285
AVD,2012-04-13,42.740112414501276,43.91332190707725,41.82382161798052,43.00265492736825,1130287,43.00265492736825
AVD,2012-04-16,43.34771344837225,44.25915699147724,42.225380923162064,43.72703468188559,1274325,43.72703468188559
AVD,2012-04-17,43.73888285564036,44.172285702462375,42.50878882252758,43.6129601385632,822361,43.6129601385632
AVD,2012-04-18,42.906615242542365,44.02941643144553,42.56926087339678,42.608933271797056,502691,42.608933271797056
AVD,2012-04-19,42.351001457631725,43.51650176330918,41.55918835977372,41.97063597193338,1044515,41.97063597193338
AVD,2012-04-20,41.362401212363146,42.538730802591445,39.960826587733166,41.14255922986955,1265705,41.14255922986955
AVD,2012-04-23,40.49141183647344,41.06919314617024,39.442821035780746,40.736113661866014,614052,40.736113661866014
AVD,2012-04-24,40.32801382844083,41.43200846252442,39.33018392088113,39.94639696240676,54844,39.94639696240676
AVD,2012-04-25,40.42119036937557,41.314861118874695,39.132305431973705,40.08492922130573,822246,40.08492922130573
AVD,2012-04-26,39.46663282394351,39.91813751231852,39.23416526152497,39.734309018170386,1730045,39.734309018170386
AVD,2012-04-27,40.2631137230499,41.00025486959617,39.70092845297095,40.21583130508277,938971,40.21583130508277
AVD,2012-04-30,39.60756074900028,39.638852487665744,39.10386103396316,39.563631329562284,861062,39.563631329562284
AVD,2012-05-01,39.7312186136421,40.62224776429702,39.0909407461185,39.776934420878604,921564,39.776934420878604
AVD,2012-05-02,40.170627039572025,41.05466306039464,38.897349096614235,39.785281657059286,1512345,39.785281657059286
AVD,2012-05-03,39.745982830149096,41.0487126795721,39.25639612195591,40.09915838334537,675798,40.09915838334537
AVD,2012-05-04,40.619004453525676,40.829238331777994,40.171908113237706,40.51592472235541,1244812,40.51592472235541
AVD,2012-05-07,40.772570943065325,41.78732335791364,40.00312901911445,41.01430629272146,1288936,41.01430629272146
AVD,2012-05-08,41.67884181843743,41.90247800269048,41.03740849885054,41.65607160601039,316983,41.65607160601039
AVD,2012-05-09,42.32866380521737,43.530776798846205,41.890714091907064,42.09316034199645,613225,42.09316034199645
AVD,2012-05-10,42.13731991444241,43.20949027424155,41.06115184590981,42.35185169183687,949506,42.35185169183687
AVD,2012-05-11,41.80392239800376,42.01307810262839,41.233580305448584,41.89327275011131,1214487,41.89327275011131
AVD,2012-05-14,42.94751684833733,43.188493943818045,41.731768127704925,42.5637889051602,568633,42.5637889051602
AVD,2012-05-15,42.300588049034396,43.14253061797315,41.7053265629435,42.080523124429746,869692,42.080523124429746
AVD,2012-05-16,41.96192065031393,42.56198093639979,40.667592911475246,41.90097720039052,1456920,41.90097720039052
AVD,2012-05-17,41.0753614543417,42.21740320509035,40.66929860475849,41.30501952081131,859638,41.30501952081131
AVD,2012-05-18,40.64177709640481,41.04544720416696,39.547982186601,40.70258232801528,1416483,40.70258232801528
AVD,2012-05-21,40.73303495788822,41.53700429872221,39.37436968967836,40.51098507775977,133059,40.51098507775977
AVD,2012-05-22,40.638924709099605,40.854668837452564,40.04646199701138,40.380053774477254,1251522,40.380053774477254
AVD,2012-05-23,39.63601686723096,40.489346706115,39.20835473241318,39.83951215670803,318938,39.83951215670803
AVD,2012-05-24,40.0190488445834,41.16895570371023,39.764028584392584,39.88975799310647,722999,39.88975799310647
AVD,2012-05-25,39.71085955990115,40.78967079757438,39.138612122186295,40.035141812783,494623,40.035141812783
AVD,2012-05-28,39.308404823310276,39.74637151925184,38.7541851191569,39.68684884501784,247733,39.68684884501784
AVD,2012-05-29,41.398776557290546,42.626782841544575,40.99499571683025,41.35851493350701,1446521,41.35851493350701
AVD,2012-05-30,41.408738494472935,41.83421464589879,40.568220909707485,41.63826538995875,586024,41.63826538995875
AVD,2012-05-31,41.409949391982074,42.66128865575396,40.213507197551294,41.76165601000644,1787850,41.76165601000644
AVD,2012-06-01,41.49259203862731,42.15547358840345,40.348704710747405,41.30274125183018,1541730,41.30274125183018
AVD,2012-06-04,41.4377657272731,41.80538866630222,40.490515075518225,41.43944436592873,371539,41.43944436592873
AVD,2012-06-05,41.89898566291029,42.121859547514866,40.822036434962286,41.65217403047688,1703202,41.65217403047688
AVD,2012-06-06,41.822681863460005,42.045641546885896,41.61529390520821,41.68599827760108,689234,41.68599827760108
AVD,2012-06-07,42.97620267340583,44.0829254336375,42.52912116757953,42.779583481175806,507424,42.779583481175806
AVD,2012-06-08,41.390964922848006,42.63916534098792,41.31143993860083,41.55105233421213,916189,41.55105233421213
AVD,2012-06-11,41.1136785198738,41.88570098272119,41.111963573920654,41.309256512665804,1692249,41.309256512665804
AVD,2012-06-12,41.95367182281938,42.08409084830002,41.15798418330074,41.86920080056195,1163861,41.86920080056195
AVD,2012-06-13,41.0007945577449,42.34232308931377,40.05007631321519,41.24821609139547,203886,41.24821609139547
AVD,2012-06-14,40.42662362313443,41.01727658868029,39.64292009215211,40.17320133464103,1743726,40.17320133464103
AVD,2012-06-15,39.860230481952215,40.38490562102106,39.69989162777286,39.841966789730485,1014271,39.841966789730485
AVD,2012-06-18,40.396047867552355,41.114208138208944,39.74857822805546,40.61782939457033,185688,40.61782939457033
AVD,2012-06-19,40.132352492972004,40.571818817679464,39.43813976219054,40.03213745533855,664388,40.03213745533855
AVD,2012-06-20,40.1703894989777,40.80428475722343,38.782103512582594,39.81599865439278,1051197,39.81599865439278
AVD,2012-06-21,39.812575838322694,40.87627435347159,39.12038104870781,40.148138211848575,796393,40.148138211848575
AVD,2012-06-22,39.46394078884825,40.33127045674395,38.73819277297912,39.77470436661841,117713,39.77470436661841
AVD,2012-06-25,39.77336209665223,40.84324345900409,38.73343483506804,39.501717360713336,499257,39.501717360713336
AVD,2012-06-26,38.778939840060566,39.45657868927219,38.647826697093436,39.084113464300515,1555795,39.084113464300515
AVD,2012-06-27,38.371661987482085,39.40036113615536,37.28877696437553,38.72844752420951,1247535,38.72844752420951
AVD,2012-06-28,37.85977287351863,38.316995356649215,37.8281378336368,37.97527041966506,96811,37.97527041966506
AVD,2012-06-29,37.81114968686311,38.691464563824546,36.68616985460253,37.83634423884779,720469,37.83634423884779
AVD,2012-07-02,38.64055565514275,38.75893613580746,38.52398180487395,38.58696265743574,1333613,38.58696265743574
AVD,2012-07-03,39.71987156499401,39.94472456250862,39.17560688994922,39.7140731255962,499462,39.7140731255962
AVD,2012-07-04,40.97053013321308,41.95529952845863,40.27200543176175,40.63473721075006,375531,40.63473721075006
AVD,2012-07-05,40.98819148185207,41.21345962520827,39.774927763960804,40.76912421868279,445340,40.76912421868279
AVD,2012-07-06,42.422848910565385,43.219227191594115,41.58042820929039,42.01629066383676,675846,42.01629066383676
AVD,2012-07-09,43.77566423463098,45.071079371694886,43.62064279059089,43.79628753571759,380093,43.79628753571759
AVD,2012-07-10,43.60934024139229,44.664743912505685,42.4835391403982,43.97492169858715,726131,43.97492169858715
AVD,2012-07-11,43.645054402000454,43.89042224485807,42.11837309486308,43.2510111833548,580377,43.2510111833548
AVD,2012-07-12,43.86280831134418,44.728405155671766,42.94692380480105,44.3021857276477,721108,44.3021857276477
AVD,2012-07-13,43.64925765233624,44.72755766468769,42.31788041532178,43.409553558336455,623596,43.409553558336455
AVD,2012-07-16,42.372409927730935,43.22463479959739,41.24188756686539,42.77338299199157,1664947,42.77338299199157
AVD,2012-07-17,41.48231813770515,42.382705988850695,40.868487397886184,41.26672903320019,1513179,41.26672903320019
AVD,2012-07-18,42.202548386032305,43.186732995284736,40.84940189981855,41.836115108076456,916106,41.836115108076456
AVD,2012-07-19,40.107972530341925,40.801382024719544,39.70731181230798,40.19700060825276,547773,40.19700060825276
AVD,2012-07-20,40.73075566993938,41.904878589019525,40.56204386247421,40.9428685106624,313846,40.9428685106624
AVD,2012-07-23,42.07596882717187,42.70980010887567,41.63672700629781,42.30757815010022,477649,42.30757815010022
AVD,2012-07-24,43.647616775748645,44.33083420427812,42.49449091617552,43.65484807547524,596061,43.65484807547524
AVD,2012-07-25,42.44700502252178,43.60831653127947,41.90399437683806,42.728253465621904,455641,42.728253465621904
AVD,2012-07-26,41.52573613939225,41.73511697440462,40.6298185667423,41.38261549703341,302923,41.38261549703341
AVD,2012-07-27,40.84421084646898,41.288196922075436,40.0396259692162,40.95203562539168,1661439,40.95203562539168
AVD,2012-07-30,41.48110177023829,42.44267178645843,40.63305980514887,41.62837505812748,1575823,41.62837505812748
AVD,2012-07-31,42.52589953241823,43.39559359880472,42.43587078761607,42.55885236130532,856530,42.55885236130532
AVD,2012-08-01,43.134923200412615,43.773280353491906,42.765290229945975,43.09821429428448,122519,43.09821429428448
AVD,2012-08-02,43.22765954873627,44.57864360154971,42.104408859483804,43.539462829471105,1513286,43.539462829471105
AVD,2012-08-03,45.61933340791866,46.27906410678326,44.7163964075085,45.430557299843045,965131,45.430557299843045
AVD,2012-08-06,45.43377709859977,46.635031079364985,44.16623940780444,45.08844729597521,1044256,45.08844729597521
AVD,2012-08-07,44.31515553140483,45.495517785311186,44.28582551808049,44.51280402922605,306788,44.51280402922605
AVD,2012-08-08,43.34810114416999,44.03884821836148,43.31952907508997,43.62697269213082,314541,43.62697269213082
AVD,2012-08-09,44.22905820185026,44.7535095782236,43.101603691027904,43.999814395994484,1125346,43.999814395994484
AVD,2012-08-10,43.62115191467516,44.77831917921888,42.77330474915082,43.89899592626002,874654,43.89899592626002
AVD,2012-08-13,44.17232586795452,45.77763249810415,43.6414816825414,44.581355200802406,262793,44.581355200802406
AVD,2012-08-14,44.372673710640555,44.6105672392054,43.5756155773086,44.26710267304557,1716601,44.26710267304557
AVD,2012-08-15,44.56669908164924,45.49158715597886,43.514614182505426,44.79988119425913,781997,44.79988119425913
AVD,2012-08-16,44.24412029843679,44.69515536044888,43.79337735036755,44.53644827336902,1147609,44.53644827336902
AVD,2012-08-17,44.875727160630255,45.25194975974359,43.55971376998576,44.44760538827748,1299686,44.44760538827748
AVD,2012-08-20,44.24814638755898,45.34751661819549,43.78847429535714,44.433108101404734,1439195,44.433108101404734
AVD,2012-08-21,43.50621802668811,43.607676226368056,42.36001020695447,43.15798206105263,1034584,43.15798206105263
AVD,2012-08-22,42.81184761017462,43.945367341037674,42.42681055999672,43.08915322822649,65950,43.08915322822649
AVD,2012-08-23,43.83439849711967,45.018993906504264,43.122442723749394,43.55652777090048,1299180,43.55652777090048
AVD,2012-08-24,42.8430880362683,44.08901253780372,42.21006435083139,42.841358210999246,670369,42.841358210999246
AVD,2012-08-27,43.974263431323386,44.636249657445326,43.58474818844688,44.34803329552644,98787,44.34803329552644
AVD,2012-08-28,44.597989538320896,45.59996983534294,43.67275041067672,44.390591992771235,925200,44.390591992771235
AVD,2012-08-29,44.28542882400461,45.51617020112891,42.77573843146596,43.94086793900861,1551954,43.94086793900861
AVD,2012-08-30,43.179355103148055,43.59150507220974,42.119871367434335,43.47234392903557,664438,43.47234392903557
AVD,2012-08-31,44.77604062569179,45.332190763103036,43.566633217087976,44.57492725286995,1194127,44.57492725286995
AVD,2012-09-03,43.92118463344474,45.182284671686894,42.68686177736466,43.96950490408637,545902,43.96950490408637
AVD,2012-09-04,44.46453216859756,44.735037705783796,43.856854010484575,44.23990805838122,1729214,44.23990805838122
AVD,2012-09-05,45.166019396928704,46.43124699161023,44.120075095580816,44.97359720945806,1226519,44.97359720945806
AVD,2012-09-06,45.02468746835512,46.17396207555433,43.80027255994847,45.45505572645906,1365706,45.45505572645906
AVD,2012-09-07,44.75602446551468,45.18045960804227,44.51428570290598,45.0454676893871,1701349,45.0454676893871
AVD,2012-09-10,45.73062687216177,46.374694078398115,45.29662623576767,45.75714108281589,266415,45.75714108281589
AVD,2012-09-11,46.32135202824289,46.77473781889445,45.168445118750064,45.92311215253481,1304404,45.92311215253481
AVD,2012-09-12,44.44893870336606,44.967279506624564,43.44540434886098,44.58977688993209,181307,44.58977688993209
AVD,2012-09-13,45.71964899128267,46.462331188942414,44.44164560965295,45.60211094548973,1237641,45.60211094548973
AVD,2012-09-14,44.71004236458229,45.80567249849704,43.98355897961082,45.150636958026254,796440,45.150636958026254
AVD,2012-09-17,45.2405447572389,45.89467846292826,44.89522658463713,45.050318057913344,720196,45.050318057913344
AVD,2012-09-18,45.42991277306856,45.55004090773901,44.23259933955012,45.33645777422545,1000510,45.33645777422545
AVD,2012-09-19,45.145990984742966,46.232634465769365,44.37064769959525,44.95234102265575,1513100,44.95234102265575
AVD,2012-09-20,45.96531503990791,46.629200333995705,45.54388525040707,45.59629454982395,1426307,45.59629454982395
AVD,2012-09-21,44.43975367213777,45.85839911687023,43.9559601712629,44.75618082556596,1780667,44.75618082556596
AVD,2012-09-24,44.13229546538784,45.440703827333955,43.39082620539386,44.34373562387986,125108,44.34373562387986
AVD,2012-09-25,45.802147186944424,46.23791155175051,44.96655421443183,45.352449628171115,1558384,45.352449628171115
AVD,2012-09-26,45.100123903776584,45.418223911672854,44.862777176145144,45.41230264175633,795493,45.41230264175633
AVD,2012-09-27,44.809422945057335,46.03439473409962,44.06452460997063,44.612568197560016,881498,44.612568197560016
AVD,2012-09-28,44.91485944211054,45.93985429866038,44.54165542169085,44.71358044549112,462209,44.71358044549112
AVD,2012-10-01,45.23576273156507,45.38131145370594,44.41447694108943,45.07080920711151,1111061,45.07080920711151
AVD,2012-10-02,43.626595657892096,44.789168693616496,43.404137978062614,43.865715931564125,1167712,43.865715931564125
AVD,2012-10-03,44.946428093707716,45.23112345295683,44.881731180878106,45.20396951616117,1313533,45.20396951616117
AVD,2012-10-04,46.849546645678906,46.88856163992778,45.99553220295398,46.69420337247867,620552,46.69420337247867
AVD,2012-10-05,46.54012740292074,47.57280298300326,45.98862928850291,46.834010646951064,515284,46.834010646951064
AVD,2012-10-08,46.860711975801934,46.99572344511216,46.162529664308295,46.709780221453016,1144182,46.709780221453016
AVD,2012-10-09,46.762511020871585,48.12254610054122,46.45589138287869,46.7694999911466,348490,46.7694999911466
AVD,2012-10-10,47.44571609032391,48.82868523541997,47.19373071576698,47.553540064010654,1202441,47.553540064010654
AVD,2012-10-11,47.78487535047269,48.9118309891919,46.390363574382064,47.9765586385558,740671,47.9765586385558
AVD,2012-10-12,48.65316416005858,48.74615345055853,47.83577335820192,48.221507471373485,959448,48.221507471373485
AVD,2012-10-15,49.46285685658934,49.944875252355864,49.134109894926674,49.45485144376321,1054508,49.45485144376321
AVD,2012-10-16,50.55719916200208,51.120997371149045,50.04153286532944,50.4953403880735,1271910,50.4953403880735
AVD,2012-10-17,50.13742765097798,50.86072999030826,49.264146405382135,49.690948432237185,627454,49.690948432237185
AVD,2012-10-18,50.674398369662875,50.931169915358396,49.06610515455829,50.51892403877808,1399795,50.51892403877808
AVD,2012-10-19,52.07313019477463,52.975315363705924,50.73688575897486,51.6006202932678,479598,51.6006202932678
AVD,2012-10-22,51.491200603058296,52.578282432342064,51.21033615916141,51.89979027530342,1439395,51.89979027530342
AVD,2012-10-23,52.860829040321676,54.36307612529146,52.392946490089315,52.4968790637644,939878,52.4968790637644
AVD,2012-10-24,52.086557510369374,53.726304386280816,50.88252660630794,52.258577458569434,1627670,52.258577458569434
AVD,2012-10-25,51.5227588009955,52.39680214727229,50.55837279248381,51.20478983166389,1017162,51.20478983166389
AVD,2012-10-26,53.361105338044815,54.39260112181352,52.67322017292492,52.98424259460734,1390077,52.98424259460734
AVD,2012-10-29,51.55560682508676,52.00641415316534,51.172663598557314,51.79231023093539,1419597,51.79231023093539
AVD,2012-10-30,53.30042303639661,53.755536912702006,52.691023496747206,53.39778790445033,1151731,53.39778790445033
AVD,2012-10-31,53.62425863012651,55.07326450373838,51.811397513523254,53.382952359945385,370195,53.382952359945385
AVD,2012-11-01,54.180226761457426,55.76381959820018,53.73142892761329,54.61820398824961,1223079,54.61820398824961
AVD,2012-11-02,54.96750019382596,55.27987532600219,54.31598032301584,54.68800779546691,123147,54.68800779546691
AVD,2012-11-05,55.21478662544305,56.600254467028876,54.75570246479899,55.648317148419075,177117,55.648317148419075
AVD,2012-11-06,56.604973378384976,58.192337449358014,55.74520400606993,56.13962558575698,1780840,56.13962558575698
AVD,2012-11-07,55.28076262299543,56.1041682408725,54.336978861092376,55.529156430393016,147486,55.529156430393016
AVD,2012-11-08,55.793519908981715,56.10454709361227,55.69884628784818,55.70928819294507,1755643,55.70928819294507
AVD,2012-11-09,55.191692986940886,57.18934690895437,54.8121732419085,55.617552694609984,1543388,55.617552694609984
AVD,2012-11-12,56.04148253971808,57.08012959083649,55.33314062588601,56.301038033042566,779405,56.301038033042566
AVD,2012-11-13,56.38255456476077,57.198181594727814,56.27124063503031,56.49106820854991,858722,56.49106820854991
AVD,2012-11-14,56.81178767644973,57.28265429915903,56.65532518303803,56.826507018451125,1445595,56.826507018451125
AVD,2012-11-15,55.297752210547124,57.350257244278666,54.990131476362514,55.856239199245735,593599,55.856239199245735
AVD,2012-11-16,55.08366336667754,56.48105344641445,53.94335696987171,54.658794259602274,1671039,54.658794259602274
AVD,2012-11-19,54.23538709332565,55.43693731701751,53.46595131484713,54.77472664789132,839152,54.77472664789132
AVD,2012-11-20,55.29944952737917,55.35023645317525,53.890805441627826,54.99840523732382,1566196,54.99840523732382
AVD,2012-11-21,54.00305972509402,54.758897367806206,52.789413288019034,54.03485500919474,1704149,54.03485500919474
AVD,2012-11-22,54.65611565114646,54.95266555126555,53.83082998084665,54.6300243243219,951498,54.6300243243219
AVD,2012-11-23,54.951623853921994,55.51081634993273,54.25557651948192,55.2741312979099,1569220,55.2741312979099
AVD,2012-11-26,55.59409707389231,56.24970760645755,54.2176756987182,55.47497194941864,1519264,55.47497194941864
AVD,2012-11-27,55.580195545487385,55.74539701203725,55.40988009265187,55.53883920515412,73802,55.53883920515412
AVD,2012-11-28,53.993363044938434,55.9197814418591,53.27623507022568,54.35839444190172,1111297,54.35839444190172
AVD,2012-11-29,52.908732843201214,53.26316218132158,52.15717274594018,53.18730774857609,1562179,53.18730774857609
AVD,2012-11-30,53.141340141052225,54.2511391677183,52.241612170060606,53.60566855133108,1790534,53.60566855133108
AVD,2012-12-03,52.41593994264813,53.13267668917321,50.93477759082929,52.8745915218902,995736,52.8745915218902
AVD,2012-12-04,51.710360978724594,53.29720931540537,51.527928895353675,52.21815561215528,743531,52.21815561215528
AVD,2012-12-05,52.227772987224256,52.645573168580974,51.15761687251535,52.52139455199859,1517874,52.52139455199859
AVD,2012-12-06,54.686737100268694,55.58382748071997,53.906458758609176,54.49093892089777,548370,54.49093892089777
AVD,2012-12-07,53.9584755367968,55.413620294234306,53.32300693565031,54.15754199348554,141402,54.15754199348554
AVD,2012-12-10,56.024582055885986,57.80319243673827,55.3262134974896,56.20135299214099,1624803,56.20135299214099
AVD,2012-12-11,55.76127811102357,57.352021195995064,54.96787129677466,56.174831158709715,1392709,56.174831158709715
AVD,2012-12-12,56.87156838446557,57.04131595340574,55.39137588735874,56.78585505657436,1171827,56.78585505657436
AVD,2012-12-13,57.623240125073444,57.95925007494915,56.37962528122767,57.80574019798041,289351,57.80574019798041
AVD,2012-12-14,59.12732251730602,60.425045530374284,58.078513598963596,58.919552374621375,1332147,58.919552374621375
AVD,2012-12-17,59.61123814799689,59.99631972125474,58.94983152924285,59.32474770658787,511538,59.32474770658787
AVD,2012-12-18,59.23666638246378,60.031455354022725,58.12879209630252,59.13649758221664,850886,59.13649758221664
AVD,2012-12-19,59.78999662906852,61.81862325859757,58.36207259297304,60.05897732127148,609811,60.05897732127148
AVD,2012-12-20,60.57310483151456,62.06303384506825,58.905582743739664,60.56267860381959,1391527,60.56267860381959
AVD,2012-12-21,59.852917180088085,61.67906315437223,59.24782394513389,60.151351125507624,592755,60.151351125507624
AVD,2012-12-24,62.21628960385249,63.82290689409776,60.651217105098866,61.71894252132623,1660041,61.71894252132623
AVD,2012-12-25,62.6050055837164,63.768604768046664,60.639252125944886,62.27323155376611,193359,62.27323155376611
AVD,2012-12-26,61.50080846689548,62.882180677444914,60.900191964988935,61.50941251914951,885099,61.50941251914951
AVD,2012-12-27,61.19415695371275,61.85314627022411,59.1884169786635,60.62974598654249,1242486,60.62974598654249
AVD,2012-12-28,62.87479449106996,64.75810753025453,61.89080439507073,62.816054637142216,1523857,62.816054637142216
AVD,2012-12-31,62.11326711936055,62.849844888390535,60.82041917032029,62.3270045214199,1596666,62.3270045214199
AVD,2013-01-01,62.70398163820866,64.33436311092234,62.575482489845534,63.21543585617625,1070420,63.21543585617625
AVD,2013-01-02,63.74833930312781,64.28776821034869,62.21804330878781,63.69261381390499,1415979,63.69261381390499
AVD,2013-01-03,65.02716944333181,65.24579933916567,63.43825373648622,64.5617866357936,1584604,64.5617866357936
AVD,2013-01-04,67.324522378081,68.47089569486873,66.75311778160975,66.83433433638059,1016371,66.83433433638059
AVD,2013-01-07,68.22220587272096,68.94539264578142,66.68839554374074,68.07982771503241,349016,68.07982771503241
AVD,2013-01-08,69.00383428411293,70.36112117948873,68.26810124962203,69.15121160998287,1085741,69.15121160998287
AVD,2013-01-09,69.17901075871991,70.3384754891561,67.55789230695996,68.97168696046104,299912,68.97168696046104
AVD,2013-01-10,68.58516406728336,69.70088706933035,66.40716901666603,68.22746065275982,584810,68.22746065275982
AVD,2013-01-11,71.1383408336808,71.52790984011959,70.34347067650823,71.26430079263181,1212684,71.26430079263181
AVD,2013-01-14,71.2400797097443,72.21513127903627,71.06062210616298,71.27392888283708,1783068,71.27392888283708
AVD,2013-01-15,71.45926892447328,73.20002516067018,70.032708081998,71.20206384747688,1139001,71.20206384747688
AVD,2013-01-16,72.1677642768693,72.85006032186493,70.82489654521106,71.6281854226721,668161,71.6281854226721
AVD,2013-01-17,72.35191706793827,73.31527887582916,71.08925436497034,71.93325061866744,240427,71.93325061866744
AVD,2013-01-18,73.34009622094516,75.14441836666248,72.05317489624836,74.04740986153197,626081,74.04740986153197
AVD,2013-01-21,74.25873643567607,76.75734014589939,73.40081776560218,74.82083191020644,1365745,74.82083191020644
AVD,2013-01-22,73.6920747789407,75.1414499955065,71.54977914787614,73.1757784199017,319908,73.1757784199017
AVD,2013-01-23,72.87581530017438,73.09488554281678,71.04172844258046,72.39248998545108,773008,72.39248998545108
AVD,2013-01-24,72.30824315201315,74.35035808208669,71.09849483994988,72.46940527793622,1455782,72.46940527793622
AVD,2013-01-25,73.98129126505725,75.82801072357378,73.55548480059068,73.8568013097299,745752,73.8568013097299
AVD,2013-01-28,72.54937683586226,74.18967322328194,70.5583207553906,71.96524218684638,340951,71.96524218684638
AVD,2013-01-29,73.25635670732187,74.28060808041005,71.86298409182515,72.65829367712222,1042241,72.65829367712222
AVD,2013-01-30,74.08296342646015,75.76659963462005,71.92751886406847,73.66587776700942,1378733,73.66587776700942
AVD,2013-01-31,74.45173371987653,75.96223448012691,72.78230933467697,74.88669219554131,1372031,74.88669219554131
AVD,2013-02-01,75.19100993333844,76.85263395794018,74.05687977225496,74.84629364094495,735987,74.84629364094495
AVD,2013-02-04,75.70214033906699,78.32581282622616,75.16233092199609,76.31095150273758,130483,76.31095150273758
AVD,2013-02-05,75.88066444129264,77.907911057062,74.07261621380955,75.28749167158657,761873,75.28749167158657
AVD,2013-02-06,76.0827970174501,77.66534488255199,74.56517277324316,76.62044450998327,383940,76.62044450998327
AVD,2013-02-07,76.85275646345968,78.83404207310664,76.39781847692201,76.6040252768445,335450,76.6040252768445
AVD,2013-02-08,76.89812621888503,77.13218269244862,74.73969245914684,76.72894920707442,1797763,76.72894920707442
AVD,2013-02-11,77.2645472134495,77.5005581491391,76.19521201458372,76.8390132867052,401230,76.8390132867052
AVD,2013-02-12,77.87333514650783,79.15419641760273,77.07001046228608,77.79308768323875,1715015,77.79308768323875
AVD,2013-02-13,75.68582956965548,77.85166106451348,74.98250801499067,76.35844580535628,1765363,76.35844580535628
AVD,2013-02-14,77.94747416314046,78.30523851514639,77.47749074111157,77.62788597240474,1590574,77.62788597240474
AVD,2013-02-15,78.71397034564251,80.01597536581932,78.07211372799483,78.89834859261195,1788014,78.89834859261195
AVD,2013-02-18,78.26612461060944,78.77081254977259,76.62621103306773,78.54845130722782,1228004,78.54845130722782
AVD,2013-02-19,79.39358939506324,80.8276745749932,77.09541895254146,78.62047721311508,527279,78.62047721311508
AVD,2013-02-20,77.64540491792155,79.63722859971881,76.08951238461117,77.50527574216683,1685824,77.50527574216683
AVD,2013-02-21,76.32171165511383,78.01064773211391,73.7916154113993,76.00141271004529,1424461,76.00141271004529
AVD,2013-02-22,76.3733183532726,77.24005978819362,76.13506638314047,76.333127226071,279789,76.333127226071
AVD,2013-02-25,77.08902571977737,79.38734358625081,74.54396129590131,76.67502254547726,863639,76.67502254547726
AVD,2013-02-26,76.67169310737695,78.19654351934969,75.6000405069241,76.28709517210935,788674,76.28709517210935
AVD,2013-02-27,74.9237380676165,76.75618187248259,74.0843762426277,74.68899635439364,1379394,74.68899635439364
AVD,2013-02-28,76.10950552267789,77.63861563257598,75.0059882121766,75.35931400941095,1279438,75.35931400941095
AVD,2013-03-01,74.8857249542788,77.1705747631478,73.88232121582861,74.94599122311315,1718992,74.94599122311315
AVD,2013-03-04,74.33180926022284,76.1634039867484,73.41640347421698,74.02653515781155,1737904,74.02653515781155
AVD,2013-03-05,76.22883840517552,77.41668926140096,74.19240251023794,75.77754077083341,177401,75.77754077083341
AVD,2013-03-06,74.36552578163551,75.37088901219441,73.79793241776376,74.55035891950125,196389,74.55035891950125
AVD,2013-03-07,75.294139275598,76.90087265205017,73.81103086785492,75.3586839468704,865613,75.3586839468704
AVD,2013-03-08,74.14498308540627,75.45784266632528,73.24161057976309,73.4557226732591,979284,73.4557226732591
AVD,2013-03-11,71.01031566668652,73.03420223959196,69.22806000899647,71.68083103821458,287819,71.68083103821458
AVD,2013-03-12,72.11849287843678,73.1014200588619,70.6380963329183,72.35684260729855,255468,72.35684260729855
AVD,2013-03-13,71.97208729394148,72.91788810665264,70.88984903032956,71.9919384052636,365138,71.9919384052636
AVD,2013-03-14,69.88072669298799,71.766292704148,69.41081491435841,70.58450361294575,1643266,70.58450361294575
AVD,2013-03-15,72.41328497142743,74.2365430160821,71.29843376828492,71.83982058488978,728636,71.83982058488978
AVD,2013-03-18,72.06561659168625,74.03149456903854,70.35921133816971,72.37502794183362,1695642,72.37502794183362
AVD,2013-03-19,69.43174857359651,70.01820456322326,67.64923221506325,69.76984650705903,699177,69.76984650705903
AVD,2013-03-20,71.47754009794424,72.00408851050369,69.53951730230688,71.02253254525209,1453777,71.02253254525209
AVD,2013-03-21,69.45331633755906,69.81887960442442,68.37766675121091,69.76308784823432,837484,69.76308784823432
AVD,2013-03-22,67.96556237950503,67.98179371386428,66.81497793535551,67.75197753069743,1638264,67.75197753069743
AVD,2013-03-25,67.26653134067737,67.71932012676993,65.69212879803712,66.83676672805117,636268,66.83676672805117
AVD,2013-03-26,67.23685385183948,68.8491686247,66.17020596911031,66.84583666006154,1708347,66.84583666006154
AVD,2013-03-27,67.37338130670437,69.2020585755203,65.84506134758914,66.9955921743475,599987,66.9955921743475
AVD,2013-03-28,64.61213575808156,65.91381482428785,64.5081018391984,65.14812558325461,870543,65.14812558325461
AVD,2013-03-29,63.0654586204834,64.67447347720798,61.667238464377334,63.59989237333798,525705,63.59989237333798
AVD,2013-04-01,62.564097511339284,64.13716828114283,61.86470370200409,62.80682070574768,1324578,62.80682070574768
AVD,2013-04-02,61.51727807001209,63.86870841666224,60.80006892766451,62.09357113499812,172378,62.09357113499812
AVD,2013-04-03,62.98905229370011,64.71419438677209,61.630934770058175,62.98851092443134,131798,62.98851092443134
AVD,2013-04-04,62.453886966759,62.69297191556819,61.3516151287666,62.585589494917315,512668,62.585589494917315
AVD,2013-04-05,63.53854298712105,64.01158587002169,62.25803011628037,63.46615867484022,517944,63.46615867484022
AVD,2013-04-08,64.50069703845509,64.85679135398807,62.89946541559543,64.7613114005465,1789627,64.7613114005465
AVD,2013-04-09,65.43763427014193,66.66698134618112,64.41149732892985,65.4562840706845,546065,65.4562840706845
AVD,2013-04-10,61.850657830130395,63.37846466070267,60.712597536450915,62.05575860850324,752557,62.05575860850324
AVD,2013-04-11,61.40120629950937,62.34914580348778,59.88763714089211,61.77779373170379,283301,61.77779373170379
AVD,2013-04-12,61.834812390472955,63.4187455669329,60.63318391599049,61.650641356683636,364548,61.650641356683636
AVD,2013-04-15,61.859112444656084,62.69943028997845,60.576064587893434,61.645282342331804,1683600,61.645282342331804
AVD,2013-04-16,59.8658713513636,61.65894073163492,57.92441377759438,59.47425515735387,175210,59.47425515735387
AVD,2013-04-17,59.16951345225152,59.17022294073274,57.19859165513963,58.7293349920177,1036432,58.7293349920177
AVD,2013-04-18,57.619758172309844,57.80902128795286,56.77826215425023,57.385096848629686,1772937,57.385096848629686
AVD,2013-04-19,56.71606867503807,57.22956446379757,56.00679782942945,56.50418016162375,602984,56.50418016162375
AVD,2013-04-22,55.79692522283025,56.339152938740845,55.69846667147081,56.296073610380056,1120895,56.296073610380056
AVD,2013-04-23,55.179031699239474,56.918307816403306,53.66768578545036,55.61305910138697,1397843,55.61305910138697
AVD,2013-04-24,55.17318930286154,55.26053693812373,53.379389324564876,54.83043034445433,1542957,54.83043034445433
AVD,2013-04-25,54.394944222919584,55.91581031623807,52.84765522246444,54.68702625023319,461527,54.68702625023319
AVD,2013-04-26,54.10490832185519,54.347227441616056,53.345646185771194,54.26165389611533,994624,54.26165389611533
AVD,2013-04-29,54.11403975919538,54.91388456009346,53.5015986177958,54.50067039953848,808996,54.50067039953848
AVD,2013-04-30,53.81567751096248,55.51235058111901,52.85268382435235,54.145802336003726,72642,54.145802336003726
AVD,2013-05-01,53.005552509456116,54.51795245626255,52.395570512764046,52.71517913148733,996875,52.71517913148733
AVD,2013-05-02,51.563584182436585,52.45464950523207,51.0789371822559,51.81034689689777,1728083,51.81034689689777
AVD,2013-05-03,51.503862339346696,53.056611065669756,51.48198414903661,51.55641382674625,135639,51.55641382674625
AVD,2013-05-06,50.838662664421896,52.1581196226731,49.52381468066189,51.19531856485169,1032748,51.19531856485169
AVD,2013-05-07,50.15618851856935,50.781889662371,48.56642123104774,49.97833570676656,387423,49.97833570676656
AVD,2013-05-08,50.85362475868161,52.0783855077389,49.52117524155346,50.62251300697619,215522,50.62251300697619
AVD,2013-05-09,50.80559731548423,51.397902065576034,49.31046509258116,50.94652322625508,1311952,50.94652322625508
AVD,2013-05-10,50.740851121033735,51.145452976819925,50.351521975662294,50.45352169925486,1316276,50.45352169925486
AVD,2013-05-13,50.0900751927156,51.343754246736374,49.04412178009338,50.35199959586167,162033,50.35199959586167
AVD,2013-05-14,49.64193831231464,50.223474798351404,48.788138646446356,49.4521371899973,282412,49.4521371899973
AVD,2013-05-15,50.47679583542159,50.68261703031524,49.21777911849838,50.24570120251731,1567786,50.24570120251731
AVD,2013-05-16,52.64756583121367,52.75333095078655,50.97854618891078,52.15867487529382,1384127,52.15867487529382
AVD,2013-05-17,51.33773900780559,52.83397089156257,50.03226865057398,51.61405831144083,775548,51.61405831144083
AVD,2013-05-20,52.35755541980832,53.85685595079698,51.29003605006159,52.78648735193728,1097614,52.78648735193728
AVD,2013-05-21,51.78987917826699,52.67935139234773,51.1923569644144,52.03649530095721,1736307,52.03649530095721
AVD,2013-05-22,51.20637604031423,52.9827893755237,51.16278077470303,51.595548678207024,474312,51.595548678207024
AVD,2013-05-23,52.613266705249714,53.61595528579542,51.915760065069634,52.96314728501561,691089,52.96314728501561
AVD,2013-05-24,52.72197575262226,54.02465931096842,51.982880714025804,52.89747421927125,968646,52.89747421927125
AVD,2013-05-27,53.49692599708498,55.050669514650686,51.948612109272574,53.589109182377165,886329,53.589109182377165
AVD,2013-05-28,53.81262435130565,55.169857506280046,53.12552239527391,53.38159548517316,246557,53.38159548517316
AVD,2013-05-29,51.440998505704535,52.549656439448015,49.966969103660716,51.75607315364575,400215,51.75607315364575
AVD,2013-05-30,54.4909052684688,55.60356006396142,53.82972747821199,53.98157937636472,379410,53.98157937636472
AVD,2013-05-31,54.15640597822014,54.82848553053243,53.07764549581061,53.82254129924554,506418,53.82254129924554
AVD,2013-06-03,54.43021944371645,55.48703196705609,52.6705568783826,54.018092308668855,635754,54.018092308668855
AVD,2013-06-04,53.829609584028354,54.245528000134776,52.49331946235288,53.37121067107132,529521,53.37121067107132
AVD,2013-06-05,54.43224731490311,55.14216702255035,54.14979794215076,54.15794684900815,185195,54.15794684900815
AVD,2013-06-06,55.20202997974759,55.54905048242435,53.74081956619474,54.885036149794914,511982,54.885036149794914
AVD,2013-06-07,53.37817545195961,53.505864460947635,52.20832831248573,53.444641028288416,290784,53.444641028288416
AVD,2013-06-10,53.6642091388697,54.61171490770478,52.23334664103254,53.65299541100713,1117474,53.65299541100713
AVD,2013-06-11,55.008814580490046,56.43535158778013,53.87796423822146,54.53708469352431,484283,54.53708469352431
AVD,2013-06-12,55.61704974891245,55.79558304201551,54.097414529738245,55.7528012281907,1406666,55.7528012281907
AVD,2013-06-13,55.924338574693884,56.77332735779396,55.53176324678681,56.44140155837735,429318,56.44140155837735
AVD,2013-06-14,57.52788568317032,58.32208988765467,57.08847373349518,57.227151980150005,1348634,57.227151980150005
AVD,2013-06-17,56.8170927940362,57.95212243104959,56.618125408695285,56.73408230821129,386648,56.73408230821129
AVD,2013-06-18,55.9158405281106,56.20307325672068,54.07882968109119,55.5659131207629,1029933,55.5659131207629
AVD,2013-06-19,54.840800183944864,55.404402446407175,54.11404320497464,55.31032815854943,1237640,55.31032815854943
AVD,2013-06-20,54.28105722193232,55.12629261636944,52.683024913506095,54.14976354955421,1219708,54.14976354955421
AVD,2013-06-21,53.22523808443596,54.80907882385963,52.541851801462144,53.49516840462455,367317,53.49516840462455
AVD,2013-06-24,53.260686327526116,53.316985391106705,52.54129342599996,52.83455598487093,584413,52.83455598487093
AVD,2013-06-25,51.604743640924355,52.55564597064883,50.88917703544479,52.010519373654994,727790,52.010519373654994
AVD,2013-06-26,52.907526675956206,53.960674394583066,52.345286023571944,52.54698158085935,648453,52.54698158085935
AVD,2013-06-27,51.23663908640173,51.86439017201174,50.93179290133693,51.66175931048069,1369946,51.66175931048069
AVD,2013-06-28,52.90109336265957,53.78641484986094,51.752951864163634,53.40836887500622,1509012,53.40836887500622
AVD,2013-07-01,54.10759352699366,55.26968370624484,53.50716526726287,54.39582675386385,841134,54.39582675386385
AVD,2013-07-02,55.41201534082299,57.187585614482984,53.76197650657841,55.597662004490246,1492433,55.597662004490246
AVD,2013-07-03,55.11301918513606,55.58810876209532,53.97784557079406,54.97390357511479,348086,54.97390357511479
AVD,2013-07-04,54.80994962840468,56.02423720064402,53.556928683847254,55.2166482960769,264800,55.2166482960769
AVD,2013-07-05,54.18956717684012,54.908552039999044,54.0873380369655,54.25757369176913,1745205,54.25757369176913
AVD,2013-07-08,54.191122980101994,55.98116434042196,53.22444386437109,54.51355583287356,1364595,54.51355583287356
AVD,2013-07-09,53.26202973053228,53.37689973279275,52.33736005223469,52.886216760947825,1009106,52.886216760947825
AVD,2013-07-10,53.442728754170574,54.84959093696592,53.01301972946898,53.93356027962369,779790,53.93356027962369
AVD,2013-07-11,53.216348467286224,54.724846205018366,52.85428445020014,53.370120886121484,1560176,53.370120886121484
AVD,2013-07-12,53.84393598848196,55.44006017553553,53.27714416309848,53.7028327835086,721437,53.7028327835086
AVD,2013-07-15,54.66274857594635,55.808576261785475,53.05870435916908,54.21483839958903,962229,54.21483839958903
AVD,2013-07-16,54.13005449294142,54.74703233299034,53.22850452117468,53.73457508886237,1757548,53.73457508886237
AVD,2013-07-17,53.44870642248165,54.10905078996811,52.31209420685432,53.029569192824724,646886,53.029569192824724
AVD,2013-07-18,52.500413207795035,53.52225864505156,51.86627016378853,52.9634693312607,551434,52.9634693312607
AVD,2013-07-19,54.132445708039874,55.11269730865872,52.15418376505292,53.76584516227861,1592650,53.76584516227861
AVD,2013-07-22,53.97394841983443,55.17120788773667,52.479114156957486,53.673470827459894,400384,53.673470827459894
AVD,2013-07-23,54.73172160199279,56.07724771855918,54.18181801588001,54.294723301092354,1165574,54.294723301092354
AVD,2013-07-24,54.90096502753059,55.79737694070096,53.73169978385139,55.10864054267836,1546906,55.10864054267836
AVD,2013-07-25,55.422550667409396,56.61420506581583,54.043091088727074,54.969857284874635,1269227,54.969857284874635
AVD,2013-07-26,54.80171550587881,56.41788828844259,53.464565674641655,54.908632403282226,651798,54.908632403282226
AVD,2013-07-29,55.23906080500872,56.765025709351384,53.66764094914473,55.09130626809358,935246,55.09130626809358
AVD,2013-07-30,56.17644219937154,57.450055960665,54.84281734105644,56.261758665341034,1395644,56.261758665341034
AVD,2013-07-31,55.889978048111324,57.04041080027256,55.1415788183711,55.970969798320716,970423,55.970969798320716
AVD,2013-08-01,57.208730299259834,58.12096825631186,57.01658059110914,57.155419132133915,1432888,57.155419132133915
AVD,2013-08-02,57.29776539540019,57.779158575601244,56.1395469559941,57.46334405648837,910892,57.46334405648837
AVD,2013-08-05,57.10349582254716,57.31528638308005,55.6187891441284,56.77111570707913,618198,56.77111570707913
AVD,2013-08-06,56.930384295578946,57.75993572377231,56.036202833275446,56.778627815182276,133400,56.778627815182276
AVD,2013-08-07,55.92742149608604,56.194940511965115,54.640781798122234,55.71597295851352,1633521,55.71597295851352
AVD,2013-08-08,54.163363413933496,55.3989388469381,54.01779836946051,54.456300408303555,1116970,54.456300408303555
AVD,2013-08-09,55.60777685286161,56.68495965305782,54.06215717543042,55.090395089527235,908865,55.090395089527235
AVD,2013-08-12,56.09900755798386,56.98360295931999,55.06503499159595,55.919867036187064,612685,55.919867036187064
AVD,2013-08-13,55.59736214834019,55.99724295700888,54.81909239949839,55.93611589262809,1646738,55.93611589262809
AVD,2013-08-14,56.31278439209838,56.41030905502132,55.66573882472699,56.032074631764424,1259521,56.032074631764424
AVD,2013-08-15,55.15111954775657,55.70214281698409,54.429587277674685,55.5133842349381,1610679,55.5133842349381
AVD,2013-08-16,55.24196524026947,55.98547823452564,53.98104821494254,55.72860424671474,73670,55.72860424671474
AVD,2013-08-19,57.792990039844135,59.50923832098971,56.24317427135363,57.76115971753334,1240599,57.76115971753334
AVD,2013-08-20,58.9134177985054,59.52227916424422,58.74055983400644,58.85041965522417,245141,58.85041965522417
AVD,2013-08-21,58.4569354908421,59.3380953586096,58.10893491420077,58.82285414346529,760712,58.82285414346529
AVD,2013-08-22,58.52699221985672,58.797059935220986,56.81150499377822,58.705010533304716,1769704,58.705010533304716
AVD,2013-08-23,58.8878661968214,60.01024606158557,58.05499023592439,58.367497432402,991967,58.367497432402
AVD,2013-08-26,56.73742832918196,58.09735202522611,56.040575479397845,56.982449177198696,1701769,56.982449177198696
AVD,2013-08-27,56.15895040339772,56.84613330976687,55.348398559593875,56.54849254234079,1129412,56.54849254234079
AVD,2013-08-28,57.83921026984961,59.43425641307918,55.57774409368342,57.274980735972875,1765624,57.274980735972875
AVD,2013-08-29,56.16736668953263,57.74453060656354,55.79811802253523,56.39032780169434,57188,56.39032780169434
AVD,2013-08-30,56.36393540068374,56.75338649350578,54.810333768933845,56.1614691785096,719495,56.1614691785096
AVD,2013-09-02,54.81686018246278,55.91604474365536,54.369523708362486,55.11274931097119,1395377,55.11274931097119
AVD,2013-09-03,55.98646433043584,56.756374830035085,54.2791119312497,55.93039836016111,1230206,55.93039836016111
AVD,2013-09-04,54.611604762723594,55.308393798800395,54.27796114284955,54.73609436095312,293370,54.73609436095312
AVD,2013-09-05,55.87066456728141,57.24111841064678,53.73708308040906,55.35960763150912,76195,55.35960763150912
AVD,2013-09-06,56.34660375897304,56.607377904305125,55.05495856606368,56.42242887425189,1113019,56.42242887425189
AVD,2013-09-09,56.2450493033068,56.94583040017118,54.917924033850944,56.15052081768265,1031790,56.15052081768265
AVD,2013-09-10,56.016639318158425,56.735945281866,54.11942339857055,55.52274642614885,1065054,55.52274642614885
AVD,2013-09-11,56.587222968045864,57.38293937701991,55.16647209416517,56.03889992852932,1646079,56.03889992852932
AVD,2013-09-12,57.236081353070034,59.18662020038235,56.00611452654318,57.695733611404,55949,57.695733611404
AVD,2013-09-13,59.52434406786465,59.91393126324714,59.11707693748646,59.1289831925988,1401131,59.1289831925988
AVD,2013-09-16,58.964334653937954,59.286175792309216,58.22132883494503,59.10368163789627,230293,59.10368163789627
AVD,2013-09-17,58.35138736323507,59.43288679114584,57.4834670961519,58.240929124094066,1359058,58.240929124094066
AVD,2013-09-18,57.90857538360998,58.35640548698338,56.555025490850774,58.05365369466629,428021,58.05365369466629
AVD,2013-09-19,56.286450375813224,56.524767880223166,55.2879671988792,56.39798731539681,1691302,56.39798731539681
AVD,2013-09-20,55.51529339320846,56.6121160279857,54.05631483334811,55.89666793379157,374665,55.89666793379157
AVD,2013-09-23,56.47392015142032,56.84604900135514,55.990108991253365,56.39185144514326,1774660,56.39185144514326
AVD,2013-09-24,56.12861901947227,56.73685671899055,54.95104398374482,56.0762259406757,1306492,56.0762259406757
AVD,2013-09-25,55.188895618809305,55.966604685146,54.77823366688649,55.533921443533245,796155,55.533921443533245
AVD,2013-09-26,55.57439538955769,55.72884185176412,54.48139630064811,55.528051201223604,645719,55.528051201223604
AVD,2013-09-27,55.83650875460624,56.77514369965713,55.29447763145278,55.313133799907014,1728718,55.313133799907014
AVD,2013-09-30,56.34469247285821,56.39036280652435,54.70900393980839,56.10410841073871,334225,56.10410841073871
AVD,2013-10-01,54.833419806276794,56.44457838881424,53.19092402147984,54.854283567663714,1667596,54.854283567663714
AVD,2013-10-02,55.875530987193514,56.44769171151582,54.74081531445532,55.41439018069462,179808,55.41439018069462
AVD,2013-10-03,55.501146377526986,56.65860753988095,55.33945472922569,55.41767145223803,1450902,55.41767145223803
AVD,2013-10-04,55.4846095252875,57.25136959015007,54.89711748687524,55.89257164283354,924336,55.89257164283354
AVD,2013-10-07,54.63926626187159,55.09676869902512,53.090158490901544,54.58739770107606,1024371,54.58739770107606
AVD,2013-10-08,55.13862966825301,56.73918899428044,54.37851120775825,55.49270295110136,1714238,55.49270295110136
AVD,2013-10-09,56.375728512195295,57.78357847679469,55.92345044288335,56.07571799420131,1024403,56.07571799420131
AVD,2013-10-10,58.34587200123557,58.76826793430551,56.08287445116898,57.80576474669077,1493947,57.80576474669077
AVD,2013-10-11,56.853962259785185,58.71020730196464,55.43303201147295,57.012664326182666,997407,57.012664326182666
AVD,2013-10-14,56.40320264125988,56.51176799355945,56.08942297740116,56.476715128141976,811620,56.476715128141976
AVD,2013-10-15,54.68886474179234,55.13145031192343,54.514801744838856,54.77486515064761,1521185,54.77486515064761
AVD,2013-10-16,53.800043942865074,55.2964414180046,53.32740079890042,54.03205762446156,177277,54.03205762446156
AVD,2013-10-17,55.791172157218526,56.11609608041681,55.45079584284723,55.46483926786216,227581,55.46483926786216
AVD,2013-10-18,55.93434140218074,57.106042569629025,54.27989059784216,55.80294963771649,813227,55.80294963771649
AVD,2013-10-21,54.65992517371438,56.55593141635017,53.91492654424333,55.14069517804872,1277882,55.14069517804872
AVD,2013-10-22,55.693409122308346,57.29606650996167,54.795794343565625,55.31856352696206,527051,55.31856352696206
AVD,2013-10-23,54.96067932235999,56.093675716551886,54.470393877301824,55.306802309156346,1588575,55.306802309156346
AVD,2013-10-24,54.03502319910068,55.60924031877659,53.19052525174934,53.52211948453766,959038,53.52211948453766
AVD,2013-10-25,51.8324512517732,52.60226900538943,51.70436193171914,51.960624458095765,1768149,51.960624458095765
AVD,2013-10-28,53.15473456576461,53.50257070727189,52.01563712848616,53.03122521647646,177927,53.03122521647646
AVD,2013-10-29,53.31763435909569,54.600689714441785,51.78682652237913,53.77165682881477,971855,53.77165682881477
AVD,2013-10-30,52.26481035187703,53.449751197055946,51.265154779038276,52.42768926319305,876668,52.42768926319305
AVD,2013-10-31,52.67279181933324,53.39645801154895,51.84039980256444,52.35618979579145,1636105,52.35618979579145
AVD,2013-11-01,51.72097494395632,52.624693893692644,50.500550403976185,51.74456167583252,301024,51.74456167583252
AVD,2013-11-04,53.22121800490093,53.886072129679114,52.4930365666102,52.79400523632378,203251,52.79400523632378
AVD,2013-11-05,53.3389419184318,54.17864934002806,52.01227135056939,53.25890609491095,928091,53.25890609491095
AVD,2013-11-06,52.72499200371462,54.23175997929929,50.7243788597438,52.2769034580445,1670529,52.2769034580445
AVD,2013-11-07,52.939747919430445,53.733575975957,51.659854374828335,52.43364796010336,1159818,52.43364796010336
AVD,2013-11-08,52.3930463036067,52.839715837826525,51.96310095694872,52.44140298328718,1627319,52.44140298328718
AVD,2013-11-11,52.520044371691256,53.71552655855259,51.42834256983017,52.45169292095859,90459,52.45169292095859
AVD,2013-11-12,52.37576817790772,52.90620553694466,51.63534008980143,52.02726805622776,1159475,52.02726805622776
AVD,2013-11-13,51.80537738045936,53.37113699782898,50.932567118276616,52.09551501025878,67597,52.09551501025878
AVD,2013-11-14,51.73591749873079,51.82414067230682,50.08808769589852,51.36441963512749,551852,51.36441963512749
AVD,2013-11-15,50.435963214898216,50.938574701925816,48.96987994822263,50.343411745404055,1369772,50.343411745404055
AVD,2013-11-18,49.513908480523035,49.654072316378475,48.86363453755507,49.29160321654999,288557,49.29160321654999
AVD,2013-11-19,48.02318295521853,48.55409612309814,47.138185020969566,48.43013750430433,554291,48.43013750430433
AVD,2013-11-20,49.0948095991401,50.06451490062907,48.707034686841624,48.8348250202602,1658555,48.8348250202602
AVD,2013-11-21,49.08007752306877,49.83603800103112,48.403148002087896,49.26651491884202,1640680,49.26651491884202
AVD,2013-11-22,50.905195344916706,52.23607951833871,49.60731501975228,50.59632272917957,902308,50.59632272917957
AVD,2013-11-25,50.446084627429585,51.22760314604581,49.451806672626375,50.436852123011114,368677,50.436852123011114
AVD,2013-11-26,50.8789309855457,51.562160844965625,49.55318559701055,51.10931713433452,1207449,51.10931713433452
AVD,2013-11-27,51.660030384459446,52.77726464013783,50.57254028408426,51.196436720892656,64206,51.196436720892656
AVD,2013-11-28,51.78572914198403,52.75518407845724,50.86693750701919,51.51264782309487,1785454,51.51264782309487
AVD,2013-11-29,52.80603534915016,54.07273800352508,51.9842288239237,52.29802688219512,968702,52.29802688219512
AVD,2013-12-02,52.74050322289854,53.90491307668469,51.476624997634545,52.88385029495512,1091851,52.88385029495512
AVD,2013-12-03,53.18964159572096,53.456143109636,51.90306313253393,53.031375148403875,491960,53.031375148403875
AVD,2013-12-04,52.62354078669828,53.68176341490546,51.08433607962541,52.506358484244366,1439286,52.506358484244366
AVD,2013-12-05,53.0065788802746,53.62921938314252,51.692129758176605,52.808487125354496,997752,52.808487125354496
AVD,2013-12-06,53.64200208237158,54.89419446830742,52.72166965744339,54.14193073240537,828161,54.14193073240537
AVD,2013-12-09,54.13063112704718,55.85986791145129,54.07221617439647,54.35706163804741,317078,54.35706163804741
AVD,2013-12-10,54.468786536140385,55.0569906800947,53.46417639617958,54.02648512927514,1778863,54.02648512927514
AVD,2013-12-11,54.77921240523158,55.87001509523299,54.42239255165142,54.86280130909724,957730,54.86280130909724
AVD,2013-12-12,54.07911011894762,54.66881317957041,52.50114891536093,53.58543428704428,862309,53.58543428704428
AVD,2013-12-13,52.98743977062876,53.444252956628,51.62753749645249,53.29280415686465,1307015,53.29280415686465
AVD,2013-12-16,52.946099583627785,53.66647152134143,51.25557118675319,52.42455497475735,855903,52.42455497475735
AVD,2013-12-17,52.5649275610292,53.50646240297122,51.19013204578474,52.35802862329481,525591,52.35802862329481
AVD,2013-12-18,53.864777859385356,54.523280088462556,52.89869880253773,53.568657366740595,1628717,53.568657366740595
AVD,2013-12-19,54.11310047827771,54.8604701250487,53.044049314958485,54.22495444305025,1396738,54.22495444305025
AVD,2013-12-20,52.94077182244423,54.24371597380781,52.28865128246111,52.51330499033816,1623121,52.51330499033816
AVD,2013-12-23,52.035976443022236,52.0823173508011,51.970838627422545,51.98870529582561,1321869,51.98870529582561
AVD,2013-12-24,50.859693016342526,51.31069449249202,49.67793088405178,50.676307237396514,1475889,50.676307237396514
AVD,2013-12-25,51.2574576105871,52.93468999005886,50.803921795012116,51.67623325626582,276780,51.67623325626582
AVD,2013-12-26,51.32753659093808,52.744992937515114,50.66668898859819,51.192714739787185,1521463,51.192714739787185
AVD,2013-12-27,51.69504084336489,52.334456161257215,50.066191183439464,51.30605985811029,1634169,51.30605985811029
AVD,2013-12-30,51.132211705202586,52.83555384372709,51.00643964857343,51.46334412393785,1280196,51.46334412393785
AVD,2013-12-31,51.94144368564073,52.25142521771278,50.45409551216475,51.695655724168944,999620,51.695655724168944
AVD,2014-01-01,48.70035477548174,49.49365510124491,48.31604634521636,49.167047645381174,309450,49.167047645381174
AVD,2014-01-02,49.94659210314209,51.21452336896642,48.55516469718901,49.52444276514047,1219337,49.52444276514047
AVD,2014-01-03,49.564625135442334,50.90771407594936,48.158384030690506,49.09049235558414,1711843,49.09049235558414
AVD,2014-01-06,49.726414192208196,50.20521256412169,48.91405721386411,49.87186041930816,203911,49.87186041930816
AVD,2014-01-07,49.70058724413898,50.18340812376034,49.49856625241232,50.09425409237697,60818,50.09425409237697
AVD,2014-01-08,50.860569066772236,50.99838717710515,49.39210239722658,50.69977334828692,56202,50.69977334828692
AVD,2014-01-09,49.6254116635564,50.48931225074652,48.21789044658039,50.096484422314816,294015,50.096484422314816
AVD,2014-01-10,49.134491459228606,50.27450372488303,48.25307885094716,49.15170804299716,1137522,49.15170804299716
AVD,2014-01-13,49.745202888310395,50.737881118274956,48.335799562692785,49.97330185170398,329175,49.97330185170398
AVD,2014-01-14,50.48953443921422,51.20691299031986,50.01634786000467,50.51647077725189,456514,50.51647077725189
AVD,2014-01-15,50.27011397963778,51.64866594759204,49.90865940574448,50.75915251196061,1062202,50.75915251196061
AVD,2014-01-16,50.54433603447411,52.36379386459035,50.324032068237045,51.001706914939255,508527,51.001706914939255
AVD,2014-01-17,50.928548808791476,51.565896252649424,50.537176527682306,51.42638103794095,1551404,51.42638103794095
AVD,2014-01-20,50.431238871150214,51.48231282406197,50.18511086365832,50.311365130896874,1086076,50.311365130896874
AVD,2014-01-21,51.38140755511501,52.81000209988411,50.932214969256044,51.31972851070485,162212,51.31972851070485
AVD,2014-01-22,50.95178767122194,51.55303495260687,50.85407585850391,51.225168199374345,1522634,51.225168199374345
AVD,2014-01-23,51.306542959789766,52.59603899937232,49.91817892981993,51.15650795199209,276405,51.15650795199209
MOS,2010-01-04,48.259356237749614,49.395029285008754,47.11172646698278,48.52984868781758,109075,48.52984868781758
MOS,2010-01-05,46.712091149701855,48.01609641695201,45.703529736147715,46.97425253507736,857965,46.97425253507736
MOS,2010-01-06,49.08892134789002,49.17263455421975,47.536098690027515,48.98658879220387,1497726,48.98658879220387
MOS,2010-01-07,51.04074583722785,51.4626769831355,50.55340032819777,50.639415712864334,1683167,50.639415712864334
MOS,2010-01-08,50.070672302513756,51.05962075279938,49.06888494331968,49.89916133299798,1578962,49.89916133299798
MOS,2010-01-11,51.65879460786418,52.2667917926387,50.67943541977487,51.4799755875123,488795,51.4799755875123
MOS,2010-01-12,52.93527007564577,54.0543204476602,51.283748878564865,52.61297773258357,415003,52.61297773258357
MOS,2010-01-13,53.507839265421545,54.72657910155042,53.124269569364934,53.32793263956909,1417567,53.32793263956909
MOS,2010-01-14,53.851902855056174,53.90407571361218,53.08000911908363,53.57401689146289,1400044,53.57401689146289
MOS,2010-01-15,53.87406276511554,54.48961667312891,52.57006903103108,53.482435001757565,887748,53.482435001757565
MOS,2010-01-18,54.864063557640016,56.62142526995941,54.663214170724444,55.409390917063774,1578980,55.409390917063774
MOS,2010-01-19,56.006588415719506,56.64240206294985,55.42031189017106,55.577945831216255,1579964,55.577945831216255
MOS,2010-01-20,55.807734417210895,56.13718568244813,54.21634429148673,56.127363613297625,277563,56.127363613297625
MOS,2010-01-21,58.5306917097524,59.12121300743136,56.51846410969651,58.052218962276946,1150601,58.052218962276946
MOS,2010-01-22,59.16986131576469,61.004179517599376,57.443808355530834,59.4478593673622,870650,59.4478593673622
MOS,2010-01-25,57.95259013278359,59.66101967933337,57.225395666137935,58.00451700687265,251713,58.00451700687265
MOS,2010-01-26,57.841006140359745,58.81363153737337,55.998026472225895,57.343399194785306,678228,57.343399194785306
MOS,2010-01-27,55.97822450624175,56.93710709545689,55.71780498960365,56.41857508119777,1198083,56.41857508119777
MOS,2010-01-28,57.22444574213339,58.02455379060275,56.03268479842523,56.94509233424319,1400540,56.94509233424319
MOS,2010-01-29,56.29088320280302,56.8119704525732,56.01681935148258,56.41222743990434,666272,56.41222743990434
MOS,2010-02-01,55.46423926137983,56.27965710878791,54.72479871500782,55.99721996431221,562395,55.99721996431221
MOS,2010-02-02,56.24052554090512,57.07322604049052,55.40996963645226,55.75088440376493,1150752,55.75088440376493
MOS,2010-02-03,55.7576973555814,57.42892499450988,54.70697980513052,56.18715956947799,596816,56.18715956947799
MOS,2010-02-04,56.216511740398516,56.591697635542026,55.818375738842114,55.90996659537061,1411927,55.90996659537061
MOS,2010-02-05,56.89816101976872,58.586294700102876,56.33001932166812,57.03016286728908,576479,57.03016286728908
MOS,2010-02-08,56.15446574698345,56.43786774232106,55.13056314111941,55.80780670639386,1780190,55.80780670639386
MOS,2010-02-09,54.45580713861665,55.36806973197383,53.13180467172076,54.18457296738579,97378,54.18457296738579
MOS,2010-02-10,53.636130624103295,54.88539644017995,53.39279616542821,53.49360382582016,1450472,53.49360382582016
MOS,2010-02-11,52.8855215733877,53.224076409530454,51.383418634125135,52.424996792439345,1078382,52.424996792439345
MOS,2010-02-12,52.07945336969078,52.96749367218012,51.82300284301428,52.50058843505681,1414600,52.50058843505681
MOS,2010-02-15,52.40686847247127,52.48781232018157,51.16478351369088,52.09577425494659,1726858,52.09577425494659
MOS,2010-02-16,50.93912228729239,52.381639371909216,50.41114936196462,50.76572152636419,1316392,50.76572152636419
MOS,2010-02-17,49.2675764719315,50.17325593732914,49.13732962594173,49.45082069873004,1291118,49.45082069873004
MOS,2010-02-18,49.69488516965161,49.79075580920141,48.85326954376317,49.64923548653347,286995,49.64923548653347
MOS,2010-02-19,50.721358911411805,51.98451371239372,49.85609550367326,50.5750678169844,336963,50.5750678169844
MOS,2010-02-22,50.11218852912784,50.968120984215446,48.874496106116275,49.87650068137215,1270747,49.87650068137215
MOS,2010-02-23,49.49285599035022,49.887176083737735,48.08928166231842,49.80457313100758,1133792,49.80457313100758
MOS,2010-02-24,48.78830352880946,49.84491020760817,48.27965794496438,49.17966197968922,411172,49.17966197968922
MOS,2010-02-25,48.65472762444061,49.684231419844615,47.369721029019836,49.045071570349954,1452396,49.045071570349954
MOS,2010-02-26,50.625183617119845,51.05753722381129,49.64415705690118,50.834756344039434,1687333,50.834756344039434
MOS,2010-03-01,53.1088271978739,54.15314462826768,52.07239873189588,53.47871470249177,1405939,53.47871470249177
MOS,2010-03-02,53.05434229414066,53.50446650082717,51.66622496455167,53.01655042912037,852919,53.01655042912037
MOS,2010-03-03,52.423430522800324,53.59171387696217,51.89926486487119,52.48952534150315,1659679,52.48952534150315
MOS,2010-03-04,53.38194785117274,53.39074298057085,51.65403351781435,52.96556797532642,1557390,52.96556797532642
MOS,2010-03-05,53.342205604921325,53.512435428284874,52.75808996730345,53.11127514173251,1715202,53.11127514173251
MOS,2010-03-08,53.545833974979615,55.34717775388214,52.339894629010395,53.86274924062372,829786,53.86274924062372
MOS,2010-03-09,53.25611291114262,54.4430828092308,52.11742396762609,53.74440554681585,761180,53.74440554681585
MOS,2010-03-10,53.78857479856093,54.0728721182496,52.509922057044825,53.564508179014425,1676838,53.564508179014425
MOS,2010-03-11,54.4345058612535,55.72987253506497,52.68651203943547,54.06059300895122,1311031,54.06059300895122
MOS,2010-03-12,54.560843587646694,55.954751907241736,53.420091430082586,54.34239409675531,1047686,54.34239409675531
MOS,2010-03-15,53.98882440964897,54.33092029828332,52.34871045521984,53.834003880151165,455480,53.834003880151165
MOS,2010-03-16,53.71508573594451,55.14148104715181,52.791910477129086,53.9857540370281,972337,53.9857540370281
MOS,2010-03-17,54.134996700960464,55.13995901374445,53.06298106496968,54.14084012050782,594318,54.14084012050782
MOS,2010-03-18,51.45850025509952,52.60868528419258,50.211033041207905,51.22801343809101,1337934,51.22801343809101
MOS,2010-03-19,50.87143541087154,52.395194888005584,50.35357577445665,51.18532967776403,260899,51.18532967776403
MOS,2010-03-22,52.1177685688741,53.17611009091416,51.75662819769471,52.14223000758464,787409,52.14223000758464
MOS,2010-03-23,51.303691776886694,53.182765493415765,50.31250217734442,51.69968210999781,1311009,51.69968210999781
MOS,2010-03-24,50.977532309091046,52.29921612360424,49.81830485742454,50.946231978270575,834311,50.946231978270575
MOS,2010-03-25,50.28150513625454,50.626896067508056,49.44603643193079,50.207662418424164,434501,50.207662418424164
MOS,2010-03-26,50.593158315846594,51.979763684729,50.23540721206532,50.55737822178021,174605,50.55737822178021
MOS,2010-03-29,49.54716026981245,50.11227497148573,49.018848241457306,49.57743758890342,1755755,49.57743758890342
MOS,2010-03-30,49.91889253956027,51.006937477681056,48.39359109806324,49.83173289453981,278376,49.83173289453981
MOS,2010-03-31,50.504401644817854,51.78924925394061,49.22730417551863,50.00752733219805,1431363,50.00752733219805
MOS,2010-04-01,48.81562824229321,49.45467913779285,48.68308782269389,48.69628685827216,324880,48.69628685827216
MOS,2010-04-02,49.89989419960176,49.97700233016721,48.68559994000148,49.6490990026085,1256431,49.6490990026085
MOS,2010-04-05,50.62027231330647,52.38500086300022,49.77094027889649,50.93390199015346,349695,50.93390199015346
MOS,2010-04-06,51.23968479466547,51.3511004464841,50.114201181232296,51.20893546228132,1789599,51.20893546228132
MOS,2010-04-07,50.760148173627194,51.800480154205864,49.995235414085634,51.265103923174166,854572,51.265103923174166
MOS,2010-04-08,50.29052780194511,51.674632251668655,49.02459651528429,50.76625046444316,1486137,50.76625046444316
MOS,2010-04-09,50.13263528953928,50.48866257402715,49.00015957255641,50.311259978378665,920679,50.311259978378665
MOS,2010-04-12,49.85650728803689,51.144372435092215,49.4253526628011,49.88983321996838,1731488,49.88983321996838
MOS,2010-04-13,50.735716212548304,51.04533927555287,49.34947434822208,50.65908235682008,1249228,50.65908235682008
MOS,2010-04-14,51.6614731296198,53.18962518235226,51.150078394525075,51.2636626300401,741781,51.2636626300401
MOS,2010-04-15,49.55028848699115,50.91257472776492,48.25927036778285,49.28243219511897,360861,49.28243219511897
MOS,2010-04-16,47.656070017914324,48.71527658952331,47.048491005801274,47.84748199458707,1601449,47.84748199458707
MOS,2010-04-19,47.29932802958862,48.235869041069876,46.1124663150079,47.070111483353955,453835,47.070111483353955
MOS,2010-04-20,46.691890453499596,47.43934329598579,45.91538234918378,46.64581270938187,1111723,46.64581270938187
MOS,2010-04-21,47.33070543304619,47.88604223503786,46.9320598455688,47.0678959179352,1661886,47.0678959179352
MOS,2010-04-22,46.49091994181262,47.06518627912115,45.19183897116369,46.57377506507061,1197294,46.57377506507061
MOS,2010-04-23,46.600198984850024,48.240483138448354,46.39936511941775,46.98368611072713,865102,46.98368611072713
MOS,2010-04-26,48.6506590711823,49.492246962448675,47.891438125872554,48.53564147341434,769487,48.53564147341434
MOS,2010-04-27,48.03902957037758,49.225536528784716,47.50215188176732,47.98429143172752,930794,47.98429143172752
MOS,2010-04-28,47.54975198080585,48.283070499905705,45.787593622961815,47.12225555016475,582434,47.12225555016475
MOS,2010-04-29,45.767013718329345,46.50280002464525,45.43941222220257,46.078383659839204,325931,46.078383659839204
MOS,2010-04-30,45.282562438677665,45.40721556557244,43.96039626481111,45.14160061842846,764539,45.14160061842846
MOS,2010-05-03,45.63969341314159,46.1068038958358,45.591526896071066,45.6633712769281,867976,45.6633712769281
MOS,2010-05-04,46.269399373499986,47.60635584898565,45.99079365825938,46.38171505638072,617316,46.38171505638072
MOS,2010-05-05,47.263105362348625,48.27259024160372,46.27144500119133,46.986292607296164,757382,46.986292607296164
MOS,2010-05-06,46.30345573814171,47.395054951624324,45.91285893919951,46.01754846081738,75598,46.01754846081738
MOS,2010-05-07,45.87377003047233,46.938180331365196,44.539075559098244,45.67772071567235,547772,45.67772071567235
MOS,2010-05-10,44.96559341265911,45.50640834350064,44.954348368331566,45.343210307133184,1066206,45.343210307133184
MOS,2010-05-11,46.80900343368815,47.178234638719765,46.41134088485473,46.954458284061424,896695,46.954458284061424
MOS,2010-05-12,46.822128829058535,47.70014497582363,45.5556528645492,47.25045401961615,594642,47.25045401961615
MOS,2010-05-13,47.222687865141154,47.7985858693383,46.566186022517016,47.370786766789955,549840,47.370786766789955
MOS,2010-05-14,47.79307278604423,47.88781926217823,47.23878047363949,47.65210092775838,1386828,47.65210092775838
MOS,2010-05-17,47.27404883764742,47.49170542680429,46.70775367677043,47.256368555517824,1096807,47.256368555517824
MOS,2010-05-18,47.85041518272009,49.07954441954075,46.8334029289166,47.65698802684017,400634,47.65698802684017
MOS,2010-05-19,47.2631462940688,48.09834966460765,46.14959345413157,47.214551387017124,1789656,47.214551387017124
MOS,2010-05-20,48.66281784558835,49.16251149346671,47.497700342896096,48.60855730257306,853159,48.60855730257306
MOS,2010-05-21,47.78783413388317,48.542611287630685,47.672652806450664,47.77735635046819,1566944,47.77735635046819
MOS,2010-05-24,47.844723809021026,48.35099791217246,46.746315286244915,47.97490337085807,804267,47.97490337085807
MOS,2010-05-25,48.5911097730215,49.495091680537605,48.53630633950452,48.643094765414276,1505398,48.643094765414276
MOS,2010-05-26,48.20358473888042,48.68890868726885,47.061486434054196,48.5801413216321,1784851,48.5801413216321
MOS,2010-05-27,49.04608245416981,50.37422687243169,47.82020315636209,48.720136506865344,1007308,48.720136506865344
MOS,2010-05-28,48.91619986573992,49.269051861542465,47.100159718734204,48.538365927121156,1070636,48.538365927121156
MOS,2010-05-31,47.92210200678766,49.09965659944111,47.529739975763036,47.6682487394256,1251964,47.6682487394256
MOS,2010-06-01,49.4621451647642,50.44149395680589,48.05279371322497,49.379596294030875,496619,49.379596294030875
MOS,2010-06-02,49.107371205974935,49.87787608792147,48.09403290670997,49.03952086241706,1236231,49.03952086241706
MOS,2010-06-03,47.752471148184725,49.11362379051963,47.5268668153808,47.78083038116276,1035188,47.78083038116276
MOS,2010-06-04,46.8513002041193,47.32599289919951,46.55880463977483,47.10439519865335,1672763,47.10439519865335
MOS,2010-06-07,48.28602415904217,48.57168408149826,48.05642559182149,48.39849856728057,1287491,48.39849856728057
MOS,2010-06-08,51.184629369713264,51.67885811640136,50.55737123397614,50.6879826223619,184428,50.6879826223619
MOS,2010-06-09,50.72353772450922,52.35778988460217,50.588213598307085,51.08542378874902,251796,51.08542378874902
MOS,2010-06-10,51.965992732912426,52.02087109140951,51.56418701844181,51.921669011071465,170586,51.921669011071465
MOS,2010-06-11,54.30295645692362,54.692969587910355,53.23246612631277,53.90778458062886,378065,53.90778458062886
MOS,2010-06-14,52.840668209228895,53.56426324378487,52.14562731739884,52.89038339142034,327955,52.89038339142034
MOS,2010-06-15,53.439907692799935,54.5828927113368,51.74812036946058,53.327269550809035,1168345,53.327269550809035
MOS,2010-06-16,55.70789085653253,56.20811384760449,54.88442532381069,55.34505624737863,865351,55.34505624737863
MOS,2010-06-17,56.36075566388409,57.118434346642736,55.00088478728795,56.30719473083519,56246,56.30719473083519
MOS,2010-06-18,56.27607327700557,56.8447719642354,55.72887585547067,56.01675027267808,1227195,56.01675027267808
MOS,2010-06-21,56.27219147557123,56.60049361551038,55.51893881690509,56.44460447553311,1165847,56.44460447553311
MOS,2010-06-22,58.896069860890854,60.20122323310637,58.60043314066296,58.62286011324819,331085,58.62286011324819
MOS,2010-06-23,58.2807587619864,59.634867661878666,56.89998294516065,58.82070778222861,742950,58.82070778222861
MOS,2010-06-24,57.35298510093401,59.161686225797126,56.87718249041058,57.753913583689354,411626,57.753913583689354
MOS,2010-06-25,58.649459820182805,59.87176074996677,57.69492696099626,58.48885390024991,850854,58.48885390024991
MOS,2010-06-28,57.39289590834223,57.55119589364191,57.27548182824484,57.451548709945996,673471,57.451548709945996
MOS,2010-06-29,56.997246769476206,57.85233525459784,55.378487277537886,56.62538903227707,1182001,56.62538903227707
MOS,2010-06-30,55.93727735448764,57.78267307323833,54.35890235528728,56.11462822492572,573170,56.11462822492572
MOS,2010-07-01,56.411260365066816,56.93228085009024,55.34356173363428,56.111391757954834,956448,56.111391757954834
MOS,2010-07-02,54.78234530218493,55.996676932228546,53.99613048210272,55.18062485190376,1083198,55.18062485190376
MOS,2010-07-05,56.13577826434798,57.23384872472539,54.50771658174916,55.656965200893836,1202177,55.656965200893836
MOS,2010-07-06,55.19601513731105,55.62167360186058,55.17372333962611,55.28619871657666,1036697,55.28619871657666
MOS,2010-07-07,55.921502318828445,57.40903335396396,54.360808276288104,56.22409831998215,694085,56.22409831998215
MOS,2010-07-08,56.61386714712213,57.734442420327305,55.561419218158214,56.28834931109806,1698897,56.28834931109806
MOS,2010-07-09,56.63447720680481,57.27154790698115,54.88590758246442,56.13166528301154,1770592,56.13166528301154
MOS,2010-07-12,56.48857521868915,56.97060228709209,54.342763833842156,56.02015515273388,1330847,56.02015515273388
MOS,2010-07-13,57.409085057837125,59.30284977780971,57.38815796084758,57.7115641428494,1289864,57.7115641428494
MOS,2010-07-14,58.96816027692526,59.19287066873783,57.85209005867925,58.76599620073323,1706390,58.76599620073323
MOS,2010-07-15,57.16923796901821,57.910204102572294,56.871011420520745,57.115711417354554,636322,57.115711417354554
MOS,2010-07-16,56.81628170987226,58.12359644651011,56.29025474628326,56.56163650597073,875696,56.56163650597073
MOS,2010-07-19,56.674797334902124,56.94154780737629,56.35562476916157,56.68961276999514,1305433,56.68961276999514
MOS,2010-07-20,54.24093108088623,55.7927567592965,53.360628843597105,54.27375241986423,1118862,54.27375241986423
MOS,2010-07-21,55.1814461721165,56.052627237821284,54.59130873194391,54.76228812096691,1056634,54.76228812096691
MOS,2010-07-22,54.25050322077477,55.07209831946427,52.828471047896976,53.85065519873736,1773442,53.85065519873736
MOS,2010-07-23,53.38102309143075,54.060473959322266,52.13372638160723,53.07573536249769,962078,53.07573536249769
MOS,2010-07-26,52.56118726233708,53.92901362101393,51.1778351753623,52.34667594292641,1649594,52.34667594292641
MOS,2010-07-27,53.90077631628621,55.43442816305338,52.81989096518838,53.709177870012255,1087058,53.709177870012255
MOS,2010-07-28,53.907282875367315,55.010226591852096,53.88545075379315,54.39006880891054,809018,54.39006880891054
MOS,2010-07-29,54.1844668755478,55.06614619881227,53.22512317550709,53.9153900602,890169,53.9153900602
MOS,2010-07-30,53.471908844390796,53.97789715457719,53.05442200510748,53.324621462237154,953842,53.324621462237154
MOS,2010-08-02,53.30749692748385,54.10986836603528,52.12941657269687,53.51899178469965,242986,53.51899178469965
MOS,2010-08-03,55.639898090409694,55.687192383177056,55.212846757957195,55.285955758348585,497044,55.285955758348585
MOS,2010-08-04,55.38362482236592,56.689463502461045,53.3890230079762,55.017814594666255,1363614,55.017814594666255
MOS,2010-08-05,53.4649981952792,55.019760033918395,52.89589279390308,53.00681716171694,1781875,53.00681716171694
MOS,2010-08-06,53.11691809827094,54.43204324419675,52.954386528121475,53.203791341313604,240256,53.203791341313604
MOS,2010-08-09,53.56934264335176,54.40214999816582,52.01719162194276,53.51449032387059,696624,53.51449032387059
MOS,2010-08-10,54.36922774781824,55.71896012623879,53.292019959586284,53.93135449648352,1409616,53.93135449648352
MOS,2010-08-11,53.70978843107153,55.29468165318926,53.36375353587995,53.90730328058318,1146139,53.90730328058318
MOS,2010-08-12,54.39380480410009,55.282364535043925,53.10586081937614,54.07299767133905,740089,54.07299767133905
MOS,2010-08-13,53.55347988160821,55.0591212182659,51.586873467454254,53.03168353326092,957688,53.03168353326092
MOS,2010-08-16,54.39286122661345,54.44209252033732,53.950538230501145,54.22807764981826,1523720,54.22807764981826
MOS,2010-08-17,54.194885856095844,54.21130041910364,52.81654253812952,53.67562360310558,1332814,53.67562360310558
MOS,2010-08-18,53.43126547976789,53.56183978714276,52.23378223478041,53.41437325718371,701769,53.41437325718371
MOS,2010-08-19,53.482930653210936,53.95011887702059,51.992129431820864,53.856638215545956,396739,53.856638215545956
MOS,2010-08-20,53.75334632266876,54.79357942464238,53.17308729908558,54.104379997618416,330467,54.104379997618416
MOS,2010-08-23,56.127433438241425,57.71076774337007,54.26373441317187,55.86890067930667,1717549,55.86890067930667
MOS,2010-08-24,56.80876315154231,58.54389650354794,56.4527321758281,57.38153557882231,99165,57.38153557882231
MOS,2010-08-25,57.01580200110555,58.14377901407884,56.440937133364585,56.83179438196824,1670857,56.83179438196824
MOS,2010-08-26,58.74996275242913,59.84572181593546,57.55665001939013,59.16259609200861,685606,59.16259609200861
MOS,2010-08-27,60.90922067841568,61.88455964452039,59.369806295701,60.32483161294354,966572,60.32483161294354
MOS,2010-08-30,60.094757773019786,61.05448844394781,59.49841274308206,60.502389564369174,569154,60.502389564369174
MOS,2010-08-31,59.78090698493785,60.70961127691349,59.64501428158819,59.71824582995285,165433,59.71824582995285
MOS,2010-09-01,59.86178356569931,61.20267717713282,58.800774245601175,59.659602214756376,1680178,59.659602214756376
MOS,2010-09-02,57.783834379773786,58.752336164483,57.411225307769485,57.41694448474996,818179,57.41694448474996
MOS,2010-09-03,58.0201922522551,58.79718656601175,56.84546749578025,58.06750133353097,1338154,58.06750133353097
MOS,2010-09-06,57.05258648543984,58.49873615920956,55.758382370048025,56.56185721725359,1256837,56.56185721725359
MOS,2010-09-07,57.116654432587424,57.6319565049839,55.601262015837925,57.13922857267846,1375360,57.13922857267846
MOS,2010-09-08,56.32738015396464,57.42577004809478,55.57784225199024,56.60808841056047,1299754,56.60808841056047
MOS,2010-09-09,56.877516516921865,58.546554143173054,55.98214986530437,56.77188083128328,811373,56.77188083128328
MOS,2010-09-10,56.26636277415929,57.89919286425173,55.834718099966416,56.089114911716884,1265362,56.089114911716884
MOS,2010-09-13,55.3047044913404,55.315131557358725,55.29080983727892,55.29653040006593,161115,55.29653040006593
MOS,2010-09-14,56.40061407641688,57.3011628092898,56.11552443980974,56.13880276643073,348094,56.13880276643073
MOS,2010-09-15,55.3651899000106,56.01365705748647,54.09672002019148,55.453159931098334,1478894,55.453159931098334
MOS,2010-09-16,53.931391284502766,54.94728141924372,52.861034733459775,54.471380433237265,1793268,54.471380433237265
MOS,2010-09-17,53.096215903049576,54.301696638591515,51.94082684761899,53.347440804505005,1709290,53.347440804505005
MOS,2010-09-20,54.77618530695398,55.50959075627136,52.98847341813566,54.292003434561906,201534,54.292003434561906
MOS,2010-09-21,53.37707308575541,54.55058204617279,51.74377224048441,53.09754292607131,871107,53.09754292607131
MOS,2010-09-22,52.79036494831169,53.163446702416145,52.017108595369464,53.12020548938136,1004263,53.12020548938136
MOS,2010-09-23,55.07910988619071,57.10561047880487,54.86843027894118,55.56065072132246,297407,55.56065072132246
MOS,2010-09-24,54.64886766857257,55.745766414851346,53.976469478911405,54.81243136383148,871863,54.81243136383148
MOS,2010-09-27,54.33612889985425,55.45121499508379,53.766921581704224,53.97310372202375,1555802,53.97310372202375
MOS,2010-09-28,54.750968764778825,56.18679469681204,54.68443751392714,55.18585603223753,1591978,55.18585603223753
MOS,2010-09-29,53.94495160508868,55.54571130409178,52.90079033816001,53.89821767724311,328856,53.89821767724311
MOS,2010-09-30,54.85960012756916,56.73815971107319,54.589144175221605,55.1075839854203,1766398,55.1075839854203
MOS,2010-10-01,54.95089220545953,55.956314560519814,53.14814077297342,54.70335403368112,1371117,54.70335403368112
MOS,2010-10-04,55.16898811966599,56.86922052466733,54.3101280474364,55.72578870322513,1643965,55.72578870322513
MOS,2010-10-05,55.98775998567211,57.282008457599076,54.92673010229413,56.23838734076179,1485287,56.23838734076179
MOS,2010-10-06,57.11580834716672,57.64815211043234,55.554180387194435,56.91177920386414,1094713,56.91177920386414
MOS,2010-10-07,56.47675774206181,56.80310341706458,55.47335698813343,56.42400072358507,619484,56.42400072358507
MOS,2010-10-08,56.3100503146436,56.99043871494876,55.06319153980826,55.997733454103454,252208,55.997733454103454
MOS,2010-10-11,55.050457567905674,56.56531319293336,54.73425807744013,55.429957738752655,1280966,55.429957738752655
MOS,2010-10-12,56.98834697823272,57.084048684947085,56.729099345078126,56.9530639458269,509133,56.9530639458269
MOS,2010-10-13,56.63117268865481,57.85698072549986,56.048353695826826,56.97786041693841,782680,56.97786041693841
MOS,2010-10-14,59.44455966371398,60.1728696425793,58.627524634325916,59.279501654138116,1179136,59.279501654138116
MOS,2010-10-15,59.13650972272669,60.518530266247645,57.55788847939334,59.57577078631698,714985,59.57577078631698
MOS,2010-10-18,58.95603033773998,60.90542582319076,58.20480401299829,59.37319374661449,496512,59.37319374661449
MOS,2010-10-19,58.930551114729546,59.21818935470457,57.64783002426809,59.133728406393864,1462905,59.133728406393864
MOS,2010-10-20,58.2125948675313,59.66322256708808,56.98098411970981,58.32702499663357,877308,58.32702499663357
MOS,2010-10-21,58.6082461989579,59.78256092874094,57.016636097588595,58.60993457473671,143553,58.60993457473671
MOS,2010-10-22,58.61857216945182,58.97705049697991,57.88479149382674,58.524106220791026,1585308,58.524106220791026
MOS,2010-10-25,57.786192936226776,59.09582277110985,57.06468910984501,57.82225804338896,1176548,57.82225804338896
MOS,2010-10-26,57.24671972899033,58.63199183542197,55.90761459461478,57.77170423623433,1731564,57.77170423623433
MOS,2010-10-27,57.030877190014955,58.03557250434709,55.76998766882387,57.20998979479408,1105323,57.20998979479408
MOS,2010-10-28,57.05522586525059,58.3943329597961,56.66668180723836,57.560164411909774,855015,57.560164411909774
MOS,2010-10-29,57.968252271878704,60.07791003231519,57.60815354145468,58.41444072637032,1520839,58.41444072637032
MOS,2010-11-01,57.228692847698554,59.33321698790858,56.35838975840921,57.698562746184294,85497,57.698562746184294
MOS,2010-11-02,56.79660494695421,58.75507243572642,55.34659221573022,57.18765926544621,124323,57.18765926544621
MOS,2010-11-03,56.524345502319996,58.0280209624152,54.58129268157306,56.17279309481286,1499830,56.17279309481286
MOS,2010-11-04,57.63646826869711,57.70146161411061,56.23329309663071,57.48978607286752,53910,57.48978607286752
MOS,2010-11-05,55.49439749900181,56.16132072263916,55.0394026636642,55.4868724691379,151800,55.4868724691379
MOS,2010-11-08,55.02707029427581,56.504344186656645,54.11671329275157,54.77264313704613,1535871,54.77264313704613
MOS,2010-11-09,56.091620638213215,57.362308807032406,55.10891436109072,55.578934120945206,217640,55.578934120945206
MOS,2010-11-10,54.803266829604475,55.645680751199535,53.93476873875678,54.89364906328973,713522,54.89364906328973
MOS,2010-11-11,54.0331772526046,55.43361350784634,53.635556635941064,54.176841295489254,298396,54.176841295489254
MOS,2010-11-12,55.45847938213518,55.8048494619913,54.07792766284958,54.933563295749494,126798,54.933563295749494
MOS,2010-11-15,52.780595798812826,53.73032864483729,51.053162918970834,52.49572212950795,1261946,52.49572212950795
MOS,2010-11-16,52.83444013637971,53.67926011090166,51.092817117926316,52.543233737633194,1003095,52.543233737633194
MOS,2010-11-17,52.08414315157284,52.98032430752981,51.71748677041233,51.98024265663476,936228,51.98024265663476
MOS,2010-11-18,51.45155801132861,52.565682978979204,50.87273510069044,51.44434713028216,1128846,51.44434713028216
MOS,2010-11-19,52.63309412003875,54.132824805960844,51.44278934578675,52.579891986832905,790596,52.579891986832905
MOS,2010-11-22,52.734756243706336,53.15243413055095,52.19184543199651,52.57483930170019,1088967,52.57483930170019
MOS,2010-11-23,51.255575270183115,52.55064856761805,49.92662375031729,51.38214042592203,627342,51.38214042592203
MOS,2010-11-24,50.16991192360974,51.140911891115856,49.357302628921005,49.888248098568056,289877,49.888248098568056
MOS,2010-11-25,50.25114677600151,51.29910188041713,49.82748745488557,49.843209075013945,677529,49.843209075013945
MOS,2010-11-26,48.56299629612149,49.18788501921798,47.25729488389831,48.493859874356545,1646665,48.493859874356545
MOS,2010-11-29,49.5853783393027,51.11165649626107,48.308968699404865,49.70319915366987,393536,49.70319915366987
MOS,2010-11-30,48.81508702114157,49.51752086864294,47.8485818586504,48.624876438696134,259971,48.624876438696134
MOS,2010-12-01,48.3191545511928,48.80565426273891,47.80116559215457,48.62827031066517,529720,48.62827031066517
MOS,2010-12-02,47.21154780445591,48.17564488019998,45.40726810181452,46.77321482175246,1388509,46.77321482175246
MOS,2010-12-03,45.17648855840382,45.351144179706544,44.35823441652113,45.03419190145939,63683,45.03419190145939
MOS,2010-12-06,44.47057471070867,45.29278129820705,43.24741646963089,44.858539420349025,89162,44.858539420349025
MOS,2010-12-07,47.890235623181766,48.21781299154443,46.77241047932619,47.86175780882554,1499964,47.86175780882554
MOS,2010-12-08,47.57462706942463,48.34381515355162,46.92918404800946,47.337616382358874,89225,47.337616382358874
MOS,2010-12-09,47.803104038940475,48.51702205048905,47.428612056564404,48.01644501741799,348208,48.01644501741799
MOS,2010-12-10,47.12926965800159,47.78439652413749,46.74714429149462,47.55633549928782,1186280,47.55633549928782
MOS,2010-12-13,48.546075094818946,49.70857749636189,47.18457080672089,48.556599798132545,1531783,48.556599798132545
MOS,2010-12-14,48.80582073821823,49.491774279552054,48.172176382805944,48.482322977790815,1638562,48.482322977790815
MOS,2010-12-15,47.059315750236784,47.939122056604305,46.25771725508904,47.29433608820657,389464,47.29433608820657
MOS,2010-12-16,47.27643665393583,48.533559114506104,46.33118236887533,47.07213125841123,736832,47.07213125841123
MOS,2010-12-17,45.342444618541364,46.160521633895065,44.55306504072453,45.42621903138563,305475,45.42621903138563
MOS,2010-12-20,44.240728594682615,45.584396345907486,44.05096556561273,44.633834793995234,205620,44.633834793995234
MOS,2010-12-21,44.816264734764545,45.43548542629015,44.385988746828325,44.9926692479702,143667,44.9926692479702
MOS,2010-12-22,44.25160422795972,45.16484441789945,43.58786447062807,44.416921874484316,1700851,44.416921874484316
MOS,2010-12-23,44.39930373936049,45.366872928301554,43.823898179261356,44.042852346015025,1136904,44.042852346015025
MOS,2010-12-24,45.33099189883957,45.734172998254365,44.63623147626698,44.89839748940051,591646,44.89839748940051
MOS,2010-12-27,44.20279351278166,45.37925793748339,42.8833986913776,44.46087305608461,318368,44.46087305608461
MOS,2010-12-28,44.87418513375982,45.70338460158848,44.17264002543007,44.9366355119977,1285293,44.9366355119977
MOS,2010-12-29,44.83769574503608,45.421742373383076,43.138109701057076,44.41424724367791,100822,44.41424724367791
MOS,2010-12-30,45.17292600056984,46.224863971781645,44.23403358662706,45.25686104045617,1618901,45.25686104045617
MOS,2010-12-31,46.34200118563748,46.9241309690997,46.069284083782335,46.48221842495954,155422,46.48221842495954
MOS,2011-01-03,44.33986050681516,45.64643946895144,44.26543917971859,44.68853699606045,254792,44.68853699606045
MOS,2011-01-04,44.04589287658612,44.774122220630616,42.827426887278364,43.82389461080364,1644419,43.82389461080364
MOS,2011-01-05,43.58397129226417,43.951686935281515,42.30446594564877,43.63021446907655,1547581,43.63021446907655
MOS,2011-01-06,43.16523524806305,44.03062328033635,42.27404958822201,43.045857933356785,637977,43.045857933356785
MOS,2011-01-07,43.819137036171945,44.982225402983495,42.936637141143386,43.81050043332723,87573,43.81050043332723
MOS,2011-01-10,43.73209939814602,44.42801968940961,43.30829098797007,44.01862797043359,1547705,44.01862797043359
MOS,2011-01-11,42.92149028139252,44.25392325919486,42.271303965252436,43.201113988356695,897670,43.201113988356695
MOS,2011-01-12,44.85860778942556,45.31095798415081,43.66555744285459,44.46751040994091,1124683,44.46751040994091
MOS,2011-01-13,46.110261099349714,47.2461245402906,44.69629804574748,45.75382131112789,332344,45.75382131112789
MOS,2011-01-14,44.65559162775033,44.72411702467869,44.32772926502698,44.5570012378054,644957,44.5570012378054
MOS,2011-01-17,43.591117748163775,44.039856082693156,42.608211215175444,44.03032530417967,1046736,44.03032530417967
MOS,2011-01-18,44.731626839637215,44.94357736458279,43.46312957417763,44.791382448922924,522800,44.791382448922924
MOS,2011-01-19,45.68019764399706,46.87785404965778,45.056117947386,45.652415405307195,901666,45.652415405307195
MOS,2011-01-20,46.93010419238843,47.72979932372227,45.968997358365314,46.97761001168968,1245208,46.97761001168968
MOS,2011-01-21,49.81380890822705,50.701642359792324,48.96740476965036,49.39351999329745,1502196,49.39351999329745
MOS,2011-01-24,49.36976500855234,51.08625851675164,48.00845051627676,49.827313441135885,1242496,49.827313441135885
MOS,2011-01-25,51.30096299021392,51.378908347469334,51.09080092871921,51.14249438463483,1086271,51.14249438463483
MOS,2011-01-26,53.78768207542284,54.615678820680465,52.475571399255784,53.98869667954118,1614555,53.98869667954118
MOS,2011-01-27,54.05418585804767,55.097037632443005,52.94858835609101,53.98996257771162,147412,53.98996257771162
MOS,2011-01-28,53.325943441379785,53.97334198807008,52.33239588516684,53.16017158671325,648597,53.16017158671325
MOS,2011-01-31,53.387733835183,53.50251876722085,53.211742519422174,53.45099702943997,918211,53.45099702943997
MOS,2011-02-01,54.824758167746126,56.29126201405719,54.36840930404654,55.213044584076556,777158,55.213044584076556
MOS,2011-02-02,57.30842712539138,57.98134490239566,55.81691806257052,57.286614525456486,1565146,57.286614525456486
MOS,2011-02-03,57.97203780572409,58.00544535480011,56.506400550282706,57.47436023276998,1507906,57.47436023276998
MOS,2011-02-04,57.34268680374163,57.63602627178508,56.51581100253918,57.3015669942515,130564,57.3015669942515
MOS,2011-02-07,55.44478016104706,56.23074150027566,54.949312949059326,55.86607760691314,827398,55.86607760691314
MOS,2011-02-08,56.33671058328426,57.19970308442303,55.254802145167986,55.97381774205591,504089,55.97381774205591
MOS,2011-02-09,54.37279885785645,54.98279548728594,53.48761222624257,54.677082412582735,806046,54.677082412582735
MOS,2011-02-10,53.493965693682966,54.21455312825396,53.117712114054825,53.633179217508086,965124,53.633179217508086
MOS,2011-02-11,53.82948099893706,55.12025796454442,52.825115946826564,53.906289779229105,1705014,53.906289779229105
MOS,2011-02-14,52.3840574452632,53.82597367966094,52.36389907714131,52.55254168505905,1727622,52.55254168505905
MOS,2011-02-15,52.84595893458093,54.21058432911868,52.76317443179411,52.947139077663124,592555,52.947139077663124
MOS,2011-02-16,54.305899692795506,55.43831267936448,53.512929898711505,53.98685827749664,1028946,53.98685827749664
MOS,2011-02-17,52.5772290009665,53.72911220110743,52.392070808669736,52.86974778845242,256711,52.86974778845242
MOS,2011-02-18,52.23138078171004,53.1256168441395,51.28052236107623,52.262300664310686,907999,52.262300664310686
MOS,2011-02-21,50.28905334753495,52.22878951543316,49.657629356323746,50.77649904013266,1287676,50.77649904013266
MOS,2011-02-22,51.41197232973206,52.76596124021043,50.282436130345054,51.404091137440076,512928,51.404091137440076
MOS,2011-02-23,49.51372272212021,50.874018828309914,49.343850007440004,49.90126729708015,1091682,49.90126729708015
MOS,2011-02-24,50.40554756008178,51.33757947765914,49.6056493822211,50.62603819017916,1725651,50.62603819017916
MOS,2011-02-25,50.760413659246126,52.05296832915621,50.05404739506197,50.93882854204878,1021578,50.93882854204878
MOS,2011-02-28,52.776871436316554,53.32156211035496,52.56244027105453,53.221427223102935,1394856,53.221427223102935
MOS,2011-03-01,54.90976628966214,56.6237179939159,54.575824597100905,55.063320089167,248874,55.063320089167
MOS,2011-03-02,53.77624763327345,54.66177446702247,52.68202446154199,53.77833702710956,329179,53.77833702710956
MOS,2011-03-03,55.734498301348104,56.65325488599731,54.20864536096746,55.811411537290056,150414,55.811411537290056
MOS,2011-03-04,54.98805773583309,55.71249206117842,53.605811714284506,55.23060257953965,1375495,55.23060257953965
MOS,2011-03-07,54.133809324677394,54.362357270948586,53.060491552799,54.35683000521958,479082,54.35683000521958
MOS,2011-03-08,53.964060696761614,54.06320863736168,52.698588114778374,53.820271192938975,708115,53.820271192938975
MOS,2011-03-09,53.759416860757355,54.183592300676345,51.981370593646695,53.5256213557128,1532108,53.5256213557128
MOS,2011-03-10,56.010075642170264,56.92003704958479,54.97163310961224,55.92447690868305,1421799,55.92447690868305
MOS,2011-03-11,53.35936803681996,53.49316182346731,51.43814561264909,52.85598032264612,791328,52.85598032264612
MOS,2011-03-14,55.3725640069134,56.987314369404096,53.60140648065898,54.88423257581409,1194571,54.88423257581409
MOS,2011-03-15,55.37906557162281,56.515680299554,55.02599608004402,55.827394210561124,784455,55.827394210561124
MOS,2011-03-16,55.76692211440878,56.566085991556754,54.921851725871804,56.03434670090357,1640425,56.03434670090357
MOS,2011-03-17,55.787622905256164,56.66660680038749,54.3378244585585,55.379592587607036,1092641,55.379592587607036
MOS,2011-03-18,54.7737381137845,55.4016734388736,53.43523556345131,55.29387262857561,1441637,55.29387262857561
MOS,2011-03-21,56.37255640809087,57.81081876514073,56.04307219145738,56.26879992963253,1008021,56.26879992963253
MOS,2011-03-22,57.910480545575304,58.7101266481022,57.22300284690707,57.388816729787706,337762,57.388816729787706
MOS,2011-03-23,56.65471911641674,56.95782539571922,55.63777518796347,56.45293636596868,593228,56.45293636596868
MOS,2011-03-24,56.890139185303944,57.636563240842,56.75577841651081,57.35825908163773,97777,57.35825908163773
MOS,2011-03-25,56.98129400797854,57.59832339259397,55.78986910804528,56.70026737586004,630234,56.70026737586004
MOS,2011-03-28,56.37767219776166,57.48943455709166,54.86772446249862,56.51728723283785,485799,56.51728723283785
MOS,2011-03-29,58.54041336887134,59.27258860666107,56.3391491788239,58.05100437495253,319740,58.05100437495253
MOS,2011-03-30,58.753722720926646,60.06233152313368,57.2173912600515,59.005894695980786,1354982,59.005894695980786
MOS,2011-03-31,57.099109481754205,58.338806234566036,56.452729861159746,57.12969439549593,855287,57.12969439549593
MOS,2011-04-01,57.58612746709578,58.87920454537028,56.13606314336432,57.30349838175858,267770,57.30349838175858
MOS,2011-04-04,57.528003854095,58.50368514733582,56.92104142363476,57.808328031878894,1129043,57.808328031878894
MOS,2011-04-05,57.63120089148148,59.24792848254618,56.780523084939794,58.00033550371851,527521,58.00033550371851
MOS,2011-04-06,54.599944731072114,55.38255449585353,53.50742043445742,55.14844215671785,1762093,55.14844215671785
MOS,2011-04-07,53.667003999890966,54.50621718117144,52.40907057012545,53.67992816596801,1730654,53.67992816596801
MOS,2011-04-08,52.25538933503403,52.369067877895155,50.382877197442504,51.811245235960776,684852,51.811245235960776
MOS,2011-04-11,50.94577879176482,51.54412437740059,50.613191086263264,51.16940220210773,1754854,51.16940220210773
MOS,2011-04-12,50.859361190821296,52.2261276902425,50.583201239097264,51.328111546706424,1627611,51.328111546706424
MOS,2011-04-13,50.92918596115365,52.06045664465713,50.10788871127954,50.80681137247864,539027,50.80681137247864
MOS,2011-04-14,49.74519533461511,50.334227713459114,48.48728063013263,50.19071835103697,1141139,50.19071835103697
MOS,2011-04-15,48.48183264397615,48.783006413634865,47.40411543074417,48.47513121451451,536323,48.47513121451451
MOS,2011-04-18,47.17304232115815,48.69213945459347,47.10956426134587,47.285079865810616,1688056,47.285079865810616
MOS,2011-04-19,46.374927275682346,46.867729298835805,45.29801909383406,46.39773282503973,694712,46.39773282503973
MOS,2011-04-20,46.92594366562527,47.64729565700748,45.5981339217136,47.24471292206165,1513757,47.24471292206165
MOS,2011-04-21,47.28150519306803,47.794156813141754,46.643275046156255,47.67222495577225,1421450,47.67222495577225
MOS,2011-04-22,48.688206177989045,49.70312561258856,47.37420869950117,48.4469492098292,1542025,48.4469492098292
MOS,2011-04-25,48.66689543791795,49.66156057943945,48.6047501038838,48.91571327474118,255175,48.91571327474118
MOS,2011-04-26,50.04801018775323,50.28456342594479,49.11444630312404,49.749093658534434,942602,49.749093658534434
MOS,2011-04-27,48.66354875118722,49.587520972539075,48.36365237136024,48.413303019587204,991511,48.413303019587204
MOS,2011-04-28,49.45072030646182,50.53554894469992,49.13261860322273,49.75083838760945,908518,49.75083838760945
MOS,2011-04-29,51.24428155556194,52.11278803308932,50.40695830130404,50.82921979974066,420048,50.82921979974066
MOS,2011-05-02,50.12174051676772,51.96972024677884,49.8666678467494,50.463601551483336,835866,50.463601551483336
MOS,2011-05-03,51.78228345188302,51.82673242354143,50.86619211912754,51.476363798826085,867626,51.476363798826085
MOS,2011-05-04,52.68645248822789,54.21882296935781,51.12343715813524,52.77032171067427,1776236,52.77032171067427
MOS,2011-05-05,52.396429951525576,54.0625308653454,51.44144965816977,52.730725544716535,336736,52.730725544716535
MOS,2011-05-06,53.7890052418561,54.45923156304048,52.072487118907475,53.32178766981498,1459456,53.32178766981498
MOS,2011-05-09,53.27248600985197,54.68039207884086,51.88767185529962,52.78343953936042,365346,52.78343953936042
MOS,2011-05-10,54.23626947361723,55.29153574296156,53.36266913461505,54.22393579282827,476220,54.22393579282827
MOS,2011-05-11,53.71592295945594,55.18311884568444,52.31044218283222,53.74905977334832,367177,53.74905977334832
MOS,2011-05-12,54.54111246602809,55.51423098412412,52.52215712491258,54.107342844782366,1570048,54.107342844782366
MOS,2011-05-13,54.181569882680755,54.53290903613856,52.6794714644601,54.077593080044956,1327975,54.077593080044956
MOS,2011-05-16,53.213095894895,54.38746292190735,52.98549358396134,53.4632626656339,1620803,53.4632626656339
MOS,2011-05-17,51.59636976259672,51.95126055722931,51.21845864544503,51.673676417485424,1022075,51.673676417485424
MOS,2011-05-18,52.9753529582213,53.19916523348958,52.30426812086945,52.621746317163876,1730373,52.621746317163876
MOS,2011-05-19,52.97911923918766,54.01866687905851,51.45884584588023,52.60085250922969,1279480,52.60085250922969
MOS,2011-05-20,55.07636324999118,56.641870239086785,53.345533393127305,54.59672793387375,1788219,54.59672793387375
MOS,2011-05-23,55.73311072445972,56.9582779764945,54.12360382158845,55.97013204654151,186479,55.97013204654151
MOS,2011-05-24,57.56799447420199,58.94235141594676,56.45340217757792,57.36154710329855,574702,57.36154710329855
MOS,2011-05-25,57.731670220631955,58.52850000553505,56.662033177241206,58.23436226584196,1332800,58.23436226584196
MOS,2011-05-26,59.41251984936659,60.57856844037244,58.854101284313614,59.1452982506318,665823,59.1452982506318
MOS,2011-05-27,59.42595623235243,60.73269284656592,58.78449326098763,59.35093701588586,1086703,59.35093701588586
MOS,2011-05-30,60.06268697145766,60.440154890883626,58.520792390503274,60.36479333296863,382651,60.36479333296863
MOS,2011-05-31,60.026268332353276,60.20124067336905,59.81814158672156,59.841201141481335,327289,59.841201141481335
MOS,2011-06-01,56.5691501190179,58.32108259899661,56.17991035483755,56.98493258538852,710345,56.98493258538852
MOS,2011-06-02,57.6298898297463,58.58524795405401,57.14620939525694,57.822083152338244,926321,57.822083152338244
MOS,2011-06-03,58.58172344373441,59.412251391639685,57.204963165039224,58.698047008452235,1054794,58.698047008452235
MOS,2011-06-06,57.489977356437606,59.07733817506522,57.01040696013782,57.17308164262479,521716,57.17308164262479
MOS,2011-06-07,57.565571648411975,59.50623455859097,56.65705011312391,57.7865656127524,212644,57.7865656127524
MOS,2011-06-08,57.86178438343641,59.727343223578984,56.64261798888952,58.3884073521432,1289180,58.3884073521432
MOS,2011-06-09,59.31016855255743,61.11063745662507,58.69601221051233,59.691308667697115,1711305,59.691308667697115
MOS,2011-06-10,59.71199505873203,60.08517293006438,58.17419455195064,59.58318439979024,667591,59.58318439979024
MOS,2011-06-13,57.24083070680753,58.13453893949126,57.082100104335225,57.80121302723281,263441,57.80121302723281
MOS,2011-06-14,57.592865359290904,59.287275359516414,57.00801075410041,57.25821141473359,290503,57.25821141473359
MOS,2011-06-15,57.171185191172825,58.36336171337942,55.80573960256637,56.71618517831436,1728496,56.71618517831436
MOS,2011-06-16,56.59502974039502,57.76627784451569,55.22088672160897,56.60023967003388,1781688,56.60023967003388
MOS,2011-06-17,56.99344920816673,57.48277439592798,55.90043758351491,56.75775647372212,1252660,56.75775647372212
MOS,2011-06-20,56.4626502341048,58.00753999078588,55.021392897516215,56.50482906554981,1745138,56.50482906554981
MOS,2011-06-21,56.75793255730792,57.05181091654394,55.514676524522905,56.975850034363674,62708,56.975850034363674
MOS,2011-06-22,55.3724762321148,56.20534468576758,54.51320457988537,55.74612424195388,1244699,55.74612424195388
MOS,2011-06-23,56.19019283858275,56.493858110740064,54.52031816319964,56.16978940115304,593623,56.16978940115304
MOS,2011-06-24,55.810312613183804,57.000907446635324,54.94564854854043,55.33455763141363,298885,55.33455763141363
MOS,2011-06-27,55.557786690221725,56.75008455547167,53.79965040686321,55.12782037884618,1547688,55.12782037884618
MOS,2011-06-28,53.59539305127454,54.45516737934697,52.93665070003746,53.14933639477161,1602006,53.14933639477161
MOS,2011-06-29,54.692761358594986,54.70139114197412,52.597855525699195,54.18728818062028,706897,54.18728818062028
MOS,2011-06-30,53.51048613791726,55.283139531695376,52.75941031754506,53.871036389445706,675760,53.871036389445706
MOS,2011-07-01,51.496893519511794,53.350346494993005,51.1518400597837,51.86354247905794,1639216,51.86354247905794
MOS,2011-07-04,50.948525952410925,51.331914498180154,49.78376383173759,51.022241450225444,1477303,51.022241450225444
MOS,2011-07-05,50.65081632399042,51.930609579096696,50.017059908158046,50.45976401521933,877003,50.45976401521933
MOS,2011-07-06,49.43676491059877,50.94169078938835,49.02278315865097,49.496463664582464,222216,49.496463664582464
MOS,2011-07-07,50.054761363660774,50.545759715174555,49.12544027298134,49.66503548852438,1460480,49.66503548852438
MOS,2011-07-08,50.47279855183676,50.753008632751666,49.29582545490631,50.254296405160694,674086,50.254296405160694
MOS,2011-07-11,49.39201431522178,50.84049448256798,48.942394797193096,49.26002620747545,775956,49.26002620747545
MOS,2011-07-12,48.98508758485361,49.49753489842288,48.4390513783561,49.40897924644534,763852,49.40897924644534
MOS,2011-07-13,48.856132018170754,49.58255709889082,48.255770586260816,49.17544249851177,1323165,49.17544249851177
MOS,2011-07-14,49.30710578241433,50.4772572775339,49.039606749491924,49.37805834470873,1370199,49.37805834470873
MOS,2011-07-15,48.96355290419517,49.87038749994776,47.40237088013152,48.501455510547885,1586851,48.501455510547885
MOS,2011-07-18,48.805796056999945,49.97354244344924,47.682024964698954,48.96796945278795,1387534,48.96796945278795
MOS,2011-07-19,48.8297698100895,49.867048217880786,47.80670611730701,48.70316548090225,1108641,48.70316548090225
MOS,2011-07-20,49.05209877675684,50.061803204333735,47.22637057865892,48.57710597304489,1067558,48.57710597304489
MOS,2011-07-21,50.693663298472856,51.45699840299702,49.68596472755148,50.93404647079186,862252,50.93404647079186
MOS,2011-07-22,48.838723304920215,49.62596089159354,47.96881589467352,49.16649961841216,1502230,49.16649961841216
MOS,2011-07-25,49.760810023191276,50.40043529294615,48.961649529699876,49.71474108069706,72871,49.71474108069706
MOS,2011-07-26,50.21486246714182,51.431594057683505,49.04017984640686,50.16280311828272,885757,50.16280311828272
MOS,2011-07-27,51.243315103667925,52.685718653180494,50.67254268162008,50.81455546987629,283688,50.81455546987629
MOS,2011-07-28,50.94117305535132,52.130646280864326,49.84860465770839,51.42827068036251,331805,51.42827068036251
MOS,2011-07-29,51.543615871448665,51.772141839229064,51.31406758043979,51.639274805367855,1623037,51.639274805367855
MOS,2011-08-01,51.88102993614262,53.54237326234865,51.017136758006615,52.07647486432879,225426,52.07647486432879
MOS,2011-08-02,55.06267733939009,55.19553511430466,54.51963046778767,54.98454121082699,328057,54.98454121082699
MOS,2011-08-03,54.26693421514071,55.0663536961582,52.819476166477216,54.80475480700271,794831,54.80475480700271
MOS,2011-08-04,54.84468417104552,56.272309968495684,53.86806535537047,54.61414279164219,1699480,54.61414279164219
MOS,2011-08-05,53.44655391705191,54.34710802526602,53.38374228950916,53.46260366601231,1482153,53.46260366601231
MOS,2011-08-08,52.8024211333726,53.361101687797465,52.06476209231711,52.59133088473745,1183574,52.59133088473745
MOS,2011-08-09,52.7842308118865,54.315049526546055,52.49965401719242,52.839388567045035,637014,52.839388567045035
MOS,2011-08-10,53.216951987473685,54.778682310668444,52.03724465538094,53.244433747139254,497097,53.244433747139254
MOS,2011-08-11,53.55450025262915,54.08591517622661,52.81562055832986,53.1341562316534,674291,53.1341562316534
MOS,2011-08-12,53.53692306721913,55.2511700760242,52.49496613259927,53.84827579171441,1441219,53.84827579171441
MOS,2011-08-15,53.123643269006514,54.51303192192307,52.30300744927035,53.42550943459667,367964,53.42550943459667
MOS,2011-08-16,56.24817837920359,56.71136757039471,54.81269994959063,56.18134887241088,1746706,56.18134887241088
MOS,2011-08-17,56.546334736908726,58.14337176239823,55.496042341185316,56.36571163178978,855907,56.36571163178978
MOS,2011-08-18,56.981870223647455,57.25608375687525,56.1539837822182,57.14795563136099,528920,57.14795563136099
MOS,2011-08-19,57.36809106550843,57.91528334872567,56.695975907206645,57.34571342931818,1559172,57.34571342931818
MOS,2011-08-22,56.35652644990134,57.33857078729117,56.13442615847786,56.664946498177976,1530957,56.664946498177976
MOS,2011-08-23,55.69120354218019,57.2620730606112,54.52979326716262,56.09970971011933,1602981,56.09970971011933
MOS,2011-08-24,54.541624961357904,54.891855930836655,54.51566878054015,54.8286390148825,1212988,54.8286390148825
MOS,2011-08-25,53.4092509605605,54.83492049605232,52.726133168710184,52.96816065869248,942256,52.96816065869248
MOS,2011-08-26,54.328757266953474,55.40300458186856,53.03546196639181,54.00277706646852,572812,54.00277706646852
MOS,2011-08-29,52.970300745400934,53.79439734645231,51.7413849614748,53.354188745185525,607948,53.354188745185525
MOS,2011-08-30,52.81238007520921,54.348312101722684,51.34128263691125,53.295707864397336,1369126,53.295707864397336
MOS,2011-08-31,54.531685270272654,55.86459741210674,53.27914293621833,54.979011028662974,1314997,54.979011028662974
MOS,2011-09-01,56.06845006005293,56.869029401879104,55.87421143602816,56.301049056565795,1767107,56.301049056565795
MOS,2011-09-02,56.83439484593858,56.88315273864422,55.283028470239685,56.482667093273555,531881,56.482667093273555
MOS,2011-09-05,56.053482445590156,57.184508050495936,54.60390544853366,56.254452053162794,145839,56.254452053162794
MOS,2011-09-06,55.73923237534775,56.2301675561919,54.104971330358836,56.091876095830216,535943,56.091876095830216
MOS,2011-09-07,58.527807998865896,60.07549132011514,57.29465109889428,58.64998635373611,661547,58.64998635373611
MOS,2011-09-08,58.4232071228065,59.02214896034608,57.04936094575455,58.865814920552666,1705389,58.865814920552666
MOS,2011-09-09,62.50046307877562,63.342085719728544,60.817080004141914,62.537714487979564,501111,62.537714487979564
MOS,2011-09-12,61.14540201557957,61.94252733646123,60.842054157419525,60.93146657346628,425120,60.93146657346628
MOS,2011-09-13,60.84123557415417,62.019113310988345,59.504471874013184,61.00124351987939,365710,61.00124351987939
MOS,2011-09-14,62.05634771869315,62.5381337380505,60.20615663150547,62.464098995262646,721672,62.464098995262646
MOS,2011-09-15,63.7919038138339,64.24212347312846,63.685260815381596,63.85167219444469,148039,63.85167219444469
MOS,2011-09-16,65.02219069417751,65.41135081508006,63.864734710951346,64.68262086407353,1412385,64.68262086407353
MOS,2011-09-19,63.36322519552718,65.05268006758668,61.619747333502886,63.9043747881387,210472,63.9043747881387
MOS,2011-09-20,61.71329065547186,62.73977127962754,59.92006654451491,62.24745207414466,1466067,62.24745207414466
MOS,2011-09-21,61.81009339874803,62.30412357516649,60.155775417578255,62.03576619157409,1247209,62.03576619157409
MOS,2011-09-22,63.25908443502488,63.40163022676635,62.48382699690899,63.36674099540208,1012910,63.36674099540208
MOS,2011-09-23,65.21696458740816,67.24280263795276,63.38150799776652,65.58889054204812,1185677,65.58889054204812
MOS,2011-09-26,65.12652336016349,67.66496152961862,64.28275831490176,65.7486228498307,1444123,65.7486228498307
MOS,2011-09-27,65.26358238071174,67.01638627909152,64.5832898474924,65.6316979180305,79621,65.6316979180305
MOS,2011-09-28,65.83632857268023,66.73773806955941,64.15271611980569,65.92153892281743,1019967,65.92153892281743
MOS,2011-09-29,65.67074590235063,66.47023364285778,64.66289580146527,66.22781808886722,1712097,66.22781808886722
MOS,2011-09-30,68.1374626061134,69.10863577769508,67.77100458561496,67.84452105184626,452953,67.84452105184626
MOS,2011-10-03,71.09511185735296,72.07051202955878,70.67272352032849,71.02110666478927,82035,71.02110666478927
MOS,2011-10-04,70.78153852589983,71.76722412879874,70.19411761299982,70.87446881784615,1210833,70.87446881784615
MOS,2011-10-05,71.5871157071888,72.39956557438529,70.52500410739462,71.56033519174142,1081227,71.56033519174142
MOS,2011-10-06,70.89678481643655,71.95333151135922,69.39223115345715,70.67654823636573,1173800,70.67654823636573
MOS,2011-10-07,70.0875897635004,70.24146155604957,68.2586754361072,69.40080150585088,62974,69.40080150585088
MOS,2011-10-10,71.80805484735404,71.89055066242129,70.91078831304372,71.41510031007978,74648,71.41510031007978
MOS,2011-10-11,71.46089209136221,71.59801185935477,70.44851370992268,71.4032509444127,481342,71.4032509444127
MOS,2011-10-12,73.11334117401356,73.5520178873498,72.20644747996641,72.71987748061858,1055983,72.71987748061858
MOS,2011-10-13,73.725687479042,74.37757033685594,73.65905340004615,73.76223780726663,78612,73.76223780726663
MOS,2011-10-14,71.49666261661505,72.13292641687657,70.72560146228253,71.76807699223856,1731586,71.76807699223856
MOS,2011-10-17,70.5154588526314,71.3882428537913,69.67583880964551,70.8527729232292,558994,70.8527729232292
MOS,2011-10-18,70.82379972467932,71.36211847635977,69.56206370785031,70.96647174550927,1403296,70.96647174550927
MOS,2011-10-19,69.94233087217626,70.96504067246724,68.25690384884102,70.64556041087744,1618844,70.64556041087744
MOS,2011-10-20,70.55873509422386,71.6417787379928,69.23406697272549,71.01757122662971,457799,71.01757122662971
MOS,2011-10-21,70.77378937133729,72.15675647508756,69.75485316062192,71.30640062993857,1512978,71.30640062993857
MOS,2011-10-24,73.13482433901714,74.76777893374916,70.36937486772301,72.46762645884483,1648427,72.46762645884483
MOS,2011-10-25,71.79654155907896,74.50310072262661,70.66747996946675,72.4268758113815,732051,72.4268758113815
MOS,2011-10-26,72.55278097424134,74.55298564041959,72.2513318000414,72.5513694523204,1427847,72.5513694523204
MOS,2011-10-27,71.09353897976108,72.10861348753328,70.45228155862539,70.50172223962024,130994,70.50172223962024
MOS,2011-10-28,69.8245130453966,70.79090893090796,69.372746279703,69.6746842993037,1497693,69.6746842993037
MOS,2011-10-31,68.91958622958252,69.18602391094174,67.20758596593006,68.92610791037914,680671,68.92610791037914
MOS,2011-11-01,68.66568189175545,70.66743784419867,66.60136022849531,68.33358968375826,157083,68.33358968375826
MOS,2011-11-02,67.6469553475201,69.39299896457705,66.41573787454111,67.84591309196168,1631898,67.84591309196168
MOS,2011-11-03,68.27245010593154,70.43991151373459,66.68599731942835,68.69324508627372,348561,68.69324508627372
MOS,2011-11-04,71.70866646470168,72.21241339065216,70.52182653667529,71.2140387346895,930160,71.2140387346895
MOS,2011-11-07,68.70965336120467,70.1585992211387,66.82266250179059,69.32444729621108,261724,69.32444729621108
MOS,2011-11-08,69.49225516679192,69.70624635888579,67.91446576443788,69.06708648551215,168297,69.06708648551215
MOS,2011-11-09,67.35475682975701,69.80958090843295,65.90061392855866,67.89333279077371,1656353,67.89333279077371
MOS,2011-11-10,66.27309271567401,66.84137630587577,65.30467227390646,66.10707421519719,182876,66.10707421519719
MOS,2011-11-11,65.39814147135752,66.5980514577963,64.99999435500747,65.42817649999601,128147,65.42817649999601
MOS,2011-11-14,64.71376998949017,65.00929194772948,63.9279600713577,64.07489057132898,1683402,64.07489057132898
MOS,2011-11-15,64.2521158604582,65.94738400449904,64.18243971119416,64.39646597994927,507760,64.39646597994927
MOS,2011-11-16,64.79330883432573,65.15552546159509,62.95637895343247,64.20609695309335,884309,64.20609695309335
MOS,2011-11-17,63.71837384861791,65.39139210100113,63.4428195007649,63.84122926676079,1352020,63.84122926676079
MOS,2011-11-18,64.49255302607963,65.26987379889638,63.472433277525965,64.25903506174929,1010160,64.25903506174929
MOS,2011-11-21,62.630165351778295,63.715715876206936,61.87416410510028,62.45073032859196,1514629,62.45073032859196
MOS,2011-11-22,60.70179649494578,61.70329627533595,60.430697233538744,61.20804585275032,365535,61.20804585275032
MOS,2011-11-23,61.967462711361755,63.60856522573411,60.05800110269989,61.66730841176141,63229,61.66730841176141
MOS,2011-11-24,60.0751097626307,61.8046993825774,59.98032433826032,60.427197760709056,994791,60.427197760709056
MOS,2011-11-25,57.87962708284447,58.625588734971274,57.093732454148366,58.00905579076418,1771212,58.00905579076418
MOS,2011-11-28,60.270668501734846,61.32907696755011,58.73856146510599,59.93240908931739,1233938,59.93240908931739
MOS,2011-11-29,60.902804849887445,61.13847761832526,59.16882088102523,60.36637273743732,405810,60.36637273743732
MOS,2011-11-30,61.70886222813321,62.00593910227269,61.17472820229072,61.63514209117542,100812,61.63514209117542
MOS,2011-12-01,60.78334929422358,61.756510690903426,60.17405651957699,60.759793328710245,1519914,60.759793328710245
MOS,2011-12-02,59.11442517232577,60.25048400816851,58.628903214698724,59.10860484634713,162203,59.10860484634713
MOS,2011-12-05,59.84785845920478,60.84869128832253,58.13856752051993,59.47132800177555,743041,59.47132800177555
MOS,2011-12-06,58.75744439959859,59.74352592954908,56.735189226732075,58.183618838860994,991224,58.183618838860994
MOS,2011-12-07,59.56904620070481,60.89557167163758,58.914580339703406,59.41031248757689,516102,59.41031248757689
MOS,2011-12-08,59.57064993285987,61.33224712354386,58.3169511657316,59.715612656165135,1544864,59.715612656165135
MOS,2011-12-09,59.63253378254818,60.6672939892523,58.241490712368346,59.96996762169364,681920,59.96996762169364
MOS,2011-12-12,59.875823674246845,61.20900043517372,58.46504479141993,60.23867591202415,52523,60.23867591202415
MOS,2011-12-13,63.22669307300097,64.92058167401659,61.17562409137574,62.77951334186223,831489,62.77951334186223
MOS,2011-12-14,64.26059463980468,65.1556393162376,62.53976796667335,63.633988139732736,149964,63.633988139732736
MOS,2011-12-15,63.645816860612676,64.49577292944655,61.98922543039032,63.39478563006699,450846,63.39478563006699
MOS,2011-12-16,64.16963060279905,65.64523908978208,63.38743564158215,63.589908182159235,730646,63.589908182159235
MOS,2011-12-19,62.31686310267755,64.14943676878411,61.73570782184559,62.50438183210994,320473,62.50438183210994
MOS,2011-12-20,62.02490923902265,63.39753087289199,61.39163563455348,61.867030475111385,586040,61.867030475111385
MOS,2011-12-21,63.482541142515494,63.673225665362295,62.33216502792004,63.46770930552441,1739305,63.46770930552441
MOS,2011-12-22,63.51942377216776,64.42825411679166,62.75758994102984,63.54227591565962,913016,63.54227591565962
MOS,2011-12-23,64.71817860649834,65.12972724409173,63.580626995620996,64.54729141312511,614391,64.54729141312511
MOS,2011-12-26,63.17976087019409,64.02411760191403,61.601754341083584,63.42032836345582,1350613,63.42032836345582
MOS,2011-12-27,64.7137564338324,65.62380218237682,62.688938209732555,64.53226287924716,1476592,64.53226287924716
MOS,2011-12-28,64.51819448553773,64.94697337704426,63.685454644180666,64.29590870036063,761439,64.29590870036063
MOS,2011-12-29,65.04605441387997,66.05283790255042,62.90824052462254,64.6117172211386,376423,64.6117172211386
MOS,2011-12-30,65.00937057480326,66.26393938134916,62.881078026999695,64.71107656049846,1571399,64.71107656049846
MOS,2012-01-02,64.73552992012647,66.67497078679095,63.65159950056936,64.96971395167748,1312301,64.96971395167748
MOS,2012-01-03,64.78355309660914,65.25874276236637,64.2744056195553,64.84736285987333,887435,64.84736285987333
MOS,2012-01-04,66.06374797539154,67.18939222086335,65.6056654600002,66.56917052667936,1105096,66.56917052667936
MOS,2012-01-05,64.2867061565862,65.38672829072637,64.04267949019854,64.60028350695444,895129,64.60028350695444
MOS,2012-01-06,65.34681744646379,65.78701994938683,63.75024793861256,65.31945504843688,1693691,65.31945504843688
MOS,2012-01-09,63.95098908294469,65.10789027643588,63.92340905591809,64.46573406956324,1051941,64.46573406956324
MOS,2012-01-10,63.3443844347917,65.02304328252382,62.80571359167104,63.255060324789255,65106,63.255060324789255
MOS,2012-01-11,65.91713615456003,66.33689877481274,64.25051367583256,66.06210395629631,827637,66.06210395629631
MOS,2012-01-12,64.22514664075192,65.69137614084339,63.91825567784106,64.82835336662204,741455,64.82835336662204
MOS,2012-01-13,62.434383183829524,63.09956032050515,61.49591812065797,62.516344760489574,1786359,62.516344760489574
MOS,2012-01-16,63.47379975666045,63.90044269183769,61.69630428914541,63.752858544096924,701222,63.752858544096924
MOS,2012-01-17,62.59521382213343,63.32413908778766,60.9653128957026,63.142052570191595,1170236,63.142052570191595
MOS,2012-01-18,64.53817425562914,66.33193930874668,63.44210943504651,64.80599167648023,1308615,64.80599167648023
MOS,2012-01-19,61.69518615506934,63.534372224765235,60.82622206537064,61.95030354680812,887650,61.95030354680812
MOS,2012-01-20,64.14296955403276,65.76025997057916,64.04192978512653,64.32943011761387,620151,64.32943011761387
MOS,2012-01-23,65.41021612241298,66.64632785153901,63.87120362213273,65.58536187172436,1344132,65.58536187172436
MOS,2012-01-24,65.23990418821492,66.84604100992053,64.21062304727171,65.33166708159123,1197126,65.33166708159123
MOS,2012-01-25,62.59424854735782,63.39708118503532,61.140602538462474,63.10927306615494,268316,63.10927306615494
MOS,2012-01-26,60.84931030966419,62.89587189320262,60.04317990430277,61.45739710549711,909555,61.45739710549711
MOS,2012-01-27,60.9123002371535,61.6861457271808,60.46120519382437,60.62613603915353,774034,60.62613603915353
MOS,2012-01-30,61.32393693960896,62.90895330733602,60.52871983812326,61.524079137959255,1475749,61.524079137959255
MOS,2012-01-31,60.620918441294265,61.035109765219424,59.59450647055986,60.48348571733023,1588392,60.48348571733023
MOS,2012-02-01,57.82918095340411,59.50318091768013,57.39568660113623,58.05322597748822,883427,58.05322597748822
MOS,2012-02-02,58.90397098964257,59.90790060555967,56.84720860426132,58.33903058834722,1355499,58.33903058834722
MOS,2012-02-03,59.32162422598248,59.55452831038841,59.15365206388303,59.54142173643059,1323528,59.54142173643059
MOS,2012-02-06,62.388256519526614,63.36014171816345,61.468597476420285,62.25746056457719,314578,62.25746056457719
MOS,2012-02-07,60.66116201862668,61.57065047931416,60.090296956883776,61.00281284888711,197563,61.00281284888711
MOS,2012-02-08,59.92211915667081,60.02548815925728,59.57545981301029,59.90079162551888,726837,59.90079162551888
MOS,2012-02-09,56.50002397800688,57.25821405310975,55.792890970101276,56.410522133495995,1095075,56.410522133495995
MOS,2012-02-10,54.34841828295901,55.2064588231449,53.76342036288256,54.69537947319154,96381,54.69537947319154
MOS,2012-02-13,53.146217326240915,53.87762530803202,52.71512939647746,53.54927694329775,502356,53.54927694329775
MOS,2012-02-14,53.108610839218926,53.66485237620803,51.1144217210321,52.6102848634925,1333178,52.6102848634925
MOS,2012-02-15,52.47328740632995,52.75602483864341,51.098853553856834,52.06378737622893,254410,52.06378737622893
MOS,2012-02-16,52.87404309020339,53.349611365207636,52.646712400415616,52.705315316849166,1242520,52.705315316849166
MOS,2012-02-17,53.653123115927286,53.83876460147715,52.08260838388641,53.268466965504985,1174828,53.268466965504985
MOS,2012-02-20,52.309790339542644,52.86975402905497,51.591454693646625,52.736363846011805,756896,52.736363846011805
MOS,2012-02-21,53.01138194500533,54.45862356720408,51.463937952505695,52.76930145711182,471323,52.76930145711182
MOS,2012-02-22,51.14066486387768,52.75190173274638,50.102418820464194,51.360895921959724,1502344,51.360895921959724
MOS,2012-02-23,50.83498133850214,52.09773020316883,50.36373392444484,50.79486031572917,325609,50.79486031572917
MOS,2012-02-24,49.76691253397612,50.11079025541618,48.974665816234776,49.50472174708777,1366640,49.50472174708777
MOS,2012-02-27,48.33219495421518,49.84983108069656,47.482973680780844,48.78740157952333,498291,48.78740157952333
MOS,2012-02-28,50.860461529067564,51.760252465554665,50.568922188172444,50.66303963922249,972972,50.66303963922249
MOS,2012-02-29,50.76159146040217,50.90592547503887,50.41902201089742,50.82780301927905,1048165,50.82780301927905
MOS,2012-03-01,50.17791144316673,51.59434223730512,49.075889844867426,50.23852636349844,653901,50.23852636349844
MOS,2012-03-02,51.15420937926817,52.68573891851912,49.9271842682569,50.74089626275723,339361,50.74089626275723
MOS,2012-03-05,50.71690104963862,51.79522570310198,50.170367558493346,50.354613317444546,1401184,50.354613317444546
MOS,2012-03-06,51.64859605007619,52.47164631595839,50.13394536622375,52.10973200975859,879739,52.10973200975859
MOS,2012-03-07,52.62235902944767,53.49758925086601,51.83896509688244,52.49813224668217,1166851,52.49813224668217
MOS,2012-03-08,51.23454366082022,51.46870374331105,50.05403892538484,51.30036596545084,1283623,51.30036596545084
MOS,2012-03-09,52.296589083920246,53.171772755401115,50.82781864576237,52.69940811433108,522597,52.69940811433108
MOS,2012-03-12,53.75312981899538,54.90977249674557,53.238818908242884,53.37835888133353,701499,53.37835888133353
MOS,2012-03-13,53.43871349698877,54.387472682165594,53.14418553016992,53.90062995885119,761552,53.90062995885119
MOS,2012-03-14,54.310498828155346,55.06565084100554,52.98308543156041,54.82354037499837,1418274,54.82354037499837
MOS,2012-03-15,55.31601322689861,55.66516848147974,55.04542912286035,55.652694733229104,1057901,55.652694733229104
MOS,2012-03-16,56.02664270324433,57.2139133457928,54.5919585019068,56.247832516123395,847094,56.247832516123395
MOS,2012-03-19,55.59025700268144,57.71257028198339,54.716647263679974,56.08279769313551,956958,56.08279769313551
MOS,2012-03-20,57.2965745299721,58.128749426817606,56.66505857201471,57.13509764967442,1509193,57.13509764967442
MOS,2012-03-21,56.88360274042539,57.318476032166394,56.088038223208976,56.9551953934897,970994,56.9551953934897
MOS,2012-03-22,58.416484350306625,59.33258128679569,58.154978369748115,58.5192572021607,1740436,58.5192572021607
MOS,2012-03-23,58.7090025175585,60.19641891318595,58.034220960192094,59.12841129660814,1035854,59.12841129660814
MOS,2012-03-26,59.29712146041705,60.798332893016116,58.28661249525313,59.37099193669197,486165,59.37099193669197
MOS,2012-03-27,60.0197994170608,60.968818852308004,59.885046727063646,60.151934034313534,1604776,60.151934034313534
MOS,2012-03-28,60.22258241365872,60.67625348898363,58.48147768037073,60.36305603400591,1353050,60.36305603400591
MOS,2012-03-29,61.60539011780064,62.303548382056356,60.65986848099472,61.95410871665969,784549,61.95410871665969
MOS,2012-03-30,62.65821126298881,64.875691111399,62.02056660541885,63.17060403368241,207304,63.17060403368241
MOS,2012-04-02,62.980742396063825,63.7321148743619,62.670987467631484,63.28360770403863,1090107,63.28360770403863
MOS,2012-04-03,59.47729063416253,60.776306110410125,58.46298536844808,59.278978543851096,273926,59.278978543851096
MOS,2012-04-04,59.823150713066866,60.825373444159474,59.617689992110364,60.33853418930803,689565,60.33853418930803
MOS,2012-04-05,60.72346931849498,62.18246729516161,59.6783154895501,60.86671982379225,746954,60.86671982379225
MOS,2012-04-06,63.957523777035384,64.10788228038312,62.629273376798004,63.939139700659965,1454872,63.939139700659965
MOS,2012-04-09,62.88311816860105,63.27436381746869,62.25702567934912,62.30597565736364,178787,62.30597565736364
MOS,2012-04-10,62.478604765246466,63.24465735846097,61.43234317488348,62.05190483901437,140319,62.05190483901437
MOS,2012-04-11,60.66794437399524,61.60584030241746,59.130150478975345,60.16662005201591,1248265,60.16662005201591
MOS,2012-04-12,59.68862335407138,60.320638244621556,59.09231014008337,59.30904364624374,993056,59.30904364624374
MOS,2012-04-13,61.32977284514898,62.38498162831512,60.63859899489639,61.22065977936846,863072,61.22065977936846
MOS,2012-04-16,59.646576107436154,60.2287920090738,58.57602829211184,59.21926551599121,1509489,59.21926551599121
MOS,2012-04-17,57.67361760343999,58.847458453134365,57.129380685260344,57.598454556654815,271161,57.598454556654815
MOS,2012-04-18,58.12844597945342,59.18830922034337,57.672067534268685,58.29429559029202,324685,58.29429559029202
MOS,2012-04-19,58.39147117950456,59.77926824881572,57.50330780085713,58.54093555379817,67354,58.54093555379817
MOS,2012-04-20,58.248288650624794,59.00140225868114,57.15872426676681,58.17212770768434,480690,58.17212770768434
MOS,2012-04-23,55.59912301839885,57.0611021867445,55.10676458842429,55.25714799781146,1465613,55.25714799781146
MOS,2012-04-24,56.288262098535085,57.35377783564607,55.439290568350806,56.703727259533565,1147633,56.703727259533565
MOS,2012-04-25,55.93335013767224,56.97540964735543,54.617498450739696,56.45355243935568,933683,56.45355243935568
MOS,2012-04-26,55.6420810505392,56.5720021419654,54.527720212985784,55.32169252054391,354583,55.32169252054391
MOS,2012-04-27,55.863471147217034,56.716795368021984,54.08560303102968,55.699056367554945,583650,55.699056367554945
MOS,2012-04-30,57.51275200081717,58.40666938098446,56.671189565563296,57.14552309076782,63171,57.14552309076782
MOS,2012-05-01,57.39973520297981,58.77066489520336,55.368550916727315,56.857680766962424,643009,56.857680766962424
MOS,2012-05-02,55.85703471440822,57.12739708020714,54.36854125800643,56.13615037760209,688333,56.13615037760209
MOS,2012-05-03,55.85060414707328,57.68658752275787,55.76072289270573,56.194184409327974,600263,56.194184409327974
MOS,2012-05-04,56.46731053646841,57.69958221233787,56.082017161542964,56.64747380789023,565030,56.64747380789023
MOS,2012-05-07,57.64437395696283,57.68190242292701,56.206502713325136,57.211895168546505,569489,57.211895168546505
MOS,2012-05-08,56.39343724935833,58.43399239347934,55.1069497964734,56.9470032734098,822423,56.9470032734098
MOS,2012-05-09,57.82423965901699,59.86709690603698,57.552738340129174,58.395897823169776,627884,58.395897823169776
MOS,2012-05-10,57.06478015322722,57.47395649929984,57.01099747149886,57.38985189944947,131065,57.38985189944947
MOS,2012-05-11,57.066519665704426,57.423512549264075,56.224824060964345,57.20849249900006,1137794,57.20849249900006
MOS,2012-05-14,56.79693156105598,57.97408709082785,56.081419843492284,57.02234535330655,1115158,57.02234535330655
MOS,2012-05-15,55.65571381447515,55.72726352207308,54.04068620329908,55.296378216010964,51147,55.296378216010964
MOS,2012-05-16,55.93164082598985,56.62155981650541,55.03360150164166,55.72021338972904,235500,55.72021338972904
MOS,2012-05-17,56.22026938082411,57.86532053217658,54.83878473685706,55.842956747079825,155054,55.842956747079825
MOS,2012-05-18,55.51694700633677,55.93474389983481,55.25975669845801,55.64631322751147,1196141,55.64631322751147
MOS,2012-05-21,56.34240765653003,56.690765703200555,55.18381555009151,56.23465049900988,644530,56.23465049900988
MOS,2012-05-22,56.04920735794151,57.18647107840328,55.44150038200984,56.031887398159725,276200,56.031887398159725
MOS,2012-05-23,57.63648654604297,57.7417156787513,56.25920393404739,57.66563473856381,932542,57.66563473856381
MOS,2012-05-24,57.986945973586636,59.66748546989451,56.405072819409874,58.233736811855884,971539,58.233736811855884
MOS,2012-05-25,58.93966465809302,59.29158953969898,57.004300896752206,58.694064474583655,1278656,58.694064474583655
MOS,2012-05-28,57.94829519785248,58.872374926281275,56.90507654557304,57.92045908166134,1125434,57.92045908166134
MOS,2012-05-29,55.30501839429399,56.19133134515934,53.91718661080158,55.7750877313845,911885,55.7750877313845
MOS,2012-05-30,56.13661344034388,57.82387003318715,56.125633439182444,56.70305154002512,1517685,56.70305154002512
MOS,2012-05-31,54.078583115095114,55.56432046441671,53.75148889450392,54.60241791025503,276064,54.60241791025503
MOS,2012-06-01,53.86483646935076,55.868047989550924,53.369344318141884,54.3255716038258,1037008,54.3255716038258
MOS,2012-06-04,55.173393813804225,56.05562786973948,54.84784618414677,55.31616018649774,520033,55.31616018649774
MOS,2012-06-05,54.16334003080446,55.80181518126649,52.96537790317994,54.37467734192534,1398542,54.37467734192534
MOS,2012-06-06,53.51859897045182,54.81956864276612,53.32475029601419,53.888660617040074,470220,53.888660617040074
MOS,2012-06-07,52.42810929131829,53.86641572747202,52.40505359477248,52.41191474156379,297601,52.41191474156379
MOS,2012-06-08,51.94712459441129,52.401904107589885,50.366793440682564,51.46318394322148,1056711,51.46318394322148
MOS,2012-06-11,50.317075678895456,51.49640479133114,50.293902683908264,50.660863705718654,1136207,50.660863705718654
MOS,2012-06-12,49.95639185611647,50.79429668768485,48.937875762983566,50.206832105770836,719791,50.206832105770836
MOS,2012-06-13,50.31565138126648,50.453361973322465,48.82387752892233,50.353816530334406,1235822,50.353816530334406
MOS,2012-06-14,50.747814289947534,51.62209631924304,49.64459952995612,50.605268607345984,134064,50.605268607345984
MOS,2012-06-15,52.222765986746204,53.467070103860195,52.114383451678506,52.11826886718883,1459728,52.11826886718883
MOS,2012-06-18,51.64803092645612,52.50983559138804,51.06107019021178,51.62614218619311,149373,51.62614218619311
MOS,2012-06-19,52.473110376855786,52.91284894323522,51.74816140193018,52.22528238769469,1125435,52.22528238769469
MOS,2012-06-20,51.93366826569462,52.34471655579539,50.398304085709626,51.57681287815728,1794432,51.57681287815728
MOS,2012-06-21,53.8984854952301,54.28305960969782,51.99856582299013,53.36592884567868,531616,53.36592884567868
MOS,2012-06-22,53.47904278806406,55.088735244939144,53.29535902183517,53.515957506931784,1351153,53.515957506931784
MOS,2012-06-25,53.83771541196069,54.48250745338702,52.371831015241206,53.30999273443842,1301612,53.30999273443842
MOS,2012-06-26,52.72460281546592,53.2258077884349,50.91464593723799,52.48265837934086,124496,52.48265837934086
MOS,2012-06-27,53.63526156978055,54.30860091081651,52.334972958213925,53.467009711016104,884230,53.467009711016104
MOS,2012-06-28,53.77386656506238,53.960673632532625,52.330215836858684,53.624059105675315,884074,53.624059105675315
MOS,2012-06-29,54.305147310936135,54.6244933917138,53.22241506635692,53.86267160965086,1631315,53.86267160965086
MOS,2012-07-02,53.2173781437195,54.02985127525402,52.358956125598034,52.74485355620436,1318214,52.74485355620436
MOS,2012-07-03,51.60218398800885,53.18081145213181,50.82427874149219,51.93614030054455,1072543,51.93614030054455
MOS,2012-07-04,50.13346947602303,51.4583867681266,48.90905828646487,50.140064056627686,243715,50.140064056627686
MOS,2012-07-05,50.08194384710296,51.38304986218003,48.24065809624416,49.643640295714434,626383,49.643640295714434
MOS,2012-07-06,49.06584594007622,50.57574057446793,48.05538489684167,49.181804012912394,98394,49.181804012912394
MOS,2012-07-09,47.62591765164219,48.06258229875966,47.34868246978055,47.881916849452374,272771,47.881916849452374
MOS,2012-07-10,47.44720103225683,47.886066316855135,46.62092729240958,47.82728139731125,1064781,47.82728139731125
MOS,2012-07-11,47.6001715717966,47.75115629538609,46.44208253801997,47.507799683099805,1057699,47.507799683099805
MOS,2012-07-12,47.02011024965714,47.867519259156715,45.45666667646549,46.83252460513353,1578217,46.83252460513353
MOS,2012-07-13,45.76431599786853,46.812873620538156,45.07244473333576,46.04468393266703,823609,46.04468393266703
MOS,2012-07-16,46.373970623839924,47.30777089625738,45.776518150170375,46.21348218683923,597143,46.21348218683923
MOS,2012-07-17,45.87237932705557,46.38306364571168,44.40324612057469,45.508656674701484,944567,45.508656674701484
MOS,2012-07-18,46.81606251070279,47.610206594358814,46.1660526241769,47.05739215421329,1313961,47.05739215421329
MOS,2012-07-19,46.543839219831675,47.665988973892844,45.735007912690044,46.89839115483761,1093354,46.89839115483761
MOS,2012-07-20,48.11049779587196,48.224600665000416,47.36545090214544,47.78990023207561,596912,47.78990023207561
MOS,2012-07-23,47.10288971437563,48.23317842718886,46.51846339143489,46.71381368955511,1609164,46.71381368955511
MOS,2012-07-24,46.31055617034375,47.865661214507455,45.347827623414894,46.57616893712463,461830,46.57616893712463
MOS,2012-07-25,45.90666386764768,46.44011564556644,45.57373184748425,45.70430299366518,946326,45.70430299366518
MOS,2012-07-26,46.19702855313064,47.222010009310985,45.70777534102434,46.11317684755826,897413,46.11317684755826
MOS,2012-07-27,45.82949147802359,46.82833588394614,44.505705855238936,46.06979479574802,501373,46.06979479574802
MOS,2012-07-30,48.27007739833714,48.61184199178425,47.65926997021578,47.95962735544393,987635,47.95962735544393
MOS,2012-07-31,47.58220739241136,47.707193406820494,46.86080459619374,47.610357097285416,615908,47.610357097285416
MOS,2012-08-01,46.14926736384794,46.48970900105168,45.88989316535506,45.965100032260835,1109617,45.965100032260835
MOS,2012-08-02,45.74203082120128,46.75782061409077,44.813876754210376,45.92442165486548,388297,45.92442165486548
MOS,2012-08-03,46.4138598002266,46.46987637575468,45.55693838488345,46.12256664235243,1689510,46.12256664235243
MOS,2012-08-06,45.34358892921154,46.701228297250026,45.28393424585912,45.5583638504874,954865,45.5583638504874
MOS,2012-08-07,44.763943215534894,46.19189983848946,43.785170285816456,44.88532458502996,1304534,44.88532458502996
MOS,2012-08-08,43.73355335436627,43.93848199293875,43.0407529191789,43.82868861402182,1297321,43.82868861402182
MOS,2012-08-09,44.01026656050179,44.597838378865134,43.68348436948114,44.270197396153456,1391927,44.270197396153456
MOS,2012-08-10,45.1510516157722,46.06621866310041,44.40019354360835,44.81550055507098,1493632,44.81550055507098
MOS,2012-08-13,46.71787589614659,48.22038199154662,46.491812672926045,47.081829891553745,690886,47.081829891553745
MOS,2012-08-14,46.99791249640818,47.48574249777056,46.26244578788683,46.9386486360317,209312,46.9386486360317
MOS,2012-08-15,47.394228464451565,48.12680830086829,46.13597918460319,47.09830898912307,1732270,47.09830898912307
MOS,2012-08-16,46.96006259935411,48.21637492095518,46.23028375539315,46.88419933005329,83510,46.88419933005329
MOS,2012-08-17,49.35783433341786,50.10047778947119,48.39529738136557,49.52930827016266,559220,49.52930827016266
MOS,2012-08-20,50.448151220817316,50.57155487531495,48.92641065206475,50.16586283360038,1660173,50.16586283360038
MOS,2012-08-21,50.18321818214046,51.681878127510295,49.513226606814506,50.1840438211906,106718,50.1840438211906
MOS,2012-08-22,52.02066636919178,52.6569092980269,50.535550037534705,52.37365131940526,1007953,52.37365131940526
MOS,2012-08-23,52.13581561661645,52.404056156628684,50.628947645708024,52.327477273076596,1554650,52.327477273076596
MOS,2012-08-24,56.32159903212999,57.01545904977409,54.640584702379535,56.21822516389942,859823,56.21822516389942
MOS,2012-08-27,58.33894308405894,58.55152468772474,57.58310066106332,58.154272432436414,528941,58.154272432436414
MOS,2012-08-28,58.20389982611778,59.91288282202567,57.11344969293812,58.14792420292018,1058656,58.14792420292018
MOS,2012-08-29,58.502573085106135,59.441939724666305,57.61470617959629,58.77055572850295,64295,58.77055572850295
MOS,2012-08-30,59.050316430828985,60.513248692140515,57.7788029766314,58.9398011913613,1073916,58.9398011913613
MOS,2012-08-31,59.660950301856026,60.17870064338735,58.325087138431236,59.8615445018945,1731015,59.8615445018945
MOS,2012-09-03,58.85939243505357,59.43147593268348,57.726299386971576,59.18500337727124,883468,59.18500337727124
MOS,2012-09-04,62.310131937124495,63.52385815509907,60.26531208322949,61.75981657200121,1342973,61.75981657200121
MOS,2012-09-05,60.746127905523075,62.63514863823772,60.160701509534654,60.971878231967,1051234,60.971878231967
MOS,2012-09-06,61.10363955021687,61.515836281894124,59.4570226333261,61.30518592190937,1008146,61.30518592190937
MOS,2012-09-07,62.27070165434333,63.3714993911801,60.885058558084765,61.78044116595175,896104,61.78044116595175
MOS,2012-09-10,60.96953289105517,61.56484556022146,60.01260447731999,61.40836569968124,421656,61.40836569968124
MOS,2012-09-11,59.95339011273028,61.41414776725373,58.59868577517105,59.85212645229351,523620,59.85212645229351
MOS,2012-09-12,60.50410241237983,62.15460455594757,58.54246477340858,60.16272630635576,1769533,60.16272630635576
MOS,2012-09-13,60.20935525627149,61.6240874627295,59.67353602644629,60.48314377531875,468396,60.48314377531875
MOS,2012-09-14,60.51621098481102,61.76588847751085,59.32645520287665,60.10260760497289,156973,60.10260760497289
MOS,2012-09-17,60.094306114427575,60.194248590656464,59.43031802864001,59.77195716993461,1031080,59.77195716993461
MOS,2012-09-18,59.960379986236376,60.10836944075982,58.58523131318105,59.97706072567616,794560,59.97706072567616
MOS,2012-09-19,61.05234844502603,61.85310003985175,60.67058343760526,61.52149201955211,1071660,61.52149201955211
MOS,2012-09-20,63.60807936148521,64.1306104479296,61.677043786835576,63.015597688778286,1136049,63.015597688778286
MOS,2012-09-21,63.80866379730951,65.26322590212241,61.95599566205184,63.65051743649074,836573,63.65051743649074
MOS,2012-09-24,63.14433589713637,63.96918261612096,61.4845560477908,63.12274993129515,1627519,63.12274993129515
MOS,2012-09-25,63.19492725564645,63.34327675349848,61.246027557235855,62.71148493851564,756610,62.71148493851564
MOS,2012-09-26,62.3257625408713,64.02071178008057,61.73197670455224,62.423947657915406,1469786,62.423947657915406
MOS,2012-09-27,61.958344105908445,63.80561981050556,60.47608214514963,61.879582101750785,899403,61.879582101750785
MOS,2012-09-28,60.9736063811661,61.805944203100495,59.82019717373763,60.53964249743923,668426,60.53964249743923
MOS,2012-10-01,59.48710261681517,60.52997116785521,58.16028344594081,59.61471126500885,1267805,59.61471126500885
MOS,2012-10-02,60.69099298235584,60.83393745706367,59.212655858240254,60.36215015323569,821334,60.36215015323569
MOS,2012-10-03,59.31419734454329,60.289796570270234,59.117964495302004,59.60490504234226,75785,59.60490504234226
MOS,2012-10-04,59.90865162026849,60.576880556295116,58.77280124615084,59.66716059929422,1328759,59.66716059929422
MOS,2012-10-05,59.69987418233919,61.429603136680285,58.971619485856905,59.687417581080396,1761324,59.687417581080396
MOS,2012-10-08,59.857458538722774,61.45527599553895,58.40162368162467,60.26132172599423,928672,60.26132172599423
MOS,2012-10-09,59.0504320045084,60.87927162383711,57.511883751388545,59.48346273783581,365101,59.48346273783581
MOS,2012-10-10,55.616591490255885,55.8779991938996,54.63748407425911,55.663696105945256,152808,55.663696105945256
MOS,2012-10-11,55.225573482164904,55.916324266496005,54.75508190535439,54.99366836238667,345885,54.99366836238667
MOS,2012-10-12,54.10743517473456,54.418368099735886,52.76627407151406,53.995884010266494,1199818,53.995884010266494
MOS,2012-10-15,52.14088235031069,53.48641271978311,51.185984676329156,51.773574694181946,1326585,51.773574694181946
MOS,2012-10-16,51.10254459530888,51.44968053624276,50.90645833302902,51.21556541566606,1360805,51.21556541566606
MOS,2012-10-17,50.87696825015206,51.546821362405474,50.43025904526099,50.52968566514858,916407,50.52968566514858
MOS,2012-10-18,50.05001593907958,50.599090645808985,50.04069202237665,50.51778184891592,1713435,50.51778184891592
MOS,2012-10-19,50.93372884534579,52.042615628237165,50.571524573246364,51.070798152191244,997899,51.070798152191244
MOS,2012-10-22,52.60130284280294,53.82145237387384,51.141632655168145,53.05440544159185,1707292,53.05440544159185
MOS,2012-10-23,53.6168592158014,54.41784164576345,52.96599142672189,53.17102635898876,624584,53.17102635898876
MOS,2012-10-24,53.193927445560576,53.38245064438893,53.01142473267453,53.22020526597097,434660,53.22020526597097
MOS,2012-10-25,55.22111790543978,56.27952894780299,54.48769780938369,55.42490814838339,668288,55.42490814838339
MOS,2012-10-26,54.0340818755416,54.95624452451113,52.52236765583449,54.0422014942707,113927,54.0422014942707
MOS,2012-10-29,52.798804416539355,54.32390857916576,51.93574333368501,52.764142516693994,1414536,52.764142516693994
MOS,2012-10-30,53.795553222023344,53.84917020082926,52.16053495622732,53.42559967338921,440996,53.42559967338921
MOS,2012-10-31,54.92520174132108,56.44560867584469,53.96014215175225,54.87863421695137,684044,54.87863421695137
MOS,2012-11-01,56.42629939424373,57.316760715879724,55.95930373523269,56.50384366118688,97972,56.50384366118688
MOS,2012-11-02,55.005564068963686,55.35228810877509,53.95908189448118,54.50266314821735,1579544,54.50266314821735
MOS,2012-11-05,53.096014843328874,54.156150184307805,52.255869884896825,52.60306297841008,1424436,52.60306297841008
MOS,2012-11-06,52.01106849423287,53.309981497245886,51.19427014647192,52.495691092970475,1091793,52.495691092970475
MOS,2012-11-07,53.488586584836845,53.852450744732266,52.486443422179875,53.26822047712223,1439698,53.26822047712223
MOS,2012-11-08,52.74147367991035,53.87143837703632,52.63971834892774,52.87709489866791,1528826,52.87709489866791
MOS,2012-11-09,51.83454693474992,52.57048700321544,51.08203302869857,51.65355322532925,1534105,51.65355322532925
MOS,2012-11-12,50.4985283935262,51.542355121593374,49.97919816524147,50.3606184645995,1460215,50.3606184645995
MOS,2012-11-13,51.26508925538504,52.50325829448763,50.74913264099993,51.43987731517679,361279,51.43987731517679
MOS,2012-11-14,53.086195602896915,53.83919459816868,52.007440263849446,52.57447902636787,1517900,52.57447902636787
MOS,2012-11-15,53.11172861483412,53.88840736312688,52.97397083795892,53.2639469042594,535244,53.2639469042594
MOS,2012-11-16,53.36755401941064,53.468809733533824,52.199483231072385,53.227054196027154,459086,53.227054196027154
MOS,2012-11-19,52.64866468006546,53.428675598248404,51.42242272091859,52.32073255367408,1683525,52.32073255367408
MOS,2012-11-20,50.00532552813642,50.72974634461593,49.074852038067824,50.36243043242961,1304623,50.36243043242961
MOS,2012-11-21,48.68070338349838,48.95372550895171,48.33779198992123,48.87565037501973,1031332,48.87565037501973
MOS,2012-11-22,46.64068424107302,47.388262236342,46.4565742658959,46.92318743204229,306569,46.92318743204229
MOS,2012-11-23,46.91787849263249,47.040994316408714,45.75564045219654,46.65491049255683,1759857,46.65491049255683
MOS,2012-11-26,47.393711039816246,48.21799453282343,45.897794230649644,47.109912876431686,1717608,47.109912876431686
MOS,2012-11-27,46.95708614802191,47.90041892342118,46.24442777717342,47.18741370757153,1346361,47.18741370757153
MOS,2012-11-28,48.087621531109946,49.72393426015925,48.06501344361905,48.56930254847772,1118471,48.56930254847772
MOS,2012-11-29,48.68542267391441,49.15166726026847,47.52234997832217,48.76017153537437,1652079,48.76017153537437
MOS,2012-11-30,47.36240708135802,47.89030240659842,46.41006904998566,47.1858023121122,1524148,47.1858023121122
MOS,2012-12-03,47.186195042539346,48.1614634649271,46.04197566262662,47.0708693605209,1112037,47.0708693605209
MOS,2012-12-04,46.93402235124843,48.384654697588246,46.825152621137725,46.98504831002081,1229518,46.98504831002081
MOS,2012-12-05,47.28756408205392,48.76340364049093,46.65048328415625,47.47562296545216,1467048,47.47562296545216
MOS,2012-12-06,48.28426522502221,49.06382775170582,47.67406479704373,48.30901166881634,205328,48.30901166881634
MOS,2012-12-07,48.31331541387687,49.77868272804542,46.87588979788512,48.78644360258575,1776819,48.78644360258575
MOS,2012-12-10,47.91362766310144,49.096647996088414,47.414530217670794,48.325485850099426,1147492,48.325485850099426
MOS,2012-12-11,49.36940094817435,50.353088918213594,48.34205198544726,49.70473214328174,423480,49.70473214328174
MOS,2012-12-12,50.693050991223565,51.6090202158534,49.82808451383994,50.56622548004016,1008431,50.56622548004016
MOS,2012-12-13,47.73869935062425,48.5653608156411,47.06711235387326,48.008701042783414,423755,48.008701042783414
MOS,2012-12-14,48.69378698237689,49.17845206880731,48.09810302147588,48.76852091816776,220356,48.76852091816776
MOS,2012-12-17,48.0373896064876,49.05435157260806,47.66734175425052,47.92102696294322,250091,47.92102696294322
MOS,2012-12-18,46.57620050276609,47.794596758108476,45.29712807794739,46.270282855133516,831563,46.270282855133516
MOS,2012-12-19,46.56672843531529,46.969098924594206,45.48241454168831,46.52052748480038,1370850,46.52052748480038
MOS,2012-12-20,48.45175636075194,49.800848051925094,48.154953762091424,48.7666656370088,1214279,48.7666656370088
MOS,2012-12-21,49.17024125450206,49.81046582811818,48.318771009012174,48.729976129129746,1170269,48.729976129129746
MOS,2012-12-24,48.06488455323634,48.901452117025215,46.9482626948655,48.462260404931044,1006630,48.462260404931044
MOS,2012-12-25,48.443008472616064,49.477154191047426,46.990933687007214,48.57209435932505,429415,48.57209435932505
MOS,2012-12-26,51.415771496267716,52.86479307619876,50.47515937660082,50.98613788556332,907107,50.98613788556332
MOS,2012-12-27,50.831338419614085,51.36764688081255,49.4448880181826,50.727515971213464,329455,50.727515971213464
MOS,2012-12-28,51.92793831904495,53.111084149790344,51.692786513964016,51.75956212265977,1468727,51.75956212265977
MOS,2012-12-31,51.158443674858376,51.84706066849217,50.55130644354035,51.362153531642846,625177,51.362153531642846
MOS,2013-01-01,50.35250197553852,52.00516897600179,50.12538976692633,50.780542794060246,1203459,50.780542794060246
MOS,2013-01-02,52.12318321100559,53.455083063756085,51.81923445451289,52.26349923196557,1505424,52.26349923196557
MOS,2013-01-03,51.0309766623615,52.3054603953434,50.35399624259996,51.131032569867784,1105795,51.131032569867784
MOS,2013-01-04,51.68430833848053,53.476986718425266,50.81345469161623,51.92287070785389,1170612,51.92287070785389
MOS,2013-01-07,51.28923299130979,51.800202433006014,50.514968280646706,51.582753933112954,723465,51.582753933112954
MOS,2013-01-08,50.67068639242972,51.41033583511333,50.37120551998711,50.81754023390137,953886,50.81754023390137
MOS,2013-01-09,50.54769529627107,51.504278331953984,49.86342758409803,50.40714316693291,1621687,50.40714316693291
MOS,2013-01-10,48.61872931725815,49.479974332154534,47.03778666313519,48.185985679374475,1258926,48.185985679374475
MOS,2013-01-11,47.384024688904276,48.493710809522966,46.63863378615421,47.19168954359024,209067,47.19168954359024
MOS,2013-01-14,47.59906749428003,47.66605306470954,46.48897878586546,47.33437077244138,314969,47.33437077244138
MOS,2013-01-15,46.93091514081429,48.11017909452488,45.60929012997087,47.11365301090788,177301,47.11365301090788
MOS,2013-01-16,45.87298547494006,47.261893117940126,45.021494596326875,46.23855443808331,73054,46.23855443808331
MOS,2013-01-17,47.45682720759373,47.74289208665447,46.35715978755708,47.65553789026377,749054,47.65553789026377
MOS,2013-01-18,46.63459428842116,47.480672153354305,46.408767945055615,46.725565027986306,91178,46.725565027986306
MOS,2013-01-21,48.297036879612584,48.65200953013093,46.822446476124036,48.11431665498717,460004,48.11431665498717
MOS,2013-01-22,48.6965219950314,49.86761578198697,47.346418475599066,48.2723446317394,566675,48.2723446317394
MOS,2013-01-23,48.32909835865642,48.40103178426639,47.59319603371445,48.031979723094835,1635941,48.031979723094835
MOS,2013-01-24,47.91308145074676,48.34906323887561,47.765593368662344,48.13798182688734,240270,48.13798182688734
MOS,2013-01-25,48.74946844622571,48.902230421053254,47.47326534936756,48.43916648561837,1260661,48.43916648561837
MOS,2013-01-28,47.44616888236747,47.62305655664359,46.8859793572519,47.53006250814106,121694,47.53006250814106
MOS,2013-01-29,46.36066523146954,47.50361625384062,45.48952458129853,46.663568892398864,136341,46.663568892398864
MOS,2013-01-30,46.4541844408641,47.70157900447338,45.34329923811624,46.490211110788046,1791770,46.490211110788046
MOS,2013-01-31,46.975768561475086,47.69586921883634,45.967399144932585,46.91644689439542,1698427,46.91644689439542
MOS,2013-02-01,47.81401795655517,48.116080416658875,47.04391638261109,47.56344884765174,738285,47.56344884765174
MOS,2013-02-04,48.641738729727706,49.29140042040945,48.22780629635402,48.78820434242893,823223,48.78820434242893
MOS,2013-02-05,47.273515743858674,48.124560893506526,46.38090516928954,47.60985142476871,1776231,47.60985142476871
MOS,2013-02-06,47.57950949505325,48.61860652121631,46.36984621267656,47.96867595993841,340397,47.96867595993841
MOS,2013-02-07,47.59954508862287,48.576589180964135,46.370844959019365,47.97137507042946,836093,47.97137507042946
MOS,2013-02-08,47.901270669551806,48.86574060358133,47.20710394048998,47.47398258973685,155347,47.47398258973685
MOS,2013-02-11,49.89314823572629,50.40192688582585,48.93206750893271,49.446398781455365,722549,49.446398781455365
MOS,2013-02-12,50.36257421148106,51.364233525335024,49.48770850435658,49.894803992209376,272489,49.894803992209376
MOS,2013-02-13,51.16628590211167,52.21182523718096,50.380761971816774,51.36920570090223,879586,51.36920570090223
MOS,2013-02-14,47.72060082245703,48.08663143623868,46.94369003923623,48.01675431451085,132423,48.01675431451085
MOS,2013-02-15,49.52842266100114,50.894919891899036,47.89563389891626,49.056582253055105,1188222,49.056582253055105
MOS,2013-02-18,50.08974045385041,50.35715564353051,48.36768690870238,49.60533042336168,1350322,49.60533042336168
MOS,2013-02-19,49.9036601436426,51.00981372909913,48.63697551647933,50.32807636679358,570604,50.32807636679358
MOS,2013-02-20,50.30031624244621,51.73024940921352,50.03521925611733,50.04754799795658,1234831,50.04754799795658
MOS,2013-02-21,52.018670117222555,52.627088451677736,51.739160904717956,52.239471777795146,855455,52.239471777795146
MOS,2013-02-22,52.47515791605387,52.51005056159689,51.46529704951264,52.04908540992917,321101,52.04908540992917
MOS,2013-02-25,51.61840580056876,52.811143454429796,50.40186927776782,52.045989611510954,328764,52.045989611510954
MOS,2013-02-26,51.44251935205718,51.78810689863202,50.03152165568178,51.04581401537648,1365211,51.04581401537648
MOS,2013-02-27,50.514026427675134,51.9124459715469,49.53019360307282,51.02156727855228,1469220,51.02156727855228
MOS,2013-02-28,50.880818921030304,52.128072818630656,50.06152186023222,50.85846370388589,1137304,50.85846370388589
MOS,2013-03-01,51.81503030581131,52.783286178381495,50.9165526971905,51.98599785523389,1163226,51.98599785523389
MOS,2013-03-04,52.595570418065954,53.691372017284394,52.49167289288102,52.67212012318406,739927,52.67212012318406
MOS,2013-03-05,53.87843276844461,55.02804429151152,53.427162633706885,53.9498790558813,1101963,53.9498790558813
MOS,2013-03-06,54.01533253459235,55.34497584529917,52.36591509847645,53.849902232551,66025,53.849902232551
MOS,2013-03-07,52.98949224713245,54.60389409995977,51.97202532171277,53.499776190486344,824047,53.499776190486344
MOS,2013-03-08,54.687605987708324,56.28914152810887,53.06203665832123,54.47909910334218,968950,54.47909910334218
MOS,2013-03-11,54.14775725346693,55.41842225592556,52.977117214709374,54.670187612012356,1727537,54.670187612012356
MOS,2013-03-12,51.818232851684854,52.22509400379708,51.7543300939639,52.146470100624114,153896,52.146470100624114
MOS,2013-03-13,51.799559200498436,52.41187179790397,51.23217051741395,51.68921136472413,480197,51.68921136472413
MOS,2013-03-14,49.067175399213205,50.72303163660625,47.60671868966153,49.476407195617185,1783245,49.476407195617185
MOS,2013-03-15,49.163130030722385,49.35939070108972,47.704901430834624,48.685135804466725,1157964,48.685135804466725
MOS,2013-03-18,50.00116005927541,51.10509545016157,48.8811725768087,49.71837774884551,1065670,49.71837774884551
MOS,2013-03-19,49.601161827164695,50.398244747484384,48.808903531201864,49.397972232332805,957179,49.397972232332805
MOS,2013-03-20,48.91761053950979,50.473884380977324,48.18344577257981,49.145961345221295,211506,49.145961345221295
MOS,2013-03-21,48.52739483186179,50.04370644165312,47.17314968141634,48.96952609765239,423074,48.96952609765239
MOS,2013-03-22,49.46510481856956,50.44529164949982,48.28385214475108,48.99593833527362,1657090,48.99593833527362
MOS,2013-03-25,48.33898944009203,49.977103384249666,47.07771780997738,48.681857436713585,514050,48.681857436713585
MOS,2013-03-26,50.84765604644443,52.2330816807702,49.78508265454071,50.51369250570963,854838,50.51369250570963
MOS,2013-03-27,48.52879317779627,49.38795942617699,47.4311717628889,48.82416235604984,1002220,48.82416235604984
MOS,2013-03-28,48.94200327614747,50.431315186072936,47.685454977075786,49.06555488981343,1645853,49.06555488981343
MOS,2013-03-29,49.82668583505942,49.90844843969815,48.57420343202307,49.63451134065472,92580,49.63451134065472
MOS,2013-04-01,49.197075445961964,50.32255688370362,47.44558467657595,48.76273127550519,882163,48.76273127550519
MOS,2013-04-02,48.9425978556239,49.91613094855629,47.89128695499472,49.41721825804282,651829,49.41721825804282
MOS,2013-04-03,48.5384923549405,49.48498542684302,48.344725777882154,48.771847935443105,712221,48.771847935443105
MOS,2013-04-04,49.522570153738144,50.76422462457153,48.237623216918905,49.261517910231305,352183,49.261517910231305
MOS,2013-04-05,47.72574467647096,48.9576364186697,46.967223238463184,48.03954490718664,453569,48.03954490718664
MOS,2013-04-08,47.76554346489202,48.800335095434505,47.07744502278384,48.13963161380467,1466891,48.13963161380467
MOS,2013-04-09,49.91162825959326,50.616504382627895,48.68124287486612,50.36879080626964,1769566,50.36879080626964
MOS,2013-04-10,49.476372690274324,50.8705151426002,48.64539574980303,49.47390889438029,638338,49.47390889438029
MOS,2013-04-11,49.33968576911731,49.83181579565303,48.86043814099879,49.07689504296151,1225857,49.07689504296151
MOS,2013-04-12,51.22117234704133,51.37662070213867,49.35252259957843,50.75248878075625,240173,50.75248878075625
MOS,2013-04-15,51.80784864707399,52.93080866046517,51.687892166466746,52.04989528697533,644542,52.04989528697533
MOS,2013-04-16,53.525915941191606,54.5917094365207,53.31895301290787,53.93433650726175,1201030,53.93433650726175
MOS,2013-04-17,53.44697700226516,54.500025075729866,53.21581271029821,53.55134506815463,1377627,53.55134506815463
MOS,2013-04-18,53.46463413073095,54.32219108853107,52.17914561262466,53.944263037021514,1723649,53.944263037021514
MOS,2013-04-19,54.28167098927171,55.08420043365846,53.441901401902626,54.465372175925594,578772,54.465372175925594
MOS,2013-04-22,53.78945662038274,55.358777529812016,53.018335700972564,53.635971933293376,597482,53.635971933293376
MOS,2013-04-23,52.10961631864467,53.93161946915959,50.702578394825224,52.457761671643254,1122462,52.457761671643254
MOS,2013-04-24,51.313112486926805,52.64373601648765,50.49773386349382,51.17812838105666,58537,51.17812838105666
MOS,2013-04-25,51.15781034425291,52.353553863684105,50.4362523606609,50.679448009976696,281688,50.679448009976696
MOS,2013-04-26,49.76623020835754,49.99997190228104,49.3123152453527,49.406354402432484,1384119,49.406354402432484
MOS,2013-04-29,48.61265928357367,49.43516927788079,47.56018819996081,48.752251747791256,794551,48.752251747791256
MOS,2013-04-30,47.71385827321473,48.83246037664014,46.6957485383192,47.788890383319526,1590236,47.788890383319526
MOS,2013-05-01,48.22225536273282,48.67949458558976,47.1672449308105,48.30019187586966,581180,48.30019187586966
MOS,2013-05-02,49.05233330651467,49.10100432634371,47.464922474080225,48.701777048057906,1490299,48.701777048057906
MOS,2013-05-03,48.63494482063548,49.244971327581524,47.336804751543205,48.159297522710695,1095933,48.159297522710695
MOS,2013-05-06,48.15577926137871,48.76996971858768,47.5345808516208,47.843936614509914,614832,47.843936614509914
MOS,2013-05-07,48.49341658979168,48.58812460689014,48.01874718303203,48.437115052208455,1468337,48.437115052208455
MOS,2013-05-08,47.71968782044112,48.569795058511545,47.57698593733574,48.10707869164858,69267,48.10707869164858
MOS,2013-05-09,47.980436770017725,49.30081049555069,46.62923763109799,47.54823835741508,816921,47.54823835741508
MOS,2013-05-10,46.639279113281376,46.989488992619094,45.711572348869566,46.3058346871871,163204,46.3058346871871
MOS,2013-05-13,47.880327701874954,48.697874458816905,47.22253130126859,47.55560769417342,567130,47.55560769417342
MOS,2013-05-14,45.94174308758317,46.715242611726886,45.80140021048942,46.04136011329798,832513,46.04136011329798
MOS,2013-05-15,45.71562925381672,46.947611483070816,45.539744284022696,45.76398221562077,540888,45.76398221562077
MOS,2013-05-16,44.626707144860625,45.85045461338538,43.91114145123646,44.96877401679383,1730342,44.96877401679383
MOS,2013-05-17,45.51023555261203,45.72654046142402,44.98907785960427,45.11514152004813,1666268,45.11514152004813
MOS,2013-05-20,45.12078732920384,45.31417781240091,43.97839336999186,44.72432021732267,741588,44.72432021732267
MOS,2013-05-21,44.594047805205065,45.563637146846744,44.46405466372108,44.81413786271472,1412456,44.81413786271472
MOS,2013-05-22,44.2478942619045,44.309575422552136,43.78021182760369,44.07511293381328,1611213,44.07511293381328
MOS,2013-05-23,43.42872102633441,44.20357366106241,42.41463596891349,43.687798639261274,535641,43.687798639261274
MOS,2013-05-24,42.43977046812198,43.03993965053213,42.35022383515904,42.530831461769004,255956,42.530831461769004
MOS,2013-05-27,41.52359669634284,41.93390884723042,40.57992885206494,41.68836464476541,458853,41.68836464476541
MOS,2013-05-28,41.2228728261958,41.68718327321482,41.10961705862269,41.314101801414346,1354105,41.314101801414346
MOS,2013-05-29,41.3058970686646,41.874745696601174,40.82894911386459,41.4643133782001,782120,41.4643133782001
MOS,2013-05-30,41.22682532198324,41.369372428718805,40.815434508192546,41.35478419880548,498915,41.35478419880548
MOS,2013-05-31,42.768339274417876,43.80233838339283,41.38466083779519,42.52081687371989,1689707,42.52081687371989
MOS,2013-06-03,41.09136516101933,42.44139088949424,39.93966586435846,41.256368238703246,786532,41.256368238703246
MOS,2013-06-04,41.31079594279661,41.66929085338744,41.01342543898526,41.05241576192661,521178,41.05241576192661
MOS,2013-06-05,39.279624782884454,39.41158730345526,38.44604110132505,39.22633801611903,816020,39.22633801611903
MOS,2013-06-06,39.326887694507946,40.45189483588477,38.92494973740811,39.10753760548988,249460,39.10753760548988
MOS,2013-06-07,38.91781710139216,39.78243597726356,38.25231127897797,38.59447976672423,625664,38.59447976672423
MOS,2013-06-10,37.930920668077114,39.22865833213046,37.48045879827694,38.2072161897726,348356,38.2072161897726
MOS,2013-06-11,37.57995898674755,38.10578400337023,37.22506507407667,37.69765842670396,1032724,37.69765842670396
MOS,2013-06-12,37.70353559142134,38.59411870397878,36.673535894283226,38.04168240324037,292208,38.04168240324037
MOS,2013-06-13,38.197858289544264,39.337090992139565,37.52450099619719,38.269107687518144,1539196,38.269107687518144
MOS,2013-06-14,37.165642936347226,37.87695736106467,36.72754517930172,37.36186526276316,1148979,37.36186526276316
MOS,2013-06-17,37.2575367743327,38.00875522819309,37.05638542404741,37.20420186083407,731607,37.20420186083407
MOS,2013-06-18,36.297016727536686,37.06447953687951,35.783523039603196,36.09245203408021,1312963,36.09245203408021
MOS,2013-06-19,34.87270220814587,35.758225429372935,34.091003317689875,34.88221390578217,665414,34.88221390578217
MOS,2013-06-20,35.05916699621089,36.20531083005114,35.043312844611876,35.1762175789583,906709,35.1762175789583
MOS,2013-06-21,34.15093332906058,34.73541907770787,33.785214321426125,34.38990439627734,1015006,34.38990439627734
MOS,2013-06-24,33.65616034620148,34.22993921357978,33.15264731029861,33.97770485584043,421854,33.97770485584043
MOS,2013-06-25,34.26051170110872,34.3403790685481,33.91515090625038,34.13905653752455,788036,34.13905653752455
MOS,2013-06-26,33.81724404646102,35.01497474402927,33.414176725018095,34.13776640710685,863039,34.13776640710685
MOS,2013-06-27,35.424425104781974,35.73546559083661,34.823122145580264,35.12875437944638,1351640,35.12875437944638
MOS,2013-06-28,34.32530234209693,34.37639156810734,33.867215650861034,34.26073454454222,1052044,34.26073454454222
MOS,2013-07-01,35.02148993897909,36.036315699403126,34.158740462799926,35.1245486547417,1162119,35.1245486547417
MOS,2013-07-02,35.222138814190664,36.09160329311005,34.73961952777559,35.54781826296458,1739981,35.54781826296458
MOS,2013-07-03,36.04556620960983,37.01613830772714,35.27033546448582,36.10804283476237,1538793,36.10804283476237
MOS,2013-07-04,36.09874451125383,36.69922758930414,35.37352946409325,35.83549728170148,914726,35.83549728170148
MOS,2013-07-05,35.49601571990236,35.83010040272091,34.24301813956512,35.165583483705106,1402911,35.165583483705106
MOS,2013-07-08,34.95168813383783,35.38148773027108,34.14636533543485,35.244266021969125,631245,35.244266021969125
MOS,2013-07-09,34.77375504298447,35.22980746376347,34.383631739998826,34.58207482758378,1228234,34.58207482758378
MOS,2013-07-10,33.7465488658164,33.93744150877223,33.14444686598677,33.91043282301079,917046,33.91043282301079
MOS,2013-07-11,33.94226608958251,34.63925557227398,33.61009168316602,34.02430761009735,1655666,34.02430761009735
MOS,2013-07-12,34.79782529714509,35.24427927656825,34.24096479342023,34.76467887201553,1597529,34.76467887201553
MOS,2013-07-15,34.00249948297225,34.146864201874024,33.00340653695224,33.669355506760276,307626,33.669355506760276
MOS,2013-07-16,34.3777746437061,35.129205122485416,33.857132099433244,34.57915332972955,1704804,34.57915332972955
MOS,2013-07-17,33.48581463341252,34.54568276032149,33.29866256265262,33.73511824807542,1079259,33.73511824807542
MOS,2013-07-18,33.60166503851074,34.584312419380915,32.81514894355743,33.53795835416766,1477720,33.53795835416766
MOS,2013-07-19,33.5879571309569,34.119343969745785,32.77356781076399,33.35245610693043,1738008,33.35245610693043
MOS,2013-07-22,33.13693438906922,33.26572203995314,32.248620925929785,33.038996364922454,729031,33.038996364922454
MOS,2013-07-23,32.791762571262545,33.69200625082218,32.15349284970174,32.892033012083914,614956,32.892033012083914
MOS,2013-07-24,33.30639851370796,34.00162487448568,32.87795681386475,32.99166948906661,1070286,32.99166948906661
MOS,2013-07-25,34.19484663701962,35.17347365220703,33.641954128286464,33.8596147237826,748902,33.8596147237826
MOS,2013-07-26,33.9152994711194,34.45985674413979,33.098815429219215,33.73270494456972,115258,33.73270494456972
MOS,2013-07-29,33.32874648665031,33.6858012623414,32.266104539595055,33.12837527385956,172608,33.12837527385956
MOS,2013-07-30,32.601676895506685,33.5433829707879,31.86812769122521,32.43248204478448,1466151,32.43248204478448
MOS,2013-07-31,32.49389807220411,33.17959720863177,32.27136920568372,32.652155915878325,1072997,32.652155915878325
MOS,2013-08-01,32.97289806353208,33.2210032746117,32.027038495859316,33.20515875940198,846214,33.20515875940198
MOS,2013-08-02,32.819646699222695,33.286016188682154,32.53354558841261,32.78400818432583,1270510,32.78400818432583
MOS,2013-08-05,33.70937768865379,33.71178254693944,33.085166526031955,33.40595394936328,1583769,33.40595394936328
MOS,2013-08-06,35.173937095897195,35.952379742526404,33.930226854300834,34.90981482060091,1270654,34.90981482060091
MOS,2013-08-07,35.580182073949715,36.47103966307955,35.19126252854449,35.862159249413494,1218105,35.862159249413494
MOS,2013-08-08,35.04021935243175,35.46991269685962,34.30296176351925,35.35345722936494,1348970,35.35345722936494
MOS,2013-08-09,36.37748918182929,37.26474848285173,35.21638324489185,36.10757008353528,145615,36.10757008353528
MOS,2013-08-12,36.882003378726644,37.47554977858896,36.11975825844913,36.79882693705599,680241,36.79882693705599
MOS,2013-08-13,36.713154056264415,36.98351746668725,35.83797240954828,36.85739840321892,137087,36.85739840321892
MOS,2013-08-14,37.58841312873548,37.76884977526507,37.344439207356366,37.54203508846226,316918,37.54203508846226
MOS,2013-08-15,37.921994102131784,39.07478341480486,37.6284784432325,38.13427342273116,998219,38.13427342273116
MOS,2013-08-16,39.46738189746611,39.88828598567175,39.09512028347195,39.11770729704442,979684,39.11770729704442
MOS,2013-08-19,39.848449845476054,40.83003201937942,39.03600815156566,39.589378773111584,1227358,39.589378773111584
MOS,2013-08-20,40.58084534738899,40.665460497976916,39.11045463694516,40.20912165437498,1591749,40.20912165437498
MOS,2013-08-21,39.156441518128275,39.69132340422336,38.41376358835414,39.4030596091889,918396,39.4030596091889
MOS,2013-08-22,39.68478909262594,40.59505806428343,39.22308317788784,39.4138813842964,939106,39.4138813842964
MOS,2013-08-23,38.881719049713006,39.63023349708954,38.132212710957766,38.83489533332984,70148,38.83489533332984
MOS,2013-08-26,39.65545692406989,40.161045006280084,39.00789337752854,39.794744902386064,1543976,39.794744902386064
MOS,2013-08-27,38.71663309493987,39.820022972071264,38.03363784426733,38.732386830931986,618630,38.732386830931986
MOS,2013-08-28,37.40211656275654,37.638946280979305,36.22223131884864,37.07262693596004,627767,37.07262693596004
MOS,2013-08-29,36.178918850218516,37.10124203270539,35.038829292290046,36.04091610122263,1262501,36.04091610122263
MOS,2013-08-30,35.786664746966146,36.63625872852367,34.90691435789856,35.88720954526657,1044408,35.88720954526657
MOS,2013-09-02,34.808292763116896,34.934769121755295,33.806097942398345,34.463724661553066,1374786,34.463724661553066
MOS,2013-09-03,33.08156586651773,33.736570790210415,32.33270278295626,33.183943029389795,1602560,33.183943029389795
MOS,2013-09-04,33.853486606270955,34.797905021152324,33.211174461571765,33.64240087198398,559517,33.64240087198398
MOS,2013-09-05,32.907325353446474,33.51831176267197,32.34221751018488,32.721221866101274,695757,32.721221866101274
MOS,2013-09-06,33.550374874444046,34.08262546799929,32.97064086118465,33.40145340017918,1441804,33.40145340017918
MOS,2013-09-09,32.64372082944475,33.002465388548046,31.640350928184947,32.533473805443606,1007499,32.533473805443606
MOS,2013-09-10,30.927829955019003,31.90944048691261,30.618731333758603,31.1718020534026,479275,31.1718020534026
MOS,2013-09-11,30.84405399169011,31.688927422409225,29.977837902602943,30.541717895583172,1631643,30.541717895583172
MOS,2013-09-12,29.56652227364461,30.441075425275393,29.45844963686322,29.768326032616717,877994,29.768326032616717
MOS,2013-09-13,29.067322062964536,29.6997537642592,28.598662378996337,29.011542140750656,901059,29.011542140750656
MOS,2013-09-16,28.811472586300923,29.12396673531266,28.020178170660024,28.956749871194873,1049191,28.956749871194873
MOS,2013-09-17,28.87297187814329,29.792722191818616,28.014767330966585,29.065514917936053,901413,29.065514917936053
MOS,2013-09-18,29.931777423691603,29.968320402000156,29.629408872094636,29.896221625212284,1146870,29.896221625212284
MOS,2013-09-19,29.887601838615858,30.566673386374255,29.153967608093538,29.68789483456876,1052940,29.68789483456876
MOS,2013-09-20,29.795857872163797,30.058325630006227,29.159414659595285,29.869368984008098,657464,29.869368984008098
MOS,2013-09-23,28.842906248552598,29.514116916600557,28.364557355708794,29.08890008466932,322497,29.08890008466932
MOS,2013-09-24,28.641236870800157,29.238607675526612,27.775453227672454,28.570519741511376,1472843,28.570519741511376
MOS,2013-09-25,29.49488851691065,30.166556511985227,28.8034059139812,29.33855494404092,818611,29.33855494404092
MOS,2013-09-26,30.06760353522745,30.99508778289973,29.449443456128595,30.19073068994014,408550,30.19073068994014
MOS,2013-09-27,31.301218775062924,31.566583131043554,30.99544085121418,31.18235806520027,1242519,31.18235806520027
MOS,2013-09-30,30.849326018842593,31.32267752681446,30.085670086940972,31.11329725476618,266027,31.11329725476618
MOS,2013-10-01,30.21932285293156,31.208993035628673,29.998404707949,30.30330641308023,617665,30.30330641308023
MOS,2013-10-02,29.82382069553215,30.025060154220686,29.37682353686389,29.839258697428725,1040556,29.839258697428725
MOS,2013-10-03,29.819353118170593,30.4146792795699,28.835417105611587,29.652136624727415,1748766,29.652136624727415
MOS,2013-10-04,29.2306180864606,30.16374260920284,29.20402864327893,29.325549753682928,1644534,29.325549753682928
MOS,2013-10-07,29.37472256643015,30.192763692455852,29.1404970321109,29.401948893184112,1239959,29.401948893184112
MOS,2013-10-08,29.936744022082472,30.33483994390071,29.19728119940666,29.8600907695975,841387,29.8600907695975
MOS,2013-10-09,29.32897579021049,29.889964312101853,28.88928174041606,29.25637319672598,617648,29.25637319672598
MOS,2013-10-10,30.42982198336621,30.91283115451856,30.32770114010747,30.41901702477238,1767258,30.41901702477238
MOS,2013-10-11,30.369846145288015,30.791312222350165,30.306804693064183,30.474388712670375,1484409,30.474388712670375
MOS,2013-10-14,31.43648578801927,31.572689487840886,31.077326321029325,31.3300109675028,1076788,31.3300109675028
MOS,2013-10-15,31.82174320789045,32.58870535498889,31.350364662319915,31.60860364664937,1590733,31.60860364664937
MOS,2013-10-16,32.794598590210356,33.112842546143646,32.08363915532311,33.02324221334183,1098728,33.02324221334183
MOS,2013-10-17,32.165245663854485,32.85835336067096,32.15536638320371,32.268205904668946,194545,32.268205904668946
MOS,2013-10-18,32.053730057706986,32.62528252801536,31.220883097763107,31.945913620232787,907877,31.945913620232787
MOS,2013-10-21,31.790738639409334,32.11006803053279,30.764907189245516,31.62894048321005,508890,31.62894048321005
MOS,2013-10-22,31.93456183539645,32.064288223970514,31.734252975843248,31.755802297865532,1563567,31.755802297865532
MOS,2013-10-23,31.94413163326129,32.71044304289003,31.037140648577417,31.84650806117816,1218964,31.84650806117816
MOS,2013-10-24,32.0933543646394,32.55224254717454,31.63276351976413,32.10730806509537,913702,32.10730806509537
MOS,2013-10-25,32.30216262760601,33.00499911430346,31.694435263688668,32.20824364395418,1150093,32.20824364395418
MOS,2013-10-28,32.34467135492453,32.598609005033154,32.19737956642339,32.58249454836731,261455,32.58249454836731
MOS,2013-10-29,32.087828633623104,32.348618393289215,31.507031772993923,32.2764774023435,1491810,32.2764774023435
MOS,2013-10-30,32.87116670412977,33.04457626070905,32.105726524128805,32.59248075980189,1534188,32.59248075980189
MOS,2013-10-31,34.79773520371235,34.91657442868965,33.51646872325352,34.50638332842502,363257,34.50638332842502
MOS,2013-11-01,34.67504603780632,34.874469271072044,33.70009956072948,34.52047452031696,519398,34.52047452031696
MOS,2013-11-04,33.42456004913733,34.2313349974804,33.25709864971443,33.54057878336484,166539,33.54057878336484
MOS,2013-11-05,33.22838954931501,33.27523866030838,32.61131566679769,33.12976885045591,1400600,33.12976885045591
MOS,2013-11-06,32.958038845199226,32.99547813464087,32.07715297420772,32.8347171576583,1579233,32.8347171576583
MOS,2013-11-07,32.273572164976954,32.304217957387245,31.652975078909776,32.26381885326839,239278,32.26381885326839
MOS,2013-11-08,32.514490023668344,33.19500118873052,31.659782016628007,32.35367554431698,1115060,32.35367554431698
MOS,2013-11-11,32.58007223818259,33.41843204576831,32.14632149352789,32.889436242665134,533920,32.889436242665134
MOS,2013-11-12,31.89255874823916,32.40479036409602,30.985004340547235,32.04881544247938,613894,32.04881544247938
MOS,2013-11-13,31.164982025225832,31.79664127459585,30.26215395583483,30.982525701393286,752481,30.982525701393286
MOS,2013-11-14,32.86300310245264,33.4087960699453,31.94676825408409,32.57717071749444,176804,32.57717071749444
MOS,2013-11-15,32.21785603200581,32.22494541713673,31.90846470009635,31.97733033972269,1637328,31.97733033972269
MOS,2013-11-18,33.05448556335408,33.886020476524145,32.54002123732035,32.91198105021426,646959,32.91198105021426
MOS,2013-11-19,33.207801610185214,33.782675474389485,32.713922222583406,33.431460216140174,645853,33.431460216140174
MOS,2013-11-20,32.950914166903324,33.433675215113446,32.151020959291785,33.0376581622306,243850,33.0376581622306
MOS,2013-11-21,32.234860250584596,33.29084647841943,31.807283867452256,32.52746910811286,707869,32.52746910811286
MOS,2013-11-22,32.23359953406192,32.41451784698379,32.0752292144612,32.1436860560802,751600,32.1436860560802
MOS,2013-11-25,31.836732246209397,31.878317408937125,31.422513409762907,31.86868810434329,969459,31.86868810434329
MOS,2013-11-26,32.32637905673666,33.20776264172775,31.470429840699943,32.27924369333655,256454,32.27924369333655
MOS,2013-11-27,31.696588772303468,32.17724686428103,31.39288382685039,31.3955973509687,319222,31.3955973509687
MOS,2013-11-28,32.16465275623853,32.565589454206304,31.681080603367175,32.227656248257496,155847,32.227656248257496
MOS,2013-11-29,31.702156265946908,32.60717430858303,31.05500930483211,31.825185971858417,701595,31.825185971858417
MOS,2013-12-02,30.693973210434322,30.934352483812326,30.23667241974231,30.909969235075224,103932,30.909969235075224
MOS,2013-12-03,30.814130887011373,31.223689687086406,30.133469040747336,31.03534472601796,535016,31.03534472601796
MOS,2013-12-04,32.59848618600698,32.75035085879016,31.638482331736046,32.586381219594614,1705694,32.586381219594614
MOS,2013-12-05,32.20939517832094,32.92234758083778,31.943417661299875,32.04964175526257,383843,32.04964175526257
MOS,2013-12-06,32.18464938752211,32.48598146699877,31.592474526938293,32.1432087792021,95601,32.1432087792021
MOS,2013-12-09,32.48593779603596,33.23919580976797,32.00615913603847,32.245199864092285,1695115,32.245199864092285
MOS,2013-12-10,33.38151152296731,33.546584942395135,33.352725356947445,33.50489502539047,138062,33.50489502539047
MOS,2013-12-11,32.94987476480641,33.550994728737706,32.52486142008973,32.887358138799144,1137949,32.887358138799144
MOS,2013-12-12,33.63268832866712,33.95376688194448,33.214424169854055,33.524577125079105,1083373,33.524577125079105
MOS,2013-12-13,32.44379332384168,32.76945829287169,32.388548954879916,32.58672503684666,1286331,32.58672503684666
MOS,2013-12-16,32.67557844951193,33.54579773671019,32.201672555754335,32.74348575000029,1720861,32.74348575000029
MOS,2013-12-17,33.304504488035775,33.71639807078123,32.56576203485214,33.24404031109302,165292,33.24404031109302
MOS,2013-12-18,33.60929298723367,34.51636968202119,33.53002640068735,33.93443191264777,367145,33.93443191264777
MOS,2013-12-19,33.27711045350607,33.31013849521642,32.09947473157208,33.02177885104061,199826,33.02177885104061
MOS,2013-12-20,31.472015836604626,32.47202719298656,30.73047970906929,31.7187470581295,1063848,31.7187470581295
MOS,2013-12-23,31.316814135891157,31.874771326205643,30.69792935772359,31.60278272359012,1141546,31.60278272359012
MOS,2013-12-24,31.073645510159473,31.901863312397957,30.870527922786145,31.251758478052892,441340,31.251758478052892
MOS,2013-12-25,30.381278290192302,31.074403989982446,30.292286055455172,30.379869901848558,1045367,30.379869901848558
MOS,2013-12-26,29.498715714020232,29.704126970910696,29.01356793244398,29.60012728705331,359199,29.60012728705331
MOS,2013-12-27,29.29043388893622,29.585862442361734,28.663144999372065,29.325539135292,718581,29.325539135292
MOS,2013-12-30,30.110711319364174,31.02214623853341,29.526452764428402,30.36316825067147,1704986,30.36316825067147
MOS,2013-12-31,29.469798842279946,29.834318440187793,29.166154395440586,29.627950096511334,131628,29.627950096511334
MOS,2014-01-01,29.931971587681865,30.942585450527524,29.175896375796306,30.174781539212624,981374,30.174781539212624
MOS,2014-01-02,29.143897743312674,29.576548408345424,28.748208816362453,29.30230212860347,174409,29.30230212860347
MOS,2014-01-03,28.98706153772966,29.336932652286258,28.513227025557523,28.86967223836875,301991,28.86967223836875
MOS,2014-01-06,28.042670299407813,28.126582393434717,27.755101080903,28.000506691368706,53740,28.000506691368706
MOS,2014-01-07,29.16623914645814,29.393055016203338,28.819654896455994,29.263410686880334,593393,29.263410686880334
MOS,2014-01-08,29.700038791680438,30.08912905457759,28.895425199488493,29.842550538769515,1743578,29.842550538769515
MOS,2014-01-09,30.578356439420617,30.623222986918,29.994414759965686,30.277082613542674,1621347,30.277082613542674
MOS,2014-01-10,30.85075155300209,31.029407280126847,29.785783765771924,30.68635390224697,1304035,30.68635390224697
MOS,2014-01-13,30.395110017455373,30.768006066047022,29.64820047393174,30.200591517143053,1271320,30.200591517143053
MOS,2014-01-14,29.945483610875293,30.57647015922234,29.421793643529252,30.23186118216966,1602183,30.23186118216966
MOS,2014-01-15,29.350069960868094,29.787396031031502,28.57226124622146,29.610890505279357,1188934,29.610890505279357
MOS,2014-01-16,31.406409115865173,31.48220912858775,30.344470691591923,31.27342545992837,525866,31.27342545992837
MOS,2014-01-17,30.393597917934528,30.873974530385993,29.54667591218733,30.58208579893676,602807,30.58208579893676
MOS,2014-01-20,30.02096449209694,30.737949202449812,29.52228621704136,30.06566887344892,362856,30.06566887344892
MOS,2014-01-21,30.86710274215937,31.538681008733167,30.163660832334564,31.0633194301819,370472,31.0633194301819
MOS,2014-01-22,30.807366704726483,31.888375870678466,29.94689883590145,31.00763141114199,1762623,31.00763141114199
MOS,2014-01-23,31.15192827114225,31.529169719329502,30.456996112113156,31.397407677509136,1580270,31.397407677509136
CE,2010-01-04,31.26377828454748,31.669817372581345,30.925036743210768,30.979017639757075,302932,30.979017639757075
CE,2010-01-05,31.16665748458989,31.995215719200335,30.982867668518363,31.244812247448866,420700,31.244812247448866
CE,2010-01-06,31.63647538329847,32.624887193503206,31.086774081323153,31.793905226164245,718625,31.793905226164245
CE,2010-01-07,32.038189614200405,32.08073314427204,31.600745092170488,31.748942159434122,831878,31.748942159434122
CE,2010-01-08,32.303952001878265,32.56182259194877,31.57235485684629,32.11017395259025,1689888,32.11017395259025
CE,2010-01-11,31.548283516883583,32.38445556969896,30.6300247736802,31.450770381072637,214125,31.450770381072637
CE,2010-01-12,31.131134114900462,31.49419394963813,30.447569898618244,31.06156340238128,580021,31.06156340238128
CE,2010-01-13,31.416933613162776,31.768408563508324,31.232884429351675,31.50506833485949,367778,31.50506833485949
CE,2010-01-14,31.307761011504482,31.563881814341197,31.178129978022557,31.21952259103726,493605,31.21952259103726
CE,2010-01-15,30.987606473059376,31.336593520929657,30.833578686595995,30.848771316611725,163584,30.848771316611725
CE,2010-01-18,30.243474362327966,30.75283485961612,29.916023721874275,30.529393750283536,1332385,30.529393750283536
CE,2010-01-19,29.822617573574657,30.055436510767322,29.355901324294994,30.052404242089843,1352617,30.052404242089843
CE,2010-01-20,30.416427832579394,30.687395259497237,29.651810907468384,30.529318890648504,1760862,30.529318890648504
CE,2010-01-21,30.938606101471848,31.870515129875038,30.10560669320653,31.04843782847316,618054,31.04843782847316
CE,2010-01-22,30.95653227651443,31.02678682386341,30.266919544868465,30.71053113499704,1583403,30.71053113499704
CE,2010-01-25,30.32907555058676,30.70485465290829,29.970793824404378,30.217569456489866,690029,30.217569456489866
CE,2010-01-26,30.115121027295114,30.60496445331869,29.504315960283463,30.191502823185015,313707,30.191502823185015
CE,2010-01-27,29.86213004452516,30.559250090368096,29.388942184970116,29.678596327062817,655651,29.678596327062817
CE,2010-01-28,29.90752818369606,30.241094050226863,29.522448181270516,30.013659562427247,948435,30.013659562427247
CE,2010-01-29,30.32977673098646,30.611517720210557,29.981591508766417,30.034979710852515,391571,30.034979710852515
CE,2010-02-01,30.055553548638727,30.068425703137994,29.178492599683207,29.887216902813485,1185050,29.887216902813485
CE,2010-02-02,30.55653503602726,31.384156295605663,29.99664661347623,30.369223720856894,1041702,30.369223720856894
CE,2010-02-03,29.812583549906496,30.57188063551793,29.28829668894291,29.955788671616602,265906,29.955788671616602
CE,2010-02-04,29.568331448632826,30.01457233980379,28.91331208178795,29.779747510009738,1593082,29.779747510009738
CE,2010-02-05,29.197325418756414,30.041084636656418,28.634365038163903,29.26197152379376,983090,29.26197152379376
CE,2010-02-08,28.579025629527077,28.74856775085386,27.974180521391563,28.67408840442235,216460,28.67408840442235
CE,2010-02-09,28.4522199596652,28.766670185867532,27.898478463294033,28.299497679221712,1744721,28.299497679221712
CE,2010-02-10,27.788494934356557,28.443629311137084,27.420064763522998,27.970702737953822,1135747,27.970702737953822
CE,2010-02-11,27.622369772681914,28.041272679850266,27.495842540311664,27.607204425756,1643907,27.607204425756
CE,2010-02-12,27.65510491361776,28.19845102210635,27.4034059318168,27.58438225392416,1115998,27.58438225392416
CE,2010-02-15,27.4949022135919,27.80423031696546,26.91958394553853,27.558194851909338,728311,27.558194851909338
CE,2010-02-16,26.772887519667048,27.546520180732006,26.717728907573214,26.93416536252472,1127019,26.93416536252472
CE,2010-02-17,27.491762888636575,27.826155797980274,27.168195399672097,27.275919373974578,979246,27.275919373974578
CE,2010-02-18,26.479989345668685,26.772911465911054,26.18277500306757,26.672651215541293,604079,26.672651215541293
CE,2010-02-19,25.89743718763769,26.576957845019763,25.13498700966033,25.999456781624083,1442694,25.999456781624083
CE,2010-02-22,26.560181715305497,27.286822854235613,25.797640798728523,26.424587969603305,1680129,26.424587969603305
CE,2010-02-23,26.05689140443349,26.341764475489384,25.83778051945941,26.002124933072174,75877,26.002124933072174
CE,2010-02-24,26.278070097684587,26.742918244815417,25.728762246400773,26.15740830161562,1733868,26.15740830161562
CE,2010-02-25,26.102154327986366,26.640765387455286,25.261717585284423,25.941954132514386,1007684,25.941954132514386
CE,2010-02-26,25.767098514105115,26.409876969521967,25.111100562331714,25.564934647539978,193175,25.564934647539978
CE,2010-03-01,25.0265108725453,25.273951759888092,24.434811421335166,25.12471584161445,417573,25.12471584161445
CE,2010-03-02,25.270668798504925,25.71599619633788,25.18922198658351,25.283661991348524,1167579,25.283661991348524
CE,2010-03-03,25.03710598778684,25.59320269377295,24.860297591528433,24.943164968232182,313638,24.943164968232182
CE,2010-03-04,25.52330826271388,25.675779024144514,24.90715670780785,25.373732311246272,1298887,25.373732311246272
CE,2010-03-05,24.8487334800104,25.200950464967583,24.168079475636002,24.810120614050817,136785,24.810120614050817
CE,2010-03-08,25.367655202068143,25.72104852254384,24.872867624240094,25.360681938700235,1015771,25.360681938700235
CE,2010-03-09,24.683738038582057,25.30528339096877,23.94671725641789,24.589430909479677,623622,24.589430909479677
CE,2010-03-10,24.651069815025537,25.285572134572593,24.136389491946247,24.709369600328348,1394724,24.709369600328348
CE,2010-03-11,24.478866055002225,24.649184983412976,24.120899523465532,24.287623222872302,1061837,24.287623222872302
CE,2010-03-12,23.586837849549042,23.88917339202107,23.085815513489734,23.723380644246383,1271228,23.723380644246383
CE,2010-03-15,23.88271357408363,24.40098335863875,23.3766084186222,23.700690277162675,1671470,23.700690277162675
CE,2010-03-16,24.026233815432104,24.559336887758903,23.32413447941028,23.95742010322606,895320,23.95742010322606
CE,2010-03-17,23.948050536631953,24.076579632188473,23.432184620527007,23.89993592445648,807791,23.89993592445648
CE,2010-03-18,23.88296208629491,24.192105358702666,23.194873170825574,23.8973220523804,115770,23.8973220523804
CE,2010-03-19,23.818736157445503,24.578517313696185,23.495874328413425,23.98434999241133,574360,23.98434999241133
CE,2010-03-22,24.399381424970258,24.45751586976267,23.748520783009926,24.22258843520735,406823,24.22258843520735
CE,2010-03-23,24.624255029812293,25.125315793906,24.52970078130831,24.846615362278772,1680835,24.846615362278772
CE,2010-03-24,24.469021865839213,25.057441962956016,24.023112554704255,24.582116481234728,1598955,24.582116481234728
CE,2010-03-25,24.58093240070167,25.347411846625853,24.25482340388331,24.77431737913097,1004295,24.77431737913097
CE,2010-03-26,24.380956771184895,25.055347038536148,24.363873615785206,24.574190852823538,828833,24.574190852823538
CE,2010-03-29,24.46923044859423,24.81542538456433,24.206949121361507,24.522973641407017,765370,24.522973641407017
CE,2010-03-30,24.622589072776254,25.5286990050505,24.25359888867268,24.790956510074437,1045044,24.790956510074437
CE,2010-03-31,24.913186555382993,24.944227657185422,24.199738654614695,24.872700869152172,584819,24.872700869152172
CE,2010-04-01,24.670018776955025,25.036187869673835,24.475269361784573,24.607437663344573,998852,24.607437663344573
CE,2010-04-02,24.8485499052844,25.22877373084209,24.39553462653317,24.660100510831114,1211124,24.660100510831114
CE,2010-04-05,24.706394010482075,24.984228111510358,24.04563952477243,24.80578188485787,1526820,24.80578188485787
CE,2010-04-06,24.961746363796692,25.47736839805217,24.396863903815163,25.05737614426661,81792,25.05737614426661
CE,2010-04-07,25.37836329146652,25.676149687933226,25.02635077069542,25.50775457787749,450604,25.50775457787749
CE,2010-04-08,26.370817586145254,26.721611747687284,25.47177884578674,26.223019231059705,1023201,26.223019231059705
CE,2010-04-09,26.200840557803307,26.578356878594274,25.979425190262454,26.23859260276051,548454,26.23859260276051
CE,2010-04-12,25.846038801097762,26.44550331361673,25.220842146862314,25.8189691541828,1138800,25.8189691541828
CE,2010-04-13,25.892197216035303,26.691302905805873,25.49582178269764,25.9572890059583,1124120,25.9572890059583
CE,2010-04-14,25.27693522570409,25.60650936094536,24.701867312814503,25.45162862304965,420667,25.45162862304965
CE,2010-04-15,26.000409931705867,26.988346926618444,25.60196943360382,26.208753953008667,728058,26.208753953008667
CE,2010-04-16,26.194764117677966,26.93370515370548,25.371108973660768,26.003238065319067,154421,26.003238065319067
CE,2010-04-19,26.28422698770971,26.49733928522382,25.964022493407807,26.408090607708598,1035091,26.408090607708598
CE,2010-04-20,26.783602113713826,27.516695580146372,26.477751152223917,26.549109801147058,500754,26.549109801147058
CE,2010-04-21,26.900708962441918,27.356335359606355,26.508087103122193,26.662192485860537,752407,26.662192485860537
CE,2010-04-22,26.03589687998331,26.73369952672793,25.443466264696237,26.04687743231891,413388,26.04687743231891
CE,2010-04-23,25.98880146089567,26.726079237945168,25.364854995558186,25.75260463512992,1233276,25.75260463512992
CE,2010-04-26,25.3722174769161,26.2737571341866,24.93310691728734,25.613761799428403,1071271,25.613761799428403
CE,2010-04-27,25.275339631531715,25.791464256115695,25.2491607890362,25.48346277654938,747551,25.48346277654938
CE,2010-04-28,25.4023498371579,26.021192998170694,25.249037354060704,25.533433541714775,283074,25.533433541714775
CE,2010-04-29,25.14633325383847,25.646112508508683,24.47298636556216,25.293443257728278,346871,25.293443257728278
CE,2010-04-30,25.369553629916023,25.775972229679336,24.736749996099054,25.495686991341408,1395014,25.495686991341408
CE,2010-05-03,25.44844731750773,25.664339373911506,25.220959876239608,25.472751210548786,1600465,25.472751210548786
CE,2010-05-04,25.516486532185375,26.082460195512976,24.87336250578758,25.741507800034608,1122799,25.741507800034608
CE,2010-05-05,25.211868448513616,25.82147019309404,25.146548552793526,25.18397051044795,733008,25.18397051044795
CE,2010-05-06,25.40005701405911,26.142831874510794,25.39468250151227,25.497224783152813,932672,25.497224783152813
CE,2010-05-07,25.923549248259693,26.899096027405154,25.751186835375407,26.147609403811078,1302113,26.147609403811078
CE,2010-05-10,26.231307810046733,26.46000545599652,25.337146727570378,26.09913694236181,769334,26.09913694236181
CE,2010-05-11,26.676178277248848,27.196681871405914,26.18187052900278,26.59457030154901,1626383,26.59457030154901
CE,2010-05-12,26.754279768481847,27.31112645076038,26.12426939809545,26.598185621782093,657903,26.598185621782093
CE,2010-05-13,26.67744885363898,26.830576610295562,26.28609758975984,26.44513681122681,1645144,26.44513681122681
CE,2010-05-14,26.589871274100634,26.88253155922407,25.976562845746734,26.544339638860244,1450630,26.544339638860244
CE,2010-05-17,27.352668567634492,27.633517718650232,26.695853274527614,27.196713905869707,227911,27.196713905869707
CE,2010-05-18,27.66385848183273,28.654475955940068,26.911540967156792,27.831301214907942,1405799,27.831301214907942
CE,2010-05-19,27.16077853301363,27.99186769642902,26.62514306295018,27.20955603981073,181448,27.20955603981073
CE,2010-05-20,26.820667843318066,27.48187875989935,26.783521984185466,26.804547059329135,181850,26.804547059329135
CE,2010-05-21,26.806227407440286,27.186475851762324,26.737665862901302,26.78414987230387,1726443,26.78414987230387
CE,2010-05-24,26.62985617536903,26.840822008026056,26.31542654205138,26.514075933213185,1265759,26.514075933213185
CE,2010-05-25,26.8405403447296,27.57808960087379,26.60837732731554,26.682610760801033,261036,26.682610760801033
CE,2010-05-26,26.730492983361035,26.94544111210378,26.011118321989027,26.641588443237122,203448,26.641588443237122
CE,2010-05-27,26.23455867190687,26.888827775131627,25.93692645092219,26.47428571740341,1495387,26.47428571740341
CE,2010-05-28,27.21164196951733,27.493518235018538,26.80344467667005,27.29285636032222,1571389,27.29285636032222
CE,2010-05-31,27.673123943241112,28.479456144544884,27.154503927938414,27.633089664296648,1571784,27.633089664296648
CE,2010-06-01,27.95328798922068,27.988309216986718,27.38278589872003,27.948889135886766,462099,27.948889135886766
CE,2010-06-02,27.37371793806884,27.769713173436944,27.2639380446007,27.625219612885594,818601,27.625219612885594
CE,2010-06-03,27.89058775641537,28.53071794476564,27.197818831902463,27.625035708754982,1050010,27.625035708754982
CE,2010-06-04,27.834801768767907,27.96126525485987,27.354823848227046,27.583184906869427,1171601,27.583184906869427
CE,2010-06-07,27.789014019827086,28.605468765807057,27.393885452176793,27.63769114244282,960366,27.63769114244282
CE,2010-06-08,27.22530949645254,27.73441735989154,26.519687559813665,27.469594823391493,409106,27.469594823391493
CE,2010-06-09,27.8319877436051,28.638995753679453,27.03788744417579,27.87089113998501,253352,27.87089113998501
CE,2010-06-10,28.401921223031543,29.018587710166955,28.2655606229414,28.453268245410975,255409,28.453268245410975
CE,2010-06-11,28.83387226756853,29.382394148197598,28.36007841186714,28.800448760908495,1289168,28.800448760908495
CE,2010-06-14,28.517367096063865,29.563049641572405,28.354891277762878,28.77291172166246,108150,28.77291172166246
CE,2010-06-15,28.570380516087603,29.054680726614695,27.967887115519435,28.61407039820435,1182979,28.61407039820435
CE,2010-06-16,29.252435800432224,29.604147808995474,28.981730665933966,29.102361142034603,96686,29.102361142034603
CE,2010-06-17,29.552879671457283,29.74582104458576,29.11291812265376,29.261431164742014,367091,29.261431164742014
CE,2010-06-18,29.581405038908304,29.70967255028617,28.97736035235288,29.52504573365519,998730,29.52504573365519
CE,2010-06-21,29.939928650024495,30.651093704400576,29.154599598093142,29.678395322883475,429531,29.678395322883475
CE,2010-06-22,29.65598144576021,29.76980554381698,28.791411228513674,29.363207666701904,614540,29.363207666701904
CE,2010-06-23,30.042979895578945,30.43780563763769,29.17307571472104,30.08221798079289,1124503,30.08221798079289
CE,2010-06-24,31.34188492102921,31.726653724479746,30.943807262892314,31.23649895132953,1359578,31.23649895132953
CE,2010-06-25,30.872264743928387,31.66934857143045,30.19869294555666,31.050360219525373,730461,31.050360219525373
CE,2010-06-28,31.034024298796393,31.308576581919823,30.926038688660938,31.049147441964017,641322,31.049147441964017
CE,2010-06-29,30.627704490594834,31.66488634857668,30.533411418695938,30.888146208585916,1481505,30.888146208585916
CE,2010-06-30,30.30899729683763,30.787583202449728,30.056746914085416,30.59713061134604,1337093,30.59713061134604
CE,2010-07-01,31.134125351963437,31.871208946283705,30.132890763153465,30.89136902844264,146647,30.89136902844264
CE,2010-07-02,30.858737566714257,31.64541242746566,29.802017984883076,30.63911617873143,1277424,30.63911617873143
CE,2010-07-05,30.103036179866177,30.39172949531528,29.937270736529655,30.216611564278672,1673683,30.216611564278672
CE,2010-07-06,30.411851694898015,31.177168368095526,30.314289965744546,30.438057009090432,102336,30.438057009090432
CE,2010-07-07,30.05105238823361,30.69843473902286,29.466895201989143,30.054893220774,1351789,30.054893220774
CE,2010-07-08,29.8051682217678,30.586997638323606,29.214515038997106,29.79283331950326,1025453,29.79283331950326
CE,2010-07-09,29.290516278363985,29.95758070976967,28.754742274548004,29.506164439001186,1076394,29.506164439001186
CE,2010-07-12,29.89327398699412,30.10299608689725,29.57598331168593,29.729725557045636,1550760,29.729725557045636
CE,2010-07-13,29.688977813626778,30.5944234618177,29.428075788984327,29.779617623306233,939653,29.779617623306233
CE,2010-07-14,28.694780311041043,29.652613386501297,27.938939425016272,28.966079402340892,885205,28.966079402340892
CE,2010-07-15,29.210438428311917,29.228828185723987,28.788653601950028,29.107652599027332,254036,29.107652599027332
CE,2010-07-16,28.952518146484863,29.768469813612224,27.908308778009722,28.76275443818457,138781,28.76275443818457
CE,2010-07-19,29.701924552349382,30.547115322401478,29.199678584136276,29.45560103611439,1652445,29.45560103611439
CE,2010-07-20,28.663456992418332,28.968984332570567,28.36213330989047,28.56382333706388,1186808,28.56382333706388
CE,2010-07-21,28.56514827365385,28.751255782681742,28.406567498766176,28.742617254649975,1509544,28.742617254649975
CE,2010-07-22,29.15120338141075,29.634417216203175,28.772150759620096,29.098952992131096,1123062,29.098952992131096
CE,2010-07-23,28.824187860322752,29.614266724135668,27.885973711169473,28.58875263073601,540641,28.58875263073601
CE,2010-07-26,28.399247103843262,28.59071930076775,28.22352401957318,28.48438116665375,1219002,28.48438116665375
CE,2010-07-27,28.800102066744348,29.310304244677056,28.455514244662425,28.541317528704006,813527,28.541317528704006
CE,2010-07-28,28.26307402279578,29.1178297486981,27.95257262130863,28.4923352783541,1414505,28.4923352783541
CE,2010-07-29,28.849950243282212,28.966524116513863,28.094425628172935,28.718961483911734,917573,28.718961483911734
CE,2010-07-30,28.58456678984165,29.247047249570844,27.880838242000518,28.803524748836388,147620,28.803524748836388
CE,2010-08-02,29.3385460641885,29.416707712546764,28.4918034105021,29.16421678169608,337647,29.16421678169608
CE,2010-08-03,29.090294024478194,29.81731219298234,28.232337695347947,29.326279271787815,163329,29.326279271787815
CE,2010-08-04,29.288649954481084,29.780920407521304,28.41892518497502,29.391092584132064,202656,29.391092584132064
CE,2010-08-05,29.446982207971494,29.68081894745335,28.66724205897958,29.284825269480294,495104,29.284825269480294
CE,2010-08-06,29.387457985242673,30.163568300254436,29.319537440444027,29.41087299839742,1418346,29.41087299839742
CE,2010-08-09,30.44666607092415,30.7953925724146,29.87215319810646,30.215405532652962,1765957,30.215405532652962
CE,2010-08-10,30.133430819360314,30.826649354091526,29.578469805446897,30.192766935950882,1315251,30.192766935950882
CE,2010-08-11,29.9268505568107,30.636729818021607,28.754142119084115,29.633503691120286,1476378,29.633503691120286
CE,2010-08-12,29.85510373420299,30.306841302338484,29.845878643310588,30.145297565987132,1356600,30.145297565987132
CE,2010-08-13,31.245620170336615,31.357273428375066,30.615494953665394,31.12357702687415,787768,31.12357702687415
CE,2010-08-16,31.67526500740502,31.682710442946885,31.405963474525805,31.413971366738355,454514,31.413971366738355
CE,2010-08-17,32.40247656050669,32.69974454936093,32.107323217922236,32.379172316292134,729205,32.379172316292134
CE,2010-08-18,32.78448098684473,33.58700149353482,31.54315923732602,32.467269762143324,1158773,32.467269762143324
CE,2010-08-19,34.10773915390166,34.8984580132578,33.82277035434138,33.96642219316782,682873,33.96642219316782
CE,2010-08-20,33.19225592478804,34.10844707549435,32.72464282070162,33.23910558375393,1667840,33.23910558375393
CE,2010-08-23,33.19211359040854,33.94949144070004,32.637123097792625,33.18190857554286,1171262,33.18190857554286
CE,2010-08-24,33.75536532614555,33.77966065594729,33.25906549987086,33.502442282093,878984,33.502442282093
CE,2010-08-25,33.4389875763099,33.825727162480845,32.91187608398647,33.13574021777484,1533317,33.13574021777484
CE,2010-08-26,33.790080896710236,33.79608934103588,33.54622576976235,33.752355030564566,1716343,33.752355030564566
CE,2010-08-27,33.92020290976201,34.08836730616365,33.67652324683866,34.05153953047916,1451216,34.05153953047916
CE,2010-08-30,33.78256258238061,34.447160994047934,33.41899807481769,33.95961094503585,847269,33.95961094503585
CE,2010-08-31,34.18427573707916,34.56934016530014,33.85161725060701,34.199974750053414,859739,34.199974750053414
CE,2010-09-01,34.18230792905418,34.897200885442494,34.03728872133436,34.322109730316726,525115,34.322109730316726
CE,2010-09-02,34.625260335959375,34.74900242786377,34.303806991359274,34.680168250768475,1118216,34.680168250768475
CE,2010-09-03,34.80873916638803,35.423078724171624,33.64525636651965,34.5774390550264,1195292,34.5774390550264
CE,2010-09-06,33.44073098460438,33.52472495602968,33.08508944061436,33.45947659889921,729256,33.45947659889921
CE,2010-09-07,34.013762345730235,34.44609516173275,33.073625800178135,33.91819519190337,113001,33.91819519190337
CE,2010-09-08,33.625698288727484,34.26202179702706,32.631305314484514,33.90363565679229,1074237,33.90363565679229
CE,2010-09-09,33.697604912602564,33.92400018997043,32.731587127852535,33.52186504025391,106615,33.52186504025391
CE,2010-09-10,33.339590547409266,33.66313031145005,32.493836798790795,33.35099375736048,1213117,33.35099375736048
CE,2010-09-13,33.17796190912098,33.27101522900593,32.284242904169766,33.27049211299563,557366,33.27049211299563
CE,2010-09-14,32.62110921628968,32.938277942646984,31.782319123057473,32.54885763419411,1372352,32.54885763419411
CE,2010-09-15,31.876746803233814,32.20811463378864,31.459387113376355,32.132530879445255,662650,32.132530879445255
CE,2010-09-16,32.039362541316805,32.98162986326802,31.2237715430996,32.094566059935204,833175,32.094566059935204
CE,2010-09-17,32.229066785529305,32.30093716619103,31.33747401917253,32.02985872487184,1501916,32.02985872487184
CE,2010-09-20,31.448138484566464,32.50200858707119,31.30623704015057,31.598506898044665,1650601,31.598506898044665
CE,2010-09-21,31.26303746224376,31.723941859634298,30.90211283584531,31.006246127916004,211207,31.006246127916004
CE,2010-09-22,30.689435218536655,31.161905047694617,30.013203765498982,30.625951541449975,1297760,30.625951541449975
CE,2010-09-23,30.80585273635723,31.53421929966354,30.687434898639214,30.780745712679586,832423,30.780745712679586
CE,2010-09-24,30.437075886514847,31.1345719169723,30.058798827552266,30.498334230246925,1657703,30.498334230246925
CE,2010-09-27,31.069914020857983,31.29087808203364,30.202633594878556,30.920260304318152,697499,30.920260304318152
CE,2010-09-28,31.526400630744522,31.55048650042149,31.25371621500238,31.485804307890586,836142,31.485804307890586
CE,2010-09-29,32.53675158576109,33.29659784197302,32.269323111443924,32.344918868478985,1249161,32.344918868478985
CE,2010-09-30,32.55993452611792,32.79707582320271,32.22707675183412,32.669915235610276,552223,32.669915235610276
CE,2010-10-01,33.03040724302639,33.62333862202122,32.109265412176306,32.89749188848466,971788,32.89749188848466
CE,2010-10-04,33.90646566104819,34.865305017269215,32.68673452862845,33.60839770666999,1134879,33.60839770666999
CE,2010-10-05,32.86809369786223,33.5575763363015,32.10826091138384,33.013406301161325,262891,33.013406301161325
CE,2010-10-06,33.666812520768794,33.95524276149329,32.68427935360885,33.34602266473329,312496,33.34602266473329
CE,2010-10-07,33.786256151600035,34.028380033135136,33.11093846109244,33.84682351678348,53122,33.84682351678348
CE,2010-10-08,33.54782344834504,33.887708398627026,33.043142673143656,33.860332410414145,1365927,33.860332410414145
CE,2010-10-11,34.20550335721383,34.94450679907498,33.69772527594567,34.303129245031904,736301,34.303129245031904
CE,2010-10-12,33.91007345507963,34.72102267621606,33.372360686096926,34.14936328854587,1277239,34.14936328854587
CE,2010-10-13,34.05490886278049,34.66230829573351,33.38452831963829,34.188733566649034,723775,34.188733566649034
CE,2010-10-14,34.11985329010834,34.59776785980758,33.20560889423377,34.39780848460204,173739,34.39780848460204
CE,2010-10-15,34.36999823715099,34.83820552086921,33.770226258277695,34.592633934675135,282302,34.592633934675135
CE,2010-10-18,33.63923572576807,34.86687805907992,33.62486538986105,33.89227616850396,1399313,33.89227616850396
CE,2010-10-19,33.341538150252596,33.669364523754844,32.995327826538116,33.6487673510983,250652,33.6487673510983
CE,2010-10-20,33.55169728809681,34.05633569011453,32.98780466228023,33.6890229272993,750516,33.6890229272993
CE,2010-10-21,34.207217987619316,34.24704802218493,32.97586018903366,33.90817499403946,1745433,33.90817499403946
CE,2010-10-22,34.58216122974102,34.78090768293216,33.46515413842751,34.274110140098955,1165282,34.274110140098955
CE,2010-10-25,34.54365946786568,35.51067773167491,33.868057427979274,34.30581962423544,1753173,34.30581962423544
CE,2010-10-26,34.564167634977885,35.061353291138914,34.04350045779001,34.90473979740092,393185,34.90473979740092
CE,2010-10-27,34.44188929736347,35.39671228566751,33.428466045039194,34.77003254386396,1235288,34.77003254386396
CE,2010-10-28,34.89782862055396,35.609778783413375,33.94117706027485,35.242957666916325,109472,35.242957666916325
CE,2010-10-29,35.088837448103696,35.850846444282645,34.41093014165354,35.182676623025934,661453,35.182676623025934
CE,2010-11-01,35.05099911901029,35.94705287652808,33.822679455391935,34.71753169897798,1700225,34.71753169897798
CE,2010-11-02,36.426399662526364,36.73953309892662,36.093862290971366,36.13956871296699,1124757,36.13956871296699
CE,2010-11-03,36.25180926714442,36.5195230030605,35.20135983412084,36.433587320559376,1400794,36.433587320559376
CE,2010-11-04,35.38956242365884,35.67040524454753,35.362010983325014,35.45324008328714,621318,35.45324008328714
CE,2010-11-05,36.194164480291185,36.67093958253561,35.590311813341756,35.96083021394114,61125,35.96083021394114
CE,2010-11-08,36.25697827243019,36.81721805008766,35.4289872873215,36.07043388306624,55801,36.07043388306624
CE,2010-11-09,36.297998409215445,37.59993657217199,35.79646810797133,36.56667716213354,1678761,36.56667716213354
CE,2010-11-10,36.5986316880357,36.90581729944925,35.950972835980345,36.88799820701771,884698,36.88799820701771
CE,2010-11-11,36.516757126557245,37.3467396411951,36.017710654779975,36.484854384302274,1713047,36.484854384302274
CE,2010-11-12,36.7219194927115,37.097009627187624,35.78772064056421,37.0164879542793,52292,37.0164879542793
CE,2010-11-15,36.90615696791845,36.99243113143256,35.69978710048541,36.66780255768742,169362,36.66780255768742
CE,2010-11-16,36.06429421576132,36.95433181966295,35.554262879163495,36.24309838934427,1113553,36.24309838934427
CE,2010-11-17,35.855169454490074,37.063901683463676,34.85625123648082,36.08007114416025,1665057,36.08007114416025
CE,2010-11-18,35.314588936248015,35.844725656089956,34.56502015570899,35.53800107710804,1737745,35.53800107710804
CE,2010-11-19,35.50229090163257,36.11762362289103,35.424429087423405,35.828161266642475,1275035,35.828161266642475
CE,2010-11-22,37.101380172755064,37.7889190090997,36.85904232451535,36.99643252605388,930126,36.99643252605388
CE,2010-11-23,36.160023285455374,37.25209780863139,35.97712837773752,36.404299023834554,341108,36.404299023834554
CE,2010-11-24,36.99122713462717,38.159054472353034,36.44430853421685,37.18956804306343,370217,37.18956804306343
CE,2010-11-25,37.06026654552957,37.33789183826808,35.79952823572498,36.87492870196676,664435,36.87492870196676
CE,2010-11-26,36.24213630592338,37.377735261870775,35.286832656198,36.56575696324859,1669471,36.56575696324859
CE,2010-11-29,35.74631008322436,36.291517662542844,35.65993027760814,35.96009637112651,869009,35.96009637112651
CE,2010-11-30,35.913484213748724,36.75825376418121,35.73722873286987,36.1671253340427,129494,36.1671253340427
CE,2010-12-01,35.1189634429012,35.67331319639774,34.462086222833754,35.47022578892249,91204,35.47022578892249
CE,2010-12-02,35.26423843446651,35.41869794014192,34.95001412075972,35.23651283204974,1298650,35.23651283204974
CE,2010-12-03,35.62986005941799,36.858097237731876,35.47436542831298,35.85211881743875,258567,35.85211881743875
CE,2010-12-06,36.82779716526055,37.43236145534701,36.31180954627117,36.730163612675796,1606139,36.730163612675796
CE,2010-12-07,36.22770132474069,36.2326893868711,36.06722618494476,36.22641198003254,1031045,36.22641198003254
CE,2010-12-08,36.20135422684237,37.06305854854283,35.26264303595227,36.08021270979195,973449,36.08021270979195
CE,2010-12-09,36.36984212930971,37.12364725832479,35.44163246359165,36.02289529387755,858311,36.02289529387755
CE,2010-12-10,35.05241739553202,35.5945258048441,34.60974930359041,35.24990566130416,1104895,35.24990566130416
CE,2010-12-13,35.08080023528814,35.56908738460079,34.57790778517654,34.96480300139269,619533,34.96480300139269
CE,2010-12-14,34.8814408609906,35.35221421339307,34.63672322316345,34.650246879207884,732790,34.650246879207884
CE,2010-12-15,35.24610519510381,35.5366420425562,34.765173357386516,34.92660622165628,817963,34.92660622165628
CE,2010-12-16,35.16167089158418,36.19601160961405,34.08172544094476,35.07585127209692,1648655,35.07585127209692
CE,2010-12-17,34.901518948736985,35.73483310732577,34.03156376187641,35.16112476969847,492983,35.16112476969847
CE,2010-12-20,34.75565499045171,36.0125626355127,34.39816732146736,35.068573339091465,1446803,35.068573339091465
CE,2010-12-21,35.63213278095961,36.41918402077194,34.820265356871325,35.790676070934055,916627,35.790676070934055
CE,2010-12-22,36.1053421378952,36.85292107232247,34.895553876375836,35.79879185489133,1644522,35.79879185489133
CE,2010-12-23,36.38761356142764,36.41986293193478,35.99713139680808,36.36075617663273,1582357,36.36075617663273
CE,2010-12-24,36.76498177916706,37.32949176844879,36.19627019737071,36.706760790446516,638001,36.706760790446516
CE,2010-12-27,36.89350577123649,37.69181864580088,36.59693476015082,36.81207559845066,815160,36.81207559845066
CE,2010-12-28,37.205840467753085,37.467590777419886,36.44612830636599,37.33111229446961,936267,37.33111229446961
CE,2010-12-29,36.94152279283474,37.93484954128508,36.19867004258518,37.17828086209829,129975,37.17828086209829
CE,2010-12-30,37.032626101062135,37.12625075718391,35.763931321269986,36.69921978639171,1381665,36.69921978639171
CE,2010-12-31,36.890692453669494,37.78384148158796,36.32032593818695,36.703223346180756,819851,36.703223346180756
CE,2011-01-03,37.575644304886715,38.67787003845261,37.23925704261816,37.56734183046829,557805,37.56734183046829
CE,2011-01-04,37.617052290420794,38.41906698529326,36.64475699245231,37.71004135345004,909104,37.71004135345004
CE,2011-01-05,37.43143207827807,37.53091760152221,36.59384401649606,37.444333691394114,1633545,37.444333691394114
CE,2011-01-06,36.66337224268086,37.6599862928429,35.73315427745363,37.008539643933574,491043,37.008539643933574
CE,2011-01-07,36.004118171266455,36.991151948441725,35.73157815474518,36.18686654650567,878541,36.18686654650567
CE,2011-01-10,35.58256222987914,36.761911093474886,34.73829235228965,35.76086159033032,448371,35.76086159033032
CE,2011-01-11,35.90432242991142,35.992629194246256,34.99118204933103,35.94361070859919,1384509,35.94361070859919
CE,2011-01-12,35.64568124883683,36.66789765430578,34.65100816236434,35.834695500222956,555073,35.834695500222956
CE,2011-01-13,35.74895086413104,36.118355978595126,35.5680248599318,35.97526611296809,1160148,35.97526611296809
CE,2011-01-14,35.690860033332285,36.5373612653508,34.56929973310136,35.50232298918721,79563,35.50232298918721
CE,2011-01-17,36.36163376145954,37.331082499507765,35.02747698732937,36.077698367738,202802,36.077698367738
CE,2011-01-18,36.19467133433845,37.454090957563714,35.178656492362855,36.51075224824292,1308898,36.51075224824292
CE,2011-01-19,36.01151715866565,36.93130300321599,35.32747573128495,36.221854703734294,1258715,36.221854703734294
CE,2011-01-20,35.67087847131548,36.20676096794192,35.04740547632639,35.476688440706354,1584041,35.476688440706354
CE,2011-01-21,35.85601124038321,36.79678697009911,34.98766543820954,35.6309414226085,97358,35.6309414226085
CE,2011-01-24,34.60662271284384,35.14552181078416,34.04111789471325,34.60651190135093,753419,34.60651190135093
CE,2011-01-25,34.076309647028836,34.27065821695805,33.86183469157577,33.944007577429616,852898,33.944007577429616
CE,2011-01-26,33.47110237268511,34.71107111649557,33.22902713801483,33.75627517813324,1547738,33.75627517813324
CE,2011-01-27,33.560862423294246,33.936701117695144,32.669030464231845,33.327881382570595,1798276,33.327881382570595
CE,2011-01-28,34.23195908803609,34.873139799693334,33.14292295862921,34.00566582997997,1005208,34.00566582997997
CE,2011-01-31,33.986469898803016,34.189517789069036,33.60075849479663,33.855515379226205,886691,33.855515379226205
CE,2011-02-01,34.409048827046405,34.52315573901113,33.68830261047139,34.12490644660169,1297258,34.12490644660169
CE,2011-02-02,32.739258741914036,33.58432440680488,32.702178277592004,33.038165422628175,769862,33.038165422628175
CE,2011-02-03,32.00348938449303,32.711972496953145,31.915584453848563,32.176623102807206,598409,32.176623102807206
CE,2011-02-04,31.779581358134294,32.22066666297961,31.36356381786407,31.867187212382735,92884,31.867187212382735
CE,2011-02-07,31.769522129621773,32.287099153456026,30.88306686892321,31.987942921795998,295065,31.987942921795998
CE,2011-02-08,31.59454493113022,31.949200163049028,30.484108482724032,31.39685297521183,177192,31.39685297521183
CE,2011-02-09,31.74955009045172,32.50691554201283,31.433102844481358,31.587070481196772,279196,31.587070481196772
CE,2011-02-10,32.431777938558284,32.77983719853675,31.963305993431167,32.25550006023185,255180,32.25550006023185
CE,2011-02-11,31.7577968020358,32.77241612973046,31.338743832043,31.890913638790117,1361356,31.890913638790117
CE,2011-02-14,32.07071608006647,32.17939969703341,31.60537836165394,31.903105897346318,1487383,31.903105897346318
CE,2011-02-15,31.5491482914464,32.677210106046665,31.113568289094452,31.788799348640605,1065733,31.788799348640605
CE,2011-02-16,31.35473353199475,32.25702024556853,30.95810029375055,31.6032612722061,1544956,31.6032612722061
CE,2011-02-17,31.826801219174342,32.15558887282814,31.035501623864064,31.77338547679324,208203,31.77338547679324
CE,2011-02-18,31.50824534072977,31.801788095937695,30.993562324783397,31.795249189967986,754794,31.795249189967986
CE,2011-02-21,32.00360109868558,32.774022144880334,30.784055974264255,31.72527488546816,796651,31.72527488546816
CE,2011-02-22,31.70196678019835,32.73591177045686,31.38691293499279,31.81085763273421,691022,31.81085763273421
CE,2011-02-23,32.23162121973585,33.1968385170486,31.58599208874923,32.24643354999135,1547617,32.24643354999135
CE,2011-02-24,32.76418651285394,33.18036233121537,32.224505580388616,32.56021031671104,1083046,32.56021031671104
CE,2011-02-25,31.66185387362469,31.792374003979212,31.59200307744521,31.725270872595658,83384,31.725270872595658
CE,2011-02-28,31.277154210671256,31.615407500789257,30.893987160062135,31.320598807363524,823278,31.320598807363524
CE,2011-03-01,31.519948092206764,31.909879763937,30.884586316770534,31.616096454300543,463473,31.616096454300543
CE,2011-03-02,32.79518843039113,32.99376081912385,32.015146957229035,32.89273285390898,762184,32.89273285390898
CE,2011-03-03,32.565866570245475,33.099715491253214,31.834803722204867,32.586751214561616,496982,32.586751214561616
CE,2011-03-04,32.15882871844299,32.74210479053607,31.862406205231494,31.874553250671813,1386324,31.874553250671813
CE,2011-03-07,33.2977935066587,34.02583552185269,32.629029690977774,33.00993491104527,509796,33.00993491104527
CE,2011-03-08,33.69731654361382,33.7488873325749,33.10185439569354,33.6669074741605,263637,33.6669074741605
CE,2011-03-09,34.272661937816636,34.58628366366942,33.48196594666061,34.30287604962817,1143873,34.30287604962817
CE,2011-03-10,34.59104309051943,34.959648880110024,34.14508693059476,34.37915667958508,276210,34.37915667958508
CE,2011-03-11,34.4962260876666,35.41959487770775,33.74020755451839,34.3718486955299,277433,34.3718486955299
CE,2011-03-14,34.57884616952247,35.513919040685366,33.597467819040354,34.31696421717894,182738,34.31696421717894
CE,2011-03-15,34.893447400961655,35.16558683795323,33.92289290537762,34.73324942886706,1264880,34.73324942886706
CE,2011-03-16,35.73717730592742,36.25965239807394,34.55149660790185,35.416765847354284,1098613,35.416765847354284
CE,2011-03-17,35.79835581098008,36.254523193555244,34.74956112496544,35.523936428258615,836006,35.523936428258615
CE,2011-03-18,36.2181240386566,36.79041484947388,35.56040763084671,35.962610283694225,791711,35.962610283694225
CE,2011-03-21,36.66818832988513,37.063319380477786,35.83198617870787,36.747895890577595,556328,36.747895890577595
CE,2011-03-22,37.20877502857364,37.81156724930259,36.160155559218474,37.293646165644425,1797056,37.293646165644425
CE,2011-03-23,37.82603655157941,37.991000143990455,36.9205628069391,37.644437646288466,820298,37.644437646288466
CE,2011-03-24,36.94640578448038,38.04962987420449,36.48625888851759,37.25656744896898,1054431,37.25656744896898
CE,2011-03-25,36.781160488881966,37.321850708017955,35.74417237100183,36.912410348977446,471208,36.912410348977446
CE,2011-03-28,36.293561486785165,36.884148494678485,35.39163388244093,35.98251150245053,963257,35.98251150245053
CE,2011-03-29,36.17692947735223,36.86990320507478,35.14837096928601,36.21306923264771,1023894,36.21306923264771
CE,2011-03-30,36.12821141901232,37.206100512722536,35.87695368937161,36.295243400072465,767698,36.295243400072465
CE,2011-03-31,37.00355428744796,37.11179392487622,36.861330193868156,37.0209895432537,177556,37.0209895432537
CE,2011-04-01,37.14047968308593,37.83834408549662,37.100154192244695,37.29818415568831,1645775,37.29818415568831
CE,2011-04-04,37.335860322579016,38.3372888318348,36.79265162979351,37.13661429694272,1255638,37.13661429694272
CE,2011-04-05,37.14457603760526,37.51208169766135,36.47877877092852,36.88592815665959,284481,36.88592815665959
CE,2011-04-06,37.30941764172352,37.80696801996198,36.75919766054145,37.099686991717995,805285,37.099686991717995
CE,2011-04-07,37.0006790626115,37.3573266452693,36.83933558787904,37.26222481200337,592425,37.26222481200337
CE,2011-04-08,38.19915463020335,39.18789875132264,37.97808785920708,38.32481621010244,1779073,38.32481621010244
CE,2011-04-11,38.06416288975023,38.38081163168916,37.42296799362957,38.283164781226425,1686824,38.283164781226425
CE,2011-04-12,38.23441434769039,39.31768827498989,37.83418396268069,38.58725690488539,1413454,38.58725690488539
CE,2011-04-13,39.76412567317083,40.21057155681447,38.57981358867738,39.5748191894489,821205,39.5748191894489
CE,2011-04-14,39.452660747306915,39.910083030682905,39.09158087264378,39.5092699600592,219348,39.5092699600592
CE,2011-04-15,39.15841456698645,40.025049898357885,38.84213658927341,39.33414134708235,1042997,39.33414134708235
CE,2011-04-18,38.42179249451734,39.227121418030634,38.19277160143161,38.570266801738256,1708940,38.570266801738256
CE,2011-04-19,38.10184222335142,38.84888142811636,37.893404497003615,38.3820183188702,1741387,38.3820183188702
CE,2011-04-20,38.87577689428143,39.20040273385915,37.974385918776115,38.623364990099645,55861,38.623364990099645
CE,2011-04-21,39.17509810724327,40.05759551649806,39.06170592147356,39.45608502246662,749861,39.45608502246662
CE,2011-04-22,38.541198794627185,38.97606833471881,38.51917286227483,38.66623279604348,309422,38.66623279604348
CE,2011-04-25,37.7902701367943,38.28381684441033,37.765375134028744,38.16629367208408,1748873,38.16629367208408
CE,2011-04-26,37.06775692565818,38.004773893856836,36.607109562379904,37.11495859409628,147173,37.11495859409628
CE,2011-04-27,38.05076694208518,38.96562559736121,37.54790637621686,38.161587758073495,1196870,38.161587758073495
CE,2011-04-28,38.44365063245006,38.54093340070112,37.652792938447135,38.275923997122156,868378,38.275923997122156
CE,2011-04-29,38.21094804218235,38.39734747046631,37.24788256035703,38.04710682721331,626543,38.04710682721331
CE,2011-05-02,36.70627230950309,37.159458947853125,35.97261426566392,37.04812930502637,677344,37.04812930502637
CE,2011-05-03,36.7828430590316,37.946915750754606,35.917437041610484,37.0676232880241,523017,37.0676232880241
CE,2011-05-04,37.160700946961114,38.02231363740603,36.81342620879943,36.86239130320084,668664,36.86239130320084
CE,2011-05-05,36.10585950880319,36.547832728855646,35.48696414458133,35.89636949480765,198501,35.89636949480765
CE,2011-05-06,35.68134374557299,36.6415932547127,35.611190486477454,35.76038500161594,975519,35.76038500161594
CE,2011-05-09,36.20599362681539,37.5142020263514,35.54030188870433,36.44920129882478,626297,36.44920129882478
CE,2011-05-10,36.152407090460656,37.38380684456546,35.391248741720545,36.32620525195837,1656734,36.32620525195837
CE,2011-05-11,37.11562184664139,38.20777589639954,36.036067304677275,36.99868625300169,876503,36.99868625300169
CE,2011-05-12,38.238556439388624,39.20949228993175,37.10522648669371,37.900865048410694,1647826,37.900865048410694
CE,2011-05-13,37.8557824450995,38.10220992041779,37.64390409482778,37.76835769870612,133532,37.76835769870612
CE,2011-05-16,37.38089726235616,37.80332600887801,36.91245054734601,37.738320212667375,100717,37.738320212667375
CE,2011-05-17,38.16133496074211,39.09055569237122,37.42170728903503,38.046648568433035,1331307,38.046648568433035
CE,2011-05-18,39.00482084432145,39.36586165265983,38.16017435690174,38.66093059634498,1297691,38.66093059634498
CE,2011-05-19,39.41155814412461,39.92377189138212,39.284679646052965,39.52329761105784,1248232,39.52329761105784
CE,2011-05-20,40.81451805243704,40.903896458509166,39.483812816274146,40.4636531203807,1413876,40.4636531203807
CE,2011-05-23,40.1762486678533,41.03768127683735,39.99836802961236,40.03961761666333,1044004,40.03961761666333
CE,2011-05-24,40.69864552924408,41.48190711674503,40.29108243105572,40.95268693681292,629250,40.95268693681292
CE,2011-05-25,41.002515961615636,41.54851849701889,40.82458580698826,41.29546134999005,720182,41.29546134999005
CE,2011-05-26,40.72829873571364,41.79609574648315,40.148417612087556,40.99369222822166,310690,40.99369222822166
CE,2011-05-27,40.47367788826814,41.663463245061294,39.38984719113356,40.31305088007568,397847,40.31305088007568
CE,2011-05-30,39.92283034903781,40.51975688131919,39.33432782209192,39.85147923540405,884533,39.85147923540405
CE,2011-05-31,40.05823702514404,40.823237766008155,38.9381360769734,40.09388564475684,279186,40.09388564475684
CE,2011-06-01,39.630788283561756,40.01379474851622,39.45505961805493,39.81924902357788,225061,39.81924902357788
CE,2011-06-02,40.38658572410113,40.58160117894963,39.63917046867695,40.06030955901679,1721808,40.06030955901679
CE,2011-06-03,39.17977478655753,39.94709094688632,38.33684987439442,39.40537568883188,159491,39.40537568883188
CE,2011-06-06,38.811798218546755,39.96837644493019,37.967023746973105,38.980500979282255,928782,38.980500979282255
CE,2011-06-07,38.60247657543226,40.01150776805074,38.48991872475686,38.94918811205733,1395587,38.94918811205733
CE,2011-06-08,38.69491121522886,39.617909782988626,38.510228645235735,38.86957139807181,1764770,38.86957139807181
CE,2011-06-09,38.47017910427758,38.88625685123421,37.87642451167112,38.147529075904906,1485988,38.147529075904906
CE,2011-06-10,37.57123411894248,38.65816427866688,36.91162440602488,37.807452037089426,238091,37.807452037089426
CE,2011-06-13,36.62595428520634,37.16678713393386,36.4858655970773,36.84409870657425,130396,36.84409870657425
CE,2011-06-14,36.9753379031733,37.21887938752361,36.06782379581891,36.90155148232491,483882,36.90155148232491
CE,2011-06-15,37.83539438006104,38.73825382875569,36.678746842452206,37.78479789789828,1553248,37.78479789789828
CE,2011-06-16,37.12824375746076,38.212747583498185,36.49643610001742,37.3704351546399,652101,37.3704351546399
CE,2011-06-17,36.601265527726795,37.831443916686936,36.51290124324356,36.85611459996632,1090625,36.85611459996632
CE,2011-06-20,37.14179749799612,38.075825323302965,36.66403551681685,37.42851718416639,1448429,37.42851718416639
CE,2011-06-21,37.05801013132667,38.05492387443729,35.9417816876628,36.79230677516948,446965,36.79230677516948
CE,2011-06-22,37.49210931394116,37.5218912056089,36.98512980336361,37.376663847108844,579034,37.376663847108844
CE,2011-06-23,37.05704372213533,37.339102503640554,36.443042624488115,36.723996972527715,895210,36.723996972527715
CE,2011-06-24,36.303195556173335,37.42947719587469,35.81347034293918,36.54745423925696,521333,36.54745423925696
CE,2011-06-27,36.405988252399816,36.89777187713432,36.234077017333604,36.43469615080869,1220459,36.43469615080869
CE,2011-06-28,37.024350096837196,37.290246822222024,36.394674014783035,36.84524800309295,493801,36.84524800309295
CE,2011-06-29,37.706912941273025,38.82996954371914,36.684324752411236,37.92418185241378,1140975,37.92418185241378
CE,2011-06-30,37.8864653830615,38.82104991072329,37.53137204431665,37.74704535498259,939013,37.74704535498259
CE,2011-07-01,36.072625912360714,36.58554547029563,35.148830708564844,36.091535453926504,1650408,36.091535453926504
CE,2011-07-04,35.137267797093074,35.67847091848892,35.013677900749016,35.185944876526264,1463911,35.185944876526264
CE,2011-07-05,35.2816197041612,36.1082005610083,34.67496148155858,35.179600519936564,778999,35.179600519936564
CE,2011-07-06,35.79168628899475,36.643579183259654,35.5037780299381,35.81482663882996,652778,35.81482663882996
CE,2011-07-07,37.37125538979864,38.34279285608135,37.10250427109922,37.13359075482667,1071741,37.13359075482667
CE,2011-07-08,37.266674040346885,37.98837963927047,36.31886539730468,36.94853139510437,1766949,36.94853139510437
CE,2011-07-11,37.43385306453457,37.64261207218692,36.76178016831163,37.36744459006303,270499,37.36744459006303
CE,2011-07-12,37.892015486273785,38.67113199570287,37.69404396472145,38.04373809778048,897940,38.04373809778048
CE,2011-07-13,37.44812988525005,37.87771760032545,36.24755937071523,37.24164567818495,1631532,37.24164567818495
CE,2011-07-14,37.81475900189574,38.096497059021736,36.71173904539655,38.06561923937334,1750164,38.06561923937334
CE,2011-07-15,37.31571648652631,37.842224801690314,36.87276013369534,37.6204490245166,536893,37.6204490245166
CE,2011-07-18,37.80189411569221,38.035031425771045,36.84401135860164,37.78773768414654,1120288,37.78773768414654
CE,2011-07-19,37.19813876771662,37.29002168292062,36.26116793301978,37.0892922034318,1095660,37.0892922034318
CE,2011-07-20,37.1476958473357,37.65288920423817,36.87420577461196,36.900464234703364,55194,36.900464234703364
CE,2011-07-21,36.31393422483864,36.8673968115242,35.61184835214006,35.986305966976694,866981,35.986305966976694
CE,2011-07-22,36.41728829416085,36.78875754522943,35.9909703305189,36.147384388233164,621678,36.147384388233164
CE,2011-07-25,37.373882301549024,37.83622625651247,36.89863697585656,37.01212609675857,579638,37.01212609675857
CE,2011-07-26,37.02867887387397,37.65738946379758,36.052621441461454,37.04668356258585,1497488,37.04668356258585
CE,2011-07-27,36.130530418392624,36.39466542523008,36.05224732109025,36.2635905120664,1720414,36.2635905120664
CE,2011-07-28,36.06520144987017,36.703143233135705,35.92078107739551,36.09428891425276,672860,36.09428891425276
CE,2011-07-29,36.3312894549797,37.105064164044826,35.189334337022274,36.22686154145715,816252,36.22686154145715
CE,2011-08-01,36.16820413071246,37.117361242711304,36.13822852721165,36.16295572172244,862029,36.16295572172244
CE,2011-08-02,36.64996278246874,36.981542737471,35.9579294522106,36.55191605307136,672681,36.55191605307136
CE,2011-08-03,37.990947767517106,38.84279158241357,37.670510710575165,37.69936382931443,608981,37.69936382931443
CE,2011-08-04,37.43042426699902,38.367371189194714,37.23262819090095,37.68228370832576,472247,37.68228370832576
CE,2011-08-05,37.33882722679778,38.192103331425756,36.71168525224164,37.62457532992199,129147,37.62457532992199
CE,2011-08-08,37.23172650200851,38.25995912290856,36.68615970020668,37.232829477728366,937983,37.232829477728366
CE,2011-08-09,38.198286725886454,38.9087825696353,37.010971610842084,37.833744884790846,853964,37.833744884790846
CE,2011-08-10,38.61598763564737,39.38743450820583,38.0215946822286,38.95957721087871,1359451,38.95957721087871
CE,2011-08-11,39.24308128564336,40.082411831026384,37.82426535311052,38.86488144614132,1390118,38.86488144614132
CE,2011-08-12,39.39692886061401,40.53141502120749,38.92483584426421,39.031820052166694,649618,39.031820052166694
CE,2011-08-15,38.98261810403808,40.223254466009315,38.64722580620225,39.14499191085964,514049,39.14499191085964
CE,2011-08-16,39.01256964527973,40.159854973072896,38.48364304722868,38.709855635118366,1583706,38.709855635118366
CE,2011-08-17,38.772579906340134,39.269783075295,38.22719186164012,39.15808452608585,254804,39.15808452608585
CE,2011-08-18,39.115220117339376,39.672031807546574,38.0891894221758,39.15119133456819,1596028,39.15119133456819
CE,2011-08-19,39.22602670405277,39.81314258250118,38.68146509440479,39.30296344096538,1489433,39.30296344096538
CE,2011-08-22,40.219795013650376,40.68289969096557,39.095576472729206,39.89848611579229,928708,39.89848611579229
CE,2011-08-23,39.697216464010864,39.931909563916676,38.51833513676413,39.71922395187044,1265477,39.71922395187044
CE,2011-08-24,39.72763234068279,40.78641091139272,39.268820846325035,39.792941508333136,1074389,39.792941508333136
CE,2011-08-25,39.486016127900726,40.283332057529556,39.203200744475126,39.37608235042608,61742,39.37608235042608
CE,2011-08-26,38.6521723843414,39.45285931090206,38.3165386323464,38.74842409864596,1102118,38.74842409864596
CE,2011-08-29,38.864906495341984,39.385913614689365,37.931850819243785,38.83650957526703,1231021,38.83650957526703
CE,2011-08-30,39.33078069944583,39.78920690722119,38.76417844385968,38.97566053574089,382519,38.97566053574089
CE,2011-08-31,39.305501982307014,40.47359370694756,38.49128790017314,39.54067623652205,103331,39.54067623652205
CE,2011-09-01,39.07192302165316,39.72209822433108,38.15586472828063,39.104056546558674,651314,39.104056546558674
CE,2011-09-02,38.131870418002045,39.207009681424196,38.08741832897429,38.505079099489514,540942,38.505079099489514
CE,2011-09-05,39.84202437415794,39.96155429054761,38.40373793994247,39.57116993986381,473022,39.57116993986381
CE,2011-09-06,39.34336328018898,40.22810306031163,38.36084438483326,39.66703249205375,1446654,39.66703249205375
CE,2011-09-07,38.55166341306563,39.018615477145964,37.93522350966866,38.866668162358486,187121,38.866668162358486
CE,2011-09-08,39.14853309509723,39.21175840591511,37.88025149385811,38.851058791358334,819547,38.851058791358334
CE,2011-09-09,38.41411418544942,39.2797304621773,37.45399508356028,38.48392708594163,1251690,38.48392708594163
CE,2011-09-12,38.85480354988576,39.1751385578338,38.28517104924081,38.70980016316882,1010452,38.70980016316882
CE,2011-09-13,38.758517362761665,39.88063876468857,38.274168194425016,38.483096633852014,75685,38.483096633852014
CE,2011-09-14,39.128146336353325,39.9391730027834,38.73093787801302,39.226622768705916,114451,39.226622768705916
CE,2011-09-15,38.29645720878428,39.224744615776785,37.26412129336487,38.479970144415596,1674566,38.479970144415596
CE,2011-09-16,38.98857565986952,39.4797378494733,38.866204330370984,39.24799075466558,89796,39.24799075466558
CE,2011-09-19,39.79380319766787,39.947665404427816,39.616704112522,39.70873167710202,1386475,39.70873167710202
CE,2011-09-20,39.722628742874065,40.549652263247445,38.86581467590498,39.920416481220144,1489430,39.920416481220144
CE,2011-09-21,40.67630393035163,41.805756070121326,40.02347857849754,40.56734977651964,214335,40.56734977651964
CE,2011-09-22,41.186566659991875,41.40687659204533,40.55052656832121,41.33774527173505,415484,41.33774527173505
CE,2011-09-23,41.23070522235571,41.9871017937104,40.82032536712652,41.356613953570246,1384241,41.356613953570246
CE,2011-09-26,42.193911865333035,42.659496385516604,42.16599605120228,42.406696455637515,378065,42.406696455637515
CE,2011-09-27,42.75350613371936,43.82795040351169,42.73603749520242,42.82333540011552,1653208,42.82333540011552
CE,2011-09-28,42.201605413449926,43.357972607259555,41.58015848932266,42.48871874772451,807278,42.48871874772451
CE,2011-09-29,41.50036966504641,41.77201719445541,40.36983692459874,41.65055604936053,349683,41.65055604936053
CE,2011-09-30,42.58620507829253,43.37362895822687,41.50526657935405,42.35083592405784,712640,42.35083592405784
CE,2011-10-03,44.42035375208957,45.99269883609201,43.638866235138096,44.67444511645098,723640,44.67444511645098
CE,2011-10-04,43.89386398441898,44.58932599332998,42.897461348758384,43.50483227359001,209502,43.50483227359001
CE,2011-10-05,43.742827627808275,44.12366420110651,43.690822266487054,43.7490209321502,237232,43.7490209321502
CE,2011-10-06,43.26009920305599,43.80189371304051,42.302862478698984,43.6028876239063,1069325,43.6028876239063
CE,2011-10-07,43.569919324850055,44.86347831373997,42.586952427552475,43.187227616642616,535662,43.187227616642616
CE,2011-10-10,43.837518359106575,44.617665281134144,42.90515713445105,43.87553364359051,603882,43.87553364359051
CE,2011-10-11,43.42962822266803,43.9178185893648,43.27539216005934,43.38020498816913,1325649,43.38020498816913
CE,2011-10-12,42.83640603479688,43.384977173138715,42.82350074840046,43.10781735801844,308248,43.10781735801844
CE,2011-10-13,42.8479823607898,44.21681685760891,42.681825511909025,42.991307652490306,1787514,42.991307652490306
CE,2011-10-14,43.85947977415194,44.684514362940284,42.815033526294584,43.68157517113053,558786,43.68157517113053
CE,2011-10-17,42.61372439850215,43.01091517010558,41.690562860859984,42.93663416852341,141514,42.93663416852341
CE,2011-10-18,42.611464371566015,42.687457569487975,41.825365431524226,42.55150177450927,1626658,42.55150177450927
CE,2011-10-19,43.015558510750154,44.22786933130621,42.52522183880389,42.849710620145004,698456,42.849710620145004
CE,2011-10-20,42.765877768086774,44.11645939830417,41.494853000695215,43.19625358436314,1300491,43.19625358436314
CE,2011-10-21,42.77752270214466,42.910257418889465,42.484413988703466,42.490645890176644,435921,42.490645890176644
CE,2011-10-24,41.8867829856966,43.05262068527237,41.740277294968394,42.26178593114493,863412,42.26178593114493
CE,2011-10-25,41.996683886982176,42.74146587137254,40.766788570756376,42.21033556003753,1687616,42.21033556003753
CE,2011-10-26,42.811322097824714,43.82428435929876,41.631764970199306,42.41806851273706,516873,42.41806851273706
CE,2011-10-27,41.95277392082503,42.65467558323574,41.55988710586464,42.30727436032166,1494747,42.30727436032166
CE,2011-10-28,43.60955139354279,44.11042477619191,42.34107939589069,43.32711014311455,1192710,43.32711014311455
CE,2011-10-31,43.41823811052221,43.63627320979081,42.17353901387681,43.28664818075915,1300368,43.28664818075915
CE,2011-11-01,44.397448615917895,44.73374613810473,43.817514975430065,44.310264958602026,198544,44.310264958602026
CE,2011-11-02,44.096261713368214,44.34648972670582,43.89692454597842,44.02434139981961,1066124,44.02434139981961
CE,2011-11-03,42.70872715490491,43.026886859662014,42.65183057465049,42.9955430286085,324154,42.9955430286085
CE,2011-11-04,44.83476617146094,44.896861634830444,43.35713500424037,44.68389368003793,1760174,44.68389368003793
CE,2011-11-07,45.05337026155103,46.18280100729993,44.48189793868915,44.65006254938758,718106,44.65006254938758
CE,2011-11-08,44.54519028164019,46.00855896416318,43.95821996486654,44.92522669620683,883220,44.92522669620683
CE,2011-11-09,43.828021844106615,44.16106615131772,42.82572446486367,43.97541641883827,1595411,43.97541641883827
CE,2011-11-10,44.1499285777727,45.05956093788226,43.6425713394318,44.17444389660585,1370485,44.17444389660585
CE,2011-11-11,44.51180232301109,45.752468255567926,44.50617883647918,44.75140926561753,1487553,44.75140926561753
CE,2011-11-14,44.21944313231808,44.28746308033426,43.05180937346568,44.00742307731221,175076,44.00742307731221
CE,2011-11-15,44.102802938815046,44.21995344483283,42.98391036608503,43.937052304221325,1576135,43.937052304221325
CE,2011-11-16,43.58549508151354,44.66310242609247,43.19184282499005,43.921249210570764,1393139,43.921249210570764
CE,2011-11-17,43.16259204970779,43.64707120352911,41.86550122743671,43.10271168710341,306365,43.10271168710341
CE,2011-11-18,44.083119884217815,45.12640613885891,43.845794729491864,44.19903363849082,1653291,44.19903363849082
CE,2011-11-21,42.239408779019406,43.18067453711881,41.7990995925127,42.47012179672633,365847,42.47012179672633
CE,2011-11-22,41.42835453867803,41.46690976355012,40.94575607402596,41.14176622008043,760186,41.14176622008043
CE,2011-11-23,40.86362421578739,42.0765069559865,39.92058176364833,41.230847579758745,512333,41.230847579758745
CE,2011-11-24,40.61138619518336,40.88649391397126,40.42521169053676,40.6378900006224,1561586,40.6378900006224
CE,2011-11-25,41.05856334955154,41.464084035129126,40.379389246036666,41.078846800415626,1261711,41.078846800415626
CE,2011-11-28,40.94479864490831,41.84933802580616,39.82363266721786,40.88745611601421,158138,40.88745611601421
CE,2011-11-29,40.9084604211931,42.10966825897353,40.78748092703296,41.15738506319793,759407,41.15738506319793
CE,2011-11-30,40.637357458092936,41.05894719105677,39.9809137098688,40.337888108907016,958904,40.337888108907016
CE,2011-12-01,40.49181274254618,40.600201864256455,39.117454352090895,40.118468140759184,1531796,40.118468140759184
CE,2011-12-02,39.91214456442904,40.83372337236773,38.971779213569974,39.87310489354978,350140,39.87310489354978
CE,2011-12-05,41.13283339378181,42.4135314054919,40.23062196677835,41.33444183514788,848899,41.33444183514788
CE,2011-12-06,41.384730538990915,42.58196448664524,41.0299847389064,41.07516636965698,1329494,41.07516636965698
CE,2011-12-07,40.08743619961161,40.46966218030573,39.564266178287184,39.69982859116729,607025,39.69982859116729
CE,2011-12-08,40.58407389424085,40.73486655960854,39.5966820715977,40.38868998619469,1190722,40.38868998619469
CE,2011-12-09,40.128317938753426,41.394795646564816,39.486229077690815,40.26222650178886,149782,40.26222650178886
CE,2011-12-12,40.235496215973015,40.934155069106595,39.37278269761523,40.44905078733886,403267,40.44905078733886
CE,2011-12-13,39.98428177563011,40.37374997165242,39.67558151840837,40.260777469648616,157927,40.260777469648616
CE,2011-12-14,39.303869021548785,40.104592897607105,38.314837250307434,39.51333788263782,1735140,39.51333788263782
CE,2011-12-15,40.104366698559815,40.55473783554815,39.308633032192716,40.324255044527014,1093640,40.324255044527014
CE,2011-12-16,40.12615741330669,40.553836465164714,39.28474338633442,39.75451718525314,1535816,39.75451718525314
CE,2011-12-19,39.00651740546786,39.381389866254274,38.75197106018583,38.895091994161206,856867,38.895091994161206
CE,2011-12-20,38.93335955423142,40.355297471022766,38.507681968455664,39.19441357696712,594248,39.19441357696712
CE,2011-12-21,39.29922227775825,40.06277548363645,39.228161166514624,39.308623910491725,1057259,39.308623910491725
CE,2011-12-22,39.71939830779573,40.56125283223903,39.63695189706994,39.97150996001306,1254127,39.97150996001306
CE,2011-12-23,40.248825042474806,40.86916295841677,39.824240801320435,40.163664577665536,105805,40.163664577665536
CE,2011-12-26,40.01302367446694,40.86779369393691,39.147184169222946,40.14034386443273,671857,40.14034386443273
CE,2011-12-27,40.46968193873179,41.783669978714336,40.08491126282372,40.71757651287028,1281092,40.71757651287028
CE,2011-12-28,39.53336430824229,39.91181299658656,38.575950475337805,39.73778262437886,1460162,39.73778262437886
CE,2011-12-29,39.789652206083176,40.50542791227234,38.85762722583306,39.65079615823494,845984,39.65079615823494
CE,2011-12-30,39.037212831068395,39.487154696583396,38.75368486595731,39.1091457517556,654618,39.1091457517556
CE,2012-01-02,39.291213727604486,39.96474631694578,39.104856544659,39.2808757998156,806854,39.2808757998156
CE,2012-01-03,40.046120106170854,40.668113574737674,39.094186156958806,39.79039606514035,1097171,39.79039606514035
CE,2012-01-04,40.105001293085486,40.141016603176034,39.409123927326576,39.980724088763985,1516423,39.980724088763985
CE,2012-01-05,40.40351070915964,41.14044563883959,39.6594390860802,40.43390603911568,267511,40.43390603911568
CE,2012-01-06,41.59565646083169,42.48066294729011,40.57740205533926,41.22132004322259,1208263,41.22132004322259
CE,2012-01-09,41.32203842720443,41.866045511958866,40.71768828733791,41.559338011154416,95105,41.559338011154416
CE,2012-01-10,41.87362110873298,42.18590170298046,41.486500902548585,42.05108341520554,389308,42.05108341520554
CE,2012-01-11,43.64011949593644,43.9172051767456,42.96000330079135,43.28395191333752,605380,43.28395191333752
CE,2012-01-12,45.3897434761568,46.256341972114555,45.037555258756306,45.0713367990222,387831,45.0713367990222
CE,2012-01-13,44.65668038008419,45.622274705981894,43.903301874144134,44.98955141078576,997561,44.98955141078576
CE,2012-01-16,44.76094244652507,45.92289810103482,43.15863805021363,44.37932717677307,351103,44.37932717677307
CE,2012-01-17,42.28743036510771,43.07092290445828,41.891831035206785,42.70580312550062,842197,42.70580312550062
CE,2012-01-18,44.27489358483218,44.75983373070093,43.329074301186594,43.99121983000053,992317,43.99121983000053
CE,2012-01-19,43.44605379195329,44.33042024708514,43.238844494779336,43.63911110840092,216879,43.63911110840092
CE,2012-01-20,43.69604982036605,44.57664995556578,42.5772705847449,43.96984388494003,753869,43.96984388494003
CE,2012-01-23,44.38991117507241,45.165694728871074,43.917044089980095,44.43549343288981,107732,44.43549343288981
CE,2012-01-24,45.362312352953865,45.78702381678569,44.2748181955879,45.004898845019326,1320444,45.004898845019326
CE,2012-01-25,45.11594893142025,45.34153464448209,44.077952228754604,44.859444535951866,1184479,44.859444535951866
CE,2012-01-26,45.85118313854427,46.95617232681329,44.83383109249292,45.426833971016706,639679,45.426833971016706
CE,2012-01-27,45.86371818367027,45.91778497950823,45.39196121378881,45.826141816971905,1704416,45.826141816971905
CE,2012-01-30,45.39358600451224,45.89705358999724,45.181035684379545,45.38400095244995,1147914,45.38400095244995
CE,2012-01-31,46.086368233556556,46.66166404378899,45.02884036294269,46.53963449597763,1408967,46.53963449597763
CE,2012-02-01,46.74393567595432,48.0836534195939,45.75262963713131,47.044448478164426,470535,47.044448478164426
CE,2012-02-02,46.163609947178266,46.67203344707267,45.53843674969631,46.165807166557094,1691828,46.165807166557094
CE,2012-02-03,46.1647120356793,46.20632911214621,45.03225870461177,45.93269035793194,1256634,45.93269035793194
CE,2012-02-06,45.98000847516342,46.08467096572642,45.09363633225526,45.685244919393284,1466782,45.685244919393284
CE,2012-02-07,45.121912488585416,45.588357600525185,44.03919071788287,45.31835273683093,1257458,45.31835273683093
CE,2012-02-08,45.95898574977026,47.04396094160194,44.81397056152533,45.76452565144641,1260375,45.76452565144641
CE,2012-02-09,46.999368184726464,48.12620868770936,45.74682461466745,46.69257050351254,1724556,46.69257050351254
CE,2012-02-10,45.83691642742392,47.3258656088861,45.82635641384308,45.951976118686254,246451,45.951976118686254
CE,2012-02-13,45.908790914125376,46.24060581401821,45.53011652837108,45.72993577329007,932714,45.72993577329007
CE,2012-02-14,46.496780065866105,46.63958755444377,46.27038812905167,46.55517782192736,986822,46.55517782192736
CE,2012-02-15,46.43994409029218,46.834401484542305,45.32203552826082,45.993209974532355,112422,45.993209974532355
CE,2012-02-16,45.07571415374865,45.769115124912744,44.354747990709114,45.52489229116312,1512547,45.52489229116312
CE,2012-02-17,43.94975364004031,44.963421768460556,42.723721043739786,44.02517312922532,1439368,44.02517312922532
CE,2012-02-20,44.35398998796694,45.86040155451784,43.28593691886074,44.56458760925701,1146645,44.56458760925701
CE,2012-02-21,45.03874874156981,45.40764990904724,44.58548179558709,44.72590307792586,1671463,44.72590307792586
CE,2012-02-22,44.33570670102133,44.964246630950825,43.7047760166679,44.525272305963426,1564262,44.525272305963426
CE,2012-02-23,43.51976163645351,43.97817639962246,43.46524603170573,43.48163218135475,1367579,43.48163218135475
CE,2012-02-24,43.488909223659576,44.60694874950702,42.75089370947468,43.28092753214728,758481,43.28092753214728
CE,2012-02-27,42.06191262225517,42.79366049575776,41.27639010988172,42.06424275081987,1651434,42.06424275081987
CE,2012-02-28,41.900968975177285,43.20270265794488,40.98850402938384,41.9761881638451,1049071,41.9761881638451
CE,2012-02-29,42.84140610124365,44.050507666084265,42.73647849877106,43.23700916549874,603436,43.23700916549874
CE,2012-03-01,42.97555764822429,44.30839024140042,42.16426372630463,43.38955284572053,520193,43.38955284572053
CE,2012-03-02,44.634709248103256,44.75410781514601,43.0971717419012,44.23016056575017,708111,44.23016056575017
CE,2012-03-05,45.26611544177971,46.55848162786249,44.159491008277854,45.13680386322053,1336125,45.13680386322053
CE,2012-03-06,45.09412676130609,45.943776531513755,44.326370931808725,44.802681911979825,1236151,44.802681911979825
CE,2012-03-07,45.23099700848942,45.95482471919551,44.054552946409835,45.24869976388149,1513836,45.24869976388149
CE,2012-03-08,43.23546244801301,43.94750832387062,42.057165983173,43.44261333993778,646067,43.44261333993778
CE,2012-03-09,43.47258157449882,43.752859656747965,42.76523042144876,43.651958139241145,679392,43.651958139241145
CE,2012-03-12,43.986991859201844,44.56988842065386,42.77776971800931,44.392301008889156,230553,44.392301008889156
CE,2012-03-13,45.02963694386502,45.045435858012155,43.953854619160246,44.7691845871476,1275792,44.7691845871476
CE,2012-03-14,44.6244781048998,45.961462032366114,43.64658141363731,44.551795609911494,1199886,44.551795609911494
CE,2012-03-15,45.41345036667131,46.502549435311394,44.584396745070045,45.43089421553748,408260,45.43089421553748
CE,2012-03-16,46.57034067359844,47.684468934794836,45.533895348053974,46.24450462735152,858656,46.24450462735152
CE,2012-03-19,46.18477295620435,47.24846426761016,45.05601107862393,46.235775614737776,909113,46.235775614737776
CE,2012-03-20,47.73985809885105,48.43319271147564,46.524506167781865,47.315973080619855,953643,47.315973080619855
CE,2012-03-21,47.250010431277516,47.84077279071431,46.34496359317004,47.71452417904262,699957,47.71452417904262
CE,2012-03-22,47.04473516545585,47.146731502854365,46.30725330801289,46.59313921383717,1676238,46.59313921383717
CE,2012-03-23,47.14122370748893,48.43719379465445,46.41619962780343,46.84527071564676,593587,46.84527071564676
CE,2012-03-26,46.2315520612578,46.36650744054701,46.05477432406551,46.36607004350749,456713,46.36607004350749
CE,2012-03-27,46.83085449143534,47.81304201925545,46.27757380636615,46.74170538280897,666172,46.74170538280897
CE,2012-03-28,44.58831370680907,45.42913125423796,43.09835597718551,44.26552506075238,109482,44.26552506075238
CE,2012-03-29,45.353833955621354,46.05275761966847,44.683155541408695,45.37053180575817,104826,45.37053180575817
CE,2012-03-30,45.75417083759238,47.51908666197679,45.40067813802068,46.168720040781324,1448829,46.168720040781324
CE,2012-04-02,47.700366251625056,47.983890104520626,47.09357656497054,47.31832182884497,703153,47.31832182884497
CE,2012-04-03,47.35341206021736,48.468991847024114,46.174616015602155,47.337301995871776,1753618,47.337301995871776
CE,2012-04-04,48.24231758722913,49.21899178544145,47.07600018627452,48.198787102133274,653746,48.198787102133274
CE,2012-04-05,47.90954593729429,49.79436538161858,47.71154636613899,48.38007293889784,1163066,48.38007293889784
CE,2012-04-06,47.310904385441816,49.028823673944835,46.5805247137329,47.69238040804863,1699407,47.69238040804863
CE,2012-04-09,47.398644296288445,47.58146742756302,46.36279331159434,47.13712953274947,1099448,47.13712953274947
CE,2012-04-10,46.85678430902116,47.35094662701934,46.14566025605668,46.91782501053511,1179906,46.91782501053511
CE,2012-04-11,48.31609235505618,49.54931247164856,46.65313290081885,47.839554598017735,1253529,47.839554598017735
CE,2012-04-12,48.945330772479814,49.28108669415714,48.20989505682432,48.75452732074732,72388,48.75452732074732
CE,2012-04-13,48.74128727082494,49.29480241595896,48.02862448815961,48.3069104266289,488517,48.3069104266289
CE,2012-04-16,48.6453799605918,49.778558123299156,48.40759336527792,48.86100148082696,696309,48.86100148082696
CE,2012-04-17,48.58343596501988,49.72595622088931,47.17020947715418,48.90015880698055,1054341,48.90015880698055
CE,2012-04-18,48.11460984328391,49.160624702693795,47.70350296685766,48.233660718893816,873232,48.233660718893816
CE,2012-04-19,47.18294509088215,48.420680620049396,45.89658418463245,47.40597260865193,1703087,47.40597260865193
CE,2012-04-20,47.37406279459511,48.409806653254776,47.21991424467463,47.26689392266363,570981,47.26689392266363
CE,2012-04-23,48.19970904330838,49.266210890393275,47.22018190496011,47.96521473855594,384846,47.96521473855594
CE,2012-04-24,47.53219471756464,49.0423192322381,47.211944385588836,47.62544771313165,1107461,47.62544771313165
CE,2012-04-25,47.828988479386936,48.74046665564494,47.28640356286225,48.22457852914731,1187938,48.22457852914731
CE,2012-04-26,48.01890355889582,48.54241680523027,47.94966485408892,48.47815460698658,63026,48.47815460698658
CE,2012-04-27,47.05186586865268,47.81394830277654,47.01468260492469,47.31871721263751,1151765,47.31871721263751
CE,2012-04-30,49.03123960125235,50.37211053488664,47.74849840244994,48.80431181495263,1646449,48.80431181495263
CE,2012-05-01,49.44472736569217,49.84601162000702,48.67764538397736,49.721624693742896,1111582,49.721624693742896
CE,2012-05-02,49.10136770950434,50.05434014029679,47.976749338191254,48.70106998341673,1607035,48.70106998341673
CE,2012-05-03,49.17184490924682,49.796073759314964,47.813808205382955,49.023164016687396,1389252,49.023164016687396
CE,2012-05-04,50.52044893190992,51.917197131227056,50.012674173484854,50.15722073476766,56642,50.15722073476766
CE,2012-05-07,50.38219973563022,51.9042406358626,49.39915210083382,50.49752120273067,1767492,50.49752120273067
CE,2012-05-08,50.69541606404633,51.88966508818947,48.835277498540094,50.209836869733046,1660860,50.209836869733046
CE,2012-05-09,50.32452383588118,50.47326343861182,48.87264068322876,50.14450665069257,277650,50.14450665069257
CE,2012-05-10,49.839252511381765,50.01930110269507,49.111555425059926,49.98224183326777,1094593,49.98224183326777
CE,2012-05-11,49.61622150006409,50.107613537865355,49.440111674851146,49.90312541417522,1217844,49.90312541417522
CE,2012-05-14,51.159204011540226,51.65313179693747,50.22045549085741,50.78690417950075,784956,50.78690417950075
CE,2012-05-15,50.99335125850679,51.55023538043291,49.79220006345776,51.179544205123236,1275756,51.179544205123236
CE,2012-05-16,50.083558827466376,51.10482822433447,49.02700045969277,50.54415329892356,902365,50.54415329892356
CE,2012-05-17,50.141500745383624,50.58063530822751,50.10543659985758,50.364455413248734,689197,50.364455413248734
CE,2012-05-18,49.770089754589115,51.22203731050178,48.355895863381555,50.09122321415313,822413,50.09122321415313
CE,2012-05-21,50.15727532415334,51.61530099108285,50.14875610361317,50.33876548501842,1526337,50.33876548501842
CE,2012-05-22,49.63553870717057,50.362132342612234,49.38348500861293,49.52335228885168,1653981,49.52335228885168
CE,2012-05-23,48.435235640490106,49.82512359387936,47.96763915327335,48.434817272706546,1413826,48.434817272706546
CE,2012-05-24,47.9881526249609,48.161405859892554,47.70521096081315,47.78663601546662,1552658,47.78663601546662
CE,2012-05-25,46.543343744487885,46.84678030240247,45.35993433503642,46.698539673815574,787173,46.698539673815574
CE,2012-05-28,45.310693829805956,45.932362517028764,45.23265435257768,45.657868573848226,1382832,45.657868573848226
CE,2012-05-29,46.220575573340604,47.90762778283699,45.128718587609825,46.53677642913629,521382,46.53677642913629
CE,2012-05-30,46.74850143521913,47.332620891845565,45.83953936560211,46.472193790127015,1653964,46.472193790127015
CE,2012-05-31,46.384226181945515,48.05652762423864,45.67282441417402,46.76018682095806,1228999,46.76018682095806
CE,2012-06-01,47.1084171492602,47.39390794233818,46.14426105107054,46.82919692214634,1115734,46.82919692214634
CE,2012-06-04,46.668262707967976,48.129467543527824,45.642559295007615,46.9380349799547,148643,46.9380349799547
CE,2012-06-05,47.344889719044666,47.785223284836576,46.86609804737085,47.176559397861,641120,47.176559397861
CE,2012-06-06,47.74123908193629,48.79307320806134,47.25621602033227,47.623992347684336,1738444,47.623992347684336
CE,2012-06-07,47.532223570501095,49.31803378541569,47.46657938183391,47.91722849948174,1089182,47.91722849948174
CE,2012-06-08,50.17409110718348,51.578501011954145,49.26856565785637,50.00820040215125,1599004,50.00820040215125
CE,2012-06-11,49.214656054153124,50.49507415235543,48.54744124848053,49.26637836929303,168967,49.26637836929303
CE,2012-06-12,48.711074633101504,48.78444245414347,48.369464113294505,48.5100857671677,1149581,48.5100857671677
CE,2012-06-13,48.46021920152804,49.34379905246543,48.02090482147493,48.13724345583253,1262985,48.13724345583253
CE,2012-06-14,46.77538840172745,48.39344504719471,46.28359667284325,47.21019489228416,71102,47.21019489228416
CE,2012-06-15,47.170229967667076,47.73531977986953,46.77764276766416,47.03105301186986,113673,47.03105301186986
CE,2012-06-18,46.01511328082038,47.398976058789124,45.33198170897419,46.3815667788092,337362,46.3815667788092
CE,2012-06-19,46.351969736659946,46.65705044234756,45.50121946847862,46.46452952565427,889256,46.46452952565427
CE,2012-06-20,46.08836469303939,46.78879282093467,45.900418640864814,46.54198286548862,1618752,46.54198286548862
CE,2012-06-21,45.50162722503118,46.53981983572719,45.19759257059124,45.65810319589644,1539375,45.65810319589644
CE,2012-06-22,45.9102840991778,46.82194984610624,44.8668511306771,46.2159053992972,433823,46.2159053992972
CE,2012-06-25,45.735586313896746,46.03504178788252,44.37895204588114,45.684178552059095,176208,45.684178552059095
CE,2012-06-26,45.07704820812409,45.45958194168644,44.47868749453453,45.06598767526571,855367,45.06598767526571
CE,2012-06-27,45.65778141528775,46.505534977854296,45.17585978607513,45.3915378761413,656317,45.3915378761413
CE,2012-06-28,45.543919104274586,46.535005956375336,44.39109651317286,45.41678724033471,509483,45.41678724033471
CE,2012-06-29,45.63798400146439,45.92223676051847,45.12581248237303,45.4429194667491,95269,45.4429194667491
CE,2012-07-02,44.42579765195955,46.07437984055215,43.6448017706088,44.79086101611357,1044275,44.79086101611357
CE,2012-07-03,43.651697661512436,44.07871852010209,42.7817741668175,44.06790596538193,1710477,44.06790596538193
CE,2012-07-04,45.046361676755026,45.9924194276117,43.51982587367041,44.627274493236186,451975,44.627274493236186
CE,2012-07-05,44.53722672734701,44.9916962950582,44.44943529811436,44.60231720056839,153860,44.60231720056839
CE,2012-07-06,44.68790870400265,45.42483863990265,43.649850635770534,44.78197380541657,466704,44.78197380541657
CE,2012-07-09,44.49269312715468,45.678109097469054,43.53056796669253,44.91034821818402,1289863,44.91034821818402
CE,2012-07-10,45.05203684803132,46.162810887230236,44.148501810126724,45.39805098102147,1108125,45.39805098102147
CE,2012-07-11,45.783646177188864,46.84987087108462,44.40989458703796,45.383838227749536,1783454,45.383838227749536
CE,2012-07-12,45.42644067595585,46.54915173022589,44.11374719770861,45.25010548020973,294369,45.25010548020973
CE,2012-07-13,45.68569435342424,45.86951282743613,44.80092244077785,45.768799463360494,369269,45.768799463360494
CE,2012-07-16,47.75101456601118,48.7580962328504,46.61719470912384,47.36782390260178,1564773,47.36782390260178
CE,2012-07-17,46.59609772434059,47.15393338391914,45.88702985895787,46.51247495138128,761882,46.51247495138128
CE,2012-07-18,46.38140871880701,47.520428425610234,44.9859745103236,46.15389948797875,216086,46.15389948797875
CE,2012-07-19,46.32108961405662,47.23183714249918,46.0145557729472,46.38454407474121,1469592,46.38454407474121
CE,2012-07-20,44.8468707705388,44.92216107262814,43.92059821285489,44.90837002930297,821968,44.90837002930297
CE,2012-07-23,45.299523397183805,46.60760289026228,45.18801680796578,45.69399923584468,400076,45.69399923584468
CE,2012-07-24,46.488702080513384,47.77975410851476,45.341481076083085,46.27217304851847,1139659,46.27217304851847
CE,2012-07-25,45.94755810964253,46.43439592743404,45.75854668832158,46.31892714530125,760855,46.31892714530125
CE,2012-07-26,46.919272461446226,47.614940846196475,45.76602210449549,46.67259158385263,1688474,46.67259158385263
CE,2012-07-27,47.47921987871042,48.671599593330235,46.7753396665094,47.774602518173076,445204,47.774602518173076
CE,2012-07-30,47.768023223647035,48.292710066462575,46.868581952689674,48.01060424160937,943084,48.01060424160937
CE,2012-07-31,47.521079129840466,48.44872607126902,46.26066520662137,47.127199650950814,1292245,47.127199650950814
CE,2012-08-01,47.815862480784496,47.91454361677506,47.268727853903016,47.84306828417836,417735,47.84306828417836
CE,2012-08-02,48.18102426603269,49.863857965990874,47.73717382121593,48.54487536316877,1167195,48.54487536316877
CE,2012-08-03,49.11976543898131,50.243606783182415,48.535677978861045,48.725013360730756,1409654,48.725013360730756
CE,2012-08-06,50.66987376985489,52.149969856541794,50.01479217124304,50.71816048222637,1053115,50.71816048222637
CE,2012-08-07,50.291588943208524,51.30195763635441,49.11000438436375,50.66595836321239,619227,50.66595836321239
CE,2012-08-08,49.22974215497241,49.38809846229877,49.21435308045884,49.3374725278263,981360,49.3374725278263
CE,2012-08-09,49.647437271506575,50.15612603742272,49.08874090899497,49.55889608810934,1087431,49.55889608810934
CE,2012-08-10,49.55977534436565,50.465530924181856,48.6301611403122,49.69659800108221,1278543,49.69659800108221
CE,2012-08-13,51.86311111639654,53.31922792778141,51.3776228732438,51.42667701925167,1549218,51.42667701925167
CE,2012-08-14,51.4952232341597,53.10404883960734,51.43107074379203,51.733524585527725,57954,51.733524585527725
CE,2012-08-15,51.23939087754465,52.49292462023636,49.824475388876536,51.5737689800988,216073,51.5737689800988
CE,2012-08-16,50.34976951017645,51.74081954246201,48.869222951554576,50.63234745486687,522916,50.63234745486687
CE,2012-08-17,51.630783111128224,53.554136832500475,50.1507194875365,52.06421777974975,622626,52.06421777974975
CE,2012-08-20,50.27899885974154,51.61124679082247,49.804336586562236,50.32701472291211,1534536,50.32701472291211
CE,2012-08-21,51.09726361627042,52.107179665382986,50.27366036074818,50.71353063136583,1344207,50.71353063136583
CE,2012-08-22,49.03192716414052,50.02106793407429,48.62598366379878,49.22356473476076,559994,49.22356473476076
CE,2012-08-23,48.79714345971719,49.73440503551737,48.25584561058802,49.03413758901379,776524,49.03413758901379
CE,2012-08-24,49.12773300710573,50.2428486572769,47.752448375251,48.79845599328396,1708796,48.79845599328396
CE,2012-08-27,48.13390461403268,49.493827853613936,46.931224480766566,48.32139660471422,1608357,48.32139660471422
CE,2012-08-28,48.05627125222605,48.392411084675004,47.952265442939876,48.07849122739097,1154914,48.07849122739097
CE,2012-08-29,47.75532773864697,48.89282636418064,47.63088714730953,48.207282488230625,580596,48.207282488230625
CE,2012-08-30,47.69512821662118,49.007235507805255,46.61123654058015,47.89910969006381,740442,47.89910969006381
CE,2012-08-31,47.48675255850701,48.810014667171124,46.30139365822736,47.84023451191555,256263,47.84023451191555
CE,2012-09-03,46.99329902799648,48.207325516767234,46.112655401531256,47.366694362919574,1251279,47.366694362919574
CE,2012-09-04,47.15506835212377,47.678426957729435,45.80889483080045,47.21983753736412,1544936,47.21983753736412
CE,2012-09-05,47.73259624369979,48.82240731084032,46.53279798935648,47.9461171902548,1494706,47.9461171902548
CE,2012-09-06,47.321449031519556,48.51411674568489,46.441694549883806,47.639253575237255,684308,47.639253575237255
CE,2012-09-07,48.8155396917673,49.44882344062005,47.689751361064886,48.8043290735719,553084,48.8043290735719
CE,2012-09-10,49.8353885718492,51.27109586353023,49.162631646400605,49.553878948909194,616589,49.553878948909194
CE,2012-09-11,50.43672506186467,51.42496417153851,50.057788720144146,50.20092214383191,1184430,50.20092214383191
CE,2012-09-12,49.98402538692387,51.51645950323743,49.84777917359401,50.234431032603744,1166813,50.234431032603744
CE,2012-09-13,49.31013183460405,49.736517331323725,48.72473840451978,49.54484095962813,1037084,49.54484095962813
CE,2012-09-14,49.87682757264892,51.009200526313414,49.2049435208943,49.646565002732096,1016689,49.646565002732096
CE,2012-09-17,51.07111292129856,51.993256956165794,50.23846041824659,51.012786404633935,412593,51.012786404633935
CE,2012-09-18,50.65276338082168,51.12121647470101,49.11794462046416,50.4083669883183,505889,50.4083669883183
CE,2012-09-19,50.155711232502014,50.86818415191241,49.60656010649522,50.6609371911667,367755,50.6609371911667
CE,2012-09-20,49.58527903866628,50.56757485579789,48.618297391529815,49.99812544011797,1171599,49.99812544011797
CE,2012-09-21,50.022445094011516,50.68480804739037,48.23913043368207,49.722153058563336,783893,49.722153058563336
CE,2012-09-24,50.32689456491618,50.539418971201194,49.33868199675258,49.97594469950076,1343746,49.97594469950076
CE,2012-09-25,50.122485825723906,51.29073997005201,48.917093358698814,50.279922138684896,1747023,50.279922138684896
CE,2012-09-26,50.85903644438972,51.32761547412519,50.225468365951066,50.397061839785735,1267127,50.397061839785735
CE,2012-09-27,50.687590385166224,52.12012081239371,50.58714490081131,50.889551235672904,84692,50.889551235672904
CE,2012-09-28,51.669015069689365,52.6740013520123,49.98019563418222,51.26882778511961,699025,51.26882778511961
CE,2012-10-01,50.963728578571214,51.5191289986966,49.47978627628156,51.0436536656753,139541,51.0436536656753
CE,2012-10-02,51.69742736424267,52.255789999716,50.09085617672383,51.633599294208736,952001,51.633599294208736
CE,2012-10-03,51.058522173312205,52.50166203827188,50.77981934751118,50.9126347988067,1423372,50.9126347988067
CE,2012-10-04,50.36992111066698,52.18555120949906,49.08853838347222,50.74225940962404,1170135,50.74225940962404
CE,2012-10-05,49.94852467623929,51.04802584263746,49.10239533042131,50.415257634766895,1617553,50.415257634766895
CE,2012-10-08,50.653755328750684,51.761609478107644,49.22100580506104,50.728020859663815,282278,50.728020859663815
CE,2012-10-09,48.63186682941066,50.40399085871395,47.717606019441476,48.96447612742414,1599885,48.96447612742414
CE,2012-10-10,48.744389914673285,50.198022630223974,48.38325839129569,48.69673157615241,1223395,48.69673157615241
CE,2012-10-11,49.01582406903081,49.167481796526296,48.143345337241925,49.06131180435749,1442003,49.06131180435749
CE,2012-10-12,50.57119132155371,51.802450026249154,50.230716024606394,50.95632162294385,1706029,50.95632162294385
CE,2012-10-15,51.19216388294988,52.308077155957214,50.54669635171824,51.022986917322605,124167,51.022986917322605
CE,2012-10-16,49.74134036891325,50.50453323397786,49.02104809542399,50.222984020187,1276007,50.222984020187
CE,2012-10-17,50.38652016086703,52.017601063988074,49.99004346373948,50.765859612919215,487000,50.765859612919215
CE,2012-10-18,50.47561280107222,51.184978402121004,50.09202631612954,50.27435027803471,310069,50.27435027803471
CE,2012-10-19,49.307589415499066,50.04387734589086,48.974122323962156,49.280135038526446,803960,49.280135038526446
CE,2012-10-22,49.22824675319534,49.850796334672864,48.772978897759415,49.4438883932214,1183444,49.4438883932214
CE,2012-10-23,50.14777389450837,50.924995229908944,49.69918530098079,50.47053688362861,123663,50.47053688362861
CE,2012-10-24,50.032146620094046,50.1584875795065,48.63458710068523,49.89017541490124,855421,49.89017541490124
CE,2012-10-25,49.46562082193682,51.149130815548716,49.39241960272394,49.75860279409033,1449117,49.75860279409033
CE,2012-10-26,50.798120574949166,51.38006401726848,49.11159723193623,50.310500059817606,270913,50.310500059817606
CE,2012-10-29,51.50044389832712,51.75109144194711,50.124336722754215,51.12283913564504,133014,51.12283913564504
CE,2012-10-30,51.88166230365704,52.48938633766029,51.13143247691924,52.266176252213235,423701,52.266176252213235
CE,2012-10-31,52.118549537287315,52.7555519836859,50.390327524209354,51.74684926652048,1522570,51.74684926652048
CE,2012-11-01,51.51757590909422,52.65786478655845,50.88943627795143,51.67773266311651,1062427,51.67773266311651
CE,2012-11-02,50.02794716503028,51.20553217488544,48.80127969179458,50.037972953215984,1496893,50.037972953215984
CE,2012-11-05,49.41240231276582,51.148390059716625,49.29880476163373,49.76792015194727,444290,49.76792015194727
CE,2012-11-06,48.638456479408084,49.94706743109729,48.47601784849784,49.0123498947828,590687,49.0123498947828
CE,2012-11-07,49.503107575336976,50.127829496186116,48.47221181484908,49.14387277882258,870727,49.14387277882258
CE,2012-11-08,49.96353745124153,50.5959955879115,49.0110213066916,49.834066313362975,1745794,49.834066313362975
CE,2012-11-09,50.34497206755714,51.253011676636376,48.9895876175386,50.38481536175504,1720879,50.38481536175504
CE,2012-11-12,49.07712168047232,50.336242003537,48.816964150126616,49.53665954308438,380879,49.53665954308438
CE,2012-11-13,49.682374381102534,50.637490117879466,48.34931193286894,49.26660171779172,1437689,49.26660171779172
CE,2012-11-14,49.51581090998506,50.388488717700476,48.39624461155555,49.63882761263585,899674,49.63882761263585
CE,2012-11-15,49.67742207651974,49.84843564879874,49.67041460769306,49.76037344447963,797075,49.76037344447963
CE,2012-11-16,49.05420069445378,50.001281423815776,48.566058535256495,49.26128575115035,1401288,49.26128575115035
CE,2012-11-19,49.95653241768393,49.990302932640354,48.1913977789067,49.56861830483153,1470252,49.56861830483153
CE,2012-11-20,50.01801884480686,50.445829425662566,49.719854988651676,50.173974842897934,129027,50.173974842897934
CE,2012-11-21,49.73204880584652,50.63999623565554,49.35965864494163,50.058178531928576,1198872,50.058178531928576
CE,2012-11-22,49.34217721825909,50.1582597752477,48.45525474465036,49.34162736017251,429785,49.34162736017251
CE,2012-11-23,49.93099930389527,50.20784399520107,48.34616535905399,49.65146882394115,1596567,49.65146882394115
CE,2012-11-26,48.90932190997914,49.441957798379164,48.17193303250756,49.03550155684918,252430,49.03550155684918
CE,2012-11-27,50.20569239821892,50.76931806072144,49.698082232549545,50.053483615792786,624371,50.053483615792786
CE,2012-11-28,47.93543953436299,48.40859197549491,46.606690365879665,48.12386921501787,559919,48.12386921501787
CE,2012-11-29,48.12529239221917,49.56726605075055,46.7121920396798,47.91469550888837,1252476,47.91469550888837
CE,2012-11-30,47.45998687475674,48.605737332641844,46.75962481586875,47.30037283223285,811082,47.30037283223285
CE,2012-12-03,48.01200296872262,49.180043706960355,47.20693119842019,47.83906017228889,1373525,47.83906017228889
CE,2012-12-04,49.056894121742424,49.89409494122273,48.7748784563323,48.914155140422075,285781,48.914155140422075
CE,2012-12-05,48.12652686606287,49.85718934244747,47.85912459881593,48.4596263845941,447505,48.4596263845941
CE,2012-12-06,48.17487771409412,49.2330880289942,47.68752016934737,47.80392785331143,927631,47.80392785331143
CE,2012-12-07,48.38123834298374,48.86148788387183,47.524603817291194,48.2984039402295,194677,48.2984039402295
CE,2012-12-10,46.924624660762284,47.8967522485654,46.62590362685937,47.03526377386457,946964,47.03526377386457
CE,2012-12-11,46.92755308622026,48.00759636516671,45.58831124384802,47.23711176890929,451633,47.23711176890929
CE,2012-12-12,47.50716752136838,48.33420387203836,46.239414178821576,47.239244383668435,1303820,47.239244383668435
CE,2012-12-13,47.11787961312041,48.273766020472856,46.606611563739335,47.10935442788093,60573,47.10935442788093
CE,2012-12-14,46.21320135510796,47.252985000917285,45.88557360926737,46.541511618416514,652057,46.541511618416514
CE,2012-12-17,45.484742482218174,46.47900325041045,44.52339942341575,45.10458224924007,1388430,45.10458224924007
CE,2012-12-18,45.43818850578698,46.14332172063344,44.730355652698215,45.79900919324728,969406,45.79900919324728
CE,2012-12-19,46.28500122643564,47.57921587480328,45.198457415760856,46.26259052150483,816448,46.26259052150483
CE,2012-12-20,46.35011883097377,46.47023353154787,45.10207357026185,46.24783582529208,684438,46.24783582529208
CE,2012-12-21,46.89777936176696,48.29568010642972,46.260921618624366,46.43437856993437,708963,46.43437856993437
CE,2012-12-24,46.02154820187575,47.23426775055825,44.837246542370664,46.35445130681286,1321242,46.35445130681286
CE,2012-12-25,47.18098828275551,47.84617152477552,46.276573276862415,47.07407346139463,923804,47.07407346139463
CE,2012-12-26,46.93706148271614,47.39674939589732,46.780030624445935,46.958929510030956,1434692,46.958929510030956
CE,2012-12-27,46.73442838364277,47.53335378499198,45.539492639701734,46.96255879588063,682895,46.96255879588063
CE,2012-12-28,47.509920568220515,48.62510663252027,45.86081192385247,47.09341681127665,1561376,47.09341681127665
CE,2012-12-31,47.11868151450674,47.31577843578906,46.4140398952577,46.84618318540611,1319611,46.84618318540611
CE,2013-01-01,47.0658943274196,47.42267988957897,45.86793278807726,46.806532044718814,864124,46.806532044718814
CE,2013-01-02,47.11258798940652,47.28746149443234,45.94819004661588,46.73943339783294,1483406,46.73943339783294
CE,2013-01-03,46.491773447916565,47.086851205796535,45.76359223926621,46.28345710358262,1243740,46.28345710358262
CE,2013-01-04,45.652974134371306,46.183310152986046,44.79638804936677,45.64682143494531,1205096,45.64682143494531
CE,2013-01-07,45.437155846975216,46.422226408529895,45.16431677165861,45.53593558138208,1709179,45.53593558138208
CE,2013-01-08,45.538293438069395,46.898589543364004,45.31093226996473,45.35313154405092,1762201,45.35313154405092
CE,2013-01-09,46.20517253002463,47.44212095029139,46.01776102965074,46.110358747856665,620483,46.110358747856665
CE,2013-01-10,45.5086992584934,46.71064456749009,44.849662707834526,45.4697076413005,308199,45.4697076413005
CE,2013-01-11,45.193171159408024,46.06861916265638,44.23963742411509,45.112818777810254,851348,45.112818777810254
CE,2013-01-14,45.404620184630694,45.773226192037065,44.495041149038,45.26398715589021,483865,45.26398715589021
CE,2013-01-15,45.9897193749844,46.51963912617963,44.647016993754455,45.56261163293725,1766198,45.56261163293725
CE,2013-01-16,45.72250515550848,46.065591467227016,44.730255627226995,45.49217095915295,1548926,45.49217095915295
CE,2013-01-17,45.785973833023895,46.27095780990352,44.43021404911006,46.084200651293166,225194,46.084200651293166
CE,2013-01-18,46.006449138607664,46.639254206221366,44.70246219816949,46.03704648497068,1636737,46.03704648497068
CE,2013-01-21,45.623940635656,46.852413213815645,45.15001319164539,45.46187661408143,277187,45.46187661408143
CE,2013-01-22,45.165278320812,46.474629294325986,44.26397771786473,45.46017489845319,359155,45.46017489845319
CE,2013-01-23,46.39887761911946,47.76973880932598,45.717056584269855,46.00078082185176,565360,46.00078082185176
CE,2013-01-24,46.31286046621069,46.980971891903344,45.59030239156143,46.70798640205206,1364907,46.70798640205206
CE,2013-01-25,47.51129409423279,48.224738969566644,47.130047768455405,47.40606854185641,1568439,47.40606854185641
CE,2013-01-28,48.02432811137776,49.166893292951336,47.091395156865104,47.571508859988725,388666,47.571508859988725
CE,2013-01-29,48.005073463478986,48.66820767099584,46.64182973511022,47.78728930241481,674002,47.78728930241481
CE,2013-01-30,48.41313068023292,48.92880950195191,47.44281373811802,48.24210453274028,1224942,48.24210453274028
CE,2013-01-31,47.563631667802326,48.72782786499533,46.67737538996053,47.09511029185692,474763,47.09511029185692
CE,2013-02-01,46.88476268309412,47.49000939766987,45.67668012600529,46.61273317002284,610668,46.61273317002284
CE,2013-02-04,47.290378127223235,48.58561533719952,45.71590895846756,46.849715854128604,1646587,46.849715854128604
CE,2013-02-05,46.36594763106399,46.73928818844381,45.54473422887061,46.182241853118065,1299964,46.182241853118065
CE,2013-02-06,47.17496221105572,48.44366737098437,45.99478875661195,47.01936687485678,1201347,47.01936687485678
CE,2013-02-07,48.06199529871269,48.46349680778844,47.22907715673977,47.810923427177414,1227073,47.810923427177414
CE,2013-02-08,47.15178531269618,47.85930991507401,46.12161461791728,47.4471399600931,1464379,47.4471399600931
CE,2013-02-11,47.11377828840354,47.708237712385746,46.69615646247744,46.82739599022127,63460,46.82739599022127
CE,2013-02-12,47.602446553664315,48.33906374229061,46.23079128398,47.159019415691795,147055,47.159019415691795
CE,2013-02-13,46.38626115291783,46.96825809972677,46.15441366131873,46.282917623143355,1143294,46.282917623143355
CE,2013-02-14,45.95401819734362,47.60689965185176,44.96069701416872,46.4066169736829,714162,46.4066169736829
CE,2013-02-15,48.04759946887677,49.61900198934113,47.47744915813021,48.462347613938,975149,48.462347613938
CE,2013-02-18,47.50223737714195,48.19955350763331,46.26274016374784,47.755621808290456,1004487,47.755621808290456
CE,2013-02-19,47.21206402084481,47.94509777398887,46.898158345358695,47.220471471658655,445054,47.220471471658655
CE,2013-02-20,46.72697213577153,47.41297563692676,45.605830004160666,46.80770998408294,1792352,46.80770998408294
CE,2013-02-21,46.64499612125428,46.723458121587015,46.0137069290289,46.20218330741389,469887,46.20218330741389
CE,2013-02-22,46.04617926534599,47.07965854306313,44.889749661685,45.63945173971475,899281,45.63945173971475
CE,2013-02-25,46.76658278655512,47.1225644140328,45.49622406018193,46.8671385854581,253552,46.8671385854581
CE,2013-02-26,47.213966334594986,48.53710241375837,46.04145495778765,46.93767570541388,1155023,46.93767570541388
CE,2013-02-27,47.74373600181011,48.31347880914109,47.2992371366552,47.613880238698854,758085,47.613880238698854
CE,2013-02-28,48.2628967511514,49.41772897291457,46.92547634900556,48.51211739283298,399763,48.51211739283298
CE,2013-03-01,47.64032856372206,48.80985004632634,46.70267434581642,47.2330125489381,859968,47.2330125489381
CE,2013-03-04,46.488105063193906,46.96544194009426,45.80091727472115,46.71277710659892,56182,46.71277710659892
CE,2013-03-05,46.44376827665724,47.197740616431986,45.147796828078164,46.1022946698025,1033512,46.1022946698025
CE,2013-03-06,44.450235969654564,44.76683694602111,44.00321732045504,44.3282086297718,1779668,44.3282086297718
CE,2013-03-07,44.74752802196093,45.43172321021176,43.37043327858395,44.639387223470635,1617862,44.639387223470635
CE,2013-03-08,45.173421351061165,45.95867457099342,44.19351370039848,44.86973402373348,939155,44.86973402373348
CE,2013-03-11,45.796021584957366,46.033639708069856,45.118510402225716,45.801233577338536,680835,45.801233577338536
CE,2013-03-12,46.482562040003714,47.29250010720648,44.89130815017099,46.15635298505485,1466115,46.15635298505485
CE,2013-03-13,44.44138067099902,45.04788286685201,43.24604673229691,44.396781030960355,66284,44.396781030960355
CE,2013-03-14,44.37850515269583,45.0734720668898,43.174061176612405,43.952475685672795,1603316,43.952475685672795
CE,2013-03-15,43.69960818150091,44.88600930555938,42.954600025317056,43.560276234827576,1371095,43.560276234827576
CE,2013-03-18,43.81211178807975,44.56024271789288,42.56766661842252,43.922743890350205,1681635,43.922743890350205
CE,2013-03-19,42.441831115446824,43.04808959126656,40.967756602559206,42.21944947277111,547398,42.21944947277111
CE,2013-03-20,42.60017814543258,43.20135008054514,41.56009538846825,42.591747279458886,1600504,42.591747279458886
CE,2013-03-21,43.39016898935123,44.201268297516876,42.46354982261356,43.12621499185154,98709,43.12621499185154
CE,2013-03-22,43.27396867548913,43.75108665928563,41.749601535820254,42.98727564394338,201911,42.98727564394338
CE,2013-03-25,42.594083625780534,43.61807959454212,42.15463709672019,42.4947197597678,1022435,42.4947197597678
CE,2013-03-26,43.604644770275776,43.978838177602285,42.181261116094376,43.28246015563192,1646652,43.28246015563192
CE,2013-03-27,42.32814127266978,42.791167697965314,42.03939287148888,42.4100545762834,1213331,42.4100545762834
CE,2013-03-28,42.79283334018794,43.93761806294028,41.771882000068274,43.175038632879875,1765942,43.175038632879875
CE,2013-03-29,43.93899899496485,44.281577328640985,42.93805646383786,43.79653047948709,1414448,43.79653047948709
CE,2013-04-01,44.42765167780651,44.54753462631311,43.50328094113487,44.19390849926691,1030382,44.19390849926691
CE,2013-04-02,45.061564778065545,45.730202426777126,44.17917477785217,45.44988723850933,318200,45.44988723850933
CE,2013-04-03,45.73324292446846,46.98677836855589,44.15441413163904,45.486786651852185,697428,45.486786651852185
CE,2013-04-04,46.06924101318541,46.08403005507362,45.81536842088311,45.941375420122554,1158233,45.941375420122554
CE,2013-04-05,45.58111980804188,46.11742187738239,44.60541015961009,45.933511376152836,1569050,45.933511376152836
CE,2013-04-08,45.77292662140592,46.8138573992423,44.55095443161113,45.73639226902999,1083841,45.73639226902999
CE,2013-04-09,45.76807010166132,47.485038214512024,44.57698112047677,46.12903710130149,1246708,46.12903710130149
CE,2013-04-10,45.77958234429701,46.892020551480364,45.74471548338678,45.94349149338668,1105799,45.94349149338668
CE,2013-04-11,46.292267534840214,47.5731761794641,44.802015349726155,46.01252525293713,1130149,46.01252525293713
CE,2013-04-12,45.71748758350093,47.26786146102593,44.821261213255255,46.085443877000706,416999,46.085443877000706
CE,2013-04-15,45.79246789551148,46.48959931649928,44.51159056453529,45.82969277831461,408868,45.82969277831461
CE,2013-04-16,46.465330796434095,46.93024883414969,45.99933594083513,46.36729827046123,1381043,46.36729827046123
CE,2013-04-17,45.56512053643018,46.4293603704593,44.62077945909196,45.167187275144805,704073,45.167187275144805
CE,2013-04-18,44.93204297029427,45.65125231393227,44.09407189910637,44.71983351672499,529474,44.71983351672499
CE,2013-04-19,43.772744908130285,44.125028086607415,43.58343699251977,44.09086297681084,925009,44.09086297681084
CE,2013-04-22,44.73632689444671,46.0211056685249,43.753414539522076,44.32071512080773,387064,44.32071512080773
CE,2013-04-23,44.16678060613517,44.942172944632965,44.107858936662694,44.18625999408019,1142158,44.18625999408019
CE,2013-04-24,43.15981632024243,44.407814794902166,42.67139405633074,43.272569587626755,260352,43.272569587626755
CE,2013-04-25,43.28161288410474,44.566432583693974,42.4432572204053,43.60541693666702,1426921,43.60541693666702
CE,2013-04-26,44.159516001504336,44.61104660223533,42.5148238196222,43.779959289102486,1260205,43.779959289102486
CE,2013-04-29,43.90401282162446,45.09094638294164,43.46722506662922,43.828447375614594,267854,43.828447375614594
CE,2013-04-30,44.80651017771485,45.86899219398734,43.53963101324688,44.37343650803127,584081,44.37343650803127
CE,2013-05-01,44.457980983891645,45.32686376396206,43.92342112730336,44.74987017872648,1084101,44.74987017872648
CE,2013-05-02,44.658156429262704,45.78418270150433,44.4517451747365,44.61725527511445,843884,44.61725527511445
CE,2013-05-03,44.57334618036011,45.289829818629194,43.24638638376428,44.92385449418921,1154325,44.92385449418921
CE,2013-05-06,45.911495788540726,46.83525823994645,45.55827994113729,45.889215815413294,508939,45.889215815413294
CE,2013-05-07,46.16547830065544,46.324169937008335,45.03230337351797,45.80836378725234,894480,45.80836378725234
CE,2013-05-08,46.340795866518334,47.91882455437104,45.123043392367336,46.705735001674164,864375,46.705735001674164
CE,2013-05-09,47.868502378101674,49.14240810491814,47.2688886969131,48.09005440575242,1683661,48.09005440575242
CE,2013-05-10,48.53386650725748,48.75600770992915,47.67941004874916,48.35745665598755,1779878,48.35745665598755
CE,2013-05-13,47.250559909746755,47.68489624551767,47.027028905016095,47.65439561393466,339369,47.65439561393466
CE,2013-05-14,47.42335750498322,48.02221773278071,46.74268447265441,47.46704149497047,1138734,47.46704149497047
CE,2013-05-15,47.451517609676,48.57497944653277,47.205745136343666,47.61047792345759,1574046,47.61047792345759
CE,2013-05-16,47.973718658509284,48.38122767906749,47.00028111279404,47.65145359921319,1482008,47.65145359921319
CE,2013-05-17,47.34009563765973,49.1657154765048,46.55464616834283,47.77091670108705,925967,47.77091670108705
CE,2013-05-20,49.03738921977598,50.41241927068292,47.76517129019134,48.68356150766577,1305760,48.68356150766577
CE,2013-05-21,48.28443384274887,49.15057034678078,46.896514646020606,48.08858630779759,752818,48.08858630779759
CE,2013-05-22,48.187582474508105,48.8419332989943,47.586246086843246,48.3838364813433,1377459,48.3838364813433
CE,2013-05-23,48.79299510212275,50.40965260223514,48.12587329452186,49.08972428838252,1673938,49.08972428838252
CE,2013-05-24,49.37168853501552,50.56174989792886,48.89552315300425,48.93113574503055,968299,48.93113574503055
CE,2013-05-27,48.25675853385131,48.38148442774001,47.355044835971505,48.20478607778578,1700735,48.20478607778578
CE,2013-05-28,47.932797880842756,48.76914370604958,47.10095762557726,48.0820661322185,368747,48.0820661322185
CE,2013-05-29,46.92577272449818,48.75125538394929,45.74869328377679,47.3572268913035,1600390,47.3572268913035
CE,2013-05-30,46.56673100220159,47.51846608124678,46.00453768726733,46.88009230594529,1339554,46.88009230594529
CE,2013-05-31,47.41316694207979,48.740131292878914,47.10427293579474,47.32026305536795,1084358,47.32026305536795
CE,2013-06-03,47.5486382257421,48.942701549005264,46.46364895066588,47.53617462403569,98129,47.53617462403569
CE,2013-06-04,48.3250613754966,48.88663615849336,46.648129635155,48.07735710414712,1604655,48.07735710414712
CE,2013-06-05,48.78173557034758,50.19332066742684,48.00871954393918,48.45722954758966,310843,48.45722954758966
CE,2013-06-06,48.233984243787866,48.53339601435433,46.83236320564024,48.333382034712194,388122,48.333382034712194
CE,2013-06-07,47.24728784841495,47.85620371788864,46.4099850666677,47.62742142999572,1002330,47.62742142999572
CE,2013-06-10,48.16686923226288,48.56647613965247,47.33126387669169,47.88765569674972,701522,47.88765569674972
CE,2013-06-11,47.57976832089898,48.24715477215812,46.65322273598825,47.528684395539926,154374,47.528684395539926
CE,2013-06-12,47.9104110448349,48.1706001865866,46.40236146419158,47.455040177976144,1479801,47.455040177976144
CE,2013-06-13,47.24937867597945,47.73157422988887,46.68812227016048,46.97098174588295,687596,46.97098174588295
CE,2013-06-14,47.48088047656913,47.791905504849254,46.48511125858438,47.64375281659261,1796523,47.64375281659261
CE,2013-06-17,46.01627347202377,46.676651419805864,44.88433774224457,46.08218008095345,478364,46.08218008095345
CE,2013-06-18,46.22257592366138,47.62186886165275,45.37447953151771,46.46832274379269,1784808,46.46832274379269
CE,2013-06-19,46.61027291296412,47.44234114726464,45.385181754038136,46.59909053197171,731335,46.59909053197171
CE,2013-06-20,47.453500032811,48.60684662547297,46.815443971190035,47.25434662675007,1074133,47.25434662675007
CE,2013-06-21,46.519146540093956,46.7085437028454,46.01102772213455,46.414723845691306,218891,46.414723845691306
CE,2013-06-24,46.26162416499377,46.96430943961205,44.89428589167245,46.40819659914796,1436611,46.40819659914796
CE,2013-06-25,46.4329229069613,46.48769965351305,45.71230004042087,46.13461656141593,200165,46.13461656141593
CE,2013-06-26,45.68625221617058,46.56111902221828,44.725452979813724,46.04999304632401,1329231,46.04999304632401
CE,2013-06-27,45.75838367680985,46.93748806827821,45.28643664107887,46.087861472673005,1521156,46.087861472673005
CE,2013-06-28,45.6925927581536,46.56163577072763,45.29024759569728,45.78034491996158,269323,45.78034491996158
CE,2013-07-01,45.915894887434014,45.99898802540725,44.740087852302445,45.730919433745306,1125238,45.730919433745306
CE,2013-07-02,46.80258947541323,46.88972576513724,45.482167872183,46.6215248271634,1503878,46.6215248271634
CE,2013-07-03,47.55203758965939,48.11568130463915,47.30432797738758,47.679319016779154,1586479,47.679319016779154
CE,2013-07-04,48.06657038716796,49.17892576191611,47.50368288046481,47.87830532161075,487149,47.87830532161075
CE,2013-07-05,48.54845817550256,49.00913345466263,48.31126352648621,48.97889867127483,770198,48.97889867127483
CE,2013-07-08,47.74661646480058,48.83395089282263,46.93834246106502,47.947976918865905,351784,47.947976918865905
CE,2013-07-09,48.75009614246997,49.01876045131761,47.76990327373392,48.56189615214448,755665,48.56189615214448
CE,2013-07-10,48.43714086385784,50.12609564852926,47.48414084626953,48.745169976090246,745047,48.745169976090246
CE,2013-07-11,48.22075158225936,49.12537342698813,47.49608404760043,48.499417567994975,1393089,48.499417567994975
CE,2013-07-12,48.57356541219644,49.048598768120556,48.05854483580048,48.9782406624293,1722122,48.9782406624293
CE,2013-07-15,48.98836610941727,50.17316396229763,48.71581188998791,49.12151388666843,916400,49.12151388666843
CE,2013-07-16,49.02199805326329,49.7346937415996,47.51196121867064,48.70548328753577,653547,48.70548328753577
CE,2013-07-17,49.58197205024879,50.89278112529404,48.37214679915649,49.25065391428271,574197,49.25065391428271
CE,2013-07-18,49.60130932933265,50.571250691701714,48.44843822461708,49.24442265494147,1207649,49.24442265494147
CE,2013-07-19,48.290856176919114,49.75516322275999,47.549100730663305,48.7425002561453,1513741,48.7425002561453
CE,2013-07-22,49.858158127379916,51.00578302642741,48.692482708695756,49.3708787065523,799260,49.3708787065523
CE,2013-07-23,48.14429037527004,48.75142026758343,47.85542029058865,48.141747298103844,351780,48.141747298103844
CE,2013-07-24,49.748160083626,50.930993018857876,49.21154588395664,49.38005446247763,539238,49.38005446247763
CE,2013-07-25,50.49523888020452,50.571925449224544,48.82588126885519,50.08939990132989,1584972,50.08939990132989
CE,2013-07-26,48.71887988466696,49.83774901503126,48.28494438500408,48.7047572195787,1016592,48.7047572195787
CE,2013-07-29,49.188761923181566,50.58187218150386,48.42010130877911,49.63438964747808,1033275,49.63438964747808
CE,2013-07-30,49.822767048923815,50.66975165920037,48.85719612172995,49.72583174482547,1524427,49.72583174482547
CE,2013-07-31,48.06968674926427,48.69004872325213,46.79104725140392,48.22971927170379,1454583,48.22971927170379
CE,2013-08-01,46.64216794831316,47.07793814078573,45.33264582471925,46.91732239959692,330324,46.91732239959692
CE,2013-08-02,47.050773574861786,48.270831344274676,47.01945325438466,47.35145434565205,1080498,47.35145434565205
CE,2013-08-05,46.65687623516986,47.31707700663005,46.10165362945826,46.60164003062906,1593569,46.60164003062906
CE,2013-08-06,45.65079688477619,46.31551970860282,44.90088104079417,46.01479710553519,1169397,46.01479710553519
CE,2013-08-07,46.41033846733986,46.47071835395056,45.78411515063296,46.11369409580299,1269811,46.11369409580299
CE,2013-08-08,46.23991213691728,47.24496608483229,44.97913385914722,46.49349383511505,1796286,46.49349383511505
CE,2013-08-09,46.715157509823584,46.892156059024295,46.11954596812336,46.66915026781538,1048300,46.66915026781538
CE,2013-08-12,45.71450363653921,47.343784639327524,45.24905445649564,46.05952614302642,1005801,46.05952614302642
CE,2013-08-13,45.89329795298174,46.100687735872214,44.81654099373579,45.56556381097198,1306507,45.56556381097198
CE,2013-08-14,45.038018364594144,45.081289175979485,43.85967624295877,44.86565583779967,899125,44.86565583779967
CE,2013-08-15,44.78282396553952,45.40136695505565,44.721809458377166,45.04723150416367,1461665,45.04723150416367
CE,2013-08-16,45.39000103254665,45.628239457924344,44.24743689381263,45.19499299271007,69612,45.19499299271007
CE,2013-08-19,45.11375058948921,46.5731352779164,43.92923980223338,45.493255202893934,900937,45.493255202893934
CE,2013-08-20,45.89384735476705,46.29221871690734,45.139324137731954,45.645338901176665,476910,45.645338901176665
CE,2013-08-21,45.739874650308025,46.08529025107691,45.15576223327632,45.74870709851286,1511097,45.74870709851286
CE,2013-08-22,46.044165744884985,47.781281666853204,45.70542692814302,46.39660954812348,1076956,46.39660954812348
CE,2013-08-23,46.53781774330476,46.74732419198456,46.14747698792401,46.490882169463575,1069635,46.490882169463575
CE,2013-08-26,46.86042087787806,47.26267003796162,46.32654377134931,47.142458836185114,749765,47.142458836185114
CE,2013-08-27,47.05160499659724,47.48300813777282,45.77483010541107,46.88958022647101,1472577,46.88958022647101
CE,2013-08-28,46.55448472184655,47.12024785938642,46.20408671576267,46.36104824464719,504598,46.36104824464719
CE,2013-08-29,47.483038626631156,48.566256144621974,46.17135762538488,47.23661460486591,786122,47.23661460486591
CE,2013-08-30,47.299018751983944,48.65476554682632,45.65286970024006,46.92840589193151,1279765,46.92840589193151
CE,2013-09-02,47.02215696537271,48.099449353269364,45.894588712020656,46.87689528464232,830289,46.87689528464232
CE,2013-09-03,46.312248582545585,47.3296077208412,45.594268216974314,46.319873657142836,807877,46.319873657142836
CE,2013-09-04,48.097516900686415,49.52810236985914,46.62323759983044,47.759166478023864,1757655,47.759166478023864
CE,2013-09-05,47.06595362227138,48.14663084968402,45.75918152007826,46.69255876308623,660121,46.69255876308623
CE,2013-09-06,47.68493529688276,47.88454422300905,46.72594617252166,47.417733166090756,914894,47.417733166090756
CE,2013-09-09,46.53604552627997,47.18037859359598,45.19093897470005,46.12788003927543,1684032,46.12788003927543
CE,2013-09-10,46.330435958703774,47.03026361525245,44.63665963889037,45.89040757628628,1720650,45.89040757628628
CE,2013-09-11,46.201723618576274,46.857263488362626,45.08902004198435,46.43266878982022,226501,46.43266878982022
CE,2013-09-12,47.351673579047876,47.88797946339593,47.05933411801423,47.65313230579211,495547,47.65313230579211
CE,2013-09-13,47.45895340411765,48.52219544968891,47.393932197046034,47.507798678747335,176384,47.507798678747335
CE,2013-09-16,47.61593390129107,48.01232891946861,45.94288972623124,47.14735825820412,884965,47.14735825820412
CE,2013-09-17,46.929568773336236,48.20577156607946,46.48047962387683,47.31902960636829,1553177,47.31902960636829
CE,2013-09-18,48.74795928148002,49.21972703045093,48.404645590234885,48.54214640127155,146755,48.54214640127155
CE,2013-09-19,49.03561328078614,49.78032154888031,47.670116962753454,48.693941868755616,400882,48.693941868755616
CE,2013-09-20,49.58623059888552,50.087625939893854,48.847535230002286,49.09873160541397,1317474,49.09873160541397
CE,2013-09-23,48.769487473727686,49.37192497728783,48.51424525824464,48.65300005585732,1764051,48.65300005585732
CE,2013-09-24,49.23540903615395,50.437672012640185,48.200723799259436,49.35376484693151,333666,49.35376484693151
CE,2013-09-25,47.90388625183975,49.50424515589628,46.54831282364585,48.225556710894374,1028664,48.225556710894374
CE,2013-09-26,49.64874780268596,50.40650545574682,49.05218459468028,49.17493542975298,1108544,49.17493542975298
CE,2013-09-27,50.62669886357351,51.55354876557785,49.19248307577835,50.200792077340274,1074771,50.200792077340274
CE,2013-09-30,52.102331598193814,53.45346461786046,50.254665362042935,51.78692969928383,1414528,51.78692969928383
CE,2013-10-01,53.33478021481428,53.56394227333281,52.03281217637273,52.86557217198271,1741129,52.86557217198271
CE,2013-10-02,52.00444097026352,52.7205312130069,50.62509064535521,52.46523853577692,72681,52.46523853577692
CE,2013-10-03,53.811565382573534,54.39149846812526,53.512148809486824,53.67041985914734,805202,53.67041985914734
CE,2013-10-04,54.37966802933326,55.13219844976945,53.00113598672175,54.625706256435244,69251,54.625706256435244
CE,2013-10-07,54.34762494346687,55.95583697444776,52.93236106521755,54.06046433704739,348461,54.06046433704739
CE,2013-10-08,53.82251310765337,55.17950164288252,53.48415815495315,54.2612515463889,105679,54.2612515463889
CE,2013-10-09,51.70124674709165,52.76848515738104,51.40088365492504,51.951946090613745,1615475,51.951946090613745
CE,2013-10-10,51.264632002279185,52.154665945299186,50.757250038625095,50.908019245729406,1529336,50.908019245729406
CE,2013-10-11,51.82975089629473,53.190521894170175,50.794843578912825,51.57245906254625,1552405,51.57245906254625
CE,2013-10-14,53.41297367739915,53.80323199437078,52.87141692215406,52.89248829133322,1016834,52.89248829133322
CE,2013-10-15,53.74026624890315,54.56405177751098,52.80819207960606,53.58595632375036,730550,53.58595632375036
CE,2013-10-16,53.44927816365592,54.09682187841627,53.113682639741064,53.66062028839424,379434,53.66062028839424
CE,2013-10-17,52.90900809080896,54.147993641385426,51.84652287784197,52.85838715210076,1483103,52.85838715210076
CE,2013-10-18,53.87970377068658,55.1358259625821,53.3114378257286,53.40549882187348,1237663,53.40549882187348
CE,2013-10-21,52.06684039171229,53.562350602073565,51.41876419718396,51.90928163925897,826749,51.90928163925897
CE,2013-10-22,52.743452888349495,53.45046103623935,50.89481581895334,52.344068797191134,1798579,52.344068797191134
CE,2013-10-23,51.17108478352683,51.90997374516808,49.802544560836296,51.66407694040924,646321,51.66407694040924
CE,2013-10-24,52.150047493705415,53.692566468223,51.97922044540297,52.286461851853815,992295,52.286461851853815
CE,2013-10-25,53.41615195839124,54.843328901670624,52.65257153510858,52.95511707313271,1412811,52.95511707313271
CE,2013-10-28,52.049465726140234,52.90336102241041,51.00341861901448,52.533520509200095,325878,52.533520509200095
CE,2013-10-29,53.330426564257806,53.77243417916263,52.54494810714132,53.310060551465604,1609379,53.310060551465604
CE,2013-10-30,51.78424398224278,52.43207688104223,51.55548465755307,51.943680414325655,1062720,51.943680414325655
CE,2013-10-31,52.01150738250837,52.71639345230473,50.4649865419797,51.85986479349124,1386532,51.85986479349124
CE,2013-11-01,52.158226314640224,53.81904591876791,50.809632741590875,52.51298007523431,608063,52.51298007523431
CE,2013-11-04,53.20096596602132,53.4313844950073,52.585710579198405,53.03835003321433,710189,53.03835003321433
CE,2013-11-05,53.14150383611458,54.258098661397,51.17491543416179,52.623851917645,863146,52.623851917645
CE,2013-11-06,53.11577522261007,53.924751758997196,52.084107249072325,53.359989282573196,516809,53.359989282573196
CE,2013-11-07,54.09501586291176,54.45455639512844,52.88081264246196,54.13677919818902,668810,54.13677919818902
CE,2013-11-08,52.71389957563135,53.75472975387336,52.33481161726825,53.21443539099268,215999,53.21443539099268
CE,2013-11-11,53.083843919020595,54.00432711157543,51.495226877647596,53.153955344282735,528320,53.153955344282735
CE,2013-11-12,53.240264974112016,54.815015274989115,51.827350412039074,53.34055325329499,1622549,53.34055325329499
CE,2013-11-13,53.585495224831476,54.59547778544109,52.069705697608065,53.51623748998263,500933,53.51623748998263
CE,2013-11-14,53.94322082790998,55.19415503640422,52.8396672226027,54.20691517737375,1394774,54.20691517737375
CE,2013-11-15,53.71453488709776,54.075074960484024,52.47772468525374,53.89924317283138,664767,53.89924317283138
CE,2013-11-18,55.401060863443014,55.53369261866726,53.99975440768551,55.27956005134289,1037513,55.27956005134289
CE,2013-11-19,55.43100705904658,55.64629598550743,53.94332514151317,54.98183312064865,562673,54.98183312064865
CE,2013-11-20,53.790866802996064,54.2322673819945,52.522557200025275,54.07726198404299,833955,54.07726198404299
CE,2013-11-21,54.11356388510405,55.04923789545328,52.47633867786166,53.9221851992447,458108,53.9221851992447
CE,2013-11-22,54.1857116815724,54.92147006414418,53.48270988024812,54.15984124107674,675708,54.15984124107674
CE,2013-11-25,52.81185215760938,53.24077977727134,52.735387509316595,53.23280744374736,802110,53.23280744374736
CE,2013-11-26,53.084918638555,53.64400897960263,52.39074814420402,53.01553903859409,479960,53.01553903859409
CE,2013-11-27,52.27710375814706,52.47685062734682,51.68021128429671,52.05969417160769,1351201,52.05969417160769
CE,2013-11-28,52.748767406617915,54.31242997410189,52.60137249130356,52.6453152634743,491005,52.6453152634743
CE,2013-11-29,52.11779584943299,53.258634960657105,50.79373695811401,52.533425376674685,246781,52.533425376674685
CE,2013-12-02,51.05986597968813,51.712605051669605,49.87872541559741,50.700360286749515,586611,50.700360286749515
CE,2013-12-03,51.05788166113461,52.526779018982126,50.417382017075376,51.530931909974306,1160317,51.530931909974306
CE,2013-12-04,50.38766620154973,51.19777892448411,49.36295162312069,50.65512049103676,270317,50.65512049103676
CE,2013-12-05,52.890701528666,54.02602364747514,52.15614651073448,52.768584808385555,827866,52.768584808385555
CE,2013-12-06,51.96047454551067,53.67358542126521,51.37408057014468,52.25518054538641,775877,52.25518054538641
CE,2013-12-09,51.416286881705425,52.604776023244,51.17292727621609,51.82905477937788,578122,51.82905477937788
CE,2013-12-10,51.99616679238139,52.59348267114635,51.7225811801695,51.98377566341634,183501,51.98377566341634
CE,2013-12-11,50.371521072062144,51.16018320787045,48.85836605564223,50.14840065658583,1178301,50.14840065658583
CE,2013-12-12,50.42132511467254,51.426073176489126,49.1641579484137,50.511482926528295,555514,50.511482926528295
CE,2013-12-13,51.280925446554136,52.58505466924778,49.88659003414621,51.078184854820826,1614269,51.078184854820826
CE,2013-12-16,52.18535266456009,52.80293414318725,50.66332503432122,51.811631035014194,1538550,51.811631035014194
CE,2013-12-17,52.538621227843734,52.6196853849083,51.38072764532088,52.06091378061206,541132,52.06091378061206
CE,2013-12-18,51.88335359434469,53.148623251542666,50.83659190111564,52.16162030522131,1044005,52.16162030522131
CE,2013-12-19,51.11437304536093,52.62768290396874,50.93491337864145,51.00689019094983,778358,51.00689019094983
CE,2013-12-20,51.177430804573426,52.73483729018657,49.8237387644489,51.417164380096224,894468,51.417164380096224
CE,2013-12-23,51.79462380155181,52.97283129882597,50.251002440585104,51.41322148443316,832930,51.41322148443316
CE,2013-12-24,51.50969631460857,51.782443227110846,50.9088266636424,51.11073829291833,77605,51.11073829291833
CE,2013-12-25,50.167679208785614,51.477467984517254,49.54208494058166,50.34675160845616,687342,50.34675160845616
CE,2013-12-26,50.88903629263508,51.01342426009251,50.05261220303639,50.741537496968164,280249,50.741537496968164
CE,2013-12-27,50.914424194127164,51.66885066782901,49.907852950887445,50.52269609790726,111758,50.52269609790726
CE,2013-12-30,49.14085940690865,49.687649381699984,48.03049435354122,49.13264085912968,266088,49.13264085912968
CE,2013-12-31,49.21049055529055,50.54697809107798,48.6438208903753,48.994453780343854,1446264,48.994453780343854
CE,2014-01-01,48.74555773779658,48.979296220038506,47.722153598837735,48.45400465815284,579841,48.45400465815284
CE,2014-01-02,49.492667817216386,50.663988520023196,47.7162238385649,49.12726307031987,717824,49.12726307031987
CE,2014-01-03,49.04642057766348,49.11780063196321,47.82115243329632,49.0315075597893,674157,49.0315075597893
CE,2014-01-06,49.29606714017811,50.33387963382366,48.5954627034665,48.864278554011904,429948,48.864278554011904
CE,2014-01-07,49.24685506866093,49.68088465131928,48.15502557728227,49.12017096996763,258323,49.12017096996763
CE,2014-01-08,50.05677963878921,51.883705424929595,49.71655991649477,50.40789323606236,1107076,50.40789323606236
CE,2014-01-09,50.86062011072659,51.88557874807597,50.23401099299771,50.74648441049536,74729,50.74648441049536
CE,2014-01-10,49.969912574091744,50.63708591591576,48.92273276349413,50.17213251378315,1343863,50.17213251378315
CE,2014-01-13,48.90672605097974,49.378607871363755,47.62591104592554,49.032164701831825,670527,49.032164701831825
CE,2014-01-14,50.365249991137674,51.33121838221212,49.76613761297626,50.05604427146034,706523,50.05604427146034
CE,2014-01-15,48.71816457500474,49.11677237591234,47.74452570642932,48.26127750414136,1150544,48.26127750414136
CE,2014-01-16,48.629363198737224,48.90188995869489,47.25972611650389,48.27228926414472,1573269,48.27228926414472
CE,2014-01-17,49.87114055690649,51.01788398155109,49.15789592490594,50.04549544236278,1680592,50.04549544236278
CE,2014-01-20,48.70030417123358,49.80465429073502,48.13329101728377,48.74548264382897,422359,48.74548264382897
CE,2014-01-21,48.41956159894622,48.76531838679549,46.52020381331191,47.955830875557794,1674811,47.955830875557794
CE,2014-01-22,48.53488689523527,49.3151421816235,47.65150121962824,48.12721961921088,144831,48.12721961921088
CE,2014-01-23,48.02469209827828,48.98081024156832,47.080093729454816,47.5709141518276,411504,47.5709141518276
ASH,2010-01-04,40.76196825947278,40.81888859172552,40.240354876142554,40.79033792889873,119108,40.79033792889873
ASH,2010-01-05,40.82136431451792,41.48228916990687,39.62184864418278,40.55642045165033,600353,40.55642045165033
ASH,2010-01-06,39.79328631275205,41.337637123735114,38.830020695605356,40.167716577409564,724639,40.167716577409564
ASH,2010-01-07,39.73267504415635,39.885331921374096,38.65245054845098,39.790913465180644,799400,39.790913465180644
ASH,2010-01-08,39.60090507896811,40.03905716164384,38.823760726042394,39.69809038397,519489,39.69809038397
ASH,2010-01-11,40.9418984961422,41.518569038552876,39.99383902602977,40.55135134637035,770319,40.55135134637035
ASH,2010-01-12,40.69508841268945,41.87608817467667,39.66875130526773,40.8581321907693,1066271,40.8581321907693
ASH,2010-01-13,40.7246220049321,41.12147163158238,39.74776311760233,40.7924052366468,535717,40.7924052366468
ASH,2010-01-14,40.948501622182405,41.37070350491784,39.99353631058518,40.737642891188386,238923,40.737642891188386
ASH,2010-01-15,41.58813858058517,42.06785148891199,40.6417984115946,41.27386853228462,1026155,41.27386853228462
ASH,2010-01-18,41.52726304915876,42.000218035229906,40.9214274958996,41.215354990638176,1629158,41.215354990638176
ASH,2010-01-19,41.06021095948062,41.39433054347657,40.5263807904657,41.14702223048013,821069,41.14702223048013
ASH,2010-01-20,41.76147717117438,42.90866396553938,40.91545949004554,41.390161928348945,880014,41.390161928348945
ASH,2010-01-21,41.051266338817406,42.02776549689789,40.55263418378325,40.925617427981265,151237,40.925617427981265
ASH,2010-01-22,42.573481405066296,43.81957669715045,41.58026816499758,42.27658516687664,1527502,42.27658516687664
ASH,2010-01-25,43.99573912232106,44.48540344086116,42.764171241862485,43.62382228203772,1635847,43.62382228203772
ASH,2010-01-26,43.472052422229176,43.76430124897842,43.21176882178022,43.70491243757861,1170468,43.70491243757861
ASH,2010-01-27,43.63831452736915,43.79022467888224,43.41356029820754,43.639014073645626,1540937,43.639014073645626
ASH,2010-01-28,43.105744005309155,43.568031932401,41.938056105843444,43.03018532713704,990616,43.03018532713704
ASH,2010-01-29,43.363962706019024,44.5491831983496,43.04294406656454,43.103241805726555,430225,43.103241805726555
ASH,2010-02-01,42.34362565547436,43.67624041271583,42.25460589226789,42.427491486398665,588533,42.427491486398665
ASH,2010-02-02,42.09547000480501,43.38478263487608,41.932406230008425,42.34066549951144,1715819,42.34066549951144
ASH,2010-02-03,43.086984729051196,43.395175769156076,42.13573019847385,42.878394602795574,1607145,42.878394602795574
ASH,2010-02-04,43.71236546488549,44.57747614442104,43.425209926572016,43.6317910851594,1399819,43.6317910851594
ASH,2010-02-05,45.06161058654844,45.86813313266485,44.20665290980814,44.70548761428573,830470,44.70548761428573
ASH,2010-02-08,45.204636747504395,46.321081460558716,43.99064410845745,45.06490850967744,779471,45.06490850967744
ASH,2010-02-09,44.01076000959046,45.11980715257517,43.71353292757426,44.44020616361237,881512,44.44020616361237
ASH,2010-02-10,45.970060079907626,46.40879355218959,44.733505557208105,45.54498743680875,574261,45.54498743680875
ASH,2010-02-11,46.37437600725455,46.40119562246575,45.30524516078542,46.28817752095243,379017,46.28817752095243
ASH,2010-02-12,46.090141196133565,47.18942728238157,45.833966620645405,46.001930410545725,726141,46.001930410545725
ASH,2010-02-15,45.648870518805666,46.37502763819971,45.09118230863691,45.2782576612341,283435,45.2782576612341
ASH,2010-02-16,45.59258149022937,46.32323093657096,45.258798452450804,45.44369990008802,616640,45.44369990008802
ASH,2010-02-17,46.42783569087754,47.78062660637225,46.23217517918803,46.44704508961404,1231795,46.44704508961404
ASH,2010-02-18,45.78245154333903,46.81799436095371,45.170196996793145,46.14488702087379,1296595,46.14488702087379
ASH,2010-02-19,46.710403186288566,47.15293941374495,45.75067092184355,46.28256825343354,1207778,46.28256825343354
ASH,2010-02-22,46.36353051058344,47.2344111599247,46.292407318281974,46.75770980789241,138509,46.75770980789241
ASH,2010-02-23,45.382299363607,45.699635993132034,44.196924323025584,45.68353680152515,480134,45.68353680152515
ASH,2010-02-24,45.53338176188758,45.700513451650885,44.981271050186876,45.24423772650857,1073471,45.24423772650857
ASH,2010-02-25,46.47552439727355,46.54553723756243,45.815015739110216,46.48444445686728,998120,46.48444445686728
ASH,2010-02-26,44.76826875734144,45.38702758383753,44.73926902959885,45.05820162833861,1338775,45.05820162833861
ASH,2010-03-01,45.779424073382046,46.06522646518742,45.28394019937488,45.976052697776,450114,45.976052697776
ASH,2010-03-02,47.36686515227666,47.837383338386836,45.72505871562138,46.90344560707618,166862,46.90344560707618
ASH,2010-03-03,47.33238927874995,47.511489618170586,46.99142717364212,47.25298523573565,86819,47.25298523573565
ASH,2010-03-04,47.29284714741107,48.69098807912801,46.82843833707992,47.38609023735481,643216,47.38609023735481
ASH,2010-03-05,46.49682095731799,47.80577701788413,44.971276802999476,46.14957543880927,819789,46.14957543880927
ASH,2010-03-08,46.521697349530434,47.38315245621405,45.138596347391896,46.54059576991577,1720211,46.54059576991577
ASH,2010-03-09,46.0563625101022,47.35118726669261,45.42582414495248,46.23396059667531,315611,46.23396059667531
ASH,2010-03-10,46.86462828522237,48.14003284955124,45.79820835911168,47.181477967937624,209896,47.181477967937624
ASH,2010-03-11,47.69548804728376,48.85607507793965,47.27438594775004,47.46342114125204,354276,47.46342114125204
ASH,2010-03-12,46.38390811430117,47.27421086959186,45.25447370284274,46.29481550754921,1204450,46.29481550754921
ASH,2010-03-15,45.363835643367366,46.3269929582022,44.90501150404862,45.73672348784509,1603221,45.73672348784509
ASH,2010-03-16,44.68517275353865,45.85648881954612,43.72714048919342,44.60342366738156,1371651,44.60342366738156
ASH,2010-03-17,43.362191649177824,44.23332966403153,42.51704265228212,43.65955614015148,673925,43.65955614015148
ASH,2010-03-18,44.72706734330994,45.25871002411784,43.21288661280105,44.300261102851366,1537362,44.300261102851366
ASH,2010-03-19,43.93076749380587,44.969772955001446,43.275393004301975,44.14291028417637,332912,44.14291028417637
ASH,2010-03-22,43.812944181203356,45.04575079033125,43.09101309737793,43.64185399127936,792918,43.64185399127936
ASH,2010-03-23,43.77707444253847,44.35782484358406,43.09232767653584,43.64087557306499,612024,43.64087557306499
ASH,2010-03-24,43.55355877542221,44.30478550164925,43.200873631478174,43.38751349643415,781802,43.38751349643415
ASH,2010-03-25,43.45714705371603,44.1608379816593,43.00390720213303,43.518076788349035,1150544,43.518076788349035
ASH,2010-03-26,44.69647492151433,46.31058945093375,44.34816132631261,45.0802595817494,1541111,45.0802595817494
ASH,2010-03-29,45.51930225854823,46.443451067909926,44.17136564924092,45.08646553683778,1087201,45.08646553683778
ASH,2010-03-30,45.65793676371735,46.51966662965469,44.86442779883497,45.941371287105085,403954,45.941371287105085
ASH,2010-03-31,44.78687164218423,45.60230976986283,43.23461847534497,44.54656936990762,1212576,44.54656936990762
ASH,2010-04-01,43.97038275819839,44.49879307360906,42.75562531327626,44.291430520866164,747638,44.291430520866164
ASH,2010-04-02,43.22307487228142,43.858397826648684,42.42576427064718,43.41305298432666,834763,43.41305298432666
ASH,2010-04-05,43.654545050344154,44.618674732891826,42.56859780851772,43.60232111261344,1298266,43.60232111261344
ASH,2010-04-06,44.099165801640645,44.9209399183986,43.85171576328233,44.1756166873344,851580,44.1756166873344
ASH,2010-04-07,45.244864286578675,45.67144120829882,44.39881474935304,44.83394636718327,142106,44.83394636718327
ASH,2010-04-08,45.0670749298118,45.55690613543598,44.71598584983173,44.75585595998488,1018834,44.75585595998488
ASH,2010-04-09,46.059609363072575,47.178557677192465,45.519520330601374,45.67430970381949,1145884,45.67430970381949
ASH,2010-04-12,46.062524121080756,46.8099572121829,45.90248798526686,45.93327105309949,793739,45.93327105309949
ASH,2010-04-13,46.124820834619655,46.717831192395984,45.24652371095922,46.38558602687468,1004971,46.38558602687468
ASH,2010-04-14,46.06435819558509,46.47453309365504,45.335028527918,46.04732121342479,1531189,46.04732121342479
ASH,2010-04-15,45.910796036529206,46.55522317007965,44.80873418583624,45.66826703562246,1489669,45.66826703562246
ASH,2010-04-16,45.06531145908968,46.50146161572851,45.01705425264436,45.46107904666634,1541054,45.46107904666634
ASH,2010-04-19,46.78705163026046,48.187070535410435,45.61739754097791,46.44971792138129,1242347,46.44971792138129
ASH,2010-04-20,46.23250980648778,46.49015498822383,44.88955469900653,46.111374380516736,585100,46.111374380516736
ASH,2010-04-21,45.18851847476712,46.21194219710825,43.97583321751739,44.98736066962543,1013009,44.98736066962543
ASH,2010-04-22,45.03129210121959,45.86511787057044,44.08295700840301,44.85698195946072,917192,44.85698195946072
ASH,2010-04-23,44.75034799875357,45.46348016937545,43.91194483702021,44.441248109489536,874941,44.441248109489536
ASH,2010-04-26,44.85571581846208,46.540186545357635,44.341785685152345,45.22883475536297,1764113,45.22883475536297
ASH,2010-04-27,45.255271057252024,45.80610278827796,44.92778167409038,45.36683359080755,1327327,45.36683359080755
ASH,2010-04-28,45.73270986806531,45.9755207075196,45.24722183671404,45.73031671233059,977175,45.73031671233059
ASH,2010-04-29,46.61365130896384,47.840891546147944,45.85986877182663,46.57025043218415,1633847,46.57025043218415
ASH,2010-04-30,47.24373876234348,47.34109240934122,45.46675813469195,46.82924825112464,1037260,46.82924825112464
ASH,2010-05-03,45.686580593150126,47.23879181714872,45.268587282881434,46.10850677558196,170522,46.10850677558196
ASH,2010-05-04,46.763403194534455,47.59004360420567,45.14954058011063,46.42321998457221,241404,46.42321998457221
ASH,2010-05-05,47.42225913426141,47.655582185835236,46.61816353861038,47.373084856512605,1065566,47.373084856512605
ASH,2010-05-06,47.44642356255536,47.77004920048993,47.24733398926776,47.394641912141665,1182803,47.394641912141665
ASH,2010-05-07,47.30707563784293,47.69965013537374,46.73496121739881,47.47768163404438,99686,47.47768163404438
ASH,2010-05-10,47.236351833888456,48.254302596854245,45.96917033750812,47.10105857354116,1702423,47.10105857354116
ASH,2010-05-11,47.41986882626654,47.62943309964445,47.009016187575384,47.28141642509689,1794975,47.28141642509689
ASH,2010-05-12,47.3659150959409,48.63635994851474,46.37181223416226,47.662093086554805,660575,47.662093086554805
ASH,2010-05-13,48.77621534205063,48.96373593398808,47.98775911064971,48.604150867866316,1415847,48.604150867866316
ASH,2010-05-14,49.80615549205791,51.243987896637215,49.26204647261675,50.0396340984393,1069444,50.0396340984393
ASH,2010-05-17,50.67482739201347,52.07267848766216,50.076988880629436,50.48421246879117,574041,50.48421246879117
ASH,2010-05-18,51.892012064429196,52.76272685996013,50.32374617376346,51.77609264587379,1669361,51.77609264587379
ASH,2010-05-19,52.31660568997077,53.833029768941756,51.863876086373246,52.091619920752564,1123553,52.091619920752564
ASH,2010-05-20,52.140350057773325,53.26262804604472,50.75422542893027,52.64606840212544,528260,52.64606840212544
ASH,2010-05-21,54.53166661628318,55.346518173859806,53.050369400632604,54.9433398982329,423007,54.9433398982329
ASH,2010-05-24,55.2634877967854,55.557428910318315,53.99566695866228,54.89001541186671,1099471,54.89001541186671
ASH,2010-05-25,53.79297196684397,54.6963979839166,52.77980544105791,53.92160382779033,514829,53.92160382779033
ASH,2010-05-26,56.31679914893784,56.537696558910895,54.35352857941659,55.94007812783424,1004035,55.94007812783424
ASH,2010-05-27,56.09675893725905,58.0786148761546,54.69321890485248,56.591739425028706,472258,56.591739425028706
ASH,2010-05-28,55.85370841193487,57.16867034337642,54.619788024123764,55.5544130620541,1577608,55.5544130620541
ASH,2010-05-31,54.98586746072152,56.382489519565084,54.703909024717106,55.447448579913406,1150487,55.447448579913406
ASH,2010-06-01,55.86065682340326,57.10587337929042,54.388121387919654,55.89606514415193,166927,55.89606514415193
ASH,2010-06-02,55.733702851105434,55.81728719187903,53.765936576580465,55.25018238087761,790374,55.25018238087761
ASH,2010-06-03,53.71710717572584,54.50545576749023,53.40258717773101,54.17469037218368,1356509,54.17469037218368
ASH,2010-06-04,54.7703153751133,55.95816798649711,53.93613419639774,54.93439107466858,1116319,54.93439107466858
ASH,2010-06-07,53.34565246636867,54.109780145422235,52.302621229761634,53.326083288374626,720949,53.326083288374626
ASH,2010-06-08,53.32275705410216,54.2899619821949,52.04529630674651,52.90013018015382,1558881,52.90013018015382
ASH,2010-06-09,52.280793960432156,52.59642037419153,51.35675187473253,52.456410475282304,1117495,52.456410475282304
ASH,2010-06-10,51.9501236682954,52.9669266456212,51.29520964752401,51.63305374782959,1188674,51.63305374782959
ASH,2010-06-11,51.585566413567406,52.82921640752368,49.834981159761114,51.361452735321706,261677,51.361452735321706
ASH,2010-06-14,51.019756262819605,52.05674997585143,50.15215292807067,51.21738636261446,763891,51.21738636261446
ASH,2010-06-15,48.60273095041569,49.28075654151397,47.37627214287741,48.757963391517656,1610547,48.757963391517656
ASH,2010-06-16,48.69815762975916,49.25770913409497,47.68760148414945,49.00097169330674,854199,49.00097169330674
ASH,2010-06-17,49.87985980486046,50.27693597948738,48.36466530880472,49.68810113159972,94200,49.68810113159972
ASH,2010-06-18,50.984693614361454,51.7839289382071,50.04508923816189,50.92042959885829,975184,50.92042959885829
ASH,2010-06-21,50.54901123822378,51.29044967918284,50.008078891110166,50.90027186953841,884384,50.90027186953841
ASH,2010-06-22,49.27541622769557,50.42542393240043,48.65831385560337,49.157369448910856,1395883,49.157369448910856
ASH,2010-06-23,49.856380349399885,50.05477610483708,49.55237168791251,49.857726862006196,497229,49.857726862006196
ASH,2010-06-24,49.53171662862286,50.71231215071097,49.25683254307825,49.93862659306346,1734678,49.93862659306346
ASH,2010-06-25,51.03956492447319,51.7989818677999,49.97018673344495,50.580593149009935,1396771,50.580593149009935
ASH,2010-06-28,51.032716871869525,51.24535835837881,49.709590033525274,50.693319245845466,769529,50.693319245845466
ASH,2010-06-29,50.73815625147159,52.704853521756434,49.29412115659757,51.177232207815436,1472487,51.177232207815436
ASH,2010-06-30,50.88007465517589,52.13651035414142,48.98590345346416,50.44496870259912,494276,50.44496870259912
ASH,2010-07-01,49.936775484961615,50.515841032904014,48.20661945773093,49.52406389774154,601488,49.52406389774154
ASH,2010-07-02,48.98910134759941,50.457697843307436,48.96533883790359,49.44180732917356,388449,49.44180732917356
ASH,2010-07-05,49.13872766171082,50.49657010070106,48.82322376257101,49.43386867349339,741289,49.43386867349339
ASH,2010-07-06,49.00596195918699,49.96326681736425,47.93696086744832,48.80837746036726,590690,48.80837746036726
ASH,2010-07-07,48.622173870253846,49.25302315906092,47.43129235772132,48.20321698361039,1612360,48.20321698361039
ASH,2010-07-08,47.88460004200368,49.15609610523081,47.20230318148255,47.57714253853747,1123772,47.57714253853747
ASH,2010-07-09,48.30353076828995,49.63811402940799,47.59984586153802,48.515155960916054,90454,48.515155960916054
ASH,2010-07-12,47.33371407092368,48.556480227035955,46.42549783011837,47.7795560436532,318095,47.7795560436532
ASH,2010-07-13,48.17758133488464,48.20742595827233,47.23748350797016,48.203719884436666,1628246,48.203719884436666
ASH,2010-07-14,47.2147272568085,47.922205733410514,46.095230658525224,47.60320583803103,1290603,47.60320583803103
ASH,2010-07-15,47.73652227303196,48.71335887755811,47.57270713805414,47.98094080121514,1012395,47.98094080121514
ASH,2010-07-16,49.22405461661024,50.551522606292686,48.22380264339609,49.08651708587887,1124665,49.08651708587887
ASH,2010-07-19,50.004513772465344,50.95260626289318,49.63302464441989,50.00949576952468,855200,50.00949576952468
ASH,2010-07-20,49.66799783585878,50.41493315525864,49.03288633772976,49.79076268011258,412781,49.79076268011258
ASH,2010-07-21,50.465250121717055,50.5377868151058,49.665869307052496,50.03498693409621,1725517,50.03498693409621
ASH,2010-07-22,49.39022222692426,50.58584764743015,48.38400996641663,49.69538551283372,1346980,49.69538551283372
ASH,2010-07-23,50.476671251946435,51.020592687169106,50.10113807330413,50.489315550601106,1728536,50.489315550601106
ASH,2010-07-26,50.52287250839759,51.33736656055016,50.1308428478441,50.44871775669961,538739,50.44871775669961
ASH,2010-07-27,51.42533009758558,52.795779798205785,50.043449325166875,51.60911838768183,950979,51.60911838768183
ASH,2010-07-28,51.0378343285492,52.26846934107672,49.443729276320155,50.82913251375014,272485,50.82913251375014
ASH,2010-07-29,50.55921233154204,51.87012914219667,50.16869474511195,50.19053407367209,1552542,50.19053407367209
ASH,2010-07-30,50.780755187996235,51.74972302844895,49.39604842996466,50.73866348005911,1245597,50.73866348005911
ASH,2010-08-02,51.41230253177281,52.8090995675449,50.64126565871219,51.12463754686742,311530,51.12463754686742
ASH,2010-08-03,52.2365644037155,53.79117320330555,51.841363292869914,52.69930472512793,290849,52.69930472512793
ASH,2010-08-04,52.13757052541572,53.735797214569175,50.67278239924103,52.501106496053644,861645,52.501106496053644
ASH,2010-08-05,52.01046407739375,53.12037589616953,51.6149415569801,52.0499954984448,1425241,52.0499954984448
ASH,2010-08-06,52.019511221622736,53.380129104935826,50.68681167510509,51.58514382530046,870463,51.58514382530046
ASH,2010-08-09,51.39868722360818,51.74237464333754,50.24851462712912,51.36623254134897,1161829,51.36623254134897
ASH,2010-08-10,51.62435932275963,52.872807368887514,51.106046589896025,51.694351285015514,902886,51.694351285015514
ASH,2010-08-11,50.44106600821799,50.6183510358404,50.088260367503324,50.34027715168185,1488889,50.34027715168185
ASH,2010-08-12,48.98463080979633,49.49153490190035,48.356835702384046,49.355323049995654,1771000,49.355323049995654
ASH,2010-08-13,49.712480037528984,50.44567347840145,49.36779985684301,49.560151329086615,306815,49.560151329086615
ASH,2010-08-16,49.47916636094159,50.333517765064926,48.027975997061255,49.88420500998742,918349,49.88420500998742
ASH,2010-08-17,49.71877143594329,50.55905577442916,49.25323758368277,49.64252715008668,784130,49.64252715008668
ASH,2010-08-18,50.25051624457516,51.27221062183097,48.789179328748354,50.03597196282486,81191,50.03597196282486
ASH,2010-08-19,48.74031393086504,49.15859972117805,47.69640454479945,48.82672995419715,1434288,48.82672995419715
ASH,2010-08-20,48.65264856165759,49.674246257174374,47.63683482915905,48.25607748513558,1548873,48.25607748513558
ASH,2010-08-23,47.34315114979405,49.098691684093176,46.3126495007403,47.67493816491602,650759,47.67493816491602
ASH,2010-08-24,46.70560906184156,48.0868850068152,45.54005263539806,47.015006856302364,873524,47.015006856302364
ASH,2010-08-25,47.69675506967065,47.94542663609831,47.516839781664075,47.68062527729418,1366678,47.68062527729418
ASH,2010-08-26,48.86830890251573,49.7973376147063,48.31445698533886,48.450034546991446,1601767,48.450034546991446
ASH,2010-08-27,46.61682485878272,46.73224735321837,45.269185713356734,46.71895379714432,1741022,46.71895379714432
ASH,2010-08-30,45.63619823099884,46.27928276332597,44.571713649301465,45.25030375123495,499738,45.25030375123495
ASH,2010-08-31,45.540110291558946,46.268715212873175,44.280829103368255,45.36457217758732,109051,45.36457217758732
ASH,2010-09-01,45.196925789830814,46.515380072897806,44.758784143225604,44.94294848935806,668064,44.94294848935806
ASH,2010-09-02,45.25641713024272,46.25731535646568,44.14013284336784,44.86352863255523,1053568,44.86352863255523
ASH,2010-09-03,45.18555782405531,46.142534057630286,44.414324205070024,45.12028831548653,775718,45.12028831548653
ASH,2010-09-06,46.60363496717942,47.34799466879365,45.95261467600375,46.471977132354,1543955,46.471977132354
ASH,2010-09-07,46.509200679381536,47.22522286624204,45.12025422824227,46.435840932633496,700334,46.435840932633496
ASH,2010-09-08,47.381283812298825,48.79146848700112,45.87940883737979,47.11287370559744,1403845,47.11287370559744
ASH,2010-09-09,46.58769006851243,46.829640910345404,45.886617770158765,46.799780783394695,144817,46.799780783394695
ASH,2010-09-10,47.44376334415237,47.87532022141811,47.12489240213402,47.172007450452156,1148825,47.172007450452156
ASH,2010-09-13,47.94689870738923,48.13933429019615,47.51899041395731,47.742992557700745,193396,47.742992557700745
ASH,2010-09-14,47.458710679056495,47.907155533420855,47.20482704644407,47.36202945330281,1503385,47.36202945330281
ASH,2010-09-15,46.427718392751274,47.51171849985541,45.225920689584655,46.859962423395345,488458,46.859962423395345
ASH,2010-09-16,46.770553664772194,47.25032464699721,46.45740617561694,46.515144613703576,109850,46.515144613703576
ASH,2010-09-17,46.85596283474298,48.56625095509971,46.47641903775043,47.2029746028521,1371950,47.2029746028521
ASH,2010-09-20,48.2302320260708,49.21497950739898,46.82195246817088,47.78869135318284,403033,47.78869135318284
ASH,2010-09-21,45.51295230617842,46.89957242340118,45.327897317519074,45.897117512446506,459322,45.897117512446506
ASH,2010-09-22,45.80225387466282,46.82221358087418,45.255666163138606,45.60135656951812,130741,45.60135656951812
ASH,2010-09-23,45.81581541695675,47.183492026112916,45.4536548182976,45.9440676536005,108676,45.9440676536005
ASH,2010-09-24,47.37366345599986,48.46517939124099,46.77601033380662,47.151400813071795,1329401,47.151400813071795
ASH,2010-09-27,47.11268461521619,47.135588177264566,46.8134701727234,47.09483312001385,356567,47.09483312001385
ASH,2010-09-28,47.52807982795852,47.90078896412578,47.332095443894154,47.40529515409314,1382554,47.40529515409314
ASH,2010-09-29,47.102005423500515,48.915019832687456,45.88235323654254,47.50538625604983,1085091,47.50538625604983
ASH,2010-09-30,47.56057143164267,48.491033828489165,47.12027753616081,47.12095264719602,709863,47.12095264719602
ASH,2010-10-01,45.65714683519785,46.20898367539908,45.48228857014643,46.114746717242845,1079114,46.114746717242845
ASH,2010-10-04,45.597069313367506,46.23538934776805,44.441151740258604,45.19827637798627,1587330,45.19827637798627
ASH,2010-10-05,45.86732909094072,47.21697680001588,44.647003528865405,45.80480535584144,168854,45.80480535584144
ASH,2010-10-06,45.693291529983576,47.282866415047195,44.944545335402964,45.91527337412388,203019,45.91527337412388
ASH,2010-10-07,45.50892264074038,46.09932830676663,45.08248620803305,45.38391014627465,1305572,45.38391014627465
ASH,2010-10-08,44.50814643816576,45.70059046123131,43.82577763129828,44.35477018408661,639675,44.35477018408661
ASH,2010-10-11,45.1468224680093,45.94861962156049,43.968496140489,44.939801300926845,1116420,44.939801300926845
ASH,2010-10-12,43.8049967799292,44.90878718904822,43.02543611019086,44.23278285608142,1464405,44.23278285608142
ASH,2010-10-13,45.17686253020379,45.73517060549828,44.683475577927034,44.74482227312536,539099,44.74482227312536
ASH,2010-10-14,44.773804305448586,45.97212597989574,44.405573876252504,44.66846451069125,288948,44.66846451069125
ASH,2010-10-15,44.54744955742486,45.488952830905035,43.37683529843328,44.65682645257583,585436,44.65682645257583
ASH,2010-10-18,46.04072141881731,46.501769948526835,45.34872885585432,45.975757321141074,1335662,45.975757321141074
ASH,2010-10-19,44.15608687896019,45.09779052763867,44.06466374529494,44.441917898072695,1556056,44.441917898072695
ASH,2010-10-20,43.60463315970649,44.410028590461025,42.341374828702804,43.826159890820485,1219562,43.826159890820485
ASH,2010-10-21,44.6358568789015,45.617903813386036,43.35375532137443,45.00872762942818,1597188,45.00872762942818
ASH,2010-10-22,46.069906439618116,46.50058147513371,45.3345557638484,45.723111592182555,325152,45.723111592182555
ASH,2010-10-25,45.33633575479228,46.42786821597716,44.7590395786408,45.562691099262025,426434,45.562691099262025
ASH,2010-10-26,47.22331690819715,47.29732159344303,45.65291518430686,46.9979986612837,692098,46.9979986612837
ASH,2010-10-27,47.58202760440582,49.06858603347494,47.57634129311031,47.79788410821334,214935,47.79788410821334
ASH,2010-10-28,47.07528392357689,48.001795437908555,46.48226992831694,47.41096431368932,635626,47.41096431368932
ASH,2010-10-29,46.240034746919044,47.72502786430703,45.53523915760157,46.605294918224885,1698255,46.605294918224885
ASH,2010-11-01,48.05025257278575,49.10182055035048,46.91607862405187,47.706532397012765,568904,47.706532397012765
ASH,2010-11-02,46.73759785519258,47.762440193887315,46.31791844140311,47.095773661537564,115341,47.095773661537564
ASH,2010-11-03,46.91885008178443,47.59151211180817,46.156452119275706,47.30948527474052,61065,47.30948527474052
ASH,2010-11-04,48.02883334228104,49.322905435956564,47.53760900547718,48.50480636468908,1569758,48.50480636468908
ASH,2010-11-05,48.53965282220938,50.053929788724034,47.794570432572534,48.66965916773062,1052565,48.66965916773062
ASH,2010-11-08,49.13028752627707,49.4040991614002,48.13038695999856,48.69911801158825,1791791,48.69911801158825
ASH,2010-11-09,47.79317174432578,48.160241147202925,47.12866610709996,47.40572488842055,1759053,47.40572488842055
ASH,2010-11-10,47.83627759353158,49.6435309919996,47.573897648916024,48.20742394172627,1163583,48.20742394172627
ASH,2010-11-11,46.35804421726352,48.06804809842162,46.14810933873469,46.81449043748924,239602,46.81449043748924
ASH,2010-11-12,48.12450994838451,48.917914465087925,46.73917152293605,47.884124439556416,1665422,47.884124439556416
ASH,2010-11-15,46.421868813689585,47.57353553194712,45.11433174944629,46.60224065115948,102510,46.60224065115948
ASH,2010-11-16,46.30200117981559,46.917441357626515,45.768037511350926,45.99413759865853,901177,45.99413759865853
ASH,2010-11-17,46.6362748634676,47.47181781431705,45.296365035793634,46.90322037844211,524841,46.90322037844211
ASH,2010-11-18,48.041831839496986,48.68816505763997,46.90827148075128,48.049319268197024,678649,48.049319268197024
ASH,2010-11-19,47.695064723293825,48.743348937210726,47.017125354103285,48.14478901175963,465063,48.14478901175963
ASH,2010-11-22,48.259636502170274,49.23769768097323,47.673982046702484,47.8816446000932,66242,47.8816446000932
ASH,2010-11-23,47.71362454619856,48.49899989044199,47.56587636945262,48.022915175266796,1519692,48.022915175266796
ASH,2010-11-24,46.3320694619443,46.76144183534584,45.81507397474671,46.52309044939548,189969,46.52309044939548
ASH,2010-11-25,47.364054849552154,48.38767697913114,47.31682155747911,47.38329209031526,463480,47.38329209031526
ASH,2010-11-26,46.71010577946434,46.96882779044978,46.33167395743478,46.92476891372371,799824,46.92476891372371
ASH,2010-11-29,46.320303024883955,47.758309542218,45.66402456051956,46.75025252526132,495257,46.75025252526132
ASH,2010-11-30,46.39474467355311,47.20573510300492,45.18992499791942,46.835857774538084,354633,46.835857774538084
ASH,2010-12-01,47.49827341616139,47.76937391742502,46.263130548699856,47.06973803554182,1483329,47.06973803554182
ASH,2010-12-02,47.270353047114895,47.97519246432788,47.01841272285764,47.435907852772814,1433894,47.435907852772814
ASH,2010-12-03,48.25838816692016,48.589435307175485,47.221287222392846,48.41875923761121,188528,48.41875923761121
ASH,2010-12-06,49.876691375224716,50.452003485462804,48.83263180622208,49.45837249038167,390587,49.45837249038167
ASH,2010-12-07,49.787926610180286,49.940758201969764,49.43085647290685,49.45543408707566,523636,49.45543408707566
ASH,2010-12-08,50.26345847261896,50.992512948461204,48.83597969625094,50.076231849188915,504523,50.076231849188915
ASH,2010-12-09,50.97826618627281,51.247691037651514,49.44732792985045,50.81716990623727,1559176,50.81716990623727
ASH,2010-12-10,49.71009880315524,49.903963096021684,49.10954783712145,49.412550520118415,1397064,49.412550520118415
ASH,2010-12-13,48.755843837166125,49.933577867616066,47.329621048763684,49.08088153346529,1062819,49.08088153346529
ASH,2010-12-14,48.537739838474316,49.44817928629636,47.86102605597842,48.378791457086365,1301053,48.378791457086365
ASH,2010-12-15,48.03180999930327,48.42874153906343,47.07464889213199,48.42072663893865,191870,48.42072663893865
ASH,2010-12-16,49.07903601066231,50.023503868623024,48.67238745361921,49.44840298861053,979729,49.44840298861053
ASH,2010-12-17,49.84736635257547,50.22233129256836,48.53177448009776,50.10515124211254,115880,50.10515124211254
ASH,2010-12-20,51.017907890069544,52.148430742191195,49.78361936229228,50.804727408913365,938963,50.804727408913365
ASH,2010-12-21,50.89583817402224,51.93643859603639,49.010201869691414,50.49937245484437,1067042,50.49937245484437
ASH,2010-12-22,50.3900559015813,50.465231515402,49.046593325429164,50.1985121462894,1660444,50.1985121462894
ASH,2010-12-23,49.64368581648962,51.130762838702445,48.874097462959405,49.726606895779426,480156,49.726606895779426
ASH,2010-12-24,49.037006013394354,50.44921345956925,47.814120749026166,49.023611567765386,1014534,49.023611567765386
ASH,2010-12-27,49.72040750224411,50.21960779563314,48.91552823079862,49.5101618089026,1435611,49.5101618089026
ASH,2010-12-28,49.1997218005228,49.39250494205607,47.789839108826925,49.0885050270512,94159,49.0885050270512
ASH,2010-12-29,48.10327060581931,48.26827912308844,47.70748674893266,48.07493760832707,950161,48.07493760832707
ASH,2010-12-30,48.068570676802516,49.541732837875855,47.955606793446435,48.322949954119295,202484,48.322949954119295
ASH,2010-12-31,48.51064729066283,49.17887595952073,47.505846144307576,48.39743511645315,1304129,48.39743511645315
ASH,2011-01-03,48.186381806642196,48.66864245647805,47.50436052971736,48.654763528572204,541158,48.654763528572204
ASH,2011-01-04,49.90305809697663,51.28839506493727,49.078368648278754,49.84319245530476,1489890,49.84319245530476
ASH,2011-01-05,50.20456818135846,51.097311826290806,49.563400020597875,49.8845636160062,193426,49.8845636160062
ASH,2011-01-06,49.06773595327021,50.40687796558732,49.059184962749804,49.38404018769093,1283367,49.38404018769093
ASH,2011-01-07,48.50562759275602,50.09052566539561,48.12100606899149,48.88279706559415,1078246,48.88279706559415
ASH,2011-01-10,48.592891430396016,49.78620460822024,47.00576871218016,48.14014763451595,1307475,48.14014763451595
ASH,2011-01-11,47.887722801575826,47.99662648324371,47.12737143284431,47.56101351325686,642913,47.56101351325686
ASH,2011-01-12,46.43265701793407,47.41999873059967,45.89742405811943,46.617260286795,1043803,46.617260286795
ASH,2011-01-13,46.45599961567047,47.704388988124485,45.35515950708628,46.728357942562084,463951,46.728357942562084
ASH,2011-01-14,46.08046155328201,46.35267883409544,45.031156683920436,46.23392177536502,1081676,46.23392177536502
ASH,2011-01-17,46.287706747801984,46.66072143611366,45.805555676756576,46.35146321206414,487282,46.35146321206414
ASH,2011-01-18,46.392734081296126,46.943621528880854,45.8309488610182,46.096716723915286,1752810,46.096716723915286
ASH,2011-01-19,45.79682898578091,47.26134171877194,45.47039477167041,46.03695430400914,1621370,46.03695430400914
ASH,2011-01-20,47.608093928744246,48.823004971283666,46.83907098621389,47.39873838112787,1622346,47.39873838112787
ASH,2011-01-21,48.731427687168704,49.874817562904155,48.22605784795857,48.31659015881935,1616558,48.31659015881935
ASH,2011-01-24,47.02065181423331,48.53451182978227,46.641259388575655,47.1342338078862,1160338,47.1342338078862
ASH,2011-01-25,46.243798373953275,47.02620361826185,45.60829198891765,46.68634108219738,1553684,46.68634108219738
ASH,2011-01-26,45.57378605087191,46.213388812806976,45.02746428910461,45.27711551891607,487084,45.27711551891607
ASH,2011-01-27,45.1870506951125,45.79263355726738,44.04164482630032,44.99948039421803,170883,44.99948039421803
ASH,2011-01-28,44.94712947261236,46.186784856662065,43.954012863768604,45.26482535342356,1146208,45.26482535342356
ASH,2011-01-31,46.176836401435,47.35455807836995,46.04804676644035,46.08751367723559,1793570,46.08751367723559
ASH,2011-02-01,47.19139953977186,47.887495460307846,46.816226391524175,46.886807399435014,1563186,46.886807399435014
ASH,2011-02-02,46.851363177267515,47.847467614892025,46.683423768928606,47.15216398356267,1386647,47.15216398356267
ASH,2011-02-03,46.20011662537364,47.30541206363506,45.11122944495357,46.457582808697275,296195,46.457582808697275
ASH,2011-02-04,46.844167194698755,48.17491824776956,46.264736209251716,47.12523951457078,266482,47.12523951457078
ASH,2011-02-07,47.653029003790486,47.94080676885176,46.52541156580881,47.18355120347623,1520355,47.18355120347623
ASH,2011-02-08,47.09492887481418,48.717430322785745,45.96904239924097,47.351077732412435,1513120,47.351077732412435
ASH,2011-02-09,48.68315140084221,49.046230490997445,47.87664903842425,48.91115722308237,495228,48.91115722308237
ASH,2011-02-10,47.746019331721484,48.21504309525781,46.9799046419598,48.18165310377598,1029020,48.18165310377598
ASH,2011-02-11,50.35039888821463,50.892357602069445,48.732324648543596,49.868392497758045,1689473,49.868392497758045
ASH,2011-02-14,51.121245069960054,52.46271115203636,51.052048610802736,51.381488026827206,1027337,51.381488026827206
ASH,2011-02-15,51.693017917392,53.20980731683259,50.67803763509271,51.46120253178681,170005,51.46120253178681
ASH,2011-02-16,51.15778592327569,53.09224789962888,50.42862151336686,51.647018990332974,735825,51.647018990332974
ASH,2011-02-17,51.36412355507887,52.42503018434558,50.45955646823409,51.07462949895124,582942,51.07462949895124
ASH,2011-02-18,51.5132511860261,52.18788786523506,51.082511497431156,51.25634363635672,1524936,51.25634363635672
ASH,2011-02-21,50.93013042605159,52.27522843494329,50.217072466569306,51.35726590935302,1592689,51.35726590935302
ASH,2011-02-22,50.419966993050615,52.279762782151664,49.7256322630339,50.80342941115796,1312003,50.80342941115796
ASH,2011-02-23,50.028180000560596,50.63414538844745,48.8878276626326,50.234029734872514,1517388,50.234029734872514
ASH,2011-02-24,49.91415224306394,50.77793478304094,49.3194009476752,50.05965771394528,796195,50.05965771394528
ASH,2011-02-25,50.35787858875989,51.404670365212475,49.14431072171197,50.073959520854395,1677407,50.073959520854395
ASH,2011-02-28,48.2827002116111,48.72524140506774,47.7710699172522,48.71019158942037,1199819,48.71019158942037
ASH,2011-03-01,49.788631827325766,50.35810635727791,48.598158043407615,49.6394755679334,278266,49.6394755679334
ASH,2011-03-02,48.99067645074994,50.097343101051344,48.572876666883154,49.25811457407648,352655,49.25811457407648
ASH,2011-03-03,48.92238144585091,50.36301754998995,48.363055945447336,49.03765008976929,1196864,49.03765008976929
ASH,2011-03-04,48.71209504227218,50.6661921783708,47.9441254419759,49.20194572520338,1753900,49.20194572520338
ASH,2011-03-07,48.80371617024904,49.826388210996896,47.481143905660446,49.00845030058845,814058,49.00845030058845
ASH,2011-03-08,49.62502847682851,51.36893356019908,49.069677008223266,49.95338410272435,1172294,49.95338410272435
ASH,2011-03-09,49.74699718351843,49.89514202261661,49.53304864280743,49.743045437523534,1177744,49.743045437523534
ASH,2011-03-10,48.954648341799,50.32861647687924,47.73725549841722,49.291613365800785,144476,49.291613365800785
ASH,2011-03-11,50.15100091577779,50.75364698474693,48.448536425629904,49.816416310308746,299383,49.816416310308746
ASH,2011-03-14,50.84894263262217,51.99452882049124,49.00852244517172,50.46249511218535,150511,50.46249511218535
ASH,2011-03-15,52.96057582763215,54.339229985383795,51.069636377678165,52.597349422223516,1211538,52.597349422223516
ASH,2011-03-16,51.50338820487411,51.58639768569318,50.77014504157299,51.01183528097568,178013,51.01183528097568
ASH,2011-03-17,51.5217553747224,52.96767254699709,50.68045332400032,51.09800330414248,1661127,51.09800330414248
ASH,2011-03-18,51.465917167302905,51.79928537129402,50.234283732705926,51.693588226717964,1023147,51.693588226717964
ASH,2011-03-21,50.76206088158938,52.102724226372366,50.6358423316647,50.95112928985191,494461,50.95112928985191
ASH,2011-03-22,52.194924668468964,52.30307739350291,50.807811353703435,52.160853759087864,1396004,52.160853759087864
ASH,2011-03-23,51.48309904532377,52.935758182103136,50.516497791014345,51.60182696006665,946381,51.60182696006665
ASH,2011-03-24,52.21069421767125,52.53176097069035,50.87439129696123,51.724575253583595,1002941,51.724575253583595
ASH,2011-03-25,52.50807791403712,53.36310623825171,51.052389777962794,52.67713874637592,530626,52.67713874637592
ASH,2011-03-28,52.013883011293345,53.46916005345224,50.75197788124159,51.765324165245474,293146,51.765324165245474
ASH,2011-03-29,51.75309838346482,52.98285653516539,50.28289659005676,51.67521174492706,1621034,51.67521174492706
ASH,2011-03-30,52.82993912271047,54.075312878304295,52.02181385535443,52.351985698013586,218939,52.351985698013586
ASH,2011-03-31,52.761176579632824,53.969402353505494,51.00303962977592,52.50441150626941,406282,52.50441150626941
ASH,2011-04-01,52.89713033977697,54.01288791019579,51.337410691029646,53.10568076719829,411592,53.10568076719829
ASH,2011-04-04,53.50299104036307,55.36556124498299,53.07362742382033,53.82912192745097,315152,53.82912192745097
ASH,2011-04-05,53.76677864450957,55.10820986549762,53.03712757308695,53.38813053396762,1134973,53.38813053396762
ASH,2011-04-06,55.29729563665288,56.02769786908723,54.016555066401665,54.84644204485133,1581217,54.84644204485133
ASH,2011-04-07,54.47861303896669,55.692215579530284,53.01272816145852,54.120235035581246,1121484,54.120235035581246
ASH,2011-04-08,55.623607507834805,57.28915765915132,54.09258534272084,55.36070002072924,1586565,55.36070002072924
ASH,2011-04-11,55.50607479640234,57.160248410881266,54.03576533334206,55.704684231604986,565459,55.704684231604986
ASH,2011-04-12,55.175262704056685,55.17728707019075,54.31569371266768,55.16933405506806,1146245,55.16933405506806
ASH,2011-04-13,54.87165835088094,56.08632950598241,53.588377946064206,54.419213826464336,1761985,54.419213826464336
ASH,2011-04-14,54.29467069162032,56.16731293716427,53.40851773591825,54.69404941325785,845651,54.69404941325785
ASH,2011-04-15,54.51567430702027,55.05729863524568,54.15302938873411,54.52121453188269,848710,54.52121453188269
ASH,2011-04-18,54.824161317996825,56.595416619049026,53.34354195888124,54.98305205106458,871136,54.98305205106458
ASH,2011-04-19,54.99786683081122,55.659985102926164,54.26078999660503,54.80332644798394,579135,54.80332644798394
ASH,2011-04-20,55.04174843331829,55.73721787035867,53.909033518911144,54.89455437285799,870815,54.89455437285799
ASH,2011-04-21,55.44734014251935,55.7149380319133,54.11971511758662,55.38081964056276,1659928,55.38081964056276
ASH,2011-04-22,55.10410439791907,55.508451038075904,54.57774025892025,55.34806135314469,1448745,55.34806135314469
ASH,2011-04-25,54.7644457563386,56.027527903093855,53.44628400073212,55.139893017879665,507929,55.139893017879665
ASH,2011-04-26,55.80217109758688,56.81125657842211,54.206416783475355,55.486631545627944,570447,55.486631545627944
ASH,2011-04-27,55.72126458984168,56.33458272668559,55.17617652472095,55.1785839877267,1745942,55.1785839877267
ASH,2011-04-28,55.4438682505165,56.82895215547596,55.258689156042905,55.81324693962643,1248152,55.81324693962643
ASH,2011-04-29,55.77774589704572,56.92108870593362,55.270958978175514,56.25502217904442,698118,56.25502217904442
ASH,2011-05-02,57.20712685388114,58.69711791034919,55.758796322959505,56.92735072685232,1289258,56.92735072685232
ASH,2011-05-03,57.42220411773646,59.25035497405623,56.62412451209765,57.60208880982523,1517824,57.60208880982523
ASH,2011-05-04,57.06280096979426,58.41416696454081,55.567668498302055,57.39222824850352,1672422,57.39222824850352
ASH,2011-05-05,55.59563375927365,57.00043726973526,54.45738658678038,55.56771025680685,1599082,55.56771025680685
ASH,2011-05-06,55.63948087348385,57.064532887145994,53.894888452599574,55.445184829216956,798312,55.445184829216956
ASH,2011-05-09,55.368128640593824,56.878096658714625,54.72085029795918,55.685705294071745,1787820,55.685705294071745
ASH,2011-05-10,56.1512252185994,56.47465945826205,55.363621389803725,55.601324153569294,165791,55.601324153569294
ASH,2011-05-11,54.78463724473333,55.22902425732529,54.47162735823925,54.97349959942446,1023007,54.97349959942446
ASH,2011-05-12,55.918466761331025,57.67440070479289,55.67703531813801,56.126186383822784,545707,56.126186383822784
ASH,2011-05-13,55.33316315339301,55.859185746953955,53.963002900233334,55.41850669019149,200035,55.41850669019149
ASH,2011-05-16,55.09450566946126,55.50164995728579,54.25029498313449,54.82582699985439,1117090,54.82582699985439
ASH,2011-05-17,54.855705692101594,55.12909896671733,54.37857331252854,54.44923419933354,458649,54.44923419933354
ASH,2011-05-18,54.020579524396396,55.06923974571338,53.669312593364104,54.21141877776914,177385,54.21141877776914
ASH,2011-05-19,53.30977842492705,54.8104283722654,51.715907282453685,53.71939157685314,1633547,53.71939157685314
ASH,2011-05-20,53.463728232619204,54.81558827426974,53.27495841258043,53.72576941782248,1027025,53.72576941782248
ASH,2011-05-23,53.39356505418822,54.262884827543665,52.92228117260235,53.84122292959244,628306,53.84122292959244
ASH,2011-05-24,53.160599921722905,53.31176540589053,51.62586574298726,53.02237642751736,1184438,53.02237642751736
ASH,2011-05-25,52.340173293284984,52.82726585700679,51.01714133915477,52.089418825489034,1512455,52.089418825489034
ASH,2011-05-26,52.65539512232472,53.52637395571388,51.261366934936845,52.72999061410256,458129,52.72999061410256
ASH,2011-05-27,53.188860040033255,54.16610959599018,52.28424692937009,52.71150982738865,1494504,52.71150982738865
ASH,2011-05-30,53.851385071364476,54.28855120602063,52.00488947780301,53.60744565085227,1541308,53.60744565085227
ASH,2011-05-31,54.065756979974545,54.49399229590856,53.19722657172955,54.196197612088895,229214,54.196197612088895
ASH,2011-06-01,53.52944126554799,55.32103238610269,53.52913449920583,53.95872190238751,62497,53.95872190238751
ASH,2011-06-02,54.36185286856062,55.76802835988053,54.11906826725443,54.36869886104976,619478,54.36869886104976
ASH,2011-06-03,55.06391713803012,55.52638182637795,54.37787009169537,55.059693467759146,940239,55.059693467759146
ASH,2011-06-06,54.41890124132006,55.333323010182134,53.864731145531465,54.36389914529154,409898,54.36389914529154
ASH,2011-06-07,53.23293885692576,53.9353365119372,52.408715837542154,53.03939864280249,1176993,53.03939864280249
ASH,2011-06-08,51.99673667293346,52.46542685498049,51.70167486817926,52.242923403352684,168342,52.242923403352684
ASH,2011-06-09,52.23358938024358,54.2472724389606,52.054926723117134,52.75855337698195,1766700,52.75855337698195
ASH,2011-06-10,54.63283427146647,54.648868356763856,53.91295499412839,54.29312788212655,1497208,54.29312788212655
ASH,2011-06-13,54.63657582667197,54.94403174406996,52.95308750069625,54.285310031731974,1276109,54.285310031731974
ASH,2011-06-14,55.910096828283066,56.48971387522733,54.40970080432193,55.45357882632889,259339,55.45357882632889
ASH,2011-06-15,56.84200437269216,58.302493605056036,55.94951682481974,56.31374022287019,273915,56.31374022287019
ASH,2011-06-16,55.317102699957,57.01452734763381,55.0236635810538,55.6967636518252,830410,55.6967636518252
ASH,2011-06-17,55.498083491594606,56.62905931346893,54.88006138617491,55.66075575494872,1687664,55.66075575494872
ASH,2011-06-20,56.66822164599988,57.849789692339556,55.790207098076976,56.27278241140787,1100561,56.27278241140787
ASH,2011-06-21,55.70438298063479,56.274091086246706,53.85738013200071,55.225030390487305,1392673,55.225030390487305
ASH,2011-06-22,55.47836069891732,57.60304332040004,54.434256520078556,56.022304182445254,568637,56.022304182445254
ASH,2011-06-23,56.91045916938329,57.084595025131534,56.11593728238359,57.03875761535052,967055,57.03875761535052
ASH,2011-06-24,57.38016890120218,58.00239894903534,57.35212446877403,57.82730594524179,390357,57.82730594524179
ASH,2011-06-27,58.07262440718815,59.68510460927911,57.39171975949391,57.73951559626621,174990,57.73951559626621
ASH,2011-06-28,58.51256200933641,60.1714837659415,56.814493657512465,58.224779739586616,176845,58.224779739586616
ASH,2011-06-29,59.496668507016494,60.37228871864383,58.04555606618392,59.19559650002121,1683688,59.19559650002121
ASH,2011-06-30,57.68402543044936,58.810709741308266,56.32885166671862,57.8109375867176,604962,57.8109375867176
ASH,2011-07-01,53.05599033077879,54.594909634629296,51.706658323654466,53.1556597797673,904535,53.1556597797673
ASH,2011-07-04,53.36765358696622,54.995956863174,51.95871565732358,53.623044415178356,1102916,53.623044415178356
ASH,2011-07-05,52.97060933818072,54.49195649277605,52.916107413510005,53.118391568750326,433140,53.118391568750326
ASH,2011-07-06,53.80711541410112,54.407256737765174,53.14295445144918,53.29222560335676,844585,53.29222560335676
ASH,2011-07-07,53.00023135058714,54.81793142853331,52.178586146839564,53.485269187843535,1685258,53.485269187843535
ASH,2011-07-08,54.393958287680796,54.699594913259084,53.65726495724607,54.5860930655409,1503876,54.5860930655409
ASH,2011-07-11,55.07377522047556,55.878344380971626,54.49118069925635,54.75627320309347,723655,54.75627320309347
ASH,2011-07-12,55.12294243826313,55.64648014876901,54.542230551544776,55.25295708650958,919062,55.25295708650958
ASH,2011-07-13,56.1940875624379,56.254436278333394,55.24619766871123,55.69286909784531,168778,55.69286909784531
ASH,2011-07-14,56.24905696723701,57.48356188612663,55.89661478068752,56.43852772204494,694219,56.43852772204494
ASH,2011-07-15,56.32635995372733,56.45508803589448,55.0675797915326,55.935084698881695,608646,55.935084698881695
ASH,2011-07-18,56.586205221986674,56.79018587832668,56.18931470728408,56.23183796912936,800499,56.23183796912936
ASH,2011-07-19,53.610054509434455,54.274273261123625,53.01235328518359,54.14149920780999,999437,54.14149920780999
ASH,2011-07-20,53.496993732740954,55.16889681018262,52.9087706169166,53.600991347309794,603614,53.600991347309794
ASH,2011-07-21,54.283913944625695,54.58730317331007,52.885090987708516,54.523120698476426,1358469,54.523120698476426
ASH,2011-07-22,53.34649015207902,53.800148215211756,53.326864851317644,53.36825527481377,1214604,53.36825527481377
ASH,2011-07-25,52.29279530303978,53.35536726358841,50.83504296057192,52.33176041706441,410032,52.33176041706441
ASH,2011-07-26,53.338299646937834,54.65583546349393,52.886375957555174,52.90917502236152,951941,52.90917502236152
ASH,2011-07-27,52.06546296430409,53.353093182802176,51.92576963800254,52.397051049470235,830484,52.397051049470235
ASH,2011-07-28,53.16171145633414,55.06911567159513,52.932723133704975,53.5017782584712,1471596,53.5017782584712
ASH,2011-07-29,53.164473975593594,54.127382786048194,52.64388536384923,53.58450497023082,1657248,53.58450497023082
ASH,2011-08-01,55.21609615100471,55.99796517034995,54.308958319834176,54.953800353997146,1748924,54.953800353997146
ASH,2011-08-02,56.997158841469016,58.40151429346434,56.519038089473746,56.52476967142056,1782378,56.52476967142056
ASH,2011-08-03,57.58460142145662,58.91720723924673,57.539681089680926,57.73644374394532,1179680,57.73644374394532
ASH,2011-08-04,56.772175313547706,57.64191470423093,56.45169595862497,57.27409975441347,1274818,57.27409975441347
ASH,2011-08-05,55.86419042109939,57.09269368311446,54.333838089527795,56.2511743040375,1525312,56.2511743040375
ASH,2011-08-08,56.99614943360022,59.13518882034363,55.92262686649238,57.45303410309673,404187,57.45303410309673
ASH,2011-08-09,57.56316514428442,59.053515511811504,57.22595162603996,57.45705341578921,1351373,57.45705341578921
ASH,2011-08-10,57.41323578081417,57.99611499505568,56.90085765932317,57.66430868532593,1224009,57.66430868532593
ASH,2011-08-11,59.24520224675995,59.56474580276962,57.22977431892666,58.77797887009877,1662566,58.77797887009877
ASH,2011-08-12,57.336367784487834,59.16087474994669,56.21529594426826,57.72627095883109,1696385,57.72627095883109
ASH,2011-08-15,58.80544644395175,59.156328842506554,56.58871332560649,58.30385141683366,926874,58.30385141683366
ASH,2011-08-16,57.659469557618706,58.63885751810702,57.474042355664615,57.85300076488319,1286171,57.85300076488319
ASH,2011-08-17,59.05821714667193,59.37847562654846,58.18255885700853,58.62753253244139,1286823,58.62753253244139
ASH,2011-08-18,59.54835700459606,59.57455148488979,58.01953954462368,59.018376834037674,1749793,59.018376834037674
ASH,2011-08-19,60.478411765269115,62.06670243041941,59.465236841014566,59.89578915170582,796138,59.89578915170582
ASH,2011-08-22,59.860226598607106,61.259168071503076,59.38011752305334,59.49895682370684,921738,59.49895682370684
ASH,2011-08-23,58.36137716504984,59.66057502871593,57.100581789303185,58.83003304336898,826456,58.83003304336898
ASH,2011-08-24,58.32682826056558,59.13188626084648,57.07714710683159,58.85014882384121,1138800,58.85014882384121
ASH,2011-08-25,58.59094710275552,60.00841042128283,57.406349548878204,58.31136855293361,1381781,58.31136855293361
ASH,2011-08-26,58.1902599163381,58.81761017209397,57.22418682905792,57.73182339741632,583170,57.73182339741632
ASH,2011-08-29,56.70910500424246,58.2241322596518,56.69725977992481,57.09040391030042,392496,57.09040391030042
ASH,2011-08-30,58.212953342453325,58.766024908683015,56.25486260774857,57.703926870231385,1772023,57.703926870231385
ASH,2011-08-31,59.73005986420512,60.50467590391036,58.422435881106864,59.59867126726792,364373,59.59867126726792
ASH,2011-09-01,59.94260041505257,61.36699601761043,58.79788852325656,60.39677290355204,1629651,60.39677290355204
ASH,2011-09-02,60.70654133139835,62.51060101452358,60.20721298154054,61.113516199719406,1619538,61.113516199719406
ASH,2011-09-05,61.27710664264305,63.35670189575278,61.06863787410887,61.813704637854855,1341404,61.813704637854855
ASH,2011-09-06,60.4807514501369,61.72599046471045,58.99981094919935,60.915425302918514,1625201,60.915425302918514
ASH,2011-09-07,61.916219228582534,62.34908814628481,61.100670048851484,61.63010278618164,1084444,61.63010278618164
ASH,2011-09-08,59.51935875874945,60.1319345141828,59.35798156871252,59.856029352720604,1276420,59.856029352720604
ASH,2011-09-09,60.316653794220606,60.933236935665846,58.65431301578924,60.242369957529576,104830,60.242369957529576
ASH,2011-09-12,61.259499492559684,62.73300514448311,60.32209648193962,60.98982532403022,593623,60.98982532403022
ASH,2011-09-13,62.31613305977387,62.82833769623598,60.347919109710205,61.82735358432469,1434071,61.82735358432469
ASH,2011-09-14,62.62268110145112,62.711955932030456,61.46222137837892,62.510254073158784,1604834,62.510254073158784
ASH,2011-09-15,61.35254495447757,62.39113817433575,59.66217993516597,61.26711728024361,862264,61.26711728024361
ASH,2011-09-16,61.14624853915386,61.207908954588774,60.06991862045333,60.64553108298249,104985,60.64553108298249
ASH,2011-09-19,61.590652312364384,63.48615984168836,60.4845618871168,61.844331722982666,516975,61.844331722982666
ASH,2011-09-20,61.87044462118246,63.505332299746144,61.067216573997065,62.239272569606,459364,62.239272569606
ASH,2011-09-21,63.04833401753981,63.53414417333495,61.687203327260505,62.58172969114973,1713167,62.58172969114973
ASH,2011-09-22,61.53206317984909,62.933523607864466,60.9671707864708,62.06016669955615,1758438,62.06016669955615
ASH,2011-09-23,60.59061905805915,62.321094219842884,60.40080986709515,60.969014569944754,306602,60.969014569944754
ASH,2011-09-26,60.15569319072392,61.91810191969927,58.85587785611204,60.26265573109372,664232,60.26265573109372
ASH,2011-09-27,58.76158657830673,60.47092139732037,58.047927368745995,58.925103056484076,393337,58.925103056484076
ASH,2011-09-28,59.72281761767157,59.847396166829185,58.71711885620295,59.47766021110491,1395570,59.47766021110491
ASH,2011-09-29,56.243797111844266,56.84478088379884,55.088232280254836,56.70674311636505,447185,56.70674311636505
ASH,2011-09-30,56.02691093188486,57.05763573501337,55.185811673737874,56.0525181692151,1267755,56.0525181692151
ASH,2011-10-03,61.44014192863779,62.35528559677752,59.305520915732814,61.06331419604335,203193,61.06331419604335
ASH,2011-10-04,61.099162017171295,61.63610830879689,59.829358221102986,60.87593782179576,957239,60.87593782179576
ASH,2011-10-05,60.29489876866139,62.06064649646936,58.820520215259165,60.13656033298211,134299,60.13656033298211
ASH,2011-10-06,62.08001070084748,63.80244830625128,61.82667890791983,62.405317307118494,368459,62.405317307118494
ASH,2011-10-07,61.88905907789824,63.29984261990466,60.696689033306384,62.02099917296125,227203,62.02099917296125
ASH,2011-10-10,63.6925197221862,64.4505509992811,62.149013784791336,64.10184396908183,812709,64.10184396908183
ASH,2011-10-11,63.84971638969125,64.3935835892528,62.93757119951419,63.83832118064663,1641304,63.83832118064663
ASH,2011-10-12,64.93732383170017,66.11597265812956,64.46054927283576,64.82819427831191,285699,64.82819427831191
ASH,2011-10-13,67.51483734892537,69.12627432553646,66.0332461441927,67.33816738863557,1763429,67.33816738863557
ASH,2011-10-14,68.04034204068842,69.94083197988085,67.22223897104529,67.53255699133253,769541,67.53255699133253
ASH,2011-10-17,66.59540792905315,68.59045596424437,65.24910761895632,67.1841699265044,1067635,67.1841699265044
ASH,2011-10-18,67.85340308472591,68.8593962217571,67.31518588756242,68.0053099451687,332790,68.0053099451687
ASH,2011-10-19,67.06363764301265,68.4540235202846,65.16504119429831,66.94184268915448,245834,66.94184268915448
ASH,2011-10-20,68.46503458197296,68.60711734409269,66.44565327186044,68.36914980089334,1054817,68.36914980089334
ASH,2011-10-21,67.0366340872538,68.90257639701856,66.50887324774183,67.68409455597258,570218,67.68409455597258
ASH,2011-10-24,65.61466056965772,67.79695375038516,64.37139046549598,66.02492748763338,1549253,66.02492748763338
ASH,2011-10-25,66.4040449639619,67.67291971485619,64.74709846149632,65.94802127879174,1044018,65.94802127879174
ASH,2011-10-26,65.52757787980752,65.54240075245536,64.67052756672726,65.50741231063863,363695,65.50741231063863
ASH,2011-10-27,62.84433268563808,64.26483282871658,62.81957860443819,62.953167465845965,654354,62.953167465845965
ASH,2011-10-28,63.50081057520755,64.88470430977816,61.43085443088955,62.99661681753023,925148,62.99661681753023
ASH,2011-10-31,61.38512369297953,62.91667832691853,60.09576737326227,61.91143019915855,862304,61.91143019915855
ASH,2011-11-01,62.005200351972704,63.5232517765645,60.83788492883767,61.485877859861695,1197196,61.485877859861695
ASH,2011-11-02,59.853568261128665,60.79093374868292,59.31661586517014,60.42423489912275,235745,60.42423489912275
ASH,2011-11-03,61.187719011336476,61.93845352306296,60.57238820360974,61.11112199129971,1310274,61.11112199129971
ASH,2011-11-04,61.1929388362812,62.67549569255312,60.38365656270303,61.12558930515714,307552,61.12558930515714
ASH,2011-11-07,59.87979478815063,60.96425943434714,58.97615622533308,59.71370915259684,1075071,59.71370915259684
ASH,2011-11-08,60.564971650463455,62.96401511126621,59.01712529698704,61.14014601763466,1484639,61.14014601763466
ASH,2011-11-09,61.520179534360594,61.6480141603384,61.17762176046005,61.48265187923269,747813,61.48265187923269
ASH,2011-11-10,60.54416307619885,61.462879333823096,58.74399586726545,61.01567508033226,1358568,61.01567508033226
ASH,2011-11-11,59.87662641854219,60.651623562863044,58.83042115515005,60.29145683503341,1200656,60.29145683503341
ASH,2011-11-14,59.917447646970494,62.02564147853411,58.507127394558076,60.260504827365295,854122,60.260504827365295
ASH,2011-11-15,59.1867587708643,60.73022394482135,57.46634479433062,59.05308965698567,52061,59.05308965698567
ASH,2011-11-16,60.238525507195774,60.61234016378639,59.00873939201502,60.37123518000549,92331,60.37123518000549
ASH,2011-11-17,61.024454230194586,62.18791496210276,60.396855479491414,61.53477762174092,1467582,61.53477762174092
ASH,2011-11-18,60.97840295522436,61.333432583510124,60.05839052678706,61.23680603899061,1274931,61.23680603899061
ASH,2011-11-21,60.35950250756066,62.03019116714403,60.1304850258396,60.874965751336205,1537850,60.874965751336205
ASH,2011-11-22,60.22443986541007,60.82282034551423,59.306501755374086,60.02739695916995,586369,60.02739695916995
ASH,2011-11-23,60.39079755862848,60.85743290380937,58.96990823337286,60.321469814430955,968239,60.321469814430955
ASH,2011-11-24,60.51311193291712,61.57646260625421,59.633047256906806,60.625042534528085,192876,60.625042534528085
ASH,2011-11-25,61.892751680262634,63.369917960719576,59.945429744509376,61.36783966804767,1229163,61.36783966804767
ASH,2011-11-28,61.710858784406376,62.458641859999595,60.16775142640611,61.68775661008855,721720,61.68775661008855
ASH,2011-11-29,61.29370120804092,62.686506588551595,60.74021260617422,60.8222852391561,282852,60.8222852391561
ASH,2011-11-30,60.22767813433397,61.0337634361494,59.17290986706938,60.132566397981506,901351,60.132566397981506
ASH,2011-12-01,60.15579437086296,60.692491621499556,59.52633873970587,60.30439296672896,523645,60.30439296672896
ASH,2011-12-02,59.69734377118158,60.49646280760709,59.4243238065258,59.65081985952763,1691531,59.65081985952763
ASH,2011-12-05,60.61679472689218,62.027128420837414,59.38417218306046,61.041813724154046,100018,61.041813724154046
ASH,2011-12-06,61.265633068733074,62.11400164559094,60.66583674983839,61.05225127141702,91619,61.05225127141702
ASH,2011-12-07,60.23150825071502,60.72719721735036,59.27832909711964,59.65626297515682,1155045,59.65626297515682
ASH,2011-12-08,59.29266002138113,59.92460950398689,58.979615948059255,59.593681873735854,469651,59.593681873735854
ASH,2011-12-09,59.21936625890741,61.11781901324109,57.779384378347,59.429511808426376,122335,59.429511808426376
ASH,2011-12-12,60.676357450668945,61.33306283056036,60.60871587377879,60.79053240294685,1448420,60.79053240294685
ASH,2011-12-13,60.84196150031044,62.149974753336494,59.51824964368883,60.86206717168909,1244155,60.86206717168909
ASH,2011-12-14,61.756447659682486,62.387649919058525,61.07531814372216,61.48700789687095,1526925,61.48700789687095
ASH,2011-12-15,60.91914264783433,63.150119999037145,59.38819445594598,61.36505409823307,1511908,61.36505409823307
ASH,2011-12-16,62.184969230723226,64.2826123902169,62.043611089770934,62.43161714319222,832951,62.43161714319222
ASH,2011-12-19,63.87573404218262,65.45684308628937,62.73081334963984,63.82637008283147,1525048,63.82637008283147
ASH,2011-12-20,63.02199582896761,64.12136450359837,62.28394751836796,62.90929080897633,1521114,62.90929080897633
ASH,2011-12-21,62.38080426869502,63.395242135914444,62.054987869615395,62.33513727118219,1096135,62.33513727118219
ASH,2011-12-22,62.06699039495781,62.76049469984333,60.73078711862675,62.147174051702464,232203,62.147174051702464
ASH,2011-12-23,63.38719336273471,63.6192448017362,61.9632249949707,63.120226293665986,358772,63.120226293665986
ASH,2011-12-26,62.11678786130626,62.634319064234006,60.83728615333563,62.48611237383627,798203,62.48611237383627
ASH,2011-12-27,60.01690986053018,61.12054756225274,58.72571298900287,60.2788483710264,1608651,60.2788483710264
ASH,2011-12-28,61.04220382085659,62.9044711763642,60.1454354594876,61.110056168509786,1392741,61.110056168509786
ASH,2011-12-29,60.60351020682608,61.05236024758838,59.54661408406138,60.36746982147375,91665,60.36746982147375
ASH,2011-12-30,59.56338171249653,60.80562151864485,57.913754953869294,60.06510452911921,131322,60.06510452911921
ASH,2012-01-02,59.252229867269364,60.860202788505426,58.67148607129536,59.71120483066075,496922,59.71120483066075
ASH,2012-01-03,58.06237323527875,58.673881196906315,56.73166035147402,57.73626916238375,1581412,57.73626916238375
ASH,2012-01-04,56.3873301321487,56.66437705772512,56.200455765080946,56.65820740377391,1565424,56.65820740377391
ASH,2012-01-05,58.016919928838355,58.706538862223134,57.28663882761527,57.48405790811705,533056,57.48405790811705
ASH,2012-01-06,58.005091477634615,59.40529048324599,56.9920816222914,57.47470919863594,647283,57.47470919863594
ASH,2012-01-09,58.624757769711664,60.28494049300531,58.1513410080978,58.407545963112845,1431028,58.407545963112845
ASH,2012-01-10,60.26200074464282,60.75932639729222,59.862266608402116,60.00174530914572,160494,60.00174530914572
ASH,2012-01-11,58.62047397689281,60.241293108401926,57.702895514194466,58.44397291587939,1075411,58.44397291587939
ASH,2012-01-12,57.77782072925607,59.66592630990442,57.72912504894938,58.15310488645147,1625557,58.15310488645147
ASH,2012-01-13,58.07382605731272,58.78242634831468,57.99559277646882,58.07329683131436,1582081,58.07329683131436
ASH,2012-01-16,59.90559915640331,59.91400597786107,57.96620801436001,59.55657829784726,1013668,59.55657829784726
ASH,2012-01-17,58.859263219925786,60.35112645905612,57.69957839676928,58.537682825977754,1032220,58.537682825977754
ASH,2012-01-18,59.34858430979456,59.85917062136678,57.31482184928572,58.878999953069034,418165,58.878999953069034
ASH,2012-01-19,60.63952698964124,62.01462511875428,59.587257969061824,60.157308203584165,567454,60.157308203584165
ASH,2012-01-20,60.77629659121944,62.11463764346171,60.34832653758347,61.067606862925665,1505269,61.067606862925665
ASH,2012-01-23,61.881281904126794,62.29278844675868,61.39494328129574,61.608086375802785,103783,61.608086375802785
ASH,2012-01-24,61.09987640472137,62.288046030827154,60.27590216108889,60.91549745307785,913761,60.91549745307785
ASH,2012-01-25,62.51625126776756,63.95069959239629,61.02134400634967,62.03753222992063,799404,62.03753222992063
ASH,2012-01-26,60.070433052095886,61.31358321731675,58.549336133660276,60.45313234010716,772591,60.45313234010716
ASH,2012-01-27,61.27081603488827,62.645568225538696,59.377880745065504,60.978372812338904,1606294,60.978372812338904
ASH,2012-01-30,59.20770662213565,60.01906092998621,58.29413281373718,59.29863264242114,1626157,59.29863264242114
ASH,2012-01-31,60.95738446946807,62.882692323373384,60.65116084577824,61.08629424445235,626345,61.08629424445235
ASH,2012-02-01,59.41798823612193,60.40627919594537,58.97363448975654,59.9748051442441,1649815,59.9748051442441
ASH,2012-02-02,60.09886426575138,61.501309809205566,59.33632658461173,59.54927163344318,161261,59.54927163344318
ASH,2012-02-03,61.43880745390997,62.82044714742838,60.87642815155465,61.22358385233316,1626349,61.22358385233316
ASH,2012-02-06,61.81406226171352,62.795872758065656,60.231399548028804,61.70213176613558,358356,61.70213176613558
ASH,2012-02-07,60.69545555738161,61.640137227023786,59.239355331197295,60.99902842097365,650835,60.99902842097365
ASH,2012-02-08,61.3396797289933,62.159962865667275,60.15170578728444,61.14591394956442,188418,61.14591394956442
ASH,2012-02-09,62.01385465844932,63.18496291469743,59.97457140348574,61.466065649361084,1268537,61.466065649361084
ASH,2012-02-10,61.50328138722542,62.90544937062103,60.0040914280822,61.92026763311772,1680088,61.92026763311772
ASH,2012-02-13,62.33159419210875,63.755634559087795,60.37814962310983,61.73424301643231,1431174,61.73424301643231
ASH,2012-02-14,61.34701190415952,62.1009485687934,59.54813443125502,61.43618118754439,1715312,61.43618118754439
ASH,2012-02-15,62.75354078714613,62.95544095744623,61.35966821786248,62.15901576030906,360898,62.15901576030906
ASH,2012-02-16,62.09473231560825,63.03657637060747,60.80790199032239,61.92892683235202,1437868,61.92892683235202
ASH,2012-02-17,60.66162080784877,61.34879974629849,59.27379663305293,60.87577351674332,1556667,60.87577351674332
ASH,2012-02-20,60.436222591979096,61.70920012264906,58.866495485561295,60.58836728621924,1277858,60.58836728621924
ASH,2012-02-21,60.34125186114054,61.540949037977306,59.356211579715236,60.59507879622569,769285,60.59507879622569
ASH,2012-02-22,60.76438212806186,62.39015310638351,60.03877955302674,60.96584126174367,401470,60.96584126174367
ASH,2012-02-23,61.3677828917593,62.42679547062954,61.139403259928,61.18845682193232,1375500,61.18845682193232
ASH,2012-02-24,59.32667566780002,60.67998955830952,57.9986311833386,59.90583920394917,1181585,59.90583920394917
ASH,2012-02-27,60.98839805672614,61.20769281769645,58.65832066283066,60.423281870384365,1638883,60.423281870384365
ASH,2012-02-28,60.5671961982618,60.78549497175703,59.76655153697179,60.24365397371142,1023515,60.24365397371142
ASH,2012-02-29,60.244407807932454,61.40173483364241,58.347469600128306,59.7176867095707,1764289,59.7176867095707
ASH,2012-03-01,60.93027421749345,62.54021041847532,59.72768864021443,60.66632346374423,1757860,60.66632346374423
ASH,2012-03-02,59.95549905551314,60.7245975328713,59.61056043910118,59.97825041509156,1096716,59.97825041509156
ASH,2012-03-05,61.40118639411631,62.768425437149816,59.627263481416676,61.78458761828274,1006382,61.78458761828274
ASH,2012-03-06,63.56465441178143,64.69206100395502,61.90737497501856,63.54391171226182,84595,63.54391171226182
ASH,2012-03-07,64.90377470021453,65.83312723911796,62.88158630486222,64.63013645486066,1272227,64.63013645486066
ASH,2012-03-08,64.40285041602874,64.51793241429898,62.479759258897715,63.94985179598735,1318587,63.94985179598735
ASH,2012-03-09,64.3543015305058,65.72288324243533,62.75773286519475,64.58145894479918,633955,64.58145894479918
ASH,2012-03-12,64.90820658645094,65.17517880574171,63.564138035460175,64.89460364344035,55036,64.89460364344035
ASH,2012-03-13,64.3142184599921,65.38660147402403,63.671943519589014,64.1602583966465,1112499,64.1602583966465
ASH,2012-03-14,65.43808296777735,66.9602590575752,63.44565070759957,65.32234116590335,1497213,65.32234116590335
ASH,2012-03-15,64.7654849420877,65.36121949055492,62.9658410058318,65.35053854418035,378465,65.35053854418035
ASH,2012-03-16,62.78483966477247,63.616789880841964,61.96422390767648,62.80569890383788,679445,62.80569890383788
ASH,2012-03-19,64.77069649651912,66.21966288619136,63.44636493804898,64.37283208750476,1413808,64.37283208750476
ASH,2012-03-20,66.41209170766884,67.46512755783918,64.97143618213228,66.01297220916132,621337,66.01297220916132
ASH,2012-03-21,65.98201472369115,66.44779524530462,65.01448868641508,65.97259094119994,814817,65.97259094119994
ASH,2012-03-22,67.27869553062794,68.68663829511692,66.15948362550344,66.6754740062988,1015567,66.6754740062988
ASH,2012-03-23,67.52014106335201,69.10714600506637,66.22939518586959,67.08245450778743,1087857,67.08245450778743
ASH,2012-03-26,66.90713920060628,67.63480499133497,65.50624012628079,66.59106218656173,1203607,66.59106218656173
ASH,2012-03-27,69.61910270737128,70.2402457017363,67.68015529006477,69.5973872382743,1532413,69.5973872382743
ASH,2012-03-28,69.05238783893469,70.18168056075258,68.87521733514147,68.92738617023579,1522495,68.92738617023579
ASH,2012-03-29,68.63341551691897,69.77203133572334,67.06720162348708,69.01543640982936,635129,69.01543640982936
ASH,2012-03-30,67.83635981423194,69.53756736784501,67.52631786909436,67.79242092170206,451424,67.79242092170206
ASH,2012-04-02,68.81590150151902,70.42423258302188,67.49868647108549,68.7801058411983,242558,68.7801058411983
ASH,2012-04-03,69.18099044275222,70.24588615037386,68.52502284654875,69.59471366753078,1203053,69.59471366753078
ASH,2012-04-04,71.25130867206367,72.22811829563456,69.45777436217344,70.61415950734366,1144023,70.61415950734366
ASH,2012-04-05,68.89361516456746,71.09495296994987,67.5587932793769,69.2471187295327,1705847,69.2471187295327
ASH,2012-04-06,69.04038773755202,69.89892439636658,68.24153187261749,69.59124072336692,573974,69.59124072336692
ASH,2012-04-09,70.02590066432367,71.65765496629521,69.05136368360057,70.07213536969991,1148643,70.07213536969991
ASH,2012-04-10,68.86294563140186,69.51742713778131,67.02779469063124,68.60762436353244,1684123,68.60762436353244
ASH,2012-04-11,68.65661225821924,69.3253730723788,67.28947057481807,69.07777688374404,588452,69.07777688374404
ASH,2012-04-12,67.94582234404221,68.6194653045514,65.97752044893319,68.379496627011,1427947,68.379496627011
ASH,2012-04-13,67.75121761467705,68.64023637860602,66.11214688284575,68.07598044368702,924554,68.07598044368702
ASH,2012-04-16,68.48182570147738,69.88356666684835,67.11732465904701,68.75310153047722,1658637,68.75310153047722
ASH,2012-04-17,68.65707424516829,70.88688795039165,68.599652165684,69.00735550888417,213663,69.00735550888417
ASH,2012-04-18,68.16239786275162,68.82231526868381,67.19535529728553,68.202366283365,464703,68.202366283365
ASH,2012-04-19,66.33076533650917,67.37636698794896,65.73537287018056,66.976062140644,1347737,66.976062140644
ASH,2012-04-20,66.27400417622621,67.78487826864801,65.62504985554448,66.82529051119997,1784581,66.82529051119997
ASH,2012-04-23,67.40825656144844,67.72499882942374,67.06197453148187,67.10044738720298,936485,67.10044738720298
ASH,2012-04-24,67.02777805539547,67.69278205297444,66.13429498421193,67.1454976280617,1024086,67.1454976280617
ASH,2012-04-25,66.84882783804345,69.02030112102474,66.01755148801992,67.0361036619464,622739,67.0361036619464
ASH,2012-04-26,66.15860928455001,67.93132750124683,64.76941777336792,66.81278018840086,1113959,66.81278018840086
ASH,2012-04-27,68.15674398356903,70.0422716693869,67.39226625554527,68.43291476023877,1640625,68.43291476023877
ASH,2012-04-30,69.11625053555032,69.55543616271243,68.17595141452105,68.67510040395877,731768,68.67510040395877
ASH,2012-05-01,68.7133566105864,70.00894032157834,66.86480250328232,68.93343727351183,767550,68.93343727351183
ASH,2012-05-02,69.3520328424562,70.41421960259186,67.64308750031672,68.71478096063592,619101,68.71478096063592
ASH,2012-05-03,68.11658288106153,69.93117358735282,66.9352374007139,68.26682595404039,995456,68.26682595404039
ASH,2012-05-04,70.38453999506694,70.48065316571225,68.51284157815734,70.43507166324011,625806,70.43507166324011
ASH,2012-05-07,71.54826673227763,73.3952416569759,69.71343231230624,71.11883772024981,1725984,71.11883772024981
ASH,2012-05-08,72.7574741188959,72.93120790868808,71.05645736097347,72.06132667670657,460668,72.06132667670657
ASH,2012-05-09,70.97049475024662,73.10978423834102,70.22502644241233,71.15322077463007,675001,71.15322077463007
ASH,2012-05-10,71.79668938528567,72.65663485486603,70.26503851738042,72.34661611122162,1269321,72.34661611122162
ASH,2012-05-11,71.23231342120886,72.36969057515707,70.08086416490957,71.19948006889324,170919,71.19948006889324
ASH,2012-05-14,71.75223924223494,71.96618466930761,71.04943628549934,71.62079951684618,488231,71.62079951684618
ASH,2012-05-15,72.44112697539926,73.41297830427507,70.53735932629657,71.78151732457023,1338646,71.78151732457023
ASH,2012-05-16,73.25872413868646,74.04393802789063,73.12855756133885,73.38506016624552,1430893,73.38506016624552
ASH,2012-05-17,72.22587246581,73.73959420487876,70.12562966705995,72.82183118815495,1769812,72.82183118815495
ASH,2012-05-18,73.74574856282749,74.95156564675585,71.89207550231609,73.52380265398679,1497271,73.52380265398679
ASH,2012-05-21,73.32130700897983,75.05072389005775,71.4150803943087,74.03035176505068,591040,74.03035176505068
ASH,2012-05-22,73.02790967705059,73.18782514324701,72.02295217629701,73.1370033510113,1046551,73.1370033510113
ASH,2012-05-23,73.68173823665413,75.727204256675,71.86336174108402,73.81512714305786,366422,73.81512714305786
ASH,2012-05-24,73.305001759506,73.87608090238551,72.73727011957087,73.66623284506274,546294,73.66623284506274
ASH,2012-05-25,74.33164990147505,76.51839945977264,73.46734350786147,73.64774361477052,904401,73.64774361477052
ASH,2012-05-28,73.09511602576572,75.1070271244235,71.35662103099688,73.23659680567562,923130,73.23659680567562
ASH,2012-05-29,73.91991021554102,75.1648144647245,73.13580389148957,73.34094634909033,541915,73.34094634909033
ASH,2012-05-30,73.44591396656976,73.98616729399866,72.6125874298135,73.42372451274363,1377643,73.42372451274363
ASH,2012-05-31,74.57085620722356,74.76379969895711,72.30903569089007,74.09584822321945,937403,74.09584822321945
ASH,2012-06-01,74.44687278586314,76.02125347319298,73.8584718283423,74.51931267786736,133090,74.51931267786736
ASH,2012-06-04,76.37773868729577,76.8394636411375,73.57136704752357,75.63419826696551,1165419,75.63419826696551
ASH,2012-06-05,76.91244742522197,78.60426042125036,75.9893041985147,76.69764942322116,1572786,76.69764942322116
ASH,2012-06-06,78.09900138009341,80.60418556686035,77.77394081342656,78.64012881870809,1675691,78.64012881870809
ASH,2012-06-07,78.77790025641154,81.92385998447647,78.66062206823209,79.56330010893967,592169,79.56330010893967
ASH,2012-06-08,80.47024135718362,81.68747174969089,77.52278704603044,79.78583785503203,1675829,79.78583785503203
ASH,2012-06-11,81.61910197065612,84.0056575012554,79.02693677623836,81.31530663488792,380437,81.31530663488792
ASH,2012-06-12,80.8767653994473,81.88382877330494,80.7079065738712,81.51865852642503,1490914,81.51865852642503
ASH,2012-06-13,82.34132791971979,84.40705858183823,81.42505235189904,81.94229034809345,863914,81.94229034809345
ASH,2012-06-14,78.23248692754784,79.51082589393064,77.70269769964506,78.66174627277252,1140420,78.66174627277252
ASH,2012-06-15,78.02403079323935,78.87795447120263,76.9457011037964,77.5444487877254,1267416,77.5444487877254
ASH,2012-06-18,78.64482632918487,79.2786584217261,77.80685468483992,78.472308613305,1566022,78.472308613305
ASH,2012-06-19,79.6464169352904,80.66793419456081,78.72225457842484,80.25044602721547,814840,80.25044602721547
ASH,2012-06-20,80.30167634783172,82.07125214658741,79.8505576977131,80.99671053145926,193409,80.99671053145926
ASH,2012-06-21,81.78805676143173,84.26760786803614,79.41826188622657,81.84351720201299,110937,81.84351720201299
ASH,2012-06-22,83.50982786831916,84.33634228290714,82.14146669334055,82.7864506939199,953113,82.7864506939199
ASH,2012-06-25,82.97929211691464,84.12709927947192,81.83523116583774,82.87216708486758,1696816,82.87216708486758
ASH,2012-06-26,82.06785005500319,82.63043589588933,81.41808808474163,81.64475247115433,1108997,81.64475247115433
ASH,2012-06-27,82.49102059556537,83.37620619229119,82.33356299122471,82.54141491504359,820569,82.54141491504359
ASH,2012-06-28,80.73246160675414,81.05392656599132,78.89498393841696,80.92006572463296,1503415,80.92006572463296
ASH,2012-06-29,82.13614664850108,84.49189649959801,81.09477165743021,81.61023803420855,1396463,81.61023803420855
ASH,2012-07-02,83.50561376487973,84.8448834292345,83.39788833479153,83.56680714814422,455738,83.56680714814422
ASH,2012-07-03,83.39665025936988,85.84586189291258,81.56188104625765,83.9988502680093,851589,83.9988502680093
ASH,2012-07-04,84.37955665910751,86.06701791730912,84.00259455834343,84.76179762886068,1237141,84.76179762886068
ASH,2012-07-05,86.430304326579,88.42735483822868,85.25355022477926,86.32432669315145,338210,86.32432669315145
ASH,2012-07-06,85.98730800537372,87.53561731298106,84.4266259462839,86.15517768583649,270606,86.15517768583649
ASH,2012-07-09,88.09174290662956,90.1867434814532,87.6255862398495,88.32776722497458,891448,88.32776722497458
ASH,2012-07-10,90.16370592044554,92.01603179650668,89.51075213944807,89.86040149174642,333370,89.86040149174642
ASH,2012-07-11,90.34664892343137,91.79281770469841,88.16196970027124,90.1009968342408,1273201,90.1009968342408
ASH,2012-07-12,86.631258701407,87.55620357914354,86.09708073223234,86.95468472135107,1160058,86.95468472135107
ASH,2012-07-13,86.60331582532798,87.399438138269,84.134241821449,86.84748474107678,1230804,86.84748474107678
ASH,2012-07-16,87.1616748402985,89.44785178490889,85.20938118787055,86.72446827390964,618689,86.72446827390964
ASH,2012-07-17,87.9594871644582,88.27795306187151,84.79042774239335,87.22455472956996,324485,87.22455472956996
ASH,2012-07-18,89.05985810887614,90.8735222505362,87.17313117446321,89.37407097732454,1082845,89.37407097732454
ASH,2012-07-19,90.5412567149168,92.29041540447048,90.40643610598642,90.91970531614683,916185,90.91970531614683
ASH,2012-07-20,90.86821790774401,93.48354281704087,90.14509984702282,91.2968015768159,986496,91.2968015768159
ASH,2012-07-23,90.30516593858745,91.32676593432335,89.64304715931974,90.95731735266249,939610,90.95731735266249
ASH,2012-07-24,88.09110327817551,90.12885190623031,85.8037817945653,88.30803332994888,1728273,88.30803332994888
ASH,2012-07-25,89.49283057763897,91.11941057328814,88.33341534867998,89.46419109242711,1311705,89.46419109242711
ASH,2012-07-26,90.10707724008707,92.00256030047952,88.38879602947,90.03966768250619,1426788,90.03966768250619
ASH,2012-07-27,91.95075983497732,93.66442504654758,90.87031001322455,91.60078924233316,1167485,91.60078924233316
ASH,2012-07-30,91.384695516249,93.76605111178603,89.07381154251387,92.20987833282521,1700282,92.20987833282521
ASH,2012-07-31,91.52029497901998,94.06346527918853,89.43888502888012,91.40802994410747,1105251,91.40802994410747
ASH,2012-08-01,91.75956047200351,93.17592302178625,91.48035294304597,92.21141677097323,756836,92.21141677097323
ASH,2012-08-02,92.29655477169469,93.29470366503607,89.99776033895208,92.78064055351066,1129225,92.78064055351066
ASH,2012-08-03,94.91980502977371,97.18479887025454,93.332248175073,94.37295916314051,912264,94.37295916314051
ASH,2012-08-06,93.37400083822497,94.39147101708565,91.4555905680242,94.0256413270574,308616,94.0256413270574
ASH,2012-08-07,92.83545528523535,95.05341833064556,90.27844736137651,93.1538548842355,136084,93.1538548842355
ASH,2012-08-08,93.74714555520777,95.2927365630663,91.31245682862134,93.48978993373235,1749013,93.48978993373235
ASH,2012-08-09,93.76710020676407,93.77071032422,93.13362067087226,93.49992721282331,460775,93.49992721282331
ASH,2012-08-10,91.92897079921147,93.4349672700616,91.68227824121954,92.76742517028396,558623,92.76742517028396
ASH,2012-08-13,91.23130343536295,93.38691040198248,89.64342331035546,92.0179485900558,488459,92.0179485900558
ASH,2012-08-14,94.3139033886291,95.24680444060655,92.9524461264518,94.02175288190944,1190374,94.02175288190944
ASH,2012-08-15,94.87405854871763,96.0890872090509,92.6694248066945,94.02193572061343,814974,94.02193572061343
ASH,2012-08-16,96.86255211478839,98.60976862666669,93.83390209725424,95.90635973595923,884469,95.90635973595923
ASH,2012-08-17,100.41501940005571,102.61659517281971,97.49146663231545,99.44619500843126,1298755,99.44619500843126
ASH,2012-08-20,98.94882651321089,99.69361060902341,97.54420979305884,99.24342025839871,1022495,99.24342025839871
ASH,2012-08-21,97.75448099120993,99.09587075813424,96.8610892376862,98.26188521901882,598338,98.26188521901882
ASH,2012-08-22,96.02590905694134,98.65137221552645,94.15298949506187,96.80294756737774,608828,96.80294756737774
ASH,2012-08-23,98.36203698965268,100.44835182342611,97.4735766040727,98.70587529420413,148311,98.70587529420413
ASH,2012-08-24,98.22575127314386,100.84714870711753,98.110770615921,98.66609084414499,793525,98.66609084414499
ASH,2012-08-27,99.16557366317794,101.07106969221222,96.11603624351115,99.01349643521684,1012719,99.01349643521684
ASH,2012-08-28,98.36589109231235,99.60154095874884,95.8983936208288,98.6247109409409,716069,98.6247109409409
ASH,2012-08-29,98.11958771844061,100.12675290614561,97.87312468198931,98.64927532034,1546720,98.64927532034
ASH,2012-08-30,103.40959165111052,106.15431521779192,100.30356060867533,103.17734991561164,856916,103.17734991561164
ASH,2012-08-31,101.95150677402455,102.88474353777781,101.23289164457243,102.31355830673387,773783,102.31355830673387
ASH,2012-09-03,98.86164109268215,100.27252676455733,97.74641728127725,99.1518781529389,1718017,99.1518781529389
ASH,2012-09-04,99.43254784596984,101.9434050238209,96.40206467397088,99.23716865359138,1777069,99.23716865359138
ASH,2012-09-05,97.80738919870898,99.63680543504604,94.8753020665298,98.55995644010628,1157922,98.55995644010628
ASH,2012-09-06,100.41267214208246,101.65445096422191,98.37293038110653,99.86491477676438,1696296,99.86491477676438
ASH,2012-09-07,100.98208743656087,101.94916111011828,97.40143876967608,100.05074623414731,692731,100.05074623414731
ASH,2012-09-10,102.11058237413874,104.88535778377121,101.71913806420093,102.1293198736754,1186451,102.1293198736754
ASH,2012-09-11,99.08044576092257,101.05217012500599,97.4204637376325,98.96197062708166,589578,98.96197062708166
ASH,2012-09-12,99.84569990984126,100.70340725828973,97.55257555466041,100.07659075210547,1056217,100.07659075210547
ASH,2012-09-13,103.47518570432399,105.80224187516905,99.97982884743851,102.53856108178675,1193087,102.53856108178675
ASH,2012-09-14,101.31330725362155,102.18048970685629,100.81415467714811,102.06255970867082,1633876,102.06255970867082
ASH,2012-09-17,102.2009804758739,103.41638060705914,100.70714739449986,101.5641289822903,847659,101.5641289822903
ASH,2012-09-18,101.3134228381583,104.07857948088376,100.15488051479205,101.00953398136255,1581179,101.00953398136255
ASH,2012-09-19,100.87575727289293,102.96323616474788,97.5390009337669,100.2910678239323,831982,100.2910678239323
ASH,2012-09-20,103.21742869982188,105.67326776824797,101.14351815711518,102.2958260105145,1012831,102.2958260105145
ASH,2012-09-21,100.923640907986,103.7513763716425,100.52847212061585,100.93140796197636,1766346,100.93140796197636
ASH,2012-09-24,101.69123498775048,104.49656312047233,100.97705936330223,102.12356414383339,496974,102.12356414383339
ASH,2012-09-25,100.33528557402255,100.60192853254614,97.1378622890806,99.77750608822771,740454,99.77750608822771
ASH,2012-09-26,98.58369390023924,99.26582120550887,97.7599829508345,97.90896308084189,515756,97.90896308084189
ASH,2012-09-27,98.60704378707416,100.08613241874679,95.49937630745495,98.24108545708435,1740990,98.24108545708435
ASH,2012-09-28,97.35182329901892,97.39229572912717,95.3918995963618,96.67701463569514,121188,96.67701463569514
ASH,2012-10-01,95.50954476940953,97.2991954016979,94.9147601273915,95.07159308259837,892625,95.07159308259837
ASH,2012-10-02,97.97466961190241,99.90646942471487,96.56868807477487,97.0863816070593,1650278,97.0863816070593
ASH,2012-10-03,98.1271440435624,100.17735899771657,97.05037145662416,97.98862529797965,128543,97.98862529797965
ASH,2012-10-04,97.95204481229116,99.82370796545442,97.52990185891427,98.18676338621687,1578714,98.18676338621687
ASH,2012-10-05,99.70360502181158,101.05672044873668,98.37119379819458,99.34492913554202,1293258,99.34492913554202
ASH,2012-10-08,96.37398277524422,99.70680495362623,93.64163237580333,97.21172552756695,1014296,97.21172552756695
ASH,2012-10-09,95.82974512264069,98.03889954454709,93.9635718418966,95.83282957876987,1147089,95.83282957876987
ASH,2012-10-10,96.83930603494564,98.61831695982157,94.65740666759218,96.31266738863255,1475804,96.31266738863255
ASH,2012-10-11,93.51832022142146,94.27155980294515,92.24565912440046,94.14160571526784,871548,94.14160571526784
ASH,2012-10-12,91.88858383658415,93.98872055790028,89.76496636335219,92.07197815308861,1055383,92.07197815308861
ASH,2012-10-15,91.38880095109859,93.19815091266156,91.06301564902893,91.66326515029147,676057,91.66326515029147
ASH,2012-10-16,91.72621551196102,93.94462527888331,89.6037644346226,92.02997141190492,1037738,92.02997141190492
ASH,2012-10-17,92.05751823218004,92.9175466020857,90.8382328443675,91.78102497748718,1105312,91.78102497748718
ASH,2012-10-18,90.50275393325693,92.61697176928381,90.16773292276814,90.50728639879031,1283111,90.50728639879031
ASH,2012-10-19,89.8537969280836,90.98039438572535,88.60668164034377,89.3226570677978,57956,89.3226570677978
ASH,2012-10-22,88.25938628560695,91.43631587905533,85.97173643901907,89.0468284477984,401375,89.0468284477984
ASH,2012-10-23,90.14033833076745,90.505033275401,90.00889799262934,90.2235077447247,825417,90.2235077447247
ASH,2012-10-24,91.6763260386631,93.92190024773656,89.17883349017872,92.57616876600011,706554,92.57616876600011
ASH,2012-10-25,92.24427324462597,93.33468614782153,90.03059676114108,92.76214609792923,1650480,92.76214609792923
ASH,2012-10-26,90.44502156087567,91.67544426335661,87.6268796886671,89.94962245008482,785365,89.94962245008482
ASH,2012-10-29,90.60722268860215,92.29602925278338,89.70183107049245,91.32678472587598,1214363,91.32678472587598
ASH,2012-10-30,91.6689735108877,94.62491347239329,91.13933788826758,92.3978460023502,1511727,92.3978460023502
ASH,2012-10-31,91.45478521391027,92.09497867700993,89.36417234435405,91.63541984107916,1306047,91.63541984107916
ASH,2012-11-01,91.89950291343999,93.55015850601424,91.33639432015542,91.39329078497502,1230409,91.39329078497502
ASH,2012-11-02,93.90243785672217,95.04753429715123,91.22579972231013,93.64393774386308,1733722,93.64393774386308
ASH,2012-11-05,96.72288177534651,98.22617342483845,94.20688098908367,96.18089229011083,1178913,96.18089229011083
ASH,2012-11-06,94.1511406215111,97.0432635331418,92.7115016100376,95.00706223117476,352529,95.00706223117476
ASH,2012-11-07,98.72072459266728,99.7783232206796,98.02966326452936,98.59506378790427,58287,98.59506378790427
ASH,2012-11-08,99.33020513008107,100.5178868064608,97.47236038164552,99.42308087230585,1045248,99.42308087230585
ASH,2012-11-09,104.51066163718576,104.75146259674058,101.13831577803535,103.68939737753357,765504,103.68939737753357
ASH,2012-11-12,101.99299728625365,103.68184304835516,99.88169756591081,101.5111455696396,425059,101.5111455696396
ASH,2012-11-13,100.56047109194607,101.9724963608503,98.98115468205577,100.7128676916773,1556068,100.7128676916773
ASH,2012-11-14,97.38031263595703,99.75334205464542,94.40457319993268,97.2755485619166,212595,97.2755485619166
ASH,2012-11-15,96.88733025850892,98.31189990642662,94.04142497211657,97.03320354844253,911733,97.03320354844253
ASH,2012-11-16,98.31140394508635,101.29384607931178,96.18091363389495,98.42725883124456,865415,98.42725883124456
ASH,2012-11-19,101.78143678455703,102.3059740972872,100.72117063561377,101.50922485225621,1582170,101.50922485225621
ASH,2012-11-20,99.82435283965434,101.19785111545883,97.92566459536039,100.39351421497562,1080417,100.39351421497562
ASH,2012-11-21,100.70617706013294,102.23129704685486,98.32307933702455,101.04329010795686,1749408,101.04329010795686
ASH,2012-11-22,100.16444906264245,101.12319547913651,97.49899685822665,100.60882025688655,280497,100.60882025688655
ASH,2012-11-23,102.46768589727827,105.45661826866929,99.6564512260599,101.85492179206221,1707388,101.85492179206221
ASH,2012-11-26,102.59525709583394,104.56804200494511,100.11430346682754,101.69637602758861,1203689,101.69637602758861
ASH,2012-11-27,101.13279922024354,101.34047325476075,98.38212706259654,101.30643724324328,1177738,101.30643724324328
ASH,2012-11-28,97.67563771460921,100.21847290444262,94.78912903130187,98.50882303962965,1101781,98.50882303962965
ASH,2012-11-29,98.2269535848935,101.35304204085861,95.65529446428577,99.03198262543435,497018,99.03198262543435
ASH,2012-11-30,101.29552909329855,101.65557002245822,100.49928402234279,101.49936223725241,780205,101.49936223725241
ASH,2012-12-03,99.2664054405281,101.20000755200148,97.67708002086611,99.47533452954079,1781763,99.47533452954079
ASH,2012-12-04,100.32103145133836,102.1706205920199,98.6511896236046,101.03605066023185,1747638,101.03605066023185
ASH,2012-12-05,101.85386930609504,103.63063926833863,98.25508094085713,101.23205461488276,503565,101.23205461488276
ASH,2012-12-06,97.90747467423658,98.64943496055574,97.05819219597608,97.90721078590403,1666625,97.90721078590403
ASH,2012-12-07,96.65317772899732,99.36124216804731,94.33903647017863,97.41484518882025,1466927,97.41484518882025
ASH,2012-12-10,96.25449809943903,98.98749571353501,93.62924957619826,97.03324772776901,1108420,97.03324772776901
ASH,2012-12-11,97.68142938069178,99.36980935920037,97.2185158300555,97.78710891857088,1521021,97.78710891857088
ASH,2012-12-12,97.97094185836232,101.46351513645877,96.4590776664665,98.72751755437451,1308152,98.72751755437451
ASH,2012-12-13,99.1179667834982,101.82233952178976,98.25115771494092,98.99680237891934,88028,98.99680237891934
ASH,2012-12-14,99.94697977662507,100.32021336571587,99.41291777601124,100.17735637109332,224469,100.17735637109332
ASH,2012-12-17,99.58252688039138,100.44857779211237,98.64881343091345,98.75363950613556,224805,98.75363950613556
ASH,2012-12-18,98.34473142224986,99.58091975919395,97.23451626833165,98.5044857961397,439856,98.5044857961397
ASH,2012-12-19,98.53706181936862,98.70044160772856,95.5640792086736,98.3120645078961,1737456,98.3120645078961
ASH,2012-12-20,100.88238959910129,102.46716337322424,98.9277143849594,100.25807424722343,130771,100.25807424722343
ASH,2012-12-21,96.94379584945614,97.39928142229957,95.51733373256414,97.32750734527886,1012509,97.32750734527886
ASH,2012-12-24,98.35905254451484,100.35987862326608,95.55541837572699,98.33567127190614,295425,98.33567127190614
ASH,2012-12-25,100.0686014446945,100.84116945684758,97.98607996535165,100.8330368925864,920447,100.8330368925864
ASH,2012-12-26,100.95198639230432,101.18476251951499,99.1717324365168,101.08791041435828,421298,101.08791041435828
ASH,2012-12-27,106.51636311921037,109.45244699016362,103.83526742886325,106.78156298182678,183914,106.78156298182678
ASH,2012-12-28,105.82862279527684,106.78398683633985,102.68158109039135,105.98083443501002,995413,105.98083443501002
ASH,2012-12-31,104.95832724150596,106.04675422957497,104.1931125111953,105.78896048157708,1236361,105.78896048157708
ASH,2013-01-01,104.66413557466632,106.13409318069046,104.19827889261143,104.87724470520257,232524,104.87724470520257
ASH,2013-01-02,105.31684709608318,105.47781982617212,102.12492018845568,104.54267341661915,1313294,104.54267341661915
ASH,2013-01-03,106.58974588935483,108.98932678164954,102.50817145426132,105.66610767659867,918864,105.66610767659867
ASH,2013-01-04,104.53821941939185,106.63877528138528,104.1930455532255,105.08101045595316,826938,105.08101045595316
ASH,2013-01-07,103.30726978990086,105.43852591954762,100.62322289513816,103.72111436500276,935531,103.72111436500276
ASH,2013-01-08,100.10510855428446,103.38056612852866,98.31291501056903,101.09675347808462,1343084,101.09675347808462
ASH,2013-01-09,100.10836017361196,103.25817395382771,98.20419779603428,100.88399477372548,906927,100.88399477372548
ASH,2013-01-10,100.58320838952399,101.3081807052365,98.06137029839786,100.89574376212377,1029099,100.89574376212377
ASH,2013-01-11,100.8111827602614,101.65884235635006,99.23048270032713,100.43933875698933,256426,100.43933875698933
ASH,2013-01-14,103.77777797327967,104.76005908921488,103.52417234666679,104.21086952589303,408345,104.21086952589303
ASH,2013-01-15,104.47605552527511,105.54169382834961,102.95192748577124,105.37087074927307,1380385,105.37087074927307
ASH,2013-01-16,104.97644549160268,106.66924544719836,104.40904503828808,104.49395979734093,849043,104.49395979734093
ASH,2013-01-17,105.69441817489638,106.5573186977254,103.12849093296985,105.76471919758932,254517,105.76471919758932
ASH,2013-01-18,107.28665919814809,107.78226235441696,106.75805977690973,107.24548292343883,416332,107.24548292343883
ASH,2013-01-21,106.91014971287558,108.92535292225324,104.52682765658413,107.28344227231048,1227330,107.28344227231048
ASH,2013-01-22,106.8509296337031,108.88328251086138,104.21290626234203,106.60989704399594,943992,106.60989704399594
ASH,2013-01-23,105.78432696977357,108.23461655492716,102.18565366836195,104.96397194625098,1043651,104.96397194625098
ASH,2013-01-24,107.51272392126796,107.5691468810797,106.95789046261764,107.39725367985629,1158602,107.39725367985629
ASH,2013-01-25,107.34895366682836,109.04383656765796,106.27749377419109,107.16138640025125,933396,107.16138640025125
ASH,2013-01-28,106.60405447551541,107.73060399368042,104.498592952281,106.87431286170067,389605,106.87431286170067
ASH,2013-01-29,107.98102998782893,112.12920519435541,105.87351069795344,108.88997645168854,901320,108.88997645168854
ASH,2013-01-30,108.84136484200138,109.5103099152664,108.33458185350305,108.99714042058916,296511,108.99714042058916
ASH,2013-01-31,114.49268229177328,115.99658637954276,113.28186282501447,113.5285089444908,379016,113.5285089444908
ASH,2013-02-01,113.00980305643809,116.2984775661247,111.26089222499044,112.60394454549228,1534053,112.60394454549228
ASH,2013-02-04,111.94886434368077,112.68658599128925,109.95675452476146,111.97076630650086,1414289,111.97076630650086
ASH,2013-02-05,111.00587895095313,113.69299023288602,107.59255737513118,110.7381511198038,1559288,110.7381511198038
ASH,2013-02-06,109.4179200337987,110.21570592416457,106.42623980444671,109.28997031254114,562554,109.28997031254114
ASH,2013-02-07,110.97449841093952,111.22506873460942,107.23284522677552,110.06666170891546,1229649,110.06666170891546
ASH,2013-02-08,110.78508000295474,111.54323734791615,108.38149802294694,111.40034907016478,827786,111.40034907016478
ASH,2013-02-11,111.61544470133569,114.7922617090691,108.2858583436653,110.75446973836492,868211,110.75446973836492
ASH,2013-02-12,111.29646403280032,112.00729252796236,109.35797845176317,110.87851659564392,492087,110.87851659564392
ASH,2013-02-13,110.48269783674326,112.28635704239873,110.29741795636393,111.31141932315987,536407,111.31141932315987
ASH,2013-02-14,113.45285314594777,117.04366876782689,112.98200459283154,113.74425526917403,1079280,113.74425526917403
ASH,2013-02-15,112.52751116266118,114.89312539838463,110.87053119538868,112.67105658276391,1068656,112.67105658276391
ASH,2013-02-18,112.10545704891734,114.70389061708693,108.80047021703915,113.04843103008729,1597715,113.04843103008729
ASH,2013-02-19,114.0245979365189,115.51406132013695,110.71781835639553,113.90113091074133,1593697,113.90113091074133
ASH,2013-02-20,114.16613905930743,114.88538217067568,113.68784312657425,114.71824599706265,1718671,114.71824599706265
ASH,2013-02-21,114.81308509695369,117.80139264909819,112.34562569541797,114.90931538837687,685452,114.90931538837687
ASH,2013-02-22,116.75858841688631,119.5742517621177,114.37002440918077,116.90175105408693,553890,116.90175105408693
ASH,2013-02-25,115.67991910951285,115.99467562120573,112.64577480896325,115.6297955141106,386905,115.6297955141106
ASH,2013-02-26,116.15286799463172,117.38451988071466,112.66562668926501,115.35413918565698,1656249,115.35413918565698
ASH,2013-02-27,114.93528056796843,117.9882256842051,111.71225207854168,114.29349698224394,694317,114.29349698224394
ASH,2013-02-28,113.96005205406662,114.76839840260756,111.12114937973891,113.11620201009586,894565,113.11620201009586
ASH,2013-03-01,113.54586345374634,115.62795564258676,112.09995257171781,113.38180584519604,545142,113.38180584519604
ASH,2013-03-04,115.5580209289263,117.24956815429312,113.05373688453322,115.29099525098772,1601205,115.29099525098772
ASH,2013-03-05,113.71428517271615,116.66881477282077,111.83753301233955,113.87259892851269,1545360,113.87259892851269
ASH,2013-03-06,116.1541579503723,116.27979088271222,112.81328280548428,115.6517226993664,943725,115.6517226993664
ASH,2013-03-07,114.39532648762491,117.89203874978347,111.15698826130395,115.07450703464352,82388,115.07450703464352
ASH,2013-03-08,113.27706242242775,113.79475788781015,111.06217995653867,113.33331278652,436802,113.33331278652
ASH,2013-03-11,112.63971149310919,112.69064439824717,109.00477287785364,112.15928138946731,1101502,112.15928138946731
ASH,2013-03-12,114.61553424875615,116.66314351484914,111.58748953077796,113.98206997846812,211049,113.98206997846812
ASH,2013-03-13,111.54407163420056,112.97909616570679,111.00062486286582,112.10921470156025,907207,112.10921470156025
ASH,2013-03-14,115.16635239718845,118.37080564943618,112.97910442908086,115.90455149379514,1618429,115.90455149379514
ASH,2013-03-15,115.72795680494042,117.85742487288582,112.9270917784953,116.21948609194233,1366382,116.21948609194233
ASH,2013-03-18,114.03184174887417,116.10331239543511,112.74937361795065,113.08160439732673,88630,113.08160439732673
ASH,2013-03-19,110.40091132311387,113.52733692082835,109.20642648487402,111.22593988326243,651256,111.22593988326243
ASH,2013-03-20,113.8080192121124,116.9727741399705,112.74621277421785,112.78596373076915,125024,112.78596373076915
ASH,2013-03-21,111.26220517107348,114.00963742593612,107.85913685524868,110.17191611273462,998881,110.17191611273462
ASH,2013-03-22,112.05209259449327,113.71644267991303,108.74760523760257,111.42046267062781,1633809,111.42046267062781
ASH,2013-03-25,109.92302833231844,111.36746929815072,107.0502862639713,109.35346616889748,1602752,109.35346616889748
ASH,2013-03-26,111.05774297677239,113.23894842692246,109.44085639351796,110.05996894713115,509223,110.05996894713115
ASH,2013-03-27,112.03785559803794,114.98506949365286,109.18602787360342,112.50918960452341,1155755,112.50918960452341
ASH,2013-03-28,112.41827845386656,113.84533378511385,109.85877834296323,113.25869830249287,874051,113.25869830249287
ASH,2013-03-29,115.64324812751357,115.75608527695309,113.87228058363495,114.90075856400361,821366,114.90075856400361
ASH,2013-04-01,115.56182348344713,117.9140784607677,114.65350904639105,116.32742065442302,1595070,116.32742065442302
ASH,2013-04-02,113.18533403391056,114.5646319964892,113.04557733059431,114.22383448714741,210672,114.22383448714741
ASH,2013-04-03,111.35055556402698,112.94730355529838,111.2842519096814,112.03066801041749,550695,112.03066801041749
ASH,2013-04-04,108.75689965635696,110.80233554044736,107.6591002865624,108.89212933796146,1343770,108.89212933796146
ASH,2013-04-05,109.48250179022754,109.99071632565644,107.38961661856318,109.49322717013686,529879,109.49322717013686
ASH,2013-04-08,108.40450210430934,109.45489190575286,106.62563029600511,109.36141073348975,396714,109.36141073348975
ASH,2013-04-09,107.5145813442978,109.42729555537083,105.7059744247905,107.63643793414504,577897,107.63643793414504
ASH,2013-04-10,108.50010674717622,110.01767891634987,106.28429491566443,108.27423025554823,191858,108.27423025554823
ASH,2013-04-11,112.17019869119875,113.20094096759716,109.00196863282524,111.20977665257135,1794696,111.20977665257135
ASH,2013-04-12,111.90951461085767,114.10564992275715,109.1159184967826,112.52317193135067,1016779,112.52317193135067
ASH,2013-04-15,114.46585365037471,117.49222837877292,112.28925924471397,115.13138121195107,1604141,115.13138121195107
ASH,2013-04-16,114.20246268942721,114.82985330721401,114.09704148591291,114.45558102947078,973524,114.45558102947078
ASH,2013-04-17,115.94524720621995,116.83462647915132,114.42846793172693,114.83444325374741,857184,114.83444325374741
ASH,2013-04-18,115.10891918802962,118.24143064434737,113.78744567046604,115.48719801141732,1746217,115.48719801141732
ASH,2013-04-19,116.08122627979701,119.50508846458709,113.27022413144158,117.14994339811057,656561,117.14994339811057
ASH,2013-04-22,113.76030295885549,115.20904116078833,113.34620888896876,114.29608906796219,490401,114.29608906796219
ASH,2013-04-23,117.33338567850373,118.7348762088801,114.77731892516965,117.19673057641339,1074536,117.19673057641339
ASH,2013-04-24,117.49391239179957,118.12261933673443,115.89264027551329,117.69978408394694,360632,117.69978408394694
ASH,2013-04-25,120.95703198530371,121.87555890751527,119.97894092431636,120.29726630142329,313228,120.29726630142329
ASH,2013-04-26,122.7107101011894,125.80726029238384,120.0040301577517,122.4480062613151,772013,122.4480062613151
ASH,2013-04-29,118.42718152826211,119.99187926586359,117.9790102057101,118.28652180407087,1655412,118.28652180407087
ASH,2013-04-30,118.56537509587122,121.27219016808266,115.84475630152737,118.98660206093308,159523,118.98660206093308
ASH,2013-05-01,120.12500534090236,120.70067369160017,119.74390419186835,120.0005742463388,1574673,120.0005742463388
ASH,2013-05-02,119.90352163286022,120.56289147227375,117.325339173231,119.6269662912184,394821,119.6269662912184
ASH,2013-05-03,118.9295903689489,123.07633733222869,116.69823770737156,119.69755850951815,1647068,119.69755850951815
ASH,2013-05-06,118.59399327465056,121.58766235875778,116.45431924857053,118.03716964201072,667336,118.03716964201072
ASH,2013-05-07,117.53761736673684,120.58263362738644,115.23514878970072,117.78984548718391,608375,117.78984548718391
ASH,2013-05-08,117.77385967728122,118.93837327235948,115.27197684922865,117.20593664671466,1066489,117.20593664671466
ASH,2013-05-09,115.5198842356019,118.23226961060539,113.79167433572765,116.2693317434854,370339,116.2693317434854
ASH,2013-05-10,115.98657318273794,117.69972176019004,113.85909993199613,115.6246200715752,1661722,115.6246200715752
ASH,2013-05-13,110.234965320765,114.48051996059556,110.10635238575144,111.28800976080143,1082941,111.28800976080143
ASH,2013-05-14,109.64163457015724,111.18823170002199,107.27925793009294,110.39460127863825,1565416,110.39460127863825
ASH,2013-05-15,109.66049176690824,112.77671278635043,106.47400693446897,108.80933963893708,881657,108.80933963893708
ASH,2013-05-16,107.29927450248584,109.65910969993199,106.77754794997786,107.3820188856806,753369,107.3820188856806
ASH,2013-05-17,105.042569632082,106.34622631932143,103.11040622480206,105.02605358342728,1484462,105.02605358342728
ASH,2013-05-20,105.5261929510426,106.3694153856182,101.76260998609786,104.67294553233798,183418,104.67294553233798
ASH,2013-05-21,103.17731202394184,105.55336914098078,101.57162742214248,103.20841200731829,427539,103.20841200731829
ASH,2013-05-22,102.05590356592178,104.57546459164192,100.36853320475926,101.74134262834797,824015,101.74134262834797
ASH,2013-05-23,101.4213120711221,103.08236955788439,100.25808893714616,101.98845954877788,931496,101.98845954877788
ASH,2013-05-24,103.91228340119814,105.32955067513122,101.52778721899102,104.78921584192172,380395,104.78921584192172
ASH,2013-05-27,104.75386214193004,106.61349136526567,104.66982683015122,105.06200529424106,1189607,105.06200529424106
ASH,2013-05-28,107.60854833581256,109.12099400561927,106.12562497326101,106.96955613571397,489906,106.96955613571397
ASH,2013-05-29,106.73380894074431,109.17263658160948,105.83769546671355,106.84741485986754,993420,106.84741485986754
ASH,2013-05-30,110.57940280900833,114.56821723251328,110.15767219808572,111.3182210315691,712395,111.3182210315691
ASH,2013-05-31,109.43778873399523,111.18205919402784,106.14469702608324,109.33916911347222,188884,109.33916911347222
ASH,2013-06-03,105.37360130160465,108.19775706445404,104.15066340522414,105.87366302292068,991920,105.87366302292068
ASH,2013-06-04,108.4442397601006,109.58479008253332,106.89665770887116,107.48404649348514,1403354,107.48404649348514
ASH,2013-06-05,109.00154673938285,110.96218397071307,105.68028428105002,108.83304567025294,1041495,108.83304567025294
ASH,2013-06-06,106.72420853193464,107.09345700039304,104.92990978635659,105.70319510093809,307684,105.70319510093809
ASH,2013-06-07,104.52804293152431,108.07115995847931,104.49573514313023,105.49208704052265,1557807,105.49208704052265
ASH,2013-06-10,107.62599295859118,109.81045736628624,106.31320451319557,108.68774266995007,374868,108.68774266995007
ASH,2013-06-11,110.285884886876,110.60137301950449,108.38243562097715,110.33642872635981,1669489,110.33642872635981
ASH,2013-06-12,108.40963298312032,111.63122486163944,105.86613971952698,107.63039006335923,1793368,107.63039006335923
ASH,2013-06-13,104.20999198925858,107.02925231277136,103.15759757704399,104.15914785264471,290421,104.15914785264471
ASH,2013-06-14,107.8081232411863,108.44667079506202,105.62257928165538,107.00306077538131,1148847,107.00306077538131
ASH,2013-06-17,104.79147510462889,106.72182208474355,104.12365025651002,105.57150906189216,1370329,105.57150906189216
ASH,2013-06-18,107.73359267850269,110.7610715617409,105.44396359986119,107.30581315085557,1447259,107.30581315085557
ASH,2013-06-19,108.9571264471739,111.56009714390899,106.71131306472478,108.6098413809033,309046,108.6098413809033
ASH,2013-06-20,108.71163402024348,111.6677606287354,107.78620886727965,108.6139600607273,1549537,108.6139600607273
ASH,2013-06-21,107.13242379678796,109.14759510538434,105.99313047856714,107.33613749439115,1558822,107.33613749439115
ASH,2013-06-24,110.35987568334193,111.16478395937246,109.3037011974695,110.03621879907527,1560027,110.03621879907527
ASH,2013-06-25,106.21878505871167,106.94230555322498,105.75327663797376,106.11247673803058,1343598,106.11247673803058
ASH,2013-06-26,107.5903666967313,109.78633006836411,105.21285363784934,108.08186760738431,315994,108.08186760738431
ASH,2013-06-27,106.70495518951331,110.53690822150284,104.51228318961697,107.55547066772357,1350762,107.55547066772357
ASH,2013-06-28,106.02648263964902,108.28090673405053,104.521810170268,106.26739365843821,1791332,106.26739365843821
ASH,2013-07-01,106.12905906364252,106.23855409748349,105.88129462394342,106.10266895936184,917199,106.10266895936184
ASH,2013-07-02,108.14589806582767,109.96429259428817,107.59123970402942,108.12748314382011,736348,108.12748314382011
ASH,2013-07-03,105.82865919586828,107.92099809613484,104.14104889124371,105.98640426809126,1498697,105.98640426809126
ASH,2013-07-04,106.24187502375946,108.4699755491342,104.88129553047963,106.60998829200396,606588,106.60998829200396
ASH,2013-07-05,107.38461499563776,109.93967612007565,106.45781099727749,107.70667070383055,274942,107.70667070383055
ASH,2013-07-08,106.8976688475276,108.3463433518283,105.36693726191152,107.40063615788253,511900,107.40063615788253
ASH,2013-07-09,105.68853295797003,106.14436329477819,102.66594683994714,105.51989472155677,565816,105.51989472155677
ASH,2013-07-10,104.88119257288315,107.24117241363467,102.12994076470038,104.15236050846856,1325711,104.15236050846856
ASH,2013-07-11,108.09661685867425,108.73336999415177,104.21671979600926,107.2819398793407,1762837,107.2819398793407
ASH,2013-07-12,110.07669413926344,110.45368136834233,107.92082613064602,109.00037008074025,1749170,109.00037008074025
ASH,2013-07-15,109.21768087879644,111.31056861025066,107.0457467891658,110.12329461282262,1669198,110.12329461282262
ASH,2013-07-16,113.43015628264097,116.93218729946972,112.5398294666382,114.08211672797444,1579499,114.08211672797444
ASH,2013-07-17,113.18577180057284,113.4645765666503,110.73945107071636,112.66703705282204,477923,112.66703705282204
ASH,2013-07-18,113.01283574866378,113.67586406009094,109.45905485456392,112.68550571448428,419619,112.68550571448428
ASH,2013-07-19,111.99624355945747,114.43100377156875,109.91182335432154,112.82240656761964,763128,112.82240656761964
ASH,2013-07-22,115.48292150576853,116.47947088390954,112.4813567442623,115.18110547618173,1365843,115.18110547618173
ASH,2013-07-23,111.97587447634179,114.6145497906753,109.33646006842622,112.18574740098182,1098260,112.18574740098182
ASH,2013-07-24,113.41423516755601,115.7105414437765,110.28886772803799,112.38733080598634,1309733,112.38733080598634
ASH,2013-07-25,113.23143810090724,116.09341828311024,112.35951560200502,112.43262049376091,1427047,112.43262049376091
ASH,2013-07-26,113.03666160882507,114.70695574807873,112.90125246696842,114.00975244961768,1014587,114.00975244961768
ASH,2013-07-29,112.32259069816132,115.45600091658429,111.6602947915755,113.25127463412706,1774472,113.25127463412706
ASH,2013-07-30,115.38440858085536,118.26235820270854,112.77256912845641,115.57613365588256,133555,115.57613365588256
ASH,2013-07-31,115.25049248689626,116.61377891175515,114.43427387438712,116.39495480404874,1585687,116.39495480404874
ASH,2013-08-01,114.03464120571785,115.09428893218119,110.66616092978768,114.96728591883384,1173272,114.96728591883384
ASH,2013-08-02,117.11458332901307,119.07950254607101,112.82299001124225,116.11000961455457,1132295,116.11000961455457
ASH,2013-08-05,116.6116308954307,118.6681519924463,115.3622548824214,115.93357752569364,1147223,115.93357752569364
ASH,2013-08-06,117.32150825073184,118.70405573501574,115.38920065317748,116.91765367628818,776975,116.91765367628818
ASH,2013-08-07,115.47756699443642,115.60253675079426,112.56304964441071,114.71987153478231,818964,114.71987153478231
ASH,2013-08-08,113.69154281693683,115.64047166050686,112.80631213217681,114.2627311138564,1082713,114.2627311138564
ASH,2013-08-09,116.76042613069104,119.00954208100953,113.1477575483743,116.23604589442733,1153793,116.23604589442733
ASH,2013-08-12,119.2697996820878,121.781193791573,116.44834471689374,118.99476195929714,199430,118.99476195929714
ASH,2013-08-13,120.7447228098225,122.52978190755104,118.92874396427202,119.9086062943649,1624746,119.9086062943649
ASH,2013-08-14,118.97867655936815,121.38022885601838,116.14877643389781,119.49804510303923,964970,119.49804510303923
ASH,2013-08-15,119.10575605347746,121.50933739971471,117.06136458948042,118.48085061324417,835919,118.48085061324417
ASH,2013-08-16,118.00704100971905,119.59766634806624,115.23886926518317,117.18056320684688,1228446,117.18056320684688
ASH,2013-08-19,116.00467577866766,116.92174476419677,113.1179188859866,115.89108657951412,900331,115.89108657951412
ASH,2013-08-20,114.14696525566231,115.10898721402093,113.7647420072947,114.34412828952874,1262036,114.34412828952874
ASH,2013-08-21,115.26058896720329,117.86347128215579,112.301062963286,114.23554751297846,1120421,114.23554751297846
ASH,2013-08-22,112.44518788635021,114.8502412171657,111.09193245689077,113.19460495753555,1416155,113.19460495753555
ASH,2013-08-23,113.21376758928795,116.41309923923005,110.67677488292485,114.2736025889109,1201977,114.2736025889109
ASH,2013-08-26,114.26249569711254,116.62579785858179,112.02342481663537,115.00047614591804,1432663,115.00047614591804
ASH,2013-08-27,117.56728485520779,120.45533960881184,113.79550846925075,117.13749808292332,574090,117.13749808292332
ASH,2013-08-28,118.96369779162498,120.73690172333515,116.44640147647391,118.28016631713199,546064,118.28016631713199
ASH,2013-08-29,120.48767528681944,124.05912742760674,117.6095163688047,119.967430359206,221234,119.967430359206
ASH,2013-08-30,118.23255944694499,119.28424553597492,115.85397019189193,118.42235126886187,839563,118.42235126886187
ASH,2013-09-02,120.54520955673085,121.04617141299119,119.03406172126536,119.42837855090559,651167,119.42837855090559
ASH,2013-09-03,119.83560078921285,121.31384465006313,118.77099292943879,119.96924191537417,1251206,119.96924191537417
ASH,2013-09-04,117.31994445645293,120.55324673284198,114.30946735689434,116.2013785115011,1790799,116.2013785115011
ASH,2013-09-05,117.1171530659012,120.111765817196,113.34220298412725,116.14590279815434,683437,116.14590279815434
ASH,2013-09-06,114.08665912532639,115.14709025168099,113.99510938826975,114.29892491028946,1536376,114.29892491028946
ASH,2013-09-09,110.77799232264637,113.54077795684911,107.70312301668997,111.53417475569697,828761,111.53417475569697
ASH,2013-09-10,110.10637864952591,112.97855080651833,107.25277156943639,111.01707970964407,1563587,111.01707970964407
ASH,2013-09-11,109.98783211236852,110.955934764802,107.51248054750248,109.91863843448661,161562,109.91863843448661
ASH,2013-09-12,109.18994989719367,109.96098930990357,108.46999517448917,108.61816657475936,120995,108.61816657475936
ASH,2013-09-13,105.44730509608594,107.37689496356953,103.16610693649693,106.1349583833666,874426,106.1349583833666
ASH,2013-09-16,108.92144804887671,111.9052360578816,107.25961060540385,109.31890768144854,923990,109.31890768144854
ASH,2013-09-17,107.43721924576214,108.05513917432192,106.38968129254648,107.15747079963046,630116,107.15747079963046
ASH,2013-09-18,106.53102861345268,108.04008581129536,106.30471079502787,106.61446878231537,1008203,106.61446878231537
ASH,2013-09-19,108.08368146809595,109.64559404233572,106.58177345918448,107.85961868969369,1547418,107.85961868969369
ASH,2013-09-20,110.03671924561444,113.13686535261172,107.62452684993536,109.64994532361496,586676,109.64994532361496
ASH,2013-09-23,107.47906698670855,108.71714609304999,107.43234148358182,107.73613597824993,1512827,107.73613597824993
ASH,2013-09-24,108.01258138097268,108.0762436919127,104.26067990730378,107.39833529451694,795694,107.39833529451694
ASH,2013-09-25,108.86369631480638,111.12936073417372,107.87789566092025,108.42378829305311,1316897,108.42378829305311
ASH,2013-09-26,109.41068328129967,111.89143322218078,106.63896671578635,109.0018104518523,983207,109.0018104518523
ASH,2013-09-27,108.96246588041217,112.0460700448429,108.36573886142043,109.73172140931347,1583653,109.73172140931347
ASH,2013-09-30,107.59899024205426,109.91759366960518,104.89449030535849,107.65446330157806,1041012,107.65446330157806
ASH,2013-10-01,106.41883547695286,107.96157044023603,104.17272450699703,106.25483556410884,1355326,106.25483556410884
ASH,2013-10-02,105.45741835589155,106.09704825617658,102.4707735541989,106.03768580050729,135056,106.03768580050729
ASH,2013-10-03,106.08872190116844,108.41180385408573,103.00869716457566,105.54292337140362,716877,105.54292337140362
ASH,2013-10-04,105.07134429472455,108.84828165916731,103.81928999932877,105.87369604412484,272065,105.87369604412484
ASH,2013-10-07,103.37341282247945,104.59395555605442,102.63378243089856,104.10242651072708,1461365,104.10242651072708
ASH,2013-10-08,105.64354534270751,106.04262342192153,105.36219585718558,105.82700853564967,1295404,105.82700853564967
ASH,2013-10-09,103.06867577748486,104.65194402386129,100.34669039766375,103.82588878001236,1154298,103.82588878001236
ASH,2013-10-10,103.24581985844686,106.9222725189921,100.58385204423739,104.26418072356732,1268250,104.26418072356732
ASH,2013-10-11,102.74726757443469,103.25742572252997,102.55854823001161,102.92965495071212,1439125,102.92965495071212
ASH,2013-10-14,102.83295307352894,105.03923943111488,101.8085101265056,102.52833699634414,1003920,102.52833699634414
ASH,2013-10-15,100.11793107859604,100.3167502848074,98.73555711842401,100.12766689314311,967755,100.12766689314311
ASH,2013-10-16,99.00140472602111,99.9943797501999,97.44725760292552,99.89611489366993,1728006,99.89611489366993
ASH,2013-10-17,100.49418431361443,103.73636543519419,97.95484476708441,101.03479048598112,1038271,101.03479048598112
ASH,2013-10-18,103.24665067246077,105.63338356831419,101.27478089947188,103.1963968619502,543307,103.1963968619502
ASH,2013-10-21,103.56689299497108,105.4267008064666,101.1359768554376,103.07605969785047,950386,103.07605969785047
ASH,2013-10-22,101.67821467125925,102.20285978133157,100.01761219460829,101.08400857247295,574567,101.08400857247295
ASH,2013-10-23,102.52745036160462,103.38513951629758,101.25452988024885,102.48774972789654,955509,102.48774972789654
ASH,2013-10-24,103.41821738430627,103.56901507825616,100.20806412556684,103.11685331990239,160770,103.11685331990239
ASH,2013-10-25,103.70672860740143,105.71458271446922,102.40904798999082,102.87668381334319,502796,102.87668381334319
ASH,2013-10-28,101.12683990200367,104.11366568895927,100.93737188089409,102.01395583122058,121847,102.01395583122058
ASH,2013-10-29,101.03985539278523,102.85501898607399,100.37362399266466,101.8563921441328,1739653,101.8563921441328
ASH,2013-10-30,101.86330519580554,102.98426629966474,99.35253071550636,101.94922783367369,1233297,101.94922783367369
ASH,2013-10-31,103.58198324092281,105.5365058019912,100.78833042451033,103.35515042983849,1288642,103.35515042983849
ASH,2013-11-01,100.96406063872996,104.86735937116201,100.13447579977081,101.97435280453752,375902,101.97435280453752
ASH,2013-11-04,100.79899569537625,102.08947142481999,99.10819621214205,100.89474817982534,613925,100.89474817982534
ASH,2013-11-05,99.89315103290672,102.04017069562973,99.23027163658458,100.55123698100418,688381,100.55123698100418
ASH,2013-11-06,98.66816752286323,100.73509583678363,95.6539471325871,98.38265193182255,1464765,98.38265193182255
ASH,2013-11-07,99.07814658859851,100.56278552249076,98.23529817919294,99.540541128048,1126483,99.540541128048
ASH,2013-11-08,101.36126070252386,104.00331794543494,98.81567416609207,100.55293949802932,279399,100.55293949802932
ASH,2013-11-11,100.20708172141521,103.65507173227702,97.29401643666283,101.0888852416172,898722,101.0888852416172
ASH,2013-11-12,105.8731660600074,108.01482028565395,103.78666971325829,105.22245764409146,73645,105.22245764409146
ASH,2013-11-13,106.21827849755529,108.16213314321082,105.25924168200466,106.4475077725715,955062,106.4475077725715
ASH,2013-11-14,109.64388203459077,112.87899360723482,107.32546408995739,108.86622752258937,1470783,108.86622752258937
ASH,2013-11-15,109.70981706702793,112.02155821751532,106.15392658957543,109.02270667380633,1066871,109.02270667380633
ASH,2013-11-18,107.53132866649467,110.180837996375,106.93746256112296,108.09495153700465,1641731,108.09495153700465
ASH,2013-11-19,104.67418595005013,108.40197895120238,102.52967826679246,105.62359895660562,205172,105.62359895660562
ASH,2013-11-20,106.61644553665008,108.39157952613158,105.95092197087672,106.20115354794513,1185605,106.20115354794513
ASH,2013-11-21,106.55942817822223,107.9743582100159,106.26172923457862,107.1931658564942,1557072,107.1931658564942
ASH,2013-11-22,109.82281035634236,110.27672653574601,106.27322944511407,108.885292515846,850459,108.885292515846
ASH,2013-11-25,107.10428561937236,109.56610963349937,105.42178027305415,108.03940859362882,575522,108.03940859362882
ASH,2013-11-26,108.8887956045677,110.96390160250714,106.07085873010523,109.27348185064145,1159905,109.27348185064145
ASH,2013-11-27,105.97865310701359,109.67923641415759,104.95409490654707,107.02179668366807,244682,107.02179668366807
ASH,2013-11-28,106.83434328245599,107.67541309640954,106.35973260457095,107.22675114628784,1715830,107.22675114628784
ASH,2013-11-29,108.33512199386257,110.54915677648566,107.10393698931536,108.24580041634435,614682,108.24580041634435
ASH,2013-12-02,109.78148934732167,110.7831145829913,107.01445353286047,109.44251838132072,1174637,109.44251838132072
ASH,2013-12-03,111.47325016196656,114.61355276368957,107.8956397848842,110.97069975870205,1363011,110.97069975870205
ASH,2013-12-04,112.74426834620643,114.3353876742244,108.87014652394114,111.99735754021876,206409,111.99735754021876
ASH,2013-12-05,111.37696555189943,114.34670132377488,110.07695605987902,112.25076110782518,1709022,112.25076110782518
ASH,2013-12-06,115.20508612841827,117.4519592289771,114.44438559182991,114.60484864244172,402575,114.60484864244172
ASH,2013-12-09,114.04898083653673,114.86952538824737,113.00638443854803,114.55676796971315,1407174,114.55676796971315
ASH,2013-12-10,113.75839319435738,117.51696615281111,112.83908716244795,114.58744061930341,217832,114.58744061930341
ASH,2013-12-11,117.09094993176046,118.22196206114995,114.73496410723801,117.64232742053984,1447168,117.64232742053984
ASH,2013-12-12,113.23279184004004,114.5828181583204,111.0316006481107,112.42782418036543,914377,112.42782418036543
ASH,2013-12-13,113.83141765114581,116.12818398835871,111.21429036537485,113.54213118544159,155706,113.54213118544159
ASH,2013-12-16,114.95401272518014,115.14444520162206,114.39210174569207,114.730560063103,1029737,114.730560063103
ASH,2013-12-17,114.1853237134968,116.17360026680369,111.02576099492507,113.992364465987,965884,113.992364465987
ASH,2013-12-18,113.86864838049802,115.47998005319542,112.61162218788829,114.0771185168336,871979,114.0771185168336
ASH,2013-12-19,113.91254471090535,114.32051471141027,112.99274022010432,114.1019435172069,737229,114.1019435172069
ASH,2013-12-20,112.95329736744522,116.23226644279715,111.93160126541336,113.75338302032917,1048149,113.75338302032917
ASH,2013-12-23,113.30465812992327,115.39507310257372,110.78017370643262,113.68524678869073,495983,113.68524678869073
ASH,2013-12-24,114.47406923712114,115.51615018207666,112.68187198532976,114.44652850084836,302106,114.44652850084836
ASH,2013-12-25,113.63096587393119,113.91843334265796,112.24533928740644,113.39053780247639,192509,113.39053780247639
ASH,2013-12-26,112.45981686971508,115.29463750985433,112.22683318865039,113.43161107539879,114308,113.43161107539879
ASH,2013-12-27,110.63194848689868,112.01975662849786,108.97134076513171,111.00089272077037,1548979,111.00089272077037
ASH,2013-12-30,109.58385230150411,113.0591906005962,107.28426416154203,109.93692402782885,891693,109.93692402782885
ASH,2013-12-31,108.07817112837229,109.99607073836302,106.05709423170255,108.04560575158179,508627,108.04560575158179
ASH,2014-01-01,108.82306588273775,109.75371565475128,106.87665807216793,108.36784614189193,195869,108.36784614189193
ASH,2014-01-02,106.87314545833168,108.56799766982087,106.50927655827421,106.58487036714313,623549,106.58487036714313
ASH,2014-01-03,104.37407547058389,106.06335544394217,103.06418460754136,104.22631340101141,1623275,104.22631340101141
ASH,2014-01-06,101.50064567628539,104.14811589628319,98.92680091354487,101.92584223939656,852886,101.92584223939656
ASH,2014-01-07,100.94072321410633,103.67279186368349,99.78904634356431,100.26084151486845,659935,100.26084151486845
ASH,2014-01-08,102.59569920103398,105.55843817052084,99.5085184576544,102.01362460790054,1623581,102.01362460790054
ASH,2014-01-09,103.99618624898183,106.91243787047307,100.99718436922429,104.658438068902,137396,104.658438068902
ASH,2014-01-10,104.448700151146,106.15929800335118,101.31490034076366,104.12563668304422,1043520,104.12563668304422
ASH,2014-01-13,102.48072726418859,103.17226337839237,101.00171912279498,101.65396624111673,1252845,101.65396624111673
ASH,2014-01-14,101.06842346516135,102.42234723479804,100.77096598154262,101.19876485975868,493086,101.19876485975868
ASH,2014-01-15,104.44717262616241,105.97875146943969,101.29362123946686,103.56732825505632,221576,103.56732825505632
ASH,2014-01-16,103.00797910840704,104.40284352163877,101.45701816099658,104.00231660242788,467335,104.00231660242788
ASH,2014-01-17,101.6205821756385,102.40225929825735,100.36007227811427,101.58758653000379,409078,101.58758653000379
ASH,2014-01-20,104.20314551804077,107.80614905470557,102.38591690308819,104.71358228490166,173006,104.71358228490166
ASH,2014-01-21,103.65077024404225,106.51036951667128,100.74437368217946,104.14617820679894,107769,104.14617820679894
ASH,2014-01-22,104.06434695615165,105.56913833933795,100.36145870434973,103.2844518479865,590177,103.2844518479865
ASH,2014-01-23,104.9346783129937,106.04603261725961,103.17287552949352,105.33178024413195,1154970,105.33178024413195
ACET,2010-01-04,18.01292635392387,18.133555187575325,17.76063726232641,18.105944197986094,934175,18.105944197986094
ACET,2010-01-05,18.862921576397884,19.264068374387506,18.73909303295166,18.75351273483896,262375,18.75351273483896
ACET,2010-01-06,19.441897895473055,19.91705885205984,19.268560180416646,19.437822926516017,829040,19.437822926516017
ACET,2010-01-07,19.465299684218685,19.97192508594217,19.05953134365567,19.51026395288045,268948,19.51026395288045
ACET,2010-01-08,19.477683365040004,19.808866937022636,19.152448025011495,19.344673324279178,663226,19.344673324279178
ACET,2010-01-11,19.65825723182843,20.283308354259304,19.092044997565964,19.73820064005903,1739774,19.73820064005903
ACET,2010-01-12,19.128533903496958,19.247221290900388,18.8247457874757,19.169857253434618,1451697,19.169857253434618
ACET,2010-01-13,19.45894483937702,19.77065198830192,19.013678851886766,19.626309940488202,831151,19.626309940488202
ACET,2010-01-14,20.24765232973702,20.591047468536917,19.670107171887842,20.403161101448593,547240,20.403161101448593
ACET,2010-01-15,20.4914245412247,20.646765485271825,20.030312396237246,20.641392070803725,198538,20.641392070803725
ACET,2010-01-18,20.143735282481025,20.430261903444002,19.976014774428602,20.20557434641094,1497484,20.20557434641094
ACET,2010-01-19,20.81944199519425,20.91978744043315,20.529232983282263,20.809417990136456,1205477,20.809417990136456
ACET,2010-01-20,20.736916762645233,21.401407617129873,20.129388285819715,20.946065609368908,290369,20.946065609368908
ACET,2010-01-21,20.774223060309136,21.16407866456728,20.406355872907394,20.903855261945406,861290,20.903855261945406
ACET,2010-01-22,20.404343306011892,20.97160708481106,20.2526397300845,20.5375705176665,1222192,20.5375705176665
ACET,2010-01-25,20.013463405021504,20.28986515763174,19.986207885897617,20.112680525640688,822975,20.112680525640688
ACET,2010-01-26,20.431575891138774,20.65034539942287,20.354563706354554,20.568943140046535,1466793,20.568943140046535
ACET,2010-01-27,20.427078005817435,20.633775642410725,19.815196987950635,20.552394926269624,977246,20.552394926269624
ACET,2010-01-28,20.730504862311868,20.85691766855916,20.050562334030925,20.531806107302977,156348,20.531806107302977
ACET,2010-01-29,20.632874454767517,20.704191382399493,20.104384621383556,20.59385722612703,1044488,20.59385722612703
ACET,2010-02-01,19.964803370879377,20.096898739816346,19.51077292783221,19.86045923305201,1787419,19.86045923305201
ACET,2010-02-02,19.9916704060638,20.338946319242474,19.653686176096958,19.864796581556295,1122556,19.864796581556295
ACET,2010-02-03,19.94162889264843,20.0949816231152,19.369993974843414,19.874975935873362,654842,19.874975935873362
ACET,2010-02-04,20.541051450793788,20.752385939723275,20.405801572348683,20.457551796897643,54875,20.457551796897643
ACET,2010-02-05,20.848243877724432,20.88122620620843,20.654198080918604,20.793231871026027,386579,20.793231871026027
ACET,2010-02-08,20.395174736056088,20.94107754637786,19.980199699576882,20.334426256575675,433225,20.334426256575675
ACET,2010-02-09,20.36968390255281,20.45411277464218,19.94456146159147,20.196619222200717,1183250,20.196619222200717
ACET,2010-02-10,20.483464495499856,20.828633788258923,20.201900024798665,20.613022091107656,1339700,20.613022091107656
ACET,2010-02-11,20.033850878222985,20.35362500712593,19.782764655243916,20.124519875651014,1177653,20.124519875651014
ACET,2010-02-12,20.6240371054565,21.274835075980317,20.53748745954181,20.793186119394193,252335,20.793186119394193
ACET,2010-02-15,20.930724677044587,21.234351747007903,20.291565579769593,20.790462048141222,1022505,20.790462048141222
ACET,2010-02-16,20.99401374626231,21.25699358915459,20.794810347581215,21.0155524499439,1346387,21.0155524499439
ACET,2010-02-17,21.023813943830017,21.462712149571548,20.295359983648503,20.854018622094067,851654,20.854018622094067
ACET,2010-02-18,20.651808507513344,21.05889176864877,20.316731246714706,20.688354190072236,1123662,20.688354190072236
ACET,2010-02-19,20.32062593538215,20.3916620988279,20.098626471653056,20.343975058115724,1302225,20.343975058115724
ACET,2010-02-22,20.93514467707929,21.15338612444861,20.314942059311264,20.956790316553878,1106813,20.956790316553878
ACET,2010-02-23,21.253644723591258,21.877614408257276,20.638505654955633,21.205934301148787,1553562,21.205934301148787
ACET,2010-02-24,20.946268587411684,21.249990656824643,20.267358818378213,20.835372684266584,891853,20.835372684266584
ACET,2010-02-25,21.065612939941765,21.397328510955827,20.670438435039006,21.12845222071995,616408,21.12845222071995
ACET,2010-02-26,21.577018940205498,21.67406361195722,21.276950864172058,21.52099314359281,125399,21.52099314359281
ACET,2010-03-01,21.84917799665871,22.53257532466931,21.846533173631688,21.979309825175918,1188489,21.979309825175918
ACET,2010-03-02,22.13445171041321,22.22297261372218,21.615769668404816,22.110551484679664,1100470,22.110551484679664
ACET,2010-03-03,22.216884412009648,22.28692341395873,21.620851691313646,22.196204252968958,535182,22.196204252968958
ACET,2010-03-04,21.99241895105246,22.282059339904443,21.439617014638284,21.82276187558636,344076,21.82276187558636
ACET,2010-03-05,22.570414137193836,22.866073164166078,21.81940137571676,22.393129867095112,1181945,22.393129867095112
ACET,2010-03-08,22.685655322850415,23.35958817861556,22.02178993416825,22.691459272462158,897025,22.691459272462158
ACET,2010-03-09,22.914240306201002,23.22271208962327,22.61449389903049,23.134200532035393,1068205,23.134200532035393
ACET,2010-03-10,22.493649006972337,22.820140115099385,22.25896484078027,22.339674165232402,790786,22.339674165232402
ACET,2010-03-11,22.53430808621663,22.899061335651467,22.44023868817538,22.76164112846897,1028840,22.76164112846897
ACET,2010-03-12,22.776980804962246,23.266621974537813,22.162541162466823,22.7868914459029,226021,22.7868914459029
ACET,2010-03-15,22.938356602350957,23.432950873129688,22.351692246491957,23.160797460300845,1490993,23.160797460300845
ACET,2010-03-16,22.589934876907403,23.097495737653393,22.245068568164072,22.656730864324082,180797,22.656730864324082
ACET,2010-03-17,23.52559728323544,23.76443703990044,23.016395286239337,23.461423399118335,1646509,23.461423399118335
ACET,2010-03-18,23.12910110404684,23.581570038639818,22.923072536426442,23.18883512451214,1479364,23.18883512451214
ACET,2010-03-19,23.91663600749316,24.253241355689934,23.35485690779126,23.71416853502442,1416345,23.71416853502442
ACET,2010-03-22,23.704157110440207,23.970377297718315,22.942748837427043,23.637610790822798,914196,23.637610790822798
ACET,2010-03-23,24.566062760047274,24.962208793800166,23.968598433645422,24.494321892975083,968977,24.494321892975083
ACET,2010-03-24,24.586270649892995,24.931966621938916,24.51361222404141,24.648168587077762,1000749,24.648168587077762
ACET,2010-03-25,25.322257721968043,26.176147231541485,24.951166740544195,25.558137079210557,457103,25.558137079210557
ACET,2010-03-26,25.662216529601018,26.043483365539707,25.3857366881843,25.540551698772106,1318885,25.540551698772106
ACET,2010-03-29,25.133131997604032,25.814084501581338,24.576177489054682,25.024901934091247,74294,25.024901934091247
ACET,2010-03-30,25.19649291813785,25.36490948234248,24.93728669465598,25.181321158539994,181032,25.181321158539994
ACET,2010-03-31,25.09186298566796,25.21849678018522,24.466325263229326,25.133953289470618,140868,25.133953289470618
ACET,2010-04-01,24.8834800642857,25.16787387514977,24.667896967670593,24.864425435628647,1699562,24.864425435628647
ACET,2010-04-02,25.59739244953369,25.738428625631222,25.308572477313408,25.471656505637313,154238,25.471656505637313
ACET,2010-04-05,24.95007461765125,25.244325363398765,24.166198266678027,24.844344327444105,1077348,24.844344327444105
ACET,2010-04-06,25.85612496275557,26.017010261649457,25.143124958314257,25.774620631462017,1643374,25.774620631462017
ACET,2010-04-07,25.908519914361275,26.58334590029142,25.286842552079833,25.70097056110574,977096,25.70097056110574
ACET,2010-04-08,25.11883577784062,25.546788796478964,24.79113561224575,25.063751478260535,1656693,25.063751478260535
ACET,2010-04-09,25.019793351605234,25.64226218726048,24.747696594692123,25.26511272120185,1168758,25.26511272120185
ACET,2010-04-12,25.42853109207165,26.02946711058593,25.116111677712748,25.368628739795113,1234419,25.368628739795113
ACET,2010-04-13,25.368050791800176,25.46726550215214,25.094217213012257,25.31107089086851,446224,25.31107089086851
ACET,2010-04-14,24.812038506604228,25.670923718348433,24.444150390120683,25.027456752720276,431194,25.027456752720276
ACET,2010-04-15,25.635950634598007,26.04529540188043,25.308981123894338,25.67305859964715,278932,25.67305859964715
ACET,2010-04-16,26.0309937241389,26.13753850038444,25.180534819201117,25.952567006879647,1311857,25.952567006879647
ACET,2010-04-19,25.83702788596374,26.472162592977167,25.08843872902287,25.731784254461488,221780,25.731784254461488
ACET,2010-04-20,26.14657019226834,26.508000933725057,25.552378224458323,25.9426353303825,370531,25.9426353303825
ACET,2010-04-21,25.753915298648607,26.221040233447162,25.384043460613945,25.57926977461857,1702798,25.57926977461857
ACET,2010-04-22,25.87329307110807,26.772226444764588,25.724980809299492,26.073247865496313,768636,26.073247865496313
ACET,2010-04-23,27.203426062270832,27.930321981112577,26.92363880313104,27.14436837127675,649531,27.14436837127675
ACET,2010-04-26,27.789394171714186,28.53372105475664,27.308522161552965,27.735874245953738,748537,27.735874245953738
ACET,2010-04-27,27.301603607046037,27.752006845921077,26.712935342280968,27.409185802817326,1164124,27.409185802817326
ACET,2010-04-28,26.762203530754057,27.53801874576763,26.316384956645397,26.93235910197602,957912,26.93235910197602
ACET,2010-04-29,26.837592798834333,27.188805662682476,26.039948595570728,26.999857265165993,1328340,26.999857265165993
ACET,2010-04-30,26.038635726609897,26.861145899900965,25.724578108520927,26.207650031024286,101109,26.207650031024286
ACET,2010-05-03,26.845114437998667,27.120321670637864,25.940918497783304,26.681681840664066,512429,26.681681840664066
ACET,2010-05-04,26.846522790909077,27.412927400918722,26.158223662049792,27.03664825920607,1014272,27.03664825920607
ACET,2010-05-05,26.848376081546412,27.696860679315957,26.547118470824753,26.975488913609887,1200299,26.975488913609887
ACET,2010-05-06,26.693549351596538,27.493973488956634,25.903432574369827,26.84506914749332,997867,26.84506914749332
ACET,2010-05-07,26.92016378371047,27.68941651315545,26.463107909034047,26.806046779572306,751048,26.806046779572306
ACET,2010-05-10,27.437810974108853,27.927803113867625,27.140149209851458,27.626557886062702,436939,27.626557886062702
ACET,2010-05-11,27.1718881049096,27.5573565016042,26.999299075657614,27.433014768589217,929786,27.433014768589217
ACET,2010-05-12,26.769468446377047,27.56995653220373,26.02101862513703,26.836976634641292,760853,26.836976634641292
ACET,2010-05-13,26.357046564386543,26.85166021218029,25.56865326711454,26.460191427592168,446456,26.460191427592168
ACET,2010-05-14,26.92152482654877,27.696510044225082,26.73322859664833,26.97671665033018,576492,26.97671665033018
ACET,2010-05-17,26.64271216736345,27.227844947859058,25.943567746382737,26.50814846147791,968851,26.50814846147791
ACET,2010-05-18,26.86804590011412,27.844733508118786,26.777128641552192,27.132661572766715,391201,27.132661572766715
ACET,2010-05-19,26.79661956854933,27.57793177587113,26.14141697295957,27.046689144341254,795422,27.046689144341254
ACET,2010-05-20,26.034055376406297,26.799507586994395,25.71032639285272,26.161911446458166,1475176,26.161911446458166
ACET,2010-05-21,26.75823509180098,26.854834460213702,25.842156591665084,26.551553294478538,1566739,26.551553294478538
ACET,2010-05-24,26.257575392401876,27.20035332669487,25.787058138575006,26.432519285300824,990301,26.432519285300824
ACET,2010-05-25,26.90045997280208,27.046512702839625,26.54144222782775,26.635681082744995,1438218,26.635681082744995
ACET,2010-05-26,26.501573906294073,26.521054763724507,26.031041763665804,26.340531811073838,598925,26.340531811073838
ACET,2010-05-27,26.953915981581122,27.40717957048004,26.702934891379197,26.977582576782304,1794528,26.977582576782304
ACET,2010-05-28,27.35798288844256,27.94227739356815,26.59088862759622,27.223031653480447,632369,27.223031653480447
ACET,2010-05-31,28.389388036780883,28.999548464580087,28.312942182976112,28.378709057651523,1366980,28.378709057651523
ACET,2010-06-01,28.818601248017757,29.11188773086124,28.45552307739519,28.78061528840555,116450,28.78061528840555
ACET,2010-06-02,28.71880537415521,29.368279867988754,27.903392239395853,28.67248684001095,1112300,28.67248684001095
ACET,2010-06-03,28.30972488898109,29.025304189233363,27.392165998526504,28.225769869561656,999205,28.225769869561656
ACET,2010-06-04,27.255719909969915,28.00048550432821,26.451067702181728,27.497275673013682,1158685,27.497275673013682
ACET,2010-06-07,27.511821486980416,27.830401782921637,26.666602559669286,27.447868992536982,317107,27.447868992536982
ACET,2010-06-08,27.537674386672755,28.044566899993974,27.346004042570765,27.418705401607255,965756,27.418705401607255
ACET,2010-06-09,28.166531224160316,29.00491158363956,27.62436385781508,28.27356184711567,724118,28.27356184711567
ACET,2010-06-10,28.341216274967522,29.106830222669,27.48150661768551,28.072518018136286,514411,28.072518018136286
ACET,2010-06-11,28.4305848721652,28.661279129151236,27.932946482221308,28.634205521793838,1751178,28.634205521793838
ACET,2010-06-14,28.829377586672987,28.93523781434187,28.088155602329394,28.594648394317467,1390341,28.594648394317467
ACET,2010-06-15,29.75894545806071,29.762975457243126,28.976837429647688,29.654295799323954,1208919,29.654295799323954
ACET,2010-06-16,28.902510063587297,29.329494517528985,28.022964983443014,28.807839162393027,908844,28.807839162393027
ACET,2010-06-17,29.794568045686024,30.184630421185943,28.78137648166619,29.572171910855594,390489,29.572171910855594
ACET,2010-06-18,29.50769455290606,29.990855014584614,28.960741549863737,29.313213568550413,760434,29.313213568550413
ACET,2010-06-21,29.738014989403503,30.44202968428667,29.19990714114092,29.830229516600927,1305604,29.830229516600927
ACET,2010-06-22,30.875402227685115,31.214213832505532,30.65912120048586,30.749103481617013,210852,30.749103481617013
ACET,2010-06-23,30.290372125608197,30.756345058951393,29.803063687709265,30.565089571879103,1683816,30.565089571879103
ACET,2010-06-24,29.93583241151973,30.31222433900872,29.489930622105547,29.95739068918815,957795,29.95739068918815
ACET,2010-06-25,29.56469183198627,29.572684055738378,29.24499351847665,29.30808358104251,630294,29.30808358104251
ACET,2010-06-28,28.72683334025035,29.575281999528904,28.297344837643283,28.857216333788006,1236911,28.857216333788006
ACET,2010-06-29,27.331718726947965,27.89744904535174,26.923368071634872,27.579954429538653,472677,27.579954429538653
ACET,2010-06-30,27.524613417600566,28.03887366860723,26.95403858401446,27.47902846171427,1372544,27.47902846171427
ACET,2010-07-01,27.75554309432087,28.107386513909056,27.514412811658897,27.83621257025612,918440,27.83621257025612
ACET,2010-07-02,27.91634000972255,28.499819347728312,27.407336637791143,27.98367799031567,450901,27.98367799031567
ACET,2010-07-05,27.847959133217298,28.29945981586138,27.458744096009237,27.802109458413568,1249026,27.802109458413568
ACET,2010-07-06,27.42391579055128,27.595501195554824,26.903853997770636,27.357388607610822,1400554,27.357388607610822
ACET,2010-07-07,27.047032531788737,27.5890118097105,26.66465093950189,27.080980183949595,992603,27.080980183949595
ACET,2010-07-08,27.247973881026574,27.337583545608307,27.102487147201163,27.24386047100913,654187,27.24386047100913
ACET,2010-07-09,27.962819195347357,28.366394691916412,27.202651579805668,27.68965753571117,982394,27.68965753571117
ACET,2010-07-12,27.18148346698102,27.768504073740814,26.313075272773705,26.935215888131438,369952,26.935215888131438
ACET,2010-07-13,27.144688576656204,27.591812674452168,26.68414146791507,27.032602178001383,1143730,27.032602178001383
ACET,2010-07-14,27.001551433286682,27.794244145145722,26.950930667778433,27.18560913860775,484830,27.18560913860775
ACET,2010-07-15,26.647301654392102,26.94112970145579,26.402049499644786,26.72214499320252,484628,26.72214499320252
ACET,2010-07-16,27.223927212734225,27.263798175947056,26.456352807293946,27.016929859133946,214131,27.016929859133946
ACET,2010-07-19,27.473157200111313,27.561420327843113,27.442656911843343,27.515219211542576,1744713,27.515219211542576
ACET,2010-07-20,27.485727367920074,27.707310830714036,26.70057865142788,27.23766434418187,522672,27.23766434418187
ACET,2010-07-21,26.805968435752085,27.140155600334907,26.79250167248403,26.81224154400995,1511844,26.81224154400995
ACET,2010-07-22,28.146929972083626,28.600803613343906,27.26735000429427,27.944739090754616,1768242,27.944739090754616
ACET,2010-07-23,28.12490991021173,29.03398058008454,28.124614205758757,28.38870978180781,1444473,28.38870978180781
ACET,2010-07-26,28.465885020106132,29.22136836920336,27.676730114583187,28.503416212290148,1477325,28.503416212290148
ACET,2010-07-27,28.273186069306462,28.861563206738648,27.91813864159291,28.16039700486595,930940,28.16039700486595
ACET,2010-07-28,27.971688737015953,28.360390838066998,27.55353039424616,27.76976669220133,1462637,27.76976669220133
ACET,2010-07-29,28.151589089402183,28.374960983111304,27.819974950369414,28.08999733605633,946806,28.08999733605633
ACET,2010-07-30,27.49345557681926,28.029474376692214,27.310024823190187,27.674300474228183,326653,27.674300474228183
ACET,2010-08-02,27.452679186536972,27.677842892015875,26.81082198847671,27.242479394598867,1586029,27.242479394598867
ACET,2010-08-03,27.231036854565094,27.74117978814367,26.418783659942786,27.190352928628858,746570,27.190352928628858
ACET,2010-08-04,27.321908362820125,28.213743034634994,26.795486192353188,27.53779465924223,1035708,27.53779465924223
ACET,2010-08-05,28.46875407378671,28.93223958489698,28.163268255337677,28.489353712722625,1607943,28.489353712722625
ACET,2010-08-06,28.751205219809574,28.790743424102473,28.333345868065653,28.637261340760965,86052,28.637261340760965
ACET,2010-08-09,28.18633098035876,29.009393025646055,27.505794989835234,28.21397178738788,1688105,28.21397178738788
ACET,2010-08-10,28.297713950225212,28.547540893808453,27.459929198540618,28.089408454746547,1139879,28.089408454746547
ACET,2010-08-11,28.764611306982513,29.598948701072153,28.32166345057366,28.808576470464658,114548,28.808576470464658
ACET,2010-08-12,29.53905071255698,30.259568687190498,29.249733707662575,29.489830599009686,1367866,29.489830599009686
ACET,2010-08-13,30.0377389576134,30.586706187169543,29.905090592931067,30.212262851750744,388265,30.212262851750744
ACET,2010-08-16,30.823987481433512,30.876422567728543,29.97163747950112,30.816168587398536,104933,30.816168587398536
ACET,2010-08-17,31.794371543761912,32.880573255743705,31.72342550266469,31.971585367249812,1628477,31.971585367249812
ACET,2010-08-18,31.94101654109268,32.75255834305375,31.871766816232192,32.11754281191262,1644464,32.11754281191262
ACET,2010-08-19,32.454248407984316,32.84188669438165,31.48834546485036,32.59774201088846,687463,32.59774201088846
ACET,2010-08-20,31.83215372489478,32.63920135602144,31.360792336967588,32.12500574795812,403604,32.12500574795812
ACET,2010-08-23,32.06983105254892,32.90267808827748,31.672624641510808,32.287247148743866,1391783,32.287247148743866
ACET,2010-08-24,32.42550643234714,32.69545401037151,31.9913743901083,32.47463365198663,54962,32.47463365198663
ACET,2010-08-25,32.73982420228062,33.07575826306307,32.3624371506988,32.98320031176177,1040841,32.98320031176177
ACET,2010-08-26,32.377442040543954,32.8783113531735,31.89503558796416,32.61659687656769,721829,32.61659687656769
ACET,2010-08-27,31.98260767518466,32.02828139908377,31.01477477722042,31.6860692686432,1488880,31.6860692686432
ACET,2010-08-30,31.31437454223962,31.425942737873065,30.46485099577958,31.360099220711362,1771360,31.360099220711362
ACET,2010-08-31,31.95441766735834,32.166456742832615,31.195544418914423,32.01605966000229,1100867,32.01605966000229
ACET,2010-09-01,31.759934749236372,32.05979095615375,31.512450330110124,31.908157294421404,1043213,31.908157294421404
ACET,2010-09-02,32.22093782897785,32.46061480705984,31.47949186863056,32.21291864250467,947803,32.21291864250467
ACET,2010-09-03,31.932049748924474,32.83007085527506,31.70799829313451,31.87081641203679,498285,31.87081641203679
ACET,2010-09-06,32.47125451520976,33.08632127284538,31.890170083521376,32.524473972441704,204841,32.524473972441704
ACET,2010-09-07,32.411156085484365,32.891829168220916,31.841830651722866,32.48013836706322,219989,32.48013836706322
ACET,2010-09-08,32.55724773548878,33.10792069998218,32.29933519093818,32.42726196398681,1470226,32.42726196398681
ACET,2010-09-09,33.57150556170044,33.5772579248812,32.487934036764926,33.272204315931866,197836,33.272204315931866
ACET,2010-09-10,34.55937213054868,35.48702887301296,33.4662984954454,34.30018479347356,280154,34.30018479347356
ACET,2010-09-13,34.9385466870716,35.76932804868084,34.92325031761766,35.20709211494833,495674,35.20709211494833
ACET,2010-09-14,35.11846945157325,35.59430785405125,34.529289181165495,35.011817384513726,282831,35.011817384513726
ACET,2010-09-15,34.300907868731606,35.62103135895449,33.46793162617868,34.64244943185654,1459147,34.64244943185654
ACET,2010-09-16,34.1629885887577,34.91157628041831,33.219605459927344,34.072293746095944,575371,34.072293746095944
ACET,2010-09-17,33.12437536034198,33.48355236657911,32.986907515896085,33.14800751038267,308548,33.14800751038267
ACET,2010-09-20,32.58364286328898,33.504700584883324,32.19248858037606,32.58943527539771,789337,32.58943527539771
ACET,2010-09-21,32.14777215724651,32.96946692305074,31.239288552894912,32.09127507733786,239386,32.09127507733786
ACET,2010-09-22,31.50713497311257,32.40937366448502,31.248586157788658,31.354965948760622,1556831,31.354965948760622
ACET,2010-09-23,30.627979879609615,30.71639422417872,29.979437573290877,30.488065389783085,204195,30.488065389783085
ACET,2010-09-24,29.49384313365581,30.618036970985152,29.484426285266796,29.765014901938983,665849,29.765014901938983
ACET,2010-09-27,29.895956386623897,30.382856436842413,29.114076217309577,29.75521754835658,686587,29.75521754835658
ACET,2010-09-28,30.221139883441932,30.830593062005523,29.59870694154053,30.023097933687428,1118178,30.023097933687428
ACET,2010-09-29,29.981646109350773,30.43540104392046,29.2378916668209,30.242839832439913,857368,30.242839832439913
ACET,2010-09-30,29.859068806505995,30.09139220466947,29.357173074480908,29.96517753739183,415155,29.96517753739183
ACET,2010-10-01,29.96123888056021,30.032595313930347,29.051382917809445,29.78724320678897,197449,29.78724320678897
ACET,2010-10-04,30.00962300149073,30.394016933212164,29.385930983869155,30.013760809185584,641630,30.013760809185584
ACET,2010-10-05,30.259744125989826,30.46068347538894,29.482018206674777,30.1422550001235,783910,30.1422550001235
ACET,2010-10-06,30.484721884838507,30.55936943497273,29.82769991777564,30.48331001521952,241060,30.48331001521952
ACET,2010-10-07,30.239406462019964,31.10582550892465,29.92580954988234,29.952923255259048,245588,29.952923255259048
ACET,2010-10-08,31.24050998565656,31.927855573120123,30.07694026088596,30.97032912508152,1532226,30.97032912508152
ACET,2010-10-11,31.224737199917122,31.849240484140168,30.75342620055565,31.36201170963808,422942,31.36201170963808
ACET,2010-10-12,31.752925318666296,32.53528442752994,31.399749410002986,31.825560909792983,654059,31.825560909792983
ACET,2010-10-13,31.170789479774594,31.786223527883692,30.853559406356172,31.213648317357542,979023,31.213648317357542
ACET,2010-10-14,30.357876039795688,30.763538285411318,30.134331892602923,30.600103809783462,1510915,30.600103809783462
ACET,2010-10-15,30.16069271461697,30.792915413823494,29.94440924849753,30.218667259859657,757470,30.218667259859657
ACET,2010-10-18,30.830492557581,31.46037086818556,30.621014227655802,30.66194518105387,410432,30.66194518105387
ACET,2010-10-19,30.226031910095593,30.441365944958363,29.797741747912738,30.01777084840155,1072994,30.01777084840155
ACET,2010-10-20,30.52529290106154,30.818468174928483,30.131142364244628,30.291363153680443,303090,30.291363153680443
ACET,2010-10-21,30.855235495983372,31.516023862349773,30.42231995597672,31.15774038891926,1305377,31.15774038891926
ACET,2010-10-22,30.941419896160635,31.500729353721642,30.44778761326354,30.76372490561792,542233,30.76372490561792
ACET,2010-10-25,30.244848142085168,30.35990678690014,29.769762107646528,30.243258747249307,533086,30.243258747249307
ACET,2010-10-26,29.671822220572054,30.512951778626448,29.027721478100393,29.847228926014363,1140417,29.847228926014363
ACET,2010-10-27,29.77294609183735,30.08276601451734,29.159667835754693,29.773693398136672,257447,29.773693398136672
ACET,2010-10-28,30.541271909815404,31.175100380149516,29.750528989051833,30.332426801688595,1454078,30.332426801688595
ACET,2010-10-29,30.896824230442252,31.803343764243756,30.285663432875655,30.937507443929228,528135,30.937507443929228
ACET,2010-11-01,31.736268085921033,32.5644653356412,30.987829825765115,31.427984025794235,549954,31.427984025794235
ACET,2010-11-02,30.384442354543463,31.056772093859752,29.629488379105744,30.31370037257229,468451,30.31370037257229
ACET,2010-11-03,30.219518148867266,30.40100949343026,29.781312876191507,30.22570615543748,231220,30.22570615543748
ACET,2010-11-04,29.622802199069664,30.39808445621649,29.548367186911573,29.74482180693539,1712728,29.74482180693539
ACET,2010-11-05,29.698709746857055,30.564058778922256,29.16944651208424,29.992000886108897,1132884,29.992000886108897
ACET,2010-11-08,30.59337030460839,31.302414635171214,29.813996234576724,30.52587859031526,1590746,30.52587859031526
ACET,2010-11-09,30.305388902461353,31.095281215107754,29.665596287852555,30.258490936720147,999109,30.258490936720147
ACET,2010-11-10,31.40782782641755,31.70131052903597,31.28130724645044,31.397269329620755,1563306,31.397269329620755
ACET,2010-11-11,30.907094098037966,31.50450109585916,30.829787259131688,30.883804957983482,1650257,30.883804957983482
ACET,2010-11-12,31.430144759889156,31.689573749634974,31.109564710668543,31.215679078014187,1053187,31.215679078014187
ACET,2010-11-15,32.40823660174411,32.8652835661399,31.715362384963584,32.52737140126348,1009733,32.52737140126348
ACET,2010-11-16,33.15095367038153,33.668749565341855,32.50947393426812,33.11766780191883,1657827,33.11766780191883
ACET,2010-11-17,33.63371581259128,34.071791656603764,33.48790238334976,33.513103743515344,737636,33.513103743515344
ACET,2010-11-18,33.232568582399,34.028874217796144,32.55846484867198,33.42656370489856,1765185,33.42656370489856
ACET,2010-11-19,34.12404053012168,34.90080074515861,32.96139657862639,33.83655204518084,1480173,33.83655204518084
ACET,2010-11-22,33.66552817871607,34.27657773932631,32.78498666861238,33.50662466994827,780287,33.50662466994827
ACET,2010-11-23,33.944291592719765,35.24676515849784,33.90760887130902,34.25028680596372,1001040,34.25028680596372
ACET,2010-11-24,34.053071214263575,34.80712881132098,33.21380253241208,33.80621371309215,1463538,33.80621371309215
ACET,2010-11-25,33.958721400492244,34.96221366622262,33.602468893296106,33.66925326459191,871145,33.66925326459191
ACET,2010-11-26,33.35516909652908,34.09909682845118,32.26913485174138,33.160404743327234,107311,33.160404743327234
ACET,2010-11-29,32.91813293690675,33.469109102743,32.68710252369528,32.96677567703573,1543768,32.96677567703573
ACET,2010-11-30,33.026803424048865,33.43402962036427,31.813922970198185,32.70344685076553,1576896,32.70344685076553
ACET,2010-12-01,31.264068978734816,32.19589353012548,30.511382508170065,31.500679465764918,491511,31.500679465764918
ACET,2010-12-02,31.563668945706972,32.21431394933863,31.177326847203577,31.540577558141102,464228,31.540577558141102
ACET,2010-12-03,31.06702479521544,31.900615408051817,30.539952366220167,31.273183371720332,896927,31.273183371720332
ACET,2010-12-06,30.491098497709576,31.189171177763573,30.186194452058736,30.528129850155132,1696819,30.528129850155132
ACET,2010-12-07,30.41267242518362,31.208424968540164,30.130835821148874,30.15489373426886,1242996,30.15489373426886
ACET,2010-12-08,30.559760144843633,30.76856915591247,29.5175773932204,30.38096142502652,854442,30.38096142502652
ACET,2010-12-09,29.563851688613173,30.064865608154676,28.685062053293894,29.39799879705756,485526,29.39799879705756
ACET,2010-12-10,29.241757076333258,29.858278156743804,28.926142536563514,29.327479068185266,823085,29.327479068185266
ACET,2010-12-13,30.24881839934935,30.514575598462525,29.89526735960995,29.9883574134458,1384423,29.9883574134458
ACET,2010-12-14,29.68475992376786,30.645315043372246,29.504556727455228,29.763179394852987,644097,29.763179394852987
ACET,2010-12-15,30.33496455916582,31.33817032120689,29.848618468346732,30.61665404254468,1277957,30.61665404254468
ACET,2010-12-16,31.351505008079446,31.65367028272816,31.02660234864589,31.26533695001984,396077,31.26533695001984
ACET,2010-12-17,31.414629314886533,31.839897503631423,30.66830966767558,31.501164515454683,1144253,31.501164515454683
ACET,2010-12-20,31.28859122952552,32.185691879068386,30.36282181865298,31.506791585074758,524220,31.506791585074758
ACET,2010-12-21,31.804914887336185,31.815881306106988,31.12408071997583,31.530812450640454,1514475,31.530812450640454
ACET,2010-12-22,31.931723170887697,32.3762513989701,31.665904307851594,31.844317185843224,1547347,31.844317185843224
ACET,2010-12-23,33.38286915770175,33.72649001834956,32.52887207354866,33.09131502304996,629979,33.09131502304996
ACET,2010-12-24,33.482722113831585,34.34055243566166,32.99528230130824,33.42724713543125,1153426,33.42724713543125
ACET,2010-12-27,34.1026379333278,35.21940449191884,33.511483568020466,34.40272349178002,1705054,34.40272349178002
ACET,2010-12-28,33.36210036646924,34.01425839302353,32.875718875706156,33.678720406734875,1258731,33.678720406734875
ACET,2010-12-29,33.625024506073316,34.49738909290855,33.24204905718454,33.35778764035884,1236852,33.35778764035884
ACET,2010-12-30,33.08142259101874,34.304593237357714,32.56350656369496,33.38945504734241,1049816,33.38945504734241
ACET,2010-12-31,34.34876673488151,34.918055139067526,33.24941648711422,34.26982564512168,1475165,34.26982564512168
ACET,2011-01-03,33.01607764462705,33.308381057708466,32.81783126166883,33.15001976414949,1720778,33.15001976414949
ACET,2011-01-04,35.24961332648325,36.06422633813123,34.71506256876385,35.11781046725015,729135,35.11781046725015
ACET,2011-01-05,34.98862049231472,35.476569117678835,34.70562553582993,35.13991721296849,410431,35.13991721296849
ACET,2011-01-06,35.62102559722404,36.52253106710903,35.515324342579056,35.953798009361435,1529549,35.953798009361435
ACET,2011-01-07,36.13177008409478,36.18118605844921,35.19556995854979,35.965724625183114,1172897,35.965724625183114
ACET,2011-01-10,35.30403849849656,35.96973047293189,34.777729339577,35.43806339000865,1019265,35.43806339000865
ACET,2011-01-11,36.6647549120013,37.08302408939086,36.19074059891632,36.62754211504908,251805,36.62754211504908
ACET,2011-01-12,36.717167792650436,37.47287902730953,35.800018291833766,36.5171517982718,896360,36.5171517982718
ACET,2011-01-13,36.18932900725809,36.23360702761984,35.8766747007735,36.04312130981178,1751670,36.04312130981178
ACET,2011-01-14,36.21911185229857,37.010249374181605,35.890495321554816,36.32913747503282,1130857,36.32913747503282
ACET,2011-01-17,36.9462450546576,37.80187140262857,36.46999266363618,36.764022954885036,376203,36.764022954885036
ACET,2011-01-18,37.33607701672808,37.35038959273368,36.80766289415133,37.02089517792192,664707,37.02089517792192
ACET,2011-01-19,37.419108595622674,38.26099739073322,36.50595917827255,37.33698619876295,234901,37.33698619876295
ACET,2011-01-20,37.78362929124661,37.93121671221037,37.34332016190138,37.63046872224916,1048041,37.63046872224916
ACET,2011-01-21,38.82423088544422,39.63727563938778,38.28063373464593,38.54217298909067,1097093,38.54217298909067
ACET,2011-01-24,38.873273525040204,39.40421601829047,38.425381559732564,38.607928478329015,514754,38.607928478329015
ACET,2011-01-25,38.048854673425566,38.79407356363634,37.46503818067968,38.162118828916384,54008,38.162118828916384
ACET,2011-01-26,39.09196847274729,39.48759551509357,38.13547761314519,38.711281270691735,608451,38.711281270691735
ACET,2011-01-27,36.624528602414514,37.245406363030554,35.633664675248966,36.97313647479691,1732816,36.97313647479691
ACET,2011-01-28,37.784184604758664,37.86471859953424,37.253924591487475,37.41993330724431,468929,37.41993330724431
ACET,2011-01-31,38.33007125020286,39.52517024600497,37.79362832123172,38.525784443948716,218212,38.525784443948716
ACET,2011-02-01,39.06290648341358,39.825703391601145,38.58762972717363,39.10949602217937,300317,39.10949602217937
ACET,2011-02-02,38.268242293883624,39.39654218453717,36.97587014018811,37.976816756128436,89533,37.976816756128436
ACET,2011-02-03,38.851383887474576,40.04740019170791,38.38729151742709,39.05106852842272,1245079,39.05106852842272
ACET,2011-02-04,38.457296667332734,39.679016886785895,37.35202052039813,38.67015138402737,392006,38.67015138402737
ACET,2011-02-07,38.951936283670996,39.65055836374594,38.75128828879819,38.840767201338615,348392,38.840767201338615
ACET,2011-02-08,39.98860290624233,40.085706476253826,39.66192327128812,39.82496171989903,293726,39.82496171989903
ACET,2011-02-09,38.9996586392995,40.46694605706818,38.05701827579909,39.38765008625778,329567,39.38765008625778
ACET,2011-02-10,39.47712985468432,39.656047874904424,38.99606233909526,39.51629505854497,1590742,39.51629505854497
ACET,2011-02-11,38.57029970445618,39.17722760266182,38.110579284604725,38.57870293459614,1090092,38.57870293459614
ACET,2011-02-14,38.292041814144895,39.45641579129289,38.066232588278766,38.46758077182456,1492398,38.46758077182456
ACET,2011-02-15,37.687270067969486,38.22138312051177,37.37797007918497,37.652547103929216,846764,37.652547103929216
ACET,2011-02-16,37.759492565714424,38.211141097860036,37.75183858317857,38.022166723054625,832212,38.022166723054625
ACET,2011-02-17,36.88710585642887,37.432146676289406,36.16873759662212,37.017700006623905,518881,37.017700006623905
ACET,2011-02-18,37.13619335629203,38.23734167988211,36.00739501417605,36.97848806722282,1392541,36.97848806722282
ACET,2011-02-21,36.881209741634244,37.98737958907752,36.13911706393862,36.607541616817116,1325742,36.607541616817116
ACET,2011-02-22,36.20324943232178,36.975285525819395,35.88277807461188,36.13864873429,383297,36.13864873429
ACET,2011-02-23,36.60790110366498,37.90544124963414,35.82353291387372,36.92185164051698,75233,36.92185164051698
ACET,2011-02-24,36.332367153591626,36.380551205941664,35.37339725913233,36.202944617118774,541327,36.202944617118774
ACET,2011-02-25,36.14135517922271,36.44057478054706,35.64373102446797,35.856228016727215,1350974,35.856228016727215
ACET,2011-02-28,36.01253437836891,36.411149432050486,35.74337787591271,36.00942745400246,1602280,36.00942745400246
ACET,2011-03-01,36.46785544638289,36.48558434664605,35.59633784934326,36.47245683626345,1614618,36.47245683626345
ACET,2011-03-02,35.61755590942243,36.02034938788775,35.13257556798158,35.27090388683151,1719145,35.27090388683151
ACET,2011-03-03,35.2703591233673,35.36879684581314,34.26141190478614,35.17447506078972,899604,35.17447506078972
ACET,2011-03-04,35.92226476298252,36.479860181117566,34.74963323602485,35.70373725304399,1293791,35.70373725304399
ACET,2011-03-07,36.97563311477777,36.98053531711181,36.14992193098876,36.86761580411838,1751822,36.86761580411838
ACET,2011-03-08,36.70721788518099,37.212751679853504,36.582265700186966,36.91325609988754,1185692,36.91325609988754
ACET,2011-03-09,35.816521549290165,36.9067186081295,35.4892733364222,35.971863752218525,1479817,35.971863752218525
ACET,2011-03-10,36.10522694389487,36.336002225565345,35.33251622743803,35.98596531017416,816303,35.98596531017416
ACET,2011-03-11,35.65121684390209,35.751980140747094,34.749865941711626,35.682566740563026,76613,35.682566740563026
ACET,2011-03-14,35.8667240622443,36.20469599985397,35.55842429657844,35.93547020493879,771818,35.93547020493879
ACET,2011-03-15,36.87557702585051,38.15549985855404,36.43212669833696,37.23117048057699,1164032,37.23117048057699
ACET,2011-03-16,36.718620287888164,37.36544158302822,36.42503912616532,36.43850361485128,1561385,36.43850361485128
ACET,2011-03-17,37.51162546496338,38.17116353207951,36.96355002928126,37.225364060818286,890904,37.225364060818286
ACET,2011-03-18,37.86061291011686,37.89084162175796,36.84078879028628,37.89018913943846,1571966,37.89018913943846
ACET,2011-03-21,38.54015988716512,39.086063385375674,38.073065693661995,38.386048188452776,738250,38.386048188452776
ACET,2011-03-22,38.3522353609127,38.90855841808178,37.497878390563876,38.60096503816141,879617,38.60096503816141
ACET,2011-03-23,40.17297100641589,40.578166453411846,40.12398984677336,40.16990923618333,161917,40.16990923618333
ACET,2011-03-24,41.137215160341604,41.92732819708651,39.92688459399999,41.18757467913582,1775447,41.18757467913582
ACET,2011-03-25,40.889114269095465,41.961643638348946,39.830060616355716,40.76143838077086,877393,40.76143838077086
ACET,2011-03-28,40.80044220071972,41.047711989480376,40.187209567271836,40.825226459915214,919521,40.825226459915214
ACET,2011-03-29,40.0206423264897,40.94426663454435,38.91495410191175,40.0218955860005,1076595,40.0218955860005
ACET,2011-03-30,40.943385422666594,41.17166922657179,40.13769677707168,41.11135618153006,1669543,41.11135618153006
ACET,2011-03-31,40.80232548577193,41.57777598594325,40.186906017795835,41.17419170654112,560582,41.17419170654112
ACET,2011-04-01,40.0600691840896,40.3231589089051,39.069532391291276,39.728711264690794,531761,39.728711264690794
ACET,2011-04-04,37.57988988912732,38.99250244005908,36.971755453731255,37.95010713199719,362677,37.95010713199719
ACET,2011-04-05,37.41143568443494,37.7764260322041,37.27565804508484,37.57577376042115,264666,37.57577376042115
ACET,2011-04-06,36.96700805903869,37.64816393967408,36.41837057112497,37.00578213864933,1428874,37.00578213864933
ACET,2011-04-07,36.58760727984698,36.9019949932192,36.52289863975021,36.720467546509404,138755,36.720467546509404
ACET,2011-04-08,36.63837676646398,37.158807009056744,35.66457236020219,36.60037249879079,1739289,36.60037249879079
ACET,2011-04-11,37.503106517061106,37.99739203934771,36.69332753860308,37.531921262903914,1787655,37.531921262903914
ACET,2011-04-12,38.39204200268699,38.62858776821481,37.99643017910655,38.5807200605329,173239,38.5807200605329
ACET,2011-04-13,39.93733396133587,41.26684464334203,39.0784287756586,40.2691354241477,123157,40.2691354241477
ACET,2011-04-14,41.31515091021583,42.59081853710954,40.506129279369794,41.61684366981423,1541695,41.61684366981423
ACET,2011-04-15,42.130166529382265,42.49297913421864,42.00507557439267,42.14169643915586,394703,42.14169643915586
ACET,2011-04-18,41.35024987340814,42.11191544335929,40.49762958883471,41.06611707738699,1313433,41.06611707738699
ACET,2011-04-19,41.38659759208802,42.17373841023825,40.56051376542795,41.71982308762992,369261,41.71982308762992
ACET,2011-04-20,40.66357883143588,41.601964688837214,40.24854191234,40.519970880071696,385798,40.519970880071696
ACET,2011-04-21,41.039001341120574,41.89156745702349,39.66312666665638,40.80065116213667,630635,40.80065116213667
ACET,2011-04-22,39.51711785442666,39.80206617608931,38.99983397272344,39.69433537541998,363436,39.69433537541998
ACET,2011-04-25,41.343267471280235,42.3903123847895,40.09168949641759,41.20462257517621,1117698,41.20462257517621
ACET,2011-04-26,41.68627546779922,41.910663649092406,40.50564074829036,41.531232776793935,405544,41.531232776793935
ACET,2011-04-27,41.56815855767282,41.78528114922814,40.231788612697784,41.39612229157541,1767731,41.39612229157541
ACET,2011-04-28,41.39171722497083,42.30284851968794,40.949562748457275,41.07070115676227,548202,41.07070115676227
ACET,2011-04-29,40.986031274894415,41.2951609368487,39.81572162028702,41.06938070868288,701361,41.06938070868288
ACET,2011-05-02,40.32683535190181,40.68346408091486,39.74179352341769,40.53462464383434,727171,40.53462464383434
ACET,2011-05-03,40.34498514216829,40.75115766752329,39.372411322657506,40.309637727353504,1615089,40.309637727353504
ACET,2011-05-04,38.496331781592616,39.813280082280016,37.78444448745853,38.83611017304072,871151,38.83611017304072
ACET,2011-05-05,38.06348824365076,38.3929121691605,37.48529188780022,38.19034056838928,324731,38.19034056838928
ACET,2011-05-06,37.67087883856066,38.05407416779574,36.76757215501353,37.384346420677105,613075,37.384346420677105
ACET,2011-05-09,37.80243878319257,38.12707170648689,37.49271272774556,37.778217233694804,787839,37.778217233694804
ACET,2011-05-10,37.7782255937744,38.230184319767744,37.67835884639633,37.82613215999089,1769649,37.82613215999089
ACET,2011-05-11,38.294837398086315,39.299595615890254,37.490958544549834,38.475144305061825,58975,38.475144305061825
ACET,2011-05-12,38.003889473633244,38.65917293887992,36.89175181967065,38.19457536811734,1593867,38.19457536811734
ACET,2011-05-13,38.09884528034918,39.173371014337526,37.97762858729849,38.300603651880145,581246,38.300603651880145
ACET,2011-05-16,37.12297791017051,37.83618805681445,36.85666087725359,36.88013427242523,568253,36.88013427242523
ACET,2011-05-17,37.90854149173664,38.31920379156488,36.90611225021495,37.54434603795534,1190554,37.54434603795534
ACET,2011-05-18,38.50507980167901,39.00438377535881,37.85009054347696,38.47830011050185,1105223,38.47830011050185
ACET,2011-05-19,38.65173283826151,39.80209011468136,37.65933735719921,38.97928872918906,1177607,38.97928872918906
ACET,2011-05-20,38.55296682008329,39.1714590511169,37.756794416335495,38.360367817311676,435242,38.360367817311676
ACET,2011-05-23,39.08115203934024,40.099224055458514,37.97797930474336,38.78864344753292,887760,38.78864344753292
ACET,2011-05-24,39.27807326593183,40.37768266637633,38.935648096064725,38.942213674390025,326120,38.942213674390025
ACET,2011-05-25,37.64650362689647,38.45707877047905,36.63153014534228,37.54979387291614,721039,37.54979387291614
ACET,2011-05-26,38.47069163078114,39.61235609275082,37.74831088787997,38.465398150962926,783787,38.465398150962926
ACET,2011-05-27,37.81210202377504,38.488791319780084,37.28719353228879,37.72117338923252,999005,37.72117338923252
ACET,2011-05-30,37.78590178647821,38.20318977974334,37.04354887188472,38.15759436554529,800049,38.15759436554529
ACET,2011-05-31,38.321084061700184,38.901478404147326,37.59998855881413,38.20233601570654,932935,38.20233601570654
ACET,2011-06-01,39.37706045624525,39.648773135241484,39.18145135973491,39.21264466576149,1672959,39.21264466576149
ACET,2011-06-02,38.773730324490884,39.161909470349364,38.03262515069793,38.602312626648455,845715,38.602312626648455
ACET,2011-06-03,38.30776267006371,38.87096728754569,38.15656791544833,38.25950077305448,258141,38.25950077305448
ACET,2011-06-06,38.94087028884907,39.285556341944556,37.672252271848414,38.78569309701197,346655,38.78569309701197
ACET,2011-06-07,38.48114071933727,38.8385785348695,37.36128975079316,38.374588003421245,250590,38.374588003421245
ACET,2011-06-08,39.1424176086714,39.92146774414579,39.07725909875302,39.445732873639535,1479217,39.445732873639535
ACET,2011-06-09,39.21997437335168,39.557019868493505,37.89293435237227,38.90996562726184,1260060,38.90996562726184
ACET,2011-06-10,39.46659577732165,39.667284595141815,39.05880116652713,39.369960235372474,608736,39.369960235372474
ACET,2011-06-13,39.57138742907672,40.48021588159218,38.73723277754818,39.391922266380995,525227,39.391922266380995
ACET,2011-06-14,38.8080508054941,39.39195209586959,38.11736257606853,38.93037977583684,611075,38.93037977583684
ACET,2011-06-15,40.272048362102986,41.2769454690289,39.528889968020714,39.93718345269776,383449,39.93718345269776
ACET,2011-06-16,39.17721312811255,40.21468487701317,38.855025199146304,39.175163666741426,354622,39.175163666741426
ACET,2011-06-17,39.7374535959108,40.63269489640624,39.514884547006226,39.59569625842771,1551712,39.59569625842771
ACET,2011-06-20,38.13647726775443,38.59030877856254,36.95210261980795,37.79467578027535,633047,37.79467578027535
ACET,2011-06-21,38.36675134975193,39.19699493435311,37.70546919498307,38.05011145338145,300369,38.05011145338145
ACET,2011-06-22,39.07683198674368,39.25879775385865,38.195178092082955,38.96399322031621,926983,38.96399322031621
ACET,2011-06-23,38.619338512857105,39.65036361919857,38.292166767204215,38.879253013064584,535113,38.879253013064584
ACET,2011-06-24,39.41230676364994,39.892386571462765,38.05504326854269,39.06031982332745,1095312,39.06031982332745
ACET,2011-06-27,40.75660241124851,41.55825757359771,39.70885128435951,40.365752377750816,220614,40.365752377750816
ACET,2011-06-28,40.8797840699475,42.13970932214704,39.87859285633601,41.206637844776196,1759252,41.206637844776196
ACET,2011-06-29,39.49498952306829,40.201650736042744,38.70877804697467,39.53428843849222,1644722,39.53428843849222
ACET,2011-06-30,39.19221136301332,39.94761606746988,38.820391993880754,39.15442298784632,1206202,39.15442298784632
ACET,2011-07-01,36.944454663797075,37.486947208390134,36.09475051192622,37.24834037632507,106527,37.24834037632507
ACET,2011-07-04,37.25554912372154,38.154793493911725,36.90335442769089,37.4882160255559,986904,37.4882160255559
ACET,2011-07-05,37.49062479414369,38.008528857800876,36.89587581384492,37.462374124800945,1269491,37.462374124800945
ACET,2011-07-06,37.456347525480744,37.937346425486254,36.10171126695956,37.112618287261945,1790941,37.112618287261945
ACET,2011-07-07,36.37390700206048,37.17270219770043,35.70465768754595,36.720689870740024,957081,36.720689870740024
ACET,2011-07-08,36.04879068977524,36.38504374593377,35.613570533137235,35.75386203436654,1536607,35.75386203436654
ACET,2011-07-11,35.37651950877475,35.70056983799331,35.08544706902273,35.09672270056667,348664,35.09672270056667
ACET,2011-07-12,35.932010311935805,36.6862660694692,35.00169514872236,35.67714801125562,295442,35.67714801125562
ACET,2011-07-13,34.909706281446574,35.58102231343827,33.91988491547672,34.995409389060676,364779,34.995409389060676
ACET,2011-07-14,34.480298956107774,34.51761667709783,33.58055738877969,34.486628261329,1241005,34.486628261329
ACET,2011-07-15,33.50197667579364,33.61556181680659,33.289053268950745,33.566696866154054,1588972,33.566696866154054
ACET,2011-07-18,34.13153645722228,34.715307581299264,33.47938279006812,33.82871118063939,1189392,33.82871118063939
ACET,2011-07-19,34.48061782086216,35.35602913688587,33.72661929632503,34.46590045414692,1083115,34.46590045414692
ACET,2011-07-20,34.95430307004571,35.296477434173575,34.316001034496786,35.2499709371637,485541,35.2499709371637
ACET,2011-07-21,34.85146897024372,35.54238521298413,34.65401821457024,35.009670779574755,130159,35.009670779574755
ACET,2011-07-22,34.95844137552558,35.878316047069866,34.34293853013101,34.98500674156824,1663491,34.98500674156824
ACET,2011-07-25,35.33978876439901,35.34450448259225,34.76549910409637,35.02209914778501,720622,35.02209914778501
ACET,2011-07-26,34.81204289562148,35.10007137587503,34.02905620417822,34.764102440066516,575843,34.764102440066516
ACET,2011-07-27,35.136763814846496,36.106454398062304,34.710571274495464,34.99951488099999,1276579,34.99951488099999
ACET,2011-07-28,35.48000175116009,35.86184678638915,34.91203516156881,35.77441095276783,1031216,35.77441095276783
ACET,2011-07-29,36.74802013517147,37.41719769848535,35.975313220062006,36.47277900437051,1595156,36.47277900437051
ACET,2011-08-01,36.40453512472812,36.95866493582887,35.93825215552534,36.37614847198639,1289208,36.37614847198639
ACET,2011-08-02,36.33261066017033,36.49793787756445,35.43522253806804,36.02908120653185,1488018,36.02908120653185
ACET,2011-08-03,35.232716110923604,35.31613514871098,34.66843134633532,35.271178141773,1446267,35.271178141773
ACET,2011-08-04,34.27468656690817,34.791467028454086,33.397367888661954,34.14964150967163,136001,34.14964150967163
ACET,2011-08-05,34.500591481213256,35.28204175036031,34.48585735995461,34.52072493890892,645643,34.52072493890892
ACET,2011-08-08,34.29110427076934,34.72165942422958,34.194213098756315,34.53801103426021,1067825,34.53801103426021
ACET,2011-08-09,34.40378180108789,35.27813533198536,33.91598725886637,34.56134699728638,1545134,34.56134699728638
ACET,2011-08-10,35.90178501639936,36.80884427949153,34.862029197652795,36.2152224835987,1221078,36.2152224835987
ACET,2011-08-11,37.29266453386724,37.73810063023735,36.362318432307674,37.33727036796264,1726893,37.33727036796264
ACET,2011-08-12,37.49863437961137,38.24609146706969,37.223138258149646,37.38696583594583,1350021,37.38696583594583
ACET,2011-08-15,37.361565378022654,37.770344232537205,37.28401630037264,37.554059015487624,732942,37.554059015487624
ACET,2011-08-16,36.78696343545479,37.29840711170833,35.86135793499337,36.79403667823269,233889,36.79403667823269
ACET,2011-08-17,37.234335648258416,37.87900681700528,36.93778500453156,37.264912750659725,569631,37.264912750659725
ACET,2011-08-18,37.47088948288215,37.9865213797496,37.02237380760604,37.4458603022102,477788,37.4458603022102
ACET,2011-08-19,36.61300048878201,37.28481608554604,35.84784549571184,36.84543277774449,1616496,36.84543277774449
ACET,2011-08-22,37.06390320295332,37.88773774551447,36.41213492976384,37.038728654371965,262614,37.038728654371965
ACET,2011-08-23,37.69236536824186,38.538932746988245,37.32743100847595,37.795012421602124,910829,37.795012421602124
ACET,2011-08-24,39.15311063357755,40.0757090188682,38.09749881816572,39.32137319970153,1616986,39.32137319970153
ACET,2011-08-25,38.298632206348664,39.32327455337654,37.302728216069134,38.23288539658202,766101,38.23288539658202
ACET,2011-08-26,37.17062000656385,38.54985366328556,36.092651551609244,37.434128718602494,1596004,37.434128718602494
ACET,2011-08-29,37.68242025592679,38.32362944368292,37.27318550129258,37.38286489185852,918484,37.38286489185852
ACET,2011-08-30,37.89197705346094,38.2878738063629,37.08506865075154,37.565269788694316,430265,37.565269788694316
ACET,2011-08-31,38.922472388556606,39.831945016736306,38.24314651645419,38.79784618773786,1039532,38.79784618773786
ACET,2011-09-01,39.5731310973256,39.898908503110306,39.22438176812712,39.72954258014742,533874,39.72954258014742
ACET,2011-09-02,38.318714803176995,38.90833541053227,38.20903142454315,38.22238989331707,697930,38.22238989331707
ACET,2011-09-05,38.0147805007791,38.61295274514818,36.995645443737516,37.93774906483237,334206,37.93774906483237
ACET,2011-09-06,36.80315222377335,37.971581196471824,35.8460192878126,36.88337283557471,170612,36.88337283557471
ACET,2011-09-07,35.850121295286804,37.07370337982114,35.091666304341146,36.0033173928673,1128253,36.0033173928673
ACET,2011-09-08,36.17990636464028,37.29466989928119,36.07564762548137,36.42141461440062,493669,36.42141461440062
ACET,2011-09-09,36.33025840035324,37.0552501151822,35.68880475839905,36.536776067353195,1128410,36.536776067353195
ACET,2011-09-12,37.83587843491417,38.457021488892245,37.48674959974144,37.72043134042928,567430,37.72043134042928
ACET,2011-09-13,37.032653883209576,37.38788031837181,35.87028055752147,36.74902904360757,1777724,36.74902904360757
ACET,2011-09-14,36.66581232868232,37.665284592296274,36.10879129424163,36.75037048073607,1778777,36.75037048073607
ACET,2011-09-15,36.12022271224712,37.21057188406383,35.17474395877632,36.395445445945064,1305593,36.395445445945064
ACET,2011-09-16,37.14791203484035,38.381602696168585,36.493624077105174,37.51343824920854,1558567,37.51343824920854
ACET,2011-09-19,36.83182589036414,37.054789896267195,36.01668082578223,36.901269906748965,1798205,36.901269906748965
ACET,2011-09-20,36.87327170007913,37.514894313311935,36.37485376450411,37.071554878990106,254531,37.071554878990106
ACET,2011-09-21,35.99996292669749,36.710583929714794,35.762801881050706,36.128177807217604,795295,36.128177807217604
ACET,2011-09-22,36.957494178585094,37.28835969590785,36.88916387932109,37.149430519548154,1788678,37.149430519548154
ACET,2011-09-23,38.6080395829365,39.03499395475049,37.654937419214825,38.48170596469048,538863,38.48170596469048
ACET,2011-09-26,38.10281574739356,38.20275850614991,37.70474066147641,37.99755166134984,1225639,37.99755166134984
ACET,2011-09-27,37.74313281864767,38.828822972438665,37.305961377025156,37.434444997745246,1695507,37.434444997745246
ACET,2011-09-28,37.79131745273444,38.643054382092615,36.65270361351559,37.640945702852655,804272,37.640945702852655
ACET,2011-09-29,36.834293029461946,37.77336339482435,36.376736220141076,37.08279120596516,296289,37.08279120596516
ACET,2011-09-30,38.10536029455101,38.339544140797045,37.47307785399372,37.91457836044996,876478,37.91457836044996
ACET,2011-10-03,40.08748816418158,40.74907887485301,39.21244055619582,40.34467102881423,1323552,40.34467102881423
ACET,2011-10-04,41.39711050810932,41.57654823164714,40.13611808267178,41.34864915864384,477860,41.34864915864384
ACET,2011-10-05,40.195433011604415,41.19032555284976,39.2991186039343,40.53832382150546,1471549,40.53832382150546
ACET,2011-10-06,39.16521220760017,40.49591239007804,38.677293490704116,39.52303395043979,1785019,39.52303395043979
ACET,2011-10-07,39.79366439624349,39.844895428973025,38.83436972548227,39.82215317049607,1770728,39.82215317049607
ACET,2011-10-10,40.81538082955769,41.26790835415396,39.942762492728264,41.140403543327764,1425866,41.140403543327764
ACET,2011-10-11,40.28854410381798,40.7232122961633,39.935522738367574,40.44493122118403,1488698,40.44493122118403
ACET,2011-10-12,40.69319943297591,41.69934007995574,39.958665524138205,40.824791306895804,359203,40.824791306895804
ACET,2011-10-13,40.559782010263206,41.647570831724856,39.21130610498078,40.34239546392667,934953,40.34239546392667
ACET,2011-10-14,41.04596709381468,42.11414135575099,40.30611257346048,41.18378442337511,339170,41.18378442337511
ACET,2011-10-17,40.52245405038515,41.165311633083896,40.522173187074834,40.52707398693285,655405,40.52707398693285
ACET,2011-10-18,40.986380073982914,41.115625333164786,39.860467348201865,40.7641454241605,1408168,40.7641454241605
ACET,2011-10-19,41.41720959839014,42.60666900781078,40.50427886752331,41.663106664763454,724275,41.663106664763454
ACET,2011-10-20,40.89162276472125,41.021216177091205,39.63161052323819,40.643779119437,971712,40.643779119437
ACET,2011-10-21,41.40809284858449,41.84000806264606,40.236285836257196,41.13512444333088,472929,41.13512444333088
ACET,2011-10-24,41.28376704130577,41.66521853564806,40.36247217127748,40.88404634076118,1728787,40.88404634076118
ACET,2011-10-25,41.52389707303565,42.01840836620875,41.47980135023487,41.570416298685416,130090,41.570416298685416
ACET,2011-10-26,41.77951647791578,42.301979189018944,41.287807422822176,41.887880988452736,1283056,41.887880988452736
ACET,2011-10-27,41.752953193350685,42.716418934631115,40.84870195582893,41.58494562947593,579477,41.58494562947593
ACET,2011-10-28,41.170625765839276,41.75168366904541,40.41675080271557,41.53769343454331,1419094,41.53769343454331
ACET,2011-10-31,39.77602695369448,41.16427471667325,38.611654428262035,40.145565672081574,157520,40.145565672081574
ACET,2011-11-01,40.70222568302202,41.88845831840765,39.4842632332682,40.83699522945136,860853,40.83699522945136
ACET,2011-11-02,42.55112330912319,43.177806665800055,42.098986983220406,42.35669330514719,252850,42.35669330514719
ACET,2011-11-03,41.62869882174517,42.08408714248739,40.99198037491562,41.950497358693575,290214,41.950497358693575
ACET,2011-11-04,42.06084793635151,42.78691142780289,40.73050913761643,41.94713190592353,489887,41.94713190592353
ACET,2011-11-07,43.04044855179175,44.3046861234461,42.118557064409615,43.23977938133179,1049738,43.23977938133179
ACET,2011-11-08,41.9514711876414,42.31578638768117,41.017400928046314,41.82459654780956,1152881,41.82459654780956
ACET,2011-11-09,42.21505180014749,43.31328843849882,41.940597678097554,42.25140818717443,771121,42.25140818717443
ACET,2011-11-10,43.301010073266134,44.52304052621762,42.56626126139605,43.63688168953777,58670,43.63688168953777
ACET,2011-11-11,42.92986548421367,44.42587985742437,42.658506029645906,43.14795005394127,1719610,43.14795005394127
ACET,2011-11-14,42.495820340912296,43.792713826294126,42.02887718177409,42.73538314325558,500782,42.73538314325558
ACET,2011-11-15,43.555538308721225,44.1147675990477,42.29217011869845,43.849695578764,616963,43.849695578764
ACET,2011-11-16,42.95474702914634,43.56093073760274,42.91439796527106,42.981958521620065,1088218,42.981958521620065
ACET,2011-11-17,44.11309901186501,44.25008138655712,42.64205578104998,43.71557965981332,1742167,43.71557965981332
ACET,2011-11-18,44.19415964156627,44.28653060612814,43.09749347884089,44.05486801693078,1170498,44.05486801693078
ACET,2011-11-21,45.34156735663959,46.301975534236625,44.78122845244612,45.03890409121764,415526,45.03890409121764
ACET,2011-11-22,45.39163001064946,46.63481389186715,43.866330881436696,44.9590518276114,263471,44.9590518276114
ACET,2011-11-23,46.35007092034047,47.703829747666624,45.48033156551134,46.31244422387292,328836,46.31244422387292
ACET,2011-11-24,45.76493807543848,46.37923655241966,45.57957801921284,46.00594474795465,89566,46.00594474795465
ACET,2011-11-25,45.15395931457528,45.42728256341018,44.28370043849139,44.77088972617543,132459,44.77088972617543
ACET,2011-11-28,43.686728429413954,44.42095365141798,42.60248970302823,43.51355840082788,1538339,43.51355840082788
ACET,2011-11-29,43.043601192633204,43.30297341906876,42.19664411686472,42.65210497617819,696285,42.65210497617819
ACET,2011-11-30,43.35874477370732,43.74364957355728,42.98517105332142,43.22816807324977,164777,43.22816807324977
ACET,2011-12-01,42.88066243270543,43.95768702190143,41.88333395253366,42.64598582873432,885257,42.64598582873432
ACET,2011-12-02,42.99110883199175,44.03638973800407,42.109692027199934,42.65783494557882,751425,42.65783494557882
ACET,2011-12-05,42.97996834067684,44.134074971343985,42.7427815750753,42.75826731342092,1608840,42.75826731342092
ACET,2011-12-06,42.21639843862188,42.827155969741725,42.11874633689729,42.16357104943777,115537,42.16357104943777
ACET,2011-12-07,42.291406356480394,43.03125127437424,41.66850128007847,42.31516976684541,1618673,42.31516976684541
ACET,2011-12-08,43.38048689858439,44.38334334047555,41.93298836672202,43.10172448271701,853873,43.10172448271701
ACET,2011-12-09,43.39301765181511,43.704491256879,42.77070791456532,43.158249023006306,1243273,43.158249023006306
ACET,2011-12-12,43.82440258336769,45.02683407317548,42.86283487132457,43.94178795160156,1371185,43.94178795160156
ACET,2011-12-13,43.65594566024145,43.68039751839312,43.22306412295029,43.65740209969063,483736,43.65740209969063
ACET,2011-12-14,44.02345735514362,45.0769297381141,43.051088582029266,43.90492218249328,701627,43.90492218249328
ACET,2011-12-15,43.59837492267404,45.038050408118714,43.230524671386995,44.013536817231056,1142468,44.013536817231056
ACET,2011-12-16,44.71743035185024,45.35123650029993,43.868679068796396,44.944337502780996,710986,44.944337502780996
ACET,2011-12-19,45.10876613615475,46.325250601008804,45.029187881743134,45.3352479829952,1578757,45.3352479829952
ACET,2011-12-20,45.16047829079433,45.45039990979771,43.65622147402655,44.81697272383063,1280961,44.81697272383063
ACET,2011-12-21,45.10826963380232,46.043232319825094,43.84759025990322,45.260809648049715,697106,45.260809648049715
ACET,2011-12-22,44.5185911995236,45.45426528649239,44.18647541731138,44.47843305648135,878957,44.47843305648135
ACET,2011-12-23,45.145115767500634,46.11307068104965,44.042223397280274,44.84769797301772,1334574,44.84769797301772
ACET,2011-12-26,44.63468702113768,46.17278922340208,43.91907103281961,44.8502428383977,847391,44.8502428383977
ACET,2011-12-27,44.66741941037246,45.25182468272587,44.57873304450682,45.006083820540695,1420218,45.006083820540695
ACET,2011-12-28,45.40413056427069,46.059037875908764,44.44698691726454,45.000601346025334,717321,45.000601346025334
ACET,2011-12-29,44.696223564320675,45.87634404839932,44.06018354934381,44.513998446388136,940743,44.513998446388136
ACET,2011-12-30,43.64593998512439,44.669690517101685,42.36205004524259,43.92967846985886,1152999,43.92967846985886
ACET,2012-01-02,45.15136356165316,46.33846834690414,44.421023558424956,44.86448964754911,731870,44.86448964754911
ACET,2012-01-03,46.785694506035426,47.39492674673752,45.66497195060106,46.51856017323963,1679343,46.51856017323963
ACET,2012-01-04,47.102783191535096,48.226681158048045,46.0292856454296,46.78693293770897,1244058,46.78693293770897
ACET,2012-01-05,46.635107448947444,48.067490723221695,46.36655934919113,46.844772869300215,1171628,46.844772869300215
ACET,2012-01-06,45.75219480608352,46.96228489467336,45.09857015661774,45.799295100335804,351737,45.799295100335804
ACET,2012-01-09,44.50145375944898,45.664764096587824,44.31228320242367,44.32974361181611,824330,44.32974361181611
ACET,2012-01-10,42.936230532467,43.313748007284474,42.67450560601059,43.03032272376863,586407,43.03032272376863
ACET,2012-01-11,43.1175653096682,44.064381320961346,42.76649116035117,43.491617425029936,56482,43.491617425029936
ACET,2012-01-12,41.77730165755322,42.30368621973893,41.261794809570176,42.083289462287134,174726,42.083289462287134
ACET,2012-01-13,42.72003858917945,42.951420371198,41.88561237504934,42.63722558070401,573757,42.63722558070401
ACET,2012-01-16,41.68434116819712,42.400241936914895,40.49992938497268,41.788672272119356,104072,41.788672272119356
ACET,2012-01-17,41.526632222651685,43.14956116046331,40.303875438336895,41.94153454845277,263044,41.94153454845277
ACET,2012-01-18,41.86836071314743,42.61183139561959,40.455128594752345,41.646091750855874,1278709,41.646091750855874
ACET,2012-01-19,40.77751882245789,41.891838023676456,40.727162318561994,40.845564475342194,694667,40.845564475342194
ACET,2012-01-20,39.667721292121215,40.9354687287855,38.86232229607517,39.81602061150482,802861,39.81602061150482
ACET,2012-01-23,38.72947479672402,38.83006534209832,38.218410399212246,38.56478835771564,1592189,38.56478835771564
ACET,2012-01-24,37.77424637699505,37.99201185543695,37.314512574346324,37.80819146433149,1290323,37.80819146433149
ACET,2012-01-25,39.60986072291734,39.95546679507508,38.94910530382481,39.456115149180924,1549150,39.456115149180924
ACET,2012-01-26,40.072270061791755,41.215010703793496,39.56644769131576,40.46625103383402,396960,40.46625103383402
ACET,2012-01-27,40.232699865614066,40.70660266910289,39.39058418361455,40.63135840907209,1330627,40.63135840907209
ACET,2012-01-30,40.42498643794771,41.379001374720296,40.23917074854723,40.37661369587137,1741659,40.37661369587137
ACET,2012-01-31,40.34217714378668,40.41937841532272,39.85997603980108,39.95682391694071,150352,39.95682391694071
ACET,2012-02-01,39.88278656970348,40.255625665026486,39.45746750257435,40.06519761467051,248732,40.06519761467051
ACET,2012-02-02,39.80556625101957,40.261389181292415,39.49861804693818,39.66049327713078,963949,39.66049327713078
ACET,2012-02-03,38.99756899736179,39.911675567433534,37.89781534281655,39.25487880602064,1249817,39.25487880602064
ACET,2012-02-06,39.49334299385158,40.69111591640234,38.42748628702747,39.64275763218275,1681203,39.64275763218275
ACET,2012-02-07,38.589993666603846,40.04361155197234,38.07952471859424,38.91840672702041,1642197,38.91840672702041
ACET,2012-02-08,37.44273086014681,38.43643336889156,36.98861476337394,37.15972745929957,810648,37.15972745929957
ACET,2012-02-09,36.63513095203323,36.89264812844958,35.882750946023656,36.774552546782985,1706449,36.774552546782985
ACET,2012-02-10,37.61772948953632,38.537836891937935,37.10769618082598,37.82161336584526,964437,37.82161336584526
ACET,2012-02-13,36.868048338490475,37.356602964392636,35.60879292029033,36.69879045006099,220058,36.69879045006099
ACET,2012-02-14,35.65702436081689,36.00803704661477,35.642722341318866,35.87266199495773,799913,35.87266199495773
ACET,2012-02-15,35.28198951980527,36.056850636412776,35.03534816294162,35.4662185362817,1307307,35.4662185362817
ACET,2012-02-16,34.16012753128854,34.801527524575704,33.505707429468515,34.433101970430975,146588,34.433101970430975
ACET,2012-02-17,35.776197508106065,36.14732672914309,35.42997461845218,35.44803947393575,896501,35.44803947393575
ACET,2012-02-20,35.35682308289972,35.636869475114025,34.394157192378124,35.53618290472463,1494690,35.53618290472463
ACET,2012-02-21,34.72431222844831,35.74401210861909,33.83075511146616,34.38345984309627,204897,34.38345984309627
ACET,2012-02-22,34.099861967280184,35.06966253536506,33.137070729116466,34.3221670268566,1474893,34.3221670268566
ACET,2012-02-23,33.98952023272483,34.60715046422429,33.31139363700072,34.31853071693745,1049067,34.31853071693745
ACET,2012-02-24,34.454611990273165,35.402949506873156,33.3835239174163,34.184083519669585,277595,34.184083519669585
ACET,2012-02-27,34.153528154420044,35.12494383700131,33.399810942408436,34.09895805613478,1702191,34.09895805613478
ACET,2012-02-28,33.93621596509322,34.86485902401608,33.88267410084047,34.037368215968236,154140,34.037368215968236
ACET,2012-02-29,34.26813470628559,34.94593973201546,33.67027470956611,34.258994637793876,425382,34.258994637793876
ACET,2012-03-01,34.35830505692886,34.913331320417846,33.66240591085075,34.52351599290736,1799603,34.52351599290736
ACET,2012-03-02,33.672329327471374,34.11109308700801,33.21991485515186,33.58182037738297,671241,33.58182037738297
ACET,2012-03-05,33.7197489852996,34.180034942838404,33.32182873626721,33.64138571141052,986213,33.64138571141052
ACET,2012-03-06,33.49475700221263,34.73979491537698,33.47844726585194,33.77836536710756,959996,33.77836536710756
ACET,2012-03-07,33.68668451209639,34.45487695054992,32.957227431057134,33.412244289217234,1257337,33.412244289217234
ACET,2012-03-08,34.50166631747731,34.8314148827334,34.245557319601346,34.52892666874897,69522,34.52892666874897
ACET,2012-03-09,34.28628017725992,35.14304246814194,33.65078227967024,34.49660311559972,1339096,34.49660311559972
ACET,2012-03-12,34.71459116452981,35.469742492377414,33.85127328129804,34.84884014637232,81935,34.84884014637232
ACET,2012-03-13,34.82957768915851,35.67815890163245,33.98489976041981,34.57632563615235,1663966,34.57632563615235
ACET,2012-03-14,34.31962072613425,34.49834753688683,33.72119894294506,34.399989302818774,1551085,34.399989302818774
ACET,2012-03-15,34.6883291062479,35.418107299030886,34.043203474680965,34.64539572034054,1123305,34.64539572034054
ACET,2012-03-16,34.074464420585876,34.41299746882587,33.46348798490881,33.77207618392134,122797,33.77207618392134
ACET,2012-03-19,34.37667074674637,34.51036028620033,33.66187777607858,34.27267618001772,1413140,34.27267618001772
ACET,2012-03-20,33.62348034725872,34.36162333374177,33.45965565533559,33.505729991718816,301486,33.505729991718816
ACET,2012-03-21,33.91863600878835,34.4292370941732,33.90108279146103,34.09006208782753,1031752,34.09006208782753
ACET,2012-03-22,34.053377947024906,34.799273340764344,33.453840938365495,33.93914206316069,238409,33.93914206316069
ACET,2012-03-23,35.234354928924674,35.481416344444156,34.76761671391355,35.3093500505189,927077,35.3093500505189
ACET,2012-03-26,36.290097764336274,37.36348027850181,35.35453454345075,35.99419489829309,262533,35.99419489829309
ACET,2012-03-27,36.423915809101,37.58025427267943,35.71976165526548,36.69580319970519,1601848,36.69580319970519
ACET,2012-03-28,36.66195663659358,37.13920568667661,36.64581789951808,36.81981026969083,1662412,36.81981026969083
ACET,2012-03-29,37.22692250040567,38.38714553470603,36.155520728383664,37.55288095988519,1056393,37.55288095988519
ACET,2012-03-30,38.02957911182702,38.27568120141405,37.356553943391305,38.12037891977755,291358,38.12037891977755
ACET,2012-04-02,36.5150573288977,37.49454867337519,35.5853916964553,36.773669878800234,785212,36.773669878800234
ACET,2012-04-03,36.44623833723467,36.51144451877527,35.89914935607713,36.19637925257112,849412,36.19637925257112
ACET,2012-04-04,35.89069161193272,36.24965680710616,34.72811556923904,35.58816148968306,1620658,35.58816148968306
ACET,2012-04-05,35.21008164589219,36.24363402913912,34.9697372406394,35.091174747720444,1541730,35.091174747720444
ACET,2012-04-06,34.666206133526664,35.07018422515273,34.01567187110952,34.94342307133577,908273,34.94342307133577
ACET,2012-04-09,35.19677435366036,35.941436592084976,35.109291433065806,35.30861022310377,670821,35.30861022310377
ACET,2012-04-10,36.459822290330486,36.53705008508222,36.10967146476219,36.12423401399488,1633575,36.12423401399488
ACET,2012-04-11,36.29753456507617,37.297766010418584,36.04835715963607,36.56349654389166,1524700,36.56349654389166
ACET,2012-04-12,37.497145114920315,37.81061617054824,37.03139258533779,37.45482911146534,1204682,37.45482911146534
ACET,2012-04-13,36.62980358363669,37.07949997537405,35.695635532174606,36.73786472395181,1372551,36.73786472395181
ACET,2012-04-16,36.7764332235297,37.14912839499041,36.33978987240558,36.412913918971874,969495,36.412913918971874
ACET,2012-04-17,36.101578720689396,36.48035492935993,35.8599147421573,36.257202563803176,1724049,36.257202563803176
ACET,2012-04-18,35.50149790084452,36.837584882503776,34.743234662089876,35.82552381040075,919054,35.82552381040075
ACET,2012-04-19,35.23768368827553,36.195266166388386,34.53616847164243,35.09576846314924,1584170,35.09576846314924
ACET,2012-04-20,35.2553607288435,36.301333619542675,34.26926653273827,35.3779528850727,379761,35.3779528850727
ACET,2012-04-23,35.04318085950813,35.155086575898245,34.57571962868035,34.9330847477679,1010796,34.9330847477679
ACET,2012-04-24,35.21169287957186,35.74089434971917,34.28766552447489,35.49232931714906,141545,35.49232931714906
ACET,2012-04-25,34.71983023013196,35.357521567065994,34.341026711278516,34.70382260545601,1304806,34.70382260545601
ACET,2012-04-26,35.20920554152928,36.32482915648135,34.86227550212344,35.29728529416413,1267571,35.29728529416413
ACET,2012-04-27,35.489495551392345,36.13343546535355,34.744888923885874,35.46341778673025,476248,35.46341778673025
ACET,2012-04-30,35.88239262068755,36.2345084358676,35.57562938300808,35.630504622512106,288420,35.630504622512106
ACET,2012-05-01,36.15648837108291,37.043122238347934,35.580320186050045,35.81783270563809,1444403,35.81783270563809
ACET,2012-05-02,35.966762175524025,36.11289212691017,35.245301966649336,35.7855924968005,467346,35.7855924968005
ACET,2012-05-03,35.95607552557415,36.907194858240864,35.677819098108046,35.765190754607936,1680214,35.765190754607936
ACET,2012-05-04,35.6262631129193,36.66798586616492,35.45167348258013,35.605657342997155,108783,35.605657342997155
ACET,2012-05-07,35.54166540702194,36.87030474795867,35.21349310186649,35.830169975899224,687462,35.830169975899224
ACET,2012-05-08,36.349734675708575,36.51079660248892,35.30807905980191,36.22868771304512,507999,36.22868771304512
ACET,2012-05-09,35.68980833700001,36.53564170247889,35.15132828082409,35.94300533595911,1581916,35.94300533595911
ACET,2012-05-10,36.734077795001454,37.5697807962095,36.58466877260532,36.92189129140487,1081433,36.92189129140487
ACET,2012-05-11,36.84289334400151,37.05833428913004,36.260067215704964,36.69056694216501,203335,36.69056694216501
ACET,2012-05-14,36.34357346131089,36.939728741888516,35.73583608330463,36.2298172015729,1425802,36.2298172015729
ACET,2012-05-15,36.01502003634063,36.85041526991258,35.966641996638636,36.14925963122572,1522769,36.14925963122572
ACET,2012-05-16,35.84648577390637,36.200249449003415,34.600628867516214,35.65250460638262,1478175,35.65250460638262
ACET,2012-05-17,36.30713352733854,36.6509774395816,34.92418569204144,35.99090606472629,608003,35.99090606472629
ACET,2012-05-18,35.950227487611244,36.01519512072717,35.80222578361884,35.91771504410587,1307088,35.91771504410587
ACET,2012-05-21,36.57180194369659,37.62158698986325,35.39115841330253,36.442295748128636,709141,36.442295748128636
ACET,2012-05-22,36.257305109654006,37.301673615487594,35.5313001230676,36.42355709636608,797317,36.42355709636608
ACET,2012-05-23,36.72484459165571,37.561564130887746,36.29934031768431,36.38226406719796,184418,36.38226406719796
ACET,2012-05-24,35.962201362451815,36.14930610787527,35.628996384107225,36.12570274423797,292715,36.12570274423797
ACET,2012-05-25,37.002422377997064,37.69545085347344,36.33035901600232,36.717925266002204,376276,36.717925266002204
ACET,2012-05-28,36.88568006167044,37.0855582527377,36.19637830472549,36.57271337392305,1112731,36.57271337392305
ACET,2012-05-29,36.94089853614381,37.67423174164991,36.0264433492037,36.779342629500334,1094893,36.779342629500334
ACET,2012-05-30,37.771431000256094,38.475288953290345,37.008828743016025,37.53750669715973,590624,37.53750669715973
ACET,2012-05-31,37.46740166031194,38.45739889819104,37.051483225277224,37.49900821853258,1149538,37.49900821853258
ACET,2012-06-01,37.7663614290995,38.055765920048714,36.67203059677125,37.45210323568582,1714103,37.45210323568582
ACET,2012-06-04,37.49419552229969,37.52508524158472,37.084049454726255,37.31311776397705,1417081,37.31311776397705
ACET,2012-06-05,37.34131349015792,38.49873927546065,36.581509275341396,37.471155547011335,1019368,37.471155547011335
ACET,2012-06-06,37.71702724097002,39.10891452991679,36.666356256254545,38.07113050525581,401522,38.07113050525581
ACET,2012-06-07,38.690574085811065,39.219698106181184,37.732911259374426,38.659041277188116,782680,38.659041277188116
ACET,2012-06-08,39.31041724762915,39.40250747298362,38.35145950617987,39.04440744611229,1695279,39.04440744611229
ACET,2012-06-11,40.26115355618982,40.8626177339604,39.862557205593745,39.97281515522849,1290102,39.97281515522849
ACET,2012-06-12,40.32923914503743,40.963231989790636,39.35858656432702,40.060737081980534,906503,40.060737081980534
ACET,2012-06-13,40.92967640058937,42.17930100717904,39.81205532471074,41.16452289723737,921461,41.16452289723737
ACET,2012-06-14,41.954041724842654,42.91999498007605,40.94268513463257,42.01610078332531,1473118,42.01610078332531
ACET,2012-06-15,41.62113233562008,41.70954133436082,40.95909488450542,41.526596328822,1643452,41.526596328822
ACET,2012-06-18,42.31726995978362,43.212708822606515,41.135439176558315,42.17593293234681,1494269,42.17593293234681
ACET,2012-06-19,40.61289653652528,40.9136355984574,39.47243110183129,40.747703450151576,207092,40.747703450151576
ACET,2012-06-20,41.87124460046657,41.98363375435123,41.353700528778596,41.710540292330535,1206599,41.710540292330535
ACET,2012-06-21,41.7566083754799,42.255942831969904,41.411177692127474,41.680835111871495,609677,41.680835111871495
ACET,2012-06-22,41.15423440147219,41.2497496017661,40.9151794635163,41.09934575281836,86349,41.09934575281836
ACET,2012-06-25,39.919203867175206,40.91231660788413,39.603177126883665,39.78947043907819,1759598,39.78947043907819
ACET,2012-06-26,39.795257946013336,40.34816830740337,38.97360976571168,39.713156611060874,69485,39.713156611060874
ACET,2012-06-27,40.39076606097936,41.37773144019552,40.069017235915105,40.66167476621709,168337,40.66167476621709
ACET,2012-06-28,41.18065555742459,41.89332533479634,40.363893260549375,40.874573404291446,536150,40.874573404291446
ACET,2012-06-29,40.384873631097264,41.78671358279691,39.20163435347478,40.59550768241642,815088,40.59550768241642
ACET,2012-07-02,40.67363037225637,41.79107634792374,39.749090917392536,40.47571321638067,610495,40.47571321638067
ACET,2012-07-03,41.263514511025264,42.59025057771648,40.09106822674631,41.53226425012635,1755318,41.53226425012635
ACET,2012-07-04,42.24671050415673,42.732466426393266,40.953113248618074,42.11114091825463,783733,42.11114091825463
ACET,2012-07-05,42.43795747395171,42.622689521537126,40.912350580661105,42.10475412643051,1084963,42.10475412643051
ACET,2012-07-06,42.46167524474367,43.64358499408227,42.4119269825053,42.882168773296655,679384,42.882168773296655
ACET,2012-07-09,43.97553313120528,44.55642715568143,43.35407318328825,43.557660393257436,1680037,43.557660393257436
ACET,2012-07-10,42.45600269510167,43.14913307231335,41.741601240653985,42.85915660885662,113391,42.85915660885662
ACET,2012-07-11,42.19034633817377,42.73159710259931,41.23852891970788,42.6067268644471,1293805,42.6067268644471
ACET,2012-07-12,44.10604157132333,44.68307204435025,42.5742687090235,43.79286991386584,115669,43.79286991386584
ACET,2012-07-13,44.56950879893586,45.43977443657016,43.626867650288965,44.38424540511982,251404,44.38424540511982
ACET,2012-07-16,45.5632388176217,46.786940647774024,45.016962303927265,45.925304125978876,160544,45.925304125978876
ACET,2012-07-17,46.884337785567496,47.97288161168944,46.19483133881789,46.4777366885195,863646,46.4777366885195
ACET,2012-07-18,46.04523215775077,46.689710641080914,44.58179835027456,45.88744154443151,1206347,45.88744154443151
ACET,2012-07-19,45.54140254076567,46.341335293131706,44.746072064866,45.8984525298274,1635357,45.8984525298274
ACET,2012-07-20,46.95225865535474,47.711054694901755,46.583742084990696,46.616106558402144,1088483,46.616106558402144
ACET,2012-07-23,46.62011798584515,48.002097054848086,45.39035461439731,46.63792914879301,1140043,46.63792914879301
ACET,2012-07-24,46.513710581331324,46.78422730593943,45.676881569739976,46.721027018549144,565869,46.721027018549144
ACET,2012-07-25,48.8995183672498,49.67506346190812,47.52707002658848,48.5836845303713,902497,48.5836845303713
ACET,2012-07-26,48.62797081505228,49.10831475341103,47.139866864856,48.397168152758155,400140,48.397168152758155
ACET,2012-07-27,48.84333928236422,48.99770900625911,48.48802335555787,48.723436943662726,1519624,48.723436943662726
ACET,2012-07-30,49.385430674402244,50.029422467450956,48.54973365307969,48.994928208821925,509157,48.994928208821925
ACET,2012-07-31,50.23981944613709,51.206178549907456,48.998874485197376,49.87941096375116,311336,49.87941096375116
ACET,2012-08-01,49.88352445588574,50.95233933817537,48.93933002694605,50.15759391689433,1233831,50.15759391689433
ACET,2012-08-02,50.693453289846026,50.73782497082134,50.05240989098316,50.3124010960707,480686,50.3124010960707
ACET,2012-08-03,52.167171318075944,53.20753952185485,50.74423427140451,52.29892293253002,186624,52.29892293253002
ACET,2012-08-06,52.15973575813323,52.594537507213815,50.82470723865446,52.231005659190565,1168481,52.231005659190565
ACET,2012-08-07,53.49401346664347,54.042022009660634,52.84483645784733,52.993403451556645,933681,52.993403451556645
ACET,2012-08-08,52.02181949957336,52.509063263595465,51.469032620250665,51.75283483550895,451468,51.75283483550895
ACET,2012-08-09,51.602979094394506,53.12169379199391,51.25446975104291,51.787876360877576,1467297,51.787876360877576
ACET,2012-08-10,51.87959664103617,51.9536387100153,51.143049697268516,51.72656268494493,1243037,51.72656268494493
ACET,2012-08-13,51.7296042959784,52.26965632433254,50.59177617005872,51.68895162168315,1724947,51.68895162168315
ACET,2012-08-14,49.683062254140225,50.659990319433376,49.58586221962071,50.0669725583361,1196758,50.0669725583361
ACET,2012-08-15,50.150189084621985,51.08122874439449,49.00566164696093,49.764264883483506,283350,49.764264883483506
ACET,2012-08-16,49.300584272421546,50.46747711243501,47.92806481736624,48.985235467055624,333968,48.985235467055624
ACET,2012-08-17,50.311049567390434,51.40933747167617,49.080885937981954,50.033155060430204,720579,50.033155060430204
ACET,2012-08-20,49.311399574241385,50.424785052155954,47.80042007240328,49.25312978473064,1717607,49.25312978473064
ACET,2012-08-21,49.59448079862292,50.160781064993635,48.486280810437,49.872933916478914,191983,49.872933916478914
ACET,2012-08-22,50.933753122505536,52.32689915891139,49.31430848559058,50.54566750144328,1718361,50.54566750144328
ACET,2012-08-23,49.86452781034923,50.632963364285956,48.571376014491854,50.01159626772548,1232758,50.01159626772548
ACET,2012-08-24,48.77289794817964,49.26195089130388,47.356737827957176,49.24553878486755,825042,49.24553878486755
ACET,2012-08-27,49.48684293657656,50.478702061457355,47.877733022332556,49.01456391205027,1745851,49.01456391205027
ACET,2012-08-28,49.02970108742883,49.91812338822252,47.36892235313879,48.678092311045596,827954,48.678092311045596
ACET,2012-08-29,47.929522753982496,48.11063543409384,46.442591901266866,47.81221037472163,1309076,47.81221037472163
ACET,2012-08-30,47.111917617463156,48.94586682835542,45.892645537669885,47.57587071539005,706381,47.57587071539005
ACET,2012-08-31,47.62680964540344,48.694349100228166,46.4872001500296,47.88759008220302,1141979,47.88759008220302
ACET,2012-09-03,46.8066768549995,47.51118081685649,45.986570973411645,46.851607651707745,1437798,46.851607651707745
ACET,2012-09-04,46.82836525416165,47.38766763904265,46.12536047519003,46.70871161930769,675598,46.70871161930769
ACET,2012-09-05,46.469557193018844,46.76210821192772,45.33599917501295,46.27690226845809,482461,46.27690226845809
ACET,2012-09-06,46.65550696145107,47.98912590104551,45.192999484213715,46.388058744649165,437298,46.388058744649165
ACET,2012-09-07,48.154051254877224,49.168404747730364,48.014391263943104,48.100504882321964,51215,48.100504882321964
ACET,2012-09-10,46.918373777718834,47.71730512321014,46.091530866000745,46.77227270014467,296080,46.77227270014467
ACET,2012-09-11,46.998974962577726,47.888947836996294,46.346533764711104,46.70822309487981,1574763,46.70822309487981
ACET,2012-09-12,47.19200538239769,48.38183918636038,46.55470587781547,46.985418662294485,86153,46.985418662294485
ACET,2012-09-13,46.98798360935353,47.88412003364026,45.56547106246085,46.564422140719955,1776481,46.564422140719955
ACET,2012-09-14,47.27066056560067,47.43316394919579,46.29957313448191,46.91909959929576,589116,46.91909959929576
ACET,2012-09-17,45.3697253030387,46.6271427755164,44.828234159654166,45.67174223289351,728699,45.67174223289351
ACET,2012-09-18,45.80563293063826,46.58185890921534,44.516533289267564,45.399381894622515,1307023,45.399381894622515
ACET,2012-09-19,42.93884201077499,44.44662046745658,42.5147349378946,43.19440082579614,1220980,43.19440082579614
ACET,2012-09-20,43.4466829696265,44.40301295288491,42.75378297880992,43.0239606935033,674130,43.0239606935033
ACET,2012-09-21,42.229648192974395,42.66546185655051,41.25804398792388,42.06028862008898,89181,42.06028862008898
ACET,2012-09-24,42.44479722237998,42.61720525280045,41.08565136504752,42.33681163585922,489270,42.33681163585922
ACET,2012-09-25,43.35819243375774,44.140606861165615,42.51184390497982,43.5110705151548,1334230,43.5110705151548
ACET,2012-09-26,43.445035620386285,44.658167661569216,42.29393629338341,43.76618530139018,1404239,43.76618530139018
ACET,2012-09-27,43.4055866359765,43.96513615611757,42.306046588352935,43.73255481698038,1753877,43.73255481698038
ACET,2012-09-28,43.6499995502637,44.50044681868216,42.50806237583691,43.33230856312559,513954,43.33230856312559
ACET,2012-10-01,43.07276867897784,44.19933071076448,42.04887008469089,43.131045755432154,756254,43.131045755432154
ACET,2012-10-02,42.99427803639519,43.19684580744916,42.85899215787686,42.942873821649904,141814,42.942873821649904
ACET,2012-10-03,43.35448567406078,44.272454959341275,42.535541498632604,42.98325127557195,538068,42.98325127557195
ACET,2012-10-04,43.18764614563679,43.48886968868562,42.563624598047404,43.39999825331539,660382,43.39999825331539
ACET,2012-10-05,43.027732032193654,43.03799425327618,41.53022490096223,42.80179208470141,290236,42.80179208470141
ACET,2012-10-08,43.7419621139392,43.81066643967452,42.56567655250269,43.76781597130987,714601,43.76781597130987
ACET,2012-10-09,43.367602374616546,44.444537282485946,43.09240611550301,43.61818478174126,281590,43.61818478174126
ACET,2012-10-10,43.965894328160275,45.249736322700905,42.85842429036514,43.65769572356399,829806,43.65769572356399
ACET,2012-10-11,44.92123916500929,45.96076908771794,43.47843215377644,44.760148131813125,591132,44.760148131813125
ACET,2012-10-12,42.67411062650818,43.351022478613636,42.450787310629664,43.02266157373523,1015782,43.02266157373523
ACET,2012-10-15,41.062328589810996,41.15063972184909,40.16973172667754,41.028064251985015,1009527,41.028064251985015
ACET,2012-10-16,41.648374511189836,42.41885377443497,40.595976873761344,41.357413648355916,554607,41.357413648355916
ACET,2012-10-17,41.03180986502682,41.39431319875525,41.000259362423186,41.390303862627576,774836,41.390303862627576
ACET,2012-10-18,42.52471763577867,43.60887527050483,41.268766354672756,42.59604488568755,1029715,42.59604488568755
ACET,2012-10-19,41.98110149575683,42.28729551978444,41.377547701424874,41.726391525834174,1560992,41.726391525834174
ACET,2012-10-22,42.439834921826765,42.820796621131784,42.07320968846087,42.13782698049705,653475,42.13782698049705
ACET,2012-10-23,42.10953779066972,42.54408167533074,40.702764059522856,41.87889998726307,134141,41.87889998726307
ACET,2012-10-24,42.49735004081084,43.64039756776666,42.326608893589004,42.66313079707607,1351066,42.66313079707607
ACET,2012-10-25,40.96874602490416,41.29535936221647,40.24569295159334,40.96306890351379,1318265,40.96306890351379
ACET,2012-10-26,40.9814386632242,41.331179457903346,40.63535399425978,40.784630003100645,757680,40.784630003100645
ACET,2012-10-29,41.08850442150027,42.047517360571,40.23584554804569,41.37599496922781,1238006,41.37599496922781
ACET,2012-10-30,40.862829934164196,41.430415289988254,40.7641264084533,40.7853396134248,1301525,40.7853396134248
ACET,2012-10-31,40.94885832412856,42.12274295833587,40.33748417948125,40.76916925010216,369078,40.76916925010216
ACET,2012-11-01,41.11930950200229,41.444230069412626,40.37666580059625,40.83348176966061,646407,40.83348176966061
ACET,2012-11-02,40.800578839493184,41.233296415297794,40.56300120961628,41.11993954425989,935294,41.11993954425989
ACET,2012-11-05,40.170402042568384,40.96188224459078,39.49142511960249,40.30771050460783,365045,40.30771050460783
ACET,2012-11-06,39.99881879669815,40.22023575245095,39.07669465201713,39.96552435828235,283985,39.96552435828235
ACET,2012-11-07,40.52883391944176,41.03174815464561,39.47392641978374,40.36651459375027,991672,40.36651459375027
ACET,2012-11-08,41.152713855847665,41.383824958026075,40.14160914561014,40.96424857601988,956341,40.96424857601988
ACET,2012-11-09,40.92114668944029,42.21095896847141,40.4513956203128,41.12408651094732,1660933,41.12408651094732
ACET,2012-11-12,40.48667125319868,41.285791397462816,40.290379397762884,40.88416624136074,1720864,40.88416624136074
ACET,2012-11-13,41.141647170404575,42.09802693566203,40.36752323229566,40.9827839835654,1212071,40.9827839835654
ACET,2012-11-14,42.00806251668659,43.2035322359311,40.921422403260514,41.66712023258862,1396026,41.66712023258862
ACET,2012-11-15,42.10175079017124,43.289715574136245,41.593871938784694,41.85271288085376,958503,41.85271288085376
ACET,2012-11-16,41.05562382975381,41.70200492203894,40.08255492732166,40.95531108279327,957011,40.95531108279327
ACET,2012-11-19,40.50322404049159,41.69797409637158,39.74574396636588,40.12002131540088,1278494,40.12002131540088
ACET,2012-11-20,40.11956131718283,40.96383458554293,39.043320248885784,40.173299711568646,63880,40.173299711568646
ACET,2012-11-21,38.977598317804535,39.127844022695164,37.92168446289477,38.95808051348779,912458,38.95808051348779
ACET,2012-11-22,39.184974976632446,40.62557847199184,38.766544659551094,39.57096060159807,1264172,39.57096060159807
ACET,2012-11-23,39.254845237452486,39.80679494693735,37.837179801301666,38.90782528325323,1773051,38.90782528325323
ACET,2012-11-26,38.15458529213282,38.329364908950474,37.12553932884409,38.091089993459114,811836,38.091089993459114
ACET,2012-11-27,39.26477779018723,40.28501024646671,38.82230582513573,39.350719774842,1160260,39.350719774842
ACET,2012-11-28,38.64188036118758,39.72759078451777,37.99061439546854,38.99709370660213,958492,38.99709370660213
ACET,2012-11-29,39.12346253499873,40.26961797292183,38.608554481306264,39.231412423579386,1451319,39.231412423579386
ACET,2012-11-30,39.30884735168294,40.68843646635959,39.28165692580042,39.70302044605559,1264364,39.70302044605559
ACET,2012-12-03,40.68981986703252,41.22541406783194,40.240556694914574,40.83327931455,1667955,40.83327931455
ACET,2012-12-04,40.76876733614642,41.082256202106166,39.908018654501014,40.40395603804197,208818,40.40395603804197
ACET,2012-12-05,40.28471076105768,41.458242232696335,39.53558201797188,40.56520506642064,246976,40.56520506642064
ACET,2012-12-06,40.53631556093488,41.23351529658547,40.051054436200445,40.499532986724255,471807,40.499532986724255
ACET,2012-12-07,42.138506077460995,42.49317115796235,40.89078431291698,42.40428142449768,1442530,42.40428142449768
ACET,2012-12-10,41.0716449670245,41.295449863182135,40.29780625463646,40.84017987393838,271441,40.84017987393838
ACET,2012-12-11,40.79320705016208,40.97843282496675,39.604302734475816,40.7423623686915,1422660,40.7423623686915
ACET,2012-12-12,40.51210756427833,41.475925742895505,39.564333589869086,40.7548138773067,1209821,40.7548138773067
ACET,2012-12-13,40.99338886953752,41.09885944366829,40.161935164658715,40.695302858515,1622464,40.695302858515
ACET,2012-12-14,39.84948842240585,40.09779170480565,39.22968512783305,39.62440296594771,403891,39.62440296594771
ACET,2012-12-17,38.62969771990339,39.26172959520799,37.57756788264627,38.28414401807783,1662903,38.28414401807783
ACET,2012-12-18,36.83736230930549,37.357511931582025,36.195264888995034,37.20898466758716,697144,37.20898466758716
ACET,2012-12-19,37.81198443316502,38.12631338839158,37.24256136385013,37.84444213737451,1746222,37.84444213737451
ACET,2012-12-20,38.23481085625082,39.274940366193235,37.58275053408525,37.85636733859778,414783,37.85636733859778
ACET,2012-12-21,36.86977163431066,37.64084854556128,35.5618480940289,36.64172240889698,1690815,36.64172240889698
ACET,2012-12-24,37.92024977670252,38.26936038871981,37.045775157727014,37.670654468633494,1684032,37.670654468633494
ACET,2012-12-25,39.21416388392274,40.24630631049473,37.96256081397512,39.11939131970453,221298,39.11939131970453
ACET,2012-12-26,39.535307296550236,39.83215990074857,38.56356582863292,39.3676799890902,1163045,39.3676799890902
ACET,2012-12-27,39.954414495143915,40.66050813853889,39.13988081146192,39.71191270046443,621540,39.71191270046443
ACET,2012-12-28,39.47936738035731,40.24396998799722,38.389641241767094,39.80394414697517,1652267,39.80394414697517
ACET,2012-12-31,39.51158253423627,40.40314093821514,38.752123557512945,39.35998316366492,201025,39.35998316366492
ACET,2013-01-01,38.28596632176593,38.71276375161695,37.95987644207718,38.04596620348292,1226145,38.04596620348292
ACET,2013-01-02,36.956656581359354,37.57763298094334,36.60779572637444,37.2991630180049,1451119,37.2991630180049
ACET,2013-01-03,37.13323692420383,37.964312830121784,36.890667030459504,37.28457263282875,518630,37.28457263282875
ACET,2013-01-04,37.58347055842483,38.559565687996596,37.11038586213312,37.71622290089144,791509,37.71622290089144
ACET,2013-01-07,37.84154672124005,38.45045166822143,37.45824792086045,37.57507750157247,1628780,37.57507750157247
ACET,2013-01-08,37.74200172797026,38.553026339457325,36.57098139924935,37.5315612211286,1268366,37.5315612211286
ACET,2013-01-09,37.704278581639066,38.181633078830025,36.96626959584343,37.58669127093015,813333,37.58669127093015
ACET,2013-01-10,37.915673199703996,38.82046948222567,37.23041112778023,37.68599726053468,578608,37.68599726053468
ACET,2013-01-11,37.259274633027495,37.94854799388858,37.11784812314575,37.29401049767852,969535,37.29401049767852
ACET,2013-01-14,37.89207267309481,38.115162233661444,36.8293129991047,37.61008684196224,1558227,37.61008684196224
ACET,2013-01-15,36.6552883281121,37.83593498489661,35.55687006877569,36.85117751102061,1393215,36.85117751102061
ACET,2013-01-16,37.240548826434825,38.17546233036688,37.06033011478111,37.08879861126545,1611401,37.08879861126545
ACET,2013-01-17,35.87633432597806,37.10543210387904,34.82800340963746,36.06259678384626,1596142,36.06259678384626
ACET,2013-01-18,34.95572736289545,35.882649995007895,34.06683823530565,35.280404476759536,820458,35.280404476759536
ACET,2013-01-21,34.67702180939491,35.53339915774996,34.07577044823866,34.82737070513572,1254597,34.82737070513572
ACET,2013-01-22,34.972882769122634,35.884029062289244,34.44448078445212,34.97784484617308,1014692,34.97784484617308
ACET,2013-01-23,35.39787504219287,35.45372368424496,34.98180818550408,35.15639559405114,1774499,35.15639559405114
ACET,2013-01-24,34.62383960921391,35.57136041673107,34.04424947645138,34.61770778202027,1017137,34.61770778202027
ACET,2013-01-25,33.506941491390236,33.997679899938696,33.052013528221806,33.723343782023896,549030,33.723343782023896
ACET,2013-01-28,34.86291728631294,34.92257856100858,33.69414061799473,34.52268519646586,1338197,34.52268519646586
ACET,2013-01-29,34.42914077222373,34.834747838137694,33.98413589828972,34.58819592769855,1774934,34.58819592769855
ACET,2013-01-30,34.8555836278754,35.46872119005551,33.845706819946855,34.52053099587751,1735517,34.52053099587751
ACET,2013-01-31,35.08445778909244,35.13481836932309,33.84052719891678,34.78093522322873,813616,34.78093522322873
ACET,2013-02-01,34.21023277583993,34.21101766085728,34.12631981741859,34.18121872604175,1549952,34.18121872604175
ACET,2013-02-04,34.61736848483722,35.571651018917564,33.663678280550535,34.90219617556748,1393267,34.90219617556748
ACET,2013-02-05,35.444613107940945,35.926717281479895,34.96543413297442,35.30662436108862,1377900,35.30662436108862
ACET,2013-02-06,35.38334300424371,36.27959981065968,35.043586275452235,35.1403700728925,647990,35.1403700728925
ACET,2013-02-07,35.08295679813683,35.39274128884352,34.219078968456685,35.12137881411426,1510710,35.12137881411426
ACET,2013-02-08,34.80223025096803,35.27943788945904,34.00573005183482,34.98482271628618,1476599,34.98482271628618
ACET,2013-02-11,36.11770460336557,36.2017285466489,35.28283363962245,35.900275186439806,607992,35.900275186439806
ACET,2013-02-12,36.24970890149533,36.835335650618624,35.450533993081336,36.217057177696304,896229,36.217057177696304
ACET,2013-02-13,36.39202045389909,37.01534706138877,36.128942326677226,36.61343654654444,1226014,36.61343654654444
ACET,2013-02-14,37.014436426940016,37.391659263785236,35.95622577535168,36.68461340187807,879571,36.68461340187807
ACET,2013-02-15,37.03672348048335,37.545199924802866,36.69215156431567,36.70774992752085,1242441,36.70774992752085
ACET,2013-02-18,37.95768384038623,39.02902722301442,37.79688055290786,38.05888265794038,1104673,38.05888265794038
ACET,2013-02-19,37.49312474447845,37.942294669027525,37.3754084810605,37.82293841552429,257480,37.82293841552429
ACET,2013-02-20,38.10356612521675,38.70208965748545,36.93661651166965,38.00415596789995,1506363,38.00415596789995
ACET,2013-02-21,39.39443186635885,39.7719702850565,38.42096605814133,39.538965181908615,410470,39.538965181908615
ACET,2013-02-22,40.21697080320914,40.82731371671224,39.21480620739409,40.56881990963413,423349,40.56881990963413
ACET,2013-02-25,41.20700700422943,41.52438569465105,40.4842466029424,40.88661424965113,151507,40.88661424965113
ACET,2013-02-26,40.15789471565728,40.71135285991912,38.58313021294065,39.76177493975811,492819,39.76177493975811
ACET,2013-02-27,41.327618316773446,42.066447785711354,41.08761999306787,41.451637043762034,181345,41.451637043762034
ACET,2013-02-28,41.4920181484017,42.576840980926285,40.72883430352945,41.2899071386484,1454447,41.2899071386484
ACET,2013-03-01,41.02231474860086,42.48921102815754,40.48858944898321,41.38169758371847,1043940,41.38169758371847
ACET,2013-03-04,42.113307720702934,42.96646475683179,41.52877891206317,42.223337143772405,74741,42.223337143772405
ACET,2013-03-05,41.75665352930613,42.441269841629456,41.174581508492324,42.085974795563,1547497,42.085974795563
ACET,2013-03-06,41.90629362270161,43.32047246435131,40.897884972443684,42.28231026099003,255096,42.28231026099003
ACET,2013-03-07,42.43598063838583,43.445382386172994,41.44980407035669,42.36075552718528,877056,42.36075552718528
ACET,2013-03-08,42.351694917822,43.365535328032145,41.45030133569922,42.09740052874485,238244,42.09740052874485
ACET,2013-03-11,42.364864125378226,42.42557171857426,41.95542190268709,42.40474982006695,895802,42.40474982006695
ACET,2013-03-12,41.946544950537984,42.895204476732026,41.01054225198719,41.92627015221023,1243052,41.92627015221023
ACET,2013-03-13,40.87324069508191,42.11194301273395,40.6355238788935,41.0615241941401,696772,41.0615241941401
ACET,2013-03-14,41.705950658718415,42.46295487488006,41.273836698183686,41.50970334066683,1290042,41.50970334066683
ACET,2013-03-15,42.41215735019132,43.48884923894307,41.488267125023924,42.530329344254895,1549231,42.530329344254895
ACET,2013-03-18,41.60133411650162,42.941470157906984,41.05227723008406,41.964326361757735,1787274,41.964326361757735
ACET,2013-03-19,41.296977287266714,42.20694614983309,40.490351744609754,41.57510835039631,982739,41.57510835039631
ACET,2013-03-20,41.29616202159352,42.6208440418719,40.29351483172056,41.60531564057639,926684,41.60531564057639
ACET,2013-03-21,41.58300660573116,42.626047356987584,41.340993452141554,41.6364029697285,891020,41.6364029697285
ACET,2013-03-22,39.78959577184618,41.24176637928831,39.77942700544463,40.13863113337348,515458,40.13863113337348
ACET,2013-03-25,40.08782232981168,41.19589820372412,39.32449433697109,39.8435935940651,1485554,39.8435935940651
ACET,2013-03-26,41.58128843401319,42.24207487993091,41.13824983858453,41.24472717901204,737093,41.24472717901204
ACET,2013-03-27,42.1621360271235,42.41541073887043,41.709528204792186,42.3753738414633,869966,42.3753738414633
ACET,2013-03-28,43.77752910609267,43.815320593729886,43.20718280726587,43.79021972478035,1231274,43.79021972478035
ACET,2013-03-29,44.349364290893654,45.598588360853114,43.641068318182086,44.33246203931937,894608,44.33246203931937
ACET,2013-04-01,44.34290071581281,44.79168778992954,42.909954651217916,43.9169056624259,407680,43.9169056624259
ACET,2013-04-02,43.774621505022786,44.6583872790031,42.57203013817785,44.158251099630164,759222,44.158251099630164
ACET,2013-04-03,44.8388801176259,45.47098461152591,43.941190109347474,44.68883078315514,1590749,44.68883078315514
ACET,2013-04-04,44.3027870575894,44.794232934154515,43.719731253059784,44.43987074178697,652141,44.43987074178697
ACET,2013-04-05,43.04380936569538,43.806219647143664,42.40882271207228,43.04225449686682,1745885,43.04225449686682
ACET,2013-04-08,43.564971232716914,44.844217441173164,43.16709753739289,43.81292207881938,244782,43.81292207881938
ACET,2013-04-09,43.175299049795434,43.806293642751285,42.12885775113048,43.47068909390974,1169736,43.47068909390974
ACET,2013-04-10,43.79053422779675,44.99748403863056,42.94214033111338,44.01628026142699,962219,44.01628026142699
ACET,2013-04-11,42.381130617562604,43.609499573941264,41.63806302318383,42.74768175976664,937613,42.74768175976664
ACET,2013-04-12,42.071734506652405,42.92561294413437,41.04500324120065,42.25928943384398,709966,42.25928943384398
ACET,2013-04-15,42.759446661901215,43.176918381606534,42.4777469420247,42.59727803892865,1343314,42.59727803892865
ACET,2013-04-16,43.2663771381315,44.39923080595729,42.72354487104773,43.13569157736657,1446165,43.13569157736657
ACET,2013-04-17,43.825747360068135,44.3553325263625,42.585338231797216,43.77803262673904,950646,43.77803262673904
ACET,2013-04-18,43.311708472444295,44.24059051763852,42.93853224534469,43.748858075700085,514146,43.748858075700085
ACET,2013-04-19,43.60763599831322,44.78185955575627,43.0160385941957,43.93647237486902,1077432,43.93647237486902
ACET,2013-04-22,44.59305367221271,45.824265642453184,43.656813488798356,44.289344427828844,785329,44.289344427828844
ACET,2013-04-23,44.38247847671711,45.265539021630616,44.36887849822365,44.58602404741268,1128235,44.58602404741268
ACET,2013-04-24,45.470321935637216,46.45615124958819,44.58197319234896,45.09853065141592,365851,45.09853065141592
ACET,2013-04-25,44.486755187676984,45.096512486015605,44.01918407239756,44.155986126717636,1785807,44.155986126717636
ACET,2013-04-26,45.45169144904828,46.06798309541976,45.33381104205609,45.767554363541336,1304566,45.767554363541336
ACET,2013-04-29,46.000877656939515,46.17193513080466,44.40719539858309,45.637464661772725,1302339,45.637464661772725
ACET,2013-04-30,45.701171199715965,45.88807953412113,44.22852209846727,45.58462514308751,962302,45.58462514308751
ACET,2013-05-01,45.48159056968846,45.51068839400966,44.59483941022853,45.36338555801803,1362918,45.36338555801803
ACET,2013-05-02,45.91302166247832,46.67458408923372,45.27587913324982,45.591438017849484,656778,45.591438017849484
ACET,2013-05-03,44.30937057465412,44.568277297662426,44.07567757774064,44.393669033961345,797737,44.393669033961345
ACET,2013-05-06,44.22177107127719,45.37025248677364,43.734068958067525,44.01467034256476,1281442,44.01467034256476
ACET,2013-05-07,42.62528993365265,43.88217869257396,41.778326322607185,42.48274811577713,628661,42.48274811577713
ACET,2013-05-08,42.364265302535145,42.99447873143266,41.81939612100287,42.13545740801929,1135075,42.13545740801929
ACET,2013-05-09,42.42364239158111,42.9959465918551,41.93138776797755,42.2881604717554,69372,42.2881604717554
ACET,2013-05-10,42.41364358221169,43.219530930233034,41.54054081053508,42.772888969910845,768609,42.772888969910845
ACET,2013-05-13,42.574925420538065,43.57047752146435,41.51317561599437,42.75216649537579,842906,42.75216649537579
ACET,2013-05-14,43.3895816957729,44.18104293123937,42.52265511957633,43.011151628292275,1541705,43.011151628292275
ACET,2013-05-15,41.45822739560819,42.11828495148956,41.05660462214665,41.688828995901964,1686056,41.688828995901964
ACET,2013-05-16,41.81519608294946,42.2691340844836,41.273234374701275,41.838407695992984,860218,41.838407695992984
ACET,2013-05-17,42.74876860240077,43.70075280161993,41.739700437440064,42.871442684143474,470352,42.871442684143474
ACET,2013-05-20,42.918268903142085,43.99630028008208,41.98695103488804,43.2763384323254,1558255,43.2763384323254
ACET,2013-05-21,42.4250185020029,43.61767649402568,42.05399424219514,42.69726592854925,1641392,42.69726592854925
ACET,2013-05-22,42.678221542358116,44.071568370895484,42.630365211507645,42.86109515868287,1719055,42.86109515868287
ACET,2013-05-23,43.97665828577188,45.03821463448465,43.90387990877437,44.00894458038358,739926,44.00894458038358
ACET,2013-05-24,44.84685540125602,45.25632384006144,43.87197858617106,44.51342846836554,565422,44.51342846836554
ACET,2013-05-27,45.06094495988787,46.087148186174716,44.893571428387276,45.0468756654572,928681,45.0468756654572
ACET,2013-05-28,44.54563567935901,45.14703453857177,43.11762864837424,44.41071153148841,1437718,44.41071153148841
ACET,2013-05-29,44.07025076911736,45.16528126160336,43.88667894451884,44.13561106163379,1044403,44.13561106163379
ACET,2013-05-30,44.43283170263833,45.614617864341234,43.41323654520642,44.10638941855169,483581,44.10638941855169
ACET,2013-05-31,45.81603238491541,46.159569264335424,45.368189046500106,45.667502073079675,103399,45.667502073079675
ACET,2013-06-03,44.547457256923806,45.23675932471614,43.21849467200255,44.91519570282502,1374612,44.91519570282502
ACET,2013-06-04,45.1444621935237,45.7509675887337,44.9664496124997,45.164785256370934,128549,45.164785256370934
ACET,2013-06-05,46.071676479002996,46.14290403763563,45.215953314569525,45.772112462792684,1705234,45.772112462792684
ACET,2013-06-06,46.66480972804941,47.62473184473608,45.389066643493045,46.44775439935536,1386113,46.44775439935536
ACET,2013-06-07,46.63453950561593,47.68339844399895,45.35399509119924,46.25954928528395,1072199,46.25954928528395
ACET,2013-06-10,45.75396512629688,46.481275824637244,44.656784246812435,46.00453541724455,1746698,46.00453541724455
ACET,2013-06-11,48.197210881283716,48.869974425187344,46.9171981495674,47.741591708528446,234804,47.741591708528446
ACET,2013-06-12,47.32614976589246,48.37225444834818,46.374902718716584,47.53045689877035,908553,47.53045689877035
ACET,2013-06-13,46.76166199840002,47.2903517627486,46.108639845519335,47.1861677534971,211765,47.1861677534971
ACET,2013-06-14,48.048388336916666,49.07793691141329,47.781409065057645,48.05254716263129,291349,48.05254716263129
ACET,2013-06-17,47.8242335446266,48.96147445396976,47.79880338890154,48.199865956101,134467,48.199865956101
ACET,2013-06-18,47.229940552841754,48.114456667204564,46.00251702593385,47.05929325796472,1675048,47.05929325796472
ACET,2013-06-19,48.35324413642204,49.40323084010077,46.6831627416936,47.968958791517075,945254,47.968958791517075
ACET,2013-06-20,48.041472605275786,49.01511770741903,46.77630392870955,47.64001659603455,800091,47.64001659603455
ACET,2013-06-21,47.404939630266114,47.54050105497922,46.088283639178556,47.3036745324483,1151467,47.3036745324483
ACET,2013-06-24,49.809288887658774,50.978699531672106,49.52666652786909,49.77418328474999,1247241,49.77418328474999
ACET,2013-06-25,50.0753193717093,50.99176769421762,48.84331585988105,49.58542388936244,934459,49.58542388936244
ACET,2013-06-26,49.75901760173146,50.82617065374854,49.11369084249569,49.68010004841872,1353356,49.68010004841872
ACET,2013-06-27,51.00940624949018,51.409577681272715,49.288230483304936,50.57701492899074,521527,50.57701492899074
ACET,2013-06-28,50.13978913228571,50.47285855462712,49.35195667930431,49.725481344009005,1242159,49.725481344009005
ACET,2013-07-01,50.0731647280257,51.53104786252998,50.0334794595418,50.28485007238445,1381126,50.28485007238445
ACET,2013-07-02,50.705216093997805,51.80284064434239,49.91784306370205,51.20316577974635,1286467,51.20316577974635
ACET,2013-07-03,52.47242129324419,53.44313698377564,52.41332260965891,52.5363386758463,100136,52.5363386758463
ACET,2013-07-04,53.61363474714885,54.500825892657545,51.6874970272661,53.22892784911089,960881,53.22892784911089
ACET,2013-07-05,52.51270489712836,53.43456567702033,50.65307599919615,52.16203599451748,1405876,52.16203599451748
ACET,2013-07-08,52.73639294453241,52.846358492663725,52.56414405685041,52.627276404793065,61005,52.627276404793065
ACET,2013-07-09,50.98645128300395,51.804848195865084,50.52797947757125,51.3389874747525,1585249,51.3389874747525
ACET,2013-07-10,52.167076228169584,52.684600781972826,50.89736568251851,52.57973490769134,195271,52.57973490769134
ACET,2013-07-11,54.180336688397254,54.9607951875378,52.66743369688651,53.692080257107214,961352,53.692080257107214
ACET,2013-07-12,53.870010510390536,55.41500743297928,53.07449008825803,53.954830004519465,1601010,53.954830004519465
ACET,2013-07-15,54.33774623085963,54.972154931500405,53.693899518060746,54.17720722872359,1404159,54.17720722872359
ACET,2013-07-16,54.64383613429356,55.92651781840669,53.946964825165225,54.203847874177896,972148,54.203847874177896
ACET,2013-07-17,54.61212128094583,55.08273527069593,52.719169668052764,54.2110751454001,1435983,54.2110751454001
ACET,2013-07-18,55.3207221762438,56.74179940276005,54.67760303847468,55.24679844387526,584917,55.24679844387526
ACET,2013-07-19,54.944198072735894,55.64913725524737,54.08164792058753,54.957492091596315,89122,54.957492091596315
ACET,2013-07-22,57.58777201510213,58.20145740155107,56.62617433083575,57.318079887671026,748239,57.318079887671026
ACET,2013-07-23,57.369340829579485,58.746414714355325,56.52348429656102,57.5423757107092,776101,57.5423757107092
ACET,2013-07-24,59.09367492134318,60.00269628587842,57.974468828634116,58.94584977640832,88392,58.94584977640832
ACET,2013-07-25,56.621924696143246,57.74563329541992,55.2723628573404,57.16712478274698,1753391,57.16712478274698
ACET,2013-07-26,56.94980873940005,57.049058980139684,55.68709717161599,56.582798493920095,1487274,56.582798493920095
ACET,2013-07-29,58.181623872530665,58.47248426635077,56.207347015205116,57.60781287024679,878377,57.60781287024679
ACET,2013-07-30,58.52444547482353,59.88043999298017,56.33472270361057,57.99701310688109,422006,57.99701310688109
ACET,2013-07-31,57.902338420660264,59.6689124382789,56.81462763358456,58.06504266188671,1185363,58.06504266188671
ACET,2013-08-01,59.31402535053329,59.61445969963242,57.54321799259184,59.277153441174306,978655,59.277153441174306
ACET,2013-08-02,61.41413205458646,62.794567037688005,60.60815441231913,61.73985056012721,1163907,61.73985056012721
ACET,2013-08-05,60.20619600627149,60.506330231980826,58.53076435313856,60.44436201814198,69056,60.44436201814198
ACET,2013-08-06,61.58509620313861,62.17548540866844,60.54594681167259,61.63767794812996,471138,61.63767794812996
ACET,2013-08-07,61.46562623076405,62.2931772191446,61.12694422643402,61.16338016203077,1270187,61.16338016203077
ACET,2013-08-08,61.599213788827036,63.57208314564466,59.76949819219716,62.198958047752996,651464,62.198958047752996
ACET,2013-08-09,61.57560246566083,61.788351923452666,60.40601312231249,61.706699421766615,538208,61.706699421766615
ACET,2013-08-12,62.43718268412033,63.900517910373246,61.75538650101507,62.36671214327917,143356,62.36671214327917
ACET,2013-08-13,62.782470645100034,63.526018209482075,61.198312402726316,63.142149745103765,1245137,63.142149745103765
ACET,2013-08-14,61.8303594897437,63.77688951315074,61.01555958413959,62.35604753652734,1798865,62.35604753652734
ACET,2013-08-15,61.88678252028919,63.04803380334282,60.46168211980775,61.83783928124388,753063,61.83783928124388
ACET,2013-08-16,61.82647425422768,62.45631755639642,60.21889481065511,61.656536527381974,875077,61.656536527381974
ACET,2013-08-19,59.998258216260794,61.30097306312809,59.64104362006441,59.82953618357989,290182,59.82953618357989
ACET,2013-08-20,60.209892865188664,60.81118706457211,58.77078095506239,60.383090426126955,1314474,60.383090426126955
ACET,2013-08-21,61.80041899232004,62.53628574580369,60.64453802747755,62.12675618569489,428883,62.12675618569489
ACET,2013-08-22,60.364846601413596,60.81676684196742,58.861033024343236,60.7043216321876,1385791,60.7043216321876
ACET,2013-08-23,60.93796093841209,62.228409874048864,59.62880831013991,61.50314539683247,466122,61.50314539683247
ACET,2013-08-26,61.5518946696073,62.12409071854384,60.246575974574604,61.94252485577429,1381555,61.94252485577429
ACET,2013-08-27,61.569603369580356,62.34445850026556,59.94412253793589,61.17975845162572,300323,61.17975845162572
ACET,2013-08-28,62.99352903607733,63.64461814022343,62.31521522596691,63.62590529813157,398597,63.62590529813157
ACET,2013-08-29,64.47224339593319,65.36850695620225,63.97437469639341,65.06578834892393,742187,65.06578834892393
ACET,2013-08-30,66.15183000436987,68.51325624640967,65.18072719848307,66.64900634468563,91787,66.64900634468563
ACET,2013-09-02,66.63594581172573,68.33534397825919,65.85725676889409,66.74241253041053,106860,66.74241253041053
ACET,2013-09-03,64.68712939207501,65.36277887798707,64.32475613031198,64.9029474841716,1086988,64.9029474841716
ACET,2013-09-04,64.73486706921959,66.55867959507448,64.7340138533278,65.15467708193638,1335107,65.15467708193638
ACET,2013-09-05,64.53590591239404,66.34638013322251,63.48365955651592,65.04199838593779,283517,65.04199838593779
ACET,2013-09-06,66.93475290129429,67.29002706903223,66.225829946552,66.35236158653802,789447,66.35236158653802
ACET,2013-09-09,66.19666541307258,66.93355052790852,64.65282165572133,65.6566392645347,1602017,65.6566392645347
ACET,2013-09-10,67.74250535785323,69.59940684268273,66.93547561637222,67.37611591473943,426651,67.37611591473943
ACET,2013-09-11,66.30164877648888,68.10878482490156,65.45276830349458,66.63211478135754,553544,66.63211478135754
ACET,2013-09-12,67.33145844307208,69.1110091910653,67.09722420046297,67.56971190677596,937881,67.56971190677596
ACET,2013-09-13,66.8861493530829,68.01763431719766,65.562461665762,66.66502816348168,1458407,66.66502816348168
ACET,2013-09-16,66.3815410346069,67.99017633546744,65.77577296540179,66.65924492199096,1753406,66.65924492199096
ACET,2013-09-17,65.082419737306,66.07571766877633,64.00121688377926,65.04258399927332,326752,65.04258399927332
ACET,2013-09-18,65.37064595737333,66.82362715267047,64.89391161497235,65.17345214950255,812879,65.17345214950255
ACET,2013-09-19,64.0091890652303,65.41622813690385,63.97381417066873,63.98462370905052,1474377,63.98462370905052
ACET,2013-09-20,64.58806689855383,64.76060961980659,63.12188224087517,64.70027689452591,729018,64.70027689452591
ACET,2013-09-23,65.39958448362019,66.84246073512834,64.36824408205595,65.59914493662757,752303,65.59914493662757
ACET,2013-09-24,65.99125166872894,67.23811742834573,63.817872841795136,65.62669548498192,1225735,65.62669548498192
ACET,2013-09-25,65.17239458059436,65.3040166814307,63.19084211017613,64.86235383303477,670888,64.86235383303477
ACET,2013-09-26,65.65898115576009,66.4673376284615,65.26329355521608,65.40230579861262,1190294,65.40230579861262
ACET,2013-09-27,66.4630494379651,68.42664591267737,65.55306483388843,66.63005485441222,1087843,66.63005485441222
ACET,2013-09-30,66.82515500516679,68.73656592262908,65.25266006098711,66.45865330807045,1583596,66.45865330807045
ACET,2013-10-01,66.56712504167484,68.12921106063662,65.31318945458672,65.9632922726656,673954,65.9632922726656
ACET,2013-10-02,64.69546539614677,64.98945036808408,63.60141101024867,64.45186375178729,738586,64.45186375178729
ACET,2013-10-03,64.63955717231015,65.48683686883598,63.26024802995281,64.75884393283134,1092656,64.75884393283134
ACET,2013-10-04,66.5031567576583,66.8673679776469,64.57726050106477,66.11114245760304,333313,66.11114245760304
ACET,2013-10-07,68.11381921180171,69.44640369819953,67.12976069997205,67.96524436563064,1216965,67.96524436563064
ACET,2013-10-08,68.83011195118453,70.4265805253332,66.65051131569186,68.31409861313547,1711838,68.31409861313547
ACET,2013-10-09,66.85505799516312,68.62758424634666,64.85203061996462,66.57122156420905,250350,66.57122156420905
ACET,2013-10-10,66.38083794911118,68.09475495854764,64.67431988830093,66.02441169404462,1683804,66.02441169404462
ACET,2013-10-11,67.770247755327,67.97195219664805,67.26309335119271,67.54406098179396,1331079,67.54406098179396
ACET,2013-10-14,68.08510439689853,68.90402891572101,66.11775692936357,68.64522131504228,330570,68.64522131504228
ACET,2013-10-15,67.33992494179856,69.19823913342339,67.00308980280917,67.35997501565664,1606719,67.35997501565664
ACET,2013-10-16,69.34759522201415,71.73937060386977,68.55905863250382,69.96822756931344,655458,69.96822756931344
ACET,2013-10-17,68.52318990521486,69.54253861920188,66.55048831205066,68.5951473767833,972437,68.5951473767833
ACET,2013-10-18,68.43044763582142,69.31330735023239,67.32206176117248,68.13552032621654,618219,68.13552032621654
ACET,2013-10-21,68.72168571532696,69.97156303548563,67.53833829312786,68.8300855677645,1196261,68.8300855677645
ACET,2013-10-22,68.0850158976419,70.0014064028351,67.76051101780658,68.77047841770961,1005035,68.77047841770961
ACET,2013-10-23,68.21395678918131,68.91435297790859,68.02404649495696,68.39275584343436,643487,68.39275584343436
ACET,2013-10-24,67.86192544854993,69.28282381643389,66.40932701149478,68.45369534616601,1304513,68.45369534616601
ACET,2013-10-25,70.22940806202854,71.53502816357896,69.385294426229,69.8374851397869,90480,69.8374851397869
ACET,2013-10-28,72.87946861209619,73.33044833675788,70.96768866046786,72.46820925012632,1125313,72.46820925012632
ACET,2013-10-29,73.3782363076395,75.57701494792873,71.39023667176892,72.93134426013246,51000,72.93134426013246
ACET,2013-10-30,71.43838155082229,72.72793027282586,69.70808324283527,72.11579814000577,621308,72.11579814000577
ACET,2013-10-31,71.62874674851686,73.50340715859252,70.93786390941601,72.30513334836095,854271,72.30513334836095
ACET,2013-11-01,75.7077353675899,76.96636040380113,73.43827922336395,75.10174038772247,1055045,75.10174038772247
ACET,2013-11-04,75.7374047414404,77.34536044417074,74.52149753111394,76.31175158635854,1190249,76.31175158635854
ACET,2013-11-05,78.58435653084368,79.15380264435996,77.87652201863881,78.31793422125173,1765968,78.31793422125173
ACET,2013-11-06,80.07797698742758,81.43614689691523,79.1106094863921,79.60756886993391,190733,79.60756886993391
ACET,2013-11-07,81.00230523068628,81.30825878364561,80.65102077413009,81.08685659826952,1774615,81.08685659826952
ACET,2013-11-08,81.2856895646049,82.22923624259585,79.16630560064213,81.21020939699618,276665,81.21020939699618
ACET,2013-11-11,83.04953934364288,84.06662423383008,82.02028836988359,83.50483992440485,1735378,83.50483992440485
ACET,2013-11-12,79.87532531025239,80.17288751301456,79.00195496575864,79.20430649667013,654876,79.20430649667013
ACET,2013-11-13,79.793935393716,82.3357502474763,77.50077758799507,80.11149559525326,1700771,80.11149559525326
ACET,2013-11-14,80.43426077533891,82.58935835990634,79.93844816164894,80.89079029340542,907334,80.89079029340542
ACET,2013-11-15,79.66544027695677,80.06893509425196,77.8244346514565,79.62498517073458,1493699,79.62498517073458
ACET,2013-11-18,79.69994080796026,82.48047613459862,78.91008314082167,80.19633410554677,1429844,80.19633410554677
ACET,2013-11-19,81.45719470361735,81.98501803985245,80.46616574125339,81.15417858699277,962300,81.15417858699277
ACET,2013-11-20,78.61503202526035,79.17071435363023,78.41582246197744,78.59127317657277,1584219,78.59127317657277
ACET,2013-11-21,78.62735484725606,79.50171878560958,77.46870078382625,79.1851278338894,1172095,79.1851278338894
ACET,2013-11-22,80.5030452507082,82.97906683512224,80.13650951151709,81.20588802860863,1746208,81.20588802860863
ACET,2013-11-25,83.27424329650454,85.31992187590197,80.88923069381745,83.88331417773998,1458013,83.88331417773998
ACET,2013-11-26,84.3220770283988,85.0878089611176,82.85624593886467,84.9393745185481,409220,84.9393745185481
ACET,2013-11-27,84.5448802458739,84.92693028982467,83.12330609420096,84.8625197661054,125993,84.8625197661054
ACET,2013-11-28,87.07583949511415,88.46729265700742,85.3011285653732,86.49928603091212,196397,86.49928603091212
ACET,2013-11-29,84.44199486990226,86.86157545408237,83.1280955208359,85.19633339475848,1342332,85.19633339475848
ACET,2013-12-02,85.89929359391002,88.67943874868298,85.8167311121907,86.54301972004585,1428463,86.54301972004585
ACET,2013-12-03,86.20072184010958,87.78359032694785,83.81780521590979,86.54187131132899,1636333,86.54187131132899
ACET,2013-12-04,88.66411128197645,90.4636304916067,86.61672104607075,88.56963727577093,190043,88.56963727577093
ACET,2013-12-05,88.31479192389075,90.25857133512704,87.77021000249445,87.85289157034674,1191842,87.85289157034674
ACET,2013-12-06,91.59570433328874,93.2802941294912,89.31905873237878,90.83056319632075,836987,90.83056319632075
ACET,2013-12-09,92.85443627716187,94.0008571989115,91.65983828615852,93.01798382890182,503784,93.01798382890182
ACET,2013-12-10,93.00786284597123,94.11784188811264,90.44370734195392,93.7468981158327,353072,93.7468981158327
ACET,2013-12-11,93.7947626346983,96.16784622053763,91.78019430152487,94.33527443144378,1727993,94.33527443144378
ACET,2013-12-12,97.09340864920173,99.75693956712064,94.296103947179,97.50831113441326,118628,97.50831113441326
ACET,2013-12-13,102.23220578941692,102.81439914117624,99.02037241029008,101.65056603930844,1394761,101.65056603930844
ACET,2013-12-16,101.46518772863409,102.97154006520178,99.97581793633017,101.08784033086377,575500,101.08784033086377
ACET,2013-12-17,100.02108014042429,101.80556506406946,99.31179804583442,100.60659984010181,770404,100.60659984010181
ACET,2013-12-18,103.91697167570887,104.55825289589797,102.81539503231474,103.21768116495473,1336937,103.21768116495473
ACET,2013-12-19,99.53046883216987,100.26295281666323,96.60150588965038,98.82062870533312,970223,98.82062870533312
ACET,2013-12-20,94.98144004738599,95.65867903349195,92.37392603420646,94.26046292800159,798560,94.26046292800159
ACET,2013-12-23,92.62223162616667,94.21023940815633,91.42573312946783,93.04090791733418,1318227,93.04090791733418
ACET,2013-12-24,93.02762410742174,94.81187085879857,90.47034829569311,93.71411704135649,149366,93.71411704135649
ACET,2013-12-25,91.17810507262219,93.43405135238045,90.6494131891887,91.90607951351842,787038,91.90607951351842
ACET,2013-12-26,89.71078454239296,90.14177000084653,88.32015629861746,89.89040759373118,1583728,89.89040759373118
ACET,2013-12-27,89.08644045805404,90.76818733849116,88.9942561774604,89.21254272570548,1285963,89.21254272570548
ACET,2013-12-30,92.359530972621,92.420061806662,89.25649987773494,91.68434909274691,109533,91.68434909274691
ACET,2013-12-31,90.72683545172389,91.85401115619892,88.36782082194256,91.15021719076726,484478,91.15021719076726
ACET,2014-01-01,93.46301425278342,94.8709542235062,91.40452601419155,93.22642025033709,1431505,93.22642025033709
ACET,2014-01-02,94.0994782838389,96.03868871672066,91.33370966879453,93.56017366019331,1711395,93.56017366019331
ACET,2014-01-03,96.05011549364211,98.72834310526824,95.17583895613551,96.49563023244885,144553,96.49563023244885
ACET,2014-01-06,95.76811061333537,96.31885677194549,95.61529475391974,96.21620952024445,220817,96.21620952024445
ACET,2014-01-07,97.46908354079171,99.04073417235178,94.4882346977208,97.14044718421985,238591,97.14044718421985
ACET,2014-01-08,98.15585074405942,99.19955150227594,95.49259581404687,97.71391750713136,1589519,97.71391750713136
ACET,2014-01-09,98.52378326732047,100.57773494291074,95.39405607298613,97.62608671762086,1776657,97.62608671762086
ACET,2014-01-10,99.98094564686261,100.83212271600348,97.82379497917952,99.28606103117843,1298175,99.28606103117843
ACET,2014-01-13,101.41286926655773,103.6755636832135,99.1073657757767,100.76384650205141,987745,100.76384650205141
ACET,2014-01-14,101.77534969950855,103.61413585641935,100.554639330186,101.3853926379204,711231,101.3853926379204
ACET,2014-01-15,97.20229556929287,100.27012246214554,96.42262979631,97.94967779566727,839123,97.94967779566727
ACET,2014-01-16,96.56320566170938,99.41489274847095,94.73957207608746,95.96965021705635,195568,95.96965021705635
ACET,2014-01-17,95.29576088391214,97.8932926445815,93.31411232556592,94.47323584241545,185574,94.47323584241545
ACET,2014-01-20,94.85769632844475,96.75751801936426,94.40897120832108,95.06547558340348,116740,95.06547558340348
ACET,2014-01-21,94.80979371005802,97.7160804011579,93.09450375213571,95.16444885066002,1116252,95.16444885066002
ACET,2014-01-22,94.0386507026602,94.47054148577585,91.21130101078653,93.99638683969394,821641,93.99638683969394
ACET,2014-01-23,93.55851388798645,93.67930304778308,90.52328517836143,92.71213442816284,913720,92.71213442816284
DOW,2010-01-04,28.154429787134195,28.298244882448618,27.71524699629485,28.033147707216187,624873,28.033147707216187
DOW,2010-01-05,28.338703595914797,28.499782897991512,28.201654639292258,28.283559801749163,532958,28.283559801749163
DOW,2010-01-06,28.158266657209914,28.7741850324782,27.514233855288836,28.41330528634716,399610,28.41330528634716
DOW,2010-01-07,28.396357825234066,29.231410751956027,28.13875443754593,28.484361318771917,1677864,28.484361318771917
DOW,2010-01-08,28.054027670345306,28.90201272019032,27.591777001240114,28.157411820882402,977398,28.157411820882402
DOW,2010-01-11,27.83691052593506,28.330114665325834,26.994773574465253,27.71829109258776,612703,27.71829109258776
DOW,2010-01-12,27.835123239294425,28.384707899427294,27.222626360752113,27.79278193609383,1636966,27.79278193609383
DOW,2010-01-13,27.479593155646576,28.219697474236423,26.643547575663856,27.419003298732488,1691611,27.419003298732488
DOW,2010-01-14,27.939995210122984,28.463215448894694,27.180835104722206,27.747438210423446,287495,27.747438210423446
DOW,2010-01-15,27.72042496644882,27.911529308251264,26.93257311900352,27.706401571384617,336447,27.706401571384617
DOW,2010-01-18,27.821453481141905,28.570786338571434,27.75922667386805,27.979100491891547,722051,27.979100491891547
DOW,2010-01-19,27.324209095231787,28.230591112516777,26.587886656222178,27.593276834639976,456290,27.593276834639976
DOW,2010-01-20,26.966658301944342,27.669079740645092,26.818887508396045,27.15156177703732,453297,27.15156177703732
DOW,2010-01-21,27.569861794053153,28.059564891966662,27.49221933728643,27.83115228999797,584461,27.83115228999797
DOW,2010-01-22,27.635871740455475,28.115283982078125,27.194530094967785,27.781968825176943,1594583,27.781968825176943
DOW,2010-01-25,28.239214516860017,28.63788931534627,27.36384226390418,28.163175525056253,948674,28.163175525056253
DOW,2010-01-26,27.411408011109653,27.724175478381603,27.07900550444321,27.60385159921159,263078,27.60385159921159
DOW,2010-01-27,27.27184239164916,27.874908263641164,26.645764110710125,27.501799663224862,1746906,27.501799663224862
DOW,2010-01-28,28.300818688524316,28.437679260045226,27.344277878265924,28.03679363098764,1054922,28.03679363098764
DOW,2010-01-29,27.691744029465585,28.10666472502366,27.062878519502682,27.41924878004315,1351546,27.41924878004315
DOW,2010-02-01,28.427160574590367,28.47049274235927,27.802083162598986,28.349469696407553,1654676,28.349469696407553
DOW,2010-02-02,28.22138951540562,29.253471654631564,27.993116779270217,28.44406880402762,1307124,28.44406880402762
DOW,2010-02-03,28.300544970848126,28.509695788136323,27.774906325371163,28.119723545076063,1369064,28.119723545076063
DOW,2010-02-04,28.29687247380711,28.693323804891627,28.129937652646667,28.27469736780776,204071,28.27469736780776
DOW,2010-02-05,28.561372142642206,28.77238557299415,27.754558389767407,28.744142576036502,1641959,28.744142576036502
DOW,2010-02-08,28.45666171537345,28.62118805024871,27.76148566137853,28.413647887435385,1623481,28.413647887435385
DOW,2010-02-09,27.88613722844161,28.730773132033562,27.523887675663993,28.145422927409623,224369,28.145422927409623
DOW,2010-02-10,28.52543603747056,28.621110866084237,28.157043144597203,28.258410386944654,1698110,28.258410386944654
DOW,2010-02-11,28.64545075024761,29.185259225873814,28.300620219489765,28.459911763377068,643745,28.459911763377068
DOW,2010-02-12,28.25363957866223,28.391229940924294,27.98200739728315,28.389467899115434,719579,28.389467899115434
DOW,2010-02-15,28.520448729577957,28.96529178274156,28.156019029250157,28.566777247895594,1296121,28.566777247895594
DOW,2010-02-16,28.87313201346261,29.55986357993254,28.553904230391492,28.933728742997328,1100190,28.933728742997328
DOW,2010-02-17,29.227781866718857,30.03998643897709,28.333399657228384,29.017985215918856,1152958,29.017985215918856
DOW,2010-02-18,28.656565012380607,29.16504668090698,28.308553830201294,28.740121533004267,1237083,28.740121533004267
DOW,2010-02-19,28.482961826349836,29.467586121204445,28.05038674652147,28.742808213945697,1753324,28.742808213945697
DOW,2010-02-22,29.32696401338935,30.205450080805765,28.785383978713636,29.495270605022753,884894,29.495270605022753
DOW,2010-02-23,29.48104877957987,29.91279991931345,29.38175411651518,29.64971434773963,335058,29.64971434773963
DOW,2010-02-24,30.470632185029665,31.27024278045239,30.04475115389291,30.19929690918494,1724575,30.19929690918494
DOW,2010-02-25,30.241305823966854,30.82219562615563,29.156405986341564,29.986983358538648,1274508,29.986983358538648
DOW,2010-02-26,29.99316213216524,30.20737802261886,29.98032155698969,30.11325784747168,916770,30.11325784747168
DOW,2010-03-01,30.170857258481085,31.33246303163084,29.473896157514403,30.47390986999421,807318,30.47390986999421
DOW,2010-03-02,31.165387147730275,31.330573119227335,30.421417753921947,31.15479599326126,1099840,31.15479599326126
DOW,2010-03-03,31.915069934305375,32.3654180101252,31.672987156906224,31.726462509552576,332851,31.726462509552576
DOW,2010-03-04,31.083981940370183,31.665421151005102,30.5662494012994,31.22850434691276,854501,31.22850434691276
DOW,2010-03-05,31.72791881652048,32.36249627071741,31.54265763002423,31.766646153629196,1681182,31.766646153629196
DOW,2010-03-08,32.35199945241608,33.214744338290295,31.66115706803861,32.56511258023111,1446808,32.56511258023111
DOW,2010-03-09,32.196278441485845,32.53355029512075,32.07377589962913,32.307808051510875,1667915,32.307808051510875
DOW,2010-03-10,32.06964225512773,32.408723390795764,31.743964061251848,31.904470893215972,1149280,31.904470893215972
DOW,2010-03-11,31.86007154977633,32.04423461095268,31.400788232671687,31.90583646823695,572336,31.90583646823695
DOW,2010-03-12,31.967869412570536,32.12259899929871,31.68500743578723,32.00161777864423,454737,32.00161777864423
DOW,2010-03-15,32.036811033465334,32.829786841960086,31.8179793768209,31.852353008238364,1694045,31.852353008238364
DOW,2010-03-16,31.486522064937045,32.19565018634188,30.80689906993656,31.321786542910758,1246516,31.321786542910758
DOW,2010-03-17,31.80957336190931,32.43496430596459,31.326899547551147,32.00985724955288,965715,32.00985724955288
DOW,2010-03-18,31.572455108514404,31.71704417584091,31.30990212579218,31.62604722962364,1153532,31.62604722962364
DOW,2010-03-19,31.62620739087729,32.053086941841784,30.8289588878051,31.40707530422927,1698830,31.40707530422927
DOW,2010-03-22,31.442028317389013,31.74724603400594,31.405457834555158,31.469256977160644,75557,31.469256977160644
DOW,2010-03-23,30.916924173054532,31.638450259576107,29.93008902789723,30.817222149274468,351271,30.817222149274468
DOW,2010-03-24,30.028317315060164,30.23270057786713,29.490850579189193,30.145303914659916,1720443,30.145303914659916
DOW,2010-03-25,29.70524368561592,30.375052710212906,29.45023997209739,29.969237567679933,1616390,29.969237567679933
DOW,2010-03-26,30.138575966130517,30.880242852041473,29.62264630543784,30.34192815632939,1108961,30.34192815632939
DOW,2010-03-29,30.37693937451254,31.33683398395409,29.701886571909508,30.436765337378866,1310042,30.436765337378866
DOW,2010-03-30,29.467126443423506,29.63318604357476,28.948611828300233,29.55373838558062,1138241,29.55373838558062
DOW,2010-03-31,30.40540742922038,30.509357866832264,30.05947644535349,30.166703875780886,679941,30.166703875780886
DOW,2010-04-01,30.55722129775142,31.46298240300521,30.11447725139376,30.52936467486127,1147195,30.52936467486127
DOW,2010-04-02,30.704008987314857,31.077638538958155,30.01523353009783,30.626123449541268,576900,30.626123449541268
DOW,2010-04-05,30.827146386432027,31.514944080962458,30.408614516149566,30.71125273567428,1217055,30.71125273567428
DOW,2010-04-06,31.044298059348638,31.773971358234974,30.663402957740697,31.02467437550293,1424925,31.02467437550293
DOW,2010-04-07,32.2740427364013,32.57860585088354,31.67762330962513,32.100925226995656,1111920,32.100925226995656
DOW,2010-04-08,32.71014634724567,32.92044008118442,31.931887646785068,32.525983911272185,77014,32.525983911272185
DOW,2010-04-09,32.58168948380352,32.94949014544782,31.674811039395838,32.678820105669374,1401762,32.678820105669374
DOW,2010-04-12,31.84900043586836,32.85216960286684,31.48662075254425,32.11569873427721,1560424,32.11569873427721
DOW,2010-04-13,32.518382046886444,33.338313003616385,31.644546942913585,32.20512011999315,996628,32.20512011999315
DOW,2010-04-14,32.673843638662504,33.35950908691073,32.02256783169355,32.580909396227575,1646848,32.580909396227575
DOW,2010-04-15,32.67545212106795,33.107971430923484,31.791812665247505,32.53949166464184,1038803,32.53949166464184
DOW,2010-04-16,32.47263197958973,32.72841577466798,31.57930709624991,32.306771594552075,1780199,32.306771594552075
DOW,2010-04-19,32.65349760197955,33.07007365965933,32.372156258408324,32.579890882920175,543997,32.579890882920175
DOW,2010-04-20,32.11086128762048,33.011059877079234,31.60931994256442,32.12955974710827,651590,32.12955974710827
DOW,2010-04-21,32.864584609137125,33.715641496626205,31.679327780214123,32.54907361796027,1231637,32.54907361796027
DOW,2010-04-22,32.50447676020971,32.81981199277573,31.430943561940957,32.35714986151594,1468635,32.35714986151594
DOW,2010-04-23,31.60683521431001,31.917790354317493,30.65963456731477,31.389713344593194,95757,31.389713344593194
DOW,2010-04-26,31.158312935210436,31.92591157603407,30.67919945813216,31.195950617831265,878243,31.195950617831265
DOW,2010-04-27,31.43495281827894,31.837232874773832,30.82446010345318,31.18251322391612,1553449,31.18251322391612
DOW,2010-04-28,31.59160587857763,32.13440287588669,30.637777151054284,31.44560328075253,337179,31.44560328075253
DOW,2010-04-29,31.81375548768038,32.21682088758147,31.12023218739849,31.657917495383757,1728653,31.657917495383757
DOW,2010-04-30,30.82704964763864,31.309829620160976,29.969335250420702,31.083844951118067,1292848,31.083844951118067
DOW,2010-05-03,31.224417787862926,31.40132325724984,30.25195841352291,31.15123934896868,1517979,31.15123934896868
DOW,2010-05-04,30.821507525625755,31.05287398964774,30.695152850112184,30.92342077049511,530697,30.92342077049511
DOW,2010-05-05,30.878677407380007,30.889259017953158,30.459218611277336,30.774658037894955,678901,30.774658037894955
DOW,2010-05-06,30.386204756582618,30.642010829926704,30.145525880870842,30.344805878480052,1006560,30.344805878480052
DOW,2010-05-07,30.098580528273597,30.490455365862687,29.359850683378966,30.33446771539481,847193,30.33446771539481
DOW,2010-05-10,31.774552309985573,32.020440089778155,31.109750001800762,31.755506790604674,889338,31.755506790604674
DOW,2010-05-11,32.60237023042871,32.708397107973525,32.05835857468682,32.63418305031456,1536112,32.63418305031456
DOW,2010-05-12,32.356045477821475,32.68759078629285,31.848022219547847,32.17813674805829,515956,32.17813674805829
DOW,2010-05-13,32.223379870139716,32.726024564726465,31.772036226199425,32.221679679684435,438727,32.221679679684435
DOW,2010-05-14,32.07607040696252,32.99744659063461,31.644445740057087,32.08815983450262,726251,32.08815983450262
DOW,2010-05-17,32.3082275348522,32.64462593399598,31.353461030169427,32.167020120551946,1093117,32.167020120551946
DOW,2010-05-18,32.71980952816416,32.75026150724899,32.09604337947558,32.60985698840691,1419964,32.60985698840691
DOW,2010-05-19,32.88204426843377,33.23950271925799,32.38960867667564,32.5617316625515,1303761,32.5617316625515
DOW,2010-05-20,32.14477610112957,33.030662862057156,31.671727969061802,32.24023770351643,375499,32.24023770351643
DOW,2010-05-21,32.921569420156935,33.25751487566224,32.01060858454284,32.79801498884484,1539837,32.79801498884484
DOW,2010-05-24,32.01512036423797,32.511673765835845,31.451715576969693,32.22960285621332,1741045,32.22960285621332
DOW,2010-05-25,32.52788406632553,33.42467308855393,32.09313121053184,32.33094929831706,175846,32.33094929831706
DOW,2010-05-26,31.83597589368782,32.11985341775289,30.833362282231707,31.654811848421765,211952,31.654811848421765
DOW,2010-05-27,31.340990398386566,32.253259261976766,30.807390686350903,31.200077938884597,1581097,31.200077938884597
DOW,2010-05-28,31.31071076515443,32.33921525668608,31.278130140416863,31.551098098877148,1126467,31.551098098877148
DOW,2010-05-31,31.55920863611172,32.20704021467542,30.673400191633128,31.254449878644174,397178,31.254449878644174
DOW,2010-06-01,30.69755546736534,31.248570086335565,29.55519037489381,30.42819860048229,1526725,30.42819860048229
DOW,2010-06-02,30.0449392988571,30.32633785714342,29.714238261010475,30.123204515896937,1772973,30.123204515896937
DOW,2010-06-03,29.821078817884143,30.474516898430064,28.923861304291574,29.775037151253944,1058963,29.775037151253944
DOW,2010-06-04,29.474482122559024,29.781433620691733,28.53771309513623,29.2470065274752,1141041,29.2470065274752
DOW,2010-06-07,29.48957863465887,29.92242541065643,28.64770773404334,29.49273790233143,1449034,29.49273790233143
DOW,2010-06-08,28.90778624736587,28.998038190568526,28.132751850403448,28.850567873972345,255816,28.850567873972345
DOW,2010-06-09,28.676294811350278,28.931072888337876,28.49266133983307,28.61720437132717,1297699,28.61720437132717
DOW,2010-06-10,28.769576708295094,29.22625300189278,28.455786896536257,28.683952260902476,212940,28.683952260902476
DOW,2010-06-11,28.596288782076364,28.99781611903066,27.989407415794425,28.55317328533573,1157492,28.55317328533573
DOW,2010-06-14,28.34429697607169,28.690366036010033,28.25683029206191,28.397716361657842,713030,28.397716361657842
DOW,2010-06-15,28.13526595312563,28.53360219711346,27.830685575155478,28.113068231581455,199488,28.113068231581455
DOW,2010-06-16,27.837226078444193,28.459326394648283,27.174157156197477,27.631952348770092,1049062,27.631952348770092
DOW,2010-06-17,27.588513420439874,27.968676705195673,26.623539698597387,27.389064420631467,395321,27.389064420631467
DOW,2010-06-18,27.813010176688874,28.235342229660933,27.43876034850633,27.662225737221192,465816,27.662225737221192
DOW,2010-06-21,27.452481585126204,28.078161591459647,26.93818085895541,27.49972192362583,983226,27.49972192362583
DOW,2010-06-22,27.734977201457564,28.435242222801655,27.000468692597657,27.577250467659724,1628145,27.577250467659724
DOW,2010-06-23,27.9754720203719,28.48153036370409,27.37814506836568,28.038358499190025,538143,28.038358499190025
DOW,2010-06-24,28.387153218956552,29.194633412871312,27.45202355678348,28.294309010464318,342099,28.294309010464318
DOW,2010-06-25,27.824407746893993,28.119441720437994,27.572402286805158,27.786935319925774,591008,27.786935319925774
DOW,2010-06-28,27.86706667446103,28.190955584255725,27.152535859731664,27.978968746326235,448824,27.978968746326235
DOW,2010-06-29,28.39140228315686,29.00907523244757,27.98311532666749,28.41818455874799,326171,28.41818455874799
DOW,2010-06-30,28.376924457161067,28.5265415671603,27.358542619917426,28.190662122481154,742420,28.190662122481154
DOW,2010-07-01,27.788860897878077,28.53913334184571,27.253659422205953,27.561340484247026,853810,27.561340484247026
DOW,2010-07-02,27.23531019011675,27.714516115185557,26.720148046341397,27.3967893712582,913461,27.3967893712582
DOW,2010-07-05,27.458375488662647,28.058046864309993,27.154203234745864,27.482441967622613,951094,27.482441967622613
DOW,2010-07-06,27.69346773057503,28.20468759917963,26.937348783087753,27.730346008175438,1491891,27.730346008175438
DOW,2010-07-07,27.526785250330104,27.57776008506067,26.920921130314234,27.532834050311237,621997,27.532834050311237
DOW,2010-07-08,26.998248493821972,27.572564988100375,26.029517026654307,26.74331746306196,396174,26.74331746306196
DOW,2010-07-09,26.273552197524655,26.896239112983654,25.98484243579194,26.26370723996353,1157277,26.26370723996353
DOW,2010-07-12,26.58585910781977,27.369455316493728,25.705169429102103,26.41150268111286,1214284,26.41150268111286
DOW,2010-07-13,27.284314908772124,27.62492765757094,26.882760172755376,27.19514904555209,1322717,27.19514904555209
DOW,2010-07-14,26.98362662902353,27.60764484001903,26.28315095153747,27.197293515857844,758289,27.197293515857844
DOW,2010-07-15,27.839102420501327,28.569768062170564,27.6834645500557,27.73058885434756,937067,27.73058885434756
DOW,2010-07-16,27.400354345308568,27.621637398272895,26.841666796089296,27.320001214146327,164452,27.320001214146327
DOW,2010-07-19,27.215551680533732,27.36998031341257,26.36614512793236,27.075587735825714,633374,27.075587735825714
DOW,2010-07-20,25.96045285290378,26.28770057611734,25.21420181410527,26.18329969075165,1345211,26.18329969075165
DOW,2010-07-21,26.198103560967205,27.107202712906787,25.67106783957244,26.33435352436753,926525,26.33435352436753
DOW,2010-07-22,26.14596945980696,26.358033589277145,25.92116968636406,26.00590752454433,1407398,26.00590752454433
DOW,2010-07-23,26.175128696099026,26.83932725619654,25.502806246383507,26.243037293059807,1335257,26.243037293059807
DOW,2010-07-26,26.277221612265983,26.631701716365903,25.899530685235586,26.063077486177097,1472625,26.063077486177097
DOW,2010-07-27,26.857984342913138,27.051825432326332,26.37921516330805,26.84849586487112,1104465,26.84849586487112
DOW,2010-07-28,27.291030325830175,28.32143751568316,27.129681265774202,27.56612529694611,771886,27.56612529694611
DOW,2010-07-29,26.777999280033743,27.150594388466285,26.57134571271335,26.671932492429914,1746427,26.671932492429914
DOW,2010-07-30,26.919305429216596,27.37635921238246,26.91029654502888,26.91205856555349,1799742,26.91205856555349
DOW,2010-08-02,26.536923087689594,26.812133673094216,25.795107930824926,26.63435456324848,112891,26.63435456324848
DOW,2010-08-03,26.63786661239907,27.157379876944827,26.47508361702197,26.895829516777713,1344378,26.895829516777713
DOW,2010-08-04,26.228738673012135,26.979619960038153,25.496712058429132,26.38772671482358,412483,26.38772671482358
DOW,2010-08-05,26.772793856489884,27.232635656474766,26.22244645219472,26.95523013268559,331907,26.95523013268559
DOW,2010-08-06,27.416998688276657,27.833154635339724,27.081145491171153,27.371641609338315,977341,27.371641609338315
DOW,2010-08-09,26.9719538621559,27.06448558178774,26.382492399312696,26.82732559269627,864980,26.82732559269627
DOW,2010-08-10,26.625485342622383,27.450190393827896,26.278227941762232,26.76756413781644,1758178,26.76756413781644
DOW,2010-08-11,26.94741161137714,27.54368908593283,26.814045424331766,26.841268815440483,1098186,26.841268815440483
DOW,2010-08-12,27.350205285230636,27.974401123021035,26.9856219130734,27.133234775702753,1438445,27.133234775702753
DOW,2010-08-13,27.205300725866124,27.35072818281141,26.621218533232536,27.13930552225602,1150156,27.13930552225602
DOW,2010-08-16,27.6125716789245,28.022747721738195,27.131599734396616,27.461179500211426,1288766,27.461179500211426
DOW,2010-08-17,27.281585214610494,27.466601413801616,26.502818473997866,27.443926189242617,1600014,27.443926189242617
DOW,2010-08-18,27.463775364482302,27.961085036727372,27.013010966982158,27.69925307352826,856003,27.69925307352826
DOW,2010-08-19,27.09333877050857,27.45011149103392,26.775043410599775,27.166477556034618,755355,27.166477556034618
DOW,2010-08-20,27.280589437582634,28.028369632504926,26.934518872292795,27.167027500068386,884503,27.167027500068386
DOW,2010-08-23,27.737342557603885,28.56345725498158,27.552842195406956,27.63448777378097,135198,27.63448777378097
DOW,2010-08-24,28.473291955813625,29.0009697380937,27.609590162065246,28.216477294315972,1083268,28.216477294315972
DOW,2010-08-25,28.372099148834888,28.811953576092023,28.21548216829486,28.298535171169714,1171377,28.298535171169714
DOW,2010-08-26,28.218975683482128,28.642361903018703,27.932427660548242,28.26913391252832,1782820,28.26913391252832
DOW,2010-08-27,29.01791375829198,29.033841317448083,28.04828928750483,28.846489785016953,989956,28.846489785016953
DOW,2010-08-30,28.615828217829407,29.50744977049595,28.083859585459752,28.815770526760005,1154528,28.815770526760005
DOW,2010-08-31,29.492713173519647,30.087132181209682,28.84900660230605,29.30922433479058,368196,29.30922433479058
DOW,2010-09-01,29.197088839193256,29.845834794500878,28.629924234410055,29.27558812849008,396359,29.27558812849008
DOW,2010-09-02,29.101406218204335,30.015436036444235,28.329584254768477,29.304185314455516,1419577,29.304185314455516
DOW,2010-09-03,28.655379431588052,29.653566499432895,28.26989399669906,28.85032649772421,659105,28.85032649772421
DOW,2010-09-06,28.618209427448107,28.952638977225703,27.605777861261252,28.344067030994246,1522023,28.344067030994246
DOW,2010-09-07,28.83090047407378,29.199707858472095,28.68670810102667,28.760022685153874,1095244,28.760022685153874
DOW,2010-09-08,29.306473428110593,30.361606982579207,29.18800470032207,29.4986485129167,1368219,29.4986485129167
DOW,2010-09-09,29.418784825162717,30.144714300318146,28.955629296666245,29.555590241022518,651024,29.555590241022518
DOW,2010-09-10,29.420748563374996,30.249560753014755,28.597922582945802,29.49621180788274,593779,29.49621180788274
DOW,2010-09-13,29.682381674420423,30.14745301992178,29.283633376171142,29.94838353427324,1744916,29.94838353427324
DOW,2010-09-14,29.871284112983517,30.39345942715612,29.50587172124873,30.107073247151035,536809,30.107073247151035
DOW,2010-09-15,29.24269981464878,29.586247637790333,28.993034232889855,29.09040902488718,740359,29.09040902488718
DOW,2010-09-16,29.693358469321076,29.975682725167378,28.698047911828937,29.523965326676862,1565586,29.523965326676862
DOW,2010-09-17,29.25195902130624,30.027937743932902,28.701501535295378,28.969084823894608,772976,28.969084823894608
DOW,2010-09-20,28.725078330966486,29.420302345831136,28.34832441884139,28.975661950251443,546806,28.975661950251443
DOW,2010-09-21,29.026525218236937,29.85695707156177,28.089284153444876,28.802336808157015,1588387,28.802336808157015
DOW,2010-09-22,28.443188183150294,28.82273790579442,27.693767158470227,28.54754886050814,892425,28.54754886050814
DOW,2010-09-23,28.479913112845534,28.610239547455315,28.218425500205797,28.578307892125416,723012,28.578307892125416
DOW,2010-09-24,28.746325737218317,29.08217736664734,28.176994014907088,28.962220408643347,436533,28.962220408643347
DOW,2010-09-27,29.268793267769002,29.459394956271456,28.98681445705922,28.986866897740107,1660323,28.986866897740107
DOW,2010-09-28,29.881541583479514,30.45524002026355,29.502711380903577,29.596826483772553,1779360,29.596826483772553
DOW,2010-09-29,30.49490596256488,30.66057371398453,29.87958467446244,30.274008866371926,1063802,30.274008866371926
DOW,2010-09-30,30.70917917965254,31.31695480616617,30.37911531181772,30.962589342209704,1090327,30.962589342209704
DOW,2010-10-01,31.161305169246052,31.90486391588058,30.168855828103364,30.949825245031427,875962,30.949825245031427
DOW,2010-10-04,30.83110597724427,30.946499729755157,30.650547556048323,30.74832288672589,270684,30.74832288672589
DOW,2010-10-05,30.517242656092517,30.819744531770755,30.02188717705227,30.74551243897382,277784,30.74551243897382
DOW,2010-10-06,31.114346805158483,31.769749361702523,30.667564075582607,31.263311634753816,1215138,31.263311634753816
DOW,2010-10-07,31.88243043730183,32.55011454576311,31.641335759146124,31.76222684153108,705961,31.76222684153108
DOW,2010-10-08,30.787969820676018,31.62936179875342,29.689921121593017,30.60225040943536,1711043,30.60225040943536
DOW,2010-10-11,30.96443642331516,31.579368461425783,30.283889653447268,30.750360381159364,1728212,30.750360381159364
DOW,2010-10-12,29.751081511167367,30.595576858675148,29.392193300872023,29.725024411458637,1700793,29.725024411458637
DOW,2010-10-13,29.74919208602993,29.967425652681438,28.9788317464726,29.72860804739573,398844,29.72860804739573
DOW,2010-10-14,29.62206458781585,29.92582813845926,28.688405362473148,29.51333215217588,1155240,29.51333215217588
DOW,2010-10-15,29.33121118941319,30.069750272364498,28.762224471773177,29.169192340296828,731348,29.169192340296828
DOW,2010-10-18,29.347412891392466,30.260849916447224,28.949047344291152,29.542044280137468,1175154,29.542044280137468
DOW,2010-10-19,29.41834017575001,30.005139298719367,28.689635521580914,29.27790130921848,770991,29.27790130921848
DOW,2010-10-20,29.192762952551725,29.730063736739297,29.089623120167523,29.28548866452618,426117,29.28548866452618
DOW,2010-10-21,28.836809442693447,28.91936418001236,28.23217472480754,28.90400627369592,365516,28.90400627369592
DOW,2010-10-22,28.70190675534918,29.189915502273955,28.285567924367353,28.94638037829977,975929,28.94638037829977
DOW,2010-10-25,29.415273068629613,29.55499929750316,28.646923436166723,29.363346479061093,1308160,29.363346479061093
DOW,2010-10-26,28.767892631764987,29.048267213786755,27.914487606906786,29.003739382349107,1424199,29.003739382349107
DOW,2010-10-27,29.527503841878758,30.214974748626446,28.781253686872816,29.28552597281983,358429,29.28552597281983
DOW,2010-10-28,29.392076114098185,29.50786217366341,28.905024039321418,29.32113637714912,1424440,29.32113637714912
DOW,2010-10-29,29.64071526233557,29.958534475916917,29.14567166169156,29.35289146076622,275399,29.35289146076622
DOW,2010-11-01,29.06721803804209,30.07255439293822,28.586538125290037,29.215837746842148,787060,29.215837746842148
DOW,2010-11-02,29.662955237018135,30.02705622927637,28.91723614669622,29.556786925062184,1514950,29.556786925062184
DOW,2010-11-03,30.134678861616106,30.262606349496988,29.50285264739594,29.857345925226642,238437,29.857345925226642
DOW,2010-11-04,29.691412715287907,30.428392088100253,29.140199213532398,29.811506422630504,1445448,29.811506422630504
DOW,2010-11-05,29.669556420353473,30.637830723675666,28.98723796809984,29.911044646025516,877387,29.911044646025516
DOW,2010-11-08,30.327815189567087,30.581796112092395,30.1654175110935,30.246768020840598,232746,30.246768020840598
DOW,2010-11-09,30.41544166293381,31.237599526394916,29.992689038344217,30.49711344095371,851464,30.49711344095371
DOW,2010-11-10,30.236110931389938,30.621388984598198,29.510877193604955,30.373973760968752,948543,30.373973760968752
DOW,2010-11-11,31.208665776434156,31.85759864750578,30.598492470751935,30.90359313770674,1321995,30.90359313770674
DOW,2010-11-12,31.464463982113298,31.58227035187218,31.12042246456836,31.305364275463084,1286150,31.305364275463084
DOW,2010-11-15,32.28113871650758,32.70501044876548,32.04729455646396,32.29057102931,1385713,32.29057102931
DOW,2010-11-16,31.29287684968015,32.07013850494592,30.91692805530355,31.57706831896294,66936,31.57706831896294
DOW,2010-11-17,31.715706366281285,32.606901942705484,31.25864019057286,31.912532862795473,1314155,31.912532862795473
DOW,2010-11-18,32.33193026474689,33.09562423026157,32.11594361022289,32.46257366861269,1073774,32.46257366861269
DOW,2010-11-19,32.94343742753136,33.79545271455244,32.65497369037156,32.95187534731555,1794404,32.95187534731555
DOW,2010-11-22,32.84266810777794,33.02606295724974,32.42045306431007,32.844474657958436,1513369,32.844474657958436
DOW,2010-11-23,31.908718435186756,32.853992463636864,31.581067491427138,32.214932083694926,668290,32.214932083694926
DOW,2010-11-24,33.24693031792264,33.37434928042054,32.132785718978056,32.954716712301995,1614707,32.954716712301995
DOW,2010-11-25,32.76651746074932,33.236467883276966,31.775911772617754,32.738488613616745,1481500,32.738488613616745
DOW,2010-11-26,32.298337306223104,33.124786084950294,32.23161162478387,32.61158648684588,801001,32.61158648684588
DOW,2010-11-29,33.75148986211015,33.77909529685127,33.550863331812955,33.616127670271666,1500514,33.616127670271666
DOW,2010-11-30,32.731802126781936,33.08452177510426,32.523599173520815,33.0148373288883,1179486,33.0148373288883
DOW,2010-12-01,33.56997704348409,34.41520710630843,32.79276922407617,33.42213727744627,767932,33.42213727744627
DOW,2010-12-02,33.20550560093478,33.491194173856776,32.22963245363146,33.072229489607444,1665995,33.072229489607444
DOW,2010-12-03,33.032872113317524,33.375897167241426,32.084823653528886,32.71558124983512,53089,32.71558124983512
DOW,2010-12-06,32.70451323382413,33.438479020523204,32.4359111975412,32.8081624742649,318371,32.8081624742649
DOW,2010-12-07,32.908633509311294,33.36386836039878,32.252303688215804,33.14440471319327,185872,33.14440471319327
DOW,2010-12-08,33.34279623000007,33.81170548352165,33.13865123543159,33.61720047966799,1033957,33.61720047966799
DOW,2010-12-09,33.86904196220741,34.59366901823712,33.536800178888704,34.161652868676356,1732619,34.161652868676356
DOW,2010-12-10,34.03708172347651,34.09732398176297,33.45162629158086,33.82712810395216,569331,33.82712810395216
DOW,2010-12-13,33.42998330566451,34.34961231055001,33.21483710334606,33.28449804958607,654527,33.28449804958607
DOW,2010-12-14,33.4481820630497,34.39153006385807,33.02687131077291,33.132813857296355,1516065,33.132813857296355
DOW,2010-12-15,33.1861255906138,33.76118852055849,32.89906440974952,33.313258285281634,859353,33.313258285281634
DOW,2010-12-16,33.42876049047479,33.63859890612847,32.42912864891275,33.22733475691584,52067,33.22733475691584
DOW,2010-12-17,31.280053324142912,31.981965459385375,31.222739718916813,31.536753608020533,1058635,31.536753608020533
DOW,2010-12-20,30.97319873716816,31.066056253731286,30.01261421197228,30.72501442674365,817738,30.72501442674365
DOW,2010-12-21,30.355751820899783,30.995842865833453,29.78438052013401,30.63030329225093,568256,30.63030329225093
DOW,2010-12-22,31.20313283968645,31.27209071672736,30.86328315118515,31.02450399468696,272524,31.02450399468696
DOW,2010-12-23,30.514645213131175,31.28162172221155,29.790218785182944,30.63266950392028,216244,30.63266950392028
DOW,2010-12-24,30.774565210542804,31.228229709853256,30.440910365928826,30.972047316260348,1163914,30.972047316260348
DOW,2010-12-27,30.44395240721355,30.919480383057493,29.826784090956835,30.319935063216555,991205,30.319935063216555
DOW,2010-12-28,30.685537902233854,30.698001769638516,30.101108347238824,30.444491792451643,1750675,30.444491792451643
DOW,2010-12-29,30.734287714201443,31.218017553626154,30.534311190385644,30.572786334850733,1566291,30.572786334850733
DOW,2010-12-30,30.67823628258625,30.796360749905393,30.501864904625517,30.793341828167968,1407394,30.793341828167968
DOW,2010-12-31,30.26989967122171,31.201440029421157,29.630438326513765,30.35880807892506,998636,30.35880807892506
DOW,2011-01-03,29.51289030647429,30.14392039585556,28.678213471875793,29.697427391155294,1019529,29.697427391155294
DOW,2011-01-04,30.21797875368755,30.308692971025014,29.993706975048255,30.023390200645345,1506185,30.023390200645345
DOW,2011-01-05,29.14759631494085,29.67904585266198,28.7848595153303,29.378455962163166,1736581,29.378455962163166
DOW,2011-01-06,29.298049537904614,29.338539852624507,28.342693961427816,29.06367199141443,1089899,29.06367199141443
DOW,2011-01-07,29.72742625228964,30.200890897085372,29.335536722998768,29.66741841184721,1710264,29.66741841184721
DOW,2011-01-10,29.805210502371132,29.914604461431704,28.897448666901727,29.75233764949657,865526,29.75233764949657
DOW,2011-01-11,30.12577088075506,30.553352744245274,29.194226368623443,29.923594230084472,92040,29.923594230084472
DOW,2011-01-12,30.308879834056462,30.586667886176762,29.87474276496611,30.20766407048115,529295,30.20766407048115
DOW,2011-01-13,30.359368045376836,31.175060830432933,29.815155710355288,30.47869869868055,1212843,30.47869869868055
DOW,2011-01-14,30.389655223725047,30.922389416780703,29.774348332154634,30.481395003822225,679021,30.481395003822225
DOW,2011-01-17,29.90101904226766,30.863682209158984,29.59198721127348,30.097826204946987,531621,30.097826204946987
DOW,2011-01-18,31.281257750237174,32.187789084195565,31.155885769465716,31.303756860996614,1547622,31.303756860996614
DOW,2011-01-19,30.94054950466825,32.090686494010534,30.642212464545473,31.18368573003521,1446241,31.18368573003521
DOW,2011-01-20,31.441993088063374,31.687425845564597,30.84148057995517,31.346051283923757,905805,31.346051283923757
DOW,2011-01-21,31.350328444022637,32.285818713500234,31.029486515828,31.55910528056378,861088,31.55910528056378
DOW,2011-01-24,31.556813323784375,31.971574764919374,31.04273716979414,31.328782536246926,1744389,31.328782536246926
DOW,2011-01-25,31.273392401135496,31.67322881160766,30.938305041144886,31.148510182532448,922347,31.148510182532448
DOW,2011-01-26,32.08938966789969,32.92521919042426,31.17816577883497,31.840074715971316,118231,31.840074715971316
DOW,2011-01-27,31.25320957603021,31.65120755740916,30.4229059003232,31.51349148515649,972015,31.51349148515649
DOW,2011-01-28,31.904292541875602,32.361618537212216,31.41227365512429,31.714948379186744,289749,31.714948379186744
DOW,2011-01-31,32.38683115381061,32.962879435166684,31.29453068107419,32.142034382512925,1466053,32.142034382512925
DOW,2011-02-01,31.763203779465933,32.11876968443202,31.25055960382181,32.05518173028414,1180453,32.05518173028414
DOW,2011-02-02,32.34396514187498,33.18281970894489,31.285226271256196,32.024313841473074,594551,32.024313841473074
DOW,2011-02-03,32.354768588874045,32.790619590028705,31.706447983929753,32.48428713438982,1692162,32.48428713438982
DOW,2011-02-04,32.24558251005254,33.07164555054119,31.733481973244565,32.43257497673988,210302,32.43257497673988
DOW,2011-02-07,31.429938035067302,32.36009644696984,31.332043175056068,31.48351969666058,1000494,31.48351969666058
DOW,2011-02-08,31.873481813588008,32.88488384333396,31.567901530543338,32.189820584950425,1113026,32.189820584950425
DOW,2011-02-09,31.995724355589594,32.846180820978944,30.961636012013237,31.750668677644853,982165,31.750668677644853
DOW,2011-02-10,31.715059817326008,31.929065626088533,31.60035986010137,31.86258941642735,1247046,31.86258941642735
DOW,2011-02-11,31.285925287607366,31.748395093604472,30.803844036388245,31.27242091788951,1525578,31.27242091788951
DOW,2011-02-14,31.130859983842946,31.658371278415245,30.312783591884358,31.054119342480696,242390,31.054119342480696
DOW,2011-02-15,31.050321460686256,31.692167822964322,30.432949917877785,30.870597905054446,855112,30.870597905054446
DOW,2011-02-16,30.806205141193367,31.06942295993346,30.058469850393305,30.96088192186081,812081,30.96088192186081
DOW,2011-02-17,30.71485554625887,31.320051182094822,30.00158529815339,30.58203996851899,1096810,30.58203996851899
DOW,2011-02-18,31.245086677112322,31.623754077088247,31.06279395538381,31.485852136421865,339845,31.485852136421865
DOW,2011-02-21,31.638253833264837,31.702428367974047,31.186840597604622,31.509546682130292,1415645,31.509546682130292
DOW,2011-02-22,32.19475126052368,32.648039715332025,31.426981526009328,31.927014172316596,736824,31.927014172316596
DOW,2011-02-23,31.67054030043594,32.51078906027855,30.935567779958944,31.935588910486373,1356588,31.935588910486373
DOW,2011-02-24,32.16475961227943,33.34490850834046,31.47209416272796,32.41323767663874,546102,32.41323767663874
DOW,2011-02-25,31.490064158841413,32.15005694478162,31.433526809892136,31.454063410608395,55269,31.454063410608395
DOW,2011-02-28,30.864319477647474,31.69948312273423,30.255925187740075,31.146883743878583,1311252,31.146883743878583
DOW,2011-03-01,30.731220627698548,31.123626688715603,30.377314559685903,30.924566889816255,978823,30.924566889816255
DOW,2011-03-02,30.510014867584868,30.840272321974034,30.052134160575562,30.700238372840303,266939,30.700238372840303
DOW,2011-03-03,30.932489106881807,31.507840318180968,30.0259544418374,30.944094712668715,416801,30.944094712668715
DOW,2011-03-04,31.06380367827397,31.42967243959869,31.012245339454097,31.220852666305223,1173890,31.220852666305223
DOW,2011-03-07,31.184478397600355,31.861129123792857,30.331204890717398,31.199752014325302,644319,31.199752014325302
DOW,2011-03-08,31.203059803936956,31.31022087024299,30.870504778319418,31.189850410561736,1796411,31.189850410561736
DOW,2011-03-09,32.47438196430526,32.805265868055656,32.14200837290716,32.325269126313145,595919,32.325269126313145
DOW,2011-03-10,32.78035128476477,33.54061295514152,32.245628362477085,32.490540733364966,860885,32.490540733364966
DOW,2011-03-11,31.474589465125778,32.259285992720294,31.292131259033287,31.472230799959032,1066576,31.472230799959032
DOW,2011-03-14,31.745665440506567,32.1677454059399,31.49778260600515,31.837992214132736,1615707,31.837992214132736
DOW,2011-03-15,31.954895751898164,32.30898813777346,31.423395243692987,32.10985572376964,560077,32.10985572376964
DOW,2011-03-16,32.754707539367125,33.69627422586803,32.56508021940924,32.66673132039594,62618,32.66673132039594
DOW,2011-03-17,33.256269551739194,34.01558600405876,32.877671404131505,32.96426084777386,514042,32.96426084777386
DOW,2011-03-18,32.7201557613731,33.51236892955489,31.99809895735001,32.5478766528932,1012664,32.5478766528932
DOW,2011-03-21,32.789509173114986,33.20379686130591,32.282691254832145,32.9833837667241,1045233,32.9833837667241
DOW,2011-03-22,33.30391148707048,33.727975502046796,32.534095994180475,33.04398477299299,675884,33.04398477299299
DOW,2011-03-23,33.72006548102531,33.78906556753968,32.83593615751619,33.56197962408283,1284580,33.56197962408283
DOW,2011-03-24,34.08129554742684,34.44949204702743,33.17637235287502,34.33679919924231,1212791,34.33679919924231
DOW,2011-03-25,34.43576856993255,34.664035404761876,33.530631511829434,34.28982939941284,494448,34.28982939941284
DOW,2011-03-28,34.59513038607722,35.05753721167973,34.433332913886304,34.74149250201948,206832,34.74149250201948
DOW,2011-03-29,35.27363132725042,36.33511326897124,34.790089342588644,35.279701794527014,1350379,35.279701794527014
DOW,2011-03-30,35.23363960381388,35.82291703663942,35.07529767061486,35.37497585261637,348059,35.37497585261637
DOW,2011-03-31,36.10451583290025,37.169617027164726,35.828491687019344,36.40738211815621,1601405,36.40738211815621
DOW,2011-04-01,37.1764010655402,38.18512379508442,36.25516517938904,36.97776863248212,236272,36.97776863248212
DOW,2011-04-04,36.92114408681918,37.19368507903,35.783538888876095,36.680021539835025,512699,36.680021539835025
DOW,2011-04-05,36.63567223826979,36.993030263689924,36.160016445048925,36.833113193894214,1535249,36.833113193894214
DOW,2011-04-06,37.115546109576705,37.58210488616048,37.0441247075797,37.30982724641619,744179,37.30982724641619
DOW,2011-04-07,38.323804696224336,39.39352162296816,38.13917808864119,38.377565734021,962343,38.377565734021
DOW,2011-04-08,38.98103785339567,39.759511828359614,38.465244852845274,38.73971321147092,885306,38.73971321147092
DOW,2011-04-11,38.58892744746462,39.444916105889135,38.31591937002463,38.9179647730754,976645,38.9179647730754
DOW,2011-04-12,39.89771212325475,40.87953427003951,39.09110785496224,39.65288620003639,1250561,39.65288620003639
DOW,2011-04-13,39.87700690968772,40.16020516966317,38.55751984859963,39.54269480901116,992705,39.54269480901116
DOW,2011-04-14,39.043001050427236,39.32314478240882,38.15922748554654,38.9950339082579,680067,38.9950339082579
DOW,2011-04-15,39.063813377078866,40.0809452710396,38.56913991595178,39.41031558603938,1457982,39.41031558603938
DOW,2011-04-18,39.02980880657206,40.13989130079346,38.2293309531046,39.21052796565735,1688804,39.21052796565735
DOW,2011-04-19,40.48320788595393,41.11802111115563,40.21792153684842,40.80031900245734,711115,40.80031900245734
DOW,2011-04-20,40.769161927079864,41.22451802130307,40.00255910633282,40.96638757782043,684653,40.96638757782043
DOW,2011-04-21,41.664525303983645,42.25696322960552,40.305621474526134,41.406330326485936,205790,41.406330326485936
DOW,2011-04-22,40.682607220221456,41.212643218407045,40.41720734002046,41.04738068837482,820335,41.04738068837482
DOW,2011-04-25,41.64216720233404,42.761261739831156,41.26505180088941,41.822990041670636,676759,41.822990041670636
DOW,2011-04-26,41.837435188118036,42.5620565394634,40.886194092525976,41.82325646626634,963814,41.82325646626634
DOW,2011-04-27,42.076862248522,42.72384602406779,41.740768734242465,41.76443008429978,1755754,41.76443008429978
DOW,2011-04-28,41.51158392244452,42.81192991905456,40.7683474771454,41.720199802286096,611705,41.720199802286096
DOW,2011-04-29,41.191118480072156,42.096369707440026,40.57041604164295,40.963095641415684,399447,40.963095641415684
DOW,2011-05-02,40.89912123819804,41.082271337751635,40.72118320318663,40.83087726552091,389164,40.83087726552091
DOW,2011-05-03,41.31682477911603,41.837952012340224,40.12912753005953,41.17159656912626,1680986,41.17159656912626
DOW,2011-05-04,40.567377004863005,40.958370116627364,40.129789949297624,40.275965374397785,740068,40.275965374397785
DOW,2011-05-05,40.50548868016595,41.87677885521428,40.14569405664378,40.892812598619535,211522,40.892812598619535
DOW,2011-05-06,40.77453628887986,41.65408803235677,39.73264123887583,40.75030332262627,935803,40.75030332262627
DOW,2011-05-09,41.113558884220495,41.69573932038841,40.499524781408816,40.91128188203906,508150,40.91128188203906
DOW,2011-05-10,39.92878502270654,40.91540115440596,39.47490038024842,39.62399483247877,1696880,39.62399483247877
DOW,2011-05-11,39.47699963345865,40.258389046512455,39.238971573498404,39.769148420291025,893330,39.769148420291025
DOW,2011-05-12,39.06388913267127,40.132845092650534,38.78334045212797,39.188153483783815,940879,39.188153483783815
DOW,2011-05-13,38.67581844327498,39.04211559763616,37.70273811741496,39.004583560049475,553606,39.004583560049475
DOW,2011-05-16,38.39940236165701,38.55448100902735,37.217706281308665,38.14388859407373,996956,38.14388859407373
DOW,2011-05-17,37.94383420863949,38.80437123656624,37.16337426653345,37.674561797533684,642931,37.674561797533684
DOW,2011-05-18,37.58796253836968,37.72933859984065,37.114518864438864,37.6003064821994,831910,37.6003064821994
DOW,2011-05-19,37.10832682752556,38.235980912825084,37.04556632735202,37.467418089420306,939369,37.467418089420306
DOW,2011-05-20,37.6636830093539,38.78987027808415,37.06334047570045,37.965739840823744,1094937,37.965739840823744
DOW,2011-05-23,37.058556261473235,37.794756378486284,36.193090776202794,36.966614288746044,1316787,36.966614288746044
DOW,2011-05-24,37.310464620440676,38.22632324320435,36.05665281196224,36.95377262722754,1509350,36.95377262722754
DOW,2011-05-25,37.16559304697996,37.73602960170052,35.86793701899365,36.91540694080176,927703,36.91540694080176
DOW,2011-05-26,36.90450327907745,37.89764449575944,35.66089351415471,36.685912313204106,485981,36.685912313204106
DOW,2011-05-27,36.15866395913244,36.83686528969585,35.69673730877898,36.21808343303874,884839,36.21808343303874
DOW,2011-05-30,37.17296939650325,37.73934378622067,35.905906015354155,36.815700814373386,1669318,36.815700814373386
DOW,2011-05-31,38.18597263329908,38.76951612956114,37.7705005226051,37.93938721682344,1380641,37.93938721682344
DOW,2011-06-01,36.90178296196697,38.03653069289699,36.45505568221413,37.02347704172088,598263,37.02347704172088
DOW,2011-06-02,36.72715432664796,36.995662184101946,36.39739583263543,36.545529601623066,1663412,36.545529601623066
DOW,2011-06-03,35.98324543520674,36.78317478744555,35.36519199288184,36.031871945727715,438589,36.031871945727715
DOW,2011-06-06,36.01465046869653,36.27678215296501,35.46410363129707,35.899445078316894,1149416,35.899445078316894
DOW,2011-06-07,36.91696933374138,37.019053959432966,36.052445053487034,36.57314240094596,1277893,36.57314240094596
DOW,2011-06-08,36.68149259447059,37.9233431575366,36.66683109321382,36.868451364534295,803390,36.868451364534295
DOW,2011-06-09,37.018086837032854,37.1621523979938,36.57664287621936,36.80095956300217,257827,36.80095956300217
DOW,2011-06-10,36.89085437582837,37.65028203532368,36.37732176117178,36.82429496262472,538464,36.82429496262472
DOW,2011-06-13,36.9990319158866,37.47027977136095,36.23624863196683,36.669031959911315,1479754,36.669031959911315
DOW,2011-06-14,36.80721209759587,38.009429948335324,35.977726656908764,37.078281543757896,1120803,37.078281543757896
DOW,2011-06-15,37.723297277980855,38.59832935218158,37.259392621354,37.55825915206489,139964,37.55825915206489
DOW,2011-06-16,37.54563712522638,38.05989145480347,37.52630059230299,37.89644210149997,1332926,37.89644210149997
DOW,2011-06-17,36.53780011380879,37.23935364572026,35.58354016551032,36.72395126633969,1176504,36.72395126633969
DOW,2011-06-20,36.61386665238321,36.77587317277048,36.21542854856707,36.745522530416764,163488,36.745522530416764
DOW,2011-06-21,36.61122018976124,37.13329292205225,36.08169159689872,36.66089147401306,833970,36.66089147401306
DOW,2011-06-22,37.552238477754464,38.341078624056344,37.039031431230896,37.205999463766545,1720184,37.205999463766545
DOW,2011-06-23,37.02693405067953,37.61006583033463,35.91617809249963,37.34993524357586,888203,37.34993524357586
DOW,2011-06-24,37.418005988195,38.58273194221503,36.44878783259211,37.66737693258602,961828,37.66737693258602
DOW,2011-06-27,37.19068290641042,37.4725515547145,36.11632528620825,37.412880076713854,230778,37.412880076713854
DOW,2011-06-28,37.88295362018244,37.97996995627106,36.93163681504228,37.94062587383489,1366789,37.94062587383489
DOW,2011-06-29,38.300798870542565,38.67211581697343,37.96521065700723,38.640292582296816,920195,38.640292582296816
DOW,2011-06-30,38.106499275669066,38.426624589017344,36.780607693275556,37.755060413718375,1181028,37.755060413718375
DOW,2011-07-01,35.47430820390784,35.971415866505474,35.030449230870154,35.43189502712738,1204711,35.43189502712738
DOW,2011-07-04,36.05998028890575,36.17621640324232,35.69375761997315,35.835444778714226,823540,35.835444778714226
DOW,2011-07-05,35.95086231490896,37.02587606720467,34.720453466823706,35.75599327390105,1197513,35.75599327390105
DOW,2011-07-06,36.4197800015097,37.511893842098885,35.243093755724246,36.30301126700956,1091361,36.30301126700956
DOW,2011-07-07,36.73529907305605,37.308151934433305,36.42946291430941,36.44056095167494,1520967,36.44056095167494
DOW,2011-07-08,37.114760413593565,37.747206547417235,36.45757166651019,36.81845746180553,1085474,36.81845746180553
DOW,2011-07-11,36.16090299925077,37.44509219989341,35.22870589724981,36.432124258332834,920532,36.432124258332834
DOW,2011-07-12,36.91649890266661,37.76904053143915,35.86039759860601,36.62210965776488,821371,36.62210965776488
DOW,2011-07-13,36.832189815694804,37.01776623880243,36.79803815983368,36.81459903793035,1287210,36.81459903793035
DOW,2011-07-14,36.28999178915051,37.32591447650619,35.448662663679286,36.459111231432544,127189,36.459111231432544
DOW,2011-07-15,37.08268910112588,37.33960575831589,36.728013300148014,37.00239356160109,331584,37.00239356160109
DOW,2011-07-18,35.85232562059682,36.474917639008716,35.03616400288922,36.0101193710172,551069,36.0101193710172
DOW,2011-07-19,36.113525408980536,36.705858599179116,35.46182177365526,36.12869377902049,1742034,36.12869377902049
DOW,2011-07-20,35.69193595588369,36.459668747713216,35.340537397203825,35.46747095177921,1012112,35.46747095177921
DOW,2011-07-21,34.62867519553947,35.11318071241491,33.61935902544825,34.95572234888149,511470,34.95572234888149
DOW,2011-07-22,35.24372024140928,35.54957655611474,34.511251934341644,35.46852757825922,816902,35.46852757825922
DOW,2011-07-25,35.23632480715356,36.151894896374294,34.38029255947914,34.917470564773794,840641,34.917470564773794
DOW,2011-07-26,34.316234611510474,35.20606416845176,33.930686298311095,34.353956373191046,151961,34.353956373191046
DOW,2011-07-27,34.517343874253896,35.197646239925234,33.511068365502844,34.653654548052394,1565579,34.653654548052394
DOW,2011-07-28,34.398649607684916,35.0821822197203,33.50683080038342,34.109889242243895,366146,34.109889242243895
DOW,2011-07-29,34.91122306357267,35.6645737280839,33.9452954161078,34.62644554171078,1678274,34.62644554171078
DOW,2011-08-01,34.64239061963463,35.46086733739148,33.63104060059396,34.96106601047816,1664118,34.96106601047816
DOW,2011-08-02,34.48386998785711,34.845820393316835,33.81698750630094,34.578977379053576,902583,34.578977379053576
DOW,2011-08-03,35.373063123178326,35.88391284339028,35.01150117581668,35.08339938688849,199039,35.08339938688849
DOW,2011-08-04,33.90266140166857,35.09446349075554,33.164900612776236,34.121192648167764,191391,34.121192648167764
DOW,2011-08-05,34.418881816593085,35.28399956458533,33.93788926345572,34.3651254752207,1189738,34.3651254752207
DOW,2011-08-08,33.638558637018235,34.23106824347097,32.93022717586124,33.75956777289615,86623,33.75956777289615
DOW,2011-08-09,33.67244733362495,33.90032127724937,32.615710200638176,33.51388280891053,1134851,33.51388280891053
DOW,2011-08-10,33.07352947554019,34.189889510323376,32.36878893298003,33.30113442093104,530488,33.30113442093104
DOW,2011-08-11,33.999783326117466,34.650785089808124,33.39580562120004,33.9345928148623,955469,33.9345928148623
DOW,2011-08-12,33.36140402265127,34.10755461305733,32.65701974303545,33.69838216122595,759996,33.69838216122595
DOW,2011-08-15,33.50274810155016,33.78215171067382,33.12500728468386,33.66936854368622,1677523,33.66936854368622
DOW,2011-08-16,33.23947048055658,34.22033362093963,33.18870256287233,33.46558727251417,1408196,33.46558727251417
DOW,2011-08-17,32.810151555674445,33.31549155240164,31.894031324421192,33.00167299480051,779434,33.00167299480051
DOW,2011-08-18,32.75615746941736,33.35196502950511,32.24561860254938,32.52172378296739,389381,32.52172378296739
DOW,2011-08-19,32.9476762061883,33.51070312988449,31.697527269245892,32.67659341869301,55256,32.67659341869301
DOW,2011-08-22,32.83982704467786,33.52909207026315,31.693979300981084,32.67317322940013,446440,32.67317322940013
DOW,2011-08-23,33.10486791970991,33.6388041924803,32.18572732856242,33.04531594475787,726881,33.04531594475787
DOW,2011-08-24,32.76146211266581,33.56171658594023,32.25031500018142,32.93876720403521,392443,32.93876720403521
DOW,2011-08-25,32.69998103345946,32.92833509868745,31.766073533393012,32.847979986516975,865945,32.847979986516975
DOW,2011-08-26,33.09734695622547,33.88676012088835,32.82146577591823,33.22367014561873,575488,33.22367014561873
DOW,2011-08-29,33.23733062724401,33.4309622368996,32.09161685820499,33.054206712211126,1081649,33.054206712211126
DOW,2011-08-30,32.22086264787251,32.761679864222565,31.73313394338201,32.38089921431683,1481021,32.38089921431683
DOW,2011-08-31,33.10053141995904,33.609486372075246,32.4714592941954,32.7900818597702,562485,32.7900818597702
DOW,2011-09-01,32.67154614243118,33.34478632344958,31.73606242933151,32.47896954884625,907802,32.47896954884625
DOW,2011-09-02,32.844495433135386,33.57603497749219,32.10905395412176,32.51948418137285,1703238,32.51948418137285
DOW,2011-09-05,32.20825719118364,32.91626089594295,31.494955169680935,32.23457442390892,1473981,32.23457442390892
DOW,2011-09-06,31.849187479843398,31.940058427680178,31.042816600002315,31.792388352878184,1132048,31.792388352878184
DOW,2011-09-07,30.802407824888213,31.29739222167022,30.634586525155314,30.938287828983675,1595040,30.938287828983675
DOW,2011-09-08,31.163850259573806,31.426248388084037,30.47694423741898,31.099322532110417,554816,31.099322532110417
DOW,2011-09-09,29.895969588631417,30.2533055219078,29.450004442195763,29.615275835253208,1725216,29.615275835253208
DOW,2011-09-12,29.90250398641249,30.771818925362616,29.200012903332073,30.186023059494993,1783247,30.186023059494993
DOW,2011-09-13,30.520110359946614,30.826659669329466,29.93033874371337,30.649273267586736,819033,30.649273267586736
DOW,2011-09-14,30.124090993942122,30.712188298647565,29.313143367444322,30.256436173793656,1289645,30.256436173793656
DOW,2011-09-15,31.26812219824063,32.09817037064139,30.501556938590397,30.969348588259447,561465,30.969348588259447
DOW,2011-09-16,31.68233898098715,32.61688993915709,31.094562803303482,31.916832339213084,1324669,31.916832339213084
DOW,2011-09-19,31.99816954561549,32.69448021992492,30.851208704057175,31.799511521848466,1419824,31.799511521848466
DOW,2011-09-20,31.85401964417112,32.81302188103688,31.342624185924496,31.99829750610229,1514577,31.99829750610229
DOW,2011-09-21,32.30172357956254,32.68861262131441,31.179912118236455,32.070429729037286,1035969,32.070429729037286
DOW,2011-09-22,32.78257010014536,33.537720213798515,32.6222201043771,32.79060320682118,1395939,32.79060320682118
DOW,2011-09-23,31.97882149982492,32.20113013125892,31.49308863175475,32.144519370642676,837679,32.144519370642676
DOW,2011-09-26,32.182115789208765,32.2365939622473,31.74969188554631,32.04768663001642,493138,32.04768663001642
DOW,2011-09-27,32.70838625626633,33.03396421519859,32.31213161629427,32.48645131942635,1445235,32.48645131942635
DOW,2011-09-28,32.86111374566912,33.07492493026648,31.925733222762776,32.88075064999131,906324,32.88075064999131
DOW,2011-09-29,33.01014996098904,33.52366105318929,32.215896783440556,32.86947565521763,409699,32.86947565521763
DOW,2011-09-30,33.33492566987484,33.732960163391404,32.35999692660173,33.548574719637266,1284690,33.548574719637266
DOW,2011-10-03,35.81456547608309,36.862758110100664,34.49157052228324,35.50382733000599,1494165,35.50382733000599
DOW,2011-10-04,35.28933988954019,36.48485768366907,34.27071215977075,35.57647799465951,159542,35.57647799465951
DOW,2011-10-05,35.75192853993973,37.01157361389817,35.191953099036034,35.951856303064346,1307699,35.951856303064346
DOW,2011-10-06,35.782303848228956,36.80520173865822,35.19262369785368,35.9344071750372,1155791,35.9344071750372
DOW,2011-10-07,35.725014594954786,37.001338907085746,34.71889863206321,35.9748578238549,397438,35.9748578238549
DOW,2011-10-10,35.5145403522424,35.97387439145108,34.72864100623711,35.58094839794983,1523637,35.58094839794983
DOW,2011-10-11,37.10911178817563,37.69527928865871,36.268023967688926,37.14050589427495,1208436,37.14050589427495
DOW,2011-10-12,36.91498664422596,37.180546237603295,36.12259351242361,36.9012673009935,103861,36.9012673009935
DOW,2011-10-13,36.96538879748285,38.019646121849625,36.56700806949947,37.308026046288106,253376,37.308026046288106
DOW,2011-10-14,38.153839517235326,39.27671168847847,37.80709811683232,38.369394115348264,531487,38.369394115348264
DOW,2011-10-17,37.87675906167074,38.44348117207184,36.89862329003469,37.64504383998647,1454266,37.64504383998647
DOW,2011-10-18,38.23097679663042,38.57089549011802,37.753563657472434,37.99494863868412,1057565,37.99494863868412
DOW,2011-10-19,37.89351480365908,38.60188049861285,37.231735082510646,38.02278714554356,198524,38.02278714554356
DOW,2011-10-20,39.0096429047168,39.11362073275617,38.45071589024527,39.039957930639204,130329,39.039957930639204
DOW,2011-10-21,38.300318485010266,39.37819265706193,37.318546812002936,38.544340447434834,615769,38.544340447434834
DOW,2011-10-24,38.38739263558066,38.907473059483486,37.26389458378693,38.14165367288681,777381,38.14165367288681
DOW,2011-10-25,38.477470796977585,39.51432422437103,37.817567879931396,38.12921099734416,1764407,38.12921099734416
DOW,2011-10-26,37.71453188741419,38.92154787705943,37.68855664832892,37.87257196371336,465464,37.87257196371336
DOW,2011-10-27,37.84854710784997,37.9910523496704,37.30285231628293,37.636324958956514,1399086,37.636324958956514
DOW,2011-10-28,38.65975334042476,39.93292616699429,37.562819627031935,38.77422327220909,834323,38.77422327220909
DOW,2011-10-31,38.47451413580843,39.99172821780072,37.48520897339198,38.86107777291452,1223418,38.86107777291452
DOW,2011-11-01,38.513681757165536,39.23827594726622,37.7979384419845,38.43701703065737,891046,38.43701703065737
DOW,2011-11-02,38.167079838456516,39.18244364930099,37.86087245166846,38.23559906172921,1612792,38.23559906172921
DOW,2011-11-03,38.67469598219493,38.69608731954553,37.51308283255699,38.475825960166155,1603671,38.475825960166155
DOW,2011-11-04,38.87214452168142,40.00377352989968,38.39055718509519,38.6797021113667,1255115,38.6797021113667
DOW,2011-11-07,38.71507659111601,39.24506344952451,37.86145315107226,38.372767526312316,487548,38.372767526312316
DOW,2011-11-08,37.446471950625686,38.5163235298967,37.19319507464711,37.4930991118624,533927,37.4930991118624
DOW,2011-11-09,37.467415495065644,37.91356520636766,36.97019023572307,37.4805247557036,224745,37.4805247557036
DOW,2011-11-10,37.37866766927856,38.33886420476847,36.932953048120936,37.453270608756505,1174693,37.453270608756505
DOW,2011-11-11,36.96826439891114,37.58442509917484,36.13508888610173,37.11901296805316,488378,37.11901296805316
DOW,2011-11-14,37.93300053537319,38.345757041553476,37.51116680328516,37.82871266455569,1085992,37.82871266455569
DOW,2011-11-15,38.41044364612826,39.50142600464507,37.98151267717192,38.16008542816367,177134,38.16008542816367
DOW,2011-11-16,37.98809923101474,39.052101022843395,37.84141670407907,38.24987319717643,463025,38.24987319717643
DOW,2011-11-17,38.432424990150366,39.40101559492242,36.95726156613205,38.06559497626737,831860,38.06559497626737
DOW,2011-11-18,39.19253566369201,39.83140315915194,38.60921358625006,39.048985840891376,1469722,39.048985840891376
DOW,2011-11-21,38.6317152452468,39.696036861810235,38.404440545025494,38.41649756180536,606931,38.41649756180536
DOW,2011-11-22,38.536909301032516,39.39238297143834,37.68336905541297,38.15622118268311,1678231,38.15622118268311
DOW,2011-11-23,37.925058610412975,38.007167481952095,36.97918683725618,37.92200096207009,183752,37.92200096207009
DOW,2011-11-24,37.775043395258855,38.97830751174799,37.63634260483034,38.101734328192656,1023995,38.101734328192656
DOW,2011-11-25,38.707020571732514,38.72874736485546,37.634227273143736,38.48359120871672,1348658,38.48359120871672
DOW,2011-11-28,38.040507914548954,38.98665400128864,36.678678564068754,37.760501690302405,405032,37.760501690302405
DOW,2011-11-29,37.15009880191509,37.775023613292916,36.51540938907791,37.40264358326038,71086,37.40264358326038
DOW,2011-11-30,37.302529485186724,38.33691760318108,36.29566635371188,37.660958299431684,535974,37.660958299431684
DOW,2011-12-01,37.04278311524527,38.15344505275279,36.05956647289878,37.31456473488994,1325815,37.31456473488994
DOW,2011-12-02,36.98204331759569,37.821889749014815,36.3865833976243,37.11270496835614,897171,37.11270496835614
DOW,2011-12-05,37.53625985361699,38.293407765131754,36.7879388735481,37.220421472927825,731315,37.220421472927825
DOW,2011-12-06,36.34498099002095,37.69337236082114,36.2418252784054,36.71027228573697,316182,36.71027228573697
DOW,2011-12-07,37.09689316024951,37.51308912122434,36.546810266671585,36.872855243600554,239566,36.872855243600554
DOW,2011-12-08,37.48045743841037,38.095674953423114,37.04059763207735,37.21632962179635,387289,37.21632962179635
DOW,2011-12-09,37.48355886324554,37.680267374716124,36.59445067751183,37.25181359785941,1306005,37.25181359785941
DOW,2011-12-12,37.72633942454924,38.5778454957234,36.955128194680995,38.044226054473334,1343022,38.044226054473334
DOW,2011-12-13,38.599291819564264,38.7730307493943,37.99165500647373,38.46145366280768,377939,38.46145366280768
DOW,2011-12-14,38.8030004910133,39.54055109870759,38.10263608628478,38.453913081306716,590948,38.453913081306716
DOW,2011-12-15,37.99971133308713,38.662912733329385,37.50752057917214,38.290440872384245,222841,38.290440872384245
DOW,2011-12-16,38.9239636340524,40.304558250979134,38.065131218409846,39.29198668502968,398755,39.29198668502968
DOW,2011-12-19,39.22362345682337,39.62791424446849,38.1965225590028,38.9326725622079,1561888,38.9326725622079
DOW,2011-12-20,38.90728958484042,39.24208746405184,38.15275121626925,38.79483912144788,483523,38.79483912144788
DOW,2011-12-21,38.693467759568534,39.26373688128368,37.43944207139111,38.58047675791777,1485781,38.58047675791777
DOW,2011-12-22,39.17945782485828,39.38553633504811,38.67894790678248,38.81888363295794,348238,38.81888363295794
DOW,2011-12-23,40.34060773780086,40.58725762961835,39.53599838372061,40.12412557476719,1390938,40.12412557476719
DOW,2011-12-26,40.20114014476732,41.230208473617594,39.90087374525478,40.283766269904646,462534,40.283766269904646
DOW,2011-12-27,40.06066679390554,40.710481008786495,39.065453226974334,40.11213779277512,1616792,40.11213779277512
DOW,2011-12-28,39.951966174323346,40.4869853678762,39.42057748701671,40.23790235789954,523739,40.23790235789954
DOW,2011-12-29,39.34063625938115,39.53276910554755,39.253454858015296,39.4954189112321,1527918,39.4954189112321
DOW,2011-12-30,39.3607155263859,39.955170198465204,38.432916688609254,39.40374148400887,1487866,39.40374148400887
DOW,2012-01-02,40.21168863114955,41.30492796303111,39.42256182797109,40.40475432385784,294409,40.40475432385784
DOW,2012-01-03,41.149783907845794,41.583325765407054,40.06146333086337,40.810345614556276,1614209,40.810345614556276
DOW,2012-01-04,41.15541693771599,41.870389367708775,40.39400502799308,41.561218452307514,1553478,41.561218452307514
DOW,2012-01-05,42.26609582190515,42.768698316468914,41.68713807342169,42.192661949664405,304305,42.192661949664405
DOW,2012-01-06,42.005101037521825,43.213751040625496,41.01834048191171,41.77815530557914,291359,41.77815530557914
DOW,2012-01-09,43.168193906457184,43.71620820631028,42.54856146743287,42.96872535203043,1407864,42.96872535203043
DOW,2012-01-10,42.01418795318569,42.341442455458875,41.24594653686926,41.89375767798387,1444799,41.89375767798387
DOW,2012-01-11,42.03725269799719,42.83194457551862,40.974919944367834,42.112773117451326,773659,42.112773117451326
DOW,2012-01-12,41.23309082503676,42.23597493523871,40.82776034317452,40.890853004868,1637056,40.890853004868
DOW,2012-01-13,39.76761104020618,39.93086050278887,38.86033249251959,39.90412597777791,1553692,39.90412597777791
DOW,2012-01-16,40.6671982425362,41.34809119993737,39.933629307666514,40.46476586543551,111347,40.46476586543551
DOW,2012-01-17,40.419356474016816,41.43345275820276,38.94802791885268,40.07737545035632,967163,40.07737545035632
DOW,2012-01-18,40.5195838462125,41.087065924098596,40.42066137649035,40.82299370666952,1539534,40.82299370666952
DOW,2012-01-19,39.92651252742058,41.03050013824185,39.48718711311492,39.57266872330601,531345,39.57266872330601
DOW,2012-01-20,39.75591477475127,40.444919310998706,38.78390810826747,39.537641137071276,1721628,39.537641137071276
DOW,2012-01-23,38.95323220101564,39.557077148054894,37.83778088823017,38.86261107191568,1566065,38.86261107191568
DOW,2012-01-24,38.595450061846456,39.81204368630485,38.329123065397006,38.693422810077585,1743145,38.693422810077585
DOW,2012-01-25,39.9070387483516,40.06225922902086,38.71081057136532,39.58696591619783,1676821,39.58696591619783
DOW,2012-01-26,40.27361519191198,41.54673051242228,39.91189647351768,40.64425590354298,1080100,40.64425590354298
DOW,2012-01-27,40.90783614433648,41.96963774829567,40.803703034873614,40.96368680878026,1364859,40.96368680878026
DOW,2012-01-30,40.249536818351345,40.83946202427694,39.55174885625442,40.044003842730696,1768012,40.044003842730696
DOW,2012-01-31,39.610572992794474,39.61826815123172,39.20173424308083,39.3656083368838,1483248,39.3656083368838
DOW,2012-02-01,39.237625700045534,40.093571655119206,38.32493708556485,39.47266291036611,133278,39.47266291036611
DOW,2012-02-02,38.67678576984665,39.20967167057286,38.57285825067473,39.02992489897598,340146,39.02992489897598
DOW,2012-02-03,39.65818513625383,40.32750091329594,38.504864078885035,39.41942079371772,1202347,39.41942079371772
DOW,2012-02-06,40.34122626969492,41.299646128319786,39.404261084679526,40.40434410353773,1163449,40.40434410353773
DOW,2012-02-07,39.56486676220844,40.48385051353952,39.42227761310609,39.84897101314471,979157,39.84897101314471
DOW,2012-02-08,39.024982227736515,40.09583299120139,38.50388571916897,39.351149465271234,1659188,39.351149465271234
DOW,2012-02-09,38.80805995704731,38.92907769988925,38.46636364366604,38.69920715956468,704965,38.69920715956468
DOW,2012-02-10,38.636099509863016,38.74858356064951,38.3436567802865,38.57221014754335,1768055,38.57221014754335
DOW,2012-02-13,38.89012905545302,39.88292493132447,38.207734057151555,38.61673003918202,190549,38.61673003918202
DOW,2012-02-14,38.28209499522962,38.70132808259457,37.35077629147507,38.64413878299513,1258394,38.64413878299513
DOW,2012-02-15,39.454168504196915,39.79067306451371,38.80379578706958,39.16557521396698,207197,39.16557521396698
DOW,2012-02-16,39.71002406841453,40.827102680092246,38.29791926403435,39.404839020654784,1499940,39.404839020654784
DOW,2012-02-17,39.34465684421669,39.929160093262404,38.401173601373394,39.38695869192723,1784522,39.38695869192723
DOW,2012-02-20,39.092150051292826,40.22378652150077,38.673369724376094,39.425956656886896,161059,39.425956656886896
DOW,2012-02-21,39.84334386991218,40.10833043716306,39.38128248423793,39.490501605143486,893780,39.490501605143486
DOW,2012-02-22,39.135236764103894,39.79344239884531,38.867191085608816,39.47310291594243,556156,39.47310291594243
DOW,2012-02-23,39.17417469771786,39.772364988733635,38.320168342834926,39.10326069166436,952330,39.10326069166436
DOW,2012-02-24,38.43755391036912,39.1787264507465,38.234259741078034,38.442815576482054,1357848,38.442815576482054
DOW,2012-02-27,38.79570044877433,39.913553307168435,38.49881537317592,38.53743301149827,618797,38.53743301149827
DOW,2012-02-28,38.2768331964567,38.93644251835247,37.50775289191645,38.27483765917426,1126522,38.27483765917426
DOW,2012-02-29,38.55862386718363,38.69353386621268,37.61797709769843,38.58245217226702,1043765,38.58245217226702
DOW,2012-03-01,38.93219303600332,39.36074225275042,37.70784742078006,38.638041512850116,1009412,38.638041512850116
DOW,2012-03-02,39.02051928132381,39.306345662565604,37.966194828114254,38.66173062478306,1668586,38.66173062478306
DOW,2012-03-05,39.27136642777876,39.57108693436542,38.11730890769401,39.23270643380332,1532103,39.23270643380332
DOW,2012-03-06,38.42278835370953,39.04069238563375,37.83233461954079,38.45761254421381,1053588,38.45761254421381
DOW,2012-03-07,39.733218360225884,40.110683644402584,39.15483959790186,39.47183967204287,1467207,39.47183967204287
DOW,2012-03-08,38.51034808352767,38.84458965733135,37.71811863756561,38.2570151322759,1333320,38.2570151322759
DOW,2012-03-09,38.94400786688475,40.22025427390781,38.909016963715594,39.08519789428738,1295415,39.08519789428738
DOW,2012-03-12,39.27443573814187,39.962475104229725,38.5813775416605,39.21465405258193,741662,39.21465405258193
DOW,2012-03-13,38.66415541700563,39.2392428928133,37.519610015971956,38.93348403670481,945304,38.93348403670481
DOW,2012-03-14,38.2306153356196,38.54701507248917,37.52117727623931,38.127258446431426,195262,38.127258446431426
DOW,2012-03-15,38.065108593697076,38.99126478986301,37.73298921681864,37.812529207108234,951912,37.812529207108234
DOW,2012-03-16,37.50208631616558,38.74155010352616,36.48487374937589,37.73793703720897,1775575,37.73793703720897
DOW,2012-03-19,37.72569631461922,38.63092117782041,36.84627350177727,37.85968397270285,633245,37.85968397270285
DOW,2012-03-20,38.63685157738774,39.17695597142228,38.30715474531482,38.67635229004163,413238,38.67635229004163
DOW,2012-03-21,39.00019915835356,39.89475531899843,37.91263485354165,38.73288026226,136782,38.73288026226
DOW,2012-03-22,39.10826251188795,40.208043824333174,38.65396455479769,38.92812649061372,797167,38.92812649061372
DOW,2012-03-23,38.99826729751455,39.33678793610151,38.318906839532374,39.1416271170666,957742,39.1416271170666
DOW,2012-03-26,38.77149077777833,39.97924564931309,38.53428733010194,38.971779571852736,767884,38.971779571852736
DOW,2012-03-27,39.031001723864094,40.02491363625807,38.35575014162908,38.87882633516695,1106854,38.87882633516695
DOW,2012-03-28,38.81841279774373,39.26101630298113,37.74989945734233,38.83403381499847,1428283,38.83403381499847
DOW,2012-03-29,39.27702169009398,39.620836370511554,38.48169699458585,39.20366831432121,205136,39.20366831432121
DOW,2012-03-30,38.818991118708205,39.4773342049063,37.929711270156794,38.703887723336884,1311166,38.703887723336884
DOW,2012-04-02,38.48121931483737,38.795565213563876,38.21711334973805,38.43610552517815,1652718,38.43610552517815
DOW,2012-04-03,38.73779927445843,38.906747180611625,38.21543567190341,38.6503937050191,802582,38.6503937050191
DOW,2012-04-04,38.36237618361648,39.45924732887654,37.81313895491961,38.06735180695658,1428702,38.06735180695658
DOW,2012-04-05,38.426121106975685,38.99255954771433,37.426735944272515,38.145220521289076,1564217,38.145220521289076
DOW,2012-04-06,37.594099259157666,38.39623577769276,37.246440223943154,37.859849450692685,858517,37.859849450692685
DOW,2012-04-09,38.21917464424204,38.363761387698624,37.083243962537296,38.15317216337885,1312991,38.15317216337885
DOW,2012-04-10,38.88839417972485,39.524546261038,37.76458584321373,38.93566051675948,163101,38.93566051675948
DOW,2012-04-11,38.47919275814897,39.50616679551881,37.65666293033164,38.64496413829879,892091,38.64496413829879
DOW,2012-04-12,39.18957884030318,39.481203745318076,38.82169253410845,39.087055518841865,164768,39.087055518841865
DOW,2012-04-13,39.22492123676848,39.65901009246056,38.66824283338173,39.21638497951216,388633,39.21638497951216
DOW,2012-04-16,39.22888956220476,39.439449005110234,38.32245166653556,39.01438529970015,388012,39.01438529970015
DOW,2012-04-17,38.71622341550406,39.449417346049394,38.596165910940776,39.03362062571305,1207993,39.03362062571305
DOW,2012-04-18,39.63337641037817,40.81852690920192,39.03573870758272,39.790404666999635,1713047,39.790404666999635
DOW,2012-04-19,39.330628507939956,39.989615861358466,38.87445906906802,39.70722592769288,293210,39.70722592769288
DOW,2012-04-20,40.682756535634965,40.718811544828924,40.46639849605897,40.48360976196839,1412426,40.48360976196839
DOW,2012-04-23,40.762852045488216,41.41859164124485,39.850063067613966,40.42934445371505,1747425,40.42934445371505
DOW,2012-04-24,39.6953697770735,40.38546455704845,39.36875351165801,39.626122066268564,1644796,39.626122066268564
DOW,2012-04-25,39.6502065231206,40.04144786739779,38.862027443401765,39.55765809108357,180707,39.55765809108357
DOW,2012-04-26,38.37670894046405,39.4734309804166,37.26724645027065,38.728030171932915,1164831,38.728030171932915
DOW,2012-04-27,38.56838365867757,38.612238256401504,38.37395725007596,38.56546710802248,158122,38.56546710802248
DOW,2012-04-30,38.40285080580503,38.79522090210986,38.31820622826642,38.38222248558431,1326502,38.38222248558431
DOW,2012-05-01,39.05815555585959,39.5926210435029,38.39539570955907,39.421643222638096,1522909,39.421643222638096
DOW,2012-05-02,40.59566188244812,40.87553579110135,39.7665641300543,40.36767563323993,1453339,40.36767563323993
DOW,2012-05-03,40.25442858642563,40.8977136573628,39.558998593753195,40.43369530680319,351676,40.43369530680319
DOW,2012-05-04,41.34990789631076,41.96198236097342,41.162118526750916,41.16593977580126,1396842,41.16593977580126
DOW,2012-05-07,40.86614248669622,41.0601215180358,40.74766465805674,40.945638159126034,1043484,40.945638159126034
DOW,2012-05-08,40.5212855284275,40.64445303348261,38.96931169031235,40.123543936965774,1650463,40.123543936965774
DOW,2012-05-09,40.21479970906372,41.265517147078036,39.94819811153725,40.447612000703984,1178919,40.447612000703984
DOW,2012-05-10,40.31670197374591,41.16924266576008,39.833913593600826,40.676086923513466,923931,40.676086923513466
DOW,2012-05-11,40.52852367268396,40.74314889739932,38.96920592680681,40.14322459274715,1442904,40.14322459274715
DOW,2012-05-14,39.43964122326637,39.92211997753574,38.78263076722263,39.642737294934996,1254492,39.642737294934996
DOW,2012-05-15,40.31084730409253,41.181629628097596,39.17653576727732,40.202035520263934,1271548,40.202035520263934
DOW,2012-05-16,39.15039884796699,39.30980421459635,39.00129191788634,39.2488599354054,1672279,39.2488599354054
DOW,2012-05-17,39.69380665150708,40.29962517959288,38.41084981905866,39.58326811364269,892551,39.58326811364269
DOW,2012-05-18,39.49469403509343,39.921617349551376,39.26890230872375,39.418963434613715,1540385,39.418963434613715
DOW,2012-05-21,39.920423287194765,40.891863408580605,39.685057980421504,39.755617265322094,1741354,39.755617265322094
DOW,2012-05-22,39.95642012123397,41.30129381032744,38.84521345776519,40.34498806232302,963128,40.34498806232302
DOW,2012-05-23,40.120908977338296,40.95045085560165,39.517983441539165,39.852942401896506,1763760,39.852942401896506
DOW,2012-05-24,39.19882393059074,39.66824178404704,38.66833706488254,39.215556530744855,217942,39.215556530744855
DOW,2012-05-25,40.088592681705435,40.847753892754675,40.01851400181385,40.073482733260356,455068,40.073482733260356
DOW,2012-05-28,39.984905810633315,40.82508264494725,39.74277683075863,40.0561856399328,819151,40.0561856399328
DOW,2012-05-29,40.656902126531676,41.062088656514106,39.89371111091802,40.26282371427935,1410270,40.26282371427935
DOW,2012-05-30,41.06000438930161,42.14395756360853,40.72263165371218,40.8138386810392,1065777,40.8138386810392
DOW,2012-05-31,40.11342287623586,41.45497674025426,39.10298548715269,40.26530895675015,1519031,40.26530895675015
DOW,2012-06-01,41.0421982388654,41.42935746813431,40.047115263100814,40.81114895963346,1089443,40.81114895963346
DOW,2012-06-04,41.1558529846649,42.19828407567916,40.96193713208441,41.20778012216766,122119,41.20778012216766
DOW,2012-06-05,42.42320712696944,43.06071118120012,40.97656085476352,42.11157026933902,609908,42.11157026933902
DOW,2012-06-06,42.62060992354911,43.62275977464446,42.53807172291571,43.02431004043502,102799,43.02431004043502
DOW,2012-06-07,42.956379927649415,43.580569560709584,42.627963963173855,43.08096447755417,524344,43.08096447755417
DOW,2012-06-08,43.50971389321993,43.9525846209598,42.77787998350953,43.5708707028481,768352,43.5708707028481
DOW,2012-06-11,43.82937410837715,45.03841773100733,42.75103281346723,43.61630880647248,1687140,43.61630880647248
DOW,2012-06-12,43.4477072949062,44.6973152507216,42.33667087004234,43.7255391374505,1218973,43.7255391374505
DOW,2012-06-13,42.849329825519746,43.60221694348474,41.68426536368311,43.03327029415817,1309996,43.03327029415817
DOW,2012-06-14,43.102687564747306,44.074521209596206,42.168534803511065,42.91055103052391,1510584,42.91055103052391
DOW,2012-06-15,41.47171878662059,42.72737288889037,41.27650953069293,41.825694947117164,628901,41.825694947117164
DOW,2012-06-18,41.509417619813306,42.09394549296336,40.92643927357772,41.75903282753683,480387,41.75903282753683
DOW,2012-06-19,42.79805963217822,43.024203253705736,41.88114099983155,42.58228110855525,1389808,42.58228110855525
DOW,2012-06-20,43.4056102091249,44.49461251068332,42.20192829486044,43.08203940637066,529308,43.08203940637066
DOW,2012-06-21,43.366855864928404,44.42249995356474,42.07747279281369,43.16928897989751,1662521,43.16928897989751
DOW,2012-06-22,43.08355751854916,44.372009226651585,43.04739614032717,43.06018592647995,705966,43.06018592647995
DOW,2012-06-25,42.39862945798061,42.7661911961269,41.15940137453333,42.74136278559238,1323099,42.74136278559238
DOW,2012-06-26,42.46920359966687,43.15768972193462,41.32197241964129,42.19307042330912,1093807,42.19307042330912
DOW,2012-06-27,42.39229359047443,43.612143291767175,42.09899756224406,42.7134655372279,1468285,42.7134655372279
DOW,2012-06-28,41.69450813560998,42.52090113114362,41.09480537995846,41.79056085358268,1247381,41.79056085358268
DOW,2012-06-29,40.50653121700475,41.7451468991349,39.672730480617936,40.87398891331993,1367078,40.87398891331993
DOW,2012-07-02,41.603253153263175,41.77456854517152,41.42049417723324,41.429518389281554,1142422,41.429518389281554
DOW,2012-07-03,41.573870708394914,41.5757615231689,41.0960203663864,41.57096492755065,1172744,41.57096492755065
DOW,2012-07-04,41.95373037977671,42.07082163131107,40.73453085689391,41.61448268052342,923235,41.61448268052342
DOW,2012-07-05,41.45438729325535,42.232175500358196,41.265297014602105,41.756081247358765,1172883,41.756081247358765
DOW,2012-07-06,43.28163283754673,43.708735931364615,41.91063538739885,43.00710476822065,673915,43.00710476822065
DOW,2012-07-09,43.06830885305564,44.19756394930269,42.36618023993009,43.05912110623671,1378413,43.05912110623671
DOW,2012-07-10,43.143792204576805,43.36804764938687,42.93616977531847,43.25964813214042,502382,43.25964813214042
DOW,2012-07-11,44.71472177194248,45.30858623757213,44.5648392987255,44.586698303395316,62926,44.586698303395316
DOW,2012-07-12,44.82215685549488,46.11010688244574,43.738527611556584,44.56331762543448,426193,44.56331762543448
DOW,2012-07-13,45.65553548524317,46.39976066293232,44.475033533535935,45.71012683977466,1150269,45.71012683977466
DOW,2012-07-16,44.11636229372376,44.52955347557602,43.54319746797249,44.35338172682816,1043000,44.35338172682816
DOW,2012-07-17,43.993113849800444,44.37752634599752,43.55698578880555,43.63029379481431,1205597,43.63029379481431
DOW,2012-07-18,43.06555485610873,44.04006036024379,42.63353637259511,43.227226634007906,1173941,43.227226634007906
DOW,2012-07-19,44.04641755539585,44.06226036276722,43.09132081495313,43.6118374196399,134118,43.6118374196399
DOW,2012-07-20,45.00440624066494,46.311469651821746,43.8374820710229,44.76506985827301,1387156,44.76506985827301
DOW,2012-07-23,44.56791253371408,45.3259817459407,43.87675623630097,44.40112488090667,1580547,44.40112488090667
DOW,2012-07-24,44.61344661922537,46.004505075874725,44.45909925910746,45.05280178749575,554698,45.05280178749575
DOW,2012-07-25,46.50763260803161,47.252438011996055,45.636348371437194,46.55555566244384,1591297,46.55555566244384
DOW,2012-07-26,47.644330542085655,49.01352025900172,46.55868346586812,47.64198553143986,1178390,47.64198553143986
DOW,2012-07-27,47.26566520012278,48.22038650780095,46.52967863130891,47.38281789426106,1027620,47.38281789426106
DOW,2012-07-30,47.665870214893246,48.95520384219229,46.77383366586715,48.00190940527607,231792,48.00190940527607
DOW,2012-07-31,48.12975746515846,49.503949088700736,47.36438746401508,48.257688167716594,1639256,48.257688167716594
DOW,2012-08-01,47.411298422135076,49.05370667641445,46.125119465449934,47.81777500497598,415918,47.81777500497598
DOW,2012-08-02,47.93254759087891,48.174504876873335,46.97803321707904,48.133825033618876,908887,48.133825033618876
DOW,2012-08-03,47.425300190258355,48.2299516328326,47.178519520457314,47.8234984606862,374756,47.8234984606862
DOW,2012-08-06,48.170722861817424,48.52668253658687,47.06650012179228,47.92875601918188,298816,47.92875601918188
DOW,2012-08-07,47.16059436340742,47.169995681490406,46.954439883276464,46.999707509062596,914782,46.999707509062596
DOW,2012-08-08,46.235870511297875,47.45203464570912,45.43227285683174,45.8326048786318,1429787,45.8326048786318
DOW,2012-08-09,45.551188665177655,46.09526613777788,44.68485505358298,45.66083968138035,1782036,45.66083968138035
DOW,2012-08-10,46.15267827410874,46.63306221431185,44.85976834982018,45.8900030175874,1040407,45.8900030175874
DOW,2012-08-13,45.243251534149906,45.37846876617216,44.737815178244695,45.16411749419674,262004,45.16411749419674
DOW,2012-08-14,45.660922534032395,47.016670147456324,44.57514280706261,45.527886926955574,1139485,45.527886926955574
DOW,2012-08-15,45.61743639354093,46.748180151421046,45.47422224275566,45.57417622809589,1024211,45.57417622809589
DOW,2012-08-16,46.28079159371235,47.074778809724705,44.80374296275429,46.023831210009796,950954,46.023831210009796
DOW,2012-08-17,46.249691267483385,47.75821088201263,44.90207747748472,46.677262995215116,1444254,46.677262995215116
DOW,2012-08-20,47.2142125514187,48.72373975535472,46.11085432954852,47.613702789015676,1406755,47.613702789015676
DOW,2012-08-21,47.66243933499088,48.99745595667812,47.099954584153565,48.05076275627738,443877,48.05076275627738
DOW,2012-08-22,47.662347034772296,48.11450127920412,47.42636408483743,47.864631839138106,322361,47.864631839138106
DOW,2012-08-23,48.10234666474624,49.141811715496175,46.8194510487113,48.01483598706892,394157,48.01483598706892
DOW,2012-08-24,49.82723138694464,50.67870515204459,49.0635777219395,49.6825383970241,468656,49.6825383970241
DOW,2012-08-27,50.63137569497249,51.731198398308315,49.12252194790948,50.41699891478801,466958,50.41699891478801
DOW,2012-08-28,50.26793039880923,51.31247005893243,49.60918723973623,50.48931268162109,1105195,50.48931268162109
DOW,2012-08-29,50.55072211331831,52.001027985457455,48.91482167693807,50.399309741182094,947189,50.399309741182094
DOW,2012-08-30,49.601994710825984,50.924424414770144,48.94398519698385,49.98418378411573,186643,49.98418378411573
DOW,2012-08-31,48.669561311652046,49.99717770597943,47.97131250640601,49.15126413723492,635399,49.15126413723492
DOW,2012-09-03,50.59909462752111,51.87842424675093,48.95554969729283,50.40284531510649,129629,50.40284531510649
DOW,2012-09-04,50.99258480569825,51.57273237180802,50.300553471760225,50.77363648778382,1022417,50.77363648778382
DOW,2012-09-05,49.99034991578524,50.46394899050275,49.22859729317239,49.868528373869744,1658676,49.868528373869744
DOW,2012-09-06,49.557652187578995,50.54950827885181,48.997299768980014,49.79780714300401,1645118,49.79780714300401
DOW,2012-09-07,51.17690996959931,52.07424720595152,50.027266902070096,50.74308857047157,851149,50.74308857047157
DOW,2012-09-10,50.81451895038782,51.150629744080675,50.01492839193754,50.435570701710375,371982,50.435570701710375
DOW,2012-09-11,49.879169951726425,50.90011901864291,49.1531202214891,49.863671763451734,1365090,49.863671763451734
DOW,2012-09-12,50.632511485219595,51.85129886728095,50.025056308913236,50.14198274607297,1613725,50.14198274607297
DOW,2012-09-13,50.43853280521159,51.51960859370839,50.35305361433706,50.64250099134711,1098390,50.64250099134711
DOW,2012-09-14,50.32758424838302,51.12623444305037,49.914911381679225,50.336509631684656,1575884,50.336509631684656
DOW,2012-09-17,50.34820654977804,50.79324778396445,49.788813449370004,49.9209612261678,75096,49.9209612261678
DOW,2012-09-18,50.23707200132292,51.647041232666574,50.1212576990601,50.275158316924234,202864,50.275158316924234
DOW,2012-09-19,49.453381086110305,50.60209886063913,48.35848094965701,49.482072545669105,628686,49.482072545669105
DOW,2012-09-20,48.70402693706664,49.82491866214243,48.695157463382024,49.11720816014604,564263,49.11720816014604
DOW,2012-09-21,48.76791554506873,50.02098842249661,47.696148179286446,49.05109102573931,491971,49.05109102573931
DOW,2012-09-24,49.25941949976016,50.10007350779871,47.809033833653096,49.59880904622053,307852,49.59880904622053
DOW,2012-09-25,49.376357342387905,49.46496433915521,49.25610667768733,49.311989544019184,1148857,49.311989544019184
DOW,2012-09-26,49.55526735678709,50.04009194903083,48.40120155780734,49.735816756058966,167460,49.735816756058966
DOW,2012-09-27,50.17520812921818,50.72395186586064,49.54920346194602,50.60328106028298,1620347,50.60328106028298
DOW,2012-09-28,50.26329419684567,51.029571710482074,50.20905065890182,50.25327129009726,875400,50.25327129009726
DOW,2012-10-01,52.85471608785479,53.84108598597056,51.17429382837025,52.67644093147181,106039,52.67644093147181
DOW,2012-10-02,54.04690528237439,54.66376362406367,52.61327353484045,53.79243828397583,643175,53.79243828397583
DOW,2012-10-03,54.39133641653205,55.25641032887602,53.39261950528408,54.026637265456635,1754549,54.026637265456635
DOW,2012-10-04,53.88646087514681,54.0440773972039,53.50261369532527,53.905914015734226,1070075,53.905914015734226
DOW,2012-10-05,53.3781256981026,54.73083190328174,53.069653157694326,53.49516042274952,1433528,53.49516042274952
DOW,2012-10-08,55.02200675509935,55.07611877617108,54.62910676751637,54.82013513101332,1669907,54.82013513101332
DOW,2012-10-09,54.47401821748471,56.05638984411142,53.11505928457739,55.00940856028732,353109,55.00940856028732
DOW,2012-10-10,54.03983721525574,54.742376512372054,52.87733421377176,53.89590648698016,1544978,53.89590648698016
DOW,2012-10-11,52.497045868005124,52.886283128551916,52.04702163567812,52.59626143154386,1308529,52.59626143154386
DOW,2012-10-12,52.65325473415064,53.52992420120054,52.20355914148799,52.702926940976305,1085160,52.702926940976305
DOW,2012-10-15,52.61139946970931,54.064293722602926,51.51927311871655,52.82664742024887,606916,52.82664742024887
DOW,2012-10-16,51.76138996842937,52.79710025473102,50.68095848957671,52.15014266709747,337258,52.15014266709747
DOW,2012-10-17,50.937946814516415,51.601589979426976,49.89979378506164,51.03856969747635,729441,51.03856969747635
DOW,2012-10-18,49.4366784135799,49.839142089179475,49.27662250475517,49.627045447136986,1588564,49.627045447136986
DOW,2012-10-19,49.5554084740344,50.439342149134575,48.97023940302972,49.10353965862057,225733,49.10353965862057
DOW,2012-10-22,49.29900495814214,50.523612523882136,47.42129987519255,48.86552917728666,586276,48.86552917728666
DOW,2012-10-23,49.51947776597021,50.35339797851624,48.37748558396354,49.377352694836354,665678,49.377352694836354
DOW,2012-10-24,49.70183933061688,49.94799399537927,48.404511460100046,49.30375948438881,388785,49.30375948438881
DOW,2012-10-25,50.341299138764256,51.339911178776,50.063105099993315,50.08957420622152,554412,50.08957420622152
DOW,2012-10-26,50.39487302551584,50.596389422261666,50.3104633562333,50.550678822254405,1627206,50.550678822254405
DOW,2012-10-29,51.05405949320563,52.337641177300156,50.38010361451878,50.94818847762079,548436,50.94818847762079
DOW,2012-10-30,51.40753607129694,53.12585094071419,49.93595211951821,51.696703054637126,582796,51.696703054637126
DOW,2012-10-31,50.87830941177708,51.78959562961237,49.45864282329267,50.68852321629214,563274,50.68852321629214
DOW,2012-11-01,49.85811935595896,51.647224643521426,49.0118370015042,50.31619033296623,295083,50.31619033296623
DOW,2012-11-02,52.46372226352023,52.596726580465116,52.054292747851086,52.11834260794001,397781,52.11834260794001
DOW,2012-11-05,50.80314975227684,51.15116833819695,49.34126040914416,50.71872354328319,651162,50.71872354328319
DOW,2012-11-06,50.074249836102915,51.001251426077225,49.76081360268667,50.52040732778085,494655,50.52040732778085
DOW,2012-11-07,51.268711278514736,52.45788909916393,49.65551483471891,50.890330308526785,693207,50.890330308526785
DOW,2012-11-08,49.9189722245218,50.644154885749735,48.8132088606205,49.54471008647096,789554,49.54471008647096
DOW,2012-11-09,49.37274473236083,49.88871084180808,48.68405590131946,49.02679612916675,1746202,49.02679612916675
DOW,2012-11-12,50.762309908760706,51.00302940043929,50.01961095224101,50.48534530839135,1208011,50.48534530839135
DOW,2012-11-13,50.81042601261921,52.04609948919077,50.289639448005964,50.630257819669865,234053,50.630257819669865
DOW,2012-11-14,50.12697190434175,50.261465183758105,49.84665088567182,50.230538109987144,736834,50.230538109987144
DOW,2012-11-15,50.03734499780312,50.91393664903438,48.9951808235444,50.40394380129967,1584890,50.40394380129967
DOW,2012-11-16,49.79338542864007,50.368826839187385,48.84337333803466,50.00462971179888,821157,50.00462971179888
DOW,2012-11-19,51.12437464658628,51.4796902764493,50.84177343028795,51.281216052738344,429816,51.281216052738344
DOW,2012-11-20,50.42667057473769,50.83121789284982,48.97232976158667,50.570212639215114,876827,50.570212639215114
DOW,2012-11-21,50.27429607298815,51.01905505499283,49.47717779760464,50.20853332252017,899007,50.20853332252017
DOW,2012-11-22,48.86748002695524,49.78243753718475,48.75079125082326,49.154164012500594,447380,49.154164012500594
DOW,2012-11-23,48.65972428262411,49.72506778535315,48.49185406255377,48.96363063961195,1654577,48.96363063961195
DOW,2012-11-26,49.07134512862148,50.142504437922746,48.57248470769093,48.85933207458889,706745,48.85933207458889
DOW,2012-11-27,49.242969432995686,51.0641785708069,47.79751421353474,49.73283733323866,92977,49.73283733323866
DOW,2012-11-28,48.68139417185465,49.1992688871583,48.5173676834258,49.02504065037551,1644851,49.02504065037551
DOW,2012-11-29,49.325118775208054,49.51186856820681,49.194403214906146,49.38936635728689,898312,49.38936635728689
DOW,2012-11-30,49.123888670041126,49.94654231209082,48.628233635091505,49.471093459750776,472808,49.471093459750776
DOW,2012-12-03,48.594956927991376,49.391381354213294,47.13937394441555,48.15213778149596,1374207,48.15213778149596
DOW,2012-12-04,47.82985598461427,47.97318391212356,46.9382672787207,47.66768674715335,543253,47.66768674715335
DOW,2012-12-05,47.097520084001246,48.173910058718626,46.76211898606315,47.16093313541544,936313,47.16093313541544
DOW,2012-12-06,47.96936211505883,49.15078574880615,47.70029526469038,48.3442667327977,638828,48.3442667327977
DOW,2012-12-07,48.63543528783431,49.84193828496963,47.677332754819474,48.747372621752675,974244,48.747372621752675
DOW,2012-12-10,49.016241845856754,49.54254953085156,47.88101293971585,48.869046646423705,1434262,48.869046646423705
DOW,2012-12-11,46.36937698146649,46.92733492085164,45.575058902026285,45.93864321304104,1214004,45.93864321304104
DOW,2012-12-12,44.67923541010334,45.78669692094316,44.258834028584886,44.703654903509474,1486332,44.703654903509474
DOW,2012-12-13,45.36938805254853,45.73280972195737,44.535426481482865,45.19546483450856,781688,45.19546483450856
DOW,2012-12-14,45.450001320887345,46.25186762371732,44.65952643950449,45.72861755896788,1750552,45.72861755896788
DOW,2012-12-17,45.369341604276585,45.387706661689094,44.79195289992258,45.25743501943053,572614,45.25743501943053
DOW,2012-12-18,45.05717520521762,46.048131451629274,43.749300562972444,45.29355784492585,969982,45.29355784492585
DOW,2012-12-19,45.00977018214384,46.4398681776015,43.761680189045784,45.283159056781216,1260979,45.283159056781216
DOW,2012-12-20,45.42085945489662,45.45886484156348,44.83086914350393,45.412484882547616,52963,45.412484882547616
DOW,2012-12-21,44.92572835574579,46.018351514078155,43.861364272639456,45.186304854880014,998717,45.186304854880014
DOW,2012-12-24,45.94390686761414,47.109203127172755,45.432379050917916,45.741430115232056,75746,45.741430115232056
DOW,2012-12-25,46.90554992571476,47.6005943260137,46.181292754301694,46.49883706797065,290192,46.49883706797065
DOW,2012-12-26,45.77739309161422,46.30580934813337,45.379077696203126,45.87501319073638,571820,45.87501319073638
DOW,2012-12-27,44.94571802646961,46.454432372818516,44.81573863118264,45.105878714553334,1194726,45.105878714553334
DOW,2012-12-28,44.317135022327115,44.693042854480055,43.1748630007609,44.606286447888024,1298977,44.606286447888024
DOW,2012-12-31,44.55761212967126,44.937397148790964,43.56741767789481,44.655500176615746,249068,44.655500176615746
DOW,2013-01-01,44.957558166329925,46.151511253906655,43.896759331642045,44.90400197994345,1056379,44.90400197994345
DOW,2013-01-02,45.32249417355236,45.84320462458016,45.026613534750055,45.43793432294086,1663182,45.43793432294086
DOW,2013-01-03,46.213742903482284,47.35038838813174,45.438281818345025,46.10026597532158,1260118,46.10026597532158
DOW,2013-01-04,46.51199029088205,46.97692595136936,45.32197719286951,46.36138679557597,1634677,46.36138679557597
DOW,2013-01-07,46.160031215550504,47.66787540971355,44.96415471283815,46.53432581947383,1720909,46.53432581947383
DOW,2013-01-08,47.86694375776561,48.85165596399546,47.525320594793165,47.6783447170417,851742,47.6783447170417
DOW,2013-01-09,48.08263266429689,48.758466430897464,47.26015392308167,47.70072394366038,856165,47.70072394366038
DOW,2013-01-10,47.67333587134264,48.88443019345607,46.99903227845845,48.12935948423175,953916,48.12935948423175
DOW,2013-01-11,48.42207338517393,48.680152695693174,48.32228509634517,48.372392799130104,1009178,48.372392799130104
DOW,2013-01-14,48.37059931265972,48.538760594016736,48.05250954870341,48.27031833090952,405381,48.27031833090952
DOW,2013-01-15,48.37521359535095,49.41568141388153,46.985292278545245,48.173064641369045,1191173,48.173064641369045
DOW,2013-01-16,49.01189276460049,50.37468545001439,48.28866924680539,49.12412304891196,1470498,49.12412304891196
DOW,2013-01-17,49.392258764927305,50.46205182937367,48.32272764140181,49.07941643764747,159768,49.07941643764747
DOW,2013-01-18,48.887633483154474,50.22646733799767,48.620463737800435,48.848655708291496,1346317,48.848655708291496
DOW,2013-01-21,48.260905475531075,49.639992910985384,47.02893207096949,48.34896189114438,1636027,48.34896189114438
DOW,2013-01-22,48.87857133625334,50.01967180853448,47.864800610773635,48.665168057338995,151418,48.665168057338995
DOW,2013-01-23,48.73762745827069,50.05080471550045,47.79765198649811,48.32457265967019,517650,48.32457265967019
DOW,2013-01-24,48.879833187895976,49.12504904367136,48.496932376437286,48.57671290239888,636737,48.57671290239888
DOW,2013-01-25,49.14093876544151,50.21913184825432,48.574049649342385,48.72128791259776,1231943,48.72128791259776
DOW,2013-01-28,48.21298179832184,49.53498002704139,47.53874427332791,48.43974299776117,1439932,48.43974299776117
DOW,2013-01-29,47.12663441332456,47.70832851645461,46.57061664765416,47.48896288062458,71821,47.48896288062458
DOW,2013-01-30,46.83678252284709,48.114841139714365,46.597379156814796,46.804628164391104,1533532,46.804628164391104
DOW,2013-01-31,45.8141745282186,46.247629434481205,45.462855309348846,46.23544375761657,1360066,46.23544375761657
DOW,2013-02-01,45.7449863017028,46.34141628974512,45.42079246127056,45.58580998108907,1137022,45.58580998108907
DOW,2013-02-04,45.667002136580116,45.9352907632898,45.52442603085021,45.90571043229631,1651723,45.90571043229631
DOW,2013-02-05,47.3194672627744,48.10633869849472,47.08180905243743,47.36270933265015,1336414,47.36270933265015
DOW,2013-02-06,47.17833949090892,47.76168477925739,45.634283694024646,47.03201176462149,283028,47.03201176462149
DOW,2013-02-07,46.773627482786864,47.66402840995451,45.80672381268703,46.78944671082813,669777,46.78944671082813
DOW,2013-02-08,46.1682327888982,47.48043164863233,45.34207579167459,46.413237072002616,1078721,46.413237072002616
DOW,2013-02-11,47.369886166541946,48.46210579989838,46.557986985331766,47.01224472708148,88693,47.01224472708148
DOW,2013-02-12,47.57269724355235,48.603438129626255,46.33830012136734,47.322328695276994,1595457,47.322328695276994
DOW,2013-02-13,47.42538224292389,47.57032954147062,46.369233735368546,47.32970761155962,1170349,47.32970761155962
DOW,2013-02-14,46.70828701183827,47.293222166506936,45.68641051480261,46.52355105004876,638469,46.52355105004876
DOW,2013-02-15,45.81625807875641,47.01739515132803,45.75486466005992,45.893978707783695,179531,45.893978707783695
DOW,2013-02-18,45.914697485688755,46.93245109492561,45.13941566944549,46.028948612014844,620331,46.028948612014844
DOW,2013-02-19,45.882394977057764,47.14025928575423,44.69955448276704,46.19642759671416,783478,46.19642759671416
DOW,2013-02-20,46.48452049148655,46.80097692503658,44.82666837691408,46.2039778045311,138543,46.2039778045311
DOW,2013-02-21,46.55873613960864,47.12488294890096,45.49246564910661,46.66976889132235,356940,46.66976889132235
DOW,2013-02-22,46.04499418930677,47.365303838839374,45.78436201847862,45.868561707462234,1671011,45.868561707462234
DOW,2013-02-25,45.9046397258817,47.26006879522164,45.842658182759,46.08904939475824,1766985,46.08904939475824
DOW,2013-02-26,46.54723126121156,46.77753076777263,45.61946335285605,46.273303245387204,415971,46.273303245387204
DOW,2013-02-27,45.29317316530728,46.39963069143347,44.812653377441684,45.6536144674572,1507948,45.6536144674572
DOW,2013-02-28,45.386404390154006,46.05427522589188,44.99602511711997,45.27320851188512,716015,45.27320851188512
DOW,2013-03-01,46.02974463772777,46.642391138491185,44.452559646954256,45.74830589869089,1490272,45.74830589869089
DOW,2013-03-04,45.16194576428431,45.79956050187415,44.172647217929565,45.01766392991417,541379,45.01766392991417
DOW,2013-03-05,46.85525183346214,47.75893292438962,46.17127571176625,46.67218875452442,1784194,46.67218875452442
DOW,2013-03-06,47.092660251828796,48.459029418881066,46.92452436392161,47.068195187302464,1658839,47.068195187302464
DOW,2013-03-07,47.103322886695544,48.34024484927878,46.66221455085958,47.04777640268401,1650148,47.04777640268401
DOW,2013-03-08,46.487666719511054,48.125980333629336,45.58124294054144,46.894813645238735,1363430,46.894813645238735
DOW,2013-03-11,47.21574792719803,48.45355113216365,47.08824036227602,47.45224693929375,1047490,47.45224693929375
DOW,2013-03-12,47.39845163150616,47.42346043044898,46.71421153730492,47.18899972018414,766722,47.18899972018414
DOW,2013-03-13,47.373416511326795,47.99940011983803,46.71598050691093,46.95512018322874,333482,46.95512018322874
DOW,2013-03-14,48.01293132719588,48.74915139206467,47.088475769158634,47.972844299729886,950869,47.972844299729886
DOW,2013-03-15,47.880166766265326,49.090325491778046,46.238243792562656,47.6651100526854,1033219,47.6651100526854
DOW,2013-03-18,47.95355878231807,49.281165613096476,46.58296937224007,47.77813669924924,609751,47.77813669924924
DOW,2013-03-19,47.745683764502814,48.39246477511188,47.17025314747245,47.273530565188835,665010,47.273530565188835
DOW,2013-03-20,47.75019983348139,48.18061005961547,46.093190300457216,47.470121899857226,332948,47.470121899857226
DOW,2013-03-21,48.01240100299616,48.498317280691914,47.30976793696935,47.89014002920961,488048,47.89014002920961
DOW,2013-03-22,48.713818668977765,49.94389295381237,47.85030900423381,49.091668091802106,1799181,49.091668091802106
DOW,2013-03-25,48.3156104009724,48.84834822219806,47.48880277672258,48.44868731152163,231184,48.44868731152163
DOW,2013-03-26,47.225115150472654,48.75851837739595,46.37622247672704,47.461760479661606,614414,47.461760479661606
DOW,2013-03-27,47.63197835697245,48.230215019778,45.974168908247535,47.29741946139193,1101351,47.29741946139193
DOW,2013-03-28,46.84453259500342,48.28788922213963,45.61111206461693,46.89501694347918,1342959,46.89501694347918
DOW,2013-03-29,46.936244665427274,47.09045169873912,45.58459900256686,46.90313136710103,847861,46.90313136710103
DOW,2013-04-01,47.717475108832716,47.986428789379275,45.93607807565286,47.2779571875826,226363,47.2779571875826
DOW,2013-04-02,49.20371834075197,49.95888326082545,47.53389970951739,48.874612533711094,1352224,48.874612533711094
DOW,2013-04-03,48.85678086053183,50.12945902075111,48.13311261471467,48.575219207095415,870617,48.575219207095415
DOW,2013-04-04,46.726117201318104,47.56262226486444,45.48442465239738,47.06288067555199,575028,47.06288067555199
DOW,2013-04-05,46.47167506522,48.09831177737408,45.44208543669994,46.9195044478364,1732916,46.9195044478364
DOW,2013-04-08,46.823805563593965,47.77926532832846,46.34191722218739,47.177116540684004,728465,47.177116540684004
DOW,2013-04-09,46.76108354052812,47.957688494814384,45.29805361150205,46.53744011833015,578843,46.53744011833015
DOW,2013-04-10,46.63039016999737,47.10260072378884,46.50484658563716,46.713804396628085,1601844,46.713804396628085
DOW,2013-04-11,46.46728142478399,47.48842254233225,45.73888473229272,46.8255251750485,593758,46.8255251750485
DOW,2013-04-12,47.245583918948505,47.64064863242476,46.96869412668275,47.02080612421834,1262886,47.02080612421834
DOW,2013-04-15,47.2912428913087,47.88911051200554,46.1456277675449,47.58188825975765,1121987,47.58188825975765
DOW,2013-04-16,47.62844723512667,48.230202736651506,46.161144756297276,47.54377812796992,355105,47.54377812796992
DOW,2013-04-17,48.173065462075705,48.65678097063953,47.35219180596987,47.94146711806954,1256942,47.94146711806954
DOW,2013-04-18,46.82756571408499,47.933370988821665,45.785606869871685,46.72657964621573,816202,46.72657964621573
DOW,2013-04-19,46.552966738281526,47.59711052456023,45.50649866050622,46.09785502439425,231413,46.09785502439425
DOW,2013-04-22,45.82809197414526,46.38211997616283,45.10444372253893,45.888515474469564,891372,45.888515474469564
DOW,2013-04-23,45.07274552279121,46.589840293283,44.338721664566165,45.24303570560874,430407,45.24303570560874
DOW,2013-04-24,44.99480997284996,46.587750888239206,44.79392295092414,45.26531852186331,321565,45.26531852186331
DOW,2013-04-25,45.061723651754086,46.30249840763746,43.96587957222162,45.05831757531752,1509320,45.05831757531752
DOW,2013-04-26,45.095615168901155,45.88908333127356,44.10774512155598,44.779934595487596,1489353,44.779934595487596
DOW,2013-04-29,45.78061267613848,46.346887827369336,44.58007196838934,45.37503681223901,508215,45.37503681223901
DOW,2013-04-30,45.877289005513354,46.30810833419538,45.003410187542585,45.44820804404244,1634664,45.44820804404244
DOW,2013-05-01,44.78602315431439,44.80621995193541,43.482511563545195,44.7579345619107,526645,44.7579345619107
DOW,2013-05-02,44.479447893803176,45.322520332019245,43.75939175192853,44.38600616687237,1036779,44.38600616687237
DOW,2013-05-03,44.964067634033874,45.710239919924824,44.18859708223373,44.89085983109372,340402,44.89085983109372
DOW,2013-05-06,45.00815812503299,45.8898692747425,44.97248548442308,45.03880938102171,1299117,45.03880938102171
DOW,2013-05-07,45.52535459347495,46.63633636188581,45.19186564088368,45.844210416010434,1038667,45.844210416010434
DOW,2013-05-08,46.024898604964804,46.6202176845708,44.858137903178786,46.428399761035465,1636394,46.428399761035465
DOW,2013-05-09,46.127212355233624,47.149239239339806,45.448055261309385,46.18574086983917,745495,46.18574086983917
DOW,2013-05-10,46.87901209853861,47.685221549455605,46.57486611538392,47.17511359101473,582335,47.17511359101473
DOW,2013-05-13,48.61624283301204,49.36925228246769,47.55508814137415,48.243176664102876,889552,48.243176664102876
DOW,2013-05-14,47.276024157886575,47.794623857103666,46.122241498816415,47.02986987084153,63164,47.02986987084153
DOW,2013-05-15,47.18167377330845,47.212813494305855,46.18997643571725,47.07020521620446,1115835,47.07020521620446
DOW,2013-05-16,46.292392494206695,47.943700595548336,45.413305440657254,46.71524772825302,1341539,46.71524772825302
DOW,2013-05-17,46.67158052456929,46.87982927083145,45.18888962597422,46.55775109326177,1631048,46.55775109326177
DOW,2013-05-20,46.14016689414474,46.94601376247181,45.65670431865021,46.02871370441765,1574359,46.02871370441765
DOW,2013-05-21,45.36794584918263,46.62660850703295,44.838343712796856,45.42317019690745,225165,45.42317019690745
DOW,2013-05-22,46.183658483528625,46.490312317839624,45.02833696015624,46.03840456322292,769245,46.03840456322292
DOW,2013-05-23,45.60794463487071,46.171678988305366,44.781171787656206,45.28379010492618,1215058,45.28379010492618
DOW,2013-05-24,45.597140731696115,46.11384568182499,44.42233425567983,45.363079170131485,1431686,45.363079170131485
DOW,2013-05-27,44.47898138791763,44.62174271381785,43.469372582777915,44.50262634273724,437277,44.50262634273724
DOW,2013-05-28,45.13108907511981,45.92283433735906,44.78062751305767,45.346681256791804,1622002,45.346681256791804
DOW,2013-05-29,45.36430743181728,46.03724991380181,45.104519121442884,45.38442426261877,325755,45.38442426261877
DOW,2013-05-30,46.3047216842004,46.34166914599574,45.38001468427308,45.895361826542974,425722,45.895361826542974
DOW,2013-05-31,46.338217136973206,47.0168084797056,45.745391117056684,46.04355078934291,1346552,46.04355078934291
DOW,2013-06-03,45.45901445009492,46.02231174059218,44.59397501976489,45.89312700179579,1099691,45.89312700179579
DOW,2013-06-04,46.21692650297247,47.45433293699608,44.677135474312735,45.95684454022649,1255403,45.95684454022649
DOW,2013-06-05,46.68057747682501,47.90671970869058,46.12725243750651,46.990188651712835,1748474,46.990188651712835
DOW,2013-06-06,46.46755742634141,46.546218078251094,45.36584791678656,46.40156388508329,62287,46.40156388508329
DOW,2013-06-07,45.01091566917025,46.12769457540739,44.43801927299085,44.736664225830445,1531918,44.736664225830445
DOW,2013-06-10,44.301327347037066,44.781907414326696,43.39503446286115,44.247090658897626,588150,44.247090658897626
DOW,2013-06-11,43.412342050934214,43.79037860766243,42.983436410532114,43.495975481009054,806488,43.495975481009054
DOW,2013-06-12,43.970079939328606,44.463971036897824,43.38026456207128,44.12782133514837,1529763,44.12782133514837
DOW,2013-06-13,43.861440599874506,44.82266307431581,43.62127919613541,44.03308133905653,397612,44.03308133905653
DOW,2013-06-14,44.88270563224127,44.99251512302373,44.357558832839956,44.58184283283021,1521342,44.58184283283021
DOW,2013-06-17,44.910226622519616,44.98937434398891,43.37296937631623,44.62015022453238,1128683,44.62015022453238
DOW,2013-06-18,44.9322047832853,45.77807112467264,43.6994171339256,44.64347165861037,600282,44.64347165861037
DOW,2013-06-19,44.57286925003184,46.086128494954956,44.40021063050958,44.76740240470214,1768484,44.76740240470214
DOW,2013-06-20,46.02943887530131,46.69699703468504,44.9377642613696,45.755893878935765,570034,45.755893878935765
DOW,2013-06-21,45.47257766210069,46.46699312020637,44.81077341838759,45.89792767264506,1301798,45.89792767264506
DOW,2013-06-24,46.386059727572885,47.985881906884046,45.24961581140442,46.659994712820414,750636,46.659994712820414
DOW,2013-06-25,47.40449225305808,47.7472133370877,46.75479015791398,47.39074610341181,811552,47.39074610341181
DOW,2013-06-26,47.209309785006994,47.6388331494955,46.16779914047186,47.29752329594561,1735564,47.29752329594561
DOW,2013-06-27,46.898750327941976,48.549064003246905,46.65848837429381,47.26563730566378,424035,47.26563730566378
DOW,2013-06-28,46.595253208931396,47.93895976128173,45.47730920803653,47.02627681923724,317065,47.02627681923724
DOW,2013-07-01,48.03432200702385,48.11182604132895,47.007337191633134,47.927758340035666,667059,47.927758340035666
DOW,2013-07-02,47.121040050586295,48.25380028113372,45.84180839704925,47.297477345655686,286234,47.297477345655686
DOW,2013-07-03,46.36990697446027,47.9750861164732,45.796750000281044,46.82319130451354,610349,46.82319130451354
DOW,2013-07-04,46.59018902527084,47.03810684631392,46.509083050578674,46.65467079077517,517643,46.65467079077517
DOW,2013-07-05,45.72579421076056,46.43047452380987,44.59155113499371,45.90319434318689,302307,45.90319434318689
DOW,2013-07-08,45.599440735990804,45.86985903266435,44.19075090428655,45.529682569501915,989605,45.529682569501915
DOW,2013-07-09,46.7017154010739,47.58906611790409,45.501413675077764,46.303676073445324,248231,46.303676073445324
DOW,2013-07-10,46.581621995708694,47.69306910777642,46.230045099246354,46.7613104337693,1655561,46.7613104337693
DOW,2013-07-11,46.95786266278162,47.05441154755776,46.46083845593159,46.4955697495627,1185039,46.4955697495627
DOW,2013-07-12,46.668629401747324,48.01497675837506,45.340364233700996,47.058229331907526,861661,47.058229331907526
DOW,2013-07-15,48.119046116051045,49.476987433767306,47.81006682123575,48.51856920449218,538611,48.51856920449218
DOW,2013-07-16,48.96619387937652,49.01780590046617,47.8350460795572,48.75852164638674,545756,48.75852164638674
DOW,2013-07-17,50.03967537537725,50.87339152506688,48.527953482548504,49.79207748818392,857168,49.79207748818392
DOW,2013-07-18,50.35245140681194,51.359075843694654,49.132368946356465,50.43024389541974,380230,50.43024389541974
DOW,2013-07-19,50.02053783076368,50.88377045007799,49.906316576637174,50.23549794115595,748737,50.23549794115595
DOW,2013-07-22,50.69565125518732,52.06643709131627,50.11105386381402,50.39930127474832,1390578,50.39930127474832
DOW,2013-07-23,51.26881397619258,51.773867142742375,49.756194683597776,50.80522750850819,1237719,50.80522750850819
DOW,2013-07-24,50.772396438749205,50.87472064681083,50.189536948641894,50.27975350996417,412001,50.27975350996417
DOW,2013-07-25,48.56389335387818,49.542727269795336,47.13357583125748,48.433651313130945,831363,48.433651313130945
DOW,2013-07-26,48.10075406392928,48.97410057930354,46.897941094888985,47.870864070040994,1586325,47.870864070040994
DOW,2013-07-29,46.71473352120406,48.10084166396692,45.93229217315449,46.41558821600772,1091465,46.41558821600772
DOW,2013-07-30,46.20574989578414,46.526383073172525,45.93040042743334,45.931200902917496,190344,45.931200902917496
DOW,2013-07-31,45.268996780847665,45.806105804009974,44.108049437487836,44.82665425741511,1799371,44.82665425741511
DOW,2013-08-01,45.70194094283873,46.33424529818052,45.16202540913838,45.41994498979861,841409,45.41994498979861
DOW,2013-08-02,44.81128915490545,45.96944752616385,44.553321585828094,44.66605975807205,737112,44.66605975807205
DOW,2013-08-05,44.925941226561854,45.59757199554563,43.59113996985942,45.037439569299664,1481231,45.037439569299664
DOW,2013-08-06,45.64781738361161,46.705223954940934,44.5866903008436,45.558534859037735,1283722,45.558534859037735
DOW,2013-08-07,46.39246769940175,46.61089651052555,44.79957294747008,46.04221586091706,1167890,46.04221586091706
DOW,2013-08-08,44.655965500077826,45.38149715198661,44.35595812629303,44.83037352884987,1124680,44.83037352884987
DOW,2013-08-09,45.155722683099505,45.79554670019554,44.569218157331065,45.58361373594103,131608,45.58361373594103
DOW,2013-08-12,45.72169524450603,47.187419587235404,44.48111926594324,45.88027379695514,1299557,45.88027379695514
DOW,2013-08-13,46.86388319281937,47.11379511926313,45.62946897226945,46.43645415216256,1775873,46.43645415216256
DOW,2013-08-14,47.98354621147118,48.586804087759724,47.007434775304304,47.70298817401472,1412326,47.70298817401472
DOW,2013-08-15,47.972253738225376,48.39344830666692,47.537267404132386,48.27431590286986,924931,48.27431590286986
DOW,2013-08-16,47.0096798842486,48.785241218940875,46.698688619549564,47.47301558982032,137814,47.47301558982032
DOW,2013-08-19,48.105674851167294,49.005951534936976,46.63159299843154,47.9435112796632,1097924,47.9435112796632
DOW,2013-08-20,47.003114298552454,48.36026755007609,46.20763060129108,46.928958356335094,519136,46.928958356335094
DOW,2013-08-21,46.513571834064486,46.964256803094116,45.342997474299096,46.904774557486505,330454,46.904774557486505
DOW,2013-08-22,47.01665800668333,47.26346514810388,46.23769303677278,46.58251232116222,1467164,46.58251232116222
DOW,2013-08-23,46.717656882040025,47.25030660249063,46.12919546860675,46.607855110272936,668408,46.607855110272936
DOW,2013-08-26,45.75589078689349,46.60881706079644,45.23856879775801,45.6176501648701,853560,45.6176501648701
DOW,2013-08-27,45.039322659772225,45.484560243759866,43.48197111446827,44.72304327015077,626323,44.72304327015077
DOW,2013-08-28,44.30560280401179,45.399748765204414,43.65474190796762,44.45045504104619,248856,44.45045504104619
DOW,2013-08-29,44.37660202924043,44.596438674797525,44.11297311535379,44.32496080382123,1128725,44.32496080382123
DOW,2013-08-30,44.13699011693589,44.932298812431,43.690848028773786,44.06983797235735,58553,44.06983797235735
DOW,2013-09-02,45.44447296242812,45.9870338585124,44.83689382550371,45.0236320692554,542735,45.0236320692554
DOW,2013-09-03,44.984805050731,46.009803364972434,43.913408068800756,45.31881696828975,988146,45.31881696828975
DOW,2013-09-04,45.83391559697904,46.617171006250196,44.62232549082487,45.597798276382946,691302,45.597798276382946
DOW,2013-09-05,45.432102919806184,45.51373879370008,44.60354673529798,45.36391985178785,130222,45.36391985178785
DOW,2013-09-06,44.78315133027513,46.02457288004336,43.83982279109701,44.475930255526656,182230,44.475930255526656
DOW,2013-09-09,44.786303346282125,45.84248776789572,43.49276753457989,44.49092654597501,751259,44.49092654597501
DOW,2013-09-10,45.243528687916665,46.29589641522412,44.40367852307895,45.68942983379867,79179,45.68942983379867
DOW,2013-09-11,45.633036965511366,46.60954859566455,45.20460121000916,45.8563991995801,1129780,45.8563991995801
DOW,2013-09-12,46.32288470056019,46.66599853838354,45.830075919414284,46.6204937620442,1246976,46.6204937620442
DOW,2013-09-13,47.44770019015304,48.19339974499783,46.181520001453244,47.48406287028622,1660745,47.48406287028622
DOW,2013-09-16,48.27776132354164,48.895208701381094,47.86903956010418,47.88958039370565,1742402,47.88958039370565
DOW,2013-09-17,47.58592571184217,48.60168333229231,46.96171050973597,48.06173102712379,1456648,48.06173102712379
DOW,2013-09-18,47.386434735563974,48.55700090045367,46.65227061701901,47.39762818241675,54803,47.39762818241675
DOW,2013-09-19,47.63726370261752,47.89725508471014,47.22700324828807,47.27345341196083,80603,47.27345341196083
DOW,2013-09-20,47.44660467652526,47.697564357827055,45.832265571825374,47.045576481396786,1307204,47.045576481396786
DOW,2013-09-23,47.43858322496358,48.18101293406232,46.64242277698118,47.28981080117261,1228126,47.28981080117261
DOW,2013-09-24,46.654863438713896,47.616621483646355,46.07815353484747,46.34918841126171,267546,46.34918841126171
DOW,2013-09-25,45.84614679086532,46.03900565321288,45.019408299341144,46.00803231500886,1291911,46.00803231500886
DOW,2013-09-26,46.09831796660099,47.054619736002934,45.733640662020875,46.29650453405797,1114032,46.29650453405797
DOW,2013-09-27,45.43269900943757,46.25694721137484,45.29526001884958,45.84612131658914,1025885,45.84612131658914
DOW,2013-09-30,45.262801557363396,46.29055889594201,44.257377269482774,45.2599025492053,815082,45.2599025492053
DOW,2013-10-01,44.72211115256399,45.391276225168404,43.7044059065779,44.76165179408493,996051,44.76165179408493
DOW,2013-10-02,44.48876981727382,45.71909745487188,43.635500395582085,44.60302895883537,1555957,44.60302895883537
DOW,2013-10-03,42.774504758750865,43.621255321050064,42.0282284683211,43.107871639153366,533943,43.107871639153366
DOW,2013-10-04,42.43155587544286,43.71981647320781,41.29996276227399,42.66127561719691,991185,42.66127561719691
DOW,2013-10-07,43.01497958403716,44.201555687389735,42.022996955695014,43.27142716417408,885587,43.27142716417408
DOW,2013-10-08,43.87839684139871,44.968675030531145,43.3268056585255,43.492213470909654,442944,43.492213470909654
DOW,2013-10-09,44.183459174952596,45.26032556603548,43.20589726816887,43.775072473500686,1617895,43.775072473500686
DOW,2013-10-10,42.224447938448556,43.27028377192459,41.29697141768536,42.648009541126356,180696,42.648009541126356
DOW,2013-10-11,42.13022446875445,42.877982505048344,42.058933482229634,42.4096635221371,1496546,42.4096635221371
DOW,2013-10-14,42.684663494215044,43.664461995934076,42.068550957711125,42.35532475317789,1111053,42.35532475317789
DOW,2013-10-15,42.26430386366341,43.120833977987864,41.45591073968305,42.658175255196475,907031,42.658175255196475
DOW,2013-10-16,43.75213792265762,43.86947665497792,43.06234539556614,43.36751016307582,193016,43.36751016307582
DOW,2013-10-17,43.883502943376435,45.12241173267416,43.35170372803754,43.98901970902111,637903,43.98901970902111
DOW,2013-10-18,43.668586801693124,44.18893937220883,43.220929960343724,43.63482587142392,687383,43.63482587142392
DOW,2013-10-21,43.52629922751102,43.699452004700916,42.41644938905319,43.29784281772583,504733,43.29784281772583
DOW,2013-10-22,43.98386087570267,45.0677295835046,42.94077759967221,44.21030153870058,1496321,44.21030153870058
DOW,2013-10-23,43.64632727916717,45.17215562783032,42.668973383288375,43.997715910349015,1480129,43.997715910349015
DOW,2013-10-24,43.59877499106975,44.724886251827904,42.13911448396493,43.330172809904845,1048985,43.330172809904845
DOW,2013-10-25,43.6363643679575,44.362185672712734,42.53166514451253,43.21747774374238,262092,43.21747774374238
DOW,2013-10-28,44.228206022528205,44.345062847770464,43.30285808063375,44.08820127738504,205859,44.08820127738504
DOW,2013-10-29,43.814381121976844,44.73001810955588,42.22861248594431,43.53123281844715,740368,43.53123281844715
DOW,2013-10-30,43.66073304377991,44.45819026418383,43.09225601343134,43.27874412149909,1299506,43.27874412149909
DOW,2013-10-31,42.52551094390961,43.027179839625255,42.119650723520785,42.75761657660801,1057955,42.75761657660801
DOW,2013-11-01,43.241671840906186,44.54316567561346,42.523956714267705,43.37143400669089,121499,43.37143400669089
DOW,2013-11-04,43.32514287482324,43.683266817726214,43.282278571162585,43.569983461386315,1105729,43.569983461386315
DOW,2013-11-05,43.78875602239545,44.67030753456808,43.71064775465394,44.17592819485263,536539,44.17592819485263
DOW,2013-11-06,45.41700553795721,45.54580778387841,43.97975724001133,45.20699571846226,779766,45.20699571846226
DOW,2013-11-07,43.93135483961926,45.4553793935852,43.42413119920232,44.24491180111513,1782793,44.24491180111513
DOW,2013-11-08,43.4216846529301,43.82476611624702,43.18332889173558,43.77829441159745,677010,43.77829441159745
DOW,2013-11-11,43.39752676625344,44.07734244640225,42.3207714406645,43.52144549061126,1488534,43.52144549061126
DOW,2013-11-12,43.19912706306485,44.70891082266992,42.06898874592139,43.58216538522756,716838,43.58216538522756
DOW,2013-11-13,43.638733990574316,44.251434282617026,42.66966317272274,43.9202113189603,1708954,43.9202113189603
DOW,2013-11-14,43.25066291714281,43.76333456295329,42.316021902708044,43.62589692820153,1130728,43.62589692820153
DOW,2013-11-15,43.533889601508236,43.699759378007975,43.16247404977091,43.20786225136711,1237443,43.20786225136711
DOW,2013-11-18,44.07351735752757,44.608924774627866,43.539672398144624,43.82831163715882,871587,43.82831163715882
DOW,2013-11-19,44.511767701934126,45.08407578679767,42.94738147074353,44.19399975546087,1479040,44.19399975546087
DOW,2013-11-20,44.74153077679293,45.70536661858232,44.129848441209916,44.41434709218393,855182,44.41434709218393
DOW,2013-11-21,43.45479256514803,43.76496678741524,41.99892028267375,43.07187578843579,584766,43.07187578843579
DOW,2013-11-22,43.574126553744804,44.77217119296256,42.733897945021454,43.84892375499941,1502541,43.84892375499941
DOW,2013-11-25,44.335282818256466,45.66397929505468,43.08419268833527,43.98340758421859,1017450,43.98340758421859
DOW,2013-11-26,43.91970510232983,45.058434406537025,42.939498340465356,43.897722086951326,1535253,43.897722086951326
DOW,2013-11-27,43.107219194648124,44.224368912844646,42.21329362457646,43.39691003826786,971285,43.39691003826786
DOW,2013-11-28,43.1518643868931,44.36863369032277,42.70063208476551,43.01784369142359,1704246,43.01784369142359
DOW,2013-11-29,42.33599642839216,43.74614546637618,41.40446127906642,42.48298712013194,236216,42.48298712013194
DOW,2013-12-02,40.9129393981226,41.993796199561245,40.66835050975595,41.28744169831201,1728393,41.28744169831201
DOW,2013-12-03,40.473509672111206,41.15254698987514,39.36981768809852,40.81748022252124,600521,40.81748022252124
DOW,2013-12-04,39.83765318864887,40.99372007373041,39.353828768468055,39.898525583971036,1544649,39.898525583971036
DOW,2013-12-05,40.13980767450791,41.156382152465255,39.715504936685264,39.87940826046047,1581144,39.87940826046047
DOW,2013-12-06,39.087290767060956,39.33517262299022,38.00765738960783,39.235579466754686,697892,39.235579466754686
DOW,2013-12-09,39.879601541379934,40.99986904139505,39.23396214538274,39.6684654491577,1574689,39.6684654491577
DOW,2013-12-10,38.39452253952026,39.164327391028934,37.83198529053015,38.73872075082182,648912,38.73872075082182
DOW,2013-12-11,39.34697418226604,39.81178132888487,38.55839133442703,39.43077838609574,1373249,39.43077838609574
DOW,2013-12-12,39.62997715678004,40.338661087240865,38.56076973098111,39.927484627799885,1065537,39.927484627799885
DOW,2013-12-13,39.61699160248749,39.99733648939404,38.94929221650796,39.33101708669816,836507,39.33101708669816
DOW,2013-12-16,39.66065790079506,40.27463484417875,38.47882789735683,39.29292468641057,147984,39.29292468641057
DOW,2013-12-17,38.689519189835664,39.50021853598456,37.92221205008135,38.82492833994961,521387,38.82492833994961
DOW,2013-12-18,39.55025850744224,40.055278254844204,38.835475816832464,39.16730980173402,1724770,39.16730980173402
DOW,2013-12-19,40.42103132646126,40.92133733507047,40.15215153943253,40.21808478945312,1563177,40.21808478945312
DOW,2013-12-20,40.52018278730876,41.83377081402709,39.710148810747285,40.92845732859366,887455,40.92845732859366
DOW,2013-12-23,40.526803618170135,40.54242687071098,40.2188806487849,40.53874489265394,1747275,40.53874489265394
DOW,2013-12-24,40.89368674059187,42.055337090723135,40.56936919357727,40.62224835947973,1505959,40.62224835947973
DOW,2013-12-25,41.57277547093316,42.463805170196004,40.42021533785968,41.54462866825876,913903,41.54462866825876
DOW,2013-12-26,41.919862101597815,42.80929995567452,41.286534275280445,41.878016937592065,611925,41.878016937592065
DOW,2013-12-27,42.46781360385821,43.050440536797254,41.20800294272171,42.5122817711563,807872,42.5122817711563
DOW,2013-12-30,42.84220985610269,44.176238866225695,42.617517071347336,42.932334383143456,64828,42.932334383143456
DOW,2013-12-31,42.590445393733845,42.99727138841694,41.67929611443834,42.99685445005093,1459373,42.99685445005093
DOW,2014-01-01,43.07526900069196,43.17410272012096,42.110507589938706,42.97065002532872,923212,42.97065002532872
DOW,2014-01-02,42.46542224650476,43.489770150892625,41.84382050131608,42.240091350159794,538214,42.240091350159794
DOW,2014-01-03,42.033116533216656,42.96461353981443,41.526273560329535,41.79058251131265,875048,41.79058251131265
DOW,2014-01-06,41.36733401243635,41.70409161581461,40.5217005350591,41.26447311958924,1149992,41.26447311958924
DOW,2014-01-07,40.9408648732761,41.804069527639335,40.53004794166455,41.071243688452924,706883,41.071243688452924
DOW,2014-01-08,40.7539868284368,41.80361793561204,40.70062487614774,41.146848986003874,1066449,41.146848986003874
DOW,2014-01-09,41.42418067539987,42.079239567354435,40.959413321825735,41.09885891987799,665113,41.09885891987799
DOW,2014-01-10,41.18543490417755,41.980862463126265,40.81636494313176,41.243963207350845,975694,41.243963207350845
DOW,2014-01-13,41.74363184257535,42.988095454199446,41.58817619356996,41.65933380679636,1284612,41.65933380679636
DOW,2014-01-14,41.172616421166765,42.65272396807729,41.019377766717064,41.4256808722451,111850,41.4256808722451
DOW,2014-01-15,41.58767058683347,43.12123244874777,41.24957414470505,41.887623065398294,1340347,41.887623065398294
DOW,2014-01-16,42.24895947259868,43.302234133284095,42.1440735903778,42.60099903697397,1411799,42.60099903697397
DOW,2014-01-17,43.131215395538455,43.542808681861736,42.640142440760926,42.875024088129784,195512,42.875024088129784
DOW,2014-01-20,42.67963011153581,43.39678878940177,41.91953049572607,42.55497746448096,1589626,42.55497746448096
DOW,2014-01-21,43.2643936908562,44.07260089454375,42.51536693318483,43.15980948019603,1434736,43.15980948019603
DOW,2014-01-22,43.84463826452435,44.254284948490444,42.1869993372811,43.479930565548514,891130,43.479930565548514
DOW,2014-01-23,43.589358728622294,44.722089655916264,42.321234962015055,43.88893384774106,175650,43.88893384774106
SQM,2010-01-04,36.52681388462795,37.060252278839094,35.43247459625429,36.178551365865,460482,36.178551365865
SQM,2010-01-05,37.61486275779549,37.700488991525134,36.53080266176033,37.24866592714475,1727328,37.24866592714475
SQM,2010-01-06,40.141184631932745,40.648152537766336,39.222422549628895,39.99786506134742,553494,39.99786506134742
SQM,2010-01-07,40.75264942054272,41.24840519064172,39.834112461231186,41.025343498777644,1201213,41.025343498777644
SQM,2010-01-08,40.06938212506933,40.725444233924115,40.03053061333719,40.38199968688097,106044,40.38199968688097
SQM,2010-01-11,41.50821099276947,42.54537589460033,40.25313486065571,41.16045014755234,321663,41.16045014755234
SQM,2010-01-12,41.825022320875156,42.49668018767973,40.95741440601675,41.50900721695887,655916,41.50900721695887
SQM,2010-01-13,40.51863411458852,41.67971690238035,39.593137185452846,40.66878242008608,1308608,40.66878242008608
SQM,2010-01-14,40.64710724211815,41.848993057910704,40.01136909627303,40.29927497642683,1330416,40.29927497642683
SQM,2010-01-15,38.483033438412455,39.403667386789635,37.59294183189228,38.76951972072625,1596021,38.76951972072625
SQM,2010-01-18,37.22119762613399,38.397683630882675,36.790907588013546,37.374814640941324,1324112,37.374814640941324
SQM,2010-01-19,36.94336638516595,37.70085239766676,36.65368864766544,36.837182198448836,1018758,36.837182198448836
SQM,2010-01-20,36.709352414740984,37.06561964556908,35.907215061556364,36.95274546013115,1441030,36.95274546013115
SQM,2010-01-21,38.15973153847863,38.63813884139454,37.567031225615374,37.790096275274934,1589894,37.790096275274934
SQM,2010-01-22,37.32533501811436,38.27556710664114,36.309138714851535,37.53359561449282,1501614,37.53359561449282
SQM,2010-01-25,36.64679186327545,37.61374809657838,35.67536445179723,36.834411166320024,1019852,36.834411166320024
SQM,2010-01-26,38.39941031338254,39.41090580700742,37.708893445936866,38.41892983124112,1270631,38.41892983124112
SQM,2010-01-27,37.7295844377892,38.45092651346609,36.85302074118618,37.520595039462464,409879,37.520595039462464
SQM,2010-01-28,36.48558041089583,36.86399843328546,35.95633573292864,36.76463047237483,736875,36.76463047237483
SQM,2010-01-29,36.543936704103785,36.70009953745238,35.355187601476054,36.42196347732226,639915,36.42196347732226
SQM,2010-02-01,37.36787247918718,38.040737622247676,36.37815474586063,37.669703696822054,1385791,37.669703696822054
SQM,2010-02-02,37.955943172346714,38.60366936981851,36.82896477043344,38.266112068027056,445826,38.266112068027056
SQM,2010-02-03,37.45102594081259,38.04899522698139,37.399930233204415,37.797709973701544,564941,37.797709973701544
SQM,2010-02-04,37.69232967493268,38.390349633297994,36.882972626822436,37.65872404387095,1289751,37.65872404387095
SQM,2010-02-05,37.54013880074303,38.07283684967768,37.18884198670622,37.58827503603928,311276,37.58827503603928
SQM,2010-02-08,36.081648764385314,36.96553852602925,35.65780553368265,36.221204955229744,1724898,36.221204955229744
SQM,2010-02-09,36.54486545754322,36.96911733482133,36.223409666302274,36.52506058298225,785324,36.52506058298225
SQM,2010-02-10,36.53559697986679,36.83600932087867,36.40584893077522,36.534246106254024,1225930,36.534246106254024
SQM,2010-02-11,36.369224811890156,36.98915321801454,35.53253037461929,36.38823301816382,110110,36.38823301816382
SQM,2010-02-12,36.38099639847619,36.72720202193223,35.75424498518638,36.62089879809188,1482030,36.62089879809188
SQM,2010-02-15,37.545738860823725,38.65933609328217,36.49954694806083,37.25001061175658,767828,37.25001061175658
SQM,2010-02-16,37.31736453487138,38.05135597106092,36.20325920446636,37.22799898264936,660736,37.22799898264936
SQM,2010-02-17,36.837690559155156,37.25036653827602,35.76784174103803,37.114347262999324,763819,37.114347262999324
SQM,2010-02-18,37.56851362666939,38.458091423870876,37.30341811742984,37.75315477661739,181382,37.75315477661739
SQM,2010-02-19,37.02565067959158,37.10832769572928,35.86861693296647,36.83075316558608,543613,36.83075316558608
SQM,2010-02-22,36.04316892288102,36.59054850344452,34.78618088780064,35.845009480117426,1171422,35.845009480117426
SQM,2010-02-23,35.885874779881604,36.199011007023294,35.12270839314843,35.724585631437925,1095241,35.724585631437925
SQM,2010-02-24,36.523517193026585,37.29134703004661,35.57425910605011,36.31256568637225,211223,36.31256568637225
SQM,2010-02-25,36.3332770138912,36.86418466567234,35.24611054281732,36.262056560148686,1313839,36.262056560148686
SQM,2010-02-26,36.91050811137545,37.941004304043,35.86032099972608,37.067101181401725,187382,37.067101181401725
SQM,2010-03-01,36.77747161620441,37.13668761872316,36.68165469905721,36.882466223972656,1447734,36.882466223972656
SQM,2010-03-02,38.197513409598194,38.94944566947592,38.12103513162957,38.190151503508446,439525,38.190151503508446
SQM,2010-03-03,37.88005745063328,38.859105340948204,37.291731537434316,38.073453134348775,273549,38.073453134348775
SQM,2010-03-04,38.916370132326094,39.47386704139164,38.46742255481208,38.64330592712065,256020,38.64330592712065
SQM,2010-03-05,39.47092059265181,40.48726402838731,39.041375750041176,39.276927885681154,387737,39.276927885681154
SQM,2010-03-08,40.04652006864478,40.22270179738993,39.16516634718676,39.665724268675454,1015278,39.665724268675454
SQM,2010-03-09,39.72462737248448,40.697434451674496,39.42764967484212,39.792069123688115,1718004,39.792069123688115
SQM,2010-03-10,39.92398890441586,40.082073143378075,39.547539696566815,39.630119293306805,337382,39.630119293306805
SQM,2010-03-11,40.23649481420703,40.42589335290952,39.49251671602221,40.01312101124847,391727,40.01312101124847
SQM,2010-03-12,41.21368670223903,41.46280746794766,40.34208784700665,40.9418833173133,858663,40.9418833173133
SQM,2010-03-15,42.22328642630536,43.06067138741136,40.80751907261299,42.0649971211932,338643,42.0649971211932
SQM,2010-03-16,41.3735865057934,42.29443338440388,40.80528998961886,41.49888417069572,1144644,41.49888417069572
SQM,2010-03-17,40.576093139284445,41.33053893912671,40.35394016888253,40.78497498936972,209018,40.78497498936972
SQM,2010-03-18,39.66648026289044,40.223860487165744,39.38338470450522,39.8479379954064,296821,39.8479379954064
SQM,2010-03-19,38.87151864198297,39.58610011772817,38.40701146914404,38.81951172394007,696798,38.81951172394007
SQM,2010-03-22,39.48369838338797,39.65449174665959,38.03947139614047,39.1861545906999,993513,39.1861545906999
SQM,2010-03-23,39.652692817336785,40.44171784299839,39.563907826652844,39.69311480169697,1366341,39.69311480169697
SQM,2010-03-24,40.870134112809495,40.884788309969544,40.09089962793001,40.78949397521003,1111414,40.78949397521003
SQM,2010-03-25,41.03734779353954,41.21520645879805,40.32131247207559,40.84634949080529,1356546,40.84634949080529
SQM,2010-03-26,40.84696582766551,41.71446491971196,39.82596138739762,40.55878315657724,1175220,40.55878315657724
SQM,2010-03-29,42.37152000601161,43.48246316884096,41.420843662001275,42.24606201695376,983219,42.24606201695376
SQM,2010-03-30,42.091396444027275,42.186859778309206,41.36642401544497,41.982823570229044,367344,41.982823570229044
SQM,2010-03-31,41.211383193333575,42.00111742243459,40.194685863023814,40.81337732380574,119743,40.81337732380574
SQM,2010-04-01,40.53664043703889,40.6119241354106,39.46790089311997,40.244932455859825,159931,40.244932455859825
SQM,2010-04-02,39.65491459537902,40.70057858620765,39.238391472544286,39.470651588972096,242659,39.470651588972096
SQM,2010-04-05,40.56708957035706,41.043750766899905,39.1517540037331,40.299547189265205,286017,40.299547189265205
SQM,2010-04-06,40.02434918882356,40.91430176900424,38.578428002096736,39.628150866562365,125059,39.628150866562365
SQM,2010-04-07,40.901708685163165,41.11368442190717,39.77138846200175,40.89703055727446,1424819,40.89703055727446
SQM,2010-04-08,41.10907501790961,42.1713545234792,40.40649542071293,40.94078136374457,818771,40.94078136374457
SQM,2010-04-09,41.452950565463816,41.986661937039656,40.46869606891555,41.19473278684522,1267292,41.19473278684522
SQM,2010-04-12,41.993969795972774,42.30431142686889,41.30364447620072,42.04089506468009,205706,42.04089506468009
SQM,2010-04-13,43.415888986952936,44.161490710521264,42.47811524930267,43.02442090573394,1267972,43.02442090573394
SQM,2010-04-14,42.67847682887348,43.14906988907559,41.81291652495106,42.779250085422845,1510728,42.779250085422845
SQM,2010-04-15,43.5944001777846,44.19692268563707,42.52606674131155,43.81957014866625,768224,43.81957014866625
SQM,2010-04-16,44.1836718494265,44.3355029169642,43.112174805907195,44.0277330911759,333078,44.0277330911759
SQM,2010-04-19,44.099199202532255,44.75747390863677,44.0912457206271,44.4720997039281,1737929,44.4720997039281
SQM,2010-04-20,42.63310076472745,43.9819826614943,42.572590040148,42.95384354087153,349564,42.95384354087153
SQM,2010-04-21,44.00211590239221,44.69327285052385,43.535221015767505,43.59193170184329,1563774,43.59193170184329
SQM,2010-04-22,42.50623972138022,43.147277695250544,41.266286607056415,42.692678060699215,75805,42.692678060699215
SQM,2010-04-23,43.55474593125389,45.19105545830526,42.364984166520856,43.96525174813185,1039023,43.96525174813185
SQM,2010-04-26,45.98594308480721,47.109892485073416,44.66942460414994,46.009275751788664,392639,46.009275751788664
SQM,2010-04-27,45.06198566551991,45.48143006164186,44.485697708886235,44.73333499741811,214592,44.73333499741811
SQM,2010-04-28,46.02952732766272,46.33690893368341,46.01760806679747,46.1834884684861,542953,46.1834884684861
SQM,2010-04-29,46.64511836477731,46.978879308149324,46.00559734719027,46.72050304147664,1324735,46.72050304147664
SQM,2010-04-30,45.88564510926371,47.13857478139602,45.47381900354145,46.20273566599582,380875,46.20273566599582
SQM,2010-05-03,44.47070690160815,45.3615354288059,43.606493920325505,44.6080167761161,1761774,44.6080167761161
SQM,2010-05-04,42.10384331650543,43.34267863555902,41.421951830685465,41.715544097860914,693387,41.715544097860914
SQM,2010-05-05,43.0973923816664,43.11483904564029,42.33336214281543,42.77469011957876,1427792,42.77469011957876
SQM,2010-05-06,44.143927494306936,45.30508043332816,43.67084647816041,43.933179372764705,843773,43.933179372764705
SQM,2010-05-07,43.65737720573366,43.67606589356398,42.757786823102144,43.408888942676214,787057,43.408888942676214
SQM,2010-05-10,42.82422351271792,43.36992304057368,41.647697673602195,42.67966939732869,530473,42.67966939732869
SQM,2010-05-11,42.385862296372444,43.8867106005024,41.71920469997409,42.71222433118765,1793541,42.71222433118765
SQM,2010-05-12,42.322356481443954,43.49108115910167,41.4489407684468,42.648665012587486,346634,42.648665012587486
SQM,2010-05-13,43.58964616687387,44.35242095309162,43.15753518049275,43.5572510153005,452013,43.5572510153005
SQM,2010-05-14,43.64754700105139,44.05805127143172,42.436303550057566,43.564381800568874,365432,43.564381800568874
SQM,2010-05-17,44.921436903313136,46.22343198291087,43.60957227422252,44.5015011585771,204674,44.5015011585771
SQM,2010-05-18,43.82486008947392,44.089084808023756,42.5187615663757,43.867696096671736,373076,43.867696096671736
SQM,2010-05-19,44.441059683262985,44.800882307354286,43.82915840788899,44.07306925520376,1294041,44.07306925520376
SQM,2010-05-20,45.1733257520682,45.7871712548747,43.938295811965645,44.734626319713264,374261,44.734626319713264
SQM,2010-05-21,44.7414892156271,44.91101358490477,44.13697285124164,44.435328703029484,1423090,44.435328703029484
SQM,2010-05-24,44.27638176699842,44.9297515951948,43.07773016762349,44.366018429450186,1651217,44.366018429450186
SQM,2010-05-25,46.51587079001401,46.57077297287826,45.161917245893925,46.28128207645813,466732,46.28128207645813
SQM,2010-05-26,47.7192831348729,49.042231685608726,47.46206250807856,47.675934446439385,968162,47.675934446439385
SQM,2010-05-27,46.21418459304003,46.94357871896988,45.65332011513982,46.49425019138906,1109493,46.49425019138906
SQM,2010-05-28,46.45767226987835,47.69424404809595,45.07216549526665,46.804303398184146,1140996,46.804303398184146
SQM,2010-05-31,44.50622889902933,46.064624640215484,44.37955759880902,44.89222765556011,1637575,44.89222765556011
SQM,2010-06-01,45.19061796000111,46.461320866572734,45.168245760863435,45.34803627172107,310329,45.34803627172107
SQM,2010-06-02,44.7078961639215,45.87932008701917,44.08702693954905,44.539748935585294,122241,44.539748935585294
SQM,2010-06-03,44.72434279678431,45.69080272493056,43.99500512108928,44.35719277288895,1730717,44.35719277288895
SQM,2010-06-04,44.76317025515085,45.18562071972282,43.59968706641328,44.924505344937536,640683,44.924505344937536
SQM,2010-06-07,45.22888230405802,45.726239729651915,44.88386656377498,45.20083839561128,822769,45.20083839561128
SQM,2010-06-08,44.401524405930104,45.11171318910416,43.20134387074624,44.42923782095374,415443,44.42923782095374
SQM,2010-06-09,42.85160554491101,43.626134464482796,42.709871852505266,43.1895524186557,1421196,43.1895524186557
SQM,2010-06-10,43.816382137080815,45.07202898724613,42.94191638837351,43.58947375052734,342718,43.58947375052734
SQM,2010-06-11,42.953136253770275,43.992821579584046,41.83025753001883,42.936501167291574,813736,42.936501167291574
SQM,2010-06-14,43.07163303113442,44.10399762158507,41.547352542273046,42.7151254510389,274756,42.7151254510389
SQM,2010-06-15,41.89599242812703,42.34985839224141,40.917767218547766,41.616786068565666,1298197,41.616786068565666
SQM,2010-06-16,39.45416562894065,40.52733113178251,38.276859707138144,39.62990577426211,363701,39.62990577426211
SQM,2010-06-17,40.0190880841972,40.90961627540238,39.972537935441615,40.169628271964015,1271000,40.169628271964015
SQM,2010-06-18,39.81253853053356,40.26068570188597,38.793327438263795,39.783110125409294,411139,39.783110125409294
SQM,2010-06-21,38.847495509350274,39.502929205082886,38.17098764507424,39.140938249312605,373574,39.140938249312605
SQM,2010-06-22,40.12759400157111,41.28270539129152,39.654093657968836,40.32833299382154,1449710,40.32833299382154
SQM,2010-06-23,41.30761651736327,42.0471880727482,40.64363175523814,41.044037456843455,249509,41.044037456843455
SQM,2010-06-24,41.1160177813693,41.44930557316435,40.57921876202543,41.40335358148435,186259,41.40335358148435
SQM,2010-06-25,41.538102344340246,41.56514245760299,40.47707370274523,41.49972206375134,1544176,41.49972206375134
SQM,2010-06-28,40.25590062840128,41.36044186772952,39.61800562444047,40.34145228644554,1271219,40.34145228644554
SQM,2010-06-29,40.586187865843556,40.940430808663145,39.761391045722604,40.83041015428799,1210181,40.83041015428799
SQM,2010-06-30,42.35044942304905,43.01030555254167,40.81006435444314,41.95625056333122,941706,41.95625056333122
SQM,2010-07-01,42.20883129233197,42.97956093261198,41.165596640266834,41.936142821015245,575730,41.936142821015245
SQM,2010-07-02,42.81332336484257,44.196017998674805,42.310908779175286,43.014041029029656,82012,43.014041029029656
SQM,2010-07-05,42.4776448970404,43.13332094956323,41.09886656698108,42.23665738654137,1275294,42.23665738654137
SQM,2010-07-06,40.51094335391244,41.15299984866883,39.49611677597435,40.91484013334698,1601456,40.91484013334698
SQM,2010-07-07,40.20990564061732,40.7054373950667,39.1076812636876,40.38958615830334,180351,40.38958615830334
SQM,2010-07-08,40.27552031413919,40.653274606022556,39.06860582577672,40.59377709229537,668432,40.59377709229537
SQM,2010-07-09,40.544928939359984,40.877094181959315,40.46761139904475,40.60658444025874,1657221,40.60658444025874
SQM,2010-07-12,40.47991128418279,41.46981539215632,40.17271504615988,40.36856438181643,664558,40.36856438181643
SQM,2010-07-13,40.57205898315617,41.76787559642923,39.63672521350151,40.84053575535418,51072,40.84053575535418
SQM,2010-07-14,40.544216028590334,40.85709910046244,40.030479924497655,40.756906957838446,303392,40.756906957838446
SQM,2010-07-15,39.47239469905845,40.126428680423246,39.23745768248032,39.5572814708163,757221,39.5572814708163
SQM,2010-07-16,40.09943945099661,40.46252702225452,39.234775271488196,39.99483223666951,807983,39.99483223666951
SQM,2010-07-19,39.3012094782349,40.219773522672575,38.99354077963495,39.45054846333427,1327852,39.45054846333427
SQM,2010-07-20,39.66345726385711,40.807359950928024,39.42713402366449,39.58310131077988,579455,39.58310131077988
SQM,2010-07-21,39.15712134500771,40.018653814978514,38.56818318264787,39.275536984057574,1424811,39.275536984057574
SQM,2010-07-22,37.92947881779458,38.966705751370746,37.80208443826182,38.11405670415791,902072,38.11405670415791
SQM,2010-07-23,38.6802601418101,39.142251200244196,37.49723762228188,38.40752837883307,1525521,38.40752837883307
SQM,2010-07-26,37.78994460465333,37.91574450163534,37.6782113758467,37.878599471520005,50280,37.878599471520005
SQM,2010-07-27,37.45103854976344,37.92078553639455,36.92354148593284,37.14026791161119,201012,37.14026791161119
SQM,2010-07-28,36.65555614358092,37.36254555379876,36.47968142954393,36.79864794528427,916073,36.79864794528427
SQM,2010-07-29,37.138128295634395,37.68704464612049,35.99812973175346,37.10631173902149,1227447,37.10631173902149
SQM,2010-07-30,36.80148245267929,37.393173534058874,36.43010916819941,37.133008808477776,1150416,37.133008808477776
SQM,2010-08-02,36.44246270560441,36.9617597855283,35.65864547057482,36.31154282556126,1552792,36.31154282556126
SQM,2010-08-03,36.254607253309416,37.035523692973506,35.61405649421623,36.04162094651168,967677,36.04162094651168
SQM,2010-08-04,36.76261530306535,37.1061360444741,35.41807033511064,36.4192447134187,734292,36.4192447134187
SQM,2010-08-05,36.6569645844468,37.35418298451292,35.57779178858357,36.41183182750025,254967,36.41183182750025
SQM,2010-08-06,35.53265683587067,35.83035090751131,34.84113759745034,35.666391684062745,378244,35.666391684062745
SQM,2010-08-09,36.2805446899194,36.58317468054307,35.93340004726614,36.23951958423335,324652,36.23951958423335
SQM,2010-08-10,37.451053092247086,38.444174024959345,36.88097017170164,37.38236383656944,1789371,37.38236383656944
SQM,2010-08-11,36.6525966008625,37.67558378882478,35.56910408031087,36.98040138839937,1681570,36.98040138839937
SQM,2010-08-12,36.60098831921836,37.011575438186995,35.87055226515533,36.91650859264236,1439340,36.91650859264236
SQM,2010-08-13,37.1863601718281,37.61262396859295,37.119380816981504,37.31636544095632,638658,37.31636544095632
SQM,2010-08-16,37.32024381552871,38.433090061332706,36.22491370071456,37.138692050893766,1380763,37.138692050893766
SQM,2010-08-17,37.42185987330045,37.88760697765776,36.565023398362406,37.58306592393851,302551,37.58306592393851
SQM,2010-08-18,36.814750763060374,37.45588954266966,35.78205779928346,36.54133009170327,1599418,36.54133009170327
SQM,2010-08-19,36.63532319507394,37.24018774040482,35.727196127633704,36.52939482269951,456058,36.52939482269951
SQM,2010-08-20,37.22834776577347,37.70175271133126,36.2474461104364,37.25208625221569,807470,37.25208625221569
SQM,2010-08-23,36.40760320852062,36.444496246744094,35.62797089526531,36.37809424384487,1759657,36.37809424384487
SQM,2010-08-24,36.13416605889159,36.56567264903654,35.63489786603366,36.256401606772265,635597,36.256401606772265
SQM,2010-08-25,35.61041705229654,36.62889198592977,34.932413871360936,35.276059506065394,1548076,35.276059506065394
SQM,2010-08-26,35.00114528651954,35.24974579461019,34.62613198588271,35.229463216232986,516848,35.229463216232986
SQM,2010-08-27,36.116103836598214,36.89153482657889,34.95691008454297,35.857644217061306,1406003,35.857644217061306
SQM,2010-08-30,35.74703758142993,36.70443221296098,35.20820169936218,35.620122579090264,1613924,35.620122579090264
SQM,2010-08-31,36.37516657003395,37.20712478772117,35.52462221641746,36.22190326352087,1303341,36.22190326352087
SQM,2010-09-01,37.28289092550347,37.64444127899638,36.83621672106702,37.03416146739442,1588706,37.03416146739442
SQM,2010-09-02,35.40795891832176,36.22437181625198,34.7306875660461,35.667458810386954,1173423,35.667458810386954
SQM,2010-09-03,35.25748277694555,36.17510902585703,35.09571282171771,35.1204002688313,296257,35.1204002688313
SQM,2010-09-06,34.33879551092226,35.34367681428053,33.7554858446482,34.15010239763222,1689424,34.15010239763222
SQM,2010-09-07,34.56567091104663,34.66628715628264,33.647419277794185,34.23386692234848,904194,34.23386692234848
SQM,2010-09-08,35.19699521481747,35.32829739103428,34.50150338079167,35.02358713916302,330736,35.02358713916302
SQM,2010-09-09,35.575057606726254,36.59514811847161,34.384922153539485,35.2565127439945,371449,35.2565127439945
SQM,2010-09-10,35.81587635740462,36.753490607777444,35.2257992274889,35.56709620757125,558213,35.56709620757125
SQM,2010-09-13,35.535910002152534,35.76093251366039,35.231818547446444,35.2708976589515,666492,35.2708976589515
SQM,2010-09-14,36.07560367793776,37.125516358878855,35.256673618549044,35.77727776551344,969194,35.77727776551344
SQM,2010-09-15,35.95821494218708,36.183675141947845,35.92757483781276,35.93582049255944,138882,35.93582049255944
SQM,2010-09-16,37.06482929744014,37.16325339559194,35.96838936627642,36.90905838307979,1516579,36.90905838307979
SQM,2010-09-17,36.77680356714719,37.813519510558095,36.377058644506874,37.055491251714635,1349975,37.055491251714635
SQM,2010-09-20,35.81214867327533,36.49687013210844,35.46611143386377,35.91526266105844,1474286,35.91526266105844
SQM,2010-09-21,35.25725728185712,35.510755228469634,34.269216119977095,34.99173681520023,1462100,34.99173681520023
SQM,2010-09-22,34.49629818263272,35.456962658664395,33.50514400286941,34.16985189114255,1346724,34.16985189114255
SQM,2010-09-23,33.50336663166035,34.175093170769614,33.44855875097169,33.76561097629572,1748457,33.76561097629572
SQM,2010-09-24,34.94460548554733,35.36698784082709,34.478394893794835,34.884514249367754,219593,34.884514249367754
SQM,2010-09-27,35.93104357246852,36.612108439199396,35.52884342662231,35.76324386449268,1463421,35.76324386449268
SQM,2010-09-28,36.111856061491906,36.361889184542896,35.803486226277535,36.1002464808408,1594331,36.1002464808408
SQM,2010-09-29,36.52817235644773,37.3708550975101,36.10186906774938,36.724308040585385,1259066,36.724308040585385
SQM,2010-09-30,36.94673419855533,37.69568033713191,35.89139313542858,37.28850646123904,701276,37.28850646123904
SQM,2010-10-01,38.48088980182417,39.28322655261949,37.75060539076953,38.13651905180891,901657,38.13651905180891
SQM,2010-10-04,37.11138691033615,37.584995274427044,36.38205117689564,37.30775300246698,889004,37.30775300246698
SQM,2010-10-05,38.2008902174529,38.56839816402589,37.592376898760364,38.35499642272664,1409111,38.35499642272664
SQM,2010-10-06,38.55272029083889,38.841650295452936,38.27162233770794,38.4429386298138,923897,38.4429386298138
SQM,2010-10-07,38.66261637743911,39.805005443814004,38.62632091524752,38.71788299076151,75588,38.71788299076151
SQM,2010-10-08,39.60770759995153,40.679052605911714,39.24444387438708,39.668425377351156,1166261,39.668425377351156
SQM,2010-10-11,39.58449944078444,40.91036234653019,38.67244940614904,39.91773007577321,737808,39.91773007577321
SQM,2010-10-12,39.5784235084173,40.505383428514165,38.390610070234445,39.192862119935704,420056,39.192862119935704
SQM,2010-10-13,38.89155346624184,39.80635588455044,37.8859469220839,39.05997745891102,1179824,39.05997745891102
SQM,2010-10-14,39.35824505083865,39.78473569204209,38.86316069939898,39.667637749001585,1668793,39.667637749001585
SQM,2010-10-15,39.31385348580282,39.696753025260136,39.08924677326413,39.17160533534095,1670806,39.17160533534095
SQM,2010-10-18,38.90105327760528,39.556771826542025,38.48627906585892,38.70581641376086,1620911,38.70581641376086
SQM,2010-10-19,38.63187640462457,39.1258535064872,38.102973324752185,39.00211960173873,133256,39.00211960173873
SQM,2010-10-20,38.98299206136364,39.19911845392355,38.914459052622995,39.1637343505122,176136,39.1637343505122
SQM,2010-10-21,38.40165377867435,38.746130938162416,38.28270423922917,38.63783463158758,969974,38.63783463158758
SQM,2010-10-22,40.00137919605318,40.13106724156118,39.009360753402,39.77169391630247,1201643,39.77169391630247
SQM,2010-10-25,39.70813638338844,40.0922037439859,39.17181390735345,39.96088621130584,1373673,39.96088621130584
SQM,2010-10-26,37.97327370094912,38.39322413431029,37.17123473054838,38.17542695774665,877896,38.17542695774665
SQM,2010-10-27,38.89925803664613,39.48169272011799,37.37857408886332,38.52416116975051,1321396,38.52416116975051
SQM,2010-10-28,39.234586389062365,39.570572526915285,38.43325884286011,39.076630064778946,1782961,39.076630064778946
SQM,2010-10-29,39.587481934868194,40.700442409042495,39.29070696130412,39.676627698319336,1322904,39.676627698319336
SQM,2010-11-01,39.52507421415422,40.56395748698849,38.89381950074257,39.325411962696144,1344149,39.325411962696144
SQM,2010-11-02,38.528792998836366,39.61904156569462,38.44420548816008,38.554644501880965,482149,38.554644501880965
SQM,2010-11-03,38.37335799420165,39.14068468481406,38.01162102113644,38.59515094296462,1335320,38.59515094296462
SQM,2010-11-04,38.75649429288141,39.66601029225148,37.75803850406893,38.765819356373534,1618750,38.765819356373534
SQM,2010-11-05,39.62843703985936,40.33102879843887,38.547076718037594,39.4140056485633,1070076,39.4140056485633
SQM,2010-11-08,39.454367165951226,39.8818208716168,38.4190940939707,39.70983053441812,867806,39.70983053441812
SQM,2010-11-09,40.657911869657184,41.445289546398,40.4075430546673,40.669679789916444,1547536,40.669679789916444
SQM,2010-11-10,41.377288040856534,42.74171525362415,41.31608558432071,41.69473416640717,542895,41.69473416640717
SQM,2010-11-11,42.005551614079565,42.44401481580613,40.75122303259587,41.71962082516114,284990,41.71962082516114
SQM,2010-11-12,41.13393169844785,42.05534245541641,40.5858040147847,40.87331898356404,108513,40.87331898356404
SQM,2010-11-15,41.939180426021366,42.91365898263135,41.088290795657784,41.79419154383792,702554,41.79419154383792
SQM,2010-11-16,42.68227992367891,43.50636803357038,41.50796704602549,42.32671655908643,452402,42.32671655908643
SQM,2010-11-17,41.36583011804875,42.54708827620415,41.34955452718703,41.448769301039505,1548976,41.448769301039505
SQM,2010-11-18,40.95292015588442,41.43583282660391,40.14927581650667,41.256587771241875,394451,41.256587771241875
SQM,2010-11-19,40.76399913006322,41.79543018684355,39.96925225640294,40.37987963530432,275313,40.37987963530432
SQM,2010-11-22,38.758916658537586,39.46905489662518,38.41492174675936,38.748783487280676,1139839,38.748783487280676
SQM,2010-11-23,37.937523888493644,38.930439331147596,37.67920249391591,37.95611093877624,926626,37.95611093877624
SQM,2010-11-24,35.94865241149014,36.84461241991134,35.799832897370806,36.265084452127184,88447,36.265084452127184
SQM,2010-11-25,36.69350897644942,37.054531864561554,36.16506131546447,36.6419340996821,1605751,36.6419340996821
SQM,2010-11-26,36.79636242916194,37.78676631775758,36.25470879281099,36.690150985003626,1532426,36.690150985003626
SQM,2010-11-29,36.025846071324715,36.99395984977778,35.71365044361209,36.04517487141843,1205555,36.04517487141843
SQM,2010-11-30,36.92044260708678,37.21692593425595,35.68483159252988,36.61986030229446,1180415,36.61986030229446
SQM,2010-12-01,35.69569786471992,36.49254173177857,34.67098583038405,35.52349599883677,512120,35.52349599883677
SQM,2010-12-02,36.1534702883105,36.590127371581836,35.89783995225261,36.49018654264188,1599717,36.49018654264188
SQM,2010-12-03,36.174516241873846,36.267822547317344,35.2057761760142,36.143743911649565,885950,36.143743911649565
SQM,2010-12-06,36.84883232803626,37.41417203843856,36.1475427999017,36.48856383552017,1338511,36.48856383552017
SQM,2010-12-07,35.4758730945694,35.72848450121393,34.44609442906715,35.69019435720377,1051520,35.69019435720377
SQM,2010-12-08,35.87614481888453,36.342986474461696,35.080945664008276,35.792265801222925,679365,35.792265801222925
SQM,2010-12-09,35.5567027991036,36.565840988831795,35.196418532081275,35.718511159417965,1137158,35.718511159417965
SQM,2010-12-10,35.41163758798167,36.450258405620026,35.10006544289821,35.50289177831152,203179,35.50289177831152
SQM,2010-12-13,34.83289967415654,35.4296058844186,34.446376612105304,35.16085588771205,568414,35.16085588771205
SQM,2010-12-14,35.60627659688008,35.688506016910644,34.878649964468984,35.4729571252667,455123,35.4729571252667
SQM,2010-12-15,34.996884095925445,35.65901225539672,34.03348779790956,34.811876234898655,1331671,34.811876234898655
SQM,2010-12-16,33.565960861669296,33.83264192503077,32.996454137323504,33.38374122398209,132398,33.38374122398209
SQM,2010-12-17,33.65776572508768,33.68144212476627,32.52868316122518,33.34397048038633,287438,33.34397048038633
SQM,2010-12-20,34.349855599075894,34.485054548263,33.15740104516086,34.11929265670248,221835,34.11929265670248
SQM,2010-12-21,32.72595468138442,33.84513460355639,31.763421467303548,32.91845787823326,833998,32.91845787823326
SQM,2010-12-22,32.806461761003064,33.850120418475136,32.08576876972866,32.98420940915052,171177,32.98420940915052
SQM,2010-12-23,33.16733271993419,33.992818614276224,32.03045306684868,32.99051026594252,1788626,32.99051026594252
SQM,2010-12-24,33.56940694354218,33.91128470652495,32.63257499513043,33.384519220557706,1142326,33.384519220557706
SQM,2010-12-27,33.20739145956627,34.176879339802724,32.49948180357429,33.45964894392422,1460950,33.45964894392422
SQM,2010-12-28,32.647826215299744,33.91985902207168,32.00623110166804,32.973184280001384,1580702,32.973184280001384
SQM,2010-12-29,31.795853200818435,32.40116274214409,31.522548965642926,31.8586910180352,156707,31.8586910180352
SQM,2010-12-30,32.05012842433176,32.370401712632585,31.390728677067987,31.92582591999603,661216,31.92582591999603
SQM,2010-12-31,31.704519413292452,32.46479008017084,31.459834575428395,31.473713588993135,573487,31.473713588993135
SQM,2011-01-03,30.699767542089315,31.305646492801447,30.65128357503075,30.906637953811234,807257,30.906637953811234
SQM,2011-01-04,31.17038461793233,31.710265365835337,30.95790489028552,30.975061400937484,732063,30.975061400937484
SQM,2011-01-05,30.381987031509027,30.875279309372868,29.736557245419387,30.270317142254598,922217,30.270317142254598
SQM,2011-01-06,30.151554919736324,30.552336446428644,29.286991576960226,30.35434912239368,1180773,30.35434912239368
SQM,2011-01-07,30.94007375442394,30.94069324978643,30.58208634005705,30.71079745042004,974046,30.71079745042004
SQM,2011-01-10,30.002079287786923,30.901094040102876,29.24022804786952,29.744498700486023,149897,29.744498700486023
SQM,2011-01-11,30.23040571972695,30.752475919383066,29.90497076692804,30.372667138521315,1547851,30.372667138521315
SQM,2011-01-12,30.146191798401752,30.617998819223086,30.004589738183547,30.359503008513435,56475,30.359503008513435
SQM,2011-01-13,31.32725015490703,32.047039095460555,30.67133543802954,31.03697606746558,926710,31.03697606746558
SQM,2011-01-14,30.53983905546407,31.38216577684573,30.298790753694256,30.834067369533184,1627858,30.834067369533184
SQM,2011-01-17,32.37150669966985,33.226561085236426,31.360689801621707,32.08377962144148,1654027,32.08377962144148
SQM,2011-01-18,32.92798033139402,33.891936483546026,32.13282380424801,33.11592989541347,975364,33.11592989541347
SQM,2011-01-19,33.07682722350454,33.39775442346504,32.63551875918584,33.11780702040617,813287,33.11780702040617
SQM,2011-01-20,32.88613724234216,33.59922061388162,32.528940341192325,33.01267361790911,599377,33.01267361790911
SQM,2011-01-21,31.138859006211472,31.828907823656973,31.019081781092222,31.356025760506625,946707,31.356025760506625
SQM,2011-01-24,31.133305249550812,32.12012174079103,30.966491732752896,31.225434661328368,746726,31.225434661328368
SQM,2011-01-25,31.44066757842468,31.66663493123993,31.405690018327945,31.416007377815042,131277,31.416007377815042
SQM,2011-01-26,31.15739186709495,31.680049858436803,31.125941649878403,31.412570730747206,1077130,31.412570730747206
SQM,2011-01-27,31.738749588039646,32.61514679919013,31.187420837184227,31.543697649523207,1084808,31.543697649523207
SQM,2011-01-28,32.072654547684635,32.51315083130241,31.406227585227487,31.88112452740179,730918,31.88112452740179
SQM,2011-01-31,31.87361520650706,32.31084583369082,31.45757868178669,31.68510047695181,884985,31.68510047695181
SQM,2011-02-01,31.956794221839747,32.78914912807138,31.132576684186056,31.83807084465724,457147,31.83807084465724
SQM,2011-02-02,31.386651926358876,31.693771063282313,30.776849543152856,31.414760362927538,1431515,31.414760362927538
SQM,2011-02-03,30.819379484185657,31.463718068712755,30.40115640702826,30.615039889015588,1668120,30.615039889015588
SQM,2011-02-04,31.956638992138046,32.648362563547764,31.685704294983847,31.733332175128602,160154,31.733332175128602
SQM,2011-02-07,30.805179466096398,31.348536463344825,30.708473272857,30.937929793614735,994606,30.937929793614735
SQM,2011-02-08,30.75508973001723,31.075058741578612,29.899658928836097,30.766811730866664,1231184,30.766811730866664
SQM,2011-02-09,31.085758378990295,31.972006542645897,30.369464642772446,31.271534515922976,1624754,31.271534515922976
SQM,2011-02-10,30.953669222274637,31.344414730844864,30.278846325193573,31.105594905120757,899461,31.105594905120757
SQM,2011-02-11,31.329744004344125,32.268277352973364,30.750008045992452,31.494172723853982,278087,31.494172723853982
SQM,2011-02-14,32.44626777743365,32.851597723281955,31.336813697581135,32.23548177474827,491130,32.23548177474827
SQM,2011-02-15,32.13223270980712,32.31097574706166,31.390829332392308,32.29317188935202,1487582,32.29317188935202
SQM,2011-02-16,32.65156369182513,33.209191491880844,32.34355325333035,32.621347297963865,914774,32.621347297963865
SQM,2011-02-17,33.10408711974957,33.29716780878308,32.27096201871608,33.01939489213496,1559787,33.01939489213496
SQM,2011-02-18,32.59621295639943,33.052460739836114,32.381561209438864,32.43747517383136,1759829,32.43747517383136
SQM,2011-02-21,31.19612552684979,32.256484966573176,30.656152337236666,31.49278295991505,900707,31.49278295991505
SQM,2011-02-22,32.87359211216943,33.077028504043845,31.98569521670399,32.88954521960486,1733287,32.88954521960486
SQM,2011-02-23,33.06831542500691,33.41336646895664,32.912238623914476,33.206048334173936,548601,33.206048334173936
SQM,2011-02-24,32.82104988518085,33.28761356702278,32.5206286165405,32.60327700175822,373555,32.60327700175822
SQM,2011-02-25,33.78825428004358,34.591751775880866,33.71538630322362,34.104230637946266,86389,34.104230637946266
SQM,2011-02-28,32.849470994074174,33.492827426975715,32.35074624136173,33.04310750079752,390669,33.04310750079752
SQM,2011-03-01,32.317346260067175,33.11268582127788,32.24028001668075,32.43687045862783,810651,32.43687045862783
SQM,2011-03-02,31.84875467475087,32.37925128353419,31.570895648814005,32.1199489180476,684626,32.1199489180476
SQM,2011-03-03,32.73932485169367,33.06436884936468,31.949274928216084,32.8079473773368,1564651,32.8079473773368
SQM,2011-03-04,32.701954585547206,32.723892128817184,32.087550358372674,32.54329404883503,1393499,32.54329404883503
SQM,2011-03-07,32.29179878587164,32.85061895864211,31.7423637440348,32.47867189159359,835231,32.47867189159359
SQM,2011-03-08,31.80289737698239,31.989682034253203,31.120769370199998,31.641860111558735,709627,31.641860111558735
SQM,2011-03-09,31.55368485693182,32.11369806173236,30.98035855945139,31.53538537151249,872798,31.53538537151249
SQM,2011-03-10,31.260403610648517,31.52821927945619,30.486965761195673,31.357785928300085,987333,31.357785928300085
SQM,2011-03-11,30.231199726113918,31.124148123464668,29.67799849425911,30.310731409756944,808070,30.310731409756944
SQM,2011-03-14,29.880626712959142,30.878658777127388,29.44317555672828,30.1117008191219,411566,30.1117008191219
SQM,2011-03-15,29.39677246143779,30.222824740756398,28.766806364550142,29.544624987198922,687172,29.544624987198922
SQM,2011-03-16,30.616994666377426,31.359632086962844,29.72346808283932,30.476058503968,576292,30.476058503968
SQM,2011-03-17,30.881894116925906,31.770906583361697,29.92201226343435,30.659462401990353,631969,30.659462401990353
SQM,2011-03-18,31.501418727098116,31.953450723350674,30.73874131998565,31.64979410978139,209663,31.64979410978139
SQM,2011-03-21,30.44212919712325,31.33699920894435,29.8838706436536,30.388239129053126,754575,30.388239129053126
SQM,2011-03-22,29.452765608147974,30.523653078500118,28.75392173415298,29.72941163167395,1549856,29.72941163167395
SQM,2011-03-23,29.032339535313135,29.597692760762545,28.786139803786554,29.279808824778765,671270,29.279808824778765
SQM,2011-03-24,29.04928244133054,29.802304245302686,28.20831593337349,28.781974303166862,1464690,28.781974303166862
SQM,2011-03-25,29.211952730494904,29.998313489216667,28.92941782924163,28.982120977042786,908577,28.982120977042786
SQM,2011-03-28,28.569820500977546,28.84228710065596,27.766490745682972,28.811094786766063,699226,28.811094786766063
SQM,2011-03-29,28.383610094253353,29.129499324685458,27.617988080125137,28.20180548019429,1783398,28.20180548019429
SQM,2011-03-30,29.74257651274692,30.37059512129154,29.509112521409133,29.980922925565192,288904,29.980922925565192
SQM,2011-03-31,30.309306673835895,31.047044866094186,29.826722603623335,30.111471697161434,440224,30.111471697161434
SQM,2011-04-01,29.08161569867384,29.17860055304871,28.34176039959091,28.843082993818715,848277,28.843082993818715
SQM,2011-04-04,29.09894475121446,29.45361624626528,28.985631461820162,29.3022522296525,1204007,29.3022522296525
SQM,2011-04-05,30.639133919925627,31.76289760710887,29.785563226877123,30.856839474530084,1707201,30.856839474530084
SQM,2011-04-06,31.616320386305933,32.01106328082384,30.887192599829362,31.348869242792308,1554420,31.348869242792308
SQM,2011-04-07,30.547719470052346,31.40416653090397,29.814953425286728,30.66951929073851,1774380,30.66951929073851
SQM,2011-04-08,30.367908184841614,31.0683995135182,29.797547325465644,30.384525182212816,1607532,30.384525182212816
SQM,2011-04-11,30.80451605077159,31.65474034617939,30.52640868988499,30.92547200476646,888651,30.92547200476646
SQM,2011-04-12,30.467509503326472,31.16639369291548,29.496854871682814,30.316330448939055,688451,30.316330448939055
SQM,2011-04-13,30.049019992508978,31.052356561708724,29.18700826398518,30.22366044217346,1044985,30.22366044217346
SQM,2011-04-14,29.648178555404442,30.178801170421952,29.133038716805697,29.65166553532793,575979,29.65166553532793
SQM,2011-04-15,30.24616527767864,30.632216565523045,29.379137863676974,30.03563731736258,852703,30.03563731736258
SQM,2011-04-18,30.838466063413804,31.69444616094077,30.31155701427976,30.567850093659438,793017,30.567850093659438
SQM,2011-04-19,31.362417298236313,31.79190064381007,30.483219532145238,31.45506146334721,808743,31.45506146334721
SQM,2011-04-20,31.90396023789804,32.760544778099735,31.87190196253838,32.15219427860212,1581280,32.15219427860212
SQM,2011-04-21,33.35786720941197,34.21371473572146,32.77533863692401,33.152529365755896,479385,33.152529365755896
SQM,2011-04-22,34.067967225832405,35.27881816218939,33.558241318258,34.335267090539986,1587252,34.335267090539986
SQM,2011-04-25,33.516916900650024,34.4715760148692,32.74333512988266,33.33073976205043,386536,33.33073976205043
SQM,2011-04-26,32.91098142766972,33.56255245038602,32.540173098979444,32.787054465505435,1539251,32.787054465505435
SQM,2011-04-27,32.20874884973624,32.904651430961486,31.537867406570257,32.15886428711772,1001790,32.15886428711772
SQM,2011-04-28,32.56364477465598,33.04967739156356,32.063908094987106,32.27991114197833,1485990,32.27991114197833
SQM,2011-04-29,31.73950473896083,32.124887101153504,31.464030449413286,31.852649680245182,1015650,31.852649680245182
SQM,2011-05-02,31.343529042254815,31.61588783798122,30.92165983575521,31.60054938112432,1444633,31.60054938112432
SQM,2011-05-03,32.653265697286756,32.87077635115534,32.233731521770615,32.34174730488219,637082,32.34174730488219
SQM,2011-05-04,32.69559251188194,33.69646525044766,32.05409104899272,32.73412198937726,546680,32.73412198937726
SQM,2011-05-05,32.35252118100891,33.17937662006339,31.438093507568546,32.3956780360274,1573972,32.3956780360274
SQM,2011-05-06,32.68509696664523,33.42925136296018,32.073429193674386,32.9556431929123,1116245,32.9556431929123
SQM,2011-05-09,33.32970597960615,33.673259696652096,33.04409506734411,33.16814234609005,116789,33.16814234609005
SQM,2011-05-10,33.53153095894293,33.59625791790298,32.46045803222128,33.38456037784908,634266,33.38456037784908
SQM,2011-05-11,33.63396993116355,33.88457791048954,33.394986758984764,33.87427654102859,1792524,33.87427654102859
SQM,2011-05-12,31.976853553263997,32.87621596779589,31.809223490968876,32.148005228351884,212154,32.148005228351884
SQM,2011-05-13,31.240821621419805,32.47864937373032,30.704684797316226,31.54592467809898,1514495,31.54592467809898
SQM,2011-05-16,31.112810386176992,31.349730310710743,30.126166649032733,30.87217482378627,1008871,30.87217482378627
SQM,2011-05-17,30.743186507421022,31.15557805705406,30.148781400807323,30.901073631961456,815293,30.901073631961456
SQM,2011-05-18,31.689444625158355,32.578024453097605,30.85406271687461,31.42108287579588,798079,31.42108287579588
SQM,2011-05-19,31.12702505286266,31.689236848828905,31.019614577053503,31.08278205681792,509161,31.08278205681792
SQM,2011-05-20,30.42834041988107,30.632703260417166,29.775307891914725,30.473802678476172,418816,30.473802678476172
SQM,2011-05-23,28.811166652298198,29.137466556427416,28.787494780703593,29.097585540357148,950569,29.097585540357148
SQM,2011-05-24,29.096848522827003,29.832064110271123,28.31893302324076,29.336071108440898,903719,29.336071108440898
SQM,2011-05-25,28.416536385228437,29.00030501335538,28.39439656881872,28.61184998576048,1515063,28.61184998576048
SQM,2011-05-26,28.578500170528187,29.179066764620025,27.912609065269464,28.80566379127508,1356038,28.80566379127508
SQM,2011-05-27,28.13268998639709,29.092583840478575,27.430295259422056,28.270535221715253,1201875,28.270535221715253
SQM,2011-05-30,28.417453885312206,28.840804113573167,27.667318726245423,28.61513583897311,1549184,28.61513583897311
SQM,2011-05-31,28.941869824061126,29.365570631637457,28.255622834452836,28.84734644951602,754097,28.84734644951602
SQM,2011-06-01,27.662263635384853,27.952781692705727,27.34406042192004,27.775012712042273,1692268,27.775012712042273
SQM,2011-06-02,28.42967882996611,28.704129695960177,28.02275227746125,28.306099146392395,705641,28.306099146392395
SQM,2011-06-03,28.286174487265626,29.14859780371787,27.751527691109647,28.493899146598874,1536290,28.493899146598874
SQM,2011-06-06,28.999960507267513,29.342320917272655,28.330720966146053,29.169665237192266,1008932,29.169665237192266
SQM,2011-06-07,28.48516530511143,29.063258473939722,28.318116538103478,28.322340382517837,1263650,28.322340382517837
SQM,2011-06-08,27.73822772489995,27.84611093494974,27.058690219890522,27.66404553403747,106446,27.66404553403747
SQM,2011-06-09,27.22000577449474,27.59837562988305,26.712317705207358,27.441487640291797,390989,27.441487640291797
SQM,2011-06-10,27.607243529109027,27.62636980781065,26.92994035495348,27.35588833633174,1347724,27.35588833633174
SQM,2011-06-13,27.347292513703852,27.864537498304696,26.99191944516963,27.204450357831547,316535,27.204450357831547
SQM,2011-06-14,26.124905719406716,26.901066600599453,25.433583136683232,26.097427524660073,351669,26.097427524660073
SQM,2011-06-15,26.16987358706768,26.769373500842562,25.593718300381237,26.25235283197577,79325,26.25235283197577
SQM,2011-06-16,25.88684067974115,26.821720682539137,25.884437614637587,26.09879357992816,659105,26.09879357992816
SQM,2011-06-17,25.819530944396934,26.301870248072035,25.684101605058153,25.892962443700362,1692331,25.892962443700362
SQM,2011-06-20,25.816778394067455,26.437238242496115,25.386056404519543,25.908482576059203,1652706,25.908482576059203
SQM,2011-06-21,25.830282109077352,26.773252710435138,25.139597778508236,26.049950084053943,382888,26.049950084053943
SQM,2011-06-22,26.136739017842896,26.20434353418715,25.88532145198717,25.98924568857677,1746590,25.98924568857677
SQM,2011-06-23,25.417580262374504,25.91702743038233,25.25211502903733,25.460692562480972,746559,25.460692562480972
SQM,2011-06-24,24.915107656991303,25.345288648466152,24.41151800801565,24.722511599746838,1665728,24.722511599746838
SQM,2011-06-27,25.027476271868583,25.224924197438664,24.58032820332085,25.19986180954839,372390,25.19986180954839
SQM,2011-06-28,24.590857758170003,24.796561541810117,24.543359104382823,24.68090731285942,1589505,24.68090731285942
SQM,2011-06-29,23.93026032255362,24.434780177080466,23.424609769474003,24.036483997981716,880091,24.036483997981716
SQM,2011-06-30,24.228796732423078,24.590538813406866,23.563106927089283,24.05313117488724,124847,24.05313117488724
SQM,2011-07-01,23.23776254433378,23.477456577019105,23.147413311146753,23.23416889667001,1003330,23.23416889667001
SQM,2011-07-04,23.70555095196514,24.376366001499342,23.439818212093734,23.87659242120643,336901,23.87659242120643
SQM,2011-07-05,23.368322185201773,23.688399781759536,23.33390095191887,23.435137246645386,1695281,23.435137246645386
SQM,2011-07-06,23.276324521852125,23.813217685893424,22.826116768362386,23.071823935625396,1635344,23.071823935625396
SQM,2011-07-07,23.20078062217643,23.76402873221948,22.50454566571789,23.176914284552936,462809,23.176914284552936
SQM,2011-07-08,23.282144598076734,23.95430393252416,22.70716602715125,23.49987870365848,1481921,23.49987870365848
SQM,2011-07-11,23.004488828058516,23.4039870675573,22.50884004798015,23.20973484087615,926314,23.20973484087615
SQM,2011-07-12,23.416444405685997,24.107749228296314,23.3231960015006,23.540890631073154,1288603,23.540890631073154
SQM,2011-07-13,23.299122022533915,23.475114639700713,23.124782461006625,23.24272383229417,853308,23.24272383229417
SQM,2011-07-14,23.18627611773431,23.516859353515866,23.040430078575444,23.305010155779897,978611,23.305010155779897
SQM,2011-07-15,22.820671078792014,23.237471565393715,22.358453546462325,22.6619852624027,1044548,22.6619852624027
SQM,2011-07-18,22.928306425459954,23.402265907995655,22.278374545858256,22.869111164886675,347824,22.869111164886675
SQM,2011-07-19,23.030865522790737,23.380580350643516,22.43058957316493,23.123019730438664,1507987,23.123019730438664
SQM,2011-07-20,23.17559635546577,23.636910333619102,22.567996149040443,23.224863401119816,229604,23.224863401119816
SQM,2011-07-21,22.25612185536802,22.47777838532951,22.15904865721472,22.311786316366277,1748963,22.311786316366277
SQM,2011-07-22,22.04257317224839,22.652349811868206,21.474904451285976,22.124796089777124,1498592,22.124796089777124
SQM,2011-07-25,22.35636027217911,23.02177150588069,22.17034888352271,22.298435054065568,547779,22.298435054065568
SQM,2011-07-26,21.794343676011536,22.384515371859234,21.692836234309485,21.92516047566792,884465,21.92516047566792
SQM,2011-07-27,22.407561024573194,22.716698337886196,21.805940963781737,22.50111613019055,1312413,22.50111613019055
SQM,2011-07-28,23.431974437718154,23.875187841354602,23.36308665515931,23.627974903768916,1274201,23.627974903768916
SQM,2011-07-29,23.13248371285078,23.211214422923643,23.06137780789508,23.18997788078021,443336,23.18997788078021
SQM,2011-08-01,23.301757635050553,23.96278324553679,23.048848585198282,23.50655402147532,834019,23.50655402147532
SQM,2011-08-02,23.205624088646523,23.8533312562267,22.86659661278025,23.431548507810884,1045263,23.431548507810884
SQM,2011-08-03,23.72830073092754,24.40782370919229,23.408891101593838,23.659225395117105,939789,23.659225395117105
SQM,2011-08-04,23.44496220748724,23.8890758849919,23.026340332364573,23.604312606578343,1163314,23.604312606578343
SQM,2011-08-05,23.29499301955053,24.1716677693982,23.007528337657515,23.513576309861246,1030942,23.513576309861246
SQM,2011-08-08,23.084142796940856,23.81624650445119,23.063038303616768,23.285171449561165,463606,23.285171449561165
SQM,2011-08-09,23.404325648187026,23.74941275101612,22.781740000279886,23.545973338526736,1336874,23.545973338526736
SQM,2011-08-10,22.898859602979176,22.910148424542623,22.274101603572916,22.798146044255603,477837,22.798146044255603
SQM,2011-08-11,22.241932988855197,22.950867117601423,21.92437840408361,22.46121631312212,1414046,22.46121631312212
SQM,2011-08-12,22.605192695154688,22.94179378320624,22.002732628644146,22.50324400954127,1091362,22.50324400954127
SQM,2011-08-15,22.262282605911924,22.904675907390057,22.214331902046478,22.219151610627453,630953,22.219151610627453
SQM,2011-08-16,22.820848637452666,22.835982384884904,22.623045222206557,22.814501984863487,1618907,22.814501984863487
SQM,2011-08-17,23.273344874847066,23.63773899926081,22.69239460673476,23.084383772229334,1775975,23.084383772229334
SQM,2011-08-18,22.710862727612618,23.24830833981294,22.49630803482207,22.56213864028804,1758852,22.56213864028804
SQM,2011-08-19,22.40520478924472,22.973377672483885,21.830139539357667,22.441663283905118,1476147,22.441663283905118
SQM,2011-08-22,22.599667301737473,23.285047059322842,22.116873985683537,22.82485721313023,103536,22.82485721313023
SQM,2011-08-23,23.074538518529984,23.347537405827524,22.947390330794146,22.97776698796872,1186452,22.97776698796872
SQM,2011-08-24,22.711603115079114,22.965149534457563,22.40974679151497,22.918915642584167,1334424,22.918915642584167
SQM,2011-08-25,22.746659997543833,23.054919306382416,22.692520490120234,22.848080835435297,1214135,22.848080835435297
SQM,2011-08-26,23.428582811859837,23.889578182486744,23.417482903069686,23.431847088518687,338717,23.431847088518687
SQM,2011-08-29,22.592851903465164,23.302189020973444,22.159222384830073,22.775354811817422,437171,22.775354811817422
SQM,2011-08-30,23.774762977095623,24.357753587527924,23.388834825351946,23.689824723850204,1733032,23.689824723850204
SQM,2011-08-31,23.712117248157746,24.34976283639801,23.603061413610146,23.79713535477891,302934,23.79713535477891
SQM,2011-09-01,24.6212409197504,24.92937981826872,24.084060414046647,24.689551617988887,1204913,24.689551617988887
SQM,2011-09-02,24.748374980072366,25.263702243733686,24.265633060857155,24.675176158760046,757754,24.675176158760046
SQM,2011-09-05,25.97756520111558,26.787310914888582,25.317724411249955,26.03054157005811,604246,26.03054157005811
SQM,2011-09-06,25.54181835627222,25.788471851274963,25.275573265563228,25.68329750583202,1450670,25.68329750583202
SQM,2011-09-07,25.56251008787417,26.29335534345978,24.798851371167203,25.728842880483914,1123523,25.728842880483914
SQM,2011-09-08,26.302537816161124,26.62604405666367,25.7526068512119,26.185206132623122,625292,26.185206132623122
SQM,2011-09-09,26.765511633984964,26.946173738073465,26.57542948276114,26.632039884745396,124271,26.632039884745396
SQM,2011-09-12,25.9866471564087,26.396802955701506,25.906584215627415,26.145770197930105,161316,26.145770197930105
SQM,2011-09-13,25.258979897296605,25.477351980144952,25.1102826461317,25.350746284210917,98186,25.350746284210917
SQM,2011-09-14,25.129633824862754,25.744311483152917,24.260611266590903,24.902222681941627,1072286,24.902222681941627
SQM,2011-09-15,25.01623367889622,25.307018460468715,24.419700369901438,24.776285586114533,1305453,24.776285586114533
SQM,2011-09-16,24.744587684677985,25.440617810863106,24.494302934732282,24.702441426303178,309331,24.702441426303178
SQM,2011-09-19,24.8886743785364,25.610236414276578,24.093740844056455,24.76142760331658,784753,24.76142760331658
SQM,2011-09-20,25.2757160890558,26.008010975969263,24.50723351301361,25.15084054095494,698328,25.15084054095494
SQM,2011-09-21,25.042327802706925,25.21197110613234,24.321158108495325,25.094744966465367,1576075,25.094744966465367
SQM,2011-09-22,23.83243080406806,24.299546947057355,23.348446771072933,24.049633217679812,1434907,24.049633217679812
SQM,2011-09-23,24.676565399925178,24.906342368366914,24.467956854158842,24.558339646945182,1105453,24.558339646945182
SQM,2011-09-26,24.996687340897743,25.87710725616456,24.627343119119008,25.180112686377626,903399,25.180112686377626
SQM,2011-09-27,25.252236706465464,25.424275999839026,25.141079423892982,25.35848957265868,1358274,25.35848957265868
SQM,2011-09-28,25.115505930586668,25.653646765908068,24.425068244261414,25.20850335431446,1581062,25.20850335431446
SQM,2011-09-29,25.27225371077432,25.717867990031042,24.556621372999405,25.348760267999577,261996,25.348760267999577
SQM,2011-09-30,25.97298060413166,26.752041094301404,25.820182392296694,25.99081972534689,944261,25.99081972534689
SQM,2011-10-03,26.763423350808228,27.536859221292303,26.359316460702086,26.76256122460841,1007816,26.76256122460841
SQM,2011-10-04,26.40796822335653,26.7526920468402,25.98881755386187,26.4166730743265,1660005,26.4166730743265
SQM,2011-10-05,25.8913544712149,26.412285224931324,25.484069957877946,26.067124666300305,696626,26.067124666300305
SQM,2011-10-06,25.529756118354932,25.824268583658753,24.98137707222856,25.454003504630236,204899,25.454003504630236
SQM,2011-10-07,27.114351456532003,27.756288180808358,26.86600587421593,26.95787418617226,1001588,26.95787418617226
SQM,2011-10-10,27.01627588752253,27.118221943828658,26.62804967693833,27.036964161300133,466895,27.036964161300133
SQM,2011-10-11,26.575856975263516,26.668458078094478,26.37656377516,26.397242817699965,799288,26.397242817699965
SQM,2011-10-12,25.607379866048618,26.177924746957792,25.489477815414475,25.635960451734224,1135746,25.635960451734224
SQM,2011-10-13,26.143733336735426,26.156820964523128,25.902514486690002,26.108059834671348,124100,26.108059834671348
SQM,2011-10-14,26.531589519232494,27.30072618990437,26.242030104244567,26.761983562763522,206373,26.761983562763522
SQM,2011-10-17,27.12868156083587,27.427142434825086,26.994533123977348,27.32165677175209,1721601,27.32165677175209
SQM,2011-10-18,28.60048469364603,29.275043352237653,28.347443644767782,28.448380739925287,879135,28.448380739925287
SQM,2011-10-19,28.047042880712663,28.813926091926774,27.31774196174772,28.188448287290484,590411,28.188448287290484
SQM,2011-10-20,27.206887176998215,27.57971983382232,26.684303530518353,27.429739259544522,1444033,27.429739259544522
SQM,2011-10-21,29.028687113358234,29.68786999561972,28.819922570818587,28.989118467228685,1187500,28.989118467228685
SQM,2011-10-24,28.34324583922696,29.252477628692574,27.681124087642292,28.57505124755802,1577802,28.57505124755802
SQM,2011-10-25,29.08156971228645,29.889073687540712,28.615203118810932,28.97489919959573,228698,28.97489919959573
SQM,2011-10-26,28.57296505786716,29.193951017451482,28.277780930281164,28.46526697584517,658949,28.46526697584517
SQM,2011-10-27,29.105854518805064,29.89148607777791,28.42821598665514,29.13320597015619,294406,29.13320597015619
SQM,2011-10-28,28.458522417611604,29.002774360177913,27.844536622664446,28.353180704834504,949132,28.353180704834504
SQM,2011-10-31,30.13920648003454,30.704783490011952,29.883529199723437,29.959822780168597,1269042,29.959822780168597
SQM,2011-11-01,30.034668860307313,30.829591771634643,29.454401183621613,30.217378048486562,1150979,30.217378048486562
SQM,2011-11-02,29.454317837626817,29.813381942778392,29.01825284803914,29.36649252350608,465354,29.36649252350608
SQM,2011-11-03,28.1738604404174,28.367054603578833,27.589202999472384,28.065892476422047,361317,28.065892476422047
SQM,2011-11-04,27.857981955299923,28.376815317218295,27.75521443694735,28.029268065814957,1590610,28.029268065814957
SQM,2011-11-07,28.83463575667254,29.34794148109592,28.208503942530644,28.70438866438022,114203,28.70438866438022
SQM,2011-11-08,28.55341902014954,29.144479368386474,27.882103388730517,28.428591082518842,192333,28.428591082518842
SQM,2011-11-09,29.03350866601813,29.634442467575095,28.313424697667408,29.233905550977056,1130053,29.233905550977056
SQM,2011-11-10,28.507013949617434,28.89483580211485,27.950479112954525,28.611487288714986,1128969,28.611487288714986
SQM,2011-11-11,29.346302560454617,29.563662754620697,28.80126690212604,29.089643249257275,1496570,29.089643249257275
SQM,2011-11-14,28.675611526392245,29.082657565965643,27.966587673880294,28.92369380671574,1146537,28.92369380671574
SQM,2011-11-15,29.225314318757135,29.804548533462878,28.966998366376632,29.38461019748459,1099569,29.38461019748459
SQM,2011-11-16,28.92404401175513,29.53699441587042,28.021399231885507,28.878531045087005,1571654,28.878531045087005
SQM,2011-11-17,28.797018697149834,29.513933299903126,27.98776495568231,28.529581938786343,1697964,28.529581938786343
SQM,2011-11-18,27.56939608564059,27.99095230774503,27.12768045992418,27.7039570564207,248196,27.7039570564207
SQM,2011-11-21,28.592091102250947,29.11632503518002,27.641649837393782,28.412082955476674,375613,28.412082955476674
SQM,2011-11-22,28.04691065995171,28.524530860668953,27.78110789988826,28.121514665964973,1029616,28.121514665964973
SQM,2011-11-23,27.75497593090652,28.644041380641426,27.00788711935751,27.8371031834148,1549359,27.8371031834148
SQM,2011-11-24,27.813902150459914,28.55018582260341,26.788775575453467,27.54066736369621,529768,27.54066736369621
SQM,2011-11-25,28.047381886845017,28.78974569830618,27.342079753198906,27.870561539069143,1178753,27.870561539069143
SQM,2011-11-28,26.43463116606332,27.029905065002932,26.22709161177901,26.568254210802902,1145665,26.568254210802902
SQM,2011-11-29,25.69337704195255,26.194773598572993,25.66537765321409,25.85593218417466,1215945,25.85593218417466
SQM,2011-11-30,26.402150565531063,27.144259758876203,26.224742238824028,26.623615952557522,262665,26.623615952557522
SQM,2011-12-01,26.75280819465083,26.89024592943222,26.32423197194939,26.76206704971989,1771699,26.76206704971989
SQM,2011-12-02,26.33636008767531,27.123763477128026,25.76164594876526,26.423818144560187,1512849,26.423818144560187
SQM,2011-12-05,26.87061816550716,27.153987314150758,26.30747482026419,26.93481915121779,1267804,26.93481915121779
SQM,2011-12-06,27.022445253464543,27.7308318390912,26.441758813681556,27.059565926130574,1295097,27.059565926130574
SQM,2011-12-07,28.135009640439606,28.386959528363914,27.258178727710913,27.861386567741196,568158,27.861386567741196
SQM,2011-12-08,27.233486037048987,27.93775084804258,26.47293319444884,27.506975481253903,1379669,27.506975481253903
SQM,2011-12-09,27.006814521368536,27.67343722216763,26.375216338261463,27.046808913174708,1739852,27.046808913174708
SQM,2011-12-12,26.033886796923767,26.572599397589272,25.337163349318416,26.26238372896935,550820,26.26238372896935
SQM,2011-12-13,26.979731603060465,27.26949697625918,26.086041924397946,26.886695082449865,717177,26.886695082449865
SQM,2011-12-14,27.268327483479947,28.248646744694767,26.68391407610745,27.515733107099635,1100786,27.515733107099635
SQM,2011-12-15,28.086850698033206,28.144913795810307,27.394807758421116,27.937757370431008,1185852,27.937757370431008
SQM,2011-12-16,27.560936288257952,28.256740470997787,27.30012463720599,27.359686605993716,878497,27.359686605993716
SQM,2011-12-19,26.79048811075126,27.536494798458165,26.536458108612873,26.540581161318343,407125,26.540581161318343
SQM,2011-12-20,26.857553451580248,27.519979844453445,26.518695100259585,27.06275916439743,849309,27.06275916439743
SQM,2011-12-21,27.472529823568646,28.046132008186746,27.131066093901733,27.211898894137722,699617,27.211898894137722
SQM,2011-12-22,26.64132787509576,27.3778324044184,26.336198913061132,26.688119747507557,181219,26.688119747507557
SQM,2011-12-23,27.126493503531,27.480923826229592,26.64696854321779,27.054755752263812,212766,27.054755752263812
SQM,2011-12-26,27.88540684349742,28.90963648237275,27.084551830172053,28.167050568542983,545028,28.167050568542983
SQM,2011-12-27,27.891958290448734,28.2768245988513,27.092515737794805,27.964521290556313,1380796,27.964521290556313
SQM,2011-12-28,27.838648225799513,28.177500842020542,27.029209559751596,27.920793091467804,1431935,27.920793091467804
SQM,2011-12-29,28.49914672715451,29.339758021823698,27.77037336480696,28.4969776289781,1069034,28.4969776289781
SQM,2011-12-30,29.054913535758967,29.297344949744126,28.25029756761013,29.26999389958689,875303,29.26999389958689
SQM,2012-01-02,29.424101360945947,29.706185039292993,28.604422508047385,29.312604500654558,1076176,29.312604500654558
SQM,2012-01-03,28.2880458060682,28.677190361549357,27.826765553077244,28.23400448950881,1092550,28.23400448950881
SQM,2012-01-04,28.72494551548992,29.160529675018477,28.29682967208309,28.891076237399275,510045,28.891076237399275
SQM,2012-01-05,28.77208774726759,29.015640211198836,27.935795644982743,28.496449505230363,910149,28.496449505230363
SQM,2012-01-06,28.476467979237857,29.080692261774086,28.191112472588323,28.760859373724255,296175,28.760859373724255
SQM,2012-01-09,29.381248033617222,29.830005198427465,28.845266692744104,29.477984124206248,515730,29.477984124206248
SQM,2012-01-10,29.78105007396583,29.987930979205046,29.084388114232535,29.92365132177321,642905,29.92365132177321
SQM,2012-01-11,30.034985071372496,30.733516500873158,29.72191010510397,29.9989627411386,73961,29.9989627411386
SQM,2012-01-12,30.215024579997475,30.367532055232342,29.964317917138924,29.98212365801232,335918,29.98212365801232
SQM,2012-01-13,29.60800180097561,29.644438782450468,29.347257190675954,29.514867546213896,806553,29.514867546213896
SQM,2012-01-16,29.417444947063263,30.21182839168537,28.900331804688637,29.68604767559981,1698192,29.68604767559981
SQM,2012-01-17,29.234036520172634,29.820407244105915,28.479496436103314,29.023097655935228,979969,29.023097655935228
SQM,2012-01-18,29.42123979873167,30.23434347304188,28.57271539760879,29.560125057861004,141312,29.560125057861004
SQM,2012-01-19,29.928433129765104,30.24294939144706,29.62053478288436,30.163512888087926,1367407,30.163512888087926
SQM,2012-01-20,30.089739741368653,30.285607425688905,29.38800845843808,30.13038323508708,1682082,30.13038323508708
SQM,2012-01-23,29.927273667083238,30.090961557845255,29.408619350822544,29.690514739112533,431504,29.690514739112533
SQM,2012-01-24,28.34124866504672,29.117014490333233,28.13733569475225,28.607536907378048,1757033,28.607536907378048
SQM,2012-01-25,28.18770307045181,28.94007916112428,28.01564524444146,28.117038604804645,1429524,28.117038604804645
SQM,2012-01-26,27.61189317941056,28.291846347401265,27.237683004128886,27.70470574127899,829673,27.70470574127899
SQM,2012-01-27,27.819612832387122,28.082263994939282,27.610029322104,27.751581029730712,54837,27.751581029730712
SQM,2012-01-30,27.109148925277037,27.933537985248744,26.88402260047718,27.23642693360481,1503533,27.23642693360481
SQM,2012-01-31,28.025604273072474,28.58874539207941,27.22725653498852,27.766214441363623,1083968,27.766214441363623
SQM,2012-02-01,28.413613742199246,29.226177083890516,27.65192616965837,28.634771371982378,941275,28.634771371982378
SQM,2012-02-02,28.519607367793803,29.54077589135593,27.87121690050309,28.716028460224656,631091,28.716028460224656
SQM,2012-02-03,27.647909921758586,28.69693671416279,27.518996995837256,27.901440441074417,306937,27.901440441074417
SQM,2012-02-06,26.753705513615387,27.063250720853233,26.225299097354707,26.596785627673846,438918,26.596785627673846
SQM,2012-02-07,26.419063936946255,27.14343705604629,26.153998187822204,26.63536611826441,203782,26.63536611826441
SQM,2012-02-08,26.2976136839617,26.575721057928753,26.144620090488285,26.415626278358303,1311144,26.415626278358303
SQM,2012-02-09,25.69333006027824,26.164890164288042,25.436686715621043,25.84550772405114,896087,25.84550772405114
SQM,2012-02-10,25.619857373025,25.905888199738047,25.509221556330004,25.69512676366866,1696539,25.69512676366866
SQM,2012-02-13,27.22745525665292,27.527527639153394,26.341152246595872,27.083489365677863,371212,27.083489365677863
SQM,2012-02-14,28.41810959502049,28.99392275695376,28.083108555473707,28.16452074085254,93034,28.16452074085254
SQM,2012-02-15,29.479189789303426,29.665125513838912,29.093027635635664,29.257494044779822,1058890,29.257494044779822
SQM,2012-02-16,29.182634635071754,29.34050887650233,28.900522399082224,28.984861797135558,1623371,28.984861797135558
SQM,2012-02-17,28.76211432087105,29.137525559347306,28.529881545540096,28.80966716476625,1555227,28.80966716476625
SQM,2012-02-20,29.605437597742892,29.692600093266517,28.787210350686603,29.427800387663527,121807,29.427800387663527
SQM,2012-02-21,29.63242679516366,30.355956199614955,28.68568434724666,29.46907913670232,487663,29.46907913670232
SQM,2012-02-22,29.700022207810434,30.709107232103893,28.92452920886127,29.850750171631777,384242,29.850750171631777
SQM,2012-02-23,28.923563271687005,29.76031240020118,28.48875947299683,29.061666948163975,457183,29.061666948163975
SQM,2012-02-24,29.342190543880807,29.810570744994056,28.806052746289282,29.342781033487487,348403,29.342781033487487
SQM,2012-02-27,28.686997353530398,29.267166032697784,28.128673225592934,28.423524003412723,1033863,28.423524003412723
SQM,2012-02-28,26.818120290491493,27.683334985759082,26.418485490784764,27.030089316234676,748013,27.030089316234676
SQM,2012-02-29,27.07673187029801,27.132153931660778,26.111173757011947,26.814804967375895,604212,26.814804967375895
SQM,2012-03-01,27.186915252408575,27.717009360499375,26.37313925065462,27.373642060061613,810351,27.373642060061613
SQM,2012-03-02,27.59414978172784,27.721152648143907,26.8725460534152,27.602093419527368,675742,27.602093419527368
SQM,2012-03-05,27.39555037634214,27.578251271659603,26.694283688603623,27.503379111462635,472676,27.503379111462635
SQM,2012-03-06,26.25257872738947,26.893490774337735,26.031992897983507,26.294779888285785,1494919,26.294779888285785
SQM,2012-03-07,25.637849846931005,26.2978225973644,24.860494765167235,25.405222592124197,259973,25.405222592124197
SQM,2012-03-08,25.32320197561042,25.386861340021078,24.56987424165307,25.256624383914527,1548525,25.256624383914527
SQM,2012-03-09,24.97465045074082,25.21071322419358,24.79137073128077,25.07620310707412,909608,25.07620310707412
SQM,2012-03-12,25.11590308550349,25.282286761845853,25.00682960106821,25.05155714474352,424291,25.05155714474352
SQM,2012-03-13,26.01701664259351,26.711438153300897,25.314933620119835,26.041936606014914,124880,26.041936606014914
SQM,2012-03-14,26.35918363962203,27.081611602956425,26.09855062187851,26.127505850080468,1383577,26.127505850080468
SQM,2012-03-15,26.81680243157952,27.513202116423336,26.776790226241157,26.8959599464538,752097,26.8959599464538
SQM,2012-03-16,26.535046668846736,27.169003500149213,26.111308932843453,26.490291522121606,1793728,26.490291522121606
SQM,2012-03-19,25.429689755317067,25.691124120907855,24.71968389176482,25.253209348606806,514611,25.253209348606806
SQM,2012-03-20,26.08457153778568,26.40409297620573,25.179032424128646,25.847374043171992,1550600,25.847374043171992
SQM,2012-03-21,26.75840656590717,26.98356994190589,26.458692696415234,26.59925363144989,656010,26.59925363144989
SQM,2012-03-22,27.69187704706619,28.488057385356782,27.127215423288423,27.452744631691846,1294031,27.452744631691846
SQM,2012-03-23,26.890410740545946,27.49734177304041,26.609109038461163,26.909906781107775,203589,26.909906781107775
SQM,2012-03-26,26.722331460867856,26.99597808704195,26.47076990682019,26.581713879941713,303068,26.581713879941713
SQM,2012-03-27,26.060295429298833,26.380232327959327,25.62556607355285,26.273293211495275,344687,26.273293211495275
SQM,2012-03-28,26.617025564061002,26.77258321254385,26.063551107850788,26.567178407204302,146253,26.567178407204302
SQM,2012-03-29,25.787079342228783,26.199884282726508,25.60319531303379,26.040451395855815,1399629,26.040451395855815
SQM,2012-03-30,26.104354556655974,26.71403447585805,25.553986160217917,26.23023527885096,455973,26.23023527885096
SQM,2012-04-02,26.84498406312807,27.57217952097546,26.21692015175513,26.75638847164092,277909,26.75638847164092
SQM,2012-04-03,26.993361893924142,27.87995453979973,26.49216904648152,27.171847167771222,1469424,27.171847167771222
SQM,2012-04-04,26.441805622461548,26.65697527868144,26.327861009991235,26.60133789361734,862480,26.60133789361734
SQM,2012-04-05,26.923990976637644,27.73986758182609,26.74557815455583,27.162083796543726,192724,27.162083796543726
SQM,2012-04-06,27.343800336899776,27.48135563396623,26.630777802822756,27.209175870330245,1033921,27.209175870330245
SQM,2012-04-09,26.853855894698064,27.13213283132691,26.163936587619148,26.881842567383462,1481514,26.881842567383462
SQM,2012-04-10,27.699484493506795,28.151379443852083,26.985524507379196,27.486219097360912,1527131,27.486219097360912
SQM,2012-04-11,27.456116916282834,28.226526248049723,27.14686638163127,27.531962401986185,1798256,27.531962401986185
SQM,2012-04-12,28.348985368603074,28.587346834490678,28.073643264227602,28.38574093190313,225592,28.38574093190313
SQM,2012-04-13,29.039224965090224,29.80351305399117,28.342658275636314,29.042175096405302,1771370,29.042175096405302
SQM,2012-04-16,29.693647973961028,30.348162289690407,28.817001156728903,29.48084923759186,1098944,29.48084923759186
SQM,2012-04-17,29.340226231608245,30.058649162189198,29.27870085023896,29.46268114602626,1460940,29.46268114602626
SQM,2012-04-18,28.32697341155967,28.697286098152944,27.80439158336999,28.583320308464323,79708,28.583320308464323
SQM,2012-04-19,27.769517001772147,28.164587732821655,27.129127340237613,27.69905537388436,1702858,27.69905537388436
SQM,2012-04-20,29.472870726169802,29.716135892797634,29.014818895880147,29.2821264310686,1570330,29.2821264310686
SQM,2012-04-23,29.658926334268404,30.182236967747603,29.152659457315018,29.62559316379476,1685018,29.62559316379476
SQM,2012-04-24,30.374975552995615,31.10045676442547,29.688624376670997,30.484427999579555,857587,30.484427999579555
SQM,2012-04-25,30.673181054706877,30.733331864457245,30.05120376430614,30.593351151174083,1667256,30.593351151174083
SQM,2012-04-26,30.832724873561624,31.42858606945579,29.748984180585197,30.532889923066506,464905,30.532889923066506
SQM,2012-04-27,30.647010527106,31.104982849720603,29.94029731056534,30.60169445588536,1157377,30.60169445588536
SQM,2012-04-30,30.644345309071912,31.531911589895593,30.10972027483099,30.758016840156035,1273289,30.758016840156035
SQM,2012-05-01,30.637144352051603,31.52790950667971,30.19412562118133,30.795051802299863,217602,30.795051802299863
SQM,2012-05-02,32.216621290378995,32.61575831546401,31.651540626763193,31.898764966845842,1490387,31.898764966845842
SQM,2012-05-03,32.73069931998793,33.68925517167159,31.903171123311456,32.50290471857786,1503073,32.50290471857786
SQM,2012-05-04,32.643138586820285,33.36504395208286,32.19824981157671,32.787742017423646,1521963,32.787742017423646
SQM,2012-05-07,33.24689174659711,34.37133882717731,33.19802509823647,33.405604384180826,1687381,33.405604384180826
SQM,2012-05-08,34.32101161606186,35.06158764389095,33.927886797129105,34.113824581701564,1738762,34.113824581701564
SQM,2012-05-09,34.720406639194394,35.14491667873888,33.594900180746485,34.38189259968918,1329678,34.38189259968918
SQM,2012-05-10,34.819085246022915,35.08742165198531,33.997511518602764,34.84305503099898,1260410,34.84305503099898
SQM,2012-05-11,35.218861340534595,35.90645489639288,34.86247798290367,35.412022896452974,938057,35.412022896452974
SQM,2012-05-14,35.761094561130406,36.964673022041175,35.32695122710985,35.95500450702867,1580863,35.95500450702867
SQM,2012-05-15,36.16750916755811,36.30880858558447,35.46494366959334,35.95369136201708,1513498,35.95369136201708
SQM,2012-05-16,36.67285644114936,37.17929054125277,35.66737367280559,36.59599246458204,1397524,36.59599246458204
SQM,2012-05-17,35.88025975682904,36.2536452967885,35.10028229051169,35.78453522659221,1692390,35.78453522659221
SQM,2012-05-18,35.69535566952333,36.849362936598325,35.437675040657325,35.91492117761032,1579610,35.91492117761032
SQM,2012-05-21,35.66378379205384,36.795998366601715,35.36804693652422,35.929320524731104,271372,35.929320524731104
SQM,2012-05-22,36.16470674215526,37.12711419752206,35.25896941304908,36.52215577079365,984734,36.52215577079365
SQM,2012-05-23,36.29557439554257,36.74752851154927,35.3777226951541,35.996656533268144,672864,35.996656533268144
SQM,2012-05-24,35.49088679742024,36.32470072399033,34.89752904511844,35.59411703345352,310785,35.59411703345352
SQM,2012-05-25,35.15649199506876,36.16170296618621,34.460396697197616,34.976032433995776,526084,34.976032433995776
SQM,2012-05-28,35.74545950914327,35.85394155308052,34.899279196547475,35.47270418552659,415657,35.47270418552659
SQM,2012-05-29,34.28047087489214,35.20483771248784,33.70159204737353,34.213026515400344,1721437,34.213026515400344
SQM,2012-05-30,33.50809749935739,33.85515639444403,33.32026228804226,33.55893453841865,408950,33.55893453841865
SQM,2012-05-31,31.857102923139635,32.15784185690181,31.273609180009313,32.153774264086714,1357767,32.153774264086714
SQM,2012-06-01,31.588833649102842,32.39658501852127,31.164303680684274,31.692068545600613,103814,31.692068545600613
SQM,2012-06-04,31.60935428874504,32.47284773736157,31.23645899508241,31.722522814418834,696408,31.722522814418834
SQM,2012-06-05,32.60283098162203,32.90091097013826,32.50327083051188,32.55962661424632,595982,32.55962661424632
SQM,2012-06-06,33.68893821392867,34.47569001530084,33.1648362917751,33.5119501343823,1632362,33.5119501343823
SQM,2012-06-07,32.669940707129705,33.452077117840886,31.684153704167603,32.532587436820144,77298,32.532587436820144
SQM,2012-06-08,32.516512535371014,33.17526837368856,31.87338994550771,32.277709251366836,1238698,32.277709251366836
SQM,2012-06-11,32.283603373906836,32.61663402808635,31.956169118526894,32.57886813410132,985668,32.57886813410132
SQM,2012-06-12,32.42892131554071,33.07823126218692,31.39935672612962,32.360961084414285,326943,32.360961084414285
SQM,2012-06-13,31.601104984972164,32.68837354540421,30.72446432659147,31.798889450694023,1076875,31.798889450694023
SQM,2012-06-14,30.922151492904536,31.49759591982546,29.73112866918345,30.632649288306567,178725,30.632649288306567
SQM,2012-06-15,29.86485662253373,30.24858498430449,29.0121429449977,29.919242819099292,1200041,29.919242819099292
SQM,2012-06-18,30.833432222977155,31.35465427457703,29.917261426241655,30.75724322724585,1070262,30.75724322724585
SQM,2012-06-19,31.427537548033143,32.460254872336584,31.387764891699714,31.521103246149558,689355,31.521103246149558
SQM,2012-06-20,33.21516098727288,33.87565194010083,32.42469418583627,33.402094939201916,1674230,33.402094939201916
SQM,2012-06-21,34.18211490112121,35.04509438094346,33.24151249497383,34.05415594538195,196099,34.05415594538195
SQM,2012-06-22,33.64822971526249,33.78807266602976,33.21252411262609,33.355198157483876,1024816,33.355198157483876
SQM,2012-06-25,33.403876593293546,33.757897678111746,33.156109899667676,33.70079413866194,398775,33.70079413866194
SQM,2012-06-26,34.33319032929637,34.73504092451642,33.779552012199694,34.111302816675305,1377673,34.111302816675305
SQM,2012-06-27,34.49610468295966,34.748772327147634,33.89766834168284,34.60574066065956,1251355,34.60574066065956
SQM,2012-06-28,34.234176374509,34.83776006889405,33.239170648857574,34.49570664883749,1598413,34.49570664883749
SQM,2012-06-29,34.441464686752575,35.180676148050686,34.11671374236231,34.29517920738918,409888,34.29517920738918
SQM,2012-07-02,34.371935031064226,35.12461549285887,34.22839397527602,34.66137869121738,984232,34.66137869121738
SQM,2012-07-03,34.201510092347114,34.53109046827334,33.51714470812423,34.04643770468866,1062380,34.04643770468866
SQM,2012-07-04,34.81947602144701,35.79669175761159,34.44852752695782,34.86424346501991,545545,34.86424346501991
SQM,2012-07-05,33.84911865145452,34.08725662495769,33.3186904156067,34.07761726787548,1795662,34.07761726787548
SQM,2012-07-06,33.00628164809741,34.045746044557454,32.30934622370514,33.234140081208224,258297,33.234140081208224
SQM,2012-07-09,33.123179605648765,33.740531538459216,32.505016885769884,32.95956675017046,1291627,32.95956675017046
SQM,2012-07-10,33.58013375645381,33.626933425553496,33.04944050375132,33.36110107126403,994338,33.36110107126403
SQM,2012-07-11,34.22800411540477,34.26307492831804,33.236478241309726,34.10140251984941,1003320,34.10140251984941
SQM,2012-07-12,34.59784222026598,34.776263920170265,33.96075388690908,34.44569887018567,1133657,34.44569887018567
SQM,2012-07-13,34.243233349341985,35.24731947072449,33.77788523557361,34.00644967522529,737370,34.00644967522529
SQM,2012-07-16,33.85206799126259,33.987676745465954,33.319497901367754,33.90050946676602,915225,33.90050946676602
SQM,2012-07-17,33.36275158820291,34.33043108447257,32.5189019663671,33.58597534679405,1354829,33.58597534679405
SQM,2012-07-18,34.28205466165231,34.780448838671816,34.14807184706588,34.366410412143054,145419,34.366410412143054
SQM,2012-07-19,34.860181957827,35.10766727388493,34.191353054767625,34.52919479138257,705389,34.52919479138257
SQM,2012-07-20,35.545776771916906,36.196236349755566,35.153914284202344,35.58243455541865,1511552,35.58243455541865
SQM,2012-07-23,36.488758988597674,36.89180047694537,35.803918004081915,36.18201503438646,1455894,36.18201503438646
SQM,2012-07-24,36.126964980106614,36.463143314348194,35.16616688185137,35.98107310383305,1331476,35.98107310383305
SQM,2012-07-25,36.06144344212606,36.32067719253216,35.34414870571907,35.89078666305538,836107,35.89078666305538
SQM,2012-07-26,35.73946297232377,36.456200925595546,35.016797563431666,35.96227630980303,1608299,35.96227630980303
SQM,2012-07-27,35.83148938106886,36.10860433912587,35.652540643622515,35.92580845240795,734819,35.92580845240795
SQM,2012-07-30,36.69644456523283,37.634348092449244,36.07604624623298,36.52667902090969,1370927,36.52667902090969
SQM,2012-07-31,36.98260435427625,37.63912999579139,36.55521408127538,36.86789756941833,1117706,36.86789756941833
SQM,2012-08-01,36.7110731810689,36.78032659074359,36.07532876760269,36.44675612543618,903899,36.44675612543618
SQM,2012-08-02,37.86777114535257,38.6109379239826,37.28126042589009,38.08869216850583,570221,38.08869216850583
SQM,2012-08-03,38.4584456485854,39.18483763846169,38.044361617111804,38.26839789781553,275440,38.26839789781553
SQM,2012-08-06,37.147852778750156,38.46234425382315,36.71920387247439,37.4932079864523,61913,37.4932079864523
SQM,2012-08-07,37.850796891779666,38.02972929271205,36.972793299359054,38.00296040227701,1698038,38.00296040227701
SQM,2012-08-08,37.25938066597559,37.769396861383676,36.37166641069141,37.16239153107672,203946,37.16239153107672
SQM,2012-08-09,37.782738540120214,38.582796592410475,37.22917586180505,37.42344007951266,860561,37.42344007951266
SQM,2012-08-10,37.75430635986585,37.976446465597434,37.32245095267725,37.38836886071112,919563,37.38836886071112
SQM,2012-08-13,37.40249937220764,37.696744213482035,36.895325561984784,37.44807489947469,1679608,37.44807489947469
SQM,2012-08-14,36.98243907309708,37.525718976144404,36.109565980422914,36.78770240002643,397684,36.78770240002643
SQM,2012-08-15,36.77566607926916,37.751502455537356,36.28901377172019,36.70189703332659,1396009,36.70189703332659
SQM,2012-08-16,36.782675384720825,37.22215988559483,36.06192705510578,36.629493730531166,1231553,36.629493730531166
SQM,2012-08-17,36.79964551153719,37.33451337310701,36.455761492286726,36.62972191170127,1339694,36.62972191170127
SQM,2012-08-20,38.15729200239478,38.88505640855507,37.93022185105873,38.1212153006748,439628,38.1212153006748
SQM,2012-08-21,37.91444156708943,38.267938220663936,37.06314218855683,37.67787141647525,254827,37.67787141647525
SQM,2012-08-22,37.927972610609515,38.914577012503464,37.64200857374898,37.86398746524963,744925,37.86398746524963
SQM,2012-08-23,36.53052563210116,37.88727439328706,35.64607375775885,36.82466958287838,1311194,36.82466958287838
SQM,2012-08-24,35.58112888557439,36.27528900044805,34.57454346717117,35.23637343419186,1039084,35.23637343419186
SQM,2012-08-27,34.86576081158286,35.67353504054032,33.903049300295216,35.00307612308462,1581829,35.00307612308462
SQM,2012-08-28,36.42567776470131,37.16171407626279,35.882516524912766,36.09062127486401,260891,36.09062127486401
SQM,2012-08-29,34.99303450142147,35.343175814265074,34.967044963691905,35.138776659970766,626618,35.138776659970766
SQM,2012-08-30,35.9453382730009,36.73509951368271,35.240035964834185,35.69323548905963,1392600,35.69323548905963
SQM,2012-08-31,36.75897350454854,37.14160942091123,36.36359228464831,36.620120297842405,841929,36.620120297842405
SQM,2012-09-03,37.66030473552263,38.89394137766838,36.984220277776885,37.768420540665716,528883,37.768420540665716
SQM,2012-09-04,38.65759491078808,39.52990469218533,37.817828476316365,38.32189203478718,1291746,38.32189203478718
SQM,2012-09-05,37.74375914231239,38.40476545647786,36.94332755933123,37.681098163270455,1515734,37.681098163270455
SQM,2012-09-06,36.96177572563605,37.97331118344576,36.38565134550094,36.719600653144354,189024,36.719600653144354
SQM,2012-09-07,35.48418652587915,36.51681916706307,34.47704237774838,35.274696829613,822990,35.274696829613
SQM,2012-09-10,36.390432363627866,37.62487974543722,35.46601594581721,36.72360051506046,139903,36.72360051506046
SQM,2012-09-11,37.24870908889062,38.27109595105511,37.13535281065722,37.42170125715437,255490,37.42170125715437
SQM,2012-09-12,37.926978318204874,38.01711975435863,37.77255656091751,37.94806554935697,1112486,37.94806554935697
SQM,2012-09-13,36.38181211332993,37.15239637196367,35.89084923420391,36.06943613711538,1338646,36.06943613711538
SQM,2012-09-14,36.24742968200191,36.935753527318845,36.05337101533327,36.567422980532896,1797288,36.567422980532896
SQM,2012-09-17,36.502409348019675,37.75812126506864,36.20619774797743,36.73335660629093,742813,36.73335660629093
SQM,2012-09-18,37.09496493605047,37.775764933275866,36.86378333445235,37.00281058537752,590217,37.00281058537752
SQM,2012-09-19,36.79344703771643,37.20257559102079,35.81230836046313,36.68142221722423,1608238,36.68142221722423
SQM,2012-09-20,36.57161529351712,37.19347849463496,36.429427823856535,36.81905287530837,897832,36.81905287530837
SQM,2012-09-21,36.333795638372315,36.938569542891464,35.922109544827336,36.01092150496879,257562,36.01092150496879
SQM,2012-09-24,35.84579437840205,36.61096571779811,35.540392288954635,36.078983336668045,1650390,36.078983336668045
SQM,2012-09-25,34.892774663260724,35.52764769654939,34.47338245816199,35.1158701841289,81293,35.1158701841289
SQM,2012-09-26,35.99799567368457,36.22311313339916,35.07790301067806,35.900670659860616,879378,35.900670659860616
SQM,2012-09-27,36.50878430505711,37.43993931437603,36.3621949985885,36.56621983639272,797662,36.56621983639272
SQM,2012-09-28,36.795825653205135,37.63099004812687,36.328696106075625,37.1479798402108,1531282,37.1479798402108
SQM,2012-10-01,36.278473402807585,36.38610703772704,35.555713832222246,35.97590961969741,1460685,35.97590961969741
SQM,2012-10-02,35.7469646866308,36.14568810400138,35.3250375344639,36.053315579752926,710276,36.053315579752926
SQM,2012-10-03,36.37347933352284,36.88686048876534,36.22810851620651,36.625228507159804,1677048,36.625228507159804
SQM,2012-10-04,37.53394436354908,38.155764891097355,36.2740732385791,37.23819562864779,1105888,37.23819562864779
SQM,2012-10-05,38.51591529849038,38.86153550155906,37.43169882928074,38.68977808860917,548032,38.68977808860917
SQM,2012-10-08,38.14965281069976,38.39573757073234,37.02626102238761,37.908796273600984,1059592,37.908796273600984
SQM,2012-10-09,37.423348842604454,38.23843866239412,36.85274728529667,37.671442150346145,450326,37.671442150346145
SQM,2012-10-10,37.68816196319033,38.28028437731901,37.08825973262494,38.03182959264219,1388058,38.03182959264219
SQM,2012-10-11,37.97592103465151,39.16126014910963,37.41998886362157,38.17847256502273,291916,38.17847256502273
SQM,2012-10-12,39.08232829648024,39.77409554231645,37.86065551788121,38.894068687971384,1144591,38.894068687971384
SQM,2012-10-15,37.51292772906811,37.60951584532656,37.159015247206455,37.39133614166213,1682877,37.39133614166213
SQM,2012-10-16,36.99775470427732,37.29427473264949,36.22315928986812,37.138420615546785,1136590,37.138420615546785
SQM,2012-10-17,36.99159711160113,37.20819109723627,36.79707088401336,36.89310734462989,726736,36.89310734462989
SQM,2012-10-18,37.64961493258705,38.361073310795895,37.34562772232775,37.52579276740758,262965,37.52579276740758
SQM,2012-10-19,38.56337035966714,38.685597426936205,37.431465609223665,38.51354724929745,1563592,38.51354724929745
SQM,2012-10-22,39.12930253316887,39.18011942563693,37.69000283628498,38.79141055530975,482468,38.79141055530975
SQM,2012-10-23,40.736619719359254,41.62687012762233,40.04801629504929,40.498793952279755,1366894,40.498793952279755
SQM,2012-10-24,40.70875298435387,41.29267120459331,39.333298589356424,40.45311016435127,568928,40.45311016435127
SQM,2012-10-25,39.874033702665955,40.950070494003306,39.36185727350656,39.933219248323184,1161384,39.933219248323184
SQM,2012-10-26,41.512718029341364,42.500128515304255,40.21800405788509,41.36059423693432,1630584,41.36059423693432
SQM,2012-10-29,40.958344972919576,41.55760089252158,40.318594161246736,41.219386299726416,756528,41.219386299726416
SQM,2012-10-30,40.41263249312238,40.81227448097277,39.708369589286356,40.578228262015166,1082395,40.578228262015166
SQM,2012-10-31,41.48085896957442,42.123367844142315,40.96982415770734,41.47885177926497,1530051,41.47885177926497
SQM,2012-11-01,41.11325000473152,41.21205023645212,40.06576672435289,40.854843305875924,1537259,40.854843305875924
SQM,2012-11-02,41.21619743361402,42.13614310540474,40.15287789037666,41.35105801151942,941440,41.35105801151942
SQM,2012-11-05,42.54347861646026,42.61031306693479,42.34197068353859,42.59474969655072,1035689,42.59474969655072
SQM,2012-11-06,42.997629333123314,44.03357794956169,41.712242528183225,42.60790218863633,768051,42.60790218863633
SQM,2012-11-07,43.638540769961,44.99890968651021,42.417704047973785,43.827790939395754,1259142,43.827790939395754
SQM,2012-11-08,44.33705361559915,45.662111324841405,43.56990712710261,44.23260691245283,861911,44.23260691245283
SQM,2012-11-09,42.47183002282806,43.25585251106506,42.31596903223595,42.81387548318555,796527,42.81387548318555
SQM,2012-11-12,43.626752363975065,44.44070648215454,42.685357145149716,43.703954477144265,1172649,43.703954477144265
SQM,2012-11-13,45.0398552282125,46.36343708592964,44.29771498230317,45.19343158161665,1341460,45.19343158161665
SQM,2012-11-14,45.26242961906812,46.34125259196379,44.45119273252892,45.70755526937381,504949,45.70755526937381
SQM,2012-11-15,45.47895452951869,45.928184782820026,44.105439909277976,45.401580591634065,1769884,45.401580591634065
SQM,2012-11-16,45.56061131064967,45.78170199867662,45.380665529890365,45.71474114891315,709218,45.71474114891315
SQM,2012-11-19,45.00189221079013,45.76118757762597,44.67636830239816,45.22651061317792,1728085,45.22651061317792
SQM,2012-11-20,47.011257651888656,47.12252107139791,45.37966802452599,46.645003931149134,1690569,46.645003931149134
SQM,2012-11-21,46.68406844041417,47.449037506558696,45.46864761699892,46.93788945003667,797131,46.93788945003667
SQM,2012-11-22,47.24533466136314,47.8219317389594,45.84297292992334,47.33481108245485,472262,47.33481108245485
SQM,2012-11-23,47.645466554689904,48.570523420267094,47.2007846912237,47.221016694737045,1565052,47.221016694737045
SQM,2012-11-26,47.96510730884365,48.90235402641449,47.12501792252642,48.371127783349294,956181,48.371127783349294
SQM,2012-11-27,47.899754604979464,48.45180501885504,47.384227484739,47.483387317752516,959749,47.483387317752516
SQM,2012-11-28,49.90020335181914,50.439622552244956,49.032154290961365,50.01001056001805,1088684,50.01001056001805
SQM,2012-11-29,50.39768407053903,51.31690976334103,48.75898581609001,50.1061389213292,898081,50.1061389213292
SQM,2012-11-30,50.25462423959653,50.98857577804382,49.26459434260502,50.39987978029576,1297391,50.39987978029576
SQM,2012-12-03,49.35768437254206,50.84816979216472,48.49624218409924,49.441190161281604,194668,49.441190161281604
SQM,2012-12-04,51.22541928568106,52.66170129866426,49.96007104084895,51.289245059801445,896899,51.289245059801445
SQM,2012-12-05,52.310468141341595,52.68226525667007,50.37496553917434,51.84715323486153,1578912,51.84715323486153
SQM,2012-12-06,52.83284863706308,53.473138800284836,51.69757939082933,52.77980028603801,443065,52.77980028603801
SQM,2012-12-07,51.90678716650116,53.1961836260599,51.18937298340372,52.20238198545494,687807,52.20238198545494
SQM,2012-12-10,53.91306016502136,53.93944246237464,52.59134041076898,53.79308972173989,609484,53.79308972173989
SQM,2012-12-11,53.56003545502785,53.925441123258445,53.080184783723695,53.146058306768644,1374868,53.146058306768644
SQM,2012-12-12,53.938058874337734,54.711812191155246,53.09893066988839,54.247943778787274,884844,54.247943778787274
SQM,2012-12-13,53.67834693370103,54.503423244495366,52.27777964505981,53.85331097672564,1037996,53.85331097672564
SQM,2012-12-14,52.61471824913751,54.018445683629245,51.61518025946384,52.539625498958515,1438009,52.539625498958515
SQM,2012-12-17,52.541705387513204,52.693540987143024,51.57832827857191,52.03461972638415,365778,52.03461972638415
SQM,2012-12-18,50.77694850007445,50.91250579116186,49.99571733796293,50.81215219902767,1517971,50.81215219902767
SQM,2012-12-19,50.87336251305528,51.88739823137273,49.768732214291454,50.78768467984114,1181563,50.78768467984114
SQM,2012-12-20,52.185861117268175,53.14412863964961,50.786705985311414,52.569292598996725,1740392,52.569292598996725
SQM,2012-12-21,54.94828246730234,55.24124569112418,53.77971777031756,54.666036145180854,1550329,54.666036145180854
SQM,2012-12-24,57.357736770508424,58.89532256171754,55.80458028473589,57.68089884353046,1737626,57.68089884353046
SQM,2012-12-25,57.22451888989715,57.84064610192997,56.14449010732077,57.42214112585581,239611,57.42214112585581
SQM,2012-12-26,57.59051357186676,58.56777812856349,55.829602002399824,57.35014191408549,927549,57.35014191408549
SQM,2012-12-27,57.95903025169094,58.669764128834835,57.15285930860968,57.713557546223356,690436,57.713557546223356
SQM,2012-12-28,55.548418651850575,56.354597350528586,55.16947316322025,55.75045840115129,339404,55.75045840115129
SQM,2012-12-31,55.489709631192774,56.69018789221827,53.853033736728236,55.10363514359249,1093157,55.10363514359249
SQM,2013-01-01,54.75309617970015,55.76067737707616,52.92130736955787,54.43226667941978,1765650,54.43226667941978
SQM,2013-01-02,53.560029016397706,54.385670700187845,52.389524824848365,53.43629300538725,1461866,53.43629300538725
SQM,2013-01-03,52.729102928253305,53.274058582110264,52.03391339631538,53.07013431584547,1022442,53.07013431584547
SQM,2013-01-04,51.91697232964487,52.82911291094987,51.14141111196688,51.49994639560208,1476054,51.49994639560208
SQM,2013-01-07,51.65401740403148,52.727520061103235,50.70092974006442,51.625704332362396,245451,51.625704332362396
SQM,2013-01-08,49.79681267816035,51.14046011817017,48.84959573692422,49.92021135252656,1121962,49.92021135252656
SQM,2013-01-09,49.72481909616945,50.1714549919218,49.16791114588991,49.303490726807695,1316158,49.303490726807695
SQM,2013-01-10,48.02293930528333,48.403729280626095,46.788760515697874,47.57418216055334,1530138,47.57418216055334
SQM,2013-01-11,48.98223611911957,50.082532740884126,47.9616029826319,48.77038461347919,878120,48.77038461347919
SQM,2013-01-14,51.22031479632574,51.938608542860074,50.022208661634735,50.92355697774251,167926,50.92355697774251
SQM,2013-01-15,50.10092373310849,50.96907892744615,49.14382513857408,50.35596181239001,118914,50.35596181239001
SQM,2013-01-16,49.21399227827726,49.69084920384577,48.813118931545134,49.45255586085281,1391391,49.45255586085281
SQM,2013-01-17,50.238294712602126,50.89262994538302,49.08789686400032,50.16886132586444,1793124,50.16886132586444
SQM,2013-01-18,49.99924704178831,51.08842140888848,48.59777283632181,49.520676123518214,331689,49.520676123518214
SQM,2013-01-21,48.506747898868525,49.16239311537989,47.23257279703204,48.271929686352884,782378,48.271929686352884
SQM,2013-01-22,46.75573686997641,47.97989142968065,45.92708264267197,46.526833707111095,1103362,46.526833707111095
SQM,2013-01-23,45.093649055304134,45.319052260131514,45.04006596346118,45.313330366342036,1357244,45.313330366342036
SQM,2013-01-24,46.40647473717833,46.73199796252367,45.55764680145082,46.48104707395661,1036740,46.48104707395661
SQM,2013-01-25,47.58034309131492,48.61074818780818,47.534956659701855,47.73066642672478,332384,47.73066642672478
SQM,2013-01-28,47.04315031029142,48.182067085430866,46.55864166710397,47.229937434183675,989934,47.229937434183675
SQM,2013-01-29,47.928078615979324,48.32449400305826,47.414809079108586,47.707572863621294,625885,47.707572863621294
SQM,2013-01-30,48.66516674102156,50.44398487796233,47.69138148718292,49.057772055523515,1245478,49.057772055523515
SQM,2013-01-31,47.4092378638532,48.20203135924141,46.306151157852455,47.72859735242195,871121,47.72859735242195
SQM,2013-02-01,47.90096830366176,48.577068864775285,47.29283231584311,47.98513830636349,381737,47.98513830636349
SQM,2013-02-04,46.034967118212016,47.57108245647245,46.02219396148021,46.21731483875584,98537,46.21731483875584
SQM,2013-02-05,46.39251893432494,47.059444396276675,45.62112322998614,46.0212461040932,167653,46.0212461040932
SQM,2013-02-06,46.527228627178104,47.6682655343886,46.08283495810974,46.80765950959632,1559659,46.80765950959632
SQM,2013-02-07,48.00228763420029,49.026448244200665,47.21039737931105,48.2446270458569,1399509,48.2446270458569
SQM,2013-02-08,48.61251397245685,49.18807076220505,48.43675757953048,48.92752421996712,160575,48.92752421996712
SQM,2013-02-11,46.97214739932272,48.369335597297486,46.213909969165556,46.63789344462925,506934,46.63789344462925
SQM,2013-02-12,45.283509095701525,45.63569516192264,44.841836149581624,45.55496295680735,1289863,45.55496295680735
SQM,2013-02-13,45.190968766606716,46.662370051691006,44.231834625467805,45.32506011598616,1122148,45.32506011598616
SQM,2013-02-14,45.74580460503205,46.388069806939875,45.533611880056625,45.59142171345103,1609465,45.59142171345103
SQM,2013-02-15,45.39661633377151,46.043789642722324,44.37572076903048,45.783365060801714,343139,45.783365060801714
SQM,2013-02-18,45.3980138225502,45.625363617903794,44.467690855080996,45.11231829708327,533674,45.11231829708327
SQM,2013-02-19,46.2945396257727,47.20503307205018,45.190877695214716,46.1043585472895,1142558,46.1043585472895
SQM,2013-02-20,45.9621717318884,47.16770608251966,44.832571278591914,46.182891187460136,1146574,46.182891187460136
SQM,2013-02-21,44.99130074568269,46.304511786010565,43.83605017738891,45.088877980162664,697339,45.088877980162664
SQM,2013-02-22,44.64280170584481,44.95956798173633,43.591100508205066,44.535853014357365,590536,44.535853014357365
SQM,2013-02-25,47.641802667027804,48.26097186887332,46.77957345339417,47.22016675646164,996718,47.22016675646164
SQM,2013-02-26,48.695382237047745,50.11415901569551,48.533074181541956,48.56981909022705,671576,48.56981909022705
SQM,2013-02-27,49.314515583508296,50.19564443566907,49.09743360501121,49.55929912280388,1482369,49.55929912280388
SQM,2013-02-28,49.893877057235265,50.599499045238495,48.72340763821574,49.9113492668875,817824,49.9113492668875
SQM,2013-03-01,48.825285873592165,49.29759112846758,47.47538312606755,48.8745369866925,116514,48.8745369866925
SQM,2013-03-04,48.839182361654,50.11527859103065,48.348584068300426,48.80735274689219,1049335,48.80735274689219
SQM,2013-03-05,48.15703927027297,48.68525729255787,46.73791318430852,48.13869952395275,770051,48.13869952395275
SQM,2013-03-06,47.900072838782606,48.94642940436032,47.69763193037445,48.03066595413161,1307156,48.03066595413161
SQM,2013-03-07,47.454067419466384,47.71401985157361,46.85725789830729,47.103778712145235,807620,47.103778712145235
SQM,2013-03-08,47.51339065750852,48.55605393461502,47.219330733267924,47.675380917454305,1258858,47.675380917454305
SQM,2013-03-11,46.940583685627935,48.25580968662629,46.282568783745454,46.91248091222976,1618257,46.91248091222976
SQM,2013-03-12,46.03699404599458,47.33628068272241,46.00044164057874,46.25823504713892,1184336,46.25823504713892
SQM,2013-03-13,46.65242973576542,46.80820649898976,45.89437403563688,46.713342380809195,834766,46.713342380809195
SQM,2013-03-14,48.930157496084604,49.86075583985127,48.73359179355,48.753289392773986,719447,48.753289392773986
SQM,2013-03-15,47.9286047459818,48.73189756316475,47.51371866786361,47.6826992399377,1333465,47.6826992399377
SQM,2013-03-18,47.28842409201497,47.76874381354364,45.76898090573702,47.000571703313135,65323,47.000571703313135
SQM,2013-03-19,47.293409128458464,48.48903739387262,46.9220436631109,47.07046029178544,1739156,47.07046029178544
SQM,2013-03-20,46.57084836636237,47.7086845297549,45.59966076876062,46.60183360134037,1098566,46.60183360134037
SQM,2013-03-21,44.05459588746861,45.3311601657009,43.74830692517792,44.46593388852413,278349,44.46593388852413
SQM,2013-03-22,46.05909382881473,47.08738396296472,44.65573579917444,46.0365432263236,250385,46.0365432263236
SQM,2013-03-25,44.616981076589866,45.27837189047235,43.647695959318646,45.0175011808373,1514565,45.0175011808373
SQM,2013-03-26,45.76544560796145,47.029073639876366,45.01386980911143,45.342446054849866,1220856,45.342446054849866
SQM,2013-03-27,45.97686114480337,47.01303461196381,45.93871963596091,46.08935928718202,1187967,46.08935928718202
SQM,2013-03-28,45.03053961465322,45.662521627311435,43.907355593942725,45.02723342169476,1788867,45.02723342169476
SQM,2013-03-29,44.974996819840364,45.573202739873395,44.24560816307968,45.31070657863655,313284,45.31070657863655
SQM,2013-04-01,46.414514535882155,47.36521843304693,45.38966111611468,45.95885739129139,419488,45.95885739129139
SQM,2013-04-02,43.99667393175841,44.13121358649332,43.93406123648444,44.00353687440935,284927,44.00353687440935
SQM,2013-04-03,43.665689876667734,44.26311628820906,42.94948823043061,43.842559558461936,1645516,43.842559558461936
SQM,2013-04-04,43.96365439919093,44.996656138053154,43.875992714271995,44.235215566494446,287600,44.235215566494446
SQM,2013-04-05,45.30450952114291,46.182640244770425,45.139508014473,45.1690648879025,772884,45.1690648879025
SQM,2013-04-08,43.46723593155493,43.545312169896,43.391123002334396,43.522684491845546,679339,43.522684491845546
SQM,2013-04-09,43.46733980942996,43.638256219589245,43.13967926070215,43.626725693035084,1451594,43.626725693035084
SQM,2013-04-10,44.077125383648244,44.66252453972933,42.921728095559615,44.513677611925885,657666,44.513677611925885
SQM,2013-04-11,44.41858274327138,45.86771350338679,43.888775699428344,44.83428893872109,821775,44.83428893872109
SQM,2013-04-12,45.73932225939043,46.51748879967705,45.22598981316379,45.56289078105389,1026761,45.56289078105389
SQM,2013-04-15,46.26643658420663,47.1292530989473,46.20384632775795,46.28445006052088,861030,46.28445006052088
SQM,2013-04-16,45.7290617496593,46.556889184906304,45.109684520928795,45.41218423408027,1355523,45.41218423408027
SQM,2013-04-17,46.572605892198645,46.62404618136731,45.69670759515361,46.337647634578474,1390386,46.337647634578474
SQM,2013-04-18,47.16947938214272,47.41326938270544,45.977187191524514,47.10029803436088,198561,47.10029803436088
SQM,2013-04-19,46.676044181320485,47.69526180777557,45.859829315724,46.61917729075127,957466,46.61917729075127
SQM,2013-04-22,46.78930602267217,47.69568704043763,46.05560625942575,46.56083670327578,470394,46.56083670327578
SQM,2013-04-23,47.63053024911758,48.266812416246516,46.44144074099366,47.40189921031936,516026,47.40189921031936
SQM,2013-04-24,48.57521627083701,48.76634318775141,47.78312516731869,48.73651711030917,282521,48.73651711030917
SQM,2013-04-25,48.176883211634475,49.1674599838795,46.75666778898654,48.560198524833055,940761,48.560198524833055
SQM,2013-04-26,49.2459982447426,49.61232076740528,48.80195727326986,48.9797168534467,1759411,48.9797168534467
SQM,2013-04-29,50.16146136918866,51.49592098852849,48.708934777895884,50.44079650961207,1510424,50.44079650961207
SQM,2013-04-30,50.19463994273252,51.43647077424454,49.0195722146772,49.903934471052956,1304761,49.903934471052956
SQM,2013-05-01,51.71648710879013,52.49814029954875,50.83769568500313,51.594629135325235,1548700,51.594629135325235
SQM,2013-05-02,50.510646855081106,51.26775836696922,50.46885135679634,50.65454619247249,1511718,50.65454619247249
SQM,2013-05-03,50.83639817731705,51.25281291255381,50.38254740560902,50.48073722407769,496848,50.48073722407769
SQM,2013-05-06,51.521141030197505,51.66428338576408,50.78039078739407,51.32490687137553,1644255,51.32490687137553
SQM,2013-05-07,52.71131151741899,53.2991717588524,52.006640614664335,52.663800060163105,190306,52.663800060163105
SQM,2013-05-08,52.70437445720801,53.99142597074844,51.70281622334022,52.91508236726713,1336987,52.91508236726713
SQM,2013-05-09,51.375025166302144,52.4016178151995,49.41649470479708,50.88018423074415,1125844,50.88018423074415
SQM,2013-05-10,51.02326594165852,51.655103651519596,49.56673984103206,50.68012046157986,669190,50.68012046157986
SQM,2013-05-13,50.08143335241066,51.910068376007,49.85264547738275,50.44811473015736,211341,50.44811473015736
SQM,2013-05-14,50.63094954289153,52.05885588567596,49.79174230660713,50.3227441076362,736724,50.3227441076362
SQM,2013-05-15,51.27928422540216,53.02918837504702,50.993801409802295,51.671794960163396,1378262,51.671794960163396
SQM,2013-05-16,50.20746432136652,51.12178573353444,49.96190957484259,50.46204764235873,293966,50.46204764235873
SQM,2013-05-17,50.84202535571952,51.98068150623905,48.96358155705977,50.38098916210396,968861,50.38098916210396
SQM,2013-05-20,50.58298887583441,51.992736497174626,49.21302751492549,50.21151931176886,160597,50.21151931176886
SQM,2013-05-21,50.0872812429481,51.19566816254294,49.495480111343724,49.98131741865029,704929,49.98131741865029
SQM,2013-05-22,49.21554897584885,49.68175894868165,48.804272743500114,49.02032243599278,856021,49.02032243599278
SQM,2013-05-23,48.87309710875688,49.37809600499293,48.58195965484386,49.27755797163123,442754,49.27755797163123
SQM,2013-05-24,48.72016787666206,50.28899869896654,47.87557375479674,48.88405278124279,1367085,48.88405278124279
SQM,2013-05-27,48.03189313466202,49.63822691789708,47.93405627411454,48.20308676625665,913499,48.20308676625665
SQM,2013-05-28,47.266421900602374,48.70522923094449,46.274843872121394,47.712371425661786,390849,47.712371425661786
SQM,2013-05-29,47.327637597402656,47.77538495696311,46.252541951941524,47.13522979195991,273202,47.13522979195991
SQM,2013-05-30,46.00822181074565,47.384553937734886,44.878380653279024,46.18598776170428,749082,46.18598776170428
SQM,2013-05-31,45.55243542544424,46.85540058917992,44.37783854618979,45.43150342890321,867785,45.43150342890321
SQM,2013-06-03,43.60194239511704,44.68693741548706,42.30528139493571,44.0181569069714,1232851,44.0181569069714
SQM,2013-06-04,45.26172518268476,46.144830230706795,44.32275809575293,45.71739642955483,1071900,45.71739642955483
SQM,2013-06-05,45.61430056153976,46.47711762214122,44.66539107776171,45.91734875949301,1059715,45.91734875949301
SQM,2013-06-06,46.009525694867726,46.11145713938627,44.54136184570508,45.82358585267199,333902,45.82358585267199
SQM,2013-06-07,46.93294662148638,47.72940066407612,45.90869961696349,46.83536845292288,206389,46.83536845292288
SQM,2013-06-10,46.836454009478814,47.653837887520396,45.85483209871042,47.118309803416295,290948,47.118309803416295
SQM,2013-06-11,47.776254204377445,49.044055359366716,47.4660522877642,47.753930275313444,1707180,47.753930275313444
SQM,2013-06-12,48.0543170640976,48.4515614500986,46.726522155758985,47.94000838877088,105565,47.94000838877088
SQM,2013-06-13,50.22439816047766,50.23701000938509,49.37669818916485,49.78732038035263,113892,49.78732038035263
SQM,2013-06-14,52.90245482731072,54.072386119784994,51.252678574916914,52.62624518910892,1256888,52.62624518910892
SQM,2013-06-17,54.393424065696,54.80467368645386,53.57137706893386,54.792496024861144,1585144,54.792496024861144
SQM,2013-06-18,51.059077788537216,52.13496217461353,50.65527799925382,51.29479785118264,635656,51.29479785118264
SQM,2013-06-19,50.550873650684416,50.92405504813467,49.95405338444689,50.648639462770305,260566,50.648639462770305
SQM,2013-06-20,49.675213476577845,50.98748878552009,49.14747953033555,50.070479253101986,772492,50.070479253101986
SQM,2013-06-21,51.59489834678701,51.90119291381411,50.31078096261112,51.53783907951218,249950,51.53783907951218
SQM,2013-06-24,51.52409905411941,52.299862040726275,50.84335217762881,51.10798514706911,873913,51.10798514706911
SQM,2013-06-25,50.570445350529255,51.277351582436,50.497797586561724,50.76703796120986,1024300,50.76703796120986
SQM,2013-06-26,50.74667109076986,51.02459269217505,48.98448047060136,50.25950979077887,322187,50.25950979077887
SQM,2013-06-27,49.67517542025005,50.83385237953165,49.50866496162334,49.92548435169787,1224327,49.92548435169787
SQM,2013-06-28,49.88584319342906,50.03664351360114,48.984443329787325,49.91352883912637,1679143,49.91352883912637
SQM,2013-07-01,50.381029326743125,51.966630494639126,49.92583956558538,50.53968852357218,1115358,50.53968852357218
SQM,2013-07-02,50.25234846270323,51.623549523353354,49.50869496667588,50.445945087520336,511140,50.445945087520336
SQM,2013-07-03,50.18434379918343,51.68946613314075,49.87320984669425,50.30722341679225,1084856,50.30722341679225
SQM,2013-07-04,49.33888922471221,49.868102330198326,47.92574827103022,49.80465032462323,1495894,49.80465032462323
SQM,2013-07-05,50.09837637285601,50.10159224664798,49.05050807878009,50.0663235720252,768871,50.0663235720252
SQM,2013-07-08,48.34309986278222,48.86220083331231,46.736025970319716,48.110811624876675,480648,48.110811624876675
SQM,2013-07-09,46.70953522246332,47.57368106233166,46.29103331400887,46.37213850943052,1082918,46.37213850943052
SQM,2013-07-10,45.23823435239314,45.73056176117968,44.11200733912555,45.39771179264523,1281167,45.39771179264523
SQM,2013-07-11,46.06127621739573,46.8203556096273,45.22053192517337,46.014889308831016,1295720,46.014889308831016
SQM,2013-07-12,44.75708945557772,45.570775528806756,43.93053981988878,44.408221991780984,1612017,44.408221991780984
SQM,2013-07-15,45.609501148988784,45.81697009674874,44.60516436123882,45.33759145293439,638341,45.33759145293439
SQM,2013-07-16,45.42855019566249,46.50983027700705,44.796923887093115,45.46121407249752,687430,45.46121407249752
SQM,2013-07-17,44.119888339731865,45.665348417708344,43.06632864697674,44.417622992722315,206449,44.417622992722315
SQM,2013-07-18,44.968315241446426,45.831879212587396,43.65878290812572,44.9159409518002,596715,44.9159409518002
SQM,2013-07-19,44.46550690148531,45.729904196731916,43.05322880031338,44.03423891680118,1124944,44.03423891680118
SQM,2013-07-22,44.28245156394435,44.60943379721923,43.15307319268618,44.05556486402694,89674,44.05556486402694
SQM,2013-07-23,43.88429196835756,43.932364411584174,42.81716730364939,43.58094886603444,1648827,43.58094886603444
SQM,2013-07-24,44.24962016476357,44.857314431742715,43.31500203820982,44.526789061842955,1529716,44.526789061842955
SQM,2013-07-25,45.69026493659868,46.57863617172555,44.01311315527666,45.32414444428077,877677,45.32414444428077
SQM,2013-07-26,45.87068358048738,47.1512962211581,44.624755034079755,46.32080824404281,197962,46.32080824404281
SQM,2013-07-29,47.926916715307975,48.31139460310442,47.116606648850876,47.58222004675937,263617,47.58222004675937
SQM,2013-07-30,48.09797171344804,48.94211879272096,46.74615899180879,48.35024321459117,1303272,48.35024321459117
SQM,2013-07-31,48.78425624623128,49.322300578368264,47.272344562800875,48.66481986064171,790082,48.66481986064171
SQM,2013-08-01,46.59992625488572,48.127818406496075,46.336803831882634,46.793603051121266,1287121,46.793603051121266
SQM,2013-08-02,46.49595317367909,47.279275470045135,45.15860421290725,46.83759034981072,1432299,46.83759034981072
SQM,2013-08-05,44.623231006688655,45.109918405474396,43.37654721774945,44.85008455594643,1687275,44.85008455594643
SQM,2013-08-06,43.63601820951779,44.400490669574005,43.04629400657259,43.65965704387843,237094,43.65965704387843
SQM,2013-08-07,44.76889145389741,44.9365382178118,43.654194720831406,44.39626349645172,103093,44.39626349645172
SQM,2013-08-08,43.19347798075211,43.949141616411886,43.14741458387129,43.28957743187432,1033575,43.28957743187432
SQM,2013-08-09,43.347778620264386,44.63760276729255,43.26565190366677,43.73627081923558,663624,43.73627081923558
SQM,2013-08-12,43.152007292219785,44.79982039436491,42.71213989105529,43.56696703786001,1319986,43.56696703786001
SQM,2013-08-13,43.14775101657074,44.56128920405332,41.94634602243944,43.39958090159284,289303,43.39958090159284
SQM,2013-08-14,42.69557725047625,44.168790072095106,42.05922966558846,43.08156318286483,1749299,43.08156318286483
SQM,2013-08-15,43.4380752612825,44.06492099978233,42.19366143119814,43.550322407984,789651,43.550322407984
SQM,2013-08-16,43.16398338296211,44.42444813732052,43.04476936849115,43.26413728894738,932695,43.26413728894738
SQM,2013-08-19,43.278400138230126,44.20884968613248,42.43622098971422,42.87355307526356,859817,42.87355307526356
SQM,2013-08-20,43.07710550494271,43.81750306186781,42.52644610894684,43.24469202671286,1663879,43.24469202671286
SQM,2013-08-21,43.263890306962494,43.99601710244597,42.43738703701588,43.17845384842231,1579404,43.17845384842231
SQM,2013-08-22,42.41031249003976,42.9651804308046,41.52175824597399,42.141597685393926,617846,42.141597685393926
SQM,2013-08-23,42.07627762772277,42.32468042471374,41.30851743214736,42.06532140614905,106275,42.06532140614905
SQM,2013-08-26,41.08331412308541,41.64001860681549,39.81705105532078,40.92243052068127,1336417,40.92243052068127
SQM,2013-08-27,41.3202619287471,42.321133311631385,40.515614956447116,40.931909108951054,1485450,40.931909108951054
SQM,2013-08-28,41.877534910305414,42.36143964418273,41.87302575591026,42.0253360638057,876001,42.0253360638057
SQM,2013-08-29,40.848027170832616,41.99030712113316,39.760439970802814,41.19886801614445,120753,41.19886801614445
SQM,2013-08-30,41.90079348909381,42.65572065890687,41.89347988666604,41.959272420164936,1384014,41.959272420164936
SQM,2013-09-02,42.560191296516365,43.73499161484519,42.3975604793505,42.52563192659183,817186,42.52563192659183
SQM,2013-09-03,41.22539197722096,42.148226022681264,41.02888848907925,41.159547880626555,1395065,41.159547880626555
SQM,2013-09-04,41.457513201983936,41.90698488664486,41.051765550583646,41.26064824780837,173936,41.26064824780837
SQM,2013-09-05,42.65618380262316,43.375016940160556,42.22219582774788,42.319250607602704,715876,42.319250607602704
SQM,2013-09-06,41.79175760242544,42.934192134407766,40.846825273275506,41.79161947125627,981259,41.79161947125627
SQM,2013-09-09,40.93994986680208,41.51418743128008,40.248660142440144,41.23402623741937,1645021,41.23402623741937
SQM,2013-09-10,40.43367326584968,41.08860262151451,39.8026834431734,40.511935494234294,826992,40.511935494234294
SQM,2013-09-11,40.45543591606555,41.00712772458605,39.32427794413736,40.736214840464115,945875,40.736214840464115
SQM,2013-09-12,39.10571971181215,39.8498065226597,39.08337675668097,39.355783878950035,1324282,39.355783878950035
SQM,2013-09-13,37.98548213559007,38.434873424330775,37.63158190190765,38.36785640585138,1232849,38.36785640585138
SQM,2013-09-16,37.99040546690565,38.988759638721,37.04696238599101,37.666688777188746,996737,37.666688777188746
SQM,2013-09-17,36.35142598157851,37.418244822389134,36.16558743074789,36.173985413100226,212270,36.173985413100226
SQM,2013-09-18,34.63968383508518,35.51365817575015,33.88335808150309,34.91884178508503,1375630,34.91884178508503
SQM,2013-09-19,34.548885769328756,35.12316489062922,33.57958971576619,34.261020266639356,242432,34.261020266639356
SQM,2013-09-20,34.26983709363596,35.25251444996512,33.192099730682145,34.017861123970256,1106877,34.017861123970256
SQM,2013-09-23,35.25570935949136,35.671629797458074,34.115632933806474,34.96904014971834,1291949,34.96904014971834
SQM,2013-09-24,35.47725289652528,36.43170152641143,34.61353807701506,35.76529662236113,473231,35.76529662236113
SQM,2013-09-25,35.81827062620956,37.029071349820555,35.40009613052035,36.12177073026807,1269761,36.12177073026807
SQM,2013-09-26,37.486260490991704,38.38688007490966,36.69245258857843,37.813166459543844,995395,37.813166459543844
SQM,2013-09-27,38.11775061547536,38.3710408997561,37.71039347134606,37.76508345537253,929188,37.76508345537253
SQM,2013-09-30,38.558251838545964,39.49834233377367,38.22357532114672,38.434898874847924,601025,38.434898874847924
SQM,2013-10-01,37.85867519133355,38.414020110475484,36.90600604786554,38.10407911570334,638915,38.10407911570334
SQM,2013-10-02,38.97576306780284,39.96236737721087,38.45160380991403,38.64407365258373,616934,38.64407365258373
SQM,2013-10-03,38.08075229002117,39.20446324745561,37.33321687147847,38.1240879104566,820596,38.1240879104566
SQM,2013-10-04,36.840950550713984,37.44446022950788,35.78317393146081,36.631821695725094,1436055,36.631821695725094
SQM,2013-10-07,36.519423363843025,36.573432956794356,36.18211293729372,36.42022324580422,1305561,36.42022324580422
SQM,2013-10-08,37.570096040213635,38.647175631751445,37.29728378841073,37.457980711712636,1724528,37.457980711712636
SQM,2013-10-09,36.02713422427489,36.97020572032222,35.98438700306226,36.07061436506427,1731936,36.07061436506427
SQM,2013-10-10,35.22499081063045,35.42343468978327,34.61230758898453,35.29915416738116,1205954,35.29915416738116
SQM,2013-10-11,35.250370055552544,36.160456628188975,34.78729798694233,35.49034117400843,1053799,35.49034117400843
SQM,2013-10-14,35.635329208640336,36.28421525602168,35.22365263417081,35.94388539306504,1455104,35.94388539306504
SQM,2013-10-15,37.00834971102465,37.37509877274718,36.28441954055211,36.69425314123513,1648185,36.69425314123513
SQM,2013-10-16,37.839600986542884,38.49835915193912,36.83923802580322,37.5120281772738,195649,37.5120281772738
SQM,2013-10-17,37.62129304442252,38.42474843646948,36.56128198357136,37.515276401150636,449901,37.515276401150636
SQM,2013-10-18,36.4532820569514,36.547388707291084,35.43672308561385,36.5350758453373,346512,36.5350758453373
SQM,2013-10-21,36.95687858443514,37.48216092421355,36.85264731177047,37.3112684683549,1741005,37.3112684683549
SQM,2013-10-22,36.59629185485062,37.62685815522612,35.90083535688576,36.634643826787595,1502112,36.634643826787595
SQM,2013-10-23,36.008384197589,36.54310006497942,35.0119995496154,35.89425816074081,1227371,35.89425816074081
SQM,2013-10-24,37.01323002257074,37.710032399091354,36.994988437121044,37.16166347930734,447324,37.16166347930734
SQM,2013-10-25,36.79738348741281,37.8442821088164,36.57980926116618,36.91370798565331,621064,36.91370798565331
SQM,2013-10-28,37.10377232922901,37.2684105374003,37.08282675339708,37.124321822225326,1754379,37.124321822225326
SQM,2013-10-29,37.877643763025446,38.69253433720061,37.058129480277096,37.881494223779875,140249,37.881494223779875
SQM,2013-10-30,38.15246390490829,38.731876558207055,37.35665894491232,37.96804188133862,1644560,37.96804188133862
SQM,2013-10-31,38.05625220021142,38.903100775861695,37.83783934895153,38.05643392877339,852131,38.05643392877339
SQM,2013-11-01,39.66686075277237,40.47519282287779,38.86522473037189,39.394820048979824,1330390,39.394820048979824
SQM,2013-11-04,38.58218011438381,39.367173548989136,37.83557263674109,38.595475071923154,1484430,38.595475071923154
SQM,2013-11-05,38.366476254765594,39.72365434129138,37.3978300720901,38.729048371257626,239919,38.729048371257626
SQM,2013-11-06,38.782309534499795,39.70790532487512,38.27243681376644,39.06246072505359,1078052,39.06246072505359
SQM,2013-11-07,37.454371452812644,37.91264401359119,36.842355087441994,37.29165914906467,852329,37.29165914906467
SQM,2013-11-08,36.70109588734003,36.95522502358449,36.39363012962789,36.73646448749808,344124,36.73646448749808
SQM,2013-11-11,35.73247699697219,36.12923503355968,35.50792596547339,35.76021445500742,1341892,35.76021445500742
SQM,2013-11-12,36.81040063334918,37.77107326426019,35.49715978095255,36.461820666559014,243061,36.461820666559014
SQM,2013-11-13,36.59850877822146,36.969039053146275,36.13836783494874,36.54627567623517,294021,36.54627567623517
SQM,2013-11-14,36.14895060637259,37.504959369768336,35.911930530526305,36.42804748393773,260476,36.42804748393773
SQM,2013-11-15,36.21260887274,36.92203248358134,35.548837969062554,36.26065105944293,263479,36.26065105944293
SQM,2013-11-18,37.18918130555674,38.09842084765547,36.336382721696445,37.14362443278329,148671,37.14362443278329
SQM,2013-11-19,36.71974949821687,37.61105051550925,36.14654187934952,37.062604061509106,1755128,37.062604061509106
SQM,2013-11-20,37.20989348029801,38.04358503554099,36.43974535867557,37.31092410889907,594940,37.31092410889907
SQM,2013-11-21,37.01724562182732,38.11613606911825,36.134840215492154,36.674109355261216,1001514,36.674109355261216
SQM,2013-11-22,37.56895813198519,38.13279671139757,36.605600187710465,37.38107842347757,434417,37.38107842347757
SQM,2013-11-25,38.141704422061906,38.54160237333935,37.48113008827535,38.239480810787924,959899,38.239480810787924
SQM,2013-11-26,36.75832321888276,37.65412463315931,36.66474203468485,36.934046719740614,1745033,36.934046719740614
SQM,2013-11-27,36.37285457404497,37.53912218501,36.281855838699975,36.53128902306831,903582,36.53128902306831
SQM,2013-11-28,36.01282650062679,36.03140762341377,35.769432686412195,35.77782731777789,710691,35.77782731777789
SQM,2013-11-29,35.86557863108622,37.00634458163119,35.31266418269905,35.936281843540584,1031752,35.936281843540584
SQM,2013-12-02,36.294697720675806,36.88762429102567,35.14758896781124,36.04728728958733,934973,36.04728728958733
SQM,2013-12-03,36.83146178471265,37.7148029468161,36.41118562936068,36.53281069334082,1557197,36.53281069334082
SQM,2013-12-04,35.985193672955205,36.13869663238736,35.549963501842775,36.01097812974361,1413545,36.01097812974361
SQM,2013-12-05,36.269537491108046,36.58671704746533,35.677312742448436,35.94939202980693,593632,35.94939202980693
SQM,2013-12-06,35.49481119765864,36.68209769326638,34.60310436682462,35.637395425514626,274969,35.637395425514626
SQM,2013-12-09,34.434756565298294,34.899678450086796,33.731975727538185,34.60082628335779,624780,34.60082628335779
SQM,2013-12-10,33.501210212959336,34.18398097708042,32.772778012055916,33.766410265346025,351687,33.766410265346025
SQM,2013-12-11,32.225747815420526,32.66317889194784,31.800132269844536,32.39041806522109,1256672,32.39041806522109
SQM,2013-12-12,33.46681552618429,33.937159072130626,33.28248761567318,33.285308283262815,752666,33.285308283262815
SQM,2013-12-13,32.35062716339285,32.567659847078495,31.97440427886916,32.41299779401164,546131,32.41299779401164
SQM,2013-12-16,31.92512147394186,32.64216676222969,31.516030151366827,32.15136232814383,911016,32.15136232814383
SQM,2013-12-17,32.978442057858274,33.53728627217096,32.74008968379839,33.23968503563139,760836,33.23968503563139
SQM,2013-12-18,32.85378127465502,33.663750002664266,32.192252497692294,32.860194476116746,1006846,32.860194476116746
SQM,2013-12-19,33.50081592392752,33.89253802278917,32.72449782159559,33.47446855857213,427566,33.47446855857213
SQM,2013-12-20,33.37599469666411,34.169729541426285,33.019311520312876,33.18052490418083,597358,33.18052490418083
SQM,2013-12-23,33.5325377495248,34.17812758297749,33.34957837926766,33.3890928069467,470168,33.3890928069467
SQM,2013-12-24,32.982638435294376,34.115234127175405,32.41013307659232,33.2036987248987,327039,33.2036987248987
SQM,2013-12-25,32.19287953839136,33.123575062846186,31.26694583915835,32.33717631544951,835591,32.33717631544951
SQM,2013-12-26,33.81308153742439,34.72716942222215,32.85311321964149,33.682552071385274,1601296,33.682552071385274
SQM,2013-12-27,34.188732799770534,34.95115088122582,34.042043982561985,34.40855336495319,371666,34.40855336495319
SQM,2013-12-30,34.460210846114904,35.40453609717876,33.34991154930766,34.25248710028208,1706579,34.25248710028208
SQM,2013-12-31,33.68513233759123,33.841504999062394,33.34070904295129,33.57945268715191,995426,33.57945268715191
SQM,2014-01-01,32.99128792011142,33.07486097498638,32.591740494071324,32.96732574218339,1428216,32.96732574218339
SQM,2014-01-02,32.84351136803889,33.36180349613091,32.48054990776818,32.749026704542175,1459685,32.749026704542175
SQM,2014-01-03,31.83166277970819,32.88375441937338,31.12174401041549,32.08855369891824,1242306,32.08855369891824
SQM,2014-01-06,32.10640414946973,32.31076971802424,31.130967824328167,32.075597436092984,263447,32.075597436092984
SQM,2014-01-07,32.92750388206699,33.917361738807884,31.97894919809041,32.95960670656779,1165129,32.95960670656779
SQM,2014-01-08,32.60222685708648,32.7834056283662,32.324729685606805,32.59377531546613,616659,32.59377531546613
SQM,2014-01-09,33.43869941540276,34.2608726985915,33.050874804657944,33.547617148310856,1172612,33.547617148310856
SQM,2014-01-10,32.75113190199006,33.671699093334865,32.59437168967128,32.77198999622574,748546,32.77198999622574
SQM,2014-01-13,33.767612364897126,34.745549292945775,32.90680239473064,33.51075260951379,1707037,33.51075260951379
SQM,2014-01-14,34.21778180485675,35.00536241385888,33.76154039594796,34.32428759175472,934740,34.32428759175472
SQM,2014-01-15,34.79584235348514,35.72034503528874,34.56984932478229,35.11543805568851,1618945,35.11543805568851
SQM,2014-01-16,35.28104409058974,35.55035763108944,34.748283310716324,35.45371675621864,222346,35.45371675621864
SQM,2014-01-17,35.37289092596375,35.426245238935664,35.36583246650586,35.405206275396914,869036,35.405206275396914
SQM,2014-01-20,36.148053043823495,37.21705130406101,35.84522459535312,36.12385687870197,1132260,36.12385687870197
SQM,2014-01-21,36.197159409402424,36.54835116667691,35.85326153522652,36.249977055063546,133606,36.249977055063546
SQM,2014-01-22,36.57945377596132,36.6587288945265,36.125676751793094,36.34205861734488,1608096,36.34205861734488
SQM,2014-01-23,35.90058659002344,36.48053822721308,35.36694852984301,35.604942433199994,228306,35.604942433199994
FF,2010-01-04,11.769930941085345,11.979307712978347,11.523208046742893,11.85418484298452,1103656,11.85418484298452
FF,2010-01-05,11.9421994401122,11.954510770670202,11.745278380760027,11.939910214426057,1193692,11.939910214426057
FF,2010-01-06,11.959502194283122,12.135951306207458,11.825906420603818,12.02502757076593,1198710,12.02502757076593
FF,2010-01-07,11.80890864907786,12.098382544704231,11.537089139700564,11.847405258347948,977357,11.847405258347948
FF,2010-01-08,12.123002418748904,12.517795353461953,11.834611709370082,12.17344339083849,892723,12.17344339083849
FF,2010-01-11,12.014221423729266,12.176303121815778,11.910552372284071,11.949210203296229,1164644,11.949210203296229
FF,2010-01-12,12.109483141209294,12.231571173284115,11.96303544854518,12.018843003016382,871334,12.018843003016382
FF,2010-01-13,12.342591694751148,12.635393337762693,12.256234345587727,12.392540425663638,1087713,12.392540425663638
FF,2010-01-14,12.443323602945382,12.553105841594062,12.354064182640046,12.474097380252084,1300060,12.474097380252084
FF,2010-01-15,12.217140129977732,12.49782184043509,12.055351612008131,12.140588059410597,1327858,12.140588059410597
FF,2010-01-18,12.408259808352051,12.562382856754148,12.316183756614535,12.344291777821809,1529279,12.344291777821809
FF,2010-01-19,12.365216699686373,12.727741876889459,12.256063993619739,12.313795848185972,636936,12.313795848185972
FF,2010-01-20,12.522214689337536,12.873131771837121,12.241632252473456,12.47037349078706,1517891,12.47037349078706
FF,2010-01-21,12.731413124068487,13.038435055658912,12.529481127929134,12.783267445000469,1452045,12.783267445000469
FF,2010-01-22,12.55644514481825,12.800535426921606,12.300099782853982,12.447768934261925,780679,12.447768934261925
FF,2010-01-25,12.628165371289722,12.674820265005886,12.35310879395148,12.550554224253222,51152,12.550554224253222
FF,2010-01-26,12.752283277695579,12.934283231380896,12.48331354481607,12.82617958255615,1789192,12.82617958255615
FF,2010-01-27,12.955095936056187,13.29008725539644,12.859428004341087,12.913217983434329,1190565,12.913217983434329
FF,2010-01-28,13.167204241077997,13.40309876677018,13.089563512909734,13.25871771279645,551403,13.25871771279645
FF,2010-01-29,13.336416227739397,13.506105865146973,13.072006582019203,13.315740804424074,1303507,13.315740804424074
FF,2010-02-01,13.65657333558189,14.059952062525408,13.293854721010433,13.714421436723589,1726772,13.714421436723589
FF,2010-02-02,13.242205888873318,13.518538947008658,12.846874225455453,13.347586080629792,438294,13.347586080629792
FF,2010-02-03,13.591970858170914,13.938570873393477,13.1946800523289,13.56398136629245,317338,13.56398136629245
FF,2010-02-04,13.10249387269502,13.129784671813393,12.672841891294546,13.002556886985715,1030171,13.002556886985715
FF,2010-02-05,12.994165128415128,13.359562453811376,12.86076347373645,13.088214224302945,942980,13.088214224302945
FF,2010-02-08,12.944246483277665,12.968714721288595,12.54110627151072,12.841752728768018,842614,12.841752728768018
FF,2010-02-09,12.934075263235771,13.339916414564199,12.792379419550711,13.031075056856285,860274,13.031075056856285
FF,2010-02-10,13.013566161035063,13.229155935651809,12.689950238863323,12.950915396378043,264497,12.950915396378043
FF,2010-02-11,13.109560629496125,13.328177965450884,12.941562905364293,12.98243707049553,218273,12.98243707049553
FF,2010-02-12,12.75046197807364,13.000195271603465,12.547376408255753,12.854926249987583,1055961,12.854926249987583
FF,2010-02-15,13.192451252089674,13.628283791661346,13.062974050476539,13.26870081485775,1693515,13.26870081485775
FF,2010-02-16,13.22242685955077,13.434163020341835,13.008599141045904,13.232071595597821,322434,13.232071595597821
FF,2010-02-17,13.111134565208399,13.213573357209754,13.014887124154747,13.049125889887922,847557,13.049125889887922
FF,2010-02-18,12.833722987496914,13.151022621370345,12.612996215762088,12.7323965504865,1603599,12.7323965504865
FF,2010-02-19,12.60555019042397,12.964102490507331,12.41334617963008,12.54805262119081,638494,12.54805262119081
FF,2010-02-22,12.407601509902712,12.497789069398786,12.189722324522721,12.340660616200832,56458,12.340660616200832
FF,2010-02-23,12.338907910798694,12.574994715592537,12.334692268633285,12.350730966167218,1261504,12.350730966167218
FF,2010-02-24,12.26702599641293,12.519729780239734,12.151013426035842,12.302502601142637,1505874,12.302502601142637
FF,2010-02-25,11.865450833450838,12.082453369603023,11.776105083199518,11.863608622569984,851612,11.863608622569984
FF,2010-02-26,11.8257157880055,12.025889828264017,11.46564519840659,11.79045622848121,1536574,11.79045622848121
FF,2010-03-01,11.352573599994125,11.38669171610647,11.288773215461696,11.352041830389862,212832,11.352041830389862
FF,2010-03-02,11.591091549753106,11.734526647408913,11.384750315012305,11.524175546149316,261964,11.524175546149316
FF,2010-03-03,11.414387125171839,11.833084702716544,11.187239199590158,11.493213482774001,380560,11.493213482774001
FF,2010-03-04,11.222156954534082,11.275262222199297,11.081326891970933,11.245505361305046,1037392,11.245505361305046
FF,2010-03-05,11.10925959310809,11.431543334115732,10.98446376926666,11.206417111545381,413832,11.206417111545381
FF,2010-03-08,11.44286182494352,11.74986212543136,11.15066245892798,11.403761141596714,1155787,11.403761141596714
FF,2010-03-09,11.419778212611897,11.488522211209395,11.169501930281491,11.361373485769544,669018,11.361373485769544
FF,2010-03-10,11.421141511541979,11.696077942240862,11.287877102348762,11.383034464383492,1121682,11.383034464383492
FF,2010-03-11,11.662766293517016,11.747359146058029,11.289137506277196,11.55755665501459,1115782,11.55755665501459
FF,2010-03-12,11.551133433599931,11.56166076138521,11.395852528137288,11.452154064453246,1630117,11.452154064453246
FF,2010-03-15,11.234496599676076,11.462769733003576,10.923590841151146,11.28631980110699,1306488,11.28631980110699
FF,2010-03-16,11.07056677006707,11.365037010133623,10.931482073410258,11.127724803125595,796088,11.127724803125595
FF,2010-03-17,11.186778002289483,11.360725506206935,10.97859881522588,11.293997991463904,389898,11.293997991463904
FF,2010-03-18,11.3434737267316,11.367441270246594,11.020746223741162,11.342891114054469,233837,11.342891114054469
FF,2010-03-19,11.537703727240592,11.729272820300743,11.377473976584081,11.454971366378473,486504,11.454971366378473
FF,2010-03-22,11.14123849538077,11.267795356403704,10.989675930432995,11.218080831930957,1786646,11.218080831930957
FF,2010-03-23,11.571768471371126,11.63575406164127,11.451555926477182,11.550197212327365,747663,11.550197212327365
FF,2010-03-24,11.818777209784612,12.068196912668684,11.548095495363144,11.766916657878337,391094,11.766916657878337
FF,2010-03-25,11.534177685354924,11.777147664045886,11.485602774745427,11.564781159074016,1710312,11.564781159074016
FF,2010-03-26,11.72235059736377,12.055373078192327,11.35403240987784,11.674963193127788,369937,11.674963193127788
FF,2010-03-29,11.57666010888042,11.68898235431688,11.234611480877174,11.49908346467235,287217,11.49908346467235
FF,2010-03-30,11.093083880144185,11.274809609843308,11.024729345462534,11.202756688576724,371209,11.202756688576724
FF,2010-03-31,11.34056910440103,11.563662987915931,11.272119832128721,11.28746652369403,223311,11.28746652369403
FF,2010-04-01,11.361875926562282,11.693187379148869,11.286998318629228,11.339233955898647,632741,11.339233955898647
FF,2010-04-02,11.53790967277929,11.72948937763071,11.194476559901256,11.458880934326634,725509,11.458880934326634
FF,2010-04-05,11.565731123965008,11.752623811477525,11.339692279637662,11.649935520831297,1325776,11.649935520831297
FF,2010-04-06,11.892108370072751,12.216930517081598,11.736361208323675,11.819512840174912,913478,11.819512840174912
FF,2010-04-07,11.762281380951285,12.064248619707632,11.74332244962144,11.847302298495467,1254881,11.847302298495467
FF,2010-04-08,11.861283824687902,11.93698080811025,11.58869723829261,11.841181791346322,1533535,11.841181791346322
FF,2010-04-09,12.063197070967068,12.46397281626952,11.841116787584436,12.118728823998683,1335303,12.118728823998683
FF,2010-04-12,11.994072668981401,12.15551477234381,11.64248052274671,12.056766098741484,1637913,12.056766098741484
FF,2010-04-13,12.289515535376497,12.6210914082376,12.106795706412264,12.289825165416248,813038,12.289825165416248
FF,2010-04-14,11.954244448613558,12.174651919430957,11.567699994811464,11.893035746495263,239999,11.893035746495263
FF,2010-04-15,11.821906260231376,12.000173765961087,11.46430765685122,11.787669505386482,766411,11.787669505386482
FF,2010-04-16,11.90139024549978,12.020130595090752,11.701828728565447,11.786224174301445,527004,11.786224174301445
FF,2010-04-19,11.831438461004822,11.964781184742927,11.598567321813974,11.922271642345068,1078769,11.922271642345068
FF,2010-04-20,12.149761917093192,12.238994327671909,12.072758132933942,12.096113398078444,1372217,12.096113398078444
FF,2010-04-21,12.214057237312623,12.445998288805304,12.11002409218097,12.32362156473221,664775,12.32362156473221
FF,2010-04-22,12.343525701497263,12.48604378251804,12.08237208880039,12.378817042703375,1287051,12.378817042703375
FF,2010-04-23,12.319255527609844,12.38512059540034,12.201686227278884,12.357935483595949,105883,12.357935483595949
FF,2010-04-26,12.548288133638401,12.82909732558453,12.497693374591789,12.609769996028957,221428,12.609769996028957
FF,2010-04-27,12.657851899004086,12.838294491930322,12.435636186723785,12.64965424687082,263648,12.64965424687082
FF,2010-04-28,12.867745000045465,12.975372170573818,12.69857469239227,12.934062248004654,1552376,12.934062248004654
FF,2010-04-29,13.02467702512023,13.240993017866392,12.718918196115675,13.059265261623567,688901,13.059265261623567
FF,2010-04-30,13.165713016198033,13.196901755717354,12.837303487143897,13.071728452754536,1663774,13.071728452754536
FF,2010-05-03,13.238186749737135,13.656287036758693,13.0710080498712,13.285025314149042,1147612,13.285025314149042
FF,2010-05-04,13.486593155304472,13.591415845459473,13.202697040751078,13.35677614940368,634775,13.35677614940368
FF,2010-05-05,13.364081165399705,13.716115775577176,13.251836673011265,13.424209948880925,1594080,13.424209948880925
FF,2010-05-06,13.354167163457578,13.454823911459242,13.230443388688922,13.247392159430529,588151,13.247392159430529
FF,2010-05-07,13.196696996105683,13.402979331000141,13.132773793646995,13.21486065809735,1660925,13.21486065809735
FF,2010-05-10,13.221284148458246,13.591453497975476,13.056004071752172,13.11439437875503,778683,13.11439437875503
FF,2010-05-11,13.162290238195522,13.526296630570432,12.987565584446982,13.181589959138542,1249795,13.181589959138542
FF,2010-05-12,13.305450245281,13.616350998280764,12.894114359451889,13.23389181724853,721497,13.23389181724853
FF,2010-05-13,13.17827216646154,13.517708873085805,13.03416460593634,13.204682163488947,1249467,13.204682163488947
FF,2010-05-14,13.216109409907082,13.542598355860399,12.949388183399325,13.184228976522338,1477058,13.184228976522338
FF,2010-05-17,13.175084973125387,13.590523915827958,12.792417585359853,13.29433833592835,1663242,13.29433833592835
FF,2010-05-18,12.93770117749324,13.28579868988581,12.600250397286946,12.912135125207056,147166,12.912135125207056
FF,2010-05-19,12.558521501376408,12.737360907081152,12.46775141637373,12.604920277536701,1028050,12.604920277536701
FF,2010-05-20,12.701834334603353,12.902317925568584,12.437772837401607,12.576998250688845,115785,12.576998250688845
FF,2010-05-21,12.933380957852961,13.184190610546421,12.845212228564849,12.853529154313584,976856,12.853529154313584
FF,2010-05-24,13.06955497924486,13.258593302320017,13.039539035932348,13.180382537073003,1359831,13.180382537073003
FF,2010-05-25,12.786868161032526,13.058727281825732,12.631223613920131,12.864500401048641,685399,12.864500401048641
FF,2010-05-26,13.612007016234463,13.66267608425307,13.236191190072322,13.580480216229663,1107551,13.580480216229663
FF,2010-05-27,13.332565205753788,13.631617174171916,13.067118809175657,13.385994609023435,955994,13.385994609023435
FF,2010-05-28,13.096574654844561,13.210785204577382,12.795226673555376,13.172208565676915,207974,13.172208565676915
FF,2010-05-31,12.633310544700894,12.861199874400771,12.432636578934725,12.66987725050317,1746695,12.66987725050317
FF,2010-06-01,12.440633969058622,12.713055701712015,12.366204182770561,12.539392700406767,1681893,12.539392700406767
FF,2010-06-02,12.48990500029624,12.531792749685058,12.409632462536372,12.476312715122065,185015,12.476312715122065
FF,2010-06-03,12.760696842797811,12.985237789132922,12.446043217078778,12.816317789670762,1476833,12.816317789670762
FF,2010-06-04,13.100099364530799,13.366479462651899,12.828724106052457,13.004642716164092,1300086,13.004642716164092
FF,2010-06-07,13.136855475002331,13.497367886310585,13.009453978179502,13.26077674161411,773591,13.26077674161411
FF,2010-06-08,13.663037323435775,13.892201653196832,13.415721979613355,13.703890837095674,1625556,13.703890837095674
FF,2010-06-09,14.258350079476276,14.414455526252778,14.203810249107443,14.244219700111264,155818,14.244219700111264
FF,2010-06-10,14.661245502743801,14.764691545879874,14.379318143762989,14.73931561520216,1676884,14.73931561520216
FF,2010-06-11,14.711399627295808,15.26844821282161,14.486374704829364,14.842802267915935,1395488,14.842802267915935
FF,2010-06-14,14.62535927465995,14.929713903395518,14.444079038453381,14.751497639813095,1557708,14.751497639813095
FF,2010-06-15,14.918734071359392,15.20875884527057,14.662438805326277,15.021080719588817,1659788,15.021080719588817
FF,2010-06-16,14.775631773279752,14.900500951124641,14.75951235209567,14.843349830180562,662141,14.843349830180562
FF,2010-06-17,15.071193705543052,15.312032080530477,14.901576115685078,15.00943450437132,1737185,15.00943450437132
FF,2010-06-18,14.958511547805914,15.405754481868088,14.881811885831253,14.96610087520397,609291,14.96610087520397
FF,2010-06-21,14.696761862372444,14.947957979982778,14.587695836671172,14.83534636141373,1182929,14.83534636141373
FF,2010-06-22,14.330915823449104,14.566124250986151,14.153831592703606,14.43047652114359,1355078,14.43047652114359
FF,2010-06-23,14.51591748589107,14.657501372704353,14.092704793135667,14.554362821069766,603137,14.554362821069766
FF,2010-06-24,14.310090574603125,14.70571395285149,14.209094267765112,14.333088516096618,973645,14.333088516096618
FF,2010-06-25,14.369251152968179,14.702560948661846,14.202292323384913,14.495903034939323,235278,14.495903034939323
FF,2010-06-28,14.362828917293362,14.830067077988721,13.966730523921566,14.472513435468894,1366166,14.472513435468894
FF,2010-06-29,14.405543004885674,14.843520161952002,14.024623741635073,14.474385618400085,1770433,14.474385618400085
FF,2010-06-30,14.545536492951172,14.872413827389565,14.223379484320642,14.44825506192628,1582111,14.44825506192628
FF,2010-07-01,14.034479636725251,14.227133488978241,13.97251956696518,14.116581945504565,404294,14.116581945504565
FF,2010-07-02,13.883941977842632,13.974990797443079,13.698069960372486,13.96022212431698,99606,13.96022212431698
FF,2010-07-05,13.765468045876394,13.826155415938219,13.732272247774835,13.76697557184717,1424737,13.76697557184717
FF,2010-07-06,13.678915491348253,13.964920951321002,13.497587424407067,13.572649908308232,810683,13.572649908308232
FF,2010-07-07,13.38072330103142,13.67799619528725,13.225056206038293,13.373184161248682,1402281,13.373184161248682
FF,2010-07-08,13.050875581286771,13.46420439357564,12.782038805619857,13.161602036944412,354860,13.161602036944412
FF,2010-07-09,12.912857601310115,13.089454634295194,12.85580875583549,12.994347978479615,1198461,12.994347978479615
FF,2010-07-12,12.934057460126645,12.993438757282226,12.711362832432417,12.84266886265193,608182,12.84266886265193
FF,2010-07-13,13.067844666709597,13.429717394944218,12.796092312236425,12.970112830879504,352685,12.970112830879504
FF,2010-07-14,13.09740377495773,13.35838719727733,12.825401459454499,13.020464941480917,361192,13.020464941480917
FF,2010-07-15,12.830852654582072,13.116453116082761,12.517370645635204,12.82012606758892,566999,12.82012606758892
FF,2010-07-16,12.724283006758688,12.775676975883046,12.348562421577713,12.739787120960699,1336797,12.739787120960699
FF,2010-07-19,12.29661259114532,12.506743493273083,12.192032479918703,12.35387949172868,278629,12.35387949172868
FF,2010-07-20,12.407283215056069,12.430847585199992,12.365540763697448,12.39543461369463,1206979,12.39543461369463
FF,2010-07-21,12.395002358541953,12.63958738450963,12.04739683889028,12.349846213222705,1696669,12.349846213222705
FF,2010-07-22,12.188705179954129,12.367644493779311,12.140735747596139,12.164557483627702,302506,12.164557483627702
FF,2010-07-23,12.546591252401482,12.786705681734647,12.197260963401096,12.615837813995887,611186,12.615837813995887
FF,2010-07-26,12.669988940503828,13.013183719118881,12.399911880502026,12.56865926542406,1582330,12.56865926542406
FF,2010-07-27,12.646000261699074,12.955175434500617,12.31046106974922,12.673772588139157,301860,12.673772588139157
FF,2010-07-28,12.707029676383945,13.074613507909495,12.568008450384895,12.609960101341962,1472666,12.609960101341962
FF,2010-07-29,12.350705729723225,12.393268490854258,12.018437233974028,12.37608948015755,1289170,12.37608948015755
FF,2010-07-30,12.309077746724942,12.65323125213963,12.032512939646846,12.423760341276594,240920,12.423760341276594
FF,2010-08-02,12.383709885169976,12.617842690707512,12.253297737346655,12.325053944875668,1077178,12.325053944875668
FF,2010-08-03,12.585143435125753,12.595164910284797,12.363641255863831,12.480274387291324,1530118,12.480274387291324
FF,2010-08-04,12.363348792392552,12.717655034531681,12.136405124642106,12.42428740385568,1458274,12.42428740385568
FF,2010-08-05,12.388516617334458,12.445608433956332,12.317385351345454,12.37799949226237,391929,12.37799949226237
FF,2010-08-06,12.682194435440513,12.949004482819246,12.466889753117389,12.604645949822695,1658636,12.604645949822695
FF,2010-08-09,12.59794524969497,12.657532741732991,12.318186766229283,12.643186287654,1100902,12.643186287654
FF,2010-08-10,12.635219200137973,12.923107164445435,12.536766595509706,12.689485820310221,619039,12.689485820310221
FF,2010-08-11,12.727905247398848,12.949792449641585,12.473242666327488,12.750584660496116,670803,12.750584660496116
FF,2010-08-12,12.972211800687342,13.160286929070043,12.88746776152158,12.95910370301537,869807,12.95910370301537
FF,2010-08-13,13.542422898265407,13.691389021596606,13.439569277676107,13.528209274330624,78608,13.528209274330624
FF,2010-08-16,13.430210773653133,13.603239518494135,13.151608391953513,13.433876777644358,214867,13.433876777644358
FF,2010-08-17,13.500749620613789,13.69390252774606,13.054074057718466,13.414804030510924,1646602,13.414804030510924
FF,2010-08-18,13.174626917140746,13.385200370989159,13.103795595387005,13.266719474235417,633897,13.266719474235417
FF,2010-08-19,13.101464946960677,13.581759331733544,12.851665410340244,13.21107421510833,1154730,13.21107421510833
FF,2010-08-20,13.211879274134544,13.685078960239313,12.94446650285933,13.300042114164878,133815,13.300042114164878
FF,2010-08-23,13.477220567244492,13.598476257743794,13.027107924891416,13.422455661230353,1320045,13.422455661230353
FF,2010-08-24,13.595457434189822,14.012477578254806,13.48365100807333,13.692607957168281,395504,13.692607957168281
FF,2010-08-25,13.567898746197994,13.923171891682435,13.272417681735202,13.616147315368893,233827,13.616147315368893
FF,2010-08-26,13.818718685115094,14.181701492899487,13.48247232291408,13.714575488358353,543534,13.714575488358353
FF,2010-08-27,13.415853271196008,13.51464465624535,13.375523309032937,13.513085608206822,1178495,13.513085608206822
FF,2010-08-30,13.348326197945507,13.483725476565422,12.990735454912002,13.3408089201378,989546,13.3408089201378
FF,2010-08-31,13.555600786075987,13.614562691946524,13.162811733797607,13.553963222257035,983535,13.553963222257035
FF,2010-09-01,13.36823841284198,13.652217054971732,13.191981457360214,13.49398993506653,711973,13.49398993506653
FF,2010-09-02,13.244222333788693,13.57736780253928,13.124966173760525,13.346882581436155,261939,13.346882581436155
FF,2010-09-03,13.129233182212827,13.487207862561167,12.827839141721554,13.012022851850157,1521642,13.012022851850157
FF,2010-09-06,13.362783339052667,13.69937075410524,12.978363744493462,13.240697338876416,1374824,13.240697338876416
FF,2010-09-07,12.963393105436996,13.157463800351149,12.620484925878191,12.86697867796714,813969,12.86697867796714
FF,2010-09-08,12.522964180809284,12.548895189549471,12.20349637728228,12.540053652616194,516925,12.540053652616194
FF,2010-09-09,12.696596540631464,12.811206287576391,12.41135986036926,12.67303953491177,382005,12.67303953491177
FF,2010-09-10,12.715736189085433,12.756404960444197,12.542444780740878,12.633830637145714,1142822,12.633830637145714
FF,2010-09-13,12.768465532173456,13.017693108741579,12.532459037264484,12.723641525471258,306755,12.723641525471258
FF,2010-09-14,12.769752483771203,13.036165855310944,12.628106997283,12.66962880592459,1459035,12.66962880592459
FF,2010-09-15,12.821439718904593,13.119344343540773,12.501417181805891,12.868863832915334,1011124,12.868863832915334
FF,2010-09-16,13.177321583664511,13.285922598755251,12.92480792371202,13.144683260016976,1795581,13.144683260016976
FF,2010-09-17,13.468660799892026,13.84019733125084,13.330219729122906,13.45062652596691,1410113,13.45062652596691
FF,2010-09-20,13.538488548708338,13.777513101094456,13.115807742784826,13.408534399792625,852301,13.408534399792625
FF,2010-09-21,13.263581619075882,13.501231315449036,12.874503100628024,13.16404115515062,496255,13.16404115515062
FF,2010-09-22,13.079896147651286,13.490251460109738,12.728937138858397,13.168071938285994,1639460,13.168071938285994
FF,2010-09-23,12.876664157641683,13.018262338590127,12.835303481626482,12.991275045209065,81855,12.991275045209065
FF,2010-09-24,12.859503255836582,12.954253046053546,12.540277189518077,12.873302703605846,1306297,12.873302703605846
FF,2010-09-27,13.316439761771031,13.551973541406134,13.292405402821569,13.304328587705488,1636378,13.304328587705488
FF,2010-09-28,13.585688940036576,13.834483445560465,13.284039536360345,13.507382276911095,799908,13.507382276911095
FF,2010-09-29,13.360562724870901,13.640479913806193,13.35326204890058,13.452110503257648,905076,13.452110503257648
FF,2010-09-30,13.551515251039365,13.868595671507368,13.0517594282641,13.43865007353248,1505747,13.43865007353248
FF,2010-10-01,13.35354458218501,13.492003526767155,13.16127600328494,13.33445331430455,440233,13.33445331430455
FF,2010-10-04,13.476892226100498,13.481434168529159,13.260992831769727,13.385137747569008,994572,13.385137747569008
FF,2010-10-05,13.386017090129542,13.522538111511706,13.103611047347082,13.296537547642783,1178774,13.296537547642783
FF,2010-10-06,13.675270447263612,14.071530740176458,13.378000761977189,13.55278995787982,958389,13.55278995787982
FF,2010-10-07,13.602798044044814,13.920709966763269,13.371974479725733,13.559749801660185,1766142,13.559749801660185
FF,2010-10-08,13.441750548353362,13.570086281195422,13.024831526516566,13.365879109455307,529706,13.365879109455307
FF,2010-10-11,13.79616251586194,13.888230949554922,13.515782641141078,13.708284940361796,834942,13.708284940361796
FF,2010-10-12,13.81930080318021,14.164252824759899,13.62931157539991,13.82811836263928,569799,13.82811836263928
FF,2010-10-13,13.910608263727237,14.013008476674052,13.641680713090379,13.929474376327686,1199456,13.929474376327686
FF,2010-10-14,13.630791358325117,13.868048205456912,13.351026571842663,13.510114859524554,1034863,13.510114859524554
FF,2010-10-15,13.391701885400087,13.714551357638147,13.155433738141127,13.508694843366797,493569,13.508694843366797
FF,2010-10-18,13.473996197294342,13.644847461475784,13.254949876192853,13.35303262453563,1713946,13.35303262453563
FF,2010-10-19,12.753907905272568,12.916888065613755,12.36649927862574,12.733919938089954,319242,12.733919938089954
FF,2010-10-20,12.671693863814085,12.992047059966959,12.29532589330606,12.723943088277586,1295969,12.723943088277586
FF,2010-10-21,12.717097538411174,12.756331181056773,12.521142346772656,12.70256510403928,304657,12.70256510403928
FF,2010-10-22,13.020918176659352,13.175304274138325,12.98093516420083,12.9851333770227,1266930,12.9851333770227
FF,2010-10-25,12.768667640892795,13.242700583504861,12.556245974286192,12.86884219089988,1282389,12.86884219089988
FF,2010-10-26,12.743735591202284,13.041235335863034,12.32408179886598,12.700572811514466,695634,12.700572811514466
FF,2010-10-27,12.66420800871968,12.672199023541044,12.305678494480668,12.563055585311716,472598,12.563055585311716
FF,2010-10-28,12.744145209027504,12.915065765085837,12.423360936233813,12.625141927737364,929854,12.625141927737364
FF,2010-10-29,12.909635237092255,12.955023259982775,12.845706559422915,12.883921852537984,1191324,12.883921852537984
FF,2010-11-01,12.848196117382514,13.080272474989208,12.509498044796688,12.892793617916373,878005,12.892793617916373
FF,2010-11-02,12.791942674195335,12.831693543700682,12.74674541475147,12.775724535293442,498961,12.775724535293442
FF,2010-11-03,12.61832582693653,12.893867208122233,12.5956708831599,12.74505047874666,105346,12.74505047874666
FF,2010-11-04,13.004727399910962,13.217353060046094,12.757679451226661,12.896592291351936,687563,12.896592291351936
FF,2010-11-05,13.238323006729837,13.384199545090683,12.857410171897698,13.163386743744057,1111575,13.163386743744057
FF,2010-11-08,13.350785206644256,13.673738889784124,13.165225967658653,13.440449267489466,1484696,13.440449267489466
FF,2010-11-09,13.453895843441169,13.851477912926681,13.350690411140802,13.424531872863497,705009,13.424531872863497
FF,2010-11-10,13.410250058061186,13.639911019398593,13.151987559450557,13.54007195751371,705526,13.54007195751371
FF,2010-11-11,13.658237304104405,13.968874332575103,13.619439053048033,13.736247705923642,1047214,13.736247705923642
FF,2010-11-12,13.638883901251626,13.923626895020341,13.265283183026003,13.729495266903402,1678124,13.729495266903402
FF,2010-11-15,13.803776039173002,14.236809736949786,13.516871857628635,13.89936198278161,1036928,13.89936198278161
FF,2010-11-16,14.106669175988959,14.239927339905844,14.089109233943134,14.091984881791152,1039358,14.091984881791152
FF,2010-11-17,14.362201294952692,14.637100049591007,14.052380874544042,14.230025273014725,1145701,14.230025273014725
FF,2010-11-18,14.33102589898569,14.737911251951315,14.154901188977027,14.437768038999224,522022,14.437768038999224
FF,2010-11-19,15.07698581500775,15.518286191721582,14.624129662922936,14.965399092072467,1388188,14.965399092072467
FF,2010-11-22,14.644165120760093,14.834560072387717,14.581586519008335,14.767545807217715,1133106,14.767545807217715
FF,2010-11-23,14.986183340245761,15.56486053778861,14.729506798295922,15.112267435947718,1393170,15.112267435947718
FF,2010-11-24,15.211794102748733,15.540920891966461,15.07894895336645,15.172927896264802,1761292,15.172927896264802
FF,2010-11-25,15.192374016494696,15.40035975316741,15.083612945481482,15.169769280120278,568388,15.169769280120278
FF,2010-11-26,14.991415318053791,15.157172088810116,14.620313588859144,15.038266067295396,1112386,15.038266067295396
FF,2010-11-29,15.130318543653942,15.415692367742793,14.894229382119924,15.120221716648345,1022936,15.120221716648345
FF,2010-11-30,15.074004020877316,15.138125664611199,14.720382914309122,14.997541688766463,117887,14.997541688766463
FF,2010-12-01,15.04875890472519,15.476193927181754,14.587469629345264,14.966951132694042,1056865,14.966951132694042
FF,2010-12-02,14.469660534738983,14.693126968497367,14.089135855031307,14.612280811302856,1661865,14.612280811302856
FF,2010-12-03,14.525208478332223,14.989099081100308,14.10940965186087,14.648820136496983,124109,14.648820136496983
FF,2010-12-06,14.292672447526988,14.585518872104185,14.164880296167546,14.436042405281738,528364,14.436042405281738
FF,2010-12-07,14.265866997149958,14.498695026751255,14.172632702493368,14.40541467667751,1257947,14.40541467667751
FF,2010-12-08,14.515967444607249,14.868124184523538,14.189383083166096,14.41802904790542,1606646,14.41802904790542
FF,2010-12-09,14.085261625451482,14.58187581340267,13.90099238107222,14.20356227947173,1546470,14.20356227947173
FF,2010-12-10,14.047830453711692,14.050199389581948,13.679082279790427,13.988795995844555,131682,13.988795995844555
FF,2010-12-13,14.026270672527021,14.436182049610693,13.77402242190477,13.892889808835303,679783,13.892889808835303
FF,2010-12-14,13.833335862243736,14.008432353665677,13.57356015173501,13.745117092482957,1363771,13.745117092482957
FF,2010-12-15,13.664240322701005,13.823503288726455,13.615998453027606,13.783774372946763,633530,13.783774372946763
FF,2010-12-16,13.869253551636584,14.057838756931034,13.656054553896679,13.760851270761552,684155,13.760851270761552
FF,2010-12-17,14.117256160694073,14.167471835772675,13.577343851763993,13.98906926361694,411309,13.98906926361694
FF,2010-12-20,14.076673515779476,14.18595698829575,13.938841071542319,14.018811443524543,1799086,14.018811443524543
FF,2010-12-21,14.140218672605254,14.376718335910313,13.695661537925472,14.10740181652318,588322,14.10740181652318
FF,2010-12-22,14.122631396682525,14.274815796881763,14.015227881405313,14.093937353249025,971044,14.093937353249025
FF,2010-12-23,13.824025069252798,13.918516747742864,13.730798311380823,13.736045064618262,959104,13.736045064618262
FF,2010-12-24,13.734179450322555,13.815135226816054,13.505849936613707,13.719512740498605,1399230,13.719512740498605
FF,2010-12-27,13.225403788334805,13.52293432292873,12.918666058136424,13.269517351390379,922905,13.269517351390379
FF,2010-12-28,13.297240785033008,13.660131441413473,12.78188087772186,13.173297260066898,501089,13.173297260066898
FF,2010-12-29,13.190948600892405,13.333692015374217,12.85469536091469,13.31115951225181,258315,13.31115951225181
FF,2010-12-30,13.107083097445226,13.203115515461405,12.869405329312634,13.063881302886326,1691068,13.063881302886326
FF,2010-12-31,12.627026278951773,12.87909040104463,12.53229691983638,12.605439030202856,558799,12.605439030202856
FF,2011-01-03,12.48837688241035,12.858288110092207,12.40570099243717,12.453718263744294,141773,12.453718263744294
FF,2011-01-04,12.531146135085955,12.787288834492832,12.376983983503933,12.495606942254517,394383,12.495606942254517
FF,2011-01-05,12.314742090639811,12.427757318654246,11.977375162446611,12.408168373861256,1624500,12.408168373861256
FF,2011-01-06,12.055566664521015,12.209750334028806,12.052436060970756,12.14458369231021,1405155,12.14458369231021
FF,2011-01-07,11.944473450397266,12.174393917017635,11.853852158770785,12.04872571649381,919043,12.04872571649381
FF,2011-01-10,12.2672854302716,12.325212573085574,11.951425047223667,12.160664914668182,236659,12.160664914668182
FF,2011-01-11,12.126306551206632,12.192616736780677,12.032076346479863,12.099710505752345,933389,12.099710505752345
FF,2011-01-12,12.170517454643512,12.375099129542637,12.020299034935581,12.274331462302566,1248383,12.274331462302566
FF,2011-01-13,12.151569811333502,12.303789513663734,12.006765377852618,12.167714560849252,1348271,12.167714560849252
FF,2011-01-14,11.83479250290049,12.007698597484666,11.824603541169349,11.868184129682126,458120,11.868184129682126
FF,2011-01-17,12.132818937533104,12.401842972689915,12.060432596336872,12.21878945251041,1587592,12.21878945251041
FF,2011-01-18,12.38675597769134,12.731690895917124,12.035059086550465,12.307491299190682,1136298,12.307491299190682
FF,2011-01-19,12.669238991824933,13.04678835671493,12.288002382206836,12.59978741519658,1549095,12.59978741519658
FF,2011-01-20,12.578957036893863,12.595446562666679,12.266612254437185,12.588001639979819,169516,12.588001639979819
FF,2011-01-21,12.543219385787905,12.72902277591598,12.332409385981236,12.53758555329816,1086084,12.53758555329816
FF,2011-01-24,12.835978415981819,13.142298056550734,12.600526949939749,12.852318650139157,748455,12.852318650139157
FF,2011-01-25,13.216552228558513,13.245613383247044,12.986322944755548,13.203079813532716,1226637,13.203079813532716
FF,2011-01-26,12.977567633779971,13.343997713046784,12.554257282562181,12.91748494706853,1387756,12.91748494706853
FF,2011-01-27,12.887606851474937,13.250152449005169,12.4852258012287,12.791422938074517,1772918,12.791422938074517
FF,2011-01-28,12.628921960850292,12.707875288259006,12.5290679588323,12.605646917694813,886177,12.605646917694813
FF,2011-01-31,12.65809199905847,13.054171246268636,12.566042825949253,12.753540199058337,1209177,12.753540199058337
FF,2011-02-01,12.666518224649266,12.88747266617483,12.368680063528606,12.597971298436114,969534,12.597971298436114
FF,2011-02-02,12.683371061535198,12.728784750821164,12.451441747790588,12.715852720243243,923527,12.715852720243243
FF,2011-02-03,12.936359300684265,13.05173958998891,12.857873097790561,12.902843426279386,479320,12.902843426279386
FF,2011-02-04,13.24877384766105,13.434441829674654,12.923599866231639,13.32912473174584,526849,13.32912473174584
FF,2011-02-07,13.0034553898317,13.43709270451787,12.752702420438782,13.091585519462736,412442,13.091585519462736
FF,2011-02-08,13.244320253771145,13.723703242120683,13.150342267254594,13.363880443254306,1279067,13.363880443254306
FF,2011-02-09,13.271413743534204,13.334619777349733,13.102038621282814,13.320845901344239,91345,13.320845901344239
FF,2011-02-10,13.799300548251418,14.10622943709335,13.38426578240456,13.772542195653298,59689,13.772542195653298
FF,2011-02-11,13.979957748100476,14.081261483203006,13.565517946874234,14.030812316183692,1621400,14.030812316183692
FF,2011-02-14,14.196002567794283,14.608548767746795,13.77827146791581,14.269955333497618,1059698,14.269955333497618
FF,2011-02-15,14.239610239950837,14.600845154426034,13.954537511824624,14.100057562270571,1440509,14.100057562270571
FF,2011-02-16,14.20358575803432,14.228832544390908,13.904007732662109,14.06327875837042,1473042,14.06327875837042
FF,2011-02-17,14.201290611620749,14.340290169802701,13.765322713750232,14.171545181443632,1351482,14.171545181443632
FF,2011-02-18,13.997220886733897,14.206784912712298,13.632717639255993,14.04678041299152,754342,14.04678041299152
FF,2011-02-21,14.323198905057003,14.733622416781875,14.101989727124264,14.220349131474201,118386,14.220349131474201
FF,2011-02-22,14.7430018846159,14.907055627581002,14.369588823143463,14.673511060549753,1334558,14.673511060549753
FF,2011-02-23,14.562366066554866,14.67420367737281,14.525053492477976,14.528677470203643,1037335,14.528677470203643
FF,2011-02-24,14.481277193809438,14.7504975574818,14.067729930998373,14.363993917919903,299823,14.363993917919903
FF,2011-02-25,14.216580462088418,14.299988730103404,13.93325268185844,14.232146908549801,1168497,14.232146908549801
FF,2011-02-28,14.534799955639501,14.88014157944709,14.281663891625968,14.606237216793037,1478490,14.606237216793037
FF,2011-03-01,14.704056384651215,14.90634356645103,14.492657366652361,14.567978358801575,131773,14.567978358801575
FF,2011-03-02,15.094388366899853,15.425607053609896,14.787374518787257,14.986412949092658,815826,14.986412949092658
FF,2011-03-03,15.320884565119847,15.58692574940426,15.13057525968495,15.19565258473845,1303084,15.19565258473845
FF,2011-03-04,15.45015350533323,15.532000294940927,15.05870849713804,15.321998399806127,85921,15.321998399806127
FF,2011-03-07,15.797240559054215,16.279700099137486,15.611598072474232,15.834415672253371,632993,15.834415672253371
FF,2011-03-08,15.758434847335105,15.970597408809285,15.178336302209571,15.645534176649285,139867,15.645534176649285
FF,2011-03-09,15.31310936876166,15.655156107181837,15.00132473664391,15.194808841871046,1392938,15.194808841871046
FF,2011-03-10,15.039256275204494,15.279256459538182,14.610503423562982,15.024956634882436,1232581,15.024956634882436
FF,2011-03-11,15.02233668999303,15.412288673054626,14.622021696590576,14.984797459995225,951298,14.984797459995225
FF,2011-03-14,15.08900118212213,15.241562461826708,15.064537959814185,15.065650543420013,758178,15.065650543420013
FF,2011-03-15,15.127496422973225,15.568119525518288,14.962839565830619,15.275353455895473,193080,15.275353455895473
FF,2011-03-16,15.399186630248531,15.435861140865594,15.327892928478342,15.388250860492622,1622192,15.388250860492622
FF,2011-03-17,15.388735653681906,15.56852927842834,14.953538451275133,15.532304869377562,1599400,15.532304869377562
FF,2011-03-18,15.514129716329224,15.92231269849453,15.227689765385055,15.529325526358212,1426769,15.529325526358212
FF,2011-03-21,15.565313691092781,16.093694382366536,15.501079187976796,15.708041330428387,1291857,15.708041330428387
FF,2011-03-22,15.789109789338438,15.973559438703333,15.510014141726659,15.803219667339695,1397716,15.803219667339695
FF,2011-03-23,16.103392618581864,16.494386987887797,15.742820034132286,16.166523232773816,1597925,16.166523232773816
FF,2011-03-24,16.421158897067173,16.82954566247521,16.0773949596394,16.33168571394799,1718599,16.33168571394799
FF,2011-03-25,16.5508371266609,16.629214994171686,16.28814528176377,16.5577579042852,1134320,16.5577579042852
FF,2011-03-28,17.33513974297202,17.847256213310235,17.32610478791879,17.330947425778284,401723,17.330947425778284
FF,2011-03-29,17.39597906823498,17.85828674917874,16.92248085481016,17.256653699687398,1588372,17.256653699687398
FF,2011-03-30,17.56056135046978,17.93089556862199,17.538091031407887,17.56678048997378,797163,17.56678048997378
FF,2011-03-31,17.48988094190537,17.89791568908676,17.443724810995292,17.61091312500522,1360137,17.61091312500522
FF,2011-04-01,17.413290084932704,18.02042877486564,17.12571538438396,17.549269748845543,317917,17.549269748845543
FF,2011-04-04,17.456565801172886,17.913319103239594,17.42775257578931,17.52462368496613,647607,17.52462368496613
FF,2011-04-05,17.69330410686615,18.088550761649287,17.549393172642567,17.77672065545029,1693626,17.77672065545029
FF,2011-04-06,17.861032614360543,18.33877357579414,17.686755049557522,17.747979659684155,537985,17.747979659684155
FF,2011-04-07,17.34453345931285,17.454126372875862,17.199166376864692,17.255191666758243,1508344,17.255191666758243
FF,2011-04-08,16.980799724110756,17.257632128588597,16.514911561478645,17.132033159437174,205278,17.132033159437174
FF,2011-04-11,17.45955729952115,18.0547051296633,17.405515519074687,17.564593767755873,335482,17.564593767755873
FF,2011-04-12,17.77259264513583,17.826612362075924,17.500448368451664,17.790801358571393,416518,17.790801358571393
FF,2011-04-13,16.99506227288731,17.160272226122903,16.810004224159524,17.1365421428407,468608,17.1365421428407
FF,2011-04-14,16.83358955158321,17.34934448054824,16.480345504383543,16.946719829648508,1412065,16.946719829648508
FF,2011-04-15,16.785617330304916,16.994093059750906,16.472549264507357,16.649608257944315,1687367,16.649608257944315
FF,2011-04-18,16.155127271689953,16.59919411489405,15.670685562373665,16.141827516152276,505648,16.141827516152276
FF,2011-04-19,16.23196750130022,16.378391067933425,15.831829160145498,16.136232656584877,150760,16.136232656584877
FF,2011-04-20,16.432046663225247,16.63000036809518,16.248955300732856,16.48792466420312,1708251,16.48792466420312
FF,2011-04-21,16.192871733775455,16.699693912253526,15.802723776195338,16.233523812802105,1068836,16.233523812802105
FF,2011-04-22,16.20678675439472,16.476030638965717,15.93341864390699,16.091458484464788,1785632,16.091458484464788
FF,2011-04-25,16.06979131856081,16.365656447522515,15.93719586034814,16.019432353447588,1094051,16.019432353447588
FF,2011-04-26,15.60741459448274,16.027914567944233,15.102793164062845,15.551931095828945,1150380,15.551931095828945
FF,2011-04-27,16.189350730946927,16.37430743357489,15.952667315847437,16.14448819489029,805778,16.14448819489029
FF,2011-04-28,16.404425488150963,16.526406198530886,16.184723347941535,16.390940951920303,1447446,16.390940951920303
FF,2011-04-29,16.613742939266128,16.898372313610558,16.344584834007993,16.452140380376314,493963,16.452140380376314
FF,2011-05-02,16.405451413671887,16.607249167719406,16.1294095131701,16.277119679708946,1559216,16.277119679708946
FF,2011-05-03,16.00451681571636,16.083062311899646,15.67653586592863,15.937292265243926,860201,15.937292265243926
FF,2011-05-04,15.794293364138873,15.85048995943991,15.433455485583313,15.738215755404791,1699875,15.738215755404791
FF,2011-05-05,15.914832400980034,16.397539715527415,15.907980578510065,16.048269005928486,575226,16.048269005928486
FF,2011-05-06,15.87676819667696,15.89777052600201,15.639463365398507,15.881474247406524,584948,15.881474247406524
FF,2011-05-09,15.872265628271776,16.12475245639522,15.590340385622921,15.873533316719625,1431535,15.873533316719625
FF,2011-05-10,15.757167809898826,16.05688684239896,15.753859356508904,15.899647981786416,1626418,15.899647981786416
FF,2011-05-11,16.916131038993665,16.992714919128172,16.41632826893766,16.830095110777886,1483940,16.830095110777886
FF,2011-05-12,16.506143216370898,17.117691164420645,16.103129206785614,16.672209633841042,281603,16.672209633841042
FF,2011-05-13,16.341979355442568,16.730061769857166,16.33044479007603,16.36646064573292,917892,16.36646064573292
FF,2011-05-16,16.002650005350112,16.37379891653398,15.711599726036713,15.874620816813906,705208,15.874620816813906
FF,2011-05-17,15.658278172438097,15.913845874857982,15.432676355946182,15.708432435060566,337739,15.708432435060566
FF,2011-05-18,16.384551310696136,16.703237729609008,15.9000472951472,16.357513324735393,335879,16.357513324735393
FF,2011-05-19,16.46608412907112,16.574471897951078,16.1478907701365,16.529572679310714,984727,16.529572679310714
FF,2011-05-20,16.854916850260178,17.03471075620555,16.56838398194441,16.963830903419268,1268945,16.963830903419268
FF,2011-05-23,17.187885653590797,17.354213968881126,16.85839268280189,17.109176973581693,1117250,17.109176973581693
FF,2011-05-24,16.92213526345212,17.25649335631401,16.636100453919585,17.022715612255702,1688319,17.022715612255702
FF,2011-05-25,17.091891722393157,17.28791530755308,16.80377824178074,17.239393926511674,1423711,17.239393926511674
FF,2011-05-26,16.957819598959002,17.267644505798767,16.955192211072536,16.979849223859972,434858,16.979849223859972
FF,2011-05-27,17.253570400570524,17.377693915118652,17.16838643503943,17.181792942188192,510707,17.181792942188192
FF,2011-05-30,17.521064210428758,17.92819662588115,17.01351666626463,17.49307287003805,152537,17.49307287003805
FF,2011-05-31,17.71378553870457,17.805052589079914,17.271980448872732,17.80480197413692,479403,17.80480197413692
FF,2011-06-01,17.86799014357895,18.332242592265022,17.72405287323826,17.755154666135134,402381,17.755154666135134
FF,2011-06-02,17.990992377375854,18.53575113786739,17.623435801466147,18.137144316536077,1306849,18.137144316536077
FF,2011-06-03,17.870116420621397,18.162921372753406,17.601903583901965,17.809451325646144,1200811,17.809451325646144
FF,2011-06-06,18.083744993369876,18.483866080828516,17.93581644433033,18.04524438934063,119374,18.04524438934063
FF,2011-06-07,18.288607342472257,18.48863707083406,17.855836295865338,18.14384772724346,677839,18.14384772724346
FF,2011-06-08,17.952022813817287,18.03958536203615,17.41303486257415,17.942360261949204,1228919,17.942360261949204
FF,2011-06-09,17.734732308967093,17.739579938295048,17.531416554414683,17.62230755750546,1287545,17.62230755750546
FF,2011-06-10,17.51143455291733,17.901547217694567,17.383376981108917,17.61171723487592,432174,17.61171723487592
FF,2011-06-13,17.661344957855974,17.81602784506795,17.13792475368841,17.645352876940542,1474024,17.645352876940542
FF,2011-06-14,17.481909842289934,17.59345624026388,17.416719661010244,17.470508862181134,547280,17.470508862181134
FF,2011-06-15,17.03089796985428,17.545697477651068,16.957842235597273,17.100898127481383,797217,17.100898127481383
FF,2011-06-16,17.188171812327848,17.73767334390876,16.814352641414978,17.360005830338093,1683807,17.360005830338093
FF,2011-06-17,17.746833724977364,18.274008149967507,17.173204501400114,17.660562045878685,1154041,17.660562045878685
FF,2011-06-20,18.277471530695795,18.678823786506882,17.950217276547654,18.315320697317837,1564148,18.315320697317837
FF,2011-06-21,18.048499647495817,18.607696215309158,17.980765022715183,18.120949649197392,523448,18.120949649197392
FF,2011-06-22,18.042905510823427,18.2184229813456,17.762742195459342,18.15397486032319,1504790,18.15397486032319
FF,2011-06-23,18.59583054322706,18.99904178625302,18.067943810641847,18.46593464455083,1346517,18.46593464455083
FF,2011-06-24,18.750551802169625,18.86172223811316,18.31840727155823,18.81305786682212,768285,18.81305786682212
FF,2011-06-27,18.83481821508254,19.000757462830332,18.470384235407607,18.947002653498096,504037,18.947002653498096
FF,2011-06-28,19.203527602555063,19.697731623378424,19.191038769628364,19.19452299695869,1770689,19.19452299695869
FF,2011-06-29,19.098792177026418,19.30510798712384,18.92246780651838,18.991735821138324,755374,18.991735821138324
FF,2011-06-30,19.081173733085215,19.262310840885455,18.78339245251073,19.04215101187867,365565,19.04215101187867
FF,2011-07-01,18.111687608333074,18.21154625195078,17.843361490970427,17.94651037983673,1624197,17.94651037983673
FF,2011-07-04,18.32983103391931,18.5964984681587,17.791321679523726,18.163896913426864,817021,18.163896913426864
FF,2011-07-05,18.660909985056303,18.774881095193575,18.2982404068038,18.511936160738887,115955,18.511936160738887
FF,2011-07-06,19.674896902338773,19.99235976123332,19.574281549695634,19.64929216276931,1320056,19.64929216276931
FF,2011-07-07,20.269899756841117,20.67151016146736,19.77926772521792,20.16172372987119,1454918,20.16172372987119
FF,2011-07-08,19.510735347947353,19.978577750061337,19.393903112709076,19.593615403525966,1292853,19.593615403525966
FF,2011-07-11,19.294264629799702,19.50533401317307,19.042322973582237,19.265227716665976,1531569,19.265227716665976
FF,2011-07-12,19.599750550074692,20.188758412663788,19.373584279121008,19.77116889707096,1715858,19.77116889707096
FF,2011-07-13,19.878314228119645,20.13224615062084,19.306472604263544,19.972812767264994,416461,19.972812767264994
FF,2011-07-14,19.951541236360292,20.506608886794748,19.8912440626188,20.0214797192286,1295974,20.0214797192286
FF,2011-07-15,19.95966881748316,20.015283498906733,19.825626160078773,20.015214380812992,1400826,20.015214380812992
FF,2011-07-18,19.56856919411695,20.27344540007123,19.002923152284506,19.70214327018855,140428,19.70214327018855
FF,2011-07-19,18.905556519854997,19.312428465265185,18.684784774015615,19.06445338036943,1093728,19.06445338036943
FF,2011-07-20,18.806596108512647,18.995035871837874,18.63402724642222,18.777164510762844,331308,18.777164510762844
FF,2011-07-21,18.717439182967812,19.071410268379864,18.602395561503773,18.720688076107493,721424,18.720688076107493
FF,2011-07-22,18.83273948943602,19.32941372616056,18.28686853928616,18.800953665478694,285010,18.800953665478694
FF,2011-07-25,18.583437221863825,18.920269692124034,18.38270305630367,18.722241938495248,1228701,18.722241938495248
FF,2011-07-26,18.492410345614527,18.53126800692611,17.906554396364676,18.328301863279044,303130,18.328301863279044
FF,2011-07-27,18.140962563687108,18.36535470168352,17.842419117021045,18.172453994183876,1687396,18.172453994183876
FF,2011-07-28,18.20366593670834,18.224860851593082,17.945058200687683,18.222080160726488,877535,18.222080160726488
FF,2011-07-29,18.326283208830386,18.42801725582068,17.774831973669986,18.30908505067224,1104445,18.30908505067224
FF,2011-08-01,18.26137642027592,18.289868307163527,17.809912715834667,18.19220003601645,1558157,18.19220003601645
FF,2011-08-02,18.048136359757297,18.300134266641802,17.938462781014945,18.089794104925353,933259,18.089794104925353
FF,2011-08-03,18.21809059058556,18.38193792006658,18.131927901441635,18.349047709362722,1035714,18.349047709362722
FF,2011-08-04,18.540837942184844,19.088122364063665,18.065876433703394,18.436443080960196,1412678,18.436443080960196
FF,2011-08-05,18.24035304375152,18.758055355000685,17.934898679801986,18.328123676315833,102801,18.328123676315833
FF,2011-08-08,18.42656555081701,18.67982721856312,18.3332505793929,18.447645156908766,810729,18.447645156908766
FF,2011-08-09,17.88512662052002,18.30923056418762,17.41022909566214,17.83791722989469,851129,17.83791722989469
FF,2011-08-10,17.924084913300298,18.148509763811596,17.615471363319205,17.758798019482384,708754,17.758798019482384
FF,2011-08-11,17.556755472115256,18.066101045037072,17.24459001892036,17.722072278947927,583774,17.722072278947927
FF,2011-08-12,17.732200046448057,18.169218689967163,17.71865348012369,17.72551116948053,473691,17.72551116948053
FF,2011-08-15,17.62692261536245,17.988839906573304,17.265741412459167,17.474501572989677,861538,17.474501572989677
FF,2011-08-16,17.59134057840208,17.72272970705203,17.141744565560767,17.67791045379606,827960,17.67791045379606
FF,2011-08-17,17.179911277229557,17.33675309702966,16.75309248668639,17.314165605779323,1631581,17.314165605779323
FF,2011-08-18,16.86426242812511,17.152593217807183,16.340501563204775,16.831663042366536,534494,16.831663042366536
FF,2011-08-19,16.672346840150606,16.888070398722554,16.5297120425249,16.789134427593957,831910,16.789134427593957
FF,2011-08-22,16.756675284728136,17.251379105439398,16.3529253257351,16.630657619036512,520282,16.630657619036512
FF,2011-08-23,16.34411919001019,16.352108618125886,15.78870196060771,16.271492352170398,658318,16.271492352170398
FF,2011-08-24,16.27355013163733,16.766064193312058,15.834857787328962,16.397837939491634,1515130,16.397837939491634
FF,2011-08-25,16.42159592359424,16.44250556709615,16.04667465186923,16.396198895933193,537618,16.396198895933193
FF,2011-08-26,16.515452812809944,16.97869730800704,16.23012393071731,16.673142375087156,469456,16.673142375087156
FF,2011-08-29,16.889662961309146,17.102494841598027,16.742891535079988,16.773866281337895,357194,16.773866281337895
FF,2011-08-30,16.650202765425863,17.06684678258915,16.421075499745353,16.748874488185773,481235,16.748874488185773
FF,2011-08-31,16.510532205429463,16.887942362012762,16.382192156331012,16.434337200760584,1402532,16.434337200760584
FF,2011-09-01,15.993676743602236,16.136659524087705,15.634073410335741,16.120603202028523,1301155,16.120603202028523
FF,2011-09-02,16.026224769347934,16.285821768035227,15.705171055408243,16.03506830249496,373657,16.03506830249496
FF,2011-09-05,16.056396570904624,16.51031400500608,15.862802640308725,15.91973168964167,930849,15.91973168964167
FF,2011-09-06,16.005198547082383,16.248046518872506,15.760972855556442,16.14257902232813,659844,16.14257902232813
FF,2011-09-07,16.302178196852697,16.407212976101867,16.101740278683206,16.369170200525836,1688818,16.369170200525836
FF,2011-09-08,16.03530921550948,16.40618908464254,15.741484558630047,15.94517879363633,1754344,15.94517879363633
FF,2011-09-09,15.624071811500079,15.983313460983394,15.457851530170148,15.63552843499598,435154,15.63552843499598
FF,2011-09-12,15.24487853364043,15.42331427409887,15.011761451512168,15.19918911144018,765698,15.19918911144018
FF,2011-09-13,15.123000373337337,15.49967523813728,14.89141251087385,15.029215621998205,97281,15.029215621998205
FF,2011-09-14,15.414948180356497,15.666474394136673,14.935757854161068,15.327870355351093,729436,15.327870355351093
FF,2011-09-15,15.398715464340803,15.65106390046792,15.26503713401549,15.43100528235761,1367154,15.43100528235761
FF,2011-09-16,15.463662583186698,15.86694523155727,15.069616282541357,15.485148702403428,863201,15.485148702403428
FF,2011-09-19,15.487602637493135,15.533201201618066,15.159579548637936,15.465604548714763,306946,15.465604548714763
FF,2011-09-20,15.178416472797053,15.396533753649013,15.10161985147968,15.293805327321335,1289079,15.293805327321335
FF,2011-09-21,15.643433643744336,15.851867833623622,15.345951927505261,15.528669641649355,782781,15.528669641649355
FF,2011-09-22,15.55343372696039,15.721114450397916,15.538113050668045,15.680924362307708,673645,15.680924362307708
FF,2011-09-23,15.849146604882062,16.426204043227738,15.49363337698977,15.949688784063483,533929,15.949688784063483
FF,2011-09-26,15.844290685429913,15.993320974888466,15.667241170704377,15.704582640378877,888464,15.704582640378877
FF,2011-09-27,15.565661988190941,16.07838370782446,15.398451164421626,15.633876081122022,1648816,15.633876081122022
FF,2011-09-28,15.227810958039383,15.523972629465119,14.939657744681229,15.306112340412655,812951,15.306112340412655
FF,2011-09-29,15.073766213983545,15.515010237775817,14.977349398049192,15.096305791713922,1382235,15.096305791713922
FF,2011-09-30,14.978647526186185,15.17635890061409,14.891568008592062,14.911757608492378,1519831,14.911757608492378
FF,2011-10-03,15.823507604890438,16.253749258140594,15.71886385405019,15.86595766973166,1674010,15.86595766973166
FF,2011-10-04,16.109009249926174,16.471992881907884,15.512608379428256,15.989178433811908,916381,15.989178433811908
FF,2011-10-05,16.210085605787587,16.78829591126426,15.728776843910827,16.32456626776099,1116257,16.32456626776099
FF,2011-10-06,15.60702223681291,16.027955690736643,15.197884686406944,15.72719593246284,106555,15.72719593246284
FF,2011-10-07,15.531641695343582,15.770746083762845,15.462087116898976,15.664034050538332,182199,15.664034050538332
FF,2011-10-10,16.46051480255926,16.795849001618908,16.33718287852271,16.527166058399963,135568,16.527166058399963
FF,2011-10-11,16.602791135468895,16.77625518212725,16.423368177898524,16.70315812706064,1647140,16.70315812706064
FF,2011-10-12,16.642773968292722,16.822979792699343,16.49024585671389,16.655655378441118,896217,16.655655378441118
FF,2011-10-13,17.059191090776977,17.463078325722982,16.699062542633868,16.891726489954713,242796,16.891726489954713
FF,2011-10-14,16.785152555722416,16.792186168680228,16.336364764203893,16.662337426958842,895485,16.662337426958842
FF,2011-10-17,16.500530677574112,16.80786832276327,16.23391250071498,16.37120978937424,964535,16.37120978937424
FF,2011-10-18,16.475443194084672,16.81796090599873,16.33531029082687,16.367177965082803,665127,16.367177965082803
FF,2011-10-19,16.385209824482004,16.90469107981456,16.262159020892618,16.46036451486885,336585,16.46036451486885
FF,2011-10-20,16.582746569574244,17.052411664475628,16.516729119119894,16.674011964461968,548987,16.674011964461968
FF,2011-10-21,16.980414316866966,17.185617110785845,16.515145947419555,16.901951843032748,1605363,16.901951843032748
FF,2011-10-24,16.70752242486984,17.091249775266032,16.3490076095832,16.674518207446965,1419617,16.674518207446965
FF,2011-10-25,16.682904018171232,17.096432865011664,16.436533173141566,16.781538003013367,953758,16.781538003013367
FF,2011-10-26,17.241065106373206,17.544551390892888,16.81058013821377,17.08140913722758,920303,17.08140913722758
FF,2011-10-27,17.311349118574633,17.37598466508734,17.034014635159668,17.337628925351733,1182517,17.337628925351733
FF,2011-10-28,17.658179278411854,17.944073537309983,17.358604736873833,17.547829732226155,1617978,17.547829732226155
FF,2011-10-31,17.568768318377476,18.180753457977467,17.492550341132233,17.719809691097787,261308,17.719809691097787
FF,2011-11-01,17.701411668117206,18.101683477670033,17.641489924317437,17.867520185847635,1427811,17.867520185847635
FF,2011-11-02,17.856546467669727,18.24989226491214,17.40147327754033,17.87234364840274,1191537,17.87234364840274
FF,2011-11-03,18.290951688771727,18.930964249825887,17.791692213837475,18.43125358761232,697752,18.43125358761232
FF,2011-11-04,18.890267917116983,19.192985783285287,18.324284852759018,18.710918548835956,926022,18.710918548835956
FF,2011-11-07,18.745938351339667,18.79549758997524,18.48281992291523,18.629681369106862,141489,18.629681369106862
FF,2011-11-08,18.098681020553208,18.144802406974105,17.986534354565034,18.115320185577435,1593352,18.115320185577435
FF,2011-11-09,18.989725253579163,19.444170770222637,18.46133331934449,18.8093379257295,1198279,18.8093379257295
FF,2011-11-10,18.47019609658406,18.585603873674273,18.088111329658833,18.567387520542297,1543786,18.567387520542297
FF,2011-11-11,18.19670979762166,18.742020143423087,17.658835715299436,18.131806912396375,670265,18.131806912396375
FF,2011-11-14,18.27240995429228,18.521023768022197,17.854830134837158,18.450445893181524,1182817,18.450445893181524
FF,2011-11-15,18.41660099502729,18.89312943880665,17.91978123717701,18.463770373321058,1629665,18.463770373321058
FF,2011-11-16,18.495653643409245,19.138141813041795,18.109382415765364,18.652587022019443,521706,18.652587022019443
FF,2011-11-17,18.223575578714073,18.440014906140615,18.046509624313863,18.272042628295374,862955,18.272042628295374
FF,2011-11-18,18.4988444703098,18.844427695094236,18.015444193277798,18.54312607394632,982960,18.54312607394632
FF,2011-11-21,18.986041469861554,19.57737324208968,18.59946830734046,19.033560365461156,1655036,19.033560365461156
FF,2011-11-22,19.007189309483703,19.58535132911453,18.738412067609804,19.039773343638007,86398,19.039773343638007
FF,2011-11-23,18.90742280332573,19.435003391238048,18.48254762911912,18.863337921926245,638150,18.863337921926245
FF,2011-11-24,18.485627068818214,18.754575290094206,18.174832533007525,18.60116772800606,1747571,18.60116772800606
FF,2011-11-25,18.76164290836192,18.895531200646207,18.47845550746535,18.861838300795327,1538402,18.861838300795327
FF,2011-11-28,19.298658109431567,19.358169392254837,19.11280538686697,19.242688376076053,1784498,19.242688376076053
FF,2011-11-29,19.123408000810553,19.217779861064876,19.033391637927703,19.13632990723947,1328687,19.13632990723947
FF,2011-11-30,18.849193894417912,19.359915852674085,18.39250986990419,18.977512433289558,649084,18.977512433289558
FF,2011-12-01,19.114369264416982,19.574511758323798,18.645609266882232,19.005186772835668,194486,19.005186772835668
FF,2011-12-02,19.098023117689344,19.126856770630297,18.69352109610105,18.934849696728236,399177,18.934849696728236
FF,2011-12-05,18.492033690761527,18.999167855576253,18.214309085513197,18.504863011693768,457803,18.504863011693768
FF,2011-12-06,17.978797846030865,18.38186651176862,17.44302811102142,17.937888695492358,1442184,17.937888695492358
FF,2011-12-07,17.97673115118938,18.26271529622551,17.513016361800712,17.864064458388043,1505947,17.864064458388043
FF,2011-12-08,17.80960828251139,18.338532447559388,17.237008552779077,17.645941450556826,1569222,17.645941450556826
FF,2011-12-09,18.022065610732735,18.165441674480597,17.542404357199263,17.85453696150862,518124,17.85453696150862
FF,2011-12-12,17.73312636593496,17.849105180534153,17.235183289936163,17.584419320241615,610609,17.584419320241615
FF,2011-12-13,16.966162227942515,17.136571814666862,16.705533865766924,16.859605747189253,1546079,16.859605747189253
FF,2011-12-14,16.759617273998686,17.049654929264896,16.458670491409777,16.784532795134883,903141,16.784532795134883
FF,2011-12-15,17.05004865152731,17.247916459689865,16.60574738532607,16.992395997115185,1019031,16.992395997115185
FF,2011-12-16,17.62355344250681,18.062116150557554,17.331152457336646,17.531191792489135,438406,17.531191792489135
FF,2011-12-19,18.00314281292036,18.63837768686126,17.855638329815363,18.15129295150585,930523,18.15129295150585
FF,2011-12-20,17.862479388905836,18.52261041460674,17.384623177201203,18.000592682423104,176433,18.000592682423104
FF,2011-12-21,17.794523593628227,18.2313352732056,17.323641060314902,17.721722932733584,1764831,17.721722932733584
FF,2011-12-22,17.79566740076096,18.120320410009995,17.31546949688691,17.736458127478592,499334,17.736458127478592
FF,2011-12-23,17.9844007930445,18.315465843012763,17.44733168578227,17.87576700023949,470654,17.87576700023949
FF,2011-12-26,17.595293667832724,17.806063011686426,17.543554875877742,17.70699691435161,477515,17.70699691435161
FF,2011-12-27,17.71445611167882,17.85433597214116,17.100647432206138,17.56108463877067,1717144,17.56108463877067
FF,2011-12-28,17.833271794688287,18.463420642651815,17.764328921140773,17.927082080888287,815722,17.927082080888287
FF,2011-12-29,17.47360249911074,17.740044190445857,17.15588230333982,17.602062470829978,1567563,17.602062470829978
FF,2011-12-30,17.550084397524746,17.85863715442418,17.36096531788244,17.61196040629849,1441214,17.61196040629849
FF,2012-01-02,18.043714694651552,18.252287442639215,17.632280213761554,17.93304485063986,1103794,17.93304485063986
FF,2012-01-03,18.096559005781984,18.64614278748435,17.878719574242613,18.268930414891535,267482,18.268930414891535
FF,2012-01-04,18.495752951818183,18.784537969673845,18.246978885682747,18.597357424348257,1546274,18.597357424348257
FF,2012-01-05,19.504979610879698,19.904607361749047,19.000041418623493,19.328854746998847,1484462,19.328854746998847
FF,2012-01-06,19.32390017614244,20.07481218434117,18.903619660283642,19.512386020519973,143838,19.512386020519973
FF,2012-01-09,19.395121572933682,19.629025376618806,19.354899067654447,19.481519102466116,1686984,19.481519102466116
FF,2012-01-10,19.090911945020423,19.37070718770599,19.04278414617379,19.157667923368038,95914,19.157667923368038
FF,2012-01-11,19.13116736645635,19.327553657621422,18.441695118152527,18.970332544172013,348528,18.970332544172013
FF,2012-01-12,18.42304056995687,18.58904539838671,17.8683770016786,18.29453661647716,1101350,18.29453661647716
FF,2012-01-13,18.37231737083887,18.536086140228818,18.137555741069296,18.386994350006116,1471667,18.386994350006116
FF,2012-01-16,18.434070352232464,18.851283631764286,18.42325870704746,18.50158007805772,462693,18.50158007805772
FF,2012-01-17,18.581696819167842,18.887241180709374,18.267386492091433,18.417987516328285,338576,18.417987516328285
FF,2012-01-18,18.009229434536188,18.3987478545856,17.911080892455566,18.122203041408504,1779081,18.122203041408504
FF,2012-01-19,18.133000818431572,18.577124462614147,17.75994470851583,18.141410870044574,690794,18.141410870044574
FF,2012-01-20,18.066615341833995,18.17568328064158,17.643267243006623,18.096134364404108,326339,18.096134364404108
FF,2012-01-23,18.054563250414407,18.146492758018134,17.4831408599793,17.898770612366807,717082,17.898770612366807
FF,2012-01-24,18.00861208431813,18.28579761526264,17.63920492587637,17.91694523108115,1320770,17.91694523108115
FF,2012-01-25,18.193405061592156,18.399947486912144,18.11616326385615,18.20674092748607,135643,18.20674092748607
FF,2012-01-26,18.13264913185835,18.22718672790297,17.668541081667136,18.0939090245505,1560843,18.0939090245505
FF,2012-01-27,18.07510653302087,18.4496043012137,17.697864889983272,17.928977584100586,1006884,17.928977584100586
FF,2012-01-30,17.941647616780717,18.20865972088537,17.721335256876905,17.823574081239983,1779996,17.823574081239983
FF,2012-01-31,17.76038663627576,17.8681415123931,17.453868440474892,17.719471142126956,272752,17.719471142126956
FF,2012-02-01,18.018558311968835,18.161484374254677,17.557521785698732,17.870122468422785,341441,17.870122468422785
FF,2012-02-02,17.96430096419123,18.39802469946307,17.61212813313235,18.00741541117553,499928,18.00741541117553
FF,2012-02-03,18.238790630658347,18.417972096773795,17.936521656066667,18.154126880777383,436508,18.154126880777383
FF,2012-02-06,17.968397940463362,18.255313433974305,17.870123994553385,18.143989990583357,149609,18.143989990583357
FF,2012-02-07,18.241938497851304,18.770371551864923,18.20960257296396,18.211716600118766,1384956,18.211716600118766
FF,2012-02-08,17.578170328769453,17.75349815024629,17.509277666207073,17.706728648491527,1226118,17.706728648491527
FF,2012-02-09,17.432662298294826,17.509495380484143,17.138132269510457,17.424193869578403,1273022,17.424193869578403
FF,2012-02-10,17.338706395460903,17.802059272236185,16.85976381884694,17.427057634365163,1569795,17.427057634365163
FF,2012-02-13,17.42581169646953,17.69057835698523,16.966051133610325,17.467495063936674,817228,17.467495063936674
FF,2012-02-14,17.854809233568247,18.258112577323427,17.23416847369022,17.751084465378682,1666846,17.751084465378682
FF,2012-02-15,17.46524265294209,17.91300906449356,17.13130541765283,17.6207973563355,229448,17.6207973563355
FF,2012-02-16,17.095120003029823,17.115744663418987,16.816652355558823,17.082341917537402,496648,17.082341917537402
FF,2012-02-17,17.119482818183148,17.595825430997152,17.02735052729505,17.2419442143618,1229766,17.2419442143618
FF,2012-02-20,16.738791990596134,17.143417151216838,16.255868741473964,16.714308512702953,148212,16.714308512702953
FF,2012-02-21,16.65609518346897,16.932257340954173,16.227043229290846,16.61171095906102,1481880,16.61171095906102
FF,2012-02-22,16.047586505282403,16.29928950279535,15.812000812502536,16.150274492739424,171677,16.150274492739424
FF,2012-02-23,16.532759560549454,16.705519787657128,16.458251208167646,16.697744393311602,988909,16.697744393311602
FF,2012-02-24,16.231230691503935,16.81211597888402,15.786968606575563,16.366927805631207,522626,16.366927805631207
FF,2012-02-27,16.45100755578576,16.799923423692334,16.01688019487909,16.388856789511877,856190,16.388856789511877
FF,2012-02-28,16.3110349603067,16.37221642396062,16.087853422762983,16.350243227243975,452287,16.350243227243975
FF,2012-02-29,15.856348171423106,16.29763989794443,15.534955057362097,15.896759324249842,369571,15.896759324249842
FF,2012-03-01,16.372333713492075,16.398395759854278,16.306020293479534,16.309740048123665,321342,16.309740048123665
FF,2012-03-02,16.503105194378982,16.856318894633024,16.231859945881073,16.504051735363447,1705446,16.504051735363447
FF,2012-03-05,16.42418885401827,16.766173571021852,16.335724460101464,16.37928170874777,153886,16.37928170874777
FF,2012-03-06,16.165053681499735,16.609341183450518,16.002183573360384,16.03061171699078,1129993,16.03061171699078
FF,2012-03-07,15.752882842227125,15.831062679708747,15.400786469670443,15.750720543007514,126099,15.750720543007514
FF,2012-03-08,15.338619172080136,15.599653902233923,14.987327180301735,15.296390379135524,235304,15.296390379135524
FF,2012-03-09,15.273923963507496,15.52351692670651,14.922533934052304,15.231363459514506,1676301,15.231363459514506
FF,2012-03-12,15.31572867324107,15.331800639789527,15.046288226637207,15.305107386550063,313122,15.305107386550063
FF,2012-03-13,15.691887856287872,15.992375473762959,15.200869192874071,15.640451593964858,1139956,15.640451593964858
FF,2012-03-14,15.976982884305029,16.098741560280068,15.779132223277257,15.870855957389898,1052273,15.870855957389898
FF,2012-03-15,16.21207063734105,16.373781940447174,15.692736843832465,16.112869775447027,1318992,16.112869775447027
FF,2012-03-16,16.091521927239025,16.352832418826345,16.04018920446587,16.23527897104866,1038456,16.23527897104866
FF,2012-03-19,16.481628901334737,16.509280061306384,16.12655478718004,16.334038670423453,1788462,16.334038670423453
FF,2012-03-20,16.403588589863194,16.48558757037157,16.037063074595125,16.290467331804855,344503,16.290467331804855
FF,2012-03-21,16.657541083519497,16.761138355293483,16.334289060029867,16.50222136544231,485627,16.50222136544231
FF,2012-03-22,16.240695100209138,16.623690748442666,16.20810038114498,16.340674081494605,1779314,16.340674081494605
FF,2012-03-23,16.342672005006175,16.40883839005527,15.986201176176886,16.33078048216194,1275882,16.33078048216194
FF,2012-03-26,16.364571625416932,16.836824308208598,16.006278715954785,16.384267622397864,1379812,16.384267622397864
FF,2012-03-27,16.56109279536531,16.71739096948032,16.24802755556088,16.60194771105579,1140759,16.60194771105579
FF,2012-03-28,16.43660674417874,16.78937164558483,16.183553016591773,16.467395531556605,1577121,16.467395531556605
FF,2012-03-29,17.10728751967594,17.18816124623662,16.499729263296782,16.9702962708406,695398,16.9702962708406
FF,2012-03-30,17.817818486226713,18.242844388458245,17.576998915711133,17.74738058066069,1080115,17.74738058066069
FF,2012-04-02,17.231762730304705,17.329471272854498,16.984087751866156,17.292372533307713,1094734,17.292372533307713
FF,2012-04-03,17.40539049601928,17.8337345259417,17.165153236751376,17.44765628512549,1772844,17.44765628512549
FF,2012-04-04,17.82845056801387,18.050100374977536,17.42712125896384,17.839681984638887,959775,17.839681984638887
FF,2012-04-05,17.636465113290694,17.930488764885904,17.552127418297196,17.68352805438337,319745,17.68352805438337
FF,2012-04-06,17.77822623129736,18.078429810518458,17.457182931119135,17.881915156415232,763208,17.881915156415232
FF,2012-04-09,17.687637007208274,17.924152083889112,17.50311752704324,17.710537788541494,1228064,17.710537788541494
FF,2012-04-10,17.392695792690557,17.54300178772451,16.996174155860672,17.54019963235786,1099109,17.54019963235786
FF,2012-04-11,17.639999678013645,17.653837911233985,17.419306480416935,17.515840267504288,1783671,17.515840267504288
FF,2012-04-12,17.338865375482772,17.751843978312305,16.865022785777015,17.226935117149928,75729,17.226935117149928
FF,2012-04-13,17.30702613140582,17.41786985426502,17.132076755553005,17.172421524418336,1399417,17.172421524418336
FF,2012-04-16,16.8732992831469,17.199318626522942,16.597315855574788,16.891572401977207,188653,16.891572401977207
FF,2012-04-17,16.954889802201514,17.2872016152422,16.47025752258218,16.903762932591178,1027067,16.903762932591178
FF,2012-04-18,17.03877345871277,17.395555759650687,16.736267579344197,16.93378617442042,1496118,16.93378617442042
FF,2012-04-19,16.9443768710876,17.312128726331895,16.719000090103524,17.007352695031134,949308,17.007352695031134
FF,2012-04-20,17.19535113994676,17.519717445614216,16.85193616453625,17.149601269880016,918946,17.149601269880016
FF,2012-04-23,17.21777748246576,17.53981195078327,17.124652200787985,17.23907386592859,160601,17.23907386592859
FF,2012-04-24,17.452104865060512,17.98348746235761,17.14911295340538,17.496296782075305,1105639,17.496296782075305
FF,2012-04-25,17.45695276232622,17.805001743506963,16.883203788087606,17.332342406646422,51925,17.332342406646422
FF,2012-04-26,17.666942108871044,17.85400055511455,17.109624529031663,17.623209044986027,931018,17.623209044986027
FF,2012-04-27,17.803367124875678,17.993846978164605,17.70208395883902,17.759538176615198,1679228,17.759538176615198
FF,2012-04-30,17.61595157262392,17.78004156552473,17.334115679156188,17.737680383806207,761292,17.737680383806207
FF,2012-05-01,17.534045067774223,18.111195186318568,17.304153672524333,17.587892791942753,1153505,17.587892791942753
FF,2012-05-02,17.245348666081462,17.706195577508105,16.673550938002702,17.12844420540248,847173,17.12844420540248
FF,2012-05-03,16.711004141832692,16.82902886023631,16.455031184545753,16.807312686433768,1501878,16.807312686433768
FF,2012-05-04,17.452556380965454,17.903763753625366,17.04782944111951,17.289871268856086,529847,17.289871268856086
FF,2012-05-07,17.079243734809754,17.15016912276251,16.694441630561723,16.96662733291119,1543031,16.96662733291119
FF,2012-05-08,16.701251461450216,16.899568228493024,16.678263738150388,16.779236466233183,1732831,16.779236466233183
FF,2012-05-09,16.586054341021278,17.05846438302017,16.372783439977812,16.717042745890964,1395127,16.717042745890964
FF,2012-05-10,16.61926092780985,17.096317283140323,16.60649097986056,16.729826447247383,64158,16.729826447247383
FF,2012-05-11,16.540074220891267,16.878050913444426,16.119956276874582,16.62579615184593,651983,16.62579615184593
FF,2012-05-14,16.726783339627232,17.303156430681643,16.68372327638302,16.81497882208757,1265847,16.81497882208757
FF,2012-05-15,16.72892498422082,17.14047096105385,16.50455063457648,16.892348553543805,329237,16.892348553543805
FF,2012-05-16,17.13444599829945,17.267251807265442,16.7007227923002,17.060980862244904,122672,17.060980862244904
FF,2012-05-17,17.64098666434214,17.645781427566746,17.34096954665071,17.47425890444278,430300,17.47425890444278
FF,2012-05-18,17.476398221754373,18.008035042085037,17.243750045015297,17.551365639065747,416047,17.551365639065747
FF,2012-05-21,17.323916841658765,17.700609338785746,17.103388442229665,17.493153023430818,587137,17.493153023430818
FF,2012-05-22,17.001511807015635,17.400641502430908,16.441609344230205,16.860453841867166,949228,16.860453841867166
FF,2012-05-23,17.4370184061895,17.947287793445483,17.269591828587043,17.54008399922234,995081,17.54008399922234
FF,2012-05-24,17.88954721819235,18.091252873968074,17.510721569984607,18.06763844194043,983088,18.06763844194043
FF,2012-05-25,18.372277395715283,18.929547672424412,18.017194947809877,18.47420978566634,863828,18.47420978566634
FF,2012-05-28,18.400030358573662,18.70780003381287,18.34846044591935,18.546916029844162,1685495,18.546916029844162
FF,2012-05-29,18.607225485697143,19.076814643258,18.067525475815312,18.523481994196853,961875,18.523481994196853
FF,2012-05-30,18.34487705315248,18.803156287760835,18.282492643487238,18.529564341946426,234838,18.529564341946426
FF,2012-05-31,18.633193439181316,18.986160489445716,18.35392923001563,18.655075279164468,1775391,18.655075279164468
FF,2012-06-01,18.928123963620752,18.988742994784925,18.461646142977624,18.931171083105745,475508,18.931171083105745
FF,2012-06-04,18.808190856563304,19.022203037253938,18.59618459592829,18.701888307947854,1677760,18.701888307947854
FF,2012-06-05,18.60551991407459,19.14743967441766,18.403323940598632,18.59720161324104,660890,18.59720161324104
FF,2012-06-06,18.376549758620005,19.02981341980102,18.01645423260519,18.515513301559192,60426,18.515513301559192
FF,2012-06-07,18.67138127085107,19.256589443377994,18.27968896782931,18.698876020380187,960897,18.698876020380187
FF,2012-06-08,19.194462712223384,19.488262164083086,18.698498194513476,19.029065531911765,1601172,19.029065531911765
FF,2012-06-11,19.360998466112967,19.94124565283987,18.859285371790662,19.463452402232072,454636,19.463452402232072
FF,2012-06-12,19.483465812896316,19.82897051997054,19.371971379516836,19.561921509278505,626374,19.561921509278505
FF,2012-06-13,20.34005599501226,20.91450064659213,19.752435495114945,20.189339020292493,134568,20.189339020292493
FF,2012-06-14,20.352156445529065,20.954167433184715,20.131310832909783,20.236418389461935,561170,20.236418389461935
FF,2012-06-15,20.78083631708913,21.415657287816444,20.613324154276135,20.866171980827588,1368367,20.866171980827588
FF,2012-06-18,21.326845824879182,21.724269420132384,21.2012764778439,21.23833592788634,1790829,21.23833592788634
FF,2012-06-19,20.95541796320162,21.757674662058683,20.389081892394895,21.130754380731315,370477,21.130754380731315
FF,2012-06-20,22.015165793337232,22.66488356515953,21.56678487967559,21.996251646649576,776082,21.996251646649576
FF,2012-06-21,21.651177781146735,21.959758421431943,21.24921827524996,21.491719567395204,1160588,21.491719567395204
FF,2012-06-22,22.222072393567622,22.424585303821083,21.97723911238602,22.07087922088271,616571,22.07087922088271
FF,2012-06-25,21.883338303405413,22.137947937500993,21.329008742411013,22.01417057027459,805255,22.01417057027459
FF,2012-06-26,21.378893668255618,21.813106962131318,21.27588677981581,21.364722257514238,1737630,21.364722257514238
FF,2012-06-27,22.24536770449468,22.313904929076294,21.622703441209943,22.290635077353542,1201931,22.290635077353542
FF,2012-06-28,22.47462389464767,22.98962618957827,22.09332488100012,22.447303009313977,458744,22.447303009313977
FF,2012-06-29,22.190156023061732,22.414813534483837,21.580666266027396,22.380356445198913,259741,22.380356445198913
FF,2012-07-02,22.533708649124925,22.71310307067592,21.749625249604012,22.318842631844745,490103,22.318842631844745
FF,2012-07-03,22.777941438820896,23.118242030309784,22.595433066169836,22.749043584059617,700033,22.749043584059617
FF,2012-07-04,22.633622213588186,22.873946984516586,21.967264182712448,22.80728157555768,356313,22.80728157555768
FF,2012-07-05,23.73396469120309,23.759809319255787,23.350933345283494,23.66662442500889,1757792,23.66662442500889
FF,2012-07-06,23.278430859728733,23.84830622892564,22.64872735488982,23.509903022028954,1235806,23.509903022028954
FF,2012-07-09,22.851026337989673,23.6927884664871,22.72164027068196,23.078829584683596,326060,23.078829584683596
FF,2012-07-10,23.089357627697314,23.52313875722173,22.956478600262095,23.23848055220492,1788420,23.23848055220492
FF,2012-07-11,23.31904222588217,23.56712287132854,23.111122825356293,23.42636834069082,96561,23.42636834069082
FF,2012-07-12,22.9504440572827,23.342165903177534,22.782404383400117,23.05967290900215,441138,23.05967290900215
FF,2012-07-13,22.536747982388988,23.051522507522836,22.26007132734759,22.562391645231273,322328,22.562391645231273
FF,2012-07-16,22.268804505416668,22.29643740077882,21.919295225250746,22.262929459866147,1646466,22.262929459866147
FF,2012-07-17,22.10675716344311,22.16165253797566,21.715562627766815,22.1412302760586,1732128,22.1412302760586
FF,2012-07-18,21.832421120856743,22.191502621650933,21.610592816545477,21.88762665833186,982929,21.88762665833186
FF,2012-07-19,22.490792302910556,22.947373987030993,21.999492351519766,22.414520229801465,765801,22.414520229801465
FF,2012-07-20,22.22234768432864,22.746007998561684,21.55753864980076,22.334764348130093,937589,22.334764348130093
FF,2012-07-23,22.963019246858018,23.402408311908058,22.286566705832,22.904472425983183,1414970,22.904472425983183
FF,2012-07-24,22.28710381695744,22.3979049930463,21.85469645003989,22.085390200735258,478924,22.085390200735258
FF,2012-07-25,22.270346034404067,22.643063513345126,21.846043369901125,22.282925550573495,1476267,22.282925550573495
FF,2012-07-26,22.394468256297017,22.64836961714717,22.382436350551657,22.389454084302223,600173,22.389454084302223
FF,2012-07-27,22.988502792133335,23.064706485487722,22.44047658737895,22.884024077865295,915002,22.884024077865295
FF,2012-07-30,22.884295684617815,22.972214399943663,22.268909339693927,22.88091123611337,1740678,22.88091123611337
FF,2012-07-31,22.3758196202358,22.972629876972782,21.924979361015914,22.53631990751392,1791448,22.53631990751392
FF,2012-08-01,22.70204732365965,23.353973369839995,22.439090700753923,22.65189451450794,1167179,22.65189451450794
FF,2012-08-02,22.760710149210674,22.83329388070708,22.434670408914645,22.756717044356613,557867,22.756717044356613
FF,2012-08-03,22.731662158854046,23.069152622777594,22.264862061337375,22.528242692272823,1023583,22.528242692272823
FF,2012-08-06,22.298077098629363,22.64828102526074,21.703545929644104,22.481071473003105,1791013,22.481071473003105
FF,2012-08-07,22.362671729981834,22.55159710298518,22.230382938886876,22.346373026931293,1422947,22.346373026931293
FF,2012-08-08,23.07438886456155,23.229763215501674,22.953139540795295,23.020552571141387,1268621,23.020552571141387
FF,2012-08-09,23.065695040701534,23.443297638658724,22.42054026865676,23.010518465746657,1092483,23.010518465746657
FF,2012-08-10,22.80426412384391,23.04600584959501,22.548493777969306,23.006862220160812,1311181,23.006862220160812
FF,2012-08-13,22.861791571410713,23.451789744644948,22.333523069152186,22.94078554240954,622749,22.94078554240954
FF,2012-08-14,22.72436137587208,23.248397800068744,22.166891851960564,22.832797534494087,339843,22.832797534494087
FF,2012-08-15,23.032988822253976,23.29890305312346,22.402709654499063,22.95037346233812,1250426,22.95037346233812
FF,2012-08-16,22.79003541743763,22.9389798796835,22.357496911025503,22.68323721111477,292271,22.68323721111477
FF,2012-08-17,22.52628374020037,23.022589604560977,22.449176397437846,22.658031403849378,988633,22.658031403849378
FF,2012-08-20,22.24440655794167,22.881810751676163,21.98001037983319,22.100277214819204,357521,22.100277214819204
FF,2012-08-21,22.197431348899574,22.67576284776107,21.626990713789983,22.204077536392333,547990,22.204077536392333
FF,2012-08-22,22.212238987568963,22.505084143497946,21.88566564272545,22.318044001009163,1063696,22.318044001009163
FF,2012-08-23,21.828844336118788,22.405086482345187,21.272788122635575,21.916619063503827,751028,21.916619063503827
FF,2012-08-24,22.063283925793716,22.503331840672956,21.691329056411096,22.16812262415753,1569630,22.16812262415753
FF,2012-08-27,22.10372588350468,22.135566945508536,21.76816151129531,22.0576510713721,116865,22.0576510713721
FF,2012-08-28,22.633857370280218,23.05317409781457,22.493740320437812,22.62161190799897,1105784,22.62161190799897
FF,2012-08-29,22.757552669624648,22.917238764201805,22.46573355227882,22.559601210454403,1289328,22.559601210454403
FF,2012-08-30,22.99213274049984,23.38052606663523,22.321475175815408,23.09667335924294,1097347,23.09667335924294
FF,2012-08-31,23.281988242437127,23.70189534140866,23.064917736521164,23.366492063601505,444917,23.366492063601505
FF,2012-09-03,22.702847648319597,23.47899289908085,22.301115563024773,22.929168937444423,931107,22.929168937444423
FF,2012-09-04,22.65117991647141,23.138680475923504,22.307983141238612,22.74290720628401,1768649,22.74290720628401
FF,2012-09-05,23.29526377529787,23.650780479799078,22.751442558991684,23.411911267244818,627727,23.411911267244818
FF,2012-09-06,23.732634285724014,24.248109865557616,23.045054531365103,23.779243629293063,1572057,23.779243629293063
FF,2012-09-07,23.401020582098084,23.537929447443968,23.285459474897497,23.403061061272627,1608879,23.403061061272627
FF,2012-09-10,23.70779838365107,24.29299649093985,23.08200015085035,23.627346703051856,598785,23.627346703051856
FF,2012-09-11,23.245738789250826,23.531215421772274,23.162261615290706,23.38987255693859,1242250,23.38987255693859
FF,2012-09-12,23.315774882541064,23.706452953987238,22.639510463259704,23.289495553163185,606171,23.289495553163185
FF,2012-09-13,23.99078730952775,24.1384228796669,23.457753336389562,23.88158025082986,1514889,23.88158025082986
FF,2012-09-14,23.977181874830237,24.337343188119338,23.791847237872215,24.10194215083809,553816,24.10194215083809
FF,2012-09-17,23.571606507381013,23.94161315291535,23.04601688933218,23.641959495020444,1652480,23.641959495020444
FF,2012-09-18,23.55835657883785,23.959333822589077,23.535326005182387,23.6981192621578,428300,23.6981192621578
FF,2012-09-19,24.002656389662757,24.868576300397567,23.741624842218403,24.19084565577674,301597,24.19084565577674
FF,2012-09-20,24.49596094354791,24.660199561466698,23.798891670665956,24.371081540636776,1695015,24.371081540636776
FF,2012-09-21,24.24848720525746,24.506942966177533,24.098349302846138,24.375207278373402,569784,24.375207278373402
FF,2012-09-24,24.114376330702544,24.553812183827944,24.103212305783135,24.178415916782065,1547850,24.178415916782065
FF,2012-09-25,24.090662097222296,24.902125207501204,23.54796708090544,24.212846489389193,1670530,24.212846489389193
FF,2012-09-26,22.825553893184722,23.383556691905518,22.704011162970406,23.03572044164624,328956,23.03572044164624
FF,2012-09-27,23.20164638604088,23.86941840706322,23.08011866114914,23.095871765014422,1355666,23.095871765014422
FF,2012-09-28,22.781813377903102,22.91191261644673,22.185621148065458,22.716693730058573,1664193,22.716693730058573
FF,2012-10-01,22.27982272144961,22.297324516473072,21.7681863679255,22.290465931994216,1410232,22.290465931994216
FF,2012-10-02,22.50878299743953,22.713350833618204,22.240214695938754,22.430573906543422,215393,22.430573906543422
FF,2012-10-03,22.684635659509013,23.11895468214708,22.495165793794147,22.528513110295172,1188406,22.528513110295172
FF,2012-10-04,22.534048817541176,22.934287332300187,22.27527284367748,22.48078621866935,1490700,22.48078621866935
FF,2012-10-05,22.644205299407755,22.80841505160102,22.12765242494303,22.46146545375065,1629185,22.46146545375065
FF,2012-10-08,22.10815902048417,22.68236048906355,21.51470715005618,22.240939567467088,1152473,22.240939567467088
FF,2012-10-09,21.755898884445156,22.297782185049904,21.54137928409604,21.590362286472896,418585,21.590362286472896
FF,2012-10-10,21.589947179090856,22.03504317883557,20.969585874585174,21.572027372639333,937173,21.572027372639333
FF,2012-10-11,21.955695181956447,22.43511374028665,21.290887145178058,21.80670057728431,771666,21.80670057728431
FF,2012-10-12,21.526190367271514,21.724838434806337,21.068755826977068,21.421733905098783,317888,21.421733905098783
FF,2012-10-15,21.06462345455337,21.59006232735108,20.749047283016722,21.252649958196706,758993,21.252649958196706
FF,2012-10-16,21.363368409703124,21.39073829017596,20.618534256265793,21.220007834963674,442934,21.220007834963674
FF,2012-10-17,21.102927052259325,21.399897267064016,20.521941163121586,21.171825048621606,1388187,21.171825048621606
FF,2012-10-18,21.15176574667376,21.702748570661527,20.596611455078996,21.184332315159587,1057480,21.184332315159587
FF,2012-10-19,21.015799968732946,21.726395280100782,20.41035339761379,21.223332522652562,1336016,21.223332522652562
FF,2012-10-22,20.991926988480405,21.58440316076476,20.86973480529695,20.883864880013284,1748739,20.883864880013284
FF,2012-10-23,21.052276385386843,21.678442799773826,20.570989256368,21.066198062205892,677812,21.066198062205892
FF,2012-10-24,21.099505601993247,21.715192878743917,20.840011362093946,20.915607917557665,1426396,20.915607917557665
FF,2012-10-25,21.08666933265974,21.27943354985508,20.950240422536467,21.179436132768245,648559,21.179436132768245
FF,2012-10-26,21.242237849965623,21.320788730796938,21.05480797956198,21.24390686533414,63208,21.24390686533414
FF,2012-10-29,21.35389952488611,21.953510136834982,21.134754678213326,21.391919453066134,449858,21.391919453066134
FF,2012-10-30,21.89007402757832,22.1416812825439,21.435584622101196,21.76293062914297,1732820,21.76293062914297
FF,2012-10-31,21.961115354015234,22.196439707746233,21.658311687041664,21.94547106882232,170676,21.94547106882232
FF,2012-11-01,22.228071175275716,22.60208316082102,22.155157570992934,22.24592222357756,1623777,22.24592222357756
FF,2012-11-02,23.05537976423626,23.367604331523477,22.69865818459581,22.8511726573709,271321,22.8511726573709
FF,2012-11-05,22.34098211783853,22.545507025612753,21.82546002830989,22.395652900200833,1720324,22.395652900200833
FF,2012-11-06,22.16952302541437,22.735801179935933,21.573759740162394,22.173949386312927,1714722,22.173949386312927
FF,2012-11-07,22.01541391367009,22.615946653927008,21.52564414076182,21.99160103940622,1138929,21.99160103940622
FF,2012-11-08,22.301068074435577,23.0064535386196,21.720700587451024,22.50184535815532,1483117,22.50184535815532
FF,2012-11-09,22.51707321866652,22.549546520492843,22.47439540387103,22.505140018884575,391919,22.505140018884575
FF,2012-11-12,22.174446006657913,22.32620728910841,21.763819587723223,22.247506824573396,202202,22.247506824573396
FF,2012-11-13,21.959935195494126,22.187886635496806,21.35110107517521,21.89414468735265,1103269,21.89414468735265
FF,2012-11-14,22.248233810288234,22.619808409484552,21.933181475568894,22.18450891772933,904173,22.18450891772933
FF,2012-11-15,22.420256806340344,22.830221014788563,21.92285669876673,22.325908154070866,211280,22.325908154070866
FF,2012-11-16,21.7484786280688,21.857808043070932,21.238234906608938,21.792433846740227,744277,21.792433846740227
FF,2012-11-19,21.41464469135664,22.207071643683385,20.80925571365431,21.585259931649155,1416605,21.585259931649155
FF,2012-11-20,20.857308473879353,21.214487535108436,20.28944811927847,20.882721410054412,602631,20.882721410054412
FF,2012-11-21,21.21604210058995,21.49084101816844,20.91627101862128,21.193921362251267,1769490,21.193921362251267
FF,2012-11-22,21.016679283460483,21.339972808047197,20.859272424570218,21.21831684180415,1731465,21.21831684180415
FF,2012-11-23,21.19108007125863,21.795562083185864,21.12388926507419,21.171025605634718,1140534,21.171025605634718
FF,2012-11-26,20.634782690195966,20.95395134373506,20.37814832656204,20.676434819274117,1210398,20.676434819274117
FF,2012-11-27,20.459572881709725,20.540718094263386,20.24641317093374,20.46839172588313,88494,20.46839172588313
FF,2012-11-28,20.6178527348343,21.080775776755914,20.14899414493783,20.699268653436466,530511,20.699268653436466
FF,2012-11-29,20.605213749282786,20.82493660935128,20.156656682223634,20.608453592322665,1171789,20.608453592322665
FF,2012-11-30,20.59478431314387,21.093999641504176,20.081570978859787,20.438697791709135,1173195,20.438697791709135
FF,2012-12-03,21.16221089681516,21.508508712403824,20.958219086215657,21.04107781227696,587405,21.04107781227696
FF,2012-12-04,20.534212413673544,20.599325910444144,20.13963115213585,20.48666524893285,239397,20.48666524893285
FF,2012-12-05,20.329365912840608,20.787145924195645,19.815469768925897,20.278031222679687,254614,20.278031222679687
FF,2012-12-06,20.163401234471863,20.3476946875804,19.95688992708167,20.005203932695444,1091626,20.005203932695444
FF,2012-12-07,20.20047491009723,20.45618336829522,19.84379651464516,20.208681179695965,1298162,20.208681179695965
FF,2012-12-10,20.33190321607608,20.805012952671863,19.754898192301663,20.315915939184595,1761274,20.315915939184595
FF,2012-12-11,20.447588756172937,20.5128900868373,20.02452252397486,20.301346559199985,1112404,20.301346559199985
FF,2012-12-12,20.035324095283716,20.623027781837653,19.710378128854803,19.933774566777164,1544061,19.933774566777164
FF,2012-12-13,20.007824694913033,20.456628154715105,19.981044664968913,20.03464661610145,661106,20.03464661610145
FF,2012-12-14,19.347824798741517,19.53569964591179,19.23556794819996,19.423474446971188,208051,19.423474446971188
FF,2012-12-17,19.327617180657967,19.36131983484592,18.799717213818855,19.32073177790687,1427915,19.32073177790687
FF,2012-12-18,18.99670684759106,19.45465586610539,18.71855232891279,19.141951695698033,91686,19.141951695698033
FF,2012-12-19,19.511441000185883,19.73343707463068,19.1112354126542,19.441281986339956,1180403,19.441281986339956
FF,2012-12-20,19.630487477002983,19.661843757845485,19.2732775686663,19.644455553320455,842323,19.644455553320455
FF,2012-12-21,19.881342091685784,20.24470468428021,19.33156673734716,19.843643966500654,1018124,19.843643966500654
FF,2012-12-24,20.046685841163903,20.232367293348986,19.535748475202247,19.90883751408628,88145,19.90883751408628
FF,2012-12-25,20.294047657973618,20.54912734517423,19.971426928863128,20.352532484309386,1668020,20.352532484309386
FF,2012-12-26,20.637030285094344,20.73860727296797,20.15342616483364,20.638199253251695,111602,20.638199253251695
FF,2012-12-27,20.30855264737798,20.39407902435077,20.027832744862415,20.285957923597486,384381,20.285957923597486
FF,2012-12-28,20.05531189365912,20.23110272256116,19.586788701847265,20.14387449680502,1001299,20.14387449680502
FF,2012-12-31,20.28065160481121,20.913929225204374,19.746044454511807,20.372394312928527,941642,20.372394312928527
FF,2013-01-01,20.478997436236945,20.806504458851634,20.458429001366447,20.468262861494935,973067,20.468262861494935
FF,2013-01-02,20.370718647639638,20.75841317447644,20.18029378357153,20.47013671880308,579783,20.47013671880308
FF,2013-01-03,20.75707361625052,21.195754292017025,20.357684582917877,20.608199024814482,510291,20.608199024814482
FF,2013-01-04,20.161328775895022,20.35473704487586,19.560971492822826,19.963737617663668,760341,19.963737617663668
FF,2013-01-07,19.9986492988376,20.611144005455714,19.523685414135382,20.114973312699462,1757570,20.114973312699462
FF,2013-01-08,20.552299682839703,20.67388434313895,19.98672370613762,20.521411515403692,683872,20.521411515403692
FF,2013-01-09,20.64788160954487,21.296122104413676,20.067236716398437,20.79537151600746,497747,20.79537151600746
FF,2013-01-10,21.63629677592567,21.809829170728726,21.44138358110993,21.773219273235703,371877,21.773219273235703
FF,2013-01-11,22.076870484479738,22.18074619834252,21.483217615409814,21.960056605838638,921096,21.960056605838638
FF,2013-01-14,21.788884869532037,22.507572717014018,21.343166224329796,21.920548404422615,555803,21.920548404422615
FF,2013-01-15,22.629148794387003,22.703151796362846,21.950253780468724,22.517013537105427,880086,22.517013537105427
FF,2013-01-16,22.154244404350035,22.360367620183236,21.567487386744812,22.196849605959876,1277695,22.196849605959876
FF,2013-01-17,22.027259778034104,22.064539113160333,21.693543369340752,22.03631257979553,1724075,22.03631257979553
FF,2013-01-18,21.914647863376615,22.416094539989228,21.735505312575132,22.02060586641715,177213,22.02060586641715
FF,2013-01-21,21.75105176789442,21.96489338630382,21.723853627401315,21.72976473322405,1373852,21.72976473322405
FF,2013-01-22,21.92155043433801,22.413670117529424,21.487173170409765,21.995651621303224,1559354,21.995651621303224
FF,2013-01-23,22.194340991473464,22.397232637916186,21.97051462666882,22.339743166601398,1038650,22.339743166601398
FF,2013-01-24,22.012347687619986,22.435213049479803,21.428623876203737,22.172400019053924,423920,22.172400019053924
FF,2013-01-25,22.53414443053727,22.785407304245314,22.013784135277454,22.31118564579097,839699,22.31118564579097
FF,2013-01-28,22.372473155193056,22.803182096726186,22.04902252261058,22.4417585037906,526287,22.4417585037906
FF,2013-01-29,22.73325693805459,22.934468877307754,21.939325701131654,22.5954586543119,1508615,22.5954586543119
FF,2013-01-30,22.4412583470043,23.17775987690279,22.09318530037312,22.512675260496426,1648744,22.512675260496426
FF,2013-01-31,22.305722095270397,22.517200725674268,21.9141893896917,22.251002757388044,1200035,22.251002757388044
FF,2013-02-01,22.96014433465314,23.43980785239348,22.37491879904606,22.80454324714986,753845,22.80454324714986
FF,2013-02-04,22.622052579604922,22.87064654841395,22.24541780070451,22.533705103566916,240626,22.533705103566916
FF,2013-02-05,22.226805512368273,22.778954757911517,21.59038462084683,22.42003201953629,821400,22.42003201953629
FF,2013-02-06,22.674648769579168,22.969975855143332,22.56883503555275,22.814834083136414,435010,22.814834083136414
FF,2013-02-07,22.988831021097425,23.107999055405113,22.49010665808777,22.81833990895019,1677741,22.81833990895019
FF,2013-02-08,23.717240334151708,24.423170193425356,23.02859798187498,23.73089833062682,1334518,23.73089833062682
FF,2013-02-11,23.40841637672773,23.788292326402576,23.351030091133023,23.362406624525395,1529050,23.362406624525395
FF,2013-02-12,22.84585874043923,23.384092577902738,22.42212694915236,23.06523084704245,122782,23.06523084704245
FF,2013-02-13,22.982577341676375,23.43087123311556,22.973426447324783,22.98840874291088,205374,22.98840874291088
FF,2013-02-14,23.311801604605172,23.500572383768876,22.73856358074083,23.344083455457,1216452,23.344083455457
FF,2013-02-15,23.478003885449834,24.056952279805824,22.71020338447369,23.39089804179126,1356389,23.39089804179126
FF,2013-02-18,23.520562199616677,23.803098637190566,23.318321003914058,23.627145477281914,942240,23.627145477281914
FF,2013-02-19,24.420641970871614,24.81810966850728,24.262312357590638,24.302100744227914,1768190,24.302100744227914
FF,2013-02-20,23.52854307897163,23.618314183297677,22.799528559796048,23.448398394759955,875586,23.448398394759955
FF,2013-02-21,22.806021674397712,23.19912860691086,22.620680187514747,22.80159283194744,1763441,22.80159283194744
FF,2013-02-22,22.51790582909694,22.901115436628558,21.889119596705132,22.574047069837317,682056,22.574047069837317
FF,2013-02-25,22.43843384719603,22.717316399423158,22.29970220522628,22.52764713540362,1546223,22.52764713540362
FF,2013-02-26,22.058764367770465,22.26227361306575,21.766381379528355,22.043290185967415,302412,22.043290185967415
FF,2013-02-27,22.59287025865941,22.599520343196946,22.41055981387266,22.558210056872415,1019621,22.558210056872415
FF,2013-02-28,22.59925044771019,22.641257611772314,22.17313027333488,22.6227183211147,936000,22.6227183211147
FF,2013-03-01,23.05520106376936,23.55531629641406,22.989759582498607,23.138232858557306,681196,23.138232858557306
FF,2013-03-04,23.28959618240469,23.791516707939355,22.6304282052052,23.11397601169078,1782720,23.11397601169078
FF,2013-03-05,23.001571953444614,23.468038654100816,22.50694858717049,23.0892126344405,896736,23.0892126344405
FF,2013-03-06,22.782225357979527,22.838208956991863,22.677235278452486,22.704048100707695,1068011,22.704048100707695
FF,2013-03-07,22.89362716795092,23.53982512171808,22.112138476981393,22.709757402970677,1405753,22.709757402970677
FF,2013-03-08,23.24745367974679,23.745018115777526,22.896047752861616,23.179375985643635,980216,23.179375985643635
FF,2013-03-11,23.35958757758308,23.589192188957263,23.061056576032787,23.422395616793715,507219,23.422395616793715
FF,2013-03-12,23.600901262910735,24.174379985194605,23.06049111253829,23.697012607631546,471367,23.697012607631546
FF,2013-03-13,23.69205705016259,23.771276915481014,23.04378916897692,23.52577604389257,1122168,23.52577604389257
FF,2013-03-14,23.16673526992054,23.713175184659878,22.67091266436904,23.171389757536293,857557,23.171389757536293
FF,2013-03-15,22.991811448031758,23.32353100342024,22.842979800669262,22.948957500372746,312094,22.948957500372746
FF,2013-03-18,23.19491652881775,23.479774546778273,22.726367683611272,23.15032908484916,1362683,23.15032908484916
FF,2013-03-19,22.764573527692335,22.7708198868948,22.31152341131845,22.74919428468241,489447,22.74919428468241
FF,2013-03-20,22.873063771554914,23.320787419684457,22.430289036377538,22.677436266324225,1636229,22.677436266324225
FF,2013-03-21,22.58704268244225,23.1487832806628,22.05506262975602,22.393991171837417,1244695,22.393991171837417
FF,2013-03-22,21.84311693395594,22.236423805744888,21.46696098497562,22.045752011194683,560966,22.045752011194683
FF,2013-03-25,22.393683446800424,22.401589764543164,22.195953808302324,22.391146059498123,1107640,22.391146059498123
FF,2013-03-26,22.460992810138023,22.983424194455704,22.036300813951506,22.431577082484946,1760426,22.431577082484946
FF,2013-03-27,23.047182896999985,23.486691252033115,22.319406773735366,22.85267986903876,1752526,22.85267986903876
FF,2013-03-28,22.539970118031178,23.26554454162379,22.365406903857668,22.73565239484714,135790,22.73565239484714
FF,2013-03-29,23.28108574091917,23.657063591548283,22.49993359510764,23.147260078935464,272472,23.147260078935464
FF,2013-04-01,23.509968003754228,23.835072230136266,23.442965615240183,23.44319302680576,725537,23.44319302680576
FF,2013-04-02,23.25807621856291,23.411132454846832,22.870282164815983,23.150427095125313,91780,23.150427095125313
FF,2013-04-03,23.480056541183885,23.63404715254118,22.928018552835496,23.57828112947766,1541579,23.57828112947766
FF,2013-04-04,23.405195566511058,23.736223882042587,22.730083290523453,23.29032176777673,402257,23.29032176777673
FF,2013-04-05,23.746498255143408,24.471507073739414,23.22909707319976,23.850164288376206,790565,23.850164288376206
FF,2013-04-08,24.56526559591802,24.60900145384641,24.39060131438367,24.479261347355262,1111267,24.479261347355262
FF,2013-04-09,24.76065952291384,25.495378817667117,24.491329085946877,24.619333487181315,140999,24.619333487181315
FF,2013-04-10,24.734400434075074,25.437098658746255,23.96383066903843,24.59504165484595,995923,24.59504165484595
FF,2013-04-11,24.20639527954767,24.6716941079451,23.894742527265304,24.184932222109573,77877,24.184932222109573
FF,2013-04-12,25.072299184783287,25.8045473509129,25.00528313706183,25.115715602665485,777869,25.115715602665485
FF,2013-04-15,24.415745300768474,24.949151392784604,24.22027360210626,24.541617276694957,1349724,24.541617276694957
FF,2013-04-16,23.76961986405972,24.284702729351732,23.475440468153376,23.993481309060524,593856,23.993481309060524
FF,2013-04-17,23.49564940059199,24.116195262362712,22.937837045591454,23.709559385147664,612323,23.709559385147664
FF,2013-04-18,23.864989392548058,24.53253969054373,23.824558559757396,23.903945345529596,1700611,23.903945345529596
FF,2013-04-19,22.773656374558815,23.619189245319788,22.699735917060192,22.95965872373482,202709,22.95965872373482
FF,2013-04-22,22.462594366557653,23.207469817637,22.005182896217423,22.638284002350886,1732062,22.638284002350886
FF,2013-04-23,22.46374223555564,22.72358152004266,22.12522599046064,22.601747906872852,955415,22.601747906872852
FF,2013-04-24,23.294973036574586,23.717375019044567,22.653318116690546,23.303685142463593,1334671,23.303685142463593
FF,2013-04-25,23.22682368956859,23.5367314034196,22.92794710134532,23.184280244893912,163149,23.184280244893912
FF,2013-04-26,23.19487091626175,23.529757067602525,22.449640145895525,23.105099993566487,342445,23.105099993566487
FF,2013-04-29,23.62673306981729,23.936866314521904,23.560117555726006,23.633246388811205,607402,23.633246388811205
FF,2013-04-30,23.638166295895417,23.686074064518838,23.47600023344026,23.560540621936198,549933,23.560540621936198
FF,2013-05-01,23.162054694117515,23.749839358932025,22.499816619547403,22.995517398436547,1432863,22.995517398436547
FF,2013-05-02,23.127873787165587,23.866766571566178,22.948897949073775,23.186227482436934,506743,23.186227482436934
FF,2013-05-03,22.58563015824516,22.72773839703626,22.122469923940056,22.50091917639365,488693,22.50091917639365
FF,2013-05-06,22.60561450890866,23.02740516631172,22.42963907787716,22.534178546761762,1460003,22.534178546761762
FF,2013-05-07,22.967557123114588,23.337268003205445,22.260116560653284,22.905028384352658,646012,22.905028384352658
FF,2013-05-08,22.792576373742072,23.405579399057256,22.41715532861062,22.75457806720702,971789,22.75457806720702
FF,2013-05-09,22.66192611997678,23.14061518395349,22.15203829661806,22.5598842367547,992031,22.5598842367547
FF,2013-05-10,23.120985170545012,23.640972800695085,22.464834216702656,22.974616962360457,674340,22.974616962360457
FF,2013-05-13,22.896166486311824,23.60093209826779,22.353033214809226,22.945669713336045,550945,22.945669713336045
FF,2013-05-14,22.848387453065932,23.30316855985407,22.556846779057473,22.777883890541272,1179064,22.777883890541272
FF,2013-05-15,22.741330722913336,23.16729224278267,22.196833549545776,22.856292890085257,1691335,22.856292890085257
FF,2013-05-16,23.61360022756763,23.650370903774498,23.2340836061056,23.493311542103857,519598,23.493311542103857
FF,2013-05-17,23.42676200212093,24.063757352316806,22.8242053811307,23.249880022200454,1292689,23.249880022200454
FF,2013-05-20,23.354335390088018,23.76751610849917,22.704952286263833,23.23284036533951,1076071,23.23284036533951
FF,2013-05-21,22.455619810835305,22.919358819015827,22.30991540870559,22.45962178417676,94805,22.45962178417676
FF,2013-05-22,22.76962080109706,23.285495215264394,22.335104054798123,22.937783394423484,610509,22.937783394423484
FF,2013-05-23,22.806461989619383,23.075776583321627,21.96856469846147,22.63753927512323,852285,22.63753927512323
FF,2013-05-24,22.905998533392868,23.252259898862313,22.661114977902514,22.762765369880675,895136,22.762765369880675
FF,2013-05-27,23.514456636056742,23.548672958650812,22.940057050555914,23.421704899698923,1457833,23.421704899698923
FF,2013-05-28,23.665681263699263,24.232175479674947,23.375207633716716,23.5004799981457,1039668,23.5004799981457
FF,2013-05-29,24.07878246005798,24.192894687240468,23.735392451929,24.06288805707171,1213905,24.06288805707171
FF,2013-05-30,24.76575062376436,25.012909561531064,24.437707538082996,24.52502165930064,914793,24.52502165930064
FF,2013-05-31,24.876251770683243,24.94117479316236,24.278292036396184,24.70967263622643,753531,24.70967263622643
FF,2013-06-03,23.638144149286788,24.383659525673753,23.049182407991818,23.798260619393744,1365812,23.798260619393744
FF,2013-06-04,22.808555289835773,22.96869363258652,22.136620034176847,22.853277417001074,553296,22.853277417001074
FF,2013-06-05,23.223134260655925,23.657132232224853,23.068837882108618,23.377361716667917,1499184,23.377361716667917
FF,2013-06-06,23.418452813784672,23.841830574424826,23.263383751298154,23.54831672858522,755290,23.54831672858522
FF,2013-06-07,23.700319936406004,23.925302047639732,23.127948785849682,23.69985898845497,1533165,23.69985898845497
FF,2013-06-10,23.466448431576673,24.138884360966536,23.435090681692593,23.531678568461466,700785,23.531678568461466
FF,2013-06-11,23.578863546323475,24.12479566459547,23.351490679883824,23.387209815482823,306828,23.387209815482823
FF,2013-06-12,23.093873951748115,23.84752582960884,22.654282082988587,23.327090674426838,447658,23.327090674426838
FF,2013-06-13,22.939772877740424,23.323097490246248,22.353149464127213,23.16664132214213,490426,23.16664132214213
FF,2013-06-14,23.525167637112244,23.658922170275737,22.82785470408829,23.329032600838435,1438449,23.329032600838435
FF,2013-06-17,23.497379108136887,23.795411894448332,23.447547191396087,23.620670389831755,886806,23.620670389831755
FF,2013-06-18,23.02431518309833,23.52513728226022,22.754541742838796,23.255722812612206,245942,23.255722812612206
FF,2013-06-19,23.55953928459912,23.927771909563234,23.499025876141452,23.58897065816613,471121,23.58897065816613
FF,2013-06-20,23.510838236454607,23.8323602137576,22.82160720787566,23.654825850337918,497551,23.654825850337918
FF,2013-06-21,23.419419905035955,23.955035530517172,23.413036136140036,23.630520847824776,1275309,23.630520847824776
FF,2013-06-24,23.762711206469785,23.894153328781076,23.48320501347014,23.748239087025148,729663,23.748239087025148
FF,2013-06-25,23.17064279094275,23.526905972529207,22.604628434962382,23.338597610421687,1463506,23.338597610421687
FF,2013-06-26,23.256077588543715,23.43799329244033,22.758625792115364,23.100436760504863,1453262,23.100436760504863
FF,2013-06-27,22.126205064326545,22.698669656596632,22.006787636081718,22.214100722325654,1614097,22.214100722325654
FF,2013-06-28,22.233744575715885,22.665743420968358,21.66083894412663,22.35820945748162,136173,22.35820945748162
FF,2013-07-01,22.4680835933125,22.882765954619465,22.09829377857841,22.360860187957293,969652,22.360860187957293
FF,2013-07-02,22.470933824359527,22.922132083759916,22.11017961309572,22.315329767325352,1205548,22.315329767325352
FF,2013-07-03,22.076335850573116,22.303215393205694,21.68745426464735,22.25746685672409,1626610,22.25746685672409
FF,2013-07-04,22.272509711994527,22.963624595058487,21.966218839416783,22.428806243505363,327113,22.428806243505363
FF,2013-07-05,22.17466544631601,22.374963765325944,22.066458503808022,22.185958043392002,921653,22.185958043392002
FF,2013-07-08,22.33658031746747,22.678164151908398,22.264080830726318,22.296348427053506,825829,22.296348427053506
FF,2013-07-09,22.524531734729145,22.944427294253444,22.223281558656737,22.713845236353315,1680436,22.713845236353315
FF,2013-07-10,21.95770183225451,22.523592513585747,21.76181067488053,22.01272864945327,333217,22.01272864945327
FF,2013-07-11,22.10685328500706,22.258234196327216,21.486870128856662,21.93244565982561,1270413,21.93244565982561
FF,2013-07-12,21.80418482843372,22.43460823310965,21.209048381263298,21.641406238964187,1591607,21.641406238964187
FF,2013-07-15,21.984013751744694,22.332218398746804,21.91041433802511,22.0673290574965,1106364,22.0673290574965
FF,2013-07-16,22.111945244753063,22.707803383850568,21.51403232819076,22.233146997980487,757125,22.233146997980487
FF,2013-07-17,22.563582714168437,22.997783507627307,21.98937179752531,22.526294290427654,784689,22.526294290427654
FF,2013-07-18,22.638733138466364,23.331530843808874,22.1428729407097,22.823086953135626,1096203,22.823086953135626
FF,2013-07-19,23.389889666846127,23.90404361171882,22.754402484310955,23.515286992308745,1081660,23.515286992308745
FF,2013-07-22,23.5044908416153,23.934638999673343,23.270115906753055,23.66219612918885,1413056,23.66219612918885
FF,2013-07-23,23.199839138895612,23.46197410894205,23.134605512139654,23.336243093865836,1709429,23.336243093865836
FF,2013-07-24,23.39348333029553,23.894316974204514,22.71062401813164,23.52767854162097,1286253,23.52767854162097
FF,2013-07-25,23.435675016312352,23.478461921524037,22.851720747834843,23.376073439399576,1354961,23.376073439399576
FF,2013-07-26,23.540830218447642,23.587981491495434,23.484764449568537,23.54642833398735,1512291,23.54642833398735
FF,2013-07-29,23.744477531044513,24.181417631904594,23.195755077346963,23.573666113199888,1491707,23.573666113199888
FF,2013-07-30,23.353771729344867,23.690408951582167,23.16448401400642,23.244237154032835,445727,23.244237154032835
FF,2013-07-31,23.17413586153365,23.526531422115507,23.13523050633856,23.174667104393095,1696147,23.174667104393095
FF,2013-08-01,22.438380867335592,22.740497255988792,22.432279637652364,22.52513850090443,770751,22.52513850090443
FF,2013-08-02,22.5534183718543,23.088317167014633,21.998504408261606,22.404668244161353,1160221,22.404668244161353
FF,2013-08-05,22.168083351682448,22.491012786788474,21.731134204555296,22.356081608463434,1710424,22.356081608463434
FF,2013-08-06,21.967666172605274,22.35394297350284,21.72337272897882,21.888430099136702,1401403,21.888430099136702
FF,2013-08-07,21.56497798952166,22.29421953049554,21.302678370122585,21.73319146574657,558301,21.73319146574657
FF,2013-08-08,22.482570006160167,23.045131919163882,22.23812407711981,22.467832719304365,1194586,22.467832719304365
FF,2013-08-09,22.866645366484875,22.886284162084035,22.366194841768912,22.684437433919513,1619273,22.684437433919513
FF,2013-08-12,22.08331293071825,22.385410492136316,21.76143196774774,22.19960896815894,308313,22.19960896815894
FF,2013-08-13,21.871678142758892,22.530569623744157,21.42219411398749,22.05761047772731,1174317,22.05761047772731
FF,2013-08-14,21.61819040537624,22.169762736242046,21.35591876170509,21.68780872529413,518280,21.68780872529413
FF,2013-08-15,22.009534188397346,22.337997881329247,21.526346856124057,22.019109260533103,1079125,22.019109260533103
FF,2013-08-16,21.827206380461394,21.959792311129085,21.309470249710817,21.729506726382787,328416,21.729506726382787
FF,2013-08-19,21.360932333019647,21.74423548434074,21.124206945270554,21.56374662872355,1767516,21.56374662872355
FF,2013-08-20,21.775009157092835,22.464072268375105,21.537634863337907,21.93695527532083,1142154,21.93695527532083
FF,2013-08-21,22.036696492637198,22.2033739013223,21.757128156558238,22.076109378957742,1326718,22.076109378957742
FF,2013-08-22,21.849242284558063,22.650365437432438,21.636034708808054,22.0276569485885,90697,22.0276569485885
FF,2013-08-23,22.25555425147845,22.589967407699994,21.66536773345491,22.054465794073383,207051,22.054465794073383
FF,2013-08-26,21.80540160953484,21.99080449259592,21.535309555471162,21.80061035721789,419783,21.80061035721789
FF,2013-08-27,22.341546593696435,22.658454386005918,21.735165317651358,22.396672184235417,433747,22.396672184235417
FF,2013-08-28,22.232107807299222,22.40319225477758,21.67976345767603,22.02082795404465,951657,22.02082795404465
FF,2013-08-29,22.254659757572274,22.511257065040216,21.914255295329113,22.189823397276488,1039727,22.189823397276488
FF,2013-08-30,22.4414816513063,22.5295395112249,22.045508743483822,22.434382115304487,1398535,22.434382115304487
FF,2013-09-02,22.96285319391815,23.65237320064338,22.285654519569487,23.082357700157445,1402130,23.082357700157445
FF,2013-09-03,22.916750436450037,23.69628916492309,22.71118817696682,23.030484810902273,462533,23.030484810902273
FF,2013-09-04,22.576731283890044,23.086763871545752,22.2079333938527,22.63909413944415,1481507,22.63909413944415
FF,2013-09-05,22.906516077736324,23.462169212460044,22.214915419796917,22.792224070024858,879881,22.792224070024858
FF,2013-09-06,22.606136271013003,22.7608160912883,22.445639524417977,22.46416056193572,803459,22.46416056193572
FF,2013-09-09,22.069326195893538,22.247888038349835,22.031199597032636,22.20608253812554,1064940,22.20608253812554
FF,2013-09-10,21.861047730406327,22.272327581270762,21.17486486492242,21.7231441751397,444474,21.7231441751397
FF,2013-09-11,21.36818093019716,21.966560295836363,21.18048720660595,21.440676904074206,61715,21.440676904074206
FF,2013-09-12,21.244800525025255,21.907881772812996,20.93729174095301,21.372911720414248,1196847,21.372911720414248
FF,2013-09-13,20.876899226087673,21.34084467360859,20.431780824372634,21.00512181063837,446336,21.00512181063837
FF,2013-09-16,20.807734641841293,21.211583795308936,20.61070947831288,20.822964360872742,646336,20.822964360872742
FF,2013-09-17,21.191662223157692,21.425778060805648,20.729866046930294,21.07904509592049,573792,21.07904509592049
FF,2013-09-18,21.22270415491168,21.75157540193612,21.12820355984534,21.192731065503676,1376188,21.192731065503676
FF,2013-09-19,21.490702118251303,21.955987342603034,21.299628119999802,21.505908093550865,106012,21.505908093550865
FF,2013-09-20,21.582560343051377,21.914152812037635,21.263733568445286,21.79263420195292,145327,21.79263420195292
FF,2013-09-23,21.90098569726603,22.084585005759983,21.513508900636324,21.87317993744436,1419586,21.87317993744436
FF,2013-09-24,21.850333349873836,21.949876536183922,21.14165008276593,21.774251502221098,1177977,21.774251502221098
FF,2013-09-25,21.60498103777665,22.110502607640797,21.061089505768873,21.780061700612876,1263555,21.780061700612876
FF,2013-09-26,21.723533669424263,21.855333852867126,20.91042715676847,21.527129991202145,1414318,21.527129991202145
FF,2013-09-27,20.976321211324336,21.24982575374404,20.386947163219087,21.149091767602023,943598,21.149091767602023
FF,2013-09-30,21.553578949862676,21.657316458533664,20.870762623806964,21.471695938857188,296144,21.471695938857188
FF,2013-10-01,21.770725351853827,21.944371815103757,21.116430858375715,21.760039066165497,1621163,21.760039066165497
FF,2013-10-02,22.07622423655131,22.61203356238726,21.770753953073083,21.9078887775462,215462,21.9078887775462
FF,2013-10-03,21.811191998381688,22.463745018756256,21.470002774547588,21.848730801118244,1727814,21.848730801118244
FF,2013-10-04,21.96003291647892,22.616105584791455,21.791047868666606,21.956281397483796,205204,21.956281397483796
FF,2013-10-07,22.33563119782459,22.362622259807377,21.75492217839954,22.3120145321667,1154384,22.3120145321667
FF,2013-10-08,22.031037597579914,22.407045530827414,21.762935775481832,21.867101269468083,87066,21.867101269468083
FF,2013-10-09,21.954432588337163,22.1299214211442,21.230548142650303,21.823644625668123,111263,21.823644625668123
FF,2013-10-10,22.19588554180625,22.955329833937146,21.744463297140236,22.29392991529217,722442,22.29392991529217
FF,2013-10-11,22.565313688173326,23.231664108469513,21.939543168410264,22.361707731901145,415116,22.361707731901145
FF,2013-10-14,22.788312313701553,23.426913648892405,22.15369145337197,22.673552260329178,109723,22.673552260329178
FF,2013-10-15,23.123651416454944,23.36150635158097,22.525190735177254,23.351541688062298,1015355,23.351541688062298
FF,2013-10-16,23.708142466582157,23.969655075974458,23.443619940709112,23.85905306613109,1054848,23.85905306613109
FF,2013-10-17,23.54528832192988,23.93551656368917,22.683507494544653,23.378921041398883,866936,23.378921041398883
FF,2013-10-18,23.91864718301446,24.053037686257323,23.699995304920428,23.849073071617457,487989,23.849073071617457
FF,2013-10-21,23.907624251288823,24.63994222596728,23.2207492373537,24.023837642429775,1423371,24.023837642429775
FF,2013-10-22,24.32893404171672,25.00396513541633,24.30269334181097,24.489870624069695,1673239,24.489870624069695
FF,2013-10-23,23.27937220594987,23.574484941820074,23.18738076224095,23.445010299745675,1129160,23.445010299745675
FF,2013-10-24,23.662308918117514,24.33179036637034,23.246722369348586,23.748704116452846,335460,23.748704116452846
FF,2013-10-25,24.096097088857274,24.456290725510467,23.290733531463346,23.905555450814184,99191,23.905555450814184
FF,2013-10-28,24.02876303819516,24.613200138329663,23.935509390255742,24.10007693278353,196375,24.10007693278353
FF,2013-10-29,23.743107160947233,23.842706202862,23.41438228774236,23.66704102385124,859820,23.66704102385124
FF,2013-10-30,23.613960459522456,24.168575119044593,23.263135112543136,23.798846246381046,1173917,23.798846246381046
FF,2013-10-31,24.094364737481694,24.655525906996317,23.587598560009063,24.07924318080569,1595829,24.07924318080569
FF,2013-11-01,24.667390852578453,25.001701058298128,24.34273065107651,24.745152778887018,1567001,24.745152778887018
FF,2013-11-04,24.80180967688677,25.111311788656955,24.366645064309957,24.971354672313893,1323562,24.971354672313893
FF,2013-11-05,25.39405756537839,25.8812181713079,24.838832609916704,25.2437167227041,888823,25.2437167227041
FF,2013-11-06,25.42558180892501,25.916858047358932,25.148987694534533,25.26613253219525,123626,25.26613253219525
FF,2013-11-07,24.627552107817806,24.87490932751486,24.592436642190375,24.723344633488196,1221625,24.723344633488196
FF,2013-11-08,25.13296084784339,25.185250005789335,25.027857012290923,25.055905921152046,1108663,25.055905921152046
FF,2013-11-11,25.040572858399425,25.219041749784434,24.971411432789687,25.093735313828773,1374281,25.093735313828773
FF,2013-11-12,25.475530738235417,25.92227110482929,25.32440671432777,25.709758894447177,1740493,25.709758894447177
FF,2013-11-13,25.383436090357932,25.447820079117886,24.967394279132037,25.420154216960505,1787186,25.420154216960505
FF,2013-11-14,25.739154464091225,26.451664393844744,24.997193151833415,25.700161805547243,980211,25.700161805547243
FF,2013-11-15,25.54109820286955,25.821500851811464,25.258060609252052,25.644168915493523,824794,25.644168915493523
FF,2013-11-18,26.48557158113055,27.07269250999494,25.778998001590693,26.249902208966553,703388,26.249902208966553
FF,2013-11-19,26.02793070091018,26.351711010675256,25.75367480436894,25.997750838344512,668530,25.997750838344512
FF,2013-11-20,26.024941488959623,26.48494682032265,25.416570789746114,26.092013755837904,1759556,26.092013755837904
FF,2013-11-21,26.158929010956967,26.580304450524174,25.85277818374849,26.036546782247648,244388,26.036546782247648
FF,2013-11-22,26.50733330649956,27.208442231829192,25.847824512137176,26.59193808721705,1098868,26.59193808721705
FF,2013-11-25,26.569287553589234,27.458331719281137,26.416706433993372,26.8242758155342,164155,26.8242758155342
FF,2013-11-26,25.772934470714397,26.1392388135974,25.70466841118227,26.028923338421492,1057755,26.028923338421492
FF,2013-11-27,25.521094773414475,25.855748947928433,25.44476794339723,25.62257574026072,1026305,25.62257574026072
FF,2013-11-28,24.48027504051912,25.073634077735825,24.000412102803846,24.649874037928498,873192,24.649874037928498
FF,2013-11-29,24.879174712887124,25.200140565070534,24.423745098388643,24.952803825389466,651051,24.952803825389466
FF,2013-12-02,23.962165394358006,24.05763016104761,23.717869359447917,23.833625571576412,1582734,23.833625571576412
FF,2013-12-03,23.986522933448498,24.373512623855405,23.76500098426872,24.07847837491139,601286,24.07847837491139
FF,2013-12-04,24.00359917481573,24.16088799135225,23.634562446695888,23.97499826974621,1216955,23.97499826974621
FF,2013-12-05,24.701579084326514,24.80790000868771,24.4670155275373,24.495986399131596,1402183,24.495986399131596
FF,2013-12-06,24.225562363746892,24.446520083771638,23.779692226102252,24.129866758040748,453921,24.129866758040748
FF,2013-12-09,23.975451551343536,24.19100636568761,23.40265074627387,23.94587449465407,1323097,23.94587449465407
FF,2013-12-10,24.2007834105697,24.271350969681365,23.79371520367444,24.024417407298735,1172105,24.024417407298735
FF,2013-12-11,23.52211635903534,24.015650673317744,23.177918705444846,23.602059396866096,541622,23.602059396866096
FF,2013-12-12,23.453158541399556,23.818265422920053,22.893049810170467,23.595750138351796,1104210,23.595750138351796
FF,2013-12-13,23.341901701911333,23.463247244783485,22.636484454008343,23.22708118243311,1373716,23.22708118243311
FF,2013-12-16,23.265468661462616,24.049031654898513,22.815329116463097,23.472593710706143,273030,23.472593710706143
FF,2013-12-17,23.73689265616997,23.774777733081738,23.715985511472397,23.772940800330243,1551067,23.772940800330243
FF,2013-12-18,24.09564071035239,24.528487842438235,23.47813981455237,24.19869010665984,1440541,24.19869010665984
FF,2013-12-19,24.015147103013142,24.32850586502547,23.413624033696365,23.790882349302613,1127548,23.790882349302613
FF,2013-12-20,24.111700107571536,24.657787549139996,23.624832279884444,24.171114820087702,971256,24.171114820087702
FF,2013-12-23,23.651125775009113,23.927418161749397,23.533774799171326,23.574071974859294,774319,23.574071974859294
FF,2013-12-24,22.984272746525733,23.44636898279174,22.55503644145623,23.091192079109675,426489,23.091192079109675
FF,2013-12-25,23.44382798258503,24.082755187964217,22.680470644439115,23.21944797976426,538992,23.21944797976426
FF,2013-12-26,22.574960780385968,22.83489425527439,22.22158574256025,22.720192017778622,941717,22.720192017778622
FF,2013-12-27,23.37703595256262,23.451029681552704,22.599679718187204,23.188420051984398,1430829,23.188420051984398
FF,2013-12-30,23.511965056741154,24.064990355341113,23.074247120021067,23.537681564288242,751957,23.537681564288242
FF,2013-12-31,24.437070269521545,25.018088965922875,24.240935622608976,24.472665495104913,496942,24.472665495104913
FF,2014-01-01,24.40910735430051,25.08253913322159,24.019016537555665,24.311231681757967,459473,24.311231681757967
FF,2014-01-02,24.343343452439097,25.266855108542693,23.621036667976153,24.54296735488346,1069033,24.54296735488346
FF,2014-01-03,24.626056718942145,24.910033849337548,24.232497934304792,24.603081245402777,1313663,24.603081245402777
FF,2014-01-06,24.441154984644694,24.857112103479068,24.30414616549945,24.578810749215357,614959,24.578810749215357
FF,2014-01-07,25.042304967028723,25.899554219421905,24.713849821979156,25.21522000817407,895624,25.21522000817407
FF,2014-01-08,25.299738289595858,25.95301156947373,24.711218275584425,25.11016930793187,1271700,25.11016930793187
FF,2014-01-09,25.401435452515862,25.687537442552507,24.7099392359816,25.15128739487303,960509,25.15128739487303
FF,2014-01-10,25.650447560646885,25.70915871956494,25.05775421586659,25.410976118766683,540927,25.410976118766683
FF,2014-01-13,26.017092209917266,26.470744994645866,25.132883124130725,25.851045094571536,1437048,25.851045094571536
FF,2014-01-14,25.797617579768826,26.00557213408863,25.428985973360373,25.582737608997448,1467322,25.582737608997448
FF,2014-01-15,26.278687594458543,26.99498802019677,25.945467183528496,26.057608308926984,368991,26.057608308926984
FF,2014-01-16,26.216699268435658,27.025642055399484,25.896059853430494,26.387499504870966,1382403,26.387499504870966
FF,2014-01-17,26.219879589746267,27.153577547109336,26.203357654801007,26.43895356951513,101979,26.43895356951513
FF,2014-01-20,26.094639342653103,26.354701074155727,25.74645187522307,26.29088206058721,1305694,26.29088206058721
FF,2014-01-21,26.764413165408058,27.645186102748102,25.983292216949277,26.946244056915333,58404,26.946244056915333
FF,2014-01-22,27.779623323078138,28.273894396378438,27.15766724299689,27.6016221258749,1122660,27.6016221258749
FF,2014-01-23,27.421597677540063,27.598817778464305,26.69233990264484,27.18170561184717,285416,27.18170561184717
