row_id,loan_id,credit_score,annual_income,employment_years,home_ownership,loan_purpose,loan_amount,term_months,verified_income,delinq_2yr,dti,interest_rate,loan_status
1,LN103465,824,-1.0,3.7,OWN,debt_consolidation,15500.0,36,Source Verified,0,0.0,9.37,Charged Off
2,LN102731,605,52600.0,11.4,MORTGAGE,debt_consolidation,5200.0,36,Verified,0,12.0,12.54,Fully Paid
3,LN103612,652,-1.0,2.6,MORTGAGE,credit_card,18200.0,36,Source Verified,0,0.0,13.63,Current
4,LN100360,680,27500.0,24.4,RENT,debt_consolidation,3600.0,36,Source Verified,0,8.9,13.41,Fully Paid
5,LN101977,704,166400.0,4.8,RENT,debt_consolidation,8800.0,36,Not Verified,0,1.4,10.3,Fully Paid
6,LN101728,695,51000.0,8.2,MORTGAGE,debt_consolidation,5400.0,36,Verified,0,12.8,8.79,Charged Off
7,LN102847,650,25200.0,2.3,RENT,debt_consolidation,3100.0,60,Source Verified,0,25.7,15.92,Current
8,LN100353,0,65800.0,3.2,RENT,credit_card,6600.0,36,Verified,0,1.7,14.55,Fully Paid
9,LN100201,781,58300.0,6.5,MORTGAGE,credit_card,8100.0,60,Verified,1,19.7,14.3,Current
10,LN103545,648,36700.0,9.7,OWN,other,18300.0,60,Not Verified,1,21.5,19.42,Current
11,LN100798,757,31900.0,18.5,RENT,credit_card,19800.0,60,Verified,0,13.1,12.36,Fully Paid
12,LN103893,621,50400.0,7.3,RENT,debt_consolidation,18000.0,36,Not Verified,0,12.3,15.81,Current
13,LN101905,615,-1.0,13.6,MORTGAGE,other,10900.0,60,Not Verified,1,0.0,17.36,Charged Off
14,LN104661,667,39400.0,7.3,RENT,debt_consolidation,7400.0,60,Source Verified,3,5.9,16.45,Fully Paid
15,LN100167,715,72300.0,5.1,MORTGAGE,other,17700.0,60,Verified,1,3.8,15.11,Fully Paid
16,LN100840,814,44100.0,6.1,RENT,credit_card,6100.0,60,Source Verified,0,11.2,11.96,Fully Paid
17,LN101683,770,37500.0,14.5,MORTGAGE,credit_card,5700.0,36,Verified,0,6.4,11.96,Fully Paid
18,LN104729,669,57500.0,6.0,RENT,debt_consolidation,7100.0,36,Verified,1,16.0,15.69,Fully Paid
19,LN100250,666,52100.0,3.5,RENT,debt_consolidation,13600.0,60,Source Verified,0,3.8,13.07,Charged Off
20,LN102266,730,75900.0,7.9,OTHER,credit_card,4100.0,36,Not Verified,0,2.4,11.28,Fully Paid
21,LN101652,725,26300.0,5.5,RENT,debt_consolidation,6300.0,60,Source Verified,1,19.1,15.72,Fully Paid
22,LN101491,689,72000.0,7.0,MORTGAGE,credit_card,20400.0,36,Verified,0,11.0,13.64,Current
23,LN100383,609,73000.0,7.2,RENT,credit_card,15900.0,60,Not Verified,0,1.8,15.38,Charged Off
24,LN104471,641,215200.0,8.5,OWN,home_improvement,20700.0,36,Verified,0,0.9,12.45,Current
25,LN102935,512,66900.0,5.2,MORTGAGE,debt_consolidation,6300.0,36,Source Verified,0,2.3,15.5,Fully Paid
26,LN104453,716,81000.0,9.0,RENT,debt_consolidation,12800.0,36,Not Verified,0,7.0,13.1,Fully Paid
27,LN103439,815,63400.0,7.8,MORTGAGE,debt_consolidation,10000.0,60,Verified,0,11.1,8.9,Current
28,LN102404,634,42500.0,2.4,OWN,major_purchase,18900.0,60,Source Verified,0,5.1,13.75,Charged Off
29,LN101370,592,66600.0,5.0,MORTGAGE,small_business,14600.0,36,Not Verified,0,9.1,17.05,Charged Off
30,LN104344,654,52700.0,1.5,OWN,debt_consolidation,9100.0,60,Source Verified,0,3.1,13.21,Fully Paid
31,LN102256,712,52200.0,3.4,MORTGAGE,home_improvement,9100.0,36,Source Verified,0,6.8,10.43,Current
32,LN102146,629,82600.0,1.1,MORTGAGE,other,24100.0,36,Source Verified,0,1.8,13.53,Fully Paid
33,LN103324,749,29500.0,5.7,OWN,debt_consolidation,6300.0,36,Verified,0,18.4,10.23,Charged Off
34,LN103440,819,58400.0,16.5,MORTGAGE,debt_consolidation,9100.0,60,Not Verified,0,10.4,11.22,Current
35,LN101362,577,44500.0,99.0,MORTGAGE,major_purchase,18400.0,36,Not Verified,0,3.1,16.1,Charged Off
36,LN104227,817,33300.0,8.3,MORTGAGE,debt_consolidation,21200.0,36,Source Verified,1,12.9,10.96,Fully Paid
37,LN103268,670,49800.0,12.1,MORTGAGE,medical,10200.0,36,Source Verified,1,6.8,13.28,Current
38,LN102311,708,87900.0,25.8,OWN,medical,16900.0,36,Not Verified,0,6.2,11.09,Charged Off
39,LN105052,761,97700.0,5.3,RENT,debt_consolidation,5500.0,60,Verified,0,6.6,10.99,Fully Paid
40,LN100361,715,48600.0,6.2,RENT,debt_consolidation,16600.0,60,Source Verified,0,2.2,16.46,Fully Paid
41,LN101302,730,-1.0,4.6,OWN,credit_card,20300.0,36,Verified,2,0.0,11.95,Charged Off
42,LN101499,613,30300.0,6.6,OWN,major_purchase,16300.0,60,Source Verified,1,17.0,16.9,Fully Paid
43,LN101246,663,80600.0,10.3,RENT,debt_consolidation,5300.0,36,Source Verified,0,2.3,11.5,Current
44,LN101083,694,-1.0,2.2,MORTGAGE,other,12000.0,36,Verified,0,0.0,11.42,Charged Off
45,LN102456,755,67000.0,6.3,RENT,credit_card,20400.0,36,Source Verified,0,8.3,12.68,Fully Paid
46,LN102088,649,68600.0,6.2,MORTGAGE,major_purchase,15000.0,36,Source Verified,0,9.3,11.71,Fully Paid
47,LN104943,641,32500.0,3.1,OWN,debt_consolidation,17000.0,60,Source Verified,0,22.8,15.75,Charged Off
48,LN102307,691,81300.0,7.1,RENT,debt_consolidation,6900.0,36,Verified,2,3.4,12.07,Fully Paid
49,LN102704,0,107400.0,3.8,MORTGAGE,other,16100.0,36,Not Verified,1,12.4,14.77,Fully Paid
50,LN102652,774,56600.0,3.4,OWN,major_purchase,8900.0,36,Source Verified,0,9.6,10.26,Current
51,LN100767,654,85000.0,4.3,RENT,home_improvement,10500.0,60,Source Verified,1,8.0,15.61,Current
52,LN102184,577,30200.0,13.8,RENT,debt_consolidation,9800.0,60,Not Verified,0,1.8,18.12,Current
53,LN104025,627,60700.0,2.7,OWN,home_improvement,2400.0,36,Not Verified,0,6.1,11.26,Current
54,LN101086,599,71200.0,8.5,RENT,debt_consolidation,4900.0,60,Source Verified,1,3.3,16.64,Charged Off
55,LN101245,694,95800.0,2.7,MORTGAGE,credit_card,5100.0,36,Not Verified,0,5.4,13.14,Fully Paid
56,LN104294,695,-1.0,11.9,RENT,debt_consolidation,14500.0,60,Verified,0,0.0,14.5,Current
57,LN103379,672,50700.0,5.3,MORTGAGE,medical,8600.0,36,Source Verified,0,7.0,13.92,Fully Paid
58,LN103232,620,71000.0,4.8,OWN,debt_consolidation,8400.0,60,Verified,0,2.4,14.56,Fully Paid
59,LN104511,679,57100.0,2.5,RENT,debt_consolidation,11800.0,36,Source Verified,1,5.5,12.75,Fully Paid
60,LN104033,729,39600.0,8.3,MORTGAGE,major_purchase,12000.0,60,Source Verified,3,11.9,13.04,Charged Off
61,LN104142,709,48400.0,13.2,MORTGAGE,major_purchase,8100.0,60,Verified,0,9.2,12.16,Charged Off
62,LN102494,761,27600.0,5.8,RENT,credit_card,18200.0,60,Verified,0,35.9,18.71,Fully Paid
63,LN104371,652,24600.0,11.1,RENT,debt_consolidation,5800.0,60,Source Verified,0,48.5,17.5,Charged Off
64,LN104888,679,51400.0,5.2,MORTGAGE,debt_consolidation,4400.0,36,Verified,0,5.0,10.66,Fully Paid
65,LN103567,613,71400.0,9.5,OWN,home_improvement,17300.0,36,Verified,0,3.4,11.17,Fully Paid
66,LN101903,682,39200.0,6.8,MORTGAGE,debt_consolidation,16900.0,36,Verified,1,8.6,15.42,Current
67,LN102465,640,101400.0,17.2,RENT,home_improvement,10400.0,36,Not Verified,0,2.7,11.09,Fully Paid
68,LN101517,775,-1.0,1.5,MORTGAGE,major_purchase,4200.0,36,Source Verified,0,0.0,8.14,Charged Off
69,LN103318,764,106800.0,2.4,MORTGAGE,credit_card,6900.0,36,Verified,0,1.9,10.13,Current
70,LN103862,613,28600.0,1.1,MORTGAGE,debt_consolidation,40000.0,36,Not Verified,1,14.8,17.3,Charged Off
71,LN104409,580,89000.0,4.4,MORTGAGE,small_business,19400.0,60,Source Verified,0,13.4,19.13,Charged Off
72,LN102631,626,-1.0,9.9,MORTGAGE,credit_card,6500.0,36,Verified,1,0.0,11.97,Current
73,LN100100,665,39100.0,5.1,MORTGAGE,small_business,12800.0,36,Not Verified,0,2.5,15.51,Fully Paid
74,LN104230,0,70100.0,6.0,OWN,debt_consolidation,8300.0,36,Source Verified,0,8.8,10.85,Charged Off
75,LN104703,707,30900.0,5.9,MORTGAGE,home_improvement,7800.0,36,Not Verified,0,13.1,12.0,Charged Off
76,LN103329,673,-1.0,8.1,MORTGAGE,debt_consolidation,11900.0,36,Not Verified,0,0.0,13.65,Fully Paid
77,LN103885,694,58600.0,2.6,MORTGAGE,debt_consolidation,4500.0,60,Not Verified,0,11.3,16.21,Current
78,LN101040,0,128200.0,5.6,MORTGAGE,debt_consolidation,8600.0,36,Verified,1,5.9,10.57,Current
79,LN100852,749,102200.0,5.6,MORTGAGE,debt_consolidation,5100.0,36,Source Verified,0,3.2,10.38,Charged Off
80,LN103000,771,38500.0,8.8,OTHER,debt_consolidation,36600.0,36,Not Verified,0,41.3,14.28,Fully Paid
81,LN105016,629,64900.0,6.8,RENT,major_purchase,8500.0,36,Verified,0,14.4,14.13,Charged Off
82,LN100848,644,57800.0,11.4,RENT,credit_card,32900.0,36,Verified,2,20.9,15.49,Current
83,LN101658,739,45200.0,3.1,MORTGAGE,credit_card,9300.0,60,Not Verified,2,14.8,16.0,Fully Paid
84,LN102727,679,34700.0,2.9,MORTGAGE,debt_consolidation,19800.0,36,Not Verified,0,13.9,17.2,Fully Paid
85,LN104197,583,90600.0,11.3,RENT,debt_consolidation,12200.0,60,Not Verified,0,7.8,17.16,Fully Paid
86,LN103292,658,51100.0,4.3,OWN,debt_consolidation,7400.0,60,Verified,1,26.4,15.58,Fully Paid
87,LN101941,0,61200.0,1.3,RENT,credit_card,18700.0,60,Source Verified,1,7.9,16.63,Charged Off
88,LN100322,766,25800.0,15.0,MORTGAGE,debt_consolidation,3400.0,60,Not Verified,0,12.4,13.1,Fully Paid
89,LN103362,704,-1.0,10.4,OWN,home_improvement,8900.0,36,Source Verified,0,0.0,9.45,Current
90,LN102648,709,93600.0,4.7,MORTGAGE,major_purchase,9600.0,36,Verified,1,5.6,11.0,Current
91,LN103698,621,35500.0,6.0,RENT,debt_consolidation,14700.0,60,Source Verified,0,11.3,17.45,Current
92,LN104477,656,79200.0,3.1,RENT,other,36900.0,36,Source Verified,1,5.4,13.41,Current
93,LN102738,850,73900.0,5.2,MORTGAGE,home_improvement,9300.0,36,Source Verified,0,11.6,4.5,Charged Off
94,LN101617,574,102900.0,7.1,RENT,credit_card,23700.0,36,Not Verified,1,10.4,18.21,Charged Off
95,LN100077,700,62400.0,3.3,OWN,major_purchase,3800.0,60,Verified,0,8.2,11.75,Charged Off
96,LN103974,647,23400.0,17.4,MORTGAGE,other,28900.0,36,Source Verified,0,36.2,14.64,Current
97,LN104430,687,-1.0,5.1,RENT,home_improvement,9400.0,36,Verified,0,0.0,12.94,Current
98,LN105051,700,45800.0,3.1,RENT,credit_card,7500.0,36,Not Verified,0,4.8,14.7,Current
99,LN102864,619,78900.0,4.8,MORTGAGE,other,8300.0,36,Verified,1,4.1,15.02,Fully Paid
100,LN103398,569,131500.0,10.2,MORTGAGE,major_purchase,19900.0,60,Not Verified,0,9.1,18.77,Current
101,LN103500,674,129300.0,2.1,RENT,debt_consolidation,7800.0,60,Source Verified,0,0.5,14.58,Charged Off
102,LN104787,691,-1.0,5.9,MORTGAGE,debt_consolidation,16000.0,36,Verified,0,0.0,12.01,Fully Paid
103,LN100595,662,229500.0,7.7,OWN,major_purchase,5100.0,60,Verified,0,0.8,13.37,Current
104,LN103017,759,43800.0,3.3,MORTGAGE,other,12100.0,60,Verified,2,15.2,13.59,Charged Off
105,LN103697,679,46800.0,9.7,MORTGAGE,debt_consolidation,4700.0,36,Source Verified,0,12.3,10.6,Fully Paid
106,LN101258,803,52700.0,12.2,MORTGAGE,major_purchase,16700.0,60,Verified,1,5.2,12.6,Fully Paid
107,LN101626,538,111800.0,7.2,MORTGAGE,credit_card,4700.0,36,Not Verified,0,1.9,15.1,Current
108,LN102754,760,18200.0,8.8,MORTGAGE,debt_consolidation,9800.0,36,Source Verified,0,29.6,13.17,Fully Paid
109,LN102130,696,-1.0,2.8,MORTGAGE,debt_consolidation,8400.0,36,Not Verified,0,0.0,9.16,Fully Paid
110,LN100771,778,28200.0,8.6,MORTGAGE,credit_card,10000.0,36,Source Verified,0,16.3,10.97,Current
111,LN101260,755,115600.0,3.0,RENT,credit_card,11900.0,36,Not Verified,0,2.0,9.79,Charged Off
112,LN105108,673,86500.0,22.8,MORTGAGE,small_business,14600.0,36,Source Verified,0,3.8,11.26,Current
113,LN101347,642,118300.0,5.5,RENT,home_improvement,12500.0,36,Verified,1,13.4,11.49,Charged Off
114,LN101828,633,44400.0,3.6,MORTGAGE,debt_consolidation,3300.0,60,Source Verified,0,7.2,16.62,Charged Off
115,LN103826,746,25600.0,1.1,MORTGAGE,home_improvement,9600.0,60,Source Verified,0,25.5,13.24,Charged Off
116,LN101113,674,57900.0,1.2,MORTGAGE,home_improvement,5800.0,36,Source Verified,0,5.0,10.33,Fully Paid
117,LN101203,683,48700.0,1.4,MORTGAGE,credit_card,9500.0,36,Verified,0,2.2,10.76,Fully Paid
118,LN104232,628,87800.0,2.2,MORTGAGE,major_purchase,5800.0,60,Source Verified,0,2.3,16.45,Current
119,LN102855,792,95900.0,99.0,MORTGAGE,home_improvement,9700.0,36,Not Verified,0,4.3,9.37,Current
120,LN101416,835,68400.0,6.6,OTHER,major_purchase,7600.0,36,Source Verified,0,1.5,7.13,Fully Paid
121,LN100521,632,89300.0,11.2,MORTGAGE,debt_consolidation,12600.0,60,Not Verified,1,2.6,13.5,Fully Paid
122,LN104519,577,43500.0,4.9,RENT,medical,15600.0,36,Verified,0,49.7,18.23,Fully Paid
123,LN103857,691,40200.0,11.7,RENT,debt_consolidation,7500.0,36,Not Verified,0,15.2,13.81,Charged Off
124,LN100907,607,67200.0,6.8,OWN,other,8100.0,36,Verified,0,9.3,12.21,Fully Paid
125,LN101241,625,42800.0,3.6,MORTGAGE,debt_consolidation,7200.0,36,Verified,0,16.1,14.24,Current
126,LN102665,698,38300.0,1.6,OWN,debt_consolidation,14300.0,36,Source Verified,0,20.0,13.2,Charged Off
127,LN103850,728,43900.0,2.1,OWN,major_purchase,16100.0,36,Verified,0,203.9,19.01,Charged Off
128,LN100599,575,65600.0,6.6,RENT,credit_card,4300.0,36,Not Verified,0,0.7,15.38,Charged Off
129,LN102499,770,25300.0,8.1,RENT,credit_card,29400.0,36,Source Verified,0,18.1,12.75,Fully Paid
130,LN102840,679,89100.0,4.4,MORTGAGE,debt_consolidation,12900.0,36,Verified,1,4.1,11.56,Fully Paid
131,LN100433,571,35900.0,17.8,MORTGAGE,debt_consolidation,6000.0,60,Verified,0,46.0,14.59,Charged Off
132,LN105157,722,67700.0,99.0,MORTGAGE,other,11300.0,60,Source Verified,0,4.3,11.22,Current
133,LN102282,762,-1.0,14.1,OWN,credit_card,8000.0,36,Not Verified,0,0.0,10.01,Current
134,LN104460,715,69700.0,7.7,OWN,debt_consolidation,2200.0,60,Source Verified,1,2.4,15.58,Fully Paid
135,LN102078,550,103800.0,3.2,OWN,debt_consolidation,11400.0,36,Not Verified,0,4.3,15.05,Charged Off
136,LN100802,712,25700.0,2.7,RENT,debt_consolidation,21900.0,36,Verified,0,10.7,13.02,Current
137,LN103779,567,72200.0,10.4,MORTGAGE,debt_consolidation,4500.0,36,Verified,0,16.0,12.28,Charged Off
138,LN102284,720,45000.0,15.8,RENT,home_improvement,16900.0,36,Not Verified,0,9.2,13.41,Fully Paid
139,LN100115,656,-1.0,1.1,MORTGAGE,home_improvement,7100.0,60,Source Verified,0,0.0,15.34,Current
140,LN104999,632,42600.0,15.3,RENT,home_improvement,9100.0,36,Verified,0,7.6,10.79,Current
141,LN103388,589,27300.0,12.1,RENT,debt_consolidation,3400.0,60,Not Verified,1,2.7,17.9,Fully Paid
142,LN100942,722,30900.0,13.5,MORTGAGE,debt_consolidation,18300.0,36,Verified,0,38.6,13.71,Fully Paid
143,LN103304,850,72100.0,99.0,RENT,credit_card,14900.0,36,Not Verified,0,2.2,12.63,Fully Paid
144,LN100668,656,50700.0,4.5,MORTGAGE,major_purchase,11800.0,36,Source Verified,1,30.6,9.5,Fully Paid
145,LN100387,724,90200.0,2.1,OWN,credit_card,18600.0,36,Not Verified,1,5.6,12.69,Current
146,LN102545,658,135600.0,3.5,RENT,credit_card,32500.0,36,Source Verified,0,3.8,15.93,Charged Off
147,LN101811,0,76700.0,10.6,RENT,medical,9000.0,60,Verified,0,7.9,18.45,Current
148,LN101459,713,33400.0,4.2,OWN,debt_consolidation,13900.0,36,Source Verified,1,17.6,11.14,Current
149,LN100014,720,54300.0,3.0,RENT,other,10400.0,36,Source Verified,0,11.6,12.38,Charged Off
150,LN103381,711,-1.0,6.2,RENT,debt_consolidation,5600.0,36,Source Verified,1,0.0,11.86,Fully Paid
151,LN102442,627,41800.0,4.7,RENT,small_business,29600.0,36,Source Verified,0,6.5,15.08,Charged Off
152,LN103609,687,26900.0,4.9,RENT,debt_consolidation,12700.0,60,Source Verified,2,15.1,15.24,Fully Paid
153,LN100104,629,71700.0,11.1,RENT,other,8600.0,36,Not Verified,0,6.4,14.62,Fully Paid
154,LN103463,600,-1.0,11.5,RENT,other,7400.0,36,Verified,0,0.0,13.68,Charged Off
155,LN102578,772,81200.0,9.0,RENT,small_business,9500.0,36,Not Verified,0,10.9,13.65,Fully Paid
156,LN105097,840,37500.0,1.4,RENT,debt_consolidation,10300.0,60,Not Verified,0,28.0,13.27,Current
157,LN104714,652,58000.0,4.0,MORTGAGE,credit_card,7300.0,36,Source Verified,0,2.0,12.42,Fully Paid
158,LN104517,680,-1.0,6.8,MORTGAGE,debt_consolidation,4300.0,36,Not Verified,0,0.0,14.3,Current
159,LN100209,668,29900.0,13.8,RENT,major_purchase,4300.0,60,Source Verified,0,39.9,15.68,Fully Paid
160,LN104749,576,25000.0,4.4,MORTGAGE,debt_consolidation,6100.0,36,Source Verified,0,43.8,17.49,Fully Paid
161,LN101933,774,108300.0,1.8,MORTGAGE,small_business,9900.0,36,Verified,0,2.1,11.88,Current
162,LN100199,679,40800.0,4.1,RENT,debt_consolidation,27400.0,36,Source Verified,1,4.2,11.87,Fully Paid
163,LN100671,708,67800.0,5.5,RENT,small_business,15400.0,36,Source Verified,0,13.5,13.45,Fully Paid
164,LN100644,668,59400.0,0.4,RENT,credit_card,9400.0,36,Not Verified,0,8.0,10.81,Fully Paid
165,LN101870,747,38000.0,4.2,OTHER,medical,11400.0,36,Verified,0,15.8,11.35,Charged Off
166,LN102005,763,73300.0,3.2,MORTGAGE,debt_consolidation,18800.0,60,Source Verified,0,8.5,13.44,Fully Paid
167,LN101832,617,41000.0,9.3,RENT,major_purchase,11500.0,36,Not Verified,0,1.3,14.46,Current
168,LN102557,745,48200.0,4.0,RENT,credit_card,37100.0,36,Source Verified,0,3.0,12.97,Charged Off
169,LN102383,656,44500.0,4.4,OWN,credit_card,6500.0,36,Verified,0,5.1,11.22,Current
170,LN104769,794,77700.0,11.5,OWN,debt_consolidation,5700.0,60,Verified,0,6.0,8.92,Fully Paid
171,LN100724,630,136400.0,6.1,RENT,debt_consolidation,20700.0,60,Verified,2,2.4,13.46,Fully Paid
172,LN101698,577,68500.0,4.3,MORTGAGE,credit_card,5500.0,36,Source Verified,2,9.5,12.71,Current
173,LN104239,732,53500.0,16.1,MORTGAGE,medical,9200.0,36,Source Verified,2,3.0,10.94,Current
174,LN104438,599,23800.0,9.6,MORTGAGE,debt_consolidation,19500.0,36,Source Verified,0,48.1,16.39,Charged Off
175,LN104481,687,28800.0,2.6,MORTGAGE,debt_consolidation,4700.0,36,Source Verified,0,10.0,11.77,Current
176,LN102335,696,38000.0,8.5,RENT,debt_consolidation,12300.0,36,Source Verified,1,10.0,14.84,Charged Off
177,LN102003,706,46100.0,9.5,MORTGAGE,major_purchase,7700.0,60,Source Verified,0,34.4,12.09,Current
178,LN100471,664,68100.0,5.2,RENT,other,5800.0,36,Source Verified,0,8.4,9.15,Charged Off
179,LN102979,839,113000.0,8.6,RENT,major_purchase,19100.0,36,Source Verified,2,8.6,9.69,Current
180,LN103358,624,92000.0,6.2,RENT,debt_consolidation,12100.0,60,Source Verified,0,1.3,15.06,Fully Paid
181,LN101854,721,39700.0,18.2,MORTGAGE,debt_consolidation,5400.0,60,Not Verified,3,9.1,16.2,Current
182,LN100757,746,49200.0,3.1,MORTGAGE,home_improvement,5600.0,36,Verified,0,8.2,10.78,Current
183,LN102081,715,20300.0,5.9,MORTGAGE,small_business,14100.0,60,Not Verified,0,20.2,18.53,Fully Paid
184,LN103287,760,118100.0,6.4,OWN,other,31000.0,36,Source Verified,0,5.0,11.09,Fully Paid
185,LN104146,696,21800.0,8.2,OWN,major_purchase,40000.0,36,Source Verified,0,37.9,14.97,Charged Off
186,LN104707,667,37800.0,9.8,RENT,debt_consolidation,7200.0,36,Verified,0,3.6,13.21,Current
187,LN104224,645,45900.0,4.2,MORTGAGE,small_business,6400.0,36,Source Verified,2,17.9,15.57,Charged Off
188,LN102445,850,36600.0,4.0,RENT,debt_consolidation,22800.0,36,Source Verified,0,30.7,11.47,Current
189,LN100157,754,54500.0,5.6,MORTGAGE,home_improvement,3100.0,36,Source Verified,0,2.1,9.58,Charged Off
190,LN104372,616,50400.0,15.6,MORTGAGE,credit_card,22000.0,36,Verified,0,0.5,16.68,Current
191,LN103724,683,43400.0,11.2,MORTGAGE,debt_consolidation,3900.0,60,Not Verified,0,5.7,13.01,Current
192,LN102869,727,120500.0,5.2,MORTGAGE,credit_card,15800.0,36,Verified,0,6.3,14.76,Current
193,LN100286,0,45000.0,3.5,MORTGAGE,debt_consolidation,11700.0,60,Verified,1,7.3,16.77,Fully Paid
194,LN100072,630,39800.0,8.6,OWN,medical,6500.0,36,Verified,1,16.1,12.66,Current
195,LN100982,705,64300.0,6.5,RENT,debt_consolidation,12300.0,60,Verified,2,24.2,16.34,Fully Paid
196,LN103365,607,55600.0,11.2,MORTGAGE,credit_card,9800.0,36,Not Verified,1,17.7,15.53,Current
197,LN101403,658,31400.0,2.2,RENT,credit_card,9900.0,36,Source Verified,0,12.1,14.89,Charged Off
198,LN103087,631,98900.0,6.7,MORTGAGE,credit_card,21500.0,60,Source Verified,0,1.2,14.77,Charged Off
199,LN104451,674,28000.0,11.9,OWN,debt_consolidation,7400.0,60,Not Verified,0,65.0,18.44,Fully Paid
200,LN103191,637,38300.0,2.7,RENT,other,11300.0,60,Not Verified,0,13.2,17.07,Charged Off
201,LN103206,0,85300.0,10.5,RENT,debt_consolidation,6500.0,60,Not Verified,0,4.6,15.01,Fully Paid
202,LN101679,672,45100.0,3.8,OWN,debt_consolidation,7300.0,60,Not Verified,0,17.2,15.85,Charged Off
203,LN101684,648,88800.0,4.0,MORTGAGE,debt_consolidation,13900.0,36,Source Verified,0,2.2,13.61,Fully Paid
204,LN104307,826,57500.0,7.9,MORTGAGE,medical,18600.0,60,Not Verified,1,3.4,14.93,Fully Paid
205,LN104335,634,92400.0,7.1,RENT,debt_consolidation,9700.0,36,Verified,0,0.7,14.23,Charged Off
206,LN105196,695,35300.0,9.0,MORTGAGE,major_purchase,4800.0,36,Verified,0,9.1,11.4,Fully Paid
207,LN103872,0,31400.0,2.1,MORTGAGE,debt_consolidation,9200.0,36,Source Verified,0,19.1,16.3,Charged Off
208,LN100156,698,64900.0,1.3,OWN,debt_consolidation,21000.0,36,Verified,0,10.7,11.93,Fully Paid
209,LN103637,777,16000.0,6.3,RENT,debt_consolidation,10800.0,60,Verified,0,34.2,14.07,Fully Paid
210,LN103611,640,85100.0,5.9,MORTGAGE,credit_card,15000.0,60,Verified,0,1.5,13.99,Current
211,LN100298,576,76900.0,2.7,OWN,home_improvement,6100.0,36,Verified,0,11.8,13.89,Current
212,LN102488,780,49700.0,11.9,OWN,medical,5200.0,60,Not Verified,0,21.3,14.31,Fully Paid
213,LN100403,664,49800.0,5.0,MORTGAGE,other,7200.0,60,Verified,0,7.5,17.56,Charged Off
214,LN101476,826,48700.0,99.0,RENT,debt_consolidation,16600.0,36,Verified,1,5.4,10.73,Charged Off
215,LN103514,713,42900.0,8.1,MORTGAGE,medical,14600.0,60,Source Verified,1,11.7,15.36,Charged Off
216,LN100494,670,70000.0,2.6,OTHER,major_purchase,40000.0,36,Source Verified,1,5.9,15.83,Current
217,LN102055,728,60400.0,4.9,MORTGAGE,debt_consolidation,9500.0,60,Verified,0,1.4,12.35,Current
218,LN101540,673,52000.0,3.6,RENT,debt_consolidation,13800.0,36,Source Verified,0,10.6,13.47,Charged Off
219,LN100102,667,23500.0,7.2,MORTGAGE,credit_card,5900.0,36,Verified,1,13.0,12.54,Fully Paid
220,LN103446,663,-1.0,1.5,RENT,small_business,16100.0,36,Verified,1,0.0,15.5,Charged Off
221,LN101212,678,-1.0,1.8,OWN,debt_consolidation,17700.0,36,Verified,1,0.0,13.96,Charged Off
222,LN101090,651,55000.0,16.7,MORTGAGE,credit_card,5000.0,36,Source Verified,1,9.1,13.81,Current
223,LN103190,598,105800.0,2.8,RENT,credit_card,7500.0,60,Verified,0,6.7,14.14,Current
224,LN101195,817,35200.0,10.0,OWN,major_purchase,20900.0,36,Not Verified,0,28.2,11.89,Current
225,LN100699,677,132600.0,6.9,OWN,debt_consolidation,11700.0,36,Verified,1,5.2,12.15,Current
226,LN100432,681,69000.0,3.4,RENT,other,17000.0,36,Not Verified,1,13.0,14.68,Current
227,LN104711,654,73900.0,5.7,MORTGAGE,debt_consolidation,13200.0,36,Verified,0,12.0,12.66,Current
228,LN101216,572,39400.0,0.5,RENT,debt_consolidation,8900.0,36,Verified,0,6.6,14.53,Fully Paid
229,LN101597,706,124600.0,2.4,OWN,debt_consolidation,10600.0,36,Not Verified,0,6.6,10.97,Fully Paid
230,LN100129,630,102500.0,7.3,MORTGAGE,other,10900.0,36,Verified,0,7.4,12.85,Fully Paid
231,LN100833,0,55800.0,4.3,OTHER,small_business,18400.0,36,Source Verified,0,2.3,15.36,Current
232,LN104951,636,77500.0,5.9,RENT,credit_card,10200.0,36,Not Verified,0,6.4,14.76,Current
233,LN104463,650,53900.0,4.5,RENT,debt_consolidation,7000.0,36,Source Verified,0,7.5,11.99,Current
234,LN101114,0,174000.0,13.2,MORTGAGE,medical,11400.0,36,Not Verified,0,3.9,14.42,Fully Paid
235,LN104292,634,30300.0,99.0,RENT,debt_consolidation,13900.0,36,Verified,1,16.4,15.76,Charged Off
236,LN103118,636,61900.0,5.4,MORTGAGE,home_improvement,15300.0,36,Source Verified,0,7.4,11.82,Current
237,LN101236,692,64400.0,5.6,MORTGAGE,major_purchase,10700.0,36,Source Verified,0,2.4,12.98,Charged Off
238,LN103162,726,22200.0,4.1,RENT,small_business,8900.0,60,Verified,1,65.0,17.79,Charged Off
239,LN104258,788,77000.0,10.5,RENT,credit_card,7700.0,36,Source Verified,0,1.0,10.48,Current
240,LN103650,783,92400.0,6.5,MORTGAGE,debt_consolidation,10300.0,60,Verified,2,4.7,10.69,Charged Off
241,LN100819,616,31500.0,6.0,MORTGAGE,medical,15800.0,36,Not Verified,1,22.3,16.22,Charged Off
242,LN103337,722,47400.0,12.8,MORTGAGE,debt_consolidation,6700.0,36,Source Verified,0,6.5,10.2,Fully Paid
243,LN104487,622,48400.0,2.3,MORTGAGE,debt_consolidation,23100.0,36,Source Verified,0,10.6,12.36,Charged Off
244,LN103621,649,113600.0,7.1,RENT,debt_consolidation,4000.0,36,Verified,1,4.5,13.31,Fully Paid
245,LN102144,643,43000.0,2.2,MORTGAGE,debt_consolidation,14000.0,36,Not Verified,2,11.2,16.98,Fully Paid
246,LN101723,815,46600.0,9.8,MORTGAGE,medical,14500.0,36,Source Verified,1,6.2,8.92,Fully Paid
247,LN101614,646,159300.0,0.9,RENT,credit_card,5600.0,60,Source Verified,0,4.9,15.87,Fully Paid
248,LN102707,504,35300.0,0.7,RENT,debt_consolidation,10000.0,36,Source Verified,1,15.5,16.07,Charged Off
249,LN101656,715,28200.0,6.9,MORTGAGE,credit_card,17800.0,36,Verified,1,9.7,13.94,Fully Paid
250,LN104597,711,86600.0,7.6,MORTGAGE,home_improvement,13700.0,36,Verified,0,5.8,8.97,Current
251,LN100465,660,63200.0,6.8,MORTGAGE,other,40000.0,36,Source Verified,0,8.8,12.66,Charged Off
252,LN101243,655,50800.0,1.6,MORTGAGE,home_improvement,14200.0,60,Source Verified,0,1.5,15.95,Charged Off
253,LN101843,593,49800.0,2.4,RENT,credit_card,6900.0,60,Not Verified,0,6.9,15.92,Charged Off
254,LN100590,611,94000.0,12.3,MORTGAGE,debt_consolidation,9200.0,36,Not Verified,1,5.1,13.12,Charged Off
255,LN100792,723,43000.0,7.6,MORTGAGE,debt_consolidation,7400.0,36,Not Verified,1,24.3,11.91,Charged Off
256,LN103573,685,-1.0,4.9,RENT,credit_card,15600.0,36,Verified,0,0.0,14.54,Fully Paid
257,LN102476,558,137500.0,8.8,MORTGAGE,other,21000.0,36,Source Verified,1,2.7,14.95,Fully Paid
258,LN102749,739,98900.0,8.5,OWN,other,16700.0,60,Not Verified,1,9.9,15.82,Charged Off
259,LN101364,665,22900.0,2.7,OWN,small_business,6100.0,36,Verified,1,9.6,13.3,Charged Off
260,LN101764,622,46100.0,12.0,OWN,credit_card,4800.0,36,Not Verified,0,1.8,13.37,Current
261,LN103395,729,20200.0,4.9,MORTGAGE,other,4800.0,36,Source Verified,0,24.6,13.15,Current
262,LN102063,715,38600.0,17.2,RENT,credit_card,10800.0,36,Source Verified,0,20.3,14.87,Current
263,LN105072,814,38400.0,5.5,RENT,debt_consolidation,10100.0,36,Not Verified,2,9.0,12.84,Current
264,LN102113,703,79100.0,9.1,RENT,major_purchase,22500.0,60,Source Verified,0,9.8,16.67,Current
265,LN103192,696,43600.0,4.7,MORTGAGE,debt_consolidation,7300.0,60,Source Verified,1,3.3,12.58,Current
266,LN100024,662,48400.0,4.7,MORTGAGE,debt_consolidation,7200.0,60,Source Verified,0,12.3,14.06,Fully Paid
267,LN104541,708,131000.0,9.1,RENT,home_improvement,19900.0,36,Not Verified,0,1.7,9.85,Fully Paid
268,LN100061,668,25900.0,4.8,RENT,credit_card,5700.0,36,Verified,1,24.1,13.52,Fully Paid
269,LN104331,613,25100.0,5.0,MORTGAGE,home_improvement,9700.0,36,Verified,1,15.5,13.01,Current
270,LN101936,688,120500.0,3.1,RENT,major_purchase,24700.0,60,Not Verified,0,9.5,15.24,Fully Paid
271,LN103444,762,66500.0,0.5,RENT,other,11700.0,60,Not Verified,0,12.5,15.98,Fully Paid
272,LN100401,703,60300.0,6.5,MORTGAGE,home_improvement,5300.0,36,Not Verified,2,15.2,8.86,Current
273,LN101080,706,63200.0,99.0,MORTGAGE,debt_consolidation,26300.0,36,Source Verified,0,4.7,11.16,Current
274,LN100378,794,100400.0,8.6,RENT,debt_consolidation,7400.0,36,Source Verified,0,1.1,9.25,Fully Paid
275,LN104744,678,213300.0,2.0,RENT,debt_consolidation,7700.0,36,Verified,0,0.9,10.98,Fully Paid
276,LN102356,0,42000.0,11.0,MORTGAGE,debt_consolidation,20100.0,60,Source Verified,0,14.6,17.67,Fully Paid
277,LN101992,705,96700.0,4.6,RENT,small_business,10100.0,36,Verified,0,3.0,14.58,Fully Paid
278,LN101181,746,102200.0,9.0,MORTGAGE,home_improvement,4300.0,60,Verified,0,1.5,12.48,Fully Paid
279,LN102228,832,73100.0,0.6,MORTGAGE,small_business,7100.0,60,Source Verified,1,10.7,13.5,Charged Off
280,LN103109,637,48400.0,4.1,RENT,credit_card,4700.0,60,Not Verified,1,9.2,16.42,Charged Off
281,LN101949,820,51400.0,11.3,OWN,small_business,8900.0,36,Not Verified,0,9.0,11.01,Fully Paid
282,LN101047,725,35200.0,2.7,MORTGAGE,home_improvement,6000.0,36,Source Verified,0,20.5,10.98,Current
283,LN100141,626,63500.0,99.0,MORTGAGE,other,23200.0,36,Source Verified,1,3.2,15.22,Current
284,LN104432,724,60200.0,6.4,RENT,major_purchase,12200.0,36,Verified,0,5.3,11.07,Fully Paid
285,LN100736,741,59800.0,6.7,MORTGAGE,credit_card,25200.0,60,Source Verified,1,6.8,15.13,Fully Paid
286,LN105089,822,30300.0,99.0,RENT,major_purchase,5900.0,60,Verified,2,45.5,12.57,Fully Paid
287,LN100575,595,58500.0,3.1,RENT,home_improvement,21600.0,36,Verified,0,8.5,15.3,Charged Off
288,LN102913,545,31900.0,8.6,RENT,credit_card,17900.0,36,Source Verified,0,13.3,16.43,Current
289,LN101102,729,57400.0,99.0,RENT,debt_consolidation,15700.0,60,Source Verified,0,6.7,14.71,Current
290,LN100272,684,-1.0,11.1,RENT,credit_card,5100.0,60,Source Verified,1,0.0,12.21,Fully Paid
291,LN103695,639,38900.0,99.0,MORTGAGE,credit_card,1900.0,36,Source Verified,0,10.2,9.64,Current
292,LN102137,745,49400.0,8.3,MORTGAGE,major_purchase,16700.0,36,Source Verified,0,3.3,12.24,Charged Off
293,LN101220,687,44100.0,99.0,MORTGAGE,debt_consolidation,4200.0,36,Source Verified,1,6.0,10.27,Fully Paid
294,LN105114,797,51800.0,0.7,MORTGAGE,credit_card,21800.0,36,Verified,0,2.0,9.76,Fully Paid
295,LN103306,722,45900.0,7.7,MORTGAGE,credit_card,6100.0,36,Source Verified,0,7.1,9.5,Fully Paid
296,LN103946,775,51500.0,0.7,RENT,credit_card,17700.0,36,Source Verified,1,6.0,12.94,Fully Paid
297,LN103789,0,64000.0,0.9,RENT,major_purchase,10600.0,36,Source Verified,0,3.6,15.79,Charged Off
298,LN100794,574,21400.0,99.0,RENT,major_purchase,8700.0,60,Source Verified,0,60.0,17.63,Charged Off
299,LN102821,709,31000.0,8.2,MORTGAGE,debt_consolidation,3100.0,36,Verified,0,14.9,10.87,Fully Paid
300,LN100690,710,76800.0,7.9,RENT,debt_consolidation,14900.0,36,Verified,0,4.4,12.29,Fully Paid
301,LN102162,775,77300.0,0.7,RENT,credit_card,36000.0,36,Verified,0,5.1,10.85,Current
302,LN101309,667,51900.0,99.0,RENT,debt_consolidation,17400.0,36,Verified,1,14.6,13.58,Current
303,LN101605,778,49700.0,1.1,MORTGAGE,debt_consolidation,4900.0,60,Source Verified,2,15.4,10.83,Current
304,LN103875,716,44800.0,6.8,RENT,debt_consolidation,5700.0,36,Source Verified,0,5.7,11.14,Fully Paid
305,LN100033,637,48100.0,6.9,OTHER,debt_consolidation,24900.0,36,Verified,1,3.1,16.76,Current
306,LN101952,575,62700.0,2.3,RENT,credit_card,5100.0,36,Not Verified,0,4.5,13.45,Charged Off
307,LN101211,658,70700.0,3.4,MORTGAGE,small_business,7100.0,36,Not Verified,0,6.5,13.66,Fully Paid
308,LN101884,559,-1.0,3.7,MORTGAGE,debt_consolidation,9800.0,36,Source Verified,0,0.0,12.54,Charged Off
309,LN101141,539,22300.0,8.8,MORTGAGE,debt_consolidation,12400.0,60,Verified,0,20.5,17.06,Charged Off
310,LN104136,780,75200.0,6.4,MORTGAGE,medical,6700.0,60,Not Verified,0,3.3,10.45,Charged Off
311,LN103276,752,58800.0,5.5,OWN,small_business,7000.0,36,Verified,0,8.6,11.14,Current
312,LN100552,709,55500.0,12.7,OWN,debt_consolidation,13100.0,60,Verified,1,35.6,15.44,Fully Paid
313,LN102350,732,56400.0,2.9,RENT,home_improvement,7400.0,36,Verified,0,6.1,8.44,Charged Off
314,LN100562,693,55600.0,1.6,OWN,credit_card,11900.0,36,Not Verified,0,6.9,11.75,Current
315,LN102192,625,62000.0,1.1,OWN,home_improvement,11400.0,36,Verified,1,18.9,15.39,Current
316,LN102813,655,32500.0,1.8,RENT,debt_consolidation,12400.0,36,Not Verified,1,34.3,14.65,Current
317,LN102516,691,87400.0,6.4,MORTGAGE,debt_consolidation,10400.0,36,Source Verified,1,0.7,11.26,Charged Off
318,LN104366,719,99200.0,1.7,MORTGAGE,major_purchase,8700.0,36,Not Verified,1,16.0,11.65,Fully Paid
319,LN100411,538,-1.0,4.3,MORTGAGE,credit_card,7700.0,60,Verified,0,0.0,17.07,Current
320,LN104509,729,68300.0,2.9,MORTGAGE,debt_consolidation,8600.0,60,Source Verified,1,22.1,14.04,Charged Off
321,LN102076,688,39200.0,99.0,MORTGAGE,other,10800.0,36,Verified,0,5.6,11.49,Fully Paid
322,LN100488,635,53900.0,0.4,MORTGAGE,debt_consolidation,7700.0,36,Verified,1,2.0,12.81,Current
323,LN104291,588,32600.0,2.5,RENT,other,3900.0,36,Verified,0,11.1,13.54,Charged Off
324,LN102933,759,76300.0,3.7,RENT,debt_consolidation,8800.0,36,Source Verified,0,15.8,13.75,Charged Off
325,LN102420,569,52000.0,2.4,RENT,major_purchase,8400.0,36,Not Verified,1,14.5,16.79,Current
326,LN104531,709,26800.0,7.0,MORTGAGE,debt_consolidation,5900.0,36,Verified,0,18.2,13.42,Fully Paid
327,LN102604,767,73400.0,8.9,OTHER,debt_consolidation,9300.0,36,Not Verified,2,9.2,15.07,Fully Paid
328,LN103301,824,57700.0,4.0,MORTGAGE,credit_card,11300.0,36,Not Verified,0,7.0,11.19,Fully Paid
329,LN100369,745,226600.0,10.9,MORTGAGE,small_business,18600.0,36,Not Verified,0,0.4,12.76,Current
330,LN103667,618,58900.0,6.4,MORTGAGE,major_purchase,25500.0,36,Source Verified,0,8.2,14.5,Fully Paid
331,LN103450,587,90200.0,6.9,MORTGAGE,debt_consolidation,9300.0,36,Verified,1,5.4,16.24,Fully Paid
332,LN103823,0,92600.0,4.9,MORTGAGE,debt_consolidation,24700.0,36,Source Verified,0,11.1,14.1,Fully Paid
333,LN100245,606,46600.0,4.0,MORTGAGE,small_business,8500.0,60,Source Verified,1,9.7,17.19,Current
334,LN101311,742,48100.0,2.4,RENT,home_improvement,10500.0,60,Source Verified,0,15.5,11.99,Charged Off
335,LN100732,726,76900.0,8.5,RENT,home_improvement,40000.0,36,Verified,1,12.1,14.28,Fully Paid
336,LN104691,709,26000.0,4.3,RENT,home_improvement,8500.0,36,Not Verified,1,27.5,13.29,Current
337,LN101604,670,39200.0,1.4,MORTGAGE,credit_card,5500.0,36,Source Verified,0,12.3,13.08,Current
338,LN104088,661,32400.0,3.7,RENT,credit_card,20800.0,36,Verified,0,23.0,17.0,Current
339,LN102786,691,70000.0,1.1,MORTGAGE,major_purchase,6200.0,36,Source Verified,0,4.9,12.01,Fully Paid
340,LN102852,779,32700.0,5.2,OWN,credit_card,7900.0,36,Verified,0,14.3,9.53,Current
341,LN100131,601,77500.0,7.1,RENT,credit_card,11900.0,60,Verified,1,10.2,17.64,Charged Off
342,LN101043,697,30600.0,11.7,RENT,home_improvement,24600.0,36,Not Verified,0,14.3,14.93,Fully Paid
343,LN103598,575,29500.0,14.4,RENT,debt_consolidation,8000.0,36,Source Verified,1,17.6,14.17,Current
344,LN101639,677,55000.0,4.0,RENT,debt_consolidation,8700.0,36,Not Verified,1,11.6,13.09,Charged Off
345,LN103970,588,143900.0,6.0,RENT,medical,8200.0,36,Verified,0,3.7,13.18,Fully Paid
346,LN100321,678,43100.0,5.1,MORTGAGE,home_improvement,4800.0,36,Source Verified,1,8.2,9.13,Fully Paid
347,LN103975,709,58100.0,99.0,RENT,credit_card,4300.0,36,Not Verified,0,22.3,12.58,Fully Paid
348,LN103746,582,104300.0,4.4,RENT,debt_consolidation,8900.0,60,Source Verified,0,7.0,15.58,Fully Paid
349,LN104502,605,25700.0,6.1,RENT,home_improvement,3700.0,60,Verified,0,34.5,15.75,Current
350,LN100027,714,40100.0,11.5,RENT,credit_card,3400.0,60,Verified,0,8.4,13.44,Charged Off
351,LN101472,689,22200.0,3.6,MORTGAGE,home_improvement,11500.0,36,Source Verified,0,28.3,11.92,Charged Off
352,LN104683,650,-1.0,2.0,OWN,debt_consolidation,14700.0,36,Verified,2,0.0,13.1,Charged Off
353,LN103139,818,73800.0,3.2,OWN,other,4300.0,36,Source Verified,0,6.4,7.11,Current
354,LN101628,714,44300.0,4.5,OTHER,credit_card,7500.0,36,Source Verified,0,7.2,12.55,Fully Paid
355,LN103969,623,43000.0,4.3,RENT,home_improvement,26300.0,60,Verified,0,7.4,13.68,Fully Paid
356,LN104852,822,48500.0,3.8,MORTGAGE,debt_consolidation,8900.0,36,Not Verified,0,4.3,11.44,Fully Paid
357,LN103957,754,37800.0,12.4,MORTGAGE,medical,10000.0,36,Source Verified,0,9.6,999.0,Current
358,LN101486,747,120400.0,14.5,OWN,credit_card,6000.0,36,Verified,0,9.8,10.99,Charged Off
359,LN104930,734,97100.0,3.6,RENT,major_purchase,5800.0,36,Not Verified,1,5.9,14.59,Charged Off
360,LN102512,704,50300.0,4.8,MORTGAGE,debt_consolidation,24500.0,60,Verified,0,10.7,14.39,Current
361,LN100937,684,105700.0,4.2,RENT,debt_consolidation,7300.0,36,Verified,0,4.7,12.01,Fully Paid
362,LN100363,621,44000.0,5.3,MORTGAGE,debt_consolidation,9700.0,36,Verified,0,2.6,14.82,Fully Paid
363,LN104526,675,136800.0,13.4,MORTGAGE,debt_consolidation,7400.0,36,Not Verified,0,7.6,12.25,Charged Off
364,LN102768,744,42600.0,2.6,MORTGAGE,debt_consolidation,9800.0,36,Not Verified,0,6.8,8.56,Fully Paid
365,LN102342,556,41200.0,2.0,RENT,debt_consolidation,28700.0,36,Verified,0,2.2,16.39,Charged Off
366,LN103247,602,78600.0,7.0,MORTGAGE,medical,6500.0,60,Source Verified,0,2.6,16.78,Fully Paid
367,LN104540,759,71200.0,9.9,RENT,credit_card,19700.0,60,Verified,0,9.4,15.1,Current
368,LN103305,724,73700.0,15.4,MORTGAGE,credit_card,6200.0,36,Not Verified,0,9.1,9.58,Fully Paid
369,LN104962,707,95200.0,21.2,RENT,debt_consolidation,6200.0,36,Source Verified,0,2.8,11.58,Fully Paid
370,LN103327,694,74100.0,22.1,MORTGAGE,debt_consolidation,8300.0,36,Not Verified,2,8.0,12.27,Fully Paid
371,LN100151,623,35400.0,1.2,RENT,small_business,6400.0,60,Source Verified,0,6.0,17.06,Charged Off
372,LN100940,704,32400.0,16.2,OWN,debt_consolidation,21000.0,36,Source Verified,1,18.8,12.84,Charged Off
373,LN102230,722,89500.0,1.3,RENT,credit_card,6300.0,36,Verified,3,7.4,13.01,Fully Paid
374,LN100489,733,-1.0,4.9,RENT,medical,30800.0,60,Verified,0,0.0,14.6,Charged Off
375,LN103028,635,104400.0,4.3,RENT,credit_card,12400.0,36,Not Verified,0,9.8,13.62,Fully Paid
376,LN100311,719,51900.0,7.2,RENT,debt_consolidation,13900.0,60,Source Verified,0,6.3,14.35,Current
377,LN104240,692,45100.0,4.8,MORTGAGE,major_purchase,3400.0,36,Not Verified,3,20.8,13.27,Charged Off
378,LN103651,0,184900.0,4.0,OWN,debt_consolidation,4000.0,36,Not Verified,0,6.7,13.61,Fully Paid
379,LN101196,610,54300.0,3.0,MORTGAGE,credit_card,11400.0,60,Verified,0,11.4,16.01,Current
380,LN101850,648,42800.0,6.6,RENT,debt_consolidation,3000.0,60,Verified,0,14.1,15.23,Charged Off
381,LN104488,718,25000.0,13.0,MORTGAGE,home_improvement,8600.0,60,Verified,0,48.9,15.84,Charged Off
382,LN104427,600,49300.0,20.9,MORTGAGE,debt_consolidation,10100.0,60,Source Verified,0,7.2,13.23,Charged Off
383,LN102433,697,70900.0,7.9,RENT,home_improvement,10600.0,60,Not Verified,1,3.3,14.96,Charged Off
384,LN101982,692,116300.0,5.4,RENT,debt_consolidation,7800.0,36,Not Verified,0,0.8,12.94,Current
385,LN101925,612,91000.0,13.4,OWN,credit_card,5800.0,36,Verified,0,4.1,11.96,Current
386,LN104562,711,25800.0,14.0,RENT,small_business,10800.0,36,Source Verified,0,50.9,15.44,Current
387,LN102566,703,53700.0,10.3,RENT,debt_consolidation,16700.0,60,Source Verified,0,12.1,15.37,Fully Paid
388,LN100846,850,105900.0,3.0,MORTGAGE,home_improvement,13900.0,60,Verified,0,2.0,8.17,Charged Off
389,LN101261,696,-1.0,6.2,RENT,debt_consolidation,10200.0,36,Verified,1,0.0,14.4,Current
390,LN102742,636,49200.0,10.5,MORTGAGE,debt_consolidation,9100.0,36,Source Verified,0,13.8,14.81,Fully Paid
391,LN103845,538,-1.0,6.3,OWN,credit_card,14700.0,36,Source Verified,1,0.0,17.26,Current
392,LN104204,780,44900.0,1.9,MORTGAGE,home_improvement,18500.0,36,Verified,0,10.9,10.9,Fully Paid
393,LN105137,720,-1.0,2.3,RENT,credit_card,14000.0,36,Source Verified,0,0.0,11.78,Current
394,LN105032,771,25900.0,13.3,RENT,major_purchase,16600.0,36,Source Verified,1,27.8,15.18,Fully Paid
395,LN103309,661,71000.0,9.1,RENT,small_business,14800.0,60,Source Verified,0,8.1,19.01,Current
396,LN104767,759,45900.0,99.0,MORTGAGE,debt_consolidation,10200.0,36,Source Verified,0,21.6,9.72,Charged Off
397,LN102361,625,32200.0,2.9,MORTGAGE,debt_consolidation,3000.0,36,Not Verified,0,10.9,15.09,Fully Paid
398,LN103541,713,95900.0,11.4,MORTGAGE,debt_consolidation,15100.0,60,Verified,1,6.3,13.02,Current
399,LN102729,608,31600.0,6.5,RENT,debt_consolidation,9700.0,36,Verified,0,32.2,15.74,Current
400,LN102680,0,79200.0,99.0,MORTGAGE,credit_card,10200.0,36,Verified,0,4.3,11.14,Current
401,LN100648,0,79900.0,12.5,MORTGAGE,major_purchase,16200.0,36,Not Verified,0,5.1,14.44,Charged Off
402,LN102844,647,34000.0,15.8,MORTGAGE,credit_card,10000.0,36,Verified,0,25.1,12.77,Fully Paid
403,LN103230,661,51500.0,12.4,RENT,credit_card,11700.0,60,Verified,0,7.5,14.93,Current
404,LN101667,690,93600.0,8.6,RENT,debt_consolidation,5300.0,36,Source Verified,0,12.1,13.56,Charged Off
405,LN100050,709,60300.0,5.6,RENT,credit_card,19000.0,36,Not Verified,1,5.1,11.23,Current
406,LN100063,728,83400.0,17.1,RENT,debt_consolidation,21200.0,36,Verified,1,8.3,8.53,Fully Paid
407,LN103556,676,77000.0,8.4,MORTGAGE,major_purchase,25300.0,60,Verified,0,6.9,12.23,Fully Paid
408,LN100330,788,34600.0,4.9,RENT,small_business,8600.0,60,Not Verified,0,12.0,14.34,Charged Off
409,LN103023,640,43800.0,5.5,OWN,major_purchase,8400.0,60,Not Verified,0,10.5,14.87,Current
410,LN104118,644,58400.0,7.8,OWN,home_improvement,16200.0,36,Not Verified,0,23.1,13.77,Current
411,LN102822,734,39900.0,1.6,MORTGAGE,small_business,20500.0,36,Source Verified,0,13.2,10.81,Charged Off
412,LN101738,637,78800.0,3.5,OTHER,credit_card,4500.0,60,Source Verified,0,28.0,16.31,Charged Off
413,LN100051,731,91100.0,4.6,MORTGAGE,home_improvement,10500.0,36,Not Verified,0,1.5,11.94,Current
414,LN100265,756,67000.0,2.7,RENT,medical,19200.0,36,Verified,0,3.9,12.85,Charged Off
415,LN103224,707,113300.0,3.0,RENT,debt_consolidation,14000.0,36,Verified,1,13.9,12.49,Charged Off
416,LN103679,695,92000.0,6.8,RENT,home_improvement,6800.0,60,Source Verified,0,3.6,11.77,Charged Off
417,LN103042,0,40000.0,11.9,OTHER,credit_card,18800.0,36,Source Verified,0,6.9,15.82,Current
418,LN101640,594,74100.0,0.8,MORTGAGE,home_improvement,4200.0,36,Source Verified,0,6.7,12.95,Current
419,LN101065,686,-1.0,6.0,MORTGAGE,debt_consolidation,5200.0,36,Not Verified,0,0.0,9.42,Current
420,LN100402,743,37000.0,6.2,OWN,credit_card,16700.0,60,Source Verified,0,5.7,14.78,Fully Paid
421,LN104876,751,-1.0,2.4,RENT,debt_consolidation,5000.0,36,Source Verified,0,0.0,6.88,Current
422,LN104329,575,90700.0,3.9,RENT,debt_consolidation,10100.0,60,Source Verified,0,9.7,14.53,Charged Off
423,LN100618,650,49500.0,13.4,MORTGAGE,credit_card,8600.0,36,Source Verified,0,10.5,11.99,Charged Off
424,LN104599,813,85800.0,7.6,OWN,debt_consolidation,11600.0,36,Source Verified,0,5.4,7.79,Current
425,LN104508,630,56200.0,2.2,MORTGAGE,home_improvement,26400.0,36,Not Verified,0,14.4,14.17,Charged Off
426,LN100766,695,133200.0,8.9,RENT,home_improvement,17300.0,60,Not Verified,2,2.3,14.24,Fully Paid
427,LN101991,725,23500.0,5.6,MORTGAGE,debt_consolidation,8400.0,36,Not Verified,0,28.0,12.68,Fully Paid
428,LN102826,810,60100.0,5.5,RENT,debt_consolidation,15800.0,36,Source Verified,0,6.0,12.05,Current
429,LN101872,650,30700.0,10.5,MORTGAGE,debt_consolidation,16000.0,36,Not Verified,0,4.5,13.83,Current
430,LN105063,676,46800.0,6.8,OWN,medical,18300.0,36,Verified,0,16.3,12.34,Current
431,LN102675,714,57500.0,6.2,RENT,debt_consolidation,5500.0,60,Source Verified,0,36.3,15.79,Current
432,LN104902,692,50300.0,15.5,RENT,debt_consolidation,4900.0,36,Verified,0,9.2,10.78,Fully Paid
433,LN103574,650,47400.0,4.2,MORTGAGE,small_business,10900.0,36,Not Verified,0,27.4,17.26,Charged Off
434,LN103601,847,25500.0,8.8,RENT,debt_consolidation,11400.0,36,Not Verified,1,41.8,12.82,Charged Off
435,LN100435,651,100600.0,3.8,OWN,debt_consolidation,7800.0,60,Not Verified,0,1.9,13.87,Charged Off
436,LN103004,673,138400.0,19.3,RENT,credit_card,8400.0,36,Source Verified,0,6.1,12.97,Charged Off
437,LN101250,753,74900.0,6.1,RENT,debt_consolidation,9300.0,36,Verified,0,11.7,11.24,Fully Paid
438,LN103456,705,42800.0,9.5,OWN,home_improvement,22000.0,36,Verified,3,30.7,13.82,Current
439,LN100862,686,54000.0,13.3,MORTGAGE,debt_consolidation,32300.0,36,Not Verified,1,4.6,12.5,Charged Off
440,LN102279,561,43600.0,2.1,MORTGAGE,credit_card,1700.0,36,Not Verified,1,5.8,15.42,Fully Paid
441,LN100010,747,-1.0,3.6,MORTGAGE,major_purchase,8100.0,60,Not Verified,1,0.0,12.62,Fully Paid
442,LN105105,637,98800.0,14.3,MORTGAGE,small_business,10400.0,60,Source Verified,1,7.8,16.22,Charged Off
443,LN101193,739,115800.0,6.3,OWN,other,9900.0,36,Source Verified,0,5.9,8.91,Charged Off
444,LN102125,703,41800.0,2.5,MORTGAGE,home_improvement,8900.0,36,Verified,0,11.4,12.24,Charged Off
445,LN105175,678,34500.0,3.5,MORTGAGE,debt_consolidation,12500.0,36,Source Verified,0,9.5,10.28,Fully Paid
446,LN102607,677,27100.0,15.1,MORTGAGE,debt_consolidation,4600.0,60,Source Verified,0,5.6,13.19,Current
447,LN101840,652,39600.0,0.8,RENT,small_business,20900.0,60,Verified,1,5.6,16.95,Current
448,LN100762,738,30000.0,3.4,OWN,credit_card,12500.0,60,Source Verified,1,28.7,12.46,Fully Paid
449,LN103591,778,-1.0,9.3,RENT,credit_card,10200.0,36,Source Verified,0,0.0,10.37,Charged Off
450,LN101710,652,110300.0,1.0,OWN,debt_consolidation,10000.0,36,Source Verified,0,2.4,12.15,Charged Off
451,LN100541,636,49100.0,9.1,RENT,credit_card,3800.0,60,Source Verified,0,13.1,15.39,Fully Paid
452,LN103597,653,83200.0,14.2,MORTGAGE,major_purchase,11300.0,36,Verified,0,2.0,11.06,Fully Paid
453,LN103891,598,43500.0,2.1,MORTGAGE,debt_consolidation,15800.0,36,Not Verified,0,35.0,16.07,Charged Off
454,LN104906,741,28900.0,0.2,MORTGAGE,credit_card,11400.0,36,Source Verified,2,29.5,13.34,Fully Paid
455,LN103894,731,97100.0,11.8,MORTGAGE,credit_card,8000.0,36,Verified,0,8.0,7.6,Current
456,LN103031,727,62900.0,9.0,MORTGAGE,credit_card,4000.0,36,Source Verified,1,3.0,10.74,Charged Off
457,LN100731,694,29200.0,13.7,RENT,credit_card,7300.0,36,Verified,0,51.4,13.57,Fully Paid
458,LN102659,719,31200.0,9.7,OWN,credit_card,5000.0,36,Verified,1,14.8,10.0,Current
459,LN102477,704,140800.0,5.7,OWN,debt_consolidation,4600.0,36,Not Verified,0,2.6,11.3,Fully Paid
460,LN104987,708,43600.0,12.1,RENT,credit_card,6400.0,60,Source Verified,0,12.0,14.37,Charged Off
461,LN103745,666,53000.0,1.2,OWN,credit_card,11300.0,36,Source Verified,0,3.8,12.36,Current
462,LN102376,723,47500.0,17.5,OWN,debt_consolidation,12200.0,36,Source Verified,0,15.8,12.26,Current
463,LN101060,680,26400.0,14.6,RENT,credit_card,11500.0,60,Verified,0,33.9,15.28,Current
464,LN104264,646,29000.0,8.5,RENT,credit_card,13400.0,60,Verified,0,34.8,16.53,Fully Paid
465,LN103275,616,101700.0,4.2,RENT,debt_consolidation,3900.0,36,Not Verified,0,2.8,11.12,Fully Paid
466,LN100290,674,90100.0,7.7,MORTGAGE,debt_consolidation,35400.0,36,Source Verified,0,3.5,14.36,Charged Off
467,LN104780,667,23600.0,7.1,MORTGAGE,debt_consolidation,13300.0,60,Source Verified,1,5.6,15.67,Fully Paid
468,LN104664,850,32100.0,14.8,RENT,debt_consolidation,6300.0,36,Verified,0,40.9,12.88,Charged Off
469,LN101668,708,41400.0,1.5,OWN,debt_consolidation,35400.0,36,Not Verified,0,47.3,13.69,Fully Paid
470,LN102280,770,83500.0,5.1,RENT,home_improvement,9500.0,36,Source Verified,0,1.6,10.28,Current
471,LN104062,648,49600.0,2.3,MORTGAGE,debt_consolidation,8200.0,60,Verified,2,4.5,17.07,Current
472,LN102252,734,50200.0,13.3,RENT,debt_consolidation,6200.0,60,Source Verified,1,2.6,13.81,Fully Paid
473,LN104530,749,67000.0,2.5,RENT,medical,6400.0,36,Source Verified,1,3.5,10.13,Current
474,LN103238,749,56100.0,8.0,MORTGAGE,home_improvement,16500.0,36,Verified,1,15.6,14.68,Fully Paid
475,LN101954,704,-1.0,10.4,MORTGAGE,major_purchase,6100.0,60,Verified,0,0.0,12.14,Current
476,LN101744,734,50200.0,7.9,MORTGAGE,small_business,7100.0,36,Verified,0,20.2,12.35,Fully Paid
477,LN100219,645,71600.0,6.3,RENT,other,36000.0,36,Source Verified,0,7.4,14.6,Current
478,LN102233,793,35000.0,7.7,OTHER,debt_consolidation,15200.0,36,Not Verified,0,4.5,12.28,Fully Paid
479,LN102716,697,112900.0,5.8,OWN,debt_consolidation,8000.0,60,Verified,1,6.6,14.68,Fully Paid
480,LN104313,706,83200.0,19.0,RENT,credit_card,14400.0,60,Verified,0,1.9,14.56,Fully Paid
481,LN100052,595,26500.0,15.3,OTHER,debt_consolidation,4500.0,60,Not Verified,0,3.4,16.29,Fully Paid
482,LN103985,650,62100.0,7.7,RENT,medical,4300.0,60,Verified,1,7.7,14.02,Current
483,LN102920,643,90100.0,2.3,RENT,debt_consolidation,9200.0,36,Not Verified,1,3.3,15.5,Fully Paid
484,LN104269,678,67000.0,17.0,RENT,debt_consolidation,16600.0,36,Source Verified,2,7.7,12.88,Current
485,LN100096,604,49500.0,11.5,OWN,major_purchase,7800.0,36,Not Verified,1,6.7,12.63,Fully Paid
486,LN104790,578,56900.0,5.2,MORTGAGE,debt_consolidation,20100.0,36,Not Verified,0,1.4,13.87,Charged Off
487,LN104207,748,49900.0,9.9,MORTGAGE,home_improvement,8600.0,60,Verified,0,4.0,11.6,Fully Paid
488,LN102377,645,51100.0,3.6,MORTGAGE,major_purchase,14600.0,36,Source Verified,0,12.0,13.39,Fully Paid
489,LN104475,723,-1.0,5.5,RENT,debt_consolidation,23600.0,36,Source Verified,0,0.0,12.83,Current
490,LN103480,658,32200.0,99.0,MORTGAGE,credit_card,6900.0,36,Verified,0,23.5,14.84,Charged Off
491,LN104374,747,30700.0,1.2,MORTGAGE,major_purchase,10700.0,60,Verified,0,17.2,14.06,Charged Off
492,LN101036,754,52500.0,5.2,MORTGAGE,debt_consolidation,9000.0,60,Source Verified,0,13.8,12.94,Charged Off
493,LN103046,722,43700.0,1.6,MORTGAGE,credit_card,7600.0,60,Verified,0,5.7,16.29,Charged Off
494,LN103432,668,113300.0,8.5,MORTGAGE,other,11000.0,36,Not Verified,1,2.6,14.61,Charged Off
495,LN103989,631,40200.0,6.7,MORTGAGE,credit_card,6800.0,36,Verified,1,2.8,12.99,Current
496,LN100973,730,44500.0,3.3,RENT,debt_consolidation,40000.0,36,Source Verified,0,33.2,14.78,Fully Paid
497,LN100037,635,28600.0,1.3,OWN,credit_card,7100.0,36,Source Verified,0,3.7,12.19,Fully Paid
498,LN103081,618,79400.0,7.0,MORTGAGE,home_improvement,6700.0,36,Not Verified,0,3.5,12.89,Current
499,LN101951,706,44500.0,3.2,MORTGAGE,credit_card,17700.0,36,Verified,0,14.0,12.71,Fully Paid
500,LN102708,710,96200.0,2.1,RENT,small_business,20800.0,36,Verified,0,6.1,15.38,Current
501,LN102211,0,28100.0,7.6,MORTGAGE,credit_card,5500.0,60,Source Verified,0,20.9,999.0,Charged Off
502,LN100026,725,94000.0,99.0,MORTGAGE,debt_consolidation,6000.0,60,Verified,0,2.1,12.5,Charged Off
503,LN100148,759,33200.0,20.7,MORTGAGE,other,10400.0,36,Not Verified,0,3.4,9.49,Charged Off
504,LN103175,576,69600.0,2.1,RENT,credit_card,23300.0,36,Source Verified,0,8.7,17.28,Fully Paid
505,LN103798,745,33300.0,8.5,MORTGAGE,small_business,9800.0,60,Source Verified,0,58.5,17.94,Charged Off
506,LN101881,782,91700.0,6.8,RENT,credit_card,5400.0,60,Source Verified,0,8.3,13.2,Current
507,LN100613,719,52100.0,4.4,RENT,debt_consolidation,7200.0,36,Source Verified,0,21.9,13.14,Charged Off
508,LN104623,745,40100.0,3.7,MORTGAGE,home_improvement,10200.0,60,Source Verified,1,32.6,13.93,Current
509,LN100524,781,-1.0,4.1,MORTGAGE,debt_consolidation,8300.0,36,Source Verified,0,0.0,9.64,Current
510,LN104512,773,22300.0,9.2,RENT,credit_card,11000.0,60,Verified,0,31.7,16.48,Charged Off
511,LN102296,850,14000.0,1.7,MORTGAGE,debt_consolidation,3800.0,60,Verified,1,41.4,11.29,Charged Off
512,LN102662,667,70600.0,14.8,MORTGAGE,debt_consolidation,3900.0,60,Verified,0,2.8,11.25,Fully Paid
513,LN102836,726,71000.0,6.5,OWN,debt_consolidation,10300.0,36,Source Verified,0,4.2,11.02,Current
514,LN102901,599,58100.0,7.9,MORTGAGE,major_purchase,12300.0,60,Source Verified,1,11.4,15.75,Charged Off
515,LN104470,709,51400.0,4.2,MORTGAGE,debt_consolidation,13700.0,60,Source Verified,1,7.2,12.07,Charged Off
516,LN103047,724,91300.0,1.0,MORTGAGE,major_purchase,5100.0,36,Not Verified,0,7.1,11.4,Current
517,LN102962,710,67200.0,4.3,OWN,credit_card,14000.0,60,Not Verified,0,14.6,16.99,Fully Paid
518,LN103476,551,25500.0,0.9,RENT,debt_consolidation,8400.0,36,Verified,0,13.3,16.27,Charged Off
519,LN104211,710,48200.0,6.2,RENT,other,1900.0,60,Verified,0,8.1,12.54,Fully Paid
520,LN104547,771,60600.0,7.8,OWN,debt_consolidation,7700.0,60,Source Verified,1,4.2,12.84,Current
521,LN102726,631,39000.0,4.9,MORTGAGE,credit_card,12000.0,60,Verified,0,12.0,17.35,Fully Paid
522,LN103475,730,73700.0,7.8,MORTGAGE,debt_consolidation,6100.0,36,Not Verified,1,6.8,10.91,Current
523,LN103870,691,48800.0,12.4,MORTGAGE,credit_card,8900.0,36,Source Verified,1,26.4,14.09,Charged Off
524,LN100704,758,48800.0,2.4,MORTGAGE,debt_consolidation,11500.0,60,Not Verified,1,19.4,12.18,Charged Off
525,LN100183,762,20000.0,7.4,MORTGAGE,major_purchase,9100.0,36,Source Verified,0,20.2,11.88,Fully Paid
526,LN103070,746,52900.0,2.6,MORTGAGE,other,2500.0,36,Verified,0,4.2,11.9,Fully Paid
527,LN103102,741,75700.0,11.2,RENT,other,5700.0,36,Source Verified,0,2.7,7.05,Fully Paid
528,LN104411,681,31300.0,3.7,OWN,debt_consolidation,23300.0,36,Verified,0,272.7,25.23,Charged Off
529,LN105080,626,23900.0,9.9,MORTGAGE,other,10700.0,36,Source Verified,0,13.1,13.64,Fully Paid
530,LN104385,665,83800.0,6.5,RENT,major_purchase,6600.0,36,Not Verified,0,9.8,13.33,Fully Paid
531,LN100173,610,59700.0,1.3,MORTGAGE,debt_consolidation,7200.0,60,Verified,0,7.7,15.86,Current
532,LN102322,764,49400.0,6.0,RENT,other,4800.0,36,Not Verified,0,33.6,12.33,Fully Paid
533,LN101077,850,59200.0,5.5,MORTGAGE,debt_consolidation,14800.0,36,Source Verified,0,9.2,9.29,Fully Paid
534,LN104087,578,28400.0,9.8,RENT,small_business,12000.0,36,Verified,0,9.8,16.88,Fully Paid
535,LN104270,607,51900.0,4.0,RENT,debt_consolidation,16900.0,60,Source Verified,0,19.8,17.24,Fully Paid
536,LN102450,655,29300.0,10.8,RENT,credit_card,11600.0,36,Source Verified,1,18.3,14.64,Current
537,LN103851,642,47600.0,4.7,MORTGAGE,debt_consolidation,15500.0,36,Not Verified,2,19.0,16.41,Charged Off
538,LN101419,692,48100.0,99.0,MORTGAGE,major_purchase,5300.0,60,Verified,0,14.5,12.64,Fully Paid
539,LN102592,721,70900.0,11.6,MORTGAGE,credit_card,9200.0,60,Source Verified,0,2.2,14.23,Fully Paid
540,LN100438,647,44400.0,14.3,OWN,credit_card,12500.0,60,Verified,0,4.9,15.14,Fully Paid
541,LN103377,672,53600.0,5.1,RENT,credit_card,14100.0,36,Source Verified,0,16.5,13.66,Fully Paid
542,LN102548,577,88200.0,8.5,OWN,home_improvement,10200.0,36,Not Verified,0,3.7,14.58,Fully Paid
543,LN101056,700,119500.0,5.2,RENT,debt_consolidation,6700.0,36,Verified,1,2.4,12.97,Current
544,LN105087,642,117200.0,0.6,RENT,home_improvement,20000.0,36,Verified,1,6.3,12.6,Charged Off
545,LN104797,745,85700.0,5.7,RENT,small_business,22500.0,60,Verified,0,5.5,16.49,Current
546,LN102946,794,89400.0,0.5,RENT,debt_consolidation,2900.0,36,Source Verified,1,6.6,7.44,Fully Paid
547,LN100384,586,24300.0,5.6,OWN,debt_consolidation,7100.0,36,Not Verified,1,8.8,15.0,Charged Off
548,LN102348,788,-1.0,9.2,OTHER,medical,22800.0,36,Source Verified,1,0.0,11.92,Current
549,LN100849,753,49700.0,5.8,MORTGAGE,debt_consolidation,16600.0,36,Verified,0,8.0,11.35,Fully Paid
550,LN103741,641,29300.0,4.0,OWN,credit_card,11200.0,36,Verified,0,57.4,17.13,Fully Paid
551,LN101747,710,29800.0,2.6,RENT,credit_card,5600.0,36,Source Verified,1,28.7,13.22,Charged Off
552,LN102689,566,21400.0,18.8,MORTGAGE,debt_consolidation,23600.0,36,Source Verified,1,41.4,18.56,Current
553,LN103932,713,53100.0,1.3,RENT,other,4200.0,36,Not Verified,1,6.9,13.59,Fully Paid
554,LN100162,828,56000.0,8.0,RENT,debt_consolidation,7700.0,36,Verified,1,9.2,11.85,Current
555,LN105081,648,40100.0,4.4,RENT,debt_consolidation,6800.0,36,Source Verified,0,10.5,12.76,Fully Paid
556,LN102802,747,49700.0,1.1,MORTGAGE,other,10400.0,36,Source Verified,0,13.3,10.52,Fully Paid
557,LN104692,707,87000.0,2.8,RENT,major_purchase,8500.0,36,Verified,0,5.8,11.84,Current
558,LN103632,648,40300.0,1.1,RENT,credit_card,11500.0,36,Not Verified,0,34.6,17.97,Fully Paid
559,LN104726,669,27000.0,2.0,MORTGAGE,major_purchase,9700.0,60,Not Verified,2,15.6,16.71,Fully Paid
560,LN101078,652,49500.0,5.7,RENT,major_purchase,6500.0,36,Source Verified,0,8.8,13.16,Current
561,LN100770,802,47600.0,5.7,RENT,small_business,17600.0,36,Not Verified,0,11.0,10.05,Fully Paid
562,LN104388,584,31600.0,4.8,OWN,credit_card,6500.0,60,Not Verified,1,21.5,17.37,Current
563,LN100098,716,119500.0,99.0,MORTGAGE,medical,10500.0,36,Verified,0,4.0,11.0,Current
564,LN102833,625,33500.0,9.6,OWN,home_improvement,18400.0,36,Verified,0,36.1,14.17,Current
565,LN104637,622,23700.0,1.1,RENT,home_improvement,4700.0,36,Verified,0,23.9,15.85,Fully Paid
566,LN102149,698,52900.0,3.3,MORTGAGE,medical,7700.0,36,Not Verified,0,4.1,13.99,Fully Paid
567,LN102960,608,41200.0,4.9,RENT,major_purchase,13700.0,36,Not Verified,0,7.9,19.4,Current
568,LN100285,659,70500.0,2.5,RENT,home_improvement,17900.0,36,Verified,0,6.0,11.35,Current
569,LN101384,576,41500.0,5.4,MORTGAGE,home_improvement,5700.0,36,Not Verified,1,6.7,14.21,Current
570,LN100788,620,131000.0,16.8,RENT,other,8300.0,36,Not Verified,0,3.8,15.24,Fully Paid
571,LN103790,659,88200.0,2.3,RENT,debt_consolidation,4400.0,60,Not Verified,0,2.8,14.07,Current
572,LN105077,695,54200.0,6.7,RENT,credit_card,14500.0,36,Source Verified,0,2.8,10.63,Current
573,LN103085,738,52100.0,5.3,MORTGAGE,debt_consolidation,7500.0,36,Not Verified,0,5.6,11.78,Fully Paid
574,LN102582,684,42500.0,6.9,MORTGAGE,small_business,24100.0,36,Verified,0,25.6,15.75,Fully Paid
575,LN103163,734,54300.0,12.4,OWN,home_improvement,10200.0,60,Not Verified,0,15.3,14.89,Current
576,LN100709,732,67800.0,2.4,MORTGAGE,debt_consolidation,16900.0,36,Not Verified,0,3.0,12.19,Fully Paid
577,LN104532,0,41900.0,6.9,RENT,home_improvement,40000.0,36,Source Verified,0,6.4,15.49,Charged Off
578,LN103988,768,49200.0,3.0,RENT,other,23100.0,60,Source Verified,1,6.5,15.81,Charged Off
579,LN104932,803,96500.0,5.5,RENT,debt_consolidation,3500.0,36,Verified,2,3.0,10.44,Fully Paid
580,LN102208,730,37700.0,2.3,MORTGAGE,debt_consolidation,8700.0,60,Source Verified,0,29.0,13.14,Charged Off
581,LN100520,627,30500.0,11.3,MORTGAGE,credit_card,10400.0,36,Not Verified,0,12.6,14.46,Fully Paid
582,LN104184,688,156100.0,4.7,OWN,major_purchase,10200.0,60,Verified,0,2.9,13.08,Fully Paid
583,LN104083,666,45400.0,3.0,MORTGAGE,major_purchase,13100.0,36,Verified,0,10.7,12.16,Fully Paid
584,LN102713,616,33200.0,3.9,MORTGAGE,debt_consolidation,11500.0,36,Source Verified,1,11.0,15.69,Current
585,LN104970,678,88200.0,2.1,MORTGAGE,credit_card,6000.0,36,Not Verified,0,5.5,11.57,Fully Paid
586,LN100279,707,82600.0,1.9,RENT,other,36300.0,36,Source Verified,1,7.7,14.48,Current
587,LN104151,785,82500.0,99.0,OWN,home_improvement,10000.0,36,Not Verified,1,10.6,10.21,Charged Off
588,LN104921,744,-1.0,10.1,MORTGAGE,debt_consolidation,15400.0,60,Verified,0,0.0,13.02,Fully Paid
589,LN102851,783,46200.0,8.5,MORTGAGE,credit_card,4000.0,36,Source Verified,1,9.5,9.9,Current
590,LN104771,518,29600.0,3.7,MORTGAGE,debt_consolidation,3900.0,60,Source Verified,0,4.0,16.59,Fully Paid
591,LN102849,753,37500.0,5.6,MORTGAGE,credit_card,11100.0,60,Not Verified,1,16.2,16.09,Current
592,LN104494,711,34200.0,14.1,MORTGAGE,home_improvement,4600.0,60,Verified,0,7.4,10.86,Current
593,LN101583,644,42300.0,0.9,MORTGAGE,credit_card,9100.0,60,Source Verified,0,35.5,18.25,Current
594,LN101353,713,46400.0,6.1,MORTGAGE,credit_card,4600.0,36,Verified,1,1.9,10.41,Charged Off
595,LN102100,707,46800.0,2.4,RENT,home_improvement,23000.0,60,Not Verified,0,7.1,16.66,Current
596,LN104220,795,83300.0,22.9,OTHER,small_business,4500.0,36,Verified,0,9.2,12.31,Current
597,LN104546,515,29900.0,2.6,MORTGAGE,debt_consolidation,30500.0,36,Verified,2,18.5,17.62,Current
598,LN101646,682,28100.0,6.6,RENT,credit_card,16400.0,36,Verified,0,33.8,14.22,Fully Paid
599,LN100744,696,84900.0,7.5,RENT,major_purchase,4700.0,36,Verified,1,2.2,9.26,Current
600,LN102090,703,51600.0,8.6,MORTGAGE,small_business,5700.0,36,Verified,1,7.4,11.72,Fully Paid
601,LN101563,615,44900.0,7.7,RENT,debt_consolidation,4900.0,36,Verified,1,6.4,11.67,Fully Paid
602,LN102444,743,103700.0,1.4,MORTGAGE,major_purchase,10800.0,36,Verified,0,9.0,8.33,Charged Off
603,LN105044,552,55900.0,4.7,RENT,medical,6700.0,36,Not Verified,0,7.5,16.05,Current
604,LN101207,633,24800.0,4.3,MORTGAGE,debt_consolidation,4300.0,36,Not Verified,0,33.4,16.5,Current
605,LN104153,635,50000.0,1.2,RENT,major_purchase,9100.0,36,Source Verified,0,19.6,14.1,Fully Paid
606,LN103843,810,113300.0,6.4,MORTGAGE,credit_card,7200.0,60,Verified,0,4.1,14.33,Current
607,LN104724,706,64700.0,11.5,OWN,debt_consolidation,8000.0,60,Source Verified,0,10.1,11.56,Fully Paid
608,LN101593,643,76200.0,5.7,RENT,debt_consolidation,13400.0,36,Source Verified,0,13.2,17.57,Fully Paid
609,LN100146,650,43400.0,99.0,MORTGAGE,debt_consolidation,10400.0,60,Not Verified,0,26.2,17.27,Current
610,LN101045,0,75000.0,3.7,RENT,debt_consolidation,26500.0,60,Not Verified,0,6.8,17.1,Fully Paid
611,LN100019,687,40900.0,5.4,RENT,home_improvement,12400.0,36,Verified,0,11.9,12.64,Current
612,LN102560,713,33100.0,3.8,MORTGAGE,debt_consolidation,16300.0,36,Source Verified,0,10.0,15.31,Fully Paid
613,LN100163,637,102900.0,2.7,MORTGAGE,debt_consolidation,6400.0,36,Verified,1,2.9,9.66,Charged Off
614,LN101180,604,28200.0,4.9,MORTGAGE,debt_consolidation,7400.0,36,Verified,1,5.0,14.65,Fully Paid
615,LN101068,784,16300.0,4.5,MORTGAGE,major_purchase,16200.0,36,Source Verified,1,37.1,12.42,Fully Paid
616,LN104592,706,20700.0,11.6,OTHER,medical,22200.0,36,Source Verified,0,2.5,13.37,Current
617,LN100700,762,51900.0,3.9,RENT,medical,9500.0,36,Not Verified,0,8.3,10.95,Current
618,LN102122,637,34200.0,4.8,RENT,debt_consolidation,4000.0,60,Not Verified,0,7.5,17.68,Fully Paid
619,LN102046,733,58900.0,1.0,OWN,debt_consolidation,16700.0,36,Not Verified,1,14.1,15.93,Fully Paid
620,LN102364,850,51700.0,99.0,OWN,debt_consolidation,14900.0,60,Source Verified,0,12.8,10.17,Charged Off
621,LN104054,727,107300.0,2.5,MORTGAGE,debt_consolidation,7100.0,36,Source Verified,0,1.4,13.57,Fully Paid
622,LN102394,632,30200.0,5.2,MORTGAGE,debt_consolidation,8400.0,36,Verified,0,38.8,14.29,Charged Off
623,LN104587,788,37600.0,8.2,OWN,credit_card,16300.0,36,Not Verified,3,22.7,15.89,Current
624,LN100427,802,27100.0,1.1,MORTGAGE,credit_card,10500.0,60,Verified,2,65.0,18.79,Fully Paid
625,LN101025,666,52800.0,2.1,RENT,home_improvement,5100.0,60,Verified,0,19.8,14.94,Current
626,LN101407,732,45500.0,12.0,MORTGAGE,debt_consolidation,20500.0,36,Verified,1,11.4,12.92,Fully Paid
627,LN100110,718,34900.0,1.7,MORTGAGE,credit_card,8400.0,36,Verified,0,31.3,12.03,Current
628,LN104750,746,-1.0,4.1,OWN,credit_card,15200.0,36,Verified,0,0.0,11.64,Current
629,LN102396,661,39700.0,2.2,MORTGAGE,credit_card,5300.0,36,Verified,1,13.7,15.21,Current
630,LN102870,570,81400.0,4.1,RENT,debt_consolidation,10100.0,36,Not Verified,0,2.7,14.16,Fully Paid
631,LN103374,689,62500.0,4.2,RENT,debt_consolidation,11800.0,60,Source Verified,0,3.9,16.85,Current
632,LN104779,692,32400.0,19.4,RENT,credit_card,12100.0,60,Source Verified,0,16.6,15.37,Charged Off
633,LN101758,623,91600.0,6.1,RENT,debt_consolidation,9000.0,36,Verified,0,10.9,14.55,Charged Off
634,LN100356,705,80000.0,8.1,RENT,major_purchase,10800.0,36,Source Verified,0,2.7,11.46,Fully Paid
635,LN104080,762,74100.0,2.5,MORTGAGE,medical,14300.0,60,Not Verified,1,8.3,18.07,Current
636,LN101724,0,35900.0,2.9,OWN,debt_consolidation,17300.0,36,Source Verified,0,6.2,13.04,Fully Paid
637,LN103859,716,-1.0,6.0,RENT,other,21100.0,36,Verified,1,0.0,10.89,Fully Paid
638,LN101034,656,42600.0,11.9,MORTGAGE,other,13400.0,60,Not Verified,0,14.6,16.12,Fully Paid
639,LN103592,807,19900.0,7.0,RENT,debt_consolidation,11000.0,36,Not Verified,0,14.8,12.22,Fully Paid
640,LN104960,647,34500.0,99.0,MORTGAGE,debt_consolidation,10500.0,36,Source Verified,0,2.7,13.06,Fully Paid
641,LN100983,738,29300.0,0.8,RENT,credit_card,12900.0,36,Verified,0,35.5,15.22,Fully Paid
642,LN103063,701,50000.0,5.2,MORTGAGE,debt_consolidation,13500.0,36,Not Verified,0,8.4,11.93,Current
643,LN102978,650,148300.0,1.2,MORTGAGE,credit_card,7800.0,36,Not Verified,0,2.2,12.11,Fully Paid
644,LN103660,691,105600.0,5.4,OTHER,debt_consolidation,7000.0,36,Source Verified,1,12.3,14.44,Fully Paid
645,LN100751,671,58600.0,6.4,OTHER,debt_consolidation,8400.0,36,Not Verified,1,1.6,13.38,Fully Paid
646,LN105147,641,48300.0,99.0,RENT,small_business,7500.0,36,Not Verified,0,4.8,14.62,Current
647,LN102625,680,67500.0,8.2,RENT,home_improvement,14500.0,36,Verified,2,3.3,9.45,Current
648,LN104449,690,23300.0,3.6,OWN,other,11000.0,60,Verified,0,7.0,15.23,Fully Paid
649,LN100153,658,31200.0,5.6,MORTGAGE,credit_card,13100.0,60,Verified,0,22.3,17.39,Current
650,LN104670,524,95000.0,4.3,MORTGAGE,debt_consolidation,12000.0,36,Verified,1,15.1,15.58,Fully Paid
651,LN105153,778,88600.0,7.5,OWN,medical,3800.0,36,Source Verified,1,13.1,12.03,Current
652,LN101919,595,66600.0,5.4,RENT,debt_consolidation,3700.0,36,Source Verified,2,9.8,15.83,Current
653,LN101305,529,24000.0,12.5,RENT,debt_consolidation,24500.0,60,Verified,0,8.4,19.89,Current
654,LN100413,739,113900.0,99.0,MORTGAGE,small_business,17000.0,36,Verified,0,7.8,11.02,Charged Off
655,LN105155,633,78200.0,8.5,RENT,debt_consolidation,1500.0,36,Source Verified,1,1.4,13.07,Charged Off
656,LN103373,652,40200.0,3.1,MORTGAGE,medical,11500.0,36,Not Verified,2,6.5,15.71,Fully Paid
657,LN101081,680,59400.0,4.9,MORTGAGE,other,13300.0,36,Not Verified,1,9.8,13.23,Fully Paid
658,LN102170,635,42800.0,1.0,MORTGAGE,credit_card,6900.0,60,Not Verified,0,11.7,16.15,Current
659,LN100320,741,46700.0,9.4,MORTGAGE,home_improvement,15000.0,36,Verified,0,15.9,12.88,Current
660,LN102881,748,47400.0,11.1,MORTGAGE,debt_consolidation,13700.0,36,Not Verified,0,12.9,12.75,Current
661,LN102966,782,74100.0,4.8,MORTGAGE,debt_consolidation,12200.0,36,Not Verified,0,3.9,8.77,Fully Paid
662,LN102898,634,42700.0,19.5,MORTGAGE,other,8800.0,36,Not Verified,0,6.8,11.59,Charged Off
663,LN103551,613,59000.0,10.7,RENT,medical,20800.0,36,Verified,1,6.2,13.84,Fully Paid
664,LN104606,621,54400.0,6.3,MORTGAGE,debt_consolidation,17500.0,36,Verified,0,11.0,14.04,Charged Off
665,LN100171,719,28700.0,2.2,RENT,credit_card,16900.0,36,Not Verified,1,1.7,14.4,Fully Paid
666,LN102167,579,64200.0,3.3,MORTGAGE,home_improvement,11000.0,36,Not Verified,0,29.3,17.71,Fully Paid
667,LN103674,602,-1.0,1.9,RENT,other,12800.0,36,Source Verified,2,0.0,14.99,Fully Paid
668,LN100134,594,34800.0,1.2,RENT,major_purchase,9600.0,36,Source Verified,1,6.7,15.0,Fully Paid
669,LN104523,695,21400.0,5.2,MORTGAGE,credit_card,14600.0,60,Not Verified,0,20.7,15.21,Fully Paid
670,LN102744,756,53800.0,7.0,RENT,major_purchase,4600.0,60,Source Verified,0,6.9,11.26,Charged Off
671,LN100439,718,89900.0,4.4,RENT,debt_consolidation,3800.0,36,Not Verified,0,1.2,11.44,Current
672,LN100878,683,51800.0,5.0,RENT,home_improvement,8600.0,60,Verified,0,14.8,15.44,Charged Off
673,LN100034,730,35600.0,5.5,RENT,home_improvement,10400.0,36,Verified,0,25.0,12.05,Fully Paid
674,LN103288,664,41700.0,9.3,MORTGAGE,home_improvement,5700.0,60,Verified,0,9.7,12.65,Fully Paid
675,LN100906,675,42000.0,2.6,RENT,credit_card,5900.0,60,Source Verified,0,5.2,14.7,Current
676,LN103866,717,45100.0,1.3,RENT,debt_consolidation,3900.0,60,Source Verified,0,3.9,12.54,Current
677,LN102029,659,44600.0,2.4,MORTGAGE,debt_consolidation,6800.0,60,Source Verified,0,13.6,13.24,Charged Off
678,LN100057,787,96700.0,14.2,OWN,credit_card,18000.0,60,Verified,1,2.8,12.13,Current
679,LN104807,651,39200.0,1.3,MORTGAGE,credit_card,33300.0,36,Source Verified,0,5.6,13.63,Current
680,LN103734,695,25200.0,11.3,OWN,credit_card,13200.0,36,Not Verified,0,16.8,14.75,Charged Off
681,LN101171,566,88900.0,1.2,MORTGAGE,home_improvement,8200.0,36,Source Verified,0,8.1,14.55,Current
682,LN102875,544,56800.0,3.4,MORTGAGE,other,4900.0,60,Source Verified,0,8.3,16.3,Charged Off
683,LN102425,764,-1.0,4.3,MORTGAGE,credit_card,8300.0,60,Verified,0,0.0,13.3,Charged Off
684,LN100338,765,48000.0,7.1,RENT,debt_consolidation,14300.0,36,Not Verified,0,5.5,11.46,Current
685,LN100894,670,122500.0,5.6,MORTGAGE,small_business,16100.0,60,Source Verified,1,3.3,16.44,Fully Paid
686,LN102030,775,88500.0,1.1,RENT,debt_consolidation,7000.0,36,Source Verified,1,4.0,10.07,Fully Paid
687,LN103540,702,70400.0,4.8,OWN,other,9800.0,60,Not Verified,0,1.0,15.13,Fully Paid
688,LN103930,621,102300.0,6.5,RENT,credit_card,10100.0,60,Verified,1,7.7,16.07,Fully Paid
689,LN104909,684,28500.0,5.4,MORTGAGE,home_improvement,6100.0,36,Verified,2,27.9,12.85,Charged Off
690,LN104095,575,36400.0,14.7,MORTGAGE,home_improvement,12800.0,36,Not Verified,0,22.5,16.17,Current
691,LN103804,754,40900.0,6.1,OWN,major_purchase,10500.0,36,Verified,0,15.9,11.6,Charged Off
692,LN100748,666,42100.0,6.1,RENT,other,11400.0,60,Verified,0,13.1,19.15,Charged Off
693,LN104795,633,-1.0,5.0,MORTGAGE,debt_consolidation,10500.0,36,Source Verified,0,0.0,12.4,Fully Paid
694,LN101871,653,57000.0,8.9,MORTGAGE,home_improvement,5100.0,60,Verified,3,1.9,12.39,Current
695,LN102792,639,53200.0,7.5,OWN,credit_card,4900.0,36,Source Verified,1,6.5,12.96,Current
696,LN100094,580,97100.0,6.5,MORTGAGE,debt_consolidation,5800.0,36,Source Verified,0,8.5,11.21,Charged Off
697,LN104618,850,50200.0,99.0,RENT,credit_card,12100.0,36,Not Verified,0,10.3,9.53,Charged Off
698,LN104538,618,40900.0,8.5,MORTGAGE,home_improvement,11600.0,36,Not Verified,0,11.1,12.48,Current
699,LN102969,688,73400.0,6.4,MORTGAGE,major_purchase,4500.0,36,Source Verified,0,6.4,12.54,Current
700,LN100628,622,49400.0,2.7,RENT,credit_card,3100.0,60,Verified,0,11.8,16.23,Current
701,LN100772,707,77000.0,8.3,RENT,debt_consolidation,11600.0,60,Not Verified,0,2.4,14.07,Charged Off
702,LN104554,806,31100.0,7.5,RENT,credit_card,6600.0,60,Source Verified,2,4.6,11.67,Current
703,LN100965,601,84100.0,3.7,MORTGAGE,debt_consolidation,9500.0,36,Source Verified,0,10.3,12.06,Current
704,LN102229,708,24200.0,24.4,RENT,credit_card,9800.0,36,Source Verified,0,18.0,12.69,Current
705,LN103459,740,68800.0,3.4,MORTGAGE,debt_consolidation,10800.0,36,Not Verified,1,7.1,12.07,Fully Paid
706,LN105100,633,48600.0,4.0,MORTGAGE,debt_consolidation,21400.0,60,Source Verified,2,21.4,18.3,Charged Off
707,LN100048,734,29900.0,15.0,MORTGAGE,credit_card,10700.0,36,Source Verified,0,50.8,11.35,Charged Off
708,LN104756,701,152800.0,5.7,MORTGAGE,credit_card,29600.0,36,Source Verified,0,0.9,12.93,Charged Off
709,LN100145,663,38300.0,7.1,RENT,major_purchase,12800.0,60,Source Verified,1,14.1,14.22,Fully Paid
710,LN104496,659,-1.0,8.0,OWN,other,12700.0,36,Verified,0,0.0,11.74,Current
711,LN103613,660,47400.0,20.0,MORTGAGE,credit_card,19400.0,60,Not Verified,0,15.0,16.76,Current
712,LN105161,594,21800.0,4.7,MORTGAGE,small_business,8600.0,36,Verified,0,65.0,17.91,Charged Off
713,LN100581,615,32100.0,1.9,MORTGAGE,debt_consolidation,6300.0,36,Not Verified,2,21.5,14.45,Charged Off
714,LN101290,701,41500.0,5.4,MORTGAGE,credit_card,10200.0,36,Not Verified,0,8.0,13.3,Current
715,LN101116,764,74600.0,1.1,MORTGAGE,credit_card,3400.0,36,Verified,0,6.1,10.59,Current
716,LN102447,660,83800.0,2.5,RENT,debt_consolidation,6600.0,36,Source Verified,3,4.7,15.57,Current
717,LN104844,687,52900.0,2.4,RENT,debt_consolidation,10700.0,60,Source Verified,1,3.5,15.04,Current
718,LN102424,697,52600.0,8.0,RENT,other,16000.0,36,Source Verified,1,7.8,15.34,Charged Off
719,LN103216,604,33500.0,5.5,MORTGAGE,small_business,30600.0,36,Not Verified,1,20.3,17.74,Current
720,LN100706,631,42900.0,13.0,RENT,debt_consolidation,7900.0,60,Verified,0,5.9,15.55,Charged Off
721,LN102692,686,14700.0,6.1,MORTGAGE,credit_card,9600.0,60,Not Verified,0,53.5,18.55,Charged Off
722,LN105078,745,85800.0,4.1,MORTGAGE,debt_consolidation,12500.0,36,Verified,0,5.1,9.61,Current
723,LN103153,681,28000.0,3.8,MORTGAGE,debt_consolidation,8600.0,36,Not Verified,0,65.0,17.59,Charged Off
724,LN100437,620,54900.0,5.0,RENT,small_business,12100.0,36,Verified,1,5.8,15.18,Charged Off
725,LN100592,808,79200.0,8.1,RENT,home_improvement,6900.0,36,Source Verified,0,2.7,6.02,Fully Paid
726,LN100349,786,54700.0,4.1,RENT,other,10700.0,36,Verified,2,5.1,12.6,Fully Paid
727,LN104383,645,43400.0,2.6,MORTGAGE,debt_consolidation,5500.0,36,Source Verified,0,22.8,14.22,Current
728,LN105141,503,-1.0,5.6,RENT,credit_card,8600.0,60,Source Verified,1,0.0,17.33,Current
729,LN103169,613,44400.0,9.8,MORTGAGE,major_purchase,5400.0,60,Source Verified,2,43.0,18.3,Charged Off
730,LN100399,644,90800.0,7.8,MORTGAGE,small_business,22100.0,36,Not Verified,1,2.9,13.29,Fully Paid
731,LN104051,684,24000.0,1.1,OWN,debt_consolidation,8300.0,36,Verified,1,17.7,11.48,Current
732,LN104873,612,30700.0,1.9,RENT,small_business,7900.0,36,Verified,0,11.8,15.56,Current
733,LN104607,774,47900.0,99.0,OTHER,home_improvement,15700.0,36,Verified,1,13.9,10.14,Fully Paid
734,LN103012,663,41900.0,5.2,RENT,debt_consolidation,10200.0,36,Not Verified,1,37.5,14.65,Fully Paid
735,LN103675,818,73900.0,7.6,MORTGAGE,credit_card,31100.0,36,Source Verified,0,1.9,9.91,Current
736,LN100780,687,75400.0,6.1,RENT,home_improvement,6700.0,36,Verified,0,1.8,12.02,Fully Paid
737,LN103641,798,81100.0,1.4,OWN,medical,5100.0,60,Verified,0,6.3,11.0,Fully Paid
738,LN100111,705,67400.0,13.7,MORTGAGE,major_purchase,9700.0,36,Source Verified,1,4.3,11.53,Current
739,LN102393,710,71700.0,7.0,RENT,debt_consolidation,12100.0,36,Verified,0,4.6,13.62,Fully Paid
740,LN104237,705,39400.0,1.6,RENT,other,7700.0,36,Source Verified,1,12.9,14.03,Charged Off
741,LN100038,636,26100.0,0.9,MORTGAGE,debt_consolidation,7600.0,36,Not Verified,1,17.8,16.32,Fully Paid
742,LN105170,737,66600.0,11.4,MORTGAGE,credit_card,5100.0,60,Source Verified,0,10.1,16.32,Fully Paid
743,LN100893,693,43400.0,4.1,RENT,credit_card,15900.0,60,Verified,0,17.0,14.85,Fully Paid
744,LN101562,637,48700.0,2.2,MORTGAGE,major_purchase,15000.0,36,Source Verified,0,25.3,12.74,Fully Paid
745,LN101439,763,39100.0,12.3,RENT,home_improvement,8700.0,60,Verified,0,9.9,13.5,Current
746,LN101417,755,137600.0,1.3,MORTGAGE,credit_card,11000.0,60,Source Verified,0,2.2,14.6,Charged Off
747,LN101372,716,-1.0,14.8,RENT,debt_consolidation,24900.0,60,Not Verified,0,0.0,14.8,Charged Off
748,LN104353,595,49400.0,9.1,RENT,debt_consolidation,21100.0,60,Source Verified,1,3.3,16.92,Current
749,LN104273,810,59000.0,7.0,MORTGAGE,credit_card,11800.0,60,Verified,2,19.0,14.94,Current
750,LN102919,749,71400.0,11.7,RENT,debt_consolidation,11700.0,36,Not Verified,1,2.9,9.88,Fully Paid
751,LN102526,685,41700.0,17.3,MORTGAGE,debt_consolidation,6100.0,60,Not Verified,0,14.9,11.58,Current
752,LN102740,635,30200.0,14.4,RENT,debt_consolidation,11500.0,60,Source Verified,1,14.3,17.86,Fully Paid
753,LN104991,686,39500.0,2.4,RENT,major_purchase,11500.0,36,Verified,0,15.3,12.38,Charged Off
754,LN101481,727,54500.0,2.6,OWN,debt_consolidation,8300.0,36,Verified,1,21.3,13.61,Current
755,LN102530,765,32200.0,0.2,MORTGAGE,credit_card,21200.0,60,Source Verified,0,18.4,17.13,Current
756,LN104550,755,51900.0,9.0,RENT,medical,14200.0,36,Not Verified,0,5.1,13.95,Charged Off
757,LN104306,707,53200.0,2.0,MORTGAGE,debt_consolidation,5600.0,36,Source Verified,0,5.9,12.51,Fully Paid
758,LN102239,670,44800.0,4.8,MORTGAGE,medical,9500.0,36,Verified,2,20.6,15.62,Charged Off
759,LN103981,673,22700.0,14.9,RENT,debt_consolidation,6400.0,36,Source Verified,0,56.0,15.37,Charged Off
760,LN104179,639,21800.0,5.9,RENT,major_purchase,25000.0,36,Not Verified,1,59.6,17.42,Charged Off
761,LN100948,715,48700.0,2.3,MORTGAGE,debt_consolidation,10600.0,36,Not Verified,1,25.7,13.13,Fully Paid
762,LN102860,595,30300.0,0.3,RENT,debt_consolidation,9500.0,36,Not Verified,0,26.4,17.31,Fully Paid
763,LN101785,769,65500.0,3.0,MORTGAGE,debt_consolidation,5300.0,36,Not Verified,0,3.5,9.41,Charged Off
764,LN101841,691,95300.0,5.0,RENT,home_improvement,13000.0,36,Not Verified,0,10.3,12.63,Charged Off
765,LN100500,779,37100.0,3.0,RENT,debt_consolidation,28800.0,36,Source Verified,1,28.0,14.37,Charged Off
766,LN100336,646,-1.0,12.4,MORTGAGE,home_improvement,8200.0,60,Not Verified,0,0.0,14.71,Charged Off
767,LN101770,661,52800.0,5.2,MORTGAGE,credit_card,13800.0,36,Not Verified,1,22.5,15.05,Fully Paid
768,LN104679,619,138600.0,17.9,MORTGAGE,home_improvement,18300.0,36,Source Verified,1,3.9,11.79,Current
769,LN104134,622,64000.0,9.2,RENT,home_improvement,8900.0,36,Source Verified,1,3.1,11.64,Charged Off
770,LN100743,569,37100.0,10.0,RENT,small_business,18900.0,60,Not Verified,0,4.9,20.03,Fully Paid
771,LN104168,684,66700.0,7.0,MORTGAGE,debt_consolidation,12400.0,36,Verified,1,11.2,9.71,Fully Paid
772,LN103968,650,28700.0,0.4,OWN,credit_card,5100.0,36,Source Verified,0,36.9,14.2,Current
773,LN104920,668,47800.0,2.8,MORTGAGE,credit_card,6900.0,60,Source Verified,0,18.6,13.2,Charged Off
774,LN102549,722,42800.0,7.5,RENT,credit_card,9100.0,36,Source Verified,1,3.1,11.83,Charged Off
775,LN102667,672,28000.0,99.0,MORTGAGE,debt_consolidation,11500.0,36,Source Verified,0,14.1,13.68,Fully Paid
776,LN104933,725,67700.0,5.0,RENT,debt_consolidation,10500.0,60,Source Verified,0,4.7,13.02,Charged Off
777,LN101909,718,44800.0,5.6,RENT,credit_card,7200.0,60,Source Verified,0,8.6,14.89,Fully Paid
778,LN103658,631,45800.0,18.6,MORTGAGE,major_purchase,7300.0,36,Not Verified,0,38.3,15.05,Charged Off
779,LN103020,610,50200.0,5.7,RENT,debt_consolidation,6100.0,36,Not Verified,2,15.9,16.24,Fully Paid
780,LN101058,698,34500.0,99.0,RENT,debt_consolidation,16400.0,36,Not Verified,1,28.5,13.9,Fully Paid
781,LN103884,641,50300.0,4.0,RENT,credit_card,16500.0,60,Source Verified,0,24.4,18.44,Charged Off
782,LN103125,726,54900.0,21.5,MORTGAGE,home_improvement,13600.0,36,Source Verified,0,6.8,9.46,Current
783,LN103243,707,69100.0,27.2,MORTGAGE,credit_card,10300.0,60,Verified,1,14.0,14.63,Fully Paid
784,LN100231,652,58200.0,22.4,MORTGAGE,debt_consolidation,15500.0,36,Verified,1,1.7,13.07,Charged Off
785,LN101448,670,51300.0,6.5,OTHER,debt_consolidation,5700.0,60,Source Verified,0,29.6,18.12,Charged Off
786,LN105025,519,29400.0,4.5,MORTGAGE,other,6400.0,36,Source Verified,1,12.4,16.73,Fully Paid
787,LN102965,586,68700.0,11.2,MORTGAGE,credit_card,15500.0,60,Verified,0,0.9,16.92,Current
788,LN102785,696,106900.0,2.9,MORTGAGE,medical,10000.0,60,Verified,0,4.8,17.2,Current
789,LN100207,611,166100.0,10.0,RENT,credit_card,17000.0,60,Not Verified,0,4.8,18.34,Fully Paid
790,LN103468,782,47800.0,4.2,MORTGAGE,credit_card,4400.0,36,Source Verified,2,20.4,11.75,Fully Paid
791,LN102329,755,23400.0,0.9,OWN,small_business,9500.0,60,Not Verified,1,10.8,15.86,Charged Off
792,LN102183,625,62700.0,8.0,MORTGAGE,other,31300.0,60,Source Verified,1,8.5,17.06,Charged Off
793,LN105156,648,42400.0,6.4,RENT,credit_card,9500.0,36,Verified,0,11.6,13.47,Fully Paid
794,LN104527,702,60200.0,4.6,MORTGAGE,home_improvement,9800.0,60,Source Verified,0,18.2,14.06,Charged Off
795,LN101507,687,30300.0,6.2,MORTGAGE,debt_consolidation,23500.0,36,Not Verified,0,10.9,11.58,Fully Paid
796,LN102191,629,110900.0,3.8,RENT,credit_card,15000.0,36,Source Verified,0,8.2,12.8,Charged Off
797,LN104149,577,123200.0,9.2,RENT,home_improvement,5400.0,36,Verified,0,1.2,14.16,Current
798,LN101062,660,99900.0,4.0,MORTGAGE,home_improvement,40000.0,60,Source Verified,0,5.3,15.23,Current
799,LN102246,587,60700.0,8.2,MORTGAGE,debt_consolidation,12300.0,60,Verified,0,1.3,16.71,Fully Paid
800,LN103481,748,25800.0,5.2,OWN,debt_consolidation,6700.0,36,Verified,0,7.1,10.55,Charged Off
801,LN101904,730,101300.0,4.5,RENT,credit_card,11800.0,60,Source Verified,0,8.7,14.54,Fully Paid
802,LN100898,721,85200.0,4.4,RENT,debt_consolidation,27200.0,36,Source Verified,0,4.8,12.81,Current
803,LN100086,659,54000.0,8.1,MORTGAGE,credit_card,8600.0,36,Verified,1,10.2,13.58,Current
804,LN102609,603,33100.0,11.7,OWN,debt_consolidation,17900.0,36,Source Verified,0,25.4,16.05,Fully Paid
805,LN101750,640,49800.0,6.6,RENT,credit_card,11100.0,36,Source Verified,1,16.4,16.62,Fully Paid
806,LN103296,719,51800.0,7.9,MORTGAGE,credit_card,9100.0,36,Not Verified,2,18.3,14.11,Charged Off
807,LN103322,701,15000.0,12.8,RENT,other,16900.0,60,Not Verified,0,60.1,20.2,Current
808,LN100692,752,80400.0,2.5,MORTGAGE,credit_card,10000.0,36,Verified,0,10.8,10.38,Charged Off
809,LN101238,730,77200.0,16.1,RENT,debt_consolidation,3900.0,36,Verified,0,9.4,8.53,Fully Paid
810,LN102546,670,42800.0,4.2,MORTGAGE,debt_consolidation,12400.0,36,Not Verified,0,13.2,13.96,Fully Paid
811,LN101425,631,109200.0,7.3,MORTGAGE,debt_consolidation,5800.0,36,Not Verified,0,1.8,13.43,Current
812,LN100261,673,45400.0,14.2,MORTGAGE,major_purchase,7200.0,36,Source Verified,0,6.6,10.53,Fully Paid
813,LN104837,624,182200.0,1.5,RENT,debt_consolidation,6400.0,36,Source Verified,1,4.4,14.82,Charged Off
814,LN104461,687,66100.0,11.5,RENT,credit_card,9500.0,60,Source Verified,0,14.5,13.88,Charged Off
815,LN103521,693,34000.0,7.3,MORTGAGE,medical,11000.0,60,Not Verified,0,26.8,16.76,Fully Paid
816,LN101471,763,91800.0,4.5,MORTGAGE,debt_consolidation,12000.0,60,Source Verified,0,3.6,13.35,Current
817,LN100674,744,79600.0,4.7,RENT,debt_consolidation,10200.0,36,Source Verified,0,4.5,9.19,Fully Paid
818,LN103297,0,105000.0,6.0,MORTGAGE,major_purchase,9400.0,36,Source Verified,0,7.8,9.36,Fully Paid
819,LN104105,740,112800.0,22.0,MORTGAGE,small_business,14300.0,36,Source Verified,1,8.1,13.06,Charged Off
820,LN103299,700,31100.0,13.5,RENT,credit_card,14100.0,60,Source Verified,0,27.9,16.95,Fully Paid
821,LN103867,798,53400.0,13.3,RENT,other,6400.0,36,Source Verified,0,20.9,11.54,Charged Off
822,LN100041,725,71600.0,21.3,MORTGAGE,debt_consolidation,4400.0,36,Source Verified,0,5.2,9.36,Fully Paid
823,LN104124,739,-1.0,7.7,RENT,debt_consolidation,10100.0,36,Source Verified,0,0.0,10.38,Fully Paid
824,LN103155,640,-1.0,15.9,MORTGAGE,debt_consolidation,13400.0,36,Not Verified,0,0.0,12.55,Current
825,LN103141,850,48500.0,7.9,MORTGAGE,other,6800.0,36,Source Verified,1,3.4,6.93,Fully Paid
826,LN104255,754,50200.0,2.6,RENT,credit_card,4200.0,60,Source Verified,0,4.2,12.54,Fully Paid
827,LN101625,764,26600.0,4.9,MORTGAGE,small_business,6600.0,36,Source Verified,0,33.7,14.34,Charged Off
828,LN103701,632,44000.0,13.0,OWN,home_improvement,13900.0,60,Not Verified,0,22.1,12.58,Fully Paid
829,LN101156,690,40400.0,10.7,RENT,debt_consolidation,7400.0,36,Not Verified,0,15.9,12.88,Fully Paid
830,LN102405,583,22700.0,3.0,OWN,credit_card,13100.0,36,Verified,1,1.2,16.01,Current
831,LN103061,703,47300.0,99.0,OWN,medical,11300.0,36,Not Verified,1,4.5,10.99,Current
832,LN103156,850,32000.0,4.1,OWN,small_business,12800.0,36,Source Verified,0,25.0,11.81,Current
833,LN104236,703,-1.0,1.6,MORTGAGE,debt_consolidation,5900.0,36,Not Verified,1,0.0,12.38,Charged Off
834,LN103078,608,39500.0,7.9,OWN,debt_consolidation,6900.0,36,Verified,0,5.4,11.87,Charged Off
835,LN100551,726,48600.0,3.2,MORTGAGE,small_business,30300.0,36,Source Verified,0,0.9,12.02,Fully Paid
836,LN101733,596,40700.0,7.2,MORTGAGE,debt_consolidation,10500.0,36,Source Verified,2,30.1,14.22,Fully Paid
837,LN101784,735,238500.0,3.1,MORTGAGE,debt_consolidation,6900.0,60,Not Verified,0,3.7,11.36,Current
838,LN102941,772,36600.0,6.9,RENT,debt_consolidation,4200.0,36,Not Verified,0,5.1,10.68,Current
839,LN103392,0,102100.0,0.8,MORTGAGE,debt_consolidation,6800.0,60,Source Verified,0,13.3,14.91,Fully Paid
840,LN100130,665,77900.0,2.9,MORTGAGE,debt_consolidation,5600.0,36,Verified,1,6.7,11.55,Charged Off
841,LN101978,792,46000.0,1.8,MORTGAGE,small_business,3800.0,60,Source Verified,0,6.9,16.39,Fully Paid
842,LN105028,744,130600.0,10.9,RENT,other,14600.0,36,Verified,0,0.9,9.62,Fully Paid
843,LN103852,602,35400.0,4.0,OWN,small_business,7600.0,36,Source Verified,0,10.6,18.8,Fully Paid
844,LN102589,731,59300.0,5.7,MORTGAGE,small_business,22100.0,60,Not Verified,0,10.0,13.64,Current
845,LN101012,657,117000.0,7.5,RENT,debt_consolidation,14000.0,36,Verified,0,2.7,12.22,Fully Paid
846,LN104716,746,75900.0,7.8,OWN,home_improvement,9400.0,36,Source Verified,2,10.0,10.27,Charged Off
847,LN104309,535,-1.0,1.5,MORTGAGE,credit_card,6200.0,60,Not Verified,0,0.0,16.92,Charged Off
848,LN100756,630,47900.0,2.3,RENT,medical,15000.0,60,Verified,1,3.5,17.55,Fully Paid
849,LN103419,0,27600.0,6.6,MORTGAGE,credit_card,6900.0,36,Source Verified,1,16.3,16.34,Fully Paid
850,LN101833,717,74600.0,6.0,RENT,debt_consolidation,11500.0,36,Verified,0,7.8,12.3,Current
851,LN104007,721,41900.0,3.3,RENT,debt_consolidation,17200.0,36,Not Verified,0,11.1,13.71,Charged Off
852,LN101532,754,51200.0,4.8,MORTGAGE,credit_card,10600.0,36,Not Verified,1,21.0,9.02,Fully Paid
853,LN104140,681,25400.0,2.2,MORTGAGE,home_improvement,10600.0,60,Verified,0,24.6,15.07,Fully Paid
854,LN102025,594,48300.0,16.6,RENT,small_business,9600.0,36,Verified,0,19.3,14.12,Current
855,LN103090,770,74500.0,11.4,RENT,other,7300.0,36,Not Verified,0,2.4,10.72,Charged Off
856,LN101650,657,-1.0,7.5,RENT,credit_card,8300.0,36,Source Verified,0,0.0,14.37,Current
857,LN103099,728,-1.0,5.5,RENT,small_business,9900.0,36,Not Verified,0,0.0,15.85,Fully Paid
858,LN102616,690,56100.0,0.3,RENT,home_improvement,14800.0,36,Source Verified,0,18.5,12.03,Current
859,LN104314,688,72700.0,5.9,RENT,debt_consolidation,5800.0,36,Not Verified,1,9.4,11.92,Charged Off
860,LN104060,706,135700.0,7.9,OWN,home_improvement,9200.0,36,Not Verified,0,1.9,11.22,Fully Paid
861,LN102175,693,117400.0,1.3,MORTGAGE,debt_consolidation,9300.0,36,Not Verified,1,6.4,12.37,Fully Paid
862,LN104695,713,68500.0,2.8,RENT,debt_consolidation,13100.0,60,Source Verified,0,17.9,13.47,Current
863,LN103608,741,52200.0,13.3,MORTGAGE,credit_card,11600.0,60,Source Verified,0,10.6,16.44,Fully Paid
864,LN104621,687,38500.0,6.8,MORTGAGE,debt_consolidation,6100.0,36,Source Verified,0,34.4,12.2,Charged Off
865,LN104428,678,61200.0,7.4,MORTGAGE,credit_card,15700.0,36,Not Verified,1,5.6,15.88,Current
866,LN103029,708,38100.0,7.5,MORTGAGE,debt_consolidation,15400.0,36,Verified,2,31.2,12.28,Charged Off
867,LN103161,726,23000.0,99.0,MORTGAGE,debt_consolidation,12700.0,60,Not Verified,0,3.3,14.27,Fully Paid
868,LN103548,641,-1.0,6.3,RENT,debt_consolidation,10400.0,60,Not Verified,1,0.0,17.67,Fully Paid
869,LN101742,723,30100.0,3.3,OWN,debt_consolidation,7200.0,36,Source Verified,1,27.6,12.95,Fully Paid
870,LN104325,661,100300.0,2.8,RENT,credit_card,23200.0,36,Verified,2,10.1,13.66,Fully Paid
871,LN101223,741,24500.0,2.1,MORTGAGE,credit_card,7700.0,36,Verified,0,32.6,10.85,Charged Off
872,LN105005,587,-1.0,5.2,RENT,debt_consolidation,3900.0,36,Source Verified,1,0.0,13.94,Fully Paid
873,LN103527,604,52500.0,9.8,MORTGAGE,debt_consolidation,16600.0,60,Not Verified,1,9.6,18.38,Current
874,LN100776,619,50800.0,2.9,RENT,credit_card,4800.0,60,Not Verified,0,18.2,17.88,Fully Paid
875,LN103781,570,50000.0,99.0,MORTGAGE,medical,5700.0,36,Verified,1,7.0,14.93,Current
876,LN100897,634,74900.0,8.1,MORTGAGE,home_improvement,17500.0,36,Not Verified,0,4.9,10.64,Fully Paid
877,LN100376,677,20500.0,1.4,MORTGAGE,credit_card,9400.0,60,Verified,1,28.6,17.72,Charged Off
878,LN102398,648,-1.0,3.5,RENT,credit_card,7400.0,36,Source Verified,1,0.0,13.01,Fully Paid
879,LN102174,712,70800.0,16.1,RENT,small_business,3200.0,60,Verified,0,9.0,13.91,Current
880,LN101911,723,65500.0,7.9,MORTGAGE,debt_consolidation,19000.0,36,Source Verified,0,3.5,9.86,Charged Off
881,LN104892,618,54900.0,3.8,RENT,credit_card,11200.0,36,Verified,0,14.3,13.75,Charged Off
882,LN103897,806,42000.0,3.3,MORTGAGE,debt_consolidation,8100.0,36,Not Verified,0,16.8,10.63,Charged Off
883,LN101829,675,60700.0,8.0,MORTGAGE,small_business,14000.0,36,Source Verified,0,13.1,15.31,Current
884,LN100329,656,36500.0,3.4,MORTGAGE,credit_card,12300.0,36,Source Verified,0,18.3,15.15,Current
885,LN100394,736,38900.0,6.0,MORTGAGE,other,6700.0,60,Verified,1,4.7,12.41,Current
886,LN100987,712,37100.0,3.0,MORTGAGE,debt_consolidation,8200.0,36,Source Verified,1,11.8,11.09,Charged Off
887,LN104624,810,53700.0,9.8,MORTGAGE,home_improvement,17700.0,36,Source Verified,1,13.2,11.92,Fully Paid
888,LN102956,725,30300.0,1.6,OTHER,credit_card,6300.0,60,Verified,1,26.5,13.84,Fully Paid
889,LN103538,0,31000.0,1.4,MORTGAGE,small_business,5000.0,60,Not Verified,0,44.0,21.17,Charged Off
890,LN100418,686,-1.0,6.6,OWN,debt_consolidation,33100.0,60,Not Verified,0,0.0,13.65,Charged Off
891,LN101091,691,117600.0,2.7,RENT,credit_card,6700.0,60,Verified,0,3.7,17.05,Charged Off
892,LN103751,649,65500.0,6.9,MORTGAGE,debt_consolidation,11600.0,36,Not Verified,0,11.8,13.15,Charged Off
893,LN100275,715,128400.0,1.0,RENT,credit_card,15000.0,36,Source Verified,0,1.4,10.53,Current
894,LN104631,588,81800.0,7.9,MORTGAGE,other,12100.0,60,Not Verified,0,13.3,17.49,Charged Off
895,LN100758,732,57900.0,10.0,OWN,credit_card,24300.0,60,Verified,0,4.7,13.17,Fully Paid
896,LN104912,713,68800.0,6.6,RENT,debt_consolidation,22000.0,36,Source Verified,0,7.2,12.36,Fully Paid
897,LN102752,585,74700.0,4.1,RENT,home_improvement,15700.0,36,Not Verified,2,3.5,14.66,Charged Off
898,LN102612,651,49900.0,7.1,RENT,credit_card,8500.0,36,Verified,1,8.8,17.42,Fully Paid
899,LN100539,639,92400.0,3.6,MORTGAGE,debt_consolidation,13600.0,60,Not Verified,0,8.6,15.34,Fully Paid
900,LN101049,718,29100.0,4.7,MORTGAGE,credit_card,4800.0,36,Source Verified,0,11.0,10.8,Fully Paid
901,LN100463,555,48000.0,1.0,RENT,debt_consolidation,5700.0,36,Not Verified,0,12.3,16.38,Fully Paid
902,LN100328,614,45700.0,6.7,MORTGAGE,credit_card,7400.0,60,Verified,0,18.6,14.27,Fully Paid
903,LN102532,706,41100.0,5.0,MORTGAGE,debt_consolidation,4500.0,60,Source Verified,0,41.6,14.7,Fully Paid
904,LN102412,579,69500.0,5.5,RENT,credit_card,13700.0,60,Source Verified,2,15.8,20.34,Fully Paid
905,LN104079,657,34900.0,3.7,RENT,debt_consolidation,3200.0,36,Not Verified,0,9.4,9.94,Charged Off
906,LN104100,727,97700.0,2.9,MORTGAGE,debt_consolidation,33100.0,60,Source Verified,1,14.9,16.59,Charged Off
907,LN100502,643,76900.0,5.8,MORTGAGE,debt_consolidation,8500.0,36,Source Verified,0,9.0,12.36,Current
908,LN102719,619,59200.0,5.4,MORTGAGE,credit_card,10400.0,36,Verified,1,1.4,15.19,Charged Off
909,LN103552,0,84900.0,9.1,OWN,other,13900.0,36,Source Verified,0,1.1,13.25,Charged Off
910,LN104698,760,31800.0,9.0,RENT,debt_consolidation,4900.0,36,Verified,0,28.1,13.22,Current
911,LN104319,850,199700.0,1.7,RENT,home_improvement,10700.0,60,Not Verified,0,3.4,10.11,Fully Paid
912,LN100362,755,54000.0,3.8,RENT,debt_consolidation,2500.0,60,Verified,0,4.5,6.86,Fully Paid
913,LN100579,714,53700.0,4.8,MORTGAGE,other,15100.0,36,Verified,0,1.8,12.63,Charged Off
914,LN103445,669,46300.0,2.6,RENT,credit_card,5300.0,60,Verified,1,5.8,14.32,Fully Paid
915,LN101244,758,34400.0,12.0,MORTGAGE,small_business,3900.0,60,Source Verified,0,9.6,12.15,Fully Paid
916,LN104447,691,29600.0,3.6,MORTGAGE,credit_card,33100.0,36,Verified,0,8.1,15.41,Charged Off
917,LN101432,634,24500.0,5.7,MORTGAGE,debt_consolidation,9200.0,60,Verified,0,14.2,14.25,Current
918,LN104589,660,34200.0,8.8,MORTGAGE,credit_card,12700.0,36,Verified,0,19.4,13.31,Current
919,LN102171,620,105900.0,4.4,MORTGAGE,major_purchase,12700.0,36,Verified,1,13.3,10.63,Charged Off
920,LN100467,816,29800.0,2.5,MORTGAGE,small_business,19000.0,36,Source Verified,1,9.3,12.59,Current
921,LN100969,692,43200.0,1.2,MORTGAGE,home_improvement,12800.0,36,Verified,2,7.2,11.87,Fully Paid
922,LN103733,666,41600.0,4.8,OWN,credit_card,28500.0,36,Not Verified,1,23.6,17.43,Current
923,LN101619,0,47600.0,0.9,MORTGAGE,medical,6800.0,60,Source Verified,0,31.9,16.45,Charged Off
924,LN100247,809,99100.0,17.7,MORTGAGE,credit_card,10400.0,60,Verified,0,5.9,13.07,Fully Paid
925,LN101926,652,35400.0,14.1,MORTGAGE,debt_consolidation,13500.0,36,Verified,0,13.6,14.6,Current
926,LN105035,594,-1.0,7.1,MORTGAGE,credit_card,13400.0,36,Verified,1,0.0,14.65,Charged Off
927,LN104871,702,65900.0,7.9,MORTGAGE,credit_card,5400.0,36,Source Verified,0,2.9,10.99,Fully Paid
928,LN103951,845,55200.0,8.8,RENT,home_improvement,5400.0,36,Not Verified,0,13.8,8.77,Fully Paid
929,LN101334,717,106100.0,5.0,RENT,credit_card,14800.0,60,Verified,0,5.0,15.73,Current
930,LN104925,763,86700.0,11.0,OWN,credit_card,9100.0,60,Source Verified,0,2.9,13.55,Current
931,LN103928,597,68700.0,18.5,RENT,debt_consolidation,9000.0,36,Not Verified,1,5.1,15.07,Fully Paid
932,LN102991,796,82900.0,7.1,RENT,other,12600.0,36,Source Verified,0,5.7,11.72,Charged Off
933,LN101007,666,124400.0,1.9,RENT,debt_consolidation,7200.0,36,Not Verified,0,1.7,14.95,Current
934,LN100530,666,-1.0,2.7,RENT,small_business,9900.0,60,Source Verified,1,0.0,19.13,Fully Paid
935,LN103200,653,99800.0,17.3,RENT,other,6800.0,60,Source Verified,2,5.3,15.67,Current
936,LN102484,683,61300.0,5.7,OWN,debt_consolidation,6900.0,60,Verified,1,4.7,15.76,Fully Paid
937,LN100799,693,49400.0,2.2,RENT,debt_consolidation,6200.0,60,Source Verified,0,16.8,15.96,Current
938,LN100710,689,113500.0,17.3,RENT,major_purchase,12400.0,60,Source Verified,0,3.9,11.78,Fully Paid
939,LN102829,850,69300.0,7.0,OTHER,credit_card,10700.0,60,Verified,0,5.7,11.06,Charged Off
940,LN102816,595,39800.0,4.3,MORTGAGE,medical,9400.0,60,Source Verified,0,11.8,14.79,Charged Off
941,LN102147,751,20400.0,9.1,MORTGAGE,other,3900.0,36,Verified,0,65.0,13.73,Current
942,LN105018,613,29200.0,1.4,OWN,home_improvement,35200.0,36,Source Verified,1,26.0,16.08,Charged Off
943,LN102914,713,46400.0,8.9,MORTGAGE,medical,5600.0,60,Not Verified,1,12.1,12.89,Fully Paid
944,LN103563,679,69000.0,4.3,OTHER,other,11100.0,60,Source Verified,0,5.7,15.1,Fully Paid
945,LN101041,753,-1.0,5.0,OWN,home_improvement,4800.0,60,Verified,0,0.0,12.5,Charged Off
946,LN101751,650,50900.0,5.0,RENT,debt_consolidation,14000.0,60,Source Verified,0,9.1,16.34,Charged Off
947,LN104878,724,78100.0,6.2,OWN,other,10800.0,60,Verified,0,9.1,11.72,Current
948,LN105182,686,-1.0,10.9,MORTGAGE,debt_consolidation,16600.0,36,Verified,0,0.0,10.6,Charged Off
949,LN100414,671,51700.0,10.2,OTHER,home_improvement,8800.0,36,Source Verified,0,2.7,13.02,Fully Paid
950,LN100457,635,66800.0,5.0,MORTGAGE,home_improvement,10700.0,36,Verified,0,3.6,12.32,Charged Off
951,LN104061,759,34500.0,1.2,MORTGAGE,home_improvement,14300.0,36,Not Verified,0,28.2,11.13,Fully Paid
952,LN104781,770,65900.0,1.8,RENT,debt_consolidation,8800.0,60,Verified,1,5.8,11.58,Charged Off
953,LN101346,711,38000.0,18.9,MORTGAGE,home_improvement,5800.0,60,Verified,0,14.2,11.23,Charged Off
954,LN102367,665,58500.0,4.8,RENT,debt_consolidation,17800.0,60,Verified,1,4.1,16.68,Fully Paid
955,LN102734,688,66500.0,6.9,MORTGAGE,debt_consolidation,14600.0,36,Verified,0,34.8,9.38,Charged Off
956,LN101852,671,96800.0,3.5,OWN,credit_card,12100.0,36,Verified,0,4.5,13.89,Fully Paid
957,LN102764,655,29500.0,4.2,MORTGAGE,small_business,5700.0,36,Not Verified,0,25.8,16.18,Current
958,LN105199,676,77300.0,99.0,MORTGAGE,debt_consolidation,6700.0,36,Source Verified,0,11.1,11.65,Fully Paid
959,LN100832,617,60100.0,1.9,MORTGAGE,debt_consolidation,8400.0,60,Verified,0,3.5,13.0,Current
960,LN100981,591,23700.0,9.5,MORTGAGE,medical,4500.0,36,Not Verified,1,13.0,15.66,Charged Off
961,LN104516,743,38000.0,13.1,MORTGAGE,debt_consolidation,10000.0,60,Not Verified,1,14.0,16.47,Charged Off
962,LN105192,711,-1.0,2.0,MORTGAGE,other,6700.0,60,Source Verified,0,0.0,12.07,Current
963,LN102263,677,78800.0,3.3,OWN,home_improvement,8800.0,36,Not Verified,0,0.4,8.91,Fully Paid
964,LN101720,758,92200.0,25.9,RENT,medical,4900.0,60,Verified,0,7.2,10.88,Fully Paid
965,LN100137,744,18800.0,4.2,RENT,home_improvement,5100.0,36,Verified,0,11.4,11.39,Charged Off
966,LN101134,679,-1.0,2.0,OWN,credit_card,5000.0,60,Not Verified,0,0.0,14.96,Charged Off
967,LN104522,681,33900.0,1.2,OTHER,debt_consolidation,9900.0,60,Not Verified,0,24.3,19.17,Fully Paid
968,LN101551,643,76300.0,15.1,RENT,credit_card,10700.0,36,Not Verified,0,21.2,14.44,Fully Paid
969,LN102418,730,48600.0,6.7,MORTGAGE,debt_consolidation,3600.0,60,Source Verified,0,8.2,12.31,Current
970,LN104762,710,78500.0,4.5,MORTGAGE,home_improvement,18900.0,60,Verified,0,9.1,14.08,Current
971,LN100778,694,80900.0,0.9,OWN,debt_consolidation,13800.0,60,Source Verified,0,11.7,14.29,Charged Off
972,LN103176,746,72500.0,6.0,MORTGAGE,small_business,8900.0,36,Not Verified,1,3.3,12.07,Current
973,LN101371,744,19100.0,10.2,MORTGAGE,debt_consolidation,6800.0,60,Not Verified,0,1.9,12.75,Current
974,LN103898,649,71900.0,5.5,MORTGAGE,debt_consolidation,10600.0,36,Source Verified,0,14.6,12.47,Fully Paid
975,LN101525,760,57200.0,2.5,OTHER,debt_consolidation,9300.0,36,Source Verified,1,6.5,11.6,Current
976,LN100670,741,29700.0,1.2,RENT,major_purchase,34500.0,60,Not Verified,0,2.9,13.41,Charged Off
977,LN104304,691,46500.0,5.9,MORTGAGE,credit_card,6700.0,36,Source Verified,0,3.8,10.68,Fully Paid
978,LN105004,705,86000.0,2.0,MORTGAGE,major_purchase,27200.0,60,Verified,1,7.9,14.21,Fully Paid
979,LN103008,672,80300.0,5.5,MORTGAGE,home_improvement,14900.0,60,Verified,0,9.1,12.48,Fully Paid
980,LN100945,667,42100.0,4.0,RENT,small_business,22900.0,36,Source Verified,0,7.7,16.26,Fully Paid
981,LN105011,607,115500.0,6.2,MORTGAGE,debt_consolidation,26700.0,36,Source Verified,0,7.3,12.78,Charged Off
982,LN104321,697,42200.0,5.0,RENT,debt_consolidation,5500.0,36,Verified,0,2.7,12.09,Charged Off
983,LN102262,0,98400.0,6.2,OWN,debt_consolidation,16000.0,36,Not Verified,0,4.8,13.77,Charged Off
984,LN102999,668,30600.0,2.1,MORTGAGE,other,12100.0,36,Not Verified,0,8.3,12.39,Charged Off
985,LN103205,668,43400.0,4.6,OWN,debt_consolidation,10000.0,36,Not Verified,0,5.2,11.78,Current
986,LN104830,604,31800.0,3.0,RENT,debt_consolidation,7000.0,36,Verified,1,19.1,16.57,Current
987,LN100913,650,90100.0,7.2,MORTGAGE,credit_card,8800.0,60,Not Verified,0,6.9,13.37,Fully Paid
988,LN102854,637,35900.0,2.3,RENT,home_improvement,12400.0,60,Source Verified,0,17.2,15.66,Fully Paid
989,LN104957,552,40400.0,9.5,MORTGAGE,debt_consolidation,12600.0,36,Verified,0,23.2,13.68,Charged Off
990,LN102224,619,99200.0,1.7,RENT,debt_consolidation,8400.0,36,Verified,0,12.5,15.67,Current
991,LN104927,711,36700.0,10.9,OTHER,debt_consolidation,9700.0,36,Source Verified,0,11.4,11.67,Fully Paid
992,LN105172,662,42300.0,7.6,RENT,major_purchase,24000.0,60,Verified,1,16.3,14.6,Charged Off
993,LN104218,802,48600.0,16.6,MORTGAGE,debt_consolidation,10500.0,36,Source Verified,0,16.3,11.36,Current
994,LN104417,710,92200.0,1.7,MORTGAGE,debt_consolidation,11300.0,36,Verified,1,4.3,11.5,Charged Off
995,LN104386,672,122600.0,18.9,OWN,debt_consolidation,17600.0,36,Verified,0,7.8,10.69,Current
996,LN100266,700,169500.0,3.7,OWN,home_improvement,3100.0,36,Source Verified,0,10.0,10.6,Fully Paid
997,LN101146,721,95100.0,4.6,MORTGAGE,credit_card,8400.0,60,Verified,1,17.0,13.74,Charged Off
998,LN103071,0,68800.0,2.2,MORTGAGE,debt_consolidation,12700.0,36,Verified,0,11.6,15.29,Charged Off
999,LN100881,752,48700.0,2.7,MORTGAGE,major_purchase,8000.0,36,Verified,0,4.8,8.65,Fully Paid
1000,LN101524,662,54200.0,9.4,MORTGAGE,credit_card,10600.0,36,Source Verified,0,5.6,11.07,Charged Off
1001,LN104193,625,25800.0,3.0,MORTGAGE,major_purchase,3600.0,36,Not Verified,0,14.5,11.32,Current
1002,LN100684,662,37700.0,3.8,RENT,credit_card,9000.0,60,Not Verified,0,7.2,15.52,Charged Off
1003,LN102823,623,50400.0,2.3,MORTGAGE,debt_consolidation,9000.0,60,Verified,0,0.6,15.51,Charged Off
1004,LN101321,654,40600.0,2.9,OWN,medical,30900.0,60,Not Verified,0,6.1,18.21,Current
1005,LN101910,639,69500.0,9.3,MORTGAGE,credit_card,4900.0,36,Source Verified,0,17.7,15.23,Current
1006,LN101523,678,43500.0,2.3,MORTGAGE,home_improvement,14900.0,36,Source Verified,0,17.6,11.69,Current
1007,LN101280,768,56100.0,5.3,MORTGAGE,major_purchase,28900.0,60,Source Verified,1,3.2,13.51,Charged Off
1008,LN100972,705,51300.0,2.6,RENT,debt_consolidation,8000.0,36,Not Verified,1,11.1,13.75,Fully Paid
1009,LN100071,616,40900.0,3.1,RENT,credit_card,7800.0,60,Source Verified,0,5.1,19.06,Current
1010,LN101381,504,73400.0,0.9,MORTGAGE,credit_card,13700.0,60,Verified,0,9.8,18.43,Charged Off
1011,LN100124,744,80700.0,5.2,MORTGAGE,other,15500.0,60,Not Verified,0,2.9,13.7,Fully Paid
1012,LN102434,674,46600.0,9.5,MORTGAGE,credit_card,8200.0,36,Verified,0,35.0,9.24,Charged Off
1013,LN104751,706,23000.0,5.1,MORTGAGE,other,7200.0,36,Not Verified,0,14.0,13.29,Current
1014,LN104699,691,53900.0,3.4,RENT,credit_card,9500.0,60,Not Verified,0,10.7,16.01,Fully Paid
1015,LN102373,794,105900.0,5.6,RENT,small_business,12300.0,36,Not Verified,0,18.3,11.72,Charged Off
1016,LN100085,722,67400.0,14.1,OWN,credit_card,13800.0,36,Verified,0,15.6,12.23,Charged Off
1017,LN103211,686,36200.0,1.1,MORTGAGE,medical,3900.0,36,Not Verified,1,7.5,13.01,Current
1018,LN103569,745,62300.0,14.0,OWN,other,14600.0,60,Verified,0,10.1,14.39,Charged Off
1019,LN102423,662,33300.0,4.3,RENT,home_improvement,17000.0,36,Verified,0,19.8,11.85,Current
1020,LN100075,735,151700.0,6.7,RENT,small_business,25500.0,36,Not Verified,0,1.0,12.29,Current
1021,LN102312,779,51000.0,5.0,RENT,debt_consolidation,18500.0,36,Verified,0,23.3,12.92,Charged Off
1022,LN104112,648,49800.0,5.7,OWN,debt_consolidation,6300.0,36,Not Verified,0,14.2,12.72,Current
1023,LN105193,727,75300.0,4.1,RENT,debt_consolidation,18200.0,36,Not Verified,1,18.9,14.83,Charged Off
1024,LN102815,655,45000.0,12.5,RENT,credit_card,5300.0,36,Source Verified,1,5.8,13.8,Current
1025,LN101633,689,75600.0,14.4,MORTGAGE,small_business,4300.0,36,Verified,0,3.4,14.34,Fully Paid
1026,LN104139,710,56900.0,5.3,MORTGAGE,debt_consolidation,14900.0,36,Verified,0,2.2,12.28,Fully Paid
1027,LN102116,694,59100.0,8.8,MORTGAGE,major_purchase,4200.0,60,Verified,0,13.1,14.19,Current
1028,LN105168,756,64000.0,10.2,RENT,home_improvement,6100.0,60,Source Verified,0,2.0,7.95,Fully Paid
1029,LN105091,721,76500.0,9.3,MORTGAGE,home_improvement,19300.0,36,Verified,1,5.9,12.16,Fully Paid
1030,LN101632,699,32800.0,4.6,MORTGAGE,credit_card,9700.0,36,Verified,0,7.8,11.52,Current
1031,LN104917,687,44600.0,3.3,MORTGAGE,credit_card,14000.0,36,Verified,0,13.3,13.71,Charged Off
1032,LN100182,663,36200.0,20.2,RENT,debt_consolidation,9300.0,36,Verified,0,46.0,15.55,Fully Paid
1033,LN101375,714,24900.0,99.0,MORTGAGE,other,7200.0,60,Source Verified,1,33.4,18.43,Charged Off
1034,LN102872,620,70200.0,3.5,MORTGAGE,debt_consolidation,13200.0,60,Source Verified,0,5.3,15.38,Charged Off
1035,LN100259,601,104100.0,0.4,RENT,credit_card,11500.0,36,Verified,0,5.8,14.77,Charged Off
1036,LN100680,743,47300.0,2.0,RENT,debt_consolidation,6300.0,60,Not Verified,0,5.8,15.95,Fully Paid
1037,LN104262,660,71600.0,18.5,RENT,credit_card,12100.0,36,Verified,0,9.9,12.05,Charged Off
1038,LN101856,679,47300.0,6.3,MORTGAGE,debt_consolidation,5800.0,36,Not Verified,0,18.4,11.57,Charged Off
1039,LN104973,512,46100.0,2.6,OWN,home_improvement,8700.0,60,Source Verified,0,6.1,16.15,Charged Off
1040,LN100081,647,40000.0,5.4,MORTGAGE,debt_consolidation,15800.0,60,Verified,0,15.7,14.74,Current
1041,LN100565,738,47500.0,1.9,RENT,home_improvement,6300.0,36,Verified,0,6.7,7.77,Charged Off
1042,LN102778,720,30200.0,3.6,MORTGAGE,other,10000.0,36,Source Verified,0,46.9,14.94,Charged Off
1043,LN104997,741,23800.0,11.2,MORTGAGE,credit_card,19800.0,36,Verified,0,11.8,10.76,Fully Paid
1044,LN103467,567,65400.0,6.2,RENT,home_improvement,8800.0,36,Source Verified,0,22.3,14.28,Charged Off
1045,LN102696,722,64100.0,1.3,MORTGAGE,debt_consolidation,7900.0,36,Source Verified,0,20.9,11.76,Fully Paid
1046,LN100887,662,53400.0,19.7,RENT,major_purchase,6700.0,36,Not Verified,0,8.1,12.56,Fully Paid
1047,LN101308,509,16000.0,4.6,MORTGAGE,home_improvement,23100.0,36,Source Verified,0,29.5,18.02,Current
1048,LN102411,792,53300.0,3.0,RENT,major_purchase,4600.0,36,Not Verified,0,4.9,8.59,Fully Paid
1049,LN104605,702,24500.0,1.3,MORTGAGE,debt_consolidation,8300.0,60,Verified,0,23.8,14.55,Current
1050,LN104399,608,72400.0,11.5,MORTGAGE,credit_card,5700.0,36,Not Verified,2,4.8,13.86,Fully Paid
1051,LN103204,718,51100.0,1.5,OWN,home_improvement,10000.0,60,Not Verified,0,7.4,13.54,Charged Off
1052,LN102876,604,66400.0,4.2,MORTGAGE,medical,10700.0,36,Not Verified,2,8.1,14.84,Charged Off
1053,LN104323,698,75200.0,20.4,MORTGAGE,debt_consolidation,8100.0,60,Verified,1,5.2,12.26,Fully Paid
1054,LN104359,817,49100.0,0.7,OWN,debt_consolidation,8600.0,60,Source Verified,0,2.6,12.06,Fully Paid
1055,LN104657,695,49700.0,23.4,RENT,major_purchase,6300.0,36,Source Verified,2,15.7,12.23,Current
1056,LN103581,824,87100.0,7.8,MORTGAGE,debt_consolidation,11200.0,36,Verified,0,10.7,6.93,Fully Paid
1057,LN100309,803,61600.0,4.3,OWN,debt_consolidation,35400.0,60,Not Verified,0,6.4,13.29,Fully Paid
1058,LN104811,665,35100.0,5.7,MORTGAGE,debt_consolidation,7200.0,60,Verified,1,6.2,11.15,Charged Off
1059,LN100558,609,70200.0,5.6,RENT,credit_card,2300.0,36,Not Verified,0,6.8,13.95,Fully Paid
1060,LN102728,810,94000.0,1.4,MORTGAGE,small_business,5100.0,36,Source Verified,2,2.2,15.13,Charged Off
1061,LN100269,690,25400.0,5.7,RENT,credit_card,11400.0,36,Source Verified,0,12.2,11.88,Fully Paid
1062,LN100511,671,25800.0,4.1,RENT,debt_consolidation,22100.0,60,Verified,1,13.0,14.17,Current
1063,LN100484,686,53300.0,13.0,MORTGAGE,debt_consolidation,13900.0,36,Not Verified,1,15.9,13.6,Fully Paid
1064,LN101336,720,48400.0,9.1,RENT,credit_card,4700.0,36,Source Verified,1,16.3,13.07,Fully Paid
1065,LN102134,0,49300.0,4.9,RENT,debt_consolidation,12400.0,36,Verified,0,3.0,14.89,Charged Off
1066,LN104617,625,88200.0,4.2,MORTGAGE,debt_consolidation,40000.0,36,Verified,0,13.0,12.39,Charged Off
1067,LN100951,719,139200.0,6.4,MORTGAGE,debt_consolidation,10200.0,60,Not Verified,0,3.3,13.31,Current
1068,LN100636,678,20800.0,3.7,MORTGAGE,debt_consolidation,18600.0,36,Source Verified,2,37.0,16.0,Fully Paid
1069,LN103490,611,-1.0,5.7,MORTGAGE,home_improvement,13400.0,36,Source Verified,1,0.0,12.79,Fully Paid
1070,LN100370,691,58000.0,2.5,RENT,debt_consolidation,20000.0,60,Source Verified,0,4.0,17.08,Fully Paid
1071,LN102006,684,42000.0,2.3,OTHER,credit_card,28900.0,60,Source Verified,0,10.3,16.63,Current
1072,LN102389,687,66000.0,10.0,MORTGAGE,credit_card,8000.0,60,Verified,0,9.1,14.76,Current
1073,LN103950,643,40800.0,2.9,MORTGAGE,major_purchase,4800.0,36,Source Verified,1,1.9,11.67,Charged Off
1074,LN100116,705,47400.0,6.3,RENT,debt_consolidation,5300.0,36,Source Verified,1,7.1,12.71,Charged Off
1075,LN101257,687,33300.0,10.1,MORTGAGE,major_purchase,15600.0,60,Verified,0,14.3,15.73,Charged Off
1076,LN102626,778,33500.0,3.7,OWN,major_purchase,22200.0,60,Source Verified,1,14.3,13.62,Current
1077,LN104278,665,58500.0,5.1,MORTGAGE,credit_card,10000.0,36,Not Verified,0,2.0,10.12,Fully Paid
1078,LN103831,829,36300.0,7.8,OTHER,credit_card,8200.0,60,Source Verified,0,7.4,14.37,Current
1079,LN100922,698,75700.0,10.8,RENT,credit_card,6900.0,36,Verified,0,1.5,11.17,Fully Paid
1080,LN101746,652,94600.0,19.7,MORTGAGE,debt_consolidation,7300.0,36,Verified,0,7.8,10.1,Fully Paid
1081,LN102732,802,-1.0,3.0,OWN,home_improvement,19900.0,36,Source Verified,0,0.0,8.22,Fully Paid
1082,LN100408,560,41400.0,4.2,RENT,credit_card,10900.0,36,Not Verified,0,13.7,16.5,Fully Paid
1083,LN103958,649,34200.0,19.1,RENT,major_purchase,7800.0,60,Verified,0,10.3,16.93,Charged Off
1084,LN103258,633,43200.0,11.3,MORTGAGE,debt_consolidation,12100.0,36,Not Verified,1,34.7,16.83,Fully Paid
1085,LN103966,625,77600.0,7.2,MORTGAGE,home_improvement,12100.0,36,Source Verified,0,6.1,12.28,Fully Paid
1086,LN104070,676,32000.0,7.2,MORTGAGE,debt_consolidation,8400.0,36,Verified,0,7.7,13.51,Charged Off
1087,LN100224,0,37000.0,7.5,MORTGAGE,home_improvement,5400.0,36,Verified,0,8.2,13.49,Fully Paid
1088,LN105143,760,50100.0,9.9,MORTGAGE,debt_consolidation,13000.0,60,Source Verified,0,18.4,13.54,Charged Off
1089,LN104486,800,48700.0,2.2,MORTGAGE,medical,5900.0,60,Source Verified,0,8.8,10.96,Charged Off
1090,LN102085,741,91900.0,6.2,OWN,debt_consolidation,12900.0,36,Source Verified,0,5.7,11.13,Fully Paid
1091,LN103019,557,101000.0,6.9,RENT,credit_card,16000.0,36,Verified,1,1.2,14.57,Current
1092,LN104890,726,91600.0,6.2,RENT,home_improvement,12000.0,60,Not Verified,0,13.8,14.44,Charged Off
1093,LN104110,726,28400.0,8.8,RENT,debt_consolidation,5800.0,60,Source Verified,0,35.3,13.57,Charged Off
1094,LN103525,792,37800.0,1.2,RENT,debt_consolidation,17900.0,36,Source Verified,0,31.6,12.72,Current
1095,LN103363,630,102600.0,4.9,RENT,debt_consolidation,7200.0,36,Source Verified,0,5.9,11.25,Current
1096,LN101594,715,100900.0,8.8,OWN,major_purchase,9900.0,60,Source Verified,0,4.3,14.63,Charged Off
1097,LN103307,736,61800.0,5.5,RENT,medical,11000.0,60,Source Verified,2,22.3,13.91,Charged Off
1098,LN100632,664,50400.0,7.8,MORTGAGE,medical,9400.0,60,Verified,0,10.7,16.51,Charged Off
1099,LN104400,687,31200.0,4.5,MORTGAGE,debt_consolidation,7800.0,36,Verified,0,2.1,10.55,Fully Paid
1100,LN102663,597,90900.0,2.3,RENT,debt_consolidation,11200.0,36,Verified,0,3.3,11.51,Fully Paid
1101,LN100633,564,43600.0,5.7,RENT,credit_card,13400.0,60,Source Verified,2,11.1,19.96,Current
1102,LN105034,756,58300.0,6.2,MORTGAGE,small_business,2900.0,36,Source Verified,0,12.9,7.5,Current
1103,LN105079,645,40100.0,4.7,MORTGAGE,debt_consolidation,31300.0,36,Verified,1,24.4,17.06,Charged Off
1104,LN100039,732,37300.0,3.5,MORTGAGE,debt_consolidation,17900.0,60,Source Verified,0,4.6,11.76,Fully Paid
1105,LN103119,609,106500.0,3.3,OWN,major_purchase,9300.0,60,Not Verified,0,5.3,12.08,Charged Off
1106,LN101191,755,53200.0,2.8,RENT,other,6600.0,36,Not Verified,0,4.9,11.51,Fully Paid
1107,LN102576,637,42500.0,10.8,MORTGAGE,credit_card,6400.0,36,Verified,0,4.1,13.85,Charged Off
1108,LN101206,644,54000.0,6.1,OWN,debt_consolidation,14700.0,36,Source Verified,0,8.7,15.23,Current
1109,LN102994,658,37100.0,3.6,MORTGAGE,debt_consolidation,9600.0,60,Source Verified,0,37.7,14.51,Fully Paid
1110,LN103302,751,32600.0,4.6,OWN,home_improvement,9900.0,36,Source Verified,0,16.5,9.35,Fully Paid
1111,LN101601,764,53200.0,6.7,MORTGAGE,credit_card,24600.0,36,Source Verified,0,4.2,12.35,Fully Paid
1112,LN103168,630,54000.0,1.4,MORTGAGE,debt_consolidation,20800.0,36,Source Verified,0,43.2,15.42,Current
1113,LN102320,717,54800.0,3.4,MORTGAGE,other,5400.0,36,Verified,1,16.0,13.22,Current
1114,LN103369,698,46800.0,5.8,OWN,debt_consolidation,14900.0,36,Verified,0,9.5,11.18,Charged Off
1115,LN102695,752,85100.0,4.0,RENT,debt_consolidation,14600.0,36,Source Verified,0,7.6,11.04,Charged Off
1116,LN101780,743,46300.0,13.0,RENT,credit_card,16200.0,36,Verified,0,12.1,12.92,Fully Paid
1117,LN102661,644,91100.0,15.2,MORTGAGE,medical,11100.0,36,Source Verified,1,5.6,12.75,Fully Paid
1118,LN103212,736,57300.0,5.4,MORTGAGE,credit_card,30200.0,36,Not Verified,0,16.1,14.9,Current
1119,LN100528,707,-1.0,6.4,MORTGAGE,debt_consolidation,10700.0,60,Verified,0,0.0,10.92,Current
1120,LN104022,0,40000.0,3.2,RENT,other,6600.0,36,Not Verified,0,4.2,14.57,Current
1121,LN100421,636,62500.0,17.3,RENT,home_improvement,4300.0,60,Source Verified,0,8.4,14.12,Current
1122,LN102036,660,31100.0,2.2,OWN,debt_consolidation,7400.0,36,Verified,0,31.6,13.29,Current
1123,LN100652,798,34500.0,3.4,MORTGAGE,debt_consolidation,6800.0,60,Source Verified,1,14.5,14.42,Current
1124,LN102596,770,-1.0,13.6,OWN,home_improvement,9300.0,36,Verified,0,0.0,7.16,Current
1125,LN102446,666,69800.0,2.5,MORTGAGE,debt_consolidation,11400.0,60,Source Verified,1,1.8,13.94,Fully Paid
1126,LN103443,666,91200.0,8.2,MORTGAGE,credit_card,10100.0,36,Verified,1,2.1,11.83,Current
1127,LN103251,687,33000.0,5.0,MORTGAGE,debt_consolidation,4200.0,36,Verified,0,17.0,14.38,Fully Paid
1128,LN103879,709,20000.0,7.4,MORTGAGE,home_improvement,3700.0,36,Verified,0,29.0,12.08,Fully Paid
1129,LN100028,717,40100.0,4.8,RENT,debt_consolidation,10700.0,36,Source Verified,0,23.4,12.64,Fully Paid
1130,LN103577,702,28600.0,3.5,MORTGAGE,major_purchase,13700.0,36,Source Verified,0,8.3,12.56,Charged Off
1131,LN104059,684,27400.0,31.2,MORTGAGE,other,27800.0,36,Verified,1,9.6,12.31,Fully Paid
1132,LN100921,634,51300.0,0.7,RENT,credit_card,2400.0,36,Not Verified,0,9.6,14.82,Charged Off
1133,LN103935,704,54100.0,3.0,RENT,credit_card,12400.0,60,Source Verified,1,19.6,15.74,Current
1134,LN101042,735,91600.0,3.0,RENT,credit_card,24400.0,36,Verified,1,4.9,12.94,Current
1135,LN101586,538,37300.0,1.3,RENT,small_business,12800.0,60,Source Verified,1,24.8,20.98,Fully Paid
1136,LN102679,720,59400.0,1.8,MORTGAGE,small_business,10500.0,36,Not Verified,0,2.4,13.62,Fully Paid
1137,LN101544,779,34000.0,5.4,MORTGAGE,debt_consolidation,9700.0,60,Verified,0,21.7,11.43,Fully Paid
1138,LN104775,736,100800.0,4.1,MORTGAGE,major_purchase,10800.0,36,Source Verified,1,7.7,9.54,Fully Paid
1139,LN103901,733,30700.0,10.5,MORTGAGE,small_business,15500.0,60,Source Verified,0,8.8,15.03,Charged Off
1140,LN100950,578,84600.0,8.9,MORTGAGE,debt_consolidation,12700.0,36,Verified,1,4.8,16.42,Fully Paid
1141,LN104642,747,52700.0,1.6,OTHER,credit_card,21200.0,36,Not Verified,0,19.2,14.48,Charged Off
1142,LN101272,666,68100.0,7.3,RENT,small_business,7800.0,36,Not Verified,0,2.1,13.99,Fully Paid
1143,LN103021,0,82000.0,20.1,MORTGAGE,debt_consolidation,5400.0,36,Source Verified,0,7.3,11.56,Charged Off
1144,LN102047,722,108700.0,7.7,RENT,medical,10200.0,36,Not Verified,0,1.8,10.18,Charged Off
1145,LN102564,764,70400.0,10.0,MORTGAGE,major_purchase,13800.0,36,Verified,0,9.7,10.95,Fully Paid
1146,LN102067,688,50700.0,11.3,RENT,debt_consolidation,3700.0,36,Not Verified,0,16.1,11.42,Fully Paid
1147,LN100765,574,44500.0,2.9,OWN,debt_consolidation,2900.0,36,Source Verified,0,23.0,14.32,Current
1148,LN101174,684,96000.0,12.3,MORTGAGE,credit_card,8200.0,36,Verified,0,4.9,11.3,Fully Paid
1149,LN103822,686,52700.0,8.0,OWN,medical,13000.0,60,Not Verified,0,1.8,14.64,Fully Paid
1150,LN101774,763,38300.0,4.8,RENT,debt_consolidation,12800.0,60,Verified,0,8.4,13.53,Fully Paid
1151,LN100440,678,34600.0,5.0,MORTGAGE,major_purchase,7600.0,36,Verified,0,44.0,14.54,Fully Paid
1152,LN103234,658,74400.0,1.5,RENT,major_purchase,6300.0,60,Source Verified,1,16.4,14.33,Current
1153,LN100596,656,19500.0,6.0,MORTGAGE,small_business,6500.0,36,Not Verified,0,33.7,16.03,Charged Off
1154,LN101765,681,-1.0,5.9,MORTGAGE,major_purchase,32500.0,60,Source Verified,0,0.0,14.68,Current
1155,LN100863,695,40200.0,19.8,MORTGAGE,credit_card,10700.0,60,Verified,0,5.7,16.32,Charged Off
1156,LN100936,615,42400.0,5.3,RENT,debt_consolidation,6700.0,36,Source Verified,1,11.9,15.16,Current
1157,LN103091,647,76500.0,2.7,RENT,small_business,7700.0,36,Source Verified,0,7.5,14.65,Fully Paid
1158,LN104916,578,43300.0,0.3,MORTGAGE,debt_consolidation,15800.0,60,Verified,0,2.8,15.66,Fully Paid
1159,LN101653,665,26600.0,4.8,RENT,debt_consolidation,9700.0,60,Not Verified,0,8.5,14.32,Current
1160,LN104267,712,59600.0,5.9,MORTGAGE,credit_card,31000.0,36,Verified,0,13.6,13.71,Fully Paid
1161,LN102668,689,75800.0,5.6,OWN,debt_consolidation,5000.0,36,Source Verified,0,3.7,11.89,Charged Off
1162,LN104834,585,52300.0,6.3,MORTGAGE,small_business,11000.0,36,Source Verified,1,4.0,17.85,Current
1163,LN104077,659,35000.0,1.5,OWN,credit_card,31600.0,36,Not Verified,0,19.4,16.27,Charged Off
1164,LN101317,714,68300.0,9.2,RENT,home_improvement,5300.0,60,Verified,0,6.3,12.36,Fully Paid
1165,LN100325,738,79400.0,7.1,MORTGAGE,small_business,4800.0,36,Source Verified,0,1.8,8.78,Charged Off
1166,LN102021,639,39100.0,15.9,RENT,debt_consolidation,5800.0,36,Verified,0,23.3,13.81,Fully Paid
1167,LN101024,0,62700.0,2.9,RENT,other,17400.0,60,Verified,1,6.5,17.97,Fully Paid
1168,LN105126,721,61400.0,7.8,MORTGAGE,debt_consolidation,4800.0,36,Verified,0,7.4,10.99,Fully Paid
1169,LN103007,759,47400.0,5.2,RENT,debt_consolidation,40000.0,36,Verified,1,6.6,11.94,Fully Paid
1170,LN101559,681,141800.0,2.1,RENT,debt_consolidation,18400.0,60,Not Verified,0,2.1,17.07,Charged Off
1171,LN101773,801,37800.0,6.6,RENT,debt_consolidation,5300.0,36,Source Verified,1,7.7,10.92,Fully Paid
1172,LN100529,792,52700.0,3.8,RENT,debt_consolidation,13200.0,36,Verified,1,6.9,12.08,Charged Off
1173,LN104722,687,118000.0,11.3,RENT,home_improvement,13300.0,60,Verified,0,1.0,13.69,Fully Paid
1174,LN100572,707,51700.0,1.7,MORTGAGE,debt_consolidation,12900.0,36,Verified,2,4.6,13.57,Charged Off
1175,LN103729,706,125900.0,8.1,RENT,debt_consolidation,7600.0,36,Not Verified,1,7.8,13.24,Charged Off
1176,LN103501,776,28600.0,1.8,MORTGAGE,debt_consolidation,8600.0,36,Source Verified,0,27.2,9.86,Charged Off
1177,LN102874,698,40000.0,2.9,MORTGAGE,other,7100.0,36,Source Verified,0,9.5,14.37,Fully Paid
1178,LN103555,674,23300.0,0.9,OWN,major_purchase,8600.0,60,Source Verified,1,4.3,17.4,Current
1179,LN100796,755,40600.0,1.6,OWN,medical,15400.0,60,Verified,1,10.4,14.13,Current
1180,LN102026,727,52500.0,2.6,MORTGAGE,other,7700.0,36,Verified,1,10.0,14.97,Current
1181,LN103882,711,-1.0,0.1,MORTGAGE,other,8700.0,36,Source Verified,0,0.0,10.44,Fully Paid
1182,LN102910,658,55100.0,8.6,RENT,credit_card,16200.0,36,Verified,0,18.3,14.28,Current
1183,LN100480,705,50100.0,5.1,RENT,credit_card,10800.0,36,Verified,0,0.6,14.99,Current
1184,LN105036,736,81600.0,4.6,MORTGAGE,major_purchase,11400.0,36,Source Verified,1,7.6,9.3,Current
1185,LN101431,630,32900.0,11.1,MORTGAGE,other,21000.0,36,Verified,1,33.2,17.25,Charged Off
1186,LN104864,633,66600.0,0.5,OWN,debt_consolidation,23800.0,36,Not Verified,1,14.3,15.0,Fully Paid
1187,LN103820,752,156500.0,6.1,OWN,debt_consolidation,18500.0,36,Not Verified,0,7.9,10.23,Fully Paid
1188,LN103584,710,99400.0,1.0,RENT,other,12200.0,36,Verified,0,2.3,12.64,Fully Paid
1189,LN102760,645,75100.0,3.0,OWN,credit_card,14500.0,36,Not Verified,2,4.2,14.28,Fully Paid
1190,LN103506,678,107800.0,3.2,MORTGAGE,credit_card,18800.0,36,Not Verified,1,11.4,12.9,Current
1191,LN104982,579,-1.0,7.1,MORTGAGE,home_improvement,20900.0,36,Source Verified,0,0.0,15.45,Fully Paid
1192,LN104177,712,27100.0,2.5,MORTGAGE,major_purchase,20200.0,60,Source Verified,0,2.2,15.08,Charged Off
1193,LN104368,681,21500.0,26.8,OWN,credit_card,10400.0,60,Verified,0,20.6,14.88,Fully Paid
1194,LN103838,669,30200.0,4.9,OWN,debt_consolidation,7600.0,60,Verified,1,18.8,16.18,Current
1195,LN101202,717,71900.0,4.5,OWN,debt_consolidation,4100.0,36,Source Verified,0,13.7,10.17,Fully Paid
1196,LN102627,785,59600.0,0.3,RENT,credit_card,4600.0,60,Source Verified,0,4.4,8.72,Current
1197,LN104639,651,74100.0,4.7,MORTGAGE,other,4600.0,36,Not Verified,1,15.3,12.49,Charged Off
1198,LN103997,674,65300.0,11.3,OWN,debt_consolidation,13300.0,36,Not Verified,0,3.5,12.91,Charged Off
1199,LN103033,713,109600.0,2.6,OWN,credit_card,28800.0,36,Verified,0,7.2,13.48,Fully Paid
1200,LN104863,723,23700.0,8.3,OWN,home_improvement,8800.0,60,Not Verified,0,10.3,12.99,Current
1201,LN101338,850,31100.0,1.8,MORTGAGE,credit_card,18500.0,36,Source Verified,0,6.4,9.96,Fully Paid
1202,LN104482,718,40400.0,3.6,RENT,major_purchase,5500.0,36,Source Verified,0,21.0,13.61,Fully Paid
1203,LN103488,696,41800.0,10.4,RENT,debt_consolidation,4700.0,36,Source Verified,0,8.4,12.7,Current
1204,LN103351,717,-1.0,5.5,MORTGAGE,credit_card,11500.0,36,Source Verified,1,0.0,14.14,Fully Paid
1205,LN103626,693,66700.0,2.0,OTHER,credit_card,11700.0,60,Not Verified,1,0.6,14.54,Current
1206,LN102479,672,69500.0,1.7,RENT,credit_card,8300.0,60,Not Verified,0,2.4,14.21,Current
1207,LN102686,576,43800.0,12.4,RENT,debt_consolidation,13100.0,60,Verified,2,14.8,18.36,Fully Paid
1208,LN101285,706,74300.0,3.3,MORTGAGE,medical,10200.0,60,Verified,0,10.7,10.74,Fully Paid
1209,LN101132,645,52500.0,9.4,MORTGAGE,debt_consolidation,7900.0,36,Verified,0,9.0,13.71,Charged Off
1210,LN100517,645,163000.0,11.3,MORTGAGE,medical,18200.0,36,Source Verified,0,3.4,10.79,Charged Off
1211,LN100600,724,49400.0,5.6,OTHER,other,9200.0,36,Verified,0,2.2,9.74,Fully Paid
1212,LN103054,661,85300.0,5.8,RENT,debt_consolidation,8700.0,36,Not Verified,0,10.9,12.85,Current
1213,LN102391,736,48900.0,6.5,RENT,credit_card,11500.0,36,Not Verified,0,1.5,10.72,Current
1214,LN104182,598,51400.0,6.9,MORTGAGE,credit_card,6100.0,36,Source Verified,2,17.4,15.36,Current
1215,LN102611,744,35600.0,9.1,OWN,small_business,3600.0,36,Source Verified,1,25.7,12.38,Fully Paid
1216,LN102294,766,50900.0,7.2,RENT,debt_consolidation,11200.0,36,Source Verified,1,13.1,13.01,Charged Off
1217,LN103262,711,51000.0,6.3,RENT,debt_consolidation,6100.0,36,Verified,0,2.6,11.81,Fully Paid
1218,LN101323,588,45300.0,3.3,OWN,debt_consolidation,11300.0,36,Verified,2,13.3,15.5,Charged Off
1219,LN100358,634,64400.0,9.1,RENT,debt_consolidation,12600.0,36,Not Verified,1,3.4,13.47,Fully Paid
1220,LN103010,843,60300.0,1.2,OWN,other,19000.0,60,Verified,0,21.8,11.02,Charged Off
1221,LN101119,626,34500.0,13.1,MORTGAGE,medical,5400.0,60,Source Verified,1,17.8,14.53,Charged Off
1222,LN104310,711,42400.0,4.3,MORTGAGE,small_business,4000.0,60,Not Verified,0,10.3,14.17,Charged Off
1223,LN102748,679,31500.0,1.1,RENT,credit_card,21700.0,36,Verified,0,15.2,13.0,Fully Paid
1224,LN102248,0,79500.0,5.8,MORTGAGE,other,9400.0,36,Verified,0,2.2,12.56,Fully Paid
1225,LN104073,782,54000.0,2.7,RENT,credit_card,17600.0,36,Verified,0,6.4,8.83,Fully Paid
1226,LN102068,724,69400.0,0.5,MORTGAGE,debt_consolidation,8600.0,36,Not Verified,0,8.0,11.76,Fully Paid
1227,LN102980,684,96200.0,7.4,RENT,home_improvement,4800.0,36,Not Verified,0,6.1,9.95,Current
1228,LN100143,707,70600.0,3.6,MORTGAGE,other,9900.0,36,Not Verified,0,18.2,13.77,Current
1229,LN104172,695,52300.0,0.5,RENT,credit_card,4900.0,36,Source Verified,0,8.0,11.89,Fully Paid
1230,LN101822,769,66200.0,7.4,MORTGAGE,small_business,9600.0,36,Source Verified,1,10.6,12.26,Charged Off
1231,LN103628,770,20600.0,99.0,OWN,debt_consolidation,6800.0,60,Verified,1,15.8,16.02,Charged Off
1232,LN103646,783,56800.0,2.3,MORTGAGE,debt_consolidation,6100.0,36,Not Verified,0,11.0,8.49,Fully Paid
1233,LN102572,786,54500.0,5.4,RENT,credit_card,9600.0,36,Source Verified,0,7.1,10.07,Current
1234,LN102035,738,52000.0,3.2,RENT,debt_consolidation,8000.0,36,Not Verified,1,33.7,14.21,Current
1235,LN102315,714,142100.0,11.9,RENT,credit_card,5800.0,60,Verified,1,0.5,14.29,Charged Off
1236,LN104734,665,24600.0,1.8,MORTGAGE,debt_consolidation,40000.0,60,Verified,0,20.8,15.06,Fully Paid
1237,LN105041,636,43100.0,4.6,OWN,debt_consolidation,6400.0,60,Source Verified,0,6.2,13.44,Fully Paid
1238,LN101470,697,61300.0,2.9,MORTGAGE,debt_consolidation,20500.0,60,Source Verified,0,17.0,14.63,Current
1239,LN101462,635,42500.0,1.0,MORTGAGE,credit_card,9300.0,36,Verified,0,6.1,14.89,Current
1240,LN100739,544,42900.0,4.6,MORTGAGE,credit_card,3600.0,36,Verified,1,4.7,14.4,Fully Paid
1241,LN104994,718,120200.0,11.6,RENT,debt_consolidation,5000.0,36,Not Verified,0,8.3,12.0,Fully Paid
1242,LN103961,777,58900.0,9.7,OWN,debt_consolidation,17600.0,36,Verified,0,29.7,9.66,Charged Off
1243,LN103272,678,41900.0,2.8,MORTGAGE,major_purchase,16100.0,36,Verified,0,7.9,11.65,Fully Paid
1244,LN104000,706,34100.0,2.7,RENT,other,17200.0,60,Verified,0,13.4,16.47,Current
1245,LN104712,762,38600.0,6.8,OWN,credit_card,2600.0,36,Source Verified,0,6.9,8.31,Current
1246,LN101298,615,37200.0,14.0,RENT,other,4500.0,36,Source Verified,0,10.7,15.75,Current
1247,LN102990,732,23900.0,5.5,RENT,debt_consolidation,9300.0,60,Source Verified,1,59.8,17.59,Current
1248,LN100885,709,42700.0,2.9,MORTGAGE,credit_card,9400.0,36,Verified,0,8.7,12.39,Current
1249,LN100032,657,30800.0,16.5,RENT,debt_consolidation,8000.0,36,Not Verified,0,27.6,15.11,Fully Paid
1250,LN102830,631,51200.0,7.2,OWN,medical,5700.0,60,Source Verified,0,7.5,18.33,Fully Paid
1251,LN102409,655,67200.0,5.3,RENT,other,13100.0,36,Verified,0,9.5,14.86,Charged Off
1252,LN101170,615,-1.0,8.1,RENT,debt_consolidation,40000.0,60,Verified,2,0.0,15.75,Current
1253,LN100856,712,40900.0,7.2,MORTGAGE,major_purchase,3500.0,60,Verified,0,3.2,13.25,Fully Paid
1254,LN104923,605,38900.0,2.1,MORTGAGE,home_improvement,10500.0,36,Source Verified,1,6.3,12.64,Fully Paid
1255,LN103024,679,54900.0,2.9,MORTGAGE,home_improvement,15800.0,36,Source Verified,0,39.2,12.05,Charged Off
1256,LN101630,611,-1.0,7.9,RENT,credit_card,2300.0,36,Source Verified,0,0.0,12.6,Charged Off
1257,LN103736,658,31500.0,2.7,MORTGAGE,major_purchase,12600.0,36,Verified,1,37.5,15.66,Charged Off
1258,LN102200,655,76000.0,3.1,RENT,debt_consolidation,12800.0,36,Verified,0,3.3,13.77,Current
1259,LN100434,750,39000.0,6.6,RENT,debt_consolidation,22900.0,36,Source Verified,1,13.5,10.52,Charged Off
1260,LN100114,695,64000.0,3.9,RENT,debt_consolidation,2700.0,36,Verified,0,13.9,13.31,Current
1261,LN103404,591,46400.0,99.0,RENT,debt_consolidation,8700.0,60,Source Verified,0,4.1,16.15,Current
1262,LN100174,607,48900.0,9.2,MORTGAGE,debt_consolidation,16400.0,36,Source Verified,0,9.2,14.23,Charged Off
1263,LN102649,846,44200.0,0.9,RENT,credit_card,11600.0,36,Source Verified,0,19.1,9.68,Current
1264,LN103478,764,32100.0,3.8,RENT,major_purchase,31900.0,36,Source Verified,2,21.2,13.71,Charged Off
1265,LN101320,641,132800.0,4.8,RENT,credit_card,6900.0,36,Source Verified,0,2.3,11.77,Current
1266,LN103754,675,58600.0,10.8,MORTGAGE,major_purchase,18400.0,36,Not Verified,0,3.9,11.14,Fully Paid
1267,LN102330,631,38700.0,7.5,MORTGAGE,other,10500.0,36,Verified,0,12.2,14.48,Current
1268,LN104351,615,60900.0,3.9,RENT,credit_card,17300.0,36,Source Verified,0,12.6,13.83,Charged Off
1269,LN100763,731,32600.0,8.2,MORTGAGE,home_improvement,3300.0,60,Verified,0,25.8,11.98,Current
1270,LN102140,684,33200.0,6.4,MORTGAGE,medical,10100.0,60,Verified,1,25.1,15.31,Current
1271,LN100967,642,48400.0,7.3,RENT,credit_card,4300.0,36,Source Verified,0,16.5,12.17,Fully Paid
1272,LN100169,687,79400.0,3.8,MORTGAGE,other,10300.0,36,Verified,0,0.6,10.95,Current
1273,LN104743,685,46100.0,6.8,MORTGAGE,home_improvement,10400.0,60,Source Verified,0,9.9,15.07,Charged Off
1274,LN100267,713,59000.0,1.4,RENT,medical,14400.0,60,Source Verified,0,8.8,15.18,Charged Off
1275,LN103923,733,-1.0,18.8,MORTGAGE,medical,10000.0,36,Source Verified,0,0.0,10.97,Charged Off
1276,LN104560,732,65800.0,11.5,RENT,debt_consolidation,19600.0,60,Source Verified,0,12.1,13.33,Current
1277,LN104752,723,58300.0,5.5,MORTGAGE,other,15700.0,36,Source Verified,0,4.3,13.29,Current
1278,LN100464,617,66000.0,6.3,RENT,small_business,17100.0,36,Verified,1,18.4,15.43,Charged Off
1279,LN103863,797,96700.0,99.0,MORTGAGE,debt_consolidation,9300.0,36,Not Verified,1,8.6,9.09,Current
1280,LN104741,683,56100.0,5.2,MORTGAGE,debt_consolidation,7000.0,60,Verified,1,11.6,14.02,Fully Paid
1281,LN103666,691,65200.0,3.7,MORTGAGE,credit_card,8500.0,60,Source Verified,0,2.1,13.3,Charged Off
1282,LN100187,610,64000.0,99.0,OWN,credit_card,10200.0,60,Not Verified,1,2.8,15.01,Current
1283,LN100093,685,53400.0,6.3,RENT,credit_card,6400.0,36,Verified,0,19.2,14.09,Charged Off
1284,LN101995,715,71600.0,9.5,MORTGAGE,debt_consolidation,12800.0,36,Source Verified,0,6.1,11.0,Current
1285,LN104159,720,47500.0,11.1,RENT,small_business,5900.0,60,Source Verified,0,9.1,13.43,Fully Paid
1286,LN104166,616,41800.0,1.9,MORTGAGE,debt_consolidation,10400.0,36,Not Verified,0,22.7,16.1,Charged Off
1287,LN100451,713,45700.0,1.8,MORTGAGE,debt_consolidation,12300.0,36,Verified,0,8.1,12.79,Charged Off
1288,LN102834,722,72900.0,5.8,MORTGAGE,debt_consolidation,8000.0,36,Not Verified,0,3.0,10.25,Fully Paid
1289,LN102449,743,-1.0,13.4,RENT,debt_consolidation,7800.0,36,Source Verified,0,0.0,8.9,Charged Off
1290,LN105008,637,36900.0,4.1,RENT,home_improvement,3700.0,36,Source Verified,0,6.7,10.63,Charged Off
1291,LN105075,693,92700.0,14.2,MORTGAGE,debt_consolidation,8500.0,60,Not Verified,0,9.9,16.98,Charged Off
1292,LN100005,605,-1.0,3.4,RENT,credit_card,8700.0,60,Verified,0,0.0,13.7,Fully Paid
1293,LN103056,661,77300.0,7.0,RENT,major_purchase,40000.0,36,Verified,1,10.3,13.24,Fully Paid
1294,LN103385,718,69500.0,11.5,MORTGAGE,major_purchase,7700.0,36,Source Verified,0,3.3,10.41,Current
1295,LN105138,652,32200.0,1.4,OWN,debt_consolidation,16400.0,36,Source Verified,1,14.0,13.81,Current
1296,LN102331,589,-1.0,99.0,MORTGAGE,other,11700.0,36,Verified,0,0.0,15.69,Current
1297,LN100870,708,54800.0,28.8,MORTGAGE,debt_consolidation,16100.0,36,Source Verified,0,9.1,10.74,Fully Paid
1298,LN101240,773,41200.0,8.4,MORTGAGE,debt_consolidation,5100.0,60,Verified,2,35.4,15.2,Charged Off
1299,LN101917,757,73300.0,9.7,RENT,home_improvement,18800.0,60,Source Verified,0,9.0,13.21,Charged Off
1300,LN101835,696,41900.0,5.8,MORTGAGE,home_improvement,16100.0,36,Source Verified,0,4.9,11.71,Current
1301,LN101057,717,56000.0,7.0,RENT,debt_consolidation,7600.0,60,Verified,1,5.4,15.98,Fully Paid
1302,LN104866,632,131700.0,9.2,OTHER,other,16900.0,36,Not Verified,0,2.9,13.59,Fully Paid
1303,LN101984,639,43600.0,5.6,MORTGAGE,major_purchase,13600.0,36,Source Verified,1,19.3,15.2,Fully Paid
1304,LN105046,749,26700.0,0.7,RENT,debt_consolidation,17400.0,36,Verified,1,16.5,13.64,Charged Off
1305,LN101310,613,39200.0,12.7,MORTGAGE,debt_consolidation,19200.0,60,Source Verified,0,17.4,18.09,Fully Paid
1306,LN103407,799,55300.0,6.3,RENT,credit_card,5300.0,60,Verified,1,9.0,11.48,Fully Paid
1307,LN103815,642,82100.0,2.4,MORTGAGE,home_improvement,21700.0,36,Verified,1,17.1,12.55,Current
1308,LN102698,716,59700.0,9.7,RENT,debt_consolidation,9600.0,36,Source Verified,0,26.0,10.62,Current
1309,LN104553,713,94400.0,4.9,OTHER,home_improvement,6200.0,36,Source Verified,0,6.4,12.1,Charged Off
1310,LN100289,683,119100.0,5.2,RENT,home_improvement,7100.0,36,Source Verified,0,6.5,9.22,Current
1311,LN101857,758,32600.0,15.3,MORTGAGE,home_improvement,13600.0,36,Verified,0,16.8,9.98,Charged Off
1312,LN100723,593,36200.0,15.8,RENT,debt_consolidation,17700.0,36,Source Verified,0,29.3,15.08,Fully Paid
1313,LN100056,672,76900.0,0.3,MORTGAGE,home_improvement,21700.0,60,Source Verified,0,2.2,16.99,Fully Paid
1314,LN103217,769,66500.0,7.5,RENT,debt_consolidation,18500.0,36,Not Verified,0,2.6,12.89,Fully Paid
1315,LN104772,668,41500.0,1.8,MORTGAGE,credit_card,8400.0,36,Source Verified,0,26.1,14.43,Charged Off
1316,LN101177,700,47200.0,9.7,MORTGAGE,debt_consolidation,3800.0,36,Source Verified,0,22.5,9.43,Charged Off
1317,LN102556,554,70800.0,1.5,MORTGAGE,debt_consolidation,17400.0,36,Verified,0,9.9,15.16,Current
1318,LN101729,692,80300.0,3.2,MORTGAGE,debt_consolidation,12200.0,60,Source Verified,1,2.6,13.44,Fully Paid
1319,LN103864,578,58000.0,12.4,OWN,debt_consolidation,19600.0,60,Source Verified,2,13.9,18.49,Current
1320,LN101821,740,101100.0,3.7,RENT,debt_consolidation,7100.0,36,Source Verified,1,2.4,10.19,Current
1321,LN102291,764,94100.0,1.7,MORTGAGE,major_purchase,32100.0,36,Not Verified,1,4.3,12.71,Fully Paid
1322,LN103919,716,65800.0,99.0,RENT,debt_consolidation,6900.0,60,Source Verified,0,10.1,12.87,Current
1323,LN103917,648,49600.0,3.7,OWN,other,3600.0,36,Source Verified,1,14.2,12.52,Current
1324,LN101341,718,-1.0,6.6,RENT,major_purchase,9300.0,36,Source Verified,0,0.0,10.93,Charged Off
1325,LN105113,742,61700.0,12.6,OWN,debt_consolidation,17100.0,36,Source Verified,0,2.5,11.19,Current
1326,LN100621,692,54300.0,5.2,RENT,credit_card,10700.0,36,Verified,1,8.3,15.91,Fully Paid
1327,LN100961,699,130200.0,23.6,RENT,medical,7800.0,60,Verified,0,3.5,14.55,Fully Paid
1328,LN104202,725,39900.0,4.3,RENT,debt_consolidation,8400.0,36,Source Verified,0,24.8,16.51,Current
1329,LN104315,0,88900.0,8.2,MORTGAGE,credit_card,13300.0,36,Verified,3,13.3,15.42,Charged Off
1330,LN100478,690,59300.0,3.9,MORTGAGE,debt_consolidation,9000.0,36,Verified,2,2.8,13.75,Fully Paid
1331,LN100769,799,48100.0,3.7,OWN,other,10800.0,36,Source Verified,0,17.7,8.66,Current
1332,LN102189,0,41600.0,9.0,MORTGAGE,credit_card,5400.0,36,Source Verified,0,10.7,15.38,Fully Paid
1333,LN104127,670,41100.0,5.1,OWN,home_improvement,9100.0,36,Verified,1,2.9,11.47,Current
1334,LN100821,783,60500.0,5.2,RENT,debt_consolidation,33600.0,36,Not Verified,0,10.8,13.41,Current
1335,LN100316,694,42200.0,1.9,OWN,debt_consolidation,28400.0,36,Verified,1,16.1,13.68,Charged Off
1336,LN102101,579,63100.0,1.2,MORTGAGE,credit_card,8900.0,36,Verified,0,12.5,12.53,Charged Off
1337,LN105030,766,-1.0,7.5,MORTGAGE,credit_card,8700.0,60,Verified,0,0.0,11.47,Current
1338,LN103471,670,32500.0,2.6,OWN,home_improvement,14000.0,36,Source Verified,1,5.4,14.83,Current
1339,LN104600,738,-1.0,4.5,RENT,debt_consolidation,16900.0,36,Source Verified,2,0.0,12.05,Fully Paid
1340,LN103229,596,31700.0,3.7,MORTGAGE,major_purchase,2900.0,36,Verified,0,21.1,11.43,Current
1341,LN101355,720,106400.0,3.6,MORTGAGE,debt_consolidation,5400.0,60,Source Verified,1,3.6,11.51,Charged Off
1342,LN104288,682,42000.0,10.9,OWN,major_purchase,7100.0,36,Verified,0,37.2,11.74,Charged Off
1343,LN101165,634,59800.0,4.0,MORTGAGE,home_improvement,6800.0,36,Verified,1,13.7,12.71,Current
1344,LN104826,661,43300.0,2.0,RENT,small_business,20300.0,36,Not Verified,0,16.9,18.08,Charged Off
1345,LN100880,705,50500.0,4.0,MORTGAGE,small_business,18900.0,36,Source Verified,0,13.2,14.52,Charged Off
1346,LN104299,678,74500.0,3.1,RENT,debt_consolidation,11100.0,36,Source Verified,2,7.9,13.18,Current
1347,LN103198,757,-1.0,1.6,MORTGAGE,major_purchase,4600.0,36,Verified,0,0.0,9.66,Fully Paid
1348,LN104548,699,87900.0,5.1,RENT,debt_consolidation,4800.0,36,Not Verified,1,2.2,14.2,Fully Paid
1349,LN100655,711,65200.0,5.0,MORTGAGE,major_purchase,13500.0,60,Verified,0,8.4,12.72,Charged Off
1350,LN102550,581,38800.0,1.0,RENT,other,11900.0,36,Not Verified,0,14.6,14.34,Current
1351,LN102209,662,46200.0,99.0,RENT,credit_card,8000.0,60,Verified,0,15.4,16.52,Fully Paid
1352,LN103416,697,44400.0,3.1,RENT,debt_consolidation,10600.0,36,Not Verified,1,1.3,13.02,Fully Paid
1353,LN101712,732,82600.0,18.0,MORTGAGE,credit_card,5200.0,36,Source Verified,0,16.8,10.7,Charged Off
1354,LN101670,684,55200.0,7.8,MORTGAGE,debt_consolidation,8300.0,60,Verified,0,4.9,12.65,Fully Paid
1355,LN102438,755,50400.0,12.4,MORTGAGE,debt_consolidation,11100.0,36,Source Verified,1,4.4,11.82,Fully Paid
1356,LN101865,700,36500.0,2.0,OTHER,other,6400.0,36,Source Verified,0,13.7,12.9,Fully Paid
1357,LN100643,701,112000.0,10.9,MORTGAGE,debt_consolidation,16900.0,36,Source Verified,1,4.3,11.08,Current
1358,LN100873,694,81000.0,6.1,MORTGAGE,debt_consolidation,16300.0,60,Verified,1,7.8,13.8,Fully Paid
1359,LN100342,695,60600.0,2.6,RENT,credit_card,10000.0,60,Source Verified,0,15.0,16.04,Charged Off
1360,LN102505,750,86000.0,99.0,MORTGAGE,other,2900.0,36,Verified,0,5.8,10.9,Current
1361,LN104420,765,49100.0,13.7,OWN,debt_consolidation,9200.0,36,Source Verified,0,8.9,9.38,Current
1362,LN103222,582,24100.0,14.3,RENT,small_business,8100.0,36,Source Verified,0,37.3,17.91,Fully Paid
1363,LN100302,746,22500.0,1.7,OWN,debt_consolidation,16000.0,60,Verified,0,23.4,14.28,Fully Paid
1364,LN100101,774,70000.0,6.7,RENT,other,6300.0,36,Source Verified,1,4.3,9.36,Fully Paid
1365,LN102798,727,38900.0,3.4,RENT,debt_consolidation,15800.0,36,Not Verified,1,6.5,15.21,Charged Off
1366,LN101902,729,115100.0,7.6,RENT,debt_consolidation,17100.0,60,Not Verified,0,0.7,14.37,Current
1367,LN101429,738,108100.0,5.2,MORTGAGE,credit_card,8100.0,36,Verified,0,3.9,11.94,Fully Paid
1368,LN101380,770,70800.0,9.7,MORTGAGE,debt_consolidation,11100.0,36,Source Verified,1,9.2,11.38,Current
1369,LN102639,652,28700.0,1.8,MORTGAGE,debt_consolidation,7300.0,36,Source Verified,0,27.6,12.68,Fully Paid
1370,LN100196,732,74900.0,11.7,RENT,credit_card,11500.0,36,Source Verified,1,9.0,12.83,Charged Off
1371,LN101807,690,59800.0,2.3,MORTGAGE,debt_consolidation,23200.0,60,Source Verified,1,0.8,15.29,Current
1372,LN101718,729,46000.0,15.2,MORTGAGE,small_business,5900.0,36,Source Verified,2,20.0,14.78,Current
1373,LN103753,739,29300.0,14.1,MORTGAGE,credit_card,11000.0,60,Source Verified,0,5.5,14.12,Fully Paid
1374,LN103847,850,35200.0,7.4,OWN,home_improvement,5300.0,60,Not Verified,1,30.4,9.68,Fully Paid
1375,LN105119,733,62300.0,5.9,MORTGAGE,debt_consolidation,18300.0,36,Source Verified,1,45.7,13.12,Fully Paid
1376,LN100917,724,21700.0,5.4,MORTGAGE,medical,11800.0,36,Verified,1,44.3,15.3,Fully Paid
1377,LN105020,640,144900.0,3.9,MORTGAGE,debt_consolidation,11100.0,60,Source Verified,1,5.3,13.06,Current
1378,LN103425,714,57600.0,8.8,OWN,medical,8200.0,60,Verified,0,12.8,16.63,Charged Off
1379,LN101085,663,102600.0,9.7,RENT,debt_consolidation,3000.0,60,Source Verified,1,1.0,14.81,Fully Paid
1380,LN102481,633,31800.0,20.2,MORTGAGE,debt_consolidation,14200.0,36,Verified,0,35.9,15.8,Charged Off
1381,LN100994,683,72300.0,6.8,MORTGAGE,home_improvement,8200.0,36,Source Verified,0,1.6,9.17,Fully Paid
1382,LN103316,679,75900.0,7.7,RENT,major_purchase,7700.0,36,Source Verified,0,24.8,12.9,Fully Paid
1383,LN103079,758,50100.0,2.7,RENT,debt_consolidation,8200.0,36,Verified,0,3.5,10.76,Current
1384,LN102514,698,80300.0,8.7,MORTGAGE,other,11500.0,60,Verified,0,4.6,13.78,Current
1385,LN101064,648,126900.0,6.8,MORTGAGE,small_business,13300.0,60,Source Verified,1,1.4,16.01,Current
1386,LN103423,626,32300.0,7.6,MORTGAGE,debt_consolidation,24900.0,60,Not Verified,0,25.8,16.92,Fully Paid
1387,LN101861,620,27800.0,9.1,RENT,debt_consolidation,13000.0,36,Not Verified,0,11.8,16.67,Fully Paid
1388,LN101070,677,53000.0,9.8,OWN,debt_consolidation,11100.0,60,Source Verified,0,3.4,15.0,Charged Off
1389,LN101337,733,66000.0,3.8,MORTGAGE,debt_consolidation,3500.0,36,Verified,0,16.5,8.31,Current
1390,LN100527,699,46000.0,0.5,MORTGAGE,debt_consolidation,3800.0,36,Source Verified,0,14.5,12.46,Charged Off
1391,LN104983,814,65200.0,7.8,RENT,debt_consolidation,13500.0,60,Source Verified,0,15.0,13.3,Current
1392,LN103284,642,60600.0,4.0,RENT,debt_consolidation,11600.0,36,Verified,1,6.1,16.54,Fully Paid
1393,LN100753,823,162900.0,8.0,MORTGAGE,debt_consolidation,5400.0,36,Source Verified,1,2.1,6.83,Fully Paid
1394,LN101506,553,53900.0,4.2,OWN,major_purchase,10600.0,60,Source Verified,0,40.2,18.23,Fully Paid
1395,LN100927,717,172400.0,1.7,RENT,home_improvement,7400.0,36,Verified,1,2.0,11.66,Charged Off
1396,LN103165,712,-1.0,4.5,MORTGAGE,home_improvement,10700.0,36,Source Verified,0,0.0,9.65,Current
1397,LN102896,754,40100.0,7.4,RENT,other,4000.0,60,Not Verified,0,10.7,11.5,Fully Paid
1398,LN104940,714,58600.0,9.1,MORTGAGE,medical,4400.0,60,Source Verified,0,8.1,14.99,Fully Paid
1399,LN101274,649,42600.0,3.1,MORTGAGE,debt_consolidation,8400.0,36,Not Verified,0,20.1,13.05,Current
1400,LN104055,714,-1.0,4.6,MORTGAGE,debt_consolidation,13400.0,36,Source Verified,0,0.0,13.0,Current
1401,LN100410,594,46300.0,99.0,OWN,debt_consolidation,8700.0,60,Source Verified,1,6.6,16.61,Charged Off
1402,LN102064,670,47500.0,6.6,MORTGAGE,debt_consolidation,9700.0,60,Verified,0,25.5,12.91,Fully Paid
1403,LN104120,648,40000.0,11.5,OWN,small_business,6900.0,36,Not Verified,0,18.7,13.68,Fully Paid
1404,LN102790,786,30400.0,9.6,RENT,other,5400.0,60,Verified,1,9.9,13.23,Fully Paid
1405,LN102485,683,48900.0,5.0,RENT,home_improvement,5700.0,36,Verified,0,3.6,12.07,Current
1406,LN104004,783,64500.0,10.7,RENT,credit_card,14300.0,36,Source Verified,0,4.2,8.18,Fully Paid
1407,LN101757,837,84600.0,5.9,RENT,debt_consolidation,40000.0,60,Source Verified,0,2.4,11.05,Fully Paid
1408,LN100036,683,111500.0,9.0,MORTGAGE,home_improvement,9800.0,36,Source Verified,0,5.0,10.01,Fully Paid
1409,LN103649,693,32300.0,7.9,MORTGAGE,major_purchase,3100.0,36,Source Verified,0,41.4,13.47,Current
1410,LN100282,750,66200.0,8.0,OWN,small_business,7400.0,36,Verified,0,5.7,9.89,Charged Off
1411,LN103682,699,28400.0,4.4,RENT,credit_card,14400.0,60,Verified,1,28.1,18.37,Charged Off
1412,LN100943,768,57000.0,4.1,MORTGAGE,major_purchase,14500.0,36,Verified,0,32.1,10.8,Fully Paid
1413,LN104610,0,52100.0,10.8,RENT,debt_consolidation,10700.0,36,Source Verified,0,12.2,13.16,Fully Paid
1414,LN100264,721,55000.0,99.0,RENT,debt_consolidation,16600.0,60,Verified,0,14.2,15.58,Charged Off
1415,LN100908,695,46900.0,3.6,OWN,debt_consolidation,7000.0,60,Verified,0,12.2,11.95,Charged Off
1416,LN103241,635,50100.0,9.2,RENT,debt_consolidation,19400.0,36,Source Verified,0,10.6,15.25,Charged Off
1417,LN102453,636,64600.0,2.7,MORTGAGE,credit_card,11000.0,36,Source Verified,0,6.7,15.12,Charged Off
1418,LN104828,773,87700.0,4.6,RENT,debt_consolidation,2400.0,60,Verified,0,2.3,10.03,Charged Off
1419,LN102618,640,48000.0,12.3,MORTGAGE,credit_card,10000.0,36,Source Verified,1,23.2,12.61,Fully Paid
1420,LN105111,675,62300.0,7.3,RENT,debt_consolidation,8100.0,60,Not Verified,0,22.9,13.99,Charged Off
1421,LN100932,766,-1.0,0.7,MORTGAGE,home_improvement,12200.0,36,Not Verified,3,0.0,11.77,Fully Paid
1422,LN101133,780,53500.0,6.0,OWN,debt_consolidation,7500.0,60,Not Verified,0,2.0,11.7,Charged Off
1423,LN102507,713,33900.0,5.4,OWN,credit_card,16700.0,36,Verified,1,4.7,11.54,Fully Paid
1424,LN101693,655,75100.0,12.5,MORTGAGE,debt_consolidation,8600.0,36,Verified,0,7.9,12.24,Current
1425,LN104018,669,48200.0,6.6,MORTGAGE,debt_consolidation,17500.0,36,Source Verified,0,5.9,13.21,Charged Off
1426,LN100789,680,53100.0,3.0,OWN,debt_consolidation,21200.0,60,Verified,0,11.5,15.73,Current
1427,LN100495,751,53300.0,10.3,MORTGAGE,credit_card,8200.0,36,Verified,3,13.4,12.45,Fully Paid
1428,LN102421,672,32900.0,3.5,MORTGAGE,medical,13400.0,36,Not Verified,0,1.7,18.13,Charged Off
1429,LN104681,697,26100.0,10.4,RENT,credit_card,18100.0,60,Source Verified,0,6.8,14.21,Current
1430,LN102842,728,58300.0,9.0,RENT,home_improvement,8200.0,60,Not Verified,0,3.2,12.89,Charged Off
1431,LN103640,589,54400.0,14.1,MORTGAGE,credit_card,8700.0,60,Verified,0,15.6,16.13,Fully Paid
1432,LN100935,728,36800.0,18.2,OWN,home_improvement,5700.0,36,Verified,0,21.9,7.94,Charged Off
1433,LN102630,696,63600.0,2.1,MORTGAGE,home_improvement,6600.0,60,Verified,1,4.6,13.5,Fully Paid
1434,LN102219,593,66400.0,1.4,OTHER,credit_card,12300.0,36,Source Verified,0,9.2,13.45,Current
1435,LN100304,686,54400.0,0.8,RENT,home_improvement,17200.0,36,Verified,1,21.9,13.34,Current
1436,LN101268,732,102600.0,5.5,RENT,credit_card,13900.0,60,Source Verified,0,3.5,12.96,Fully Paid
1437,LN103610,732,126600.0,15.5,RENT,major_purchase,2900.0,60,Source Verified,0,1.0,11.71,Current
1438,LN104900,555,70200.0,3.4,OWN,debt_consolidation,10400.0,36,Verified,0,2.6,12.85,Charged Off
1439,LN104905,771,38700.0,6.0,OWN,major_purchase,11300.0,60,Verified,1,15.5,13.02,Current
1440,LN102386,585,41400.0,10.3,MORTGAGE,debt_consolidation,7000.0,36,Not Verified,1,16.6,17.11,Fully Paid
1441,LN102531,725,27900.0,11.2,MORTGAGE,small_business,10500.0,36,Source Verified,1,30.7,14.96,Fully Paid
1442,LN103433,697,115700.0,7.9,MORTGAGE,home_improvement,22400.0,36,Source Verified,0,7.6,11.02,Charged Off
1443,LN100857,718,93500.0,1.8,MORTGAGE,other,4700.0,36,Verified,0,0.5,10.44,Fully Paid
1444,LN100343,717,45300.0,17.0,MORTGAGE,credit_card,21800.0,36,Verified,1,27.8,12.99,Charged Off
1445,LN104052,716,48900.0,14.8,MORTGAGE,major_purchase,19000.0,36,Source Verified,0,8.1,10.21,Current
1446,LN102757,712,75400.0,5.9,RENT,other,13600.0,36,Source Verified,0,5.6,10.05,Fully Paid
1447,LN104709,726,65400.0,3.6,MORTGAGE,other,16900.0,36,Source Verified,0,15.0,10.92,Charged Off
1448,LN104537,710,61500.0,10.5,MORTGAGE,credit_card,9500.0,36,Not Verified,0,4.3,10.58,Current
1449,LN102009,731,94500.0,1.3,OTHER,debt_consolidation,9400.0,36,Verified,0,2.1,12.99,Fully Paid
1450,LN102317,716,94400.0,2.6,RENT,other,15300.0,36,Source Verified,1,7.3,13.29,Fully Paid
1451,LN104823,652,43900.0,99.0,MORTGAGE,debt_consolidation,22500.0,60,Verified,0,12.0,14.16,Charged Off
1452,LN103784,809,34400.0,10.7,RENT,credit_card,6000.0,36,Verified,0,43.1,11.91,Charged Off
1453,LN105094,723,74800.0,1.1,RENT,debt_consolidation,5100.0,36,Source Verified,0,13.6,12.21,Fully Paid
1454,LN102955,624,54400.0,5.6,OWN,major_purchase,10300.0,60,Not Verified,0,46.1,17.98,Charged Off
1455,LN101030,767,68200.0,3.1,OTHER,credit_card,27600.0,36,Verified,0,10.0,12.3,Fully Paid
1456,LN101704,705,106200.0,4.1,RENT,major_purchase,13600.0,60,Source Verified,0,4.9,14.42,Current
1457,LN102717,701,74500.0,7.6,MORTGAGE,debt_consolidation,7300.0,36,Verified,0,11.7,12.98,Current
1458,LN104174,620,-1.0,99.0,OWN,debt_consolidation,9400.0,36,Verified,1,0.0,14.17,Fully Paid
1459,LN104330,809,38600.0,4.4,MORTGAGE,small_business,13900.0,36,Not Verified,0,12.1,12.5,Charged Off
1460,LN100642,823,59900.0,9.2,OWN,debt_consolidation,7200.0,36,Source Verified,0,14.9,9.53,Current
1461,LN104924,598,14600.0,5.0,RENT,credit_card,7900.0,36,Not Verified,0,28.2,17.55,Fully Paid
1462,LN104613,647,48300.0,12.3,OWN,home_improvement,12800.0,36,Source Verified,0,24.1,10.18,Charged Off
1463,LN102846,653,63900.0,10.7,RENT,home_improvement,5400.0,60,Source Verified,0,18.4,14.54,Current
1464,LN101138,684,33100.0,1.3,OWN,major_purchase,16700.0,60,Verified,0,28.8,14.18,Fully Paid
1465,LN102812,663,53400.0,6.2,MORTGAGE,home_improvement,4800.0,36,Verified,1,7.5,12.96,Current
1466,LN103469,751,51800.0,13.8,MORTGAGE,debt_consolidation,16400.0,60,Not Verified,0,9.1,14.5,Current
1467,LN103772,717,42200.0,8.8,RENT,debt_consolidation,11800.0,36,Source Verified,1,10.2,11.71,Charged Off
1468,LN103906,586,70100.0,8.8,OWN,debt_consolidation,11800.0,60,Verified,0,3.5,14.81,Charged Off
1469,LN103242,707,54700.0,9.7,RENT,other,7300.0,60,Source Verified,1,17.2,14.9,Charged Off
1470,LN105047,622,33500.0,3.1,OTHER,credit_card,3800.0,36,Source Verified,0,4.9,13.53,Current
1471,LN100806,681,61600.0,8.7,RENT,debt_consolidation,21700.0,36,Verified,1,4.8,13.54,Charged Off
1472,LN102737,675,331600.0,3.3,RENT,debt_consolidation,24000.0,36,Source Verified,0,0.1,11.76,Current
1473,LN101522,675,36500.0,2.3,RENT,debt_consolidation,6600.0,60,Verified,0,15.4,15.23,Fully Paid
1474,LN101730,684,80100.0,11.4,MORTGAGE,home_improvement,10700.0,36,Verified,0,24.7,12.85,Current
1475,LN103315,746,55100.0,4.9,RENT,debt_consolidation,13400.0,36,Not Verified,0,2.8,14.37,Current
1476,LN101173,625,64200.0,4.8,OTHER,credit_card,8300.0,36,Verified,0,7.1,15.8,Current
1477,LN100372,746,25100.0,1.6,MORTGAGE,debt_consolidation,7500.0,36,Source Verified,0,28.9,13.72,Fully Paid
1478,LN101186,669,-1.0,9.7,RENT,credit_card,16000.0,36,Not Verified,1,0.0,15.12,Fully Paid
1479,LN103783,778,51700.0,4.4,OWN,debt_consolidation,13200.0,60,Verified,0,19.1,13.09,Current
1480,LN104176,717,60200.0,11.9,MORTGAGE,small_business,15000.0,60,Source Verified,0,7.3,13.89,Fully Paid
1481,LN104311,692,61200.0,4.2,RENT,major_purchase,12500.0,36,Verified,0,0.1,11.63,Current
1482,LN103706,678,80900.0,6.4,MORTGAGE,small_business,5600.0,36,Verified,1,4.2,12.76,Fully Paid
1483,LN101891,639,66800.0,4.8,RENT,debt_consolidation,18200.0,36,Source Verified,0,4.7,11.42,Charged Off
1484,LN100345,556,23600.0,8.0,MORTGAGE,major_purchase,32500.0,60,Verified,1,3.7,20.0,Fully Paid
1485,LN100258,681,-1.0,11.2,RENT,small_business,5500.0,60,Verified,0,0.0,13.77,Fully Paid
1486,LN100113,596,-1.0,3.7,MORTGAGE,debt_consolidation,4800.0,60,Source Verified,0,0.0,14.06,Fully Paid
1487,LN103408,722,88500.0,8.6,MORTGAGE,debt_consolidation,8100.0,60,Not Verified,0,9.8,12.94,Charged Off
1488,LN105186,730,60500.0,2.0,MORTGAGE,debt_consolidation,3000.0,36,Source Verified,0,10.0,11.23,Current
1489,LN101508,820,108700.0,6.9,MORTGAGE,credit_card,6700.0,60,Verified,0,2.2,14.16,Fully Paid
1490,LN100218,680,26800.0,3.2,RENT,major_purchase,5900.0,36,Verified,1,16.5,12.43,Charged Off
1491,LN101161,666,28100.0,2.7,RENT,major_purchase,7400.0,36,Verified,0,5.7,10.95,Current
1492,LN104284,663,32800.0,8.5,RENT,other,7600.0,36,Source Verified,0,4.3,13.61,Fully Paid
1493,LN104192,727,86000.0,19.6,RENT,debt_consolidation,3900.0,36,Not Verified,0,2.3,9.62,Charged Off
1494,LN102828,582,65400.0,2.4,RENT,debt_consolidation,6400.0,60,Verified,0,22.4,15.95,Current
1495,LN104838,768,45000.0,6.3,RENT,medical,40000.0,60,Not Verified,0,3.3,15.87,Charged Off
1496,LN100000,710,54100.0,1.9,MORTGAGE,home_improvement,10600.0,36,Not Verified,0,4.9,11.27,Fully Paid
1497,LN103151,631,-1.0,6.7,MORTGAGE,debt_consolidation,5100.0,36,Not Verified,1,0.0,12.64,Charged Off
1498,LN101867,734,-1.0,1.3,RENT,small_business,13500.0,60,Not Verified,0,0.0,14.42,Fully Paid
1499,LN101756,801,34800.0,2.0,MORTGAGE,small_business,9900.0,36,Source Verified,0,14.3,12.88,Charged Off
1500,LN105167,619,99400.0,1.0,MORTGAGE,major_purchase,12400.0,60,Source Verified,0,3.7,14.49,Charged Off
1501,LN103571,0,73900.0,2.0,MORTGAGE,major_purchase,21500.0,36,Source Verified,0,30.3,16.16,Fully Paid
1502,LN102544,687,49200.0,5.3,MORTGAGE,credit_card,23400.0,60,Verified,0,19.5,13.81,Current
1503,LN104515,752,-1.0,4.9,OTHER,home_improvement,11200.0,36,Verified,0,0.0,9.92,Fully Paid
1504,LN103171,735,46800.0,3.3,RENT,credit_card,7600.0,36,Verified,0,13.3,9.49,Current
1505,LN100865,744,39700.0,9.6,RENT,debt_consolidation,16300.0,36,Verified,0,6.7,11.17,Current
1506,LN101789,756,81600.0,6.4,RENT,home_improvement,5900.0,60,Not Verified,0,5.8,12.7,Charged Off
1507,LN100993,775,48700.0,6.0,MORTGAGE,other,11300.0,36,Source Verified,0,17.4,9.98,Fully Paid
1508,LN101934,602,41200.0,8.0,OWN,credit_card,6000.0,60,Verified,0,17.0,17.51,Charged Off
1509,LN102923,648,47000.0,10.3,RENT,major_purchase,13100.0,60,Verified,0,9.1,17.54,Charged Off
1510,LN104628,645,35000.0,16.9,RENT,debt_consolidation,10000.0,36,Source Verified,0,10.0,16.16,Charged Off
1511,LN101013,582,34500.0,3.1,MORTGAGE,debt_consolidation,6300.0,36,Verified,0,29.9,15.98,Current
1512,LN103880,658,66900.0,7.6,MORTGAGE,credit_card,13100.0,36,Not Verified,1,6.6,15.33,Fully Paid
1513,LN101187,714,72600.0,7.9,OWN,home_improvement,9100.0,36,Verified,0,7.6,7.22,Charged Off
1514,LN100516,733,58700.0,4.0,RENT,debt_consolidation,16200.0,36,Verified,1,8.3,13.44,Charged Off
1515,LN100682,771,47300.0,3.2,OWN,debt_consolidation,17000.0,36,Source Verified,1,11.2,10.94,Charged Off
1516,LN101050,609,49900.0,3.0,OWN,small_business,9900.0,36,Verified,0,0.5,14.14,Fully Paid
1517,LN103130,733,56300.0,3.0,RENT,debt_consolidation,17100.0,60,Not Verified,0,5.6,15.14,Charged Off
1518,LN102013,689,66700.0,11.4,RENT,other,9600.0,36,Source Verified,0,2.2,15.39,Current
1519,LN101249,589,-1.0,4.4,MORTGAGE,debt_consolidation,15500.0,36,Verified,0,0.0,14.67,Current
1520,LN102595,637,96300.0,4.7,MORTGAGE,debt_consolidation,6700.0,60,Not Verified,0,10.6,14.56,Fully Paid
1521,LN101590,600,57600.0,7.0,RENT,debt_consolidation,7100.0,60,Not Verified,0,2.1,15.99,Charged Off
1522,LN100910,641,55400.0,10.8,RENT,small_business,10800.0,60,Verified,1,17.3,19.92,Charged Off
1523,LN102472,711,73300.0,3.4,RENT,credit_card,25400.0,36,Source Verified,1,1.6,14.82,Charged Off
1524,LN104708,638,-1.0,6.3,MORTGAGE,debt_consolidation,10100.0,36,Not Verified,2,0.0,11.61,Current
1525,LN100570,596,30700.0,2.3,RENT,debt_consolidation,3000.0,36,Source Verified,0,7.3,12.56,Fully Paid
1526,LN101665,645,56500.0,3.0,RENT,debt_consolidation,32200.0,36,Verified,1,17.1,15.35,Current
1527,LN103962,724,42700.0,3.3,MORTGAGE,debt_consolidation,5500.0,36,Verified,0,11.4,13.86,Charged Off
1528,LN104419,778,68500.0,4.5,RENT,debt_consolidation,16700.0,36,Source Verified,0,5.9,12.96,Charged Off
1529,LN103776,631,56500.0,5.2,MORTGAGE,home_improvement,6700.0,36,Source Verified,0,8.8,12.43,Current
1530,LN102193,692,48900.0,7.6,RENT,other,8500.0,36,Not Verified,1,35.7,15.17,Current
1531,LN100726,708,37600.0,7.1,MORTGAGE,home_improvement,7400.0,36,Not Verified,0,19.2,13.92,Fully Paid
1532,LN100221,706,-1.0,11.5,RENT,debt_consolidation,11700.0,36,Verified,0,0.0,11.55,Current
1533,LN100236,550,55800.0,3.0,OWN,home_improvement,17400.0,36,Verified,0,3.9,13.86,Charged Off
1534,LN100092,662,26300.0,4.7,MORTGAGE,credit_card,19600.0,60,Source Verified,0,21.4,16.12,Charged Off
1535,LN101918,669,28100.0,0.9,RENT,credit_card,16200.0,60,Not Verified,0,53.8,18.46,Fully Paid
1536,LN102474,631,91000.0,4.9,OWN,home_improvement,7600.0,36,Verified,0,9.3,12.41,Fully Paid
1537,LN103013,698,42800.0,4.3,MORTGAGE,credit_card,9000.0,36,Source Verified,0,45.6,15.52,Current
1538,LN100574,702,70700.0,1.3,RENT,debt_consolidation,7900.0,36,Verified,1,19.7,12.09,Fully Paid
1539,LN104646,686,58600.0,6.5,MORTGAGE,credit_card,3500.0,60,Source Verified,0,12.6,9.98,Current
1540,LN100728,616,63800.0,5.4,MORTGAGE,debt_consolidation,12000.0,36,Verified,0,2.6,13.74,Charged Off
1541,LN105117,677,68500.0,2.5,MORTGAGE,credit_card,9800.0,36,Not Verified,0,13.8,12.23,Current
1542,LN101411,835,40800.0,10.5,RENT,medical,24200.0,36,Verified,1,28.8,13.0,Charged Off
1543,LN104578,659,48200.0,3.6,RENT,credit_card,14300.0,36,Source Verified,1,12.1,16.3,Charged Off
1544,LN101399,598,71000.0,10.7,MORTGAGE,debt_consolidation,6500.0,60,Verified,0,3.6,12.71,Charged Off
1545,LN102542,669,29900.0,2.0,MORTGAGE,major_purchase,7300.0,60,Verified,0,22.3,15.57,Current
1546,LN102301,632,42300.0,9.0,RENT,home_improvement,12600.0,36,Source Verified,1,8.1,13.79,Fully Paid
1547,LN104742,683,87400.0,2.8,MORTGAGE,debt_consolidation,27500.0,36,Source Verified,0,9.8,13.07,Charged Off
1548,LN105093,690,39100.0,4.4,MORTGAGE,small_business,5100.0,36,Not Verified,0,1.6,11.88,Charged Off
1549,LN104189,828,40700.0,4.3,MORTGAGE,credit_card,9100.0,36,Not Verified,0,17.1,10.59,Charged Off
1550,LN100200,712,50100.0,12.2,MORTGAGE,medical,6600.0,36,Verified,0,13.3,11.74,Charged Off
1551,LN105060,622,51000.0,6.0,RENT,home_improvement,18900.0,36,Source Verified,1,11.0,14.44,Current
1552,LN101420,676,32000.0,2.8,OWN,credit_card,10400.0,60,Source Verified,0,44.1,15.44,Charged Off
1553,LN103367,672,151800.0,6.1,OWN,medical,19300.0,36,Not Verified,0,6.5,13.25,Charged Off
1554,LN101304,674,87700.0,4.4,MORTGAGE,other,8400.0,36,Verified,3,5.0,12.62,Fully Paid
1555,LN101277,0,46100.0,4.9,MORTGAGE,debt_consolidation,23700.0,60,Source Verified,2,1.9,17.58,Charged Off
1556,LN103451,736,114600.0,3.0,MORTGAGE,other,6800.0,60,Source Verified,1,8.2,14.82,Current
1557,LN101942,610,-1.0,8.8,MORTGAGE,debt_consolidation,11200.0,36,Not Verified,1,0.0,13.65,Current
1558,LN100429,716,42900.0,4.0,RENT,debt_consolidation,9600.0,36,Verified,0,19.4,9.71,Charged Off
1559,LN100251,712,30700.0,0.6,RENT,debt_consolidation,9500.0,36,Source Verified,0,9.4,15.57,Current
1560,LN103536,751,50000.0,5.3,MORTGAGE,credit_card,10800.0,36,Verified,3,4.2,13.75,Charged Off
1561,LN102561,693,43700.0,3.3,RENT,debt_consolidation,19900.0,60,Source Verified,0,26.4,18.7,Current
1562,LN104469,637,56400.0,9.1,OWN,debt_consolidation,15000.0,60,Verified,0,29.2,14.61,Charged Off
1563,LN103725,780,39800.0,0.9,RENT,major_purchase,12700.0,36,Source Verified,0,10.6,12.29,Charged Off
1564,LN101983,674,34200.0,21.5,MORTGAGE,small_business,8400.0,60,Source Verified,1,14.7,17.16,Fully Paid
1565,LN102515,652,52700.0,5.1,RENT,debt_consolidation,13700.0,60,Verified,0,14.8,15.48,Charged Off
1566,LN101487,601,38000.0,2.1,MORTGAGE,debt_consolidation,5500.0,60,Verified,0,22.6,16.56,Current
1567,LN103562,608,70000.0,16.0,OTHER,small_business,10900.0,36,Source Verified,0,7.8,17.2,Charged Off
1568,LN103391,578,20700.0,99.0,MORTGAGE,credit_card,14200.0,60,Source Verified,0,6.4,16.51,Current
1569,LN103627,630,59100.0,2.5,MORTGAGE,credit_card,5600.0,60,Not Verified,0,8.4,15.0,Fully Paid
1570,LN100900,715,59800.0,4.4,MORTGAGE,major_purchase,7000.0,60,Not Verified,0,3.5,12.95,Charged Off
1571,LN102443,738,36200.0,1.0,OWN,credit_card,8600.0,60,Not Verified,1,25.1,13.68,Current
1572,LN104591,790,51900.0,6.2,RENT,debt_consolidation,6100.0,36,Source Verified,1,1.7,7.6,Charged Off
1573,LN102904,663,59100.0,5.2,MORTGAGE,credit_card,11200.0,60,Verified,0,10.0,15.36,Fully Paid
1574,LN104552,645,52800.0,9.1,MORTGAGE,debt_consolidation,8100.0,36,Verified,0,14.6,14.8,Fully Paid
1575,LN103731,736,63300.0,5.9,RENT,debt_consolidation,17400.0,36,Not Verified,1,11.9,13.9,Current
1576,LN100733,678,74600.0,2.6,MORTGAGE,credit_card,8500.0,36,Not Verified,0,12.9,14.38,Current
1577,LN103522,0,60900.0,2.0,MORTGAGE,other,4600.0,60,Source Verified,0,5.4,19.08,Current
1578,LN104012,735,76200.0,4.9,MORTGAGE,home_improvement,5200.0,60,Verified,1,11.3,12.93,Fully Paid
1579,LN102075,606,86800.0,2.0,MORTGAGE,small_business,24700.0,60,Source Verified,0,5.6,18.18,Fully Paid
1580,LN103044,703,32400.0,4.5,MORTGAGE,debt_consolidation,18100.0,36,Verified,1,16.8,13.0,Current
1581,LN103040,0,67300.0,4.2,RENT,debt_consolidation,11100.0,60,Not Verified,0,18.9,19.08,Charged Off
1582,LN102883,764,60100.0,1.7,MORTGAGE,credit_card,9100.0,36,Not Verified,0,13.4,11.21,Charged Off
1583,LN105068,646,32900.0,1.9,RENT,credit_card,6800.0,36,Verified,0,13.6,12.5,Fully Paid
1584,LN102824,691,49600.0,1.3,MORTGAGE,debt_consolidation,20200.0,60,Source Verified,0,3.7,15.73,Charged Off
1585,LN104778,685,77500.0,8.2,RENT,major_purchase,14800.0,36,Source Verified,0,14.0,14.0,Charged Off
1586,LN103340,667,78100.0,12.3,RENT,debt_consolidation,9100.0,36,Source Verified,0,19.5,12.79,Current
1587,LN104690,762,46100.0,2.8,RENT,credit_card,11000.0,36,Source Verified,1,2.4,11.78,Fully Paid
1588,LN100616,736,66000.0,5.6,RENT,debt_consolidation,6100.0,36,Not Verified,0,6.8,11.19,Current
1589,LN100317,645,64500.0,10.6,MORTGAGE,home_improvement,17300.0,60,Not Verified,0,2.3,16.78,Fully Paid
1590,LN102250,623,42400.0,5.1,RENT,debt_consolidation,11400.0,60,Verified,2,12.2,16.35,Charged Off
1591,LN103700,687,66400.0,3.1,RENT,debt_consolidation,4400.0,60,Verified,0,4.1,11.81,Charged Off
1592,LN102470,660,33600.0,5.4,MORTGAGE,credit_card,4900.0,60,Source Verified,0,7.7,15.72,Charged Off
1593,LN101692,600,70100.0,2.6,MORTGAGE,major_purchase,7700.0,36,Source Verified,0,8.8,12.52,Charged Off
1594,LN103926,741,-1.0,3.2,MORTGAGE,debt_consolidation,2800.0,36,Not Verified,0,0.0,7.9,Charged Off
1595,LN103861,736,-1.0,3.0,MORTGAGE,major_purchase,23200.0,60,Not Verified,0,0.0,14.42,Charged Off
1596,LN102270,717,37300.0,7.1,OWN,small_business,11700.0,36,Source Verified,0,9.9,12.03,Current
1597,LN105166,567,58000.0,3.3,MORTGAGE,debt_consolidation,26300.0,36,Not Verified,0,13.0,16.22,Fully Paid
1598,LN100128,648,54600.0,6.4,MORTGAGE,major_purchase,22200.0,60,Verified,1,9.8,14.14,Current
1599,LN102641,684,43100.0,4.8,RENT,debt_consolidation,25800.0,36,Verified,1,3.6,12.57,Current
1600,LN102867,789,41000.0,10.2,MORTGAGE,debt_consolidation,18100.0,60,Source Verified,0,24.3,13.05,Charged Off
1601,LN104444,697,70400.0,1.2,MORTGAGE,major_purchase,10600.0,60,Not Verified,0,20.5,14.07,Fully Paid
1602,LN105007,718,37800.0,5.0,MORTGAGE,debt_consolidation,16100.0,60,Not Verified,0,3.1,16.36,Charged Off
1603,LN101967,684,32600.0,3.1,OTHER,debt_consolidation,5600.0,36,Verified,0,10.6,11.18,Current
1604,LN103943,736,86900.0,3.2,MORTGAGE,credit_card,19000.0,36,Verified,1,1.2,12.71,Fully Paid
1605,LN100405,673,11700.0,2.8,MORTGAGE,debt_consolidation,5300.0,36,Source Verified,0,64.1,15.62,Charged Off
1606,LN104350,677,69200.0,14.9,RENT,small_business,11600.0,60,Verified,0,13.2,14.94,Charged Off
1607,LN100968,750,56700.0,3.8,RENT,debt_consolidation,6300.0,60,Source Verified,0,7.7,11.83,Fully Paid
1608,LN104746,739,36100.0,2.6,RENT,debt_consolidation,6100.0,36,Verified,1,3.5,12.82,Fully Paid
1609,LN104272,0,15900.0,4.5,MORTGAGE,credit_card,14000.0,36,Source Verified,1,24.6,14.54,Charged Off
1610,LN101465,693,41100.0,10.6,OWN,debt_consolidation,14900.0,60,Verified,0,7.6,13.3,Fully Paid
1611,LN102381,741,34900.0,5.0,MORTGAGE,major_purchase,7600.0,36,Not Verified,0,15.9,11.51,Current
1612,LN100584,736,60500.0,99.0,MORTGAGE,small_business,5300.0,36,Not Verified,0,5.6,11.98,Fully Paid
1613,LN103074,772,117700.0,5.3,MORTGAGE,major_purchase,5400.0,36,Verified,0,2.6,7.67,Charged Off
1614,LN104810,694,-1.0,5.4,MORTGAGE,debt_consolidation,33200.0,60,Source Verified,0,0.0,15.34,Charged Off
1615,LN104884,719,68800.0,2.8,OTHER,credit_card,7500.0,36,Source Verified,0,10.4,12.37,Fully Paid
1616,LN103136,772,61300.0,8.2,MORTGAGE,small_business,5400.0,36,Verified,0,2.0,11.34,Fully Paid
1617,LN101451,723,44200.0,7.6,MORTGAGE,debt_consolidation,23700.0,36,Source Verified,0,11.4,12.36,Current
1618,LN103290,676,67800.0,0.9,RENT,debt_consolidation,6200.0,36,Not Verified,0,2.7,13.7,Fully Paid
1619,LN101421,676,88200.0,11.0,RENT,credit_card,12100.0,36,Not Verified,0,11.8,14.21,Charged Off
1620,LN101571,676,-1.0,5.4,MORTGAGE,debt_consolidation,24200.0,36,Not Verified,0,0.0,13.57,Charged Off
1621,LN104672,726,47500.0,8.2,MORTGAGE,other,9800.0,36,Not Verified,0,39.0,13.58,Current
1622,LN104297,647,112300.0,2.7,MORTGAGE,home_improvement,9800.0,36,Source Verified,0,4.4,15.12,Charged Off
1623,LN103249,702,52700.0,4.0,RENT,credit_card,5700.0,60,Source Verified,3,6.1,20.05,Current
1624,LN100663,668,27400.0,8.3,MORTGAGE,credit_card,7700.0,36,Not Verified,0,10.3,12.13,Fully Paid
1625,LN101533,614,34100.0,9.9,MORTGAGE,debt_consolidation,16100.0,36,Verified,0,7.1,13.56,Fully Paid
1626,LN103590,687,36600.0,4.5,OWN,home_improvement,10900.0,36,Verified,0,40.2,13.08,Current
1627,LN101074,631,94700.0,6.2,MORTGAGE,debt_consolidation,19900.0,36,Verified,0,6.9,11.84,Charged Off
1628,LN101913,500,71500.0,1.1,RENT,medical,14500.0,60,Verified,0,11.1,19.77,Current
1629,LN100307,775,60500.0,2.0,MORTGAGE,credit_card,3300.0,36,Source Verified,1,5.1,10.68,Current
1630,LN101232,613,79200.0,6.3,RENT,debt_consolidation,5300.0,60,Not Verified,0,19.4,16.84,Fully Paid
1631,LN100571,686,35200.0,4.2,RENT,credit_card,11400.0,60,Verified,0,22.1,16.64,Current
1632,LN102385,650,69800.0,10.0,RENT,debt_consolidation,11400.0,36,Not Verified,0,1.2,11.5,Fully Paid
1633,LN104594,739,91700.0,9.0,MORTGAGE,debt_consolidation,18800.0,36,Source Verified,0,6.3,10.52,Fully Paid
1634,LN103442,694,93400.0,6.4,MORTGAGE,major_purchase,39100.0,36,Verified,0,12.0,13.67,Current
1635,LN101194,816,15100.0,4.8,RENT,credit_card,23600.0,36,Verified,0,12.6,8.76,Current
1636,LN103807,700,89200.0,2.7,RENT,small_business,22100.0,36,Verified,1,4.5,11.64,Fully Paid
1637,LN102782,723,33800.0,99.0,MORTGAGE,home_improvement,6500.0,36,Verified,0,12.9,15.65,Current
1638,LN100717,735,29700.0,5.3,RENT,debt_consolidation,7900.0,36,Verified,0,13.8,13.07,Fully Paid
1639,LN100387,724,90200.0,2.1,OWN,credit_card,18600.0,36,Not Verified,1,5.6,12.69,Current
1640,LN103050,755,58700.0,10.7,RENT,debt_consolidation,2600.0,60,Source Verified,0,6.8,12.92,Current
1641,LN100912,726,65700.0,99.0,MORTGAGE,other,6300.0,36,Not Verified,0,10.9,10.55,Fully Paid
1642,LN102313,694,39600.0,4.3,OWN,credit_card,3800.0,36,Verified,1,6.2,11.42,Charged Off
1643,LN100431,721,120100.0,5.6,RENT,small_business,10400.0,36,Source Verified,0,2.1,13.42,Fully Paid
1644,LN104121,738,48000.0,7.1,OWN,debt_consolidation,12100.0,36,Verified,0,10.8,11.75,Fully Paid
1645,LN101087,590,58400.0,6.5,RENT,other,13900.0,60,Verified,0,10.3,19.15,Current
1646,LN101567,701,28600.0,6.1,OWN,debt_consolidation,8400.0,36,Verified,3,23.1,12.98,Fully Paid
1647,LN102655,652,25400.0,8.2,MORTGAGE,home_improvement,7300.0,60,Not Verified,0,31.5,15.82,Charged Off
1648,LN100446,759,43800.0,1.0,MORTGAGE,medical,7300.0,60,Verified,0,37.2,14.41,Fully Paid
1649,LN101197,630,33200.0,6.9,RENT,small_business,12400.0,60,Source Verified,2,29.8,20.07,Charged Off
1650,LN104649,675,47600.0,4.2,RENT,debt_consolidation,11900.0,36,Not Verified,2,24.4,11.5,Fully Paid
1651,LN104565,698,123900.0,6.6,MORTGAGE,debt_consolidation,8500.0,36,Verified,1,4.3,10.86,Charged Off
1652,LN104747,610,34100.0,7.3,RENT,home_improvement,5000.0,60,Source Verified,0,5.8,14.6,Charged Off
1653,LN103507,719,66700.0,2.6,RENT,credit_card,32000.0,36,Verified,0,12.1,12.77,Charged Off
1654,LN100262,705,51600.0,7.7,OWN,major_purchase,16200.0,36,Not Verified,0,10.7,13.03,Fully Paid
1655,LN101168,663,87800.0,3.0,MORTGAGE,credit_card,14600.0,36,Source Verified,2,4.1,14.56,Charged Off
1656,LN103995,646,41100.0,9.2,MORTGAGE,other,8000.0,60,Verified,0,10.6,14.85,Fully Paid
1657,LN100025,667,84700.0,3.9,MORTGAGE,debt_consolidation,13600.0,36,Source Verified,0,14.8,11.25,Charged Off
1658,LN100152,581,43000.0,1.5,MORTGAGE,credit_card,11400.0,36,Verified,0,11.7,15.25,Current
1659,LN103998,648,-1.0,0.7,OWN,debt_consolidation,6800.0,36,Source Verified,0,0.0,14.28,Fully Paid
1660,LN104808,653,52900.0,8.8,OWN,other,3700.0,36,Source Verified,0,9.3,10.16,Fully Paid
1661,LN104198,557,182800.0,7.4,RENT,debt_consolidation,15200.0,60,Source Verified,1,11.5,18.85,Charged Off
1662,LN101956,749,36900.0,15.0,RENT,other,12500.0,36,Not Verified,0,51.7,13.72,Charged Off
1663,LN103239,615,49500.0,7.0,MORTGAGE,debt_consolidation,15200.0,60,Verified,0,9.3,17.25,Fully Paid
1664,LN100507,718,93200.0,6.4,RENT,debt_consolidation,27000.0,60,Verified,0,4.5,15.28,Charged Off
1665,LN100160,627,45100.0,6.8,RENT,credit_card,6100.0,60,Source Verified,0,7.9,14.0,Fully Paid
1666,LN102004,599,29600.0,0.8,MORTGAGE,debt_consolidation,9800.0,60,Source Verified,0,9.8,15.26,Current
1667,LN105017,657,-1.0,2.9,MORTGAGE,major_purchase,4000.0,60,Verified,0,0.0,12.12,Charged Off
1668,LN105042,714,66600.0,7.6,MORTGAGE,major_purchase,7700.0,36,Verified,0,2.1,9.86,Fully Paid
1669,LN101414,779,120100.0,17.2,OWN,major_purchase,18700.0,36,Not Verified,0,7.3,9.81,Current
1670,LN100712,623,72400.0,16.2,OWN,debt_consolidation,6400.0,36,Source Verified,0,8.4,12.22,Current
1671,LN103497,760,66700.0,0.6,MORTGAGE,major_purchase,6400.0,36,Verified,0,7.1,10.16,Fully Paid
1672,LN103189,601,83000.0,16.1,MORTGAGE,debt_consolidation,13300.0,60,Source Verified,0,3.9,14.24,Current
1673,LN104567,702,132700.0,4.5,MORTGAGE,major_purchase,14400.0,36,Verified,0,8.9,12.61,Fully Paid
1674,LN104818,728,44300.0,2.5,RENT,debt_consolidation,20400.0,36,Not Verified,1,4.5,15.09,Fully Paid
1675,LN102571,732,26400.0,3.4,RENT,major_purchase,11200.0,60,Source Verified,0,3.5,17.07,Current
1676,LN104510,673,72200.0,5.8,RENT,small_business,16200.0,60,Source Verified,0,1.3,15.54,Charged Off
1677,LN104676,715,62600.0,0.9,MORTGAGE,debt_consolidation,12200.0,36,Not Verified,0,6.4,16.23,Current
1678,LN100828,769,22600.0,2.5,RENT,debt_consolidation,9900.0,60,Not Verified,0,8.4,15.54,Fully Paid
1679,LN100007,669,57600.0,0.8,RENT,credit_card,9700.0,60,Source Verified,0,15.6,17.45,Current
1680,LN101106,602,96800.0,3.2,OWN,credit_card,4400.0,36,Not Verified,1,3.0,14.16,Charged Off
1681,LN100382,586,66400.0,6.6,OWN,major_purchase,3700.0,60,Verified,0,1.4,14.78,Fully Paid
1682,LN105083,676,40800.0,6.0,OWN,home_improvement,13500.0,36,Source Verified,0,8.7,11.46,Charged Off
1683,LN104572,710,46200.0,5.5,OTHER,debt_consolidation,10000.0,36,Source Verified,1,14.9,11.33,Current
1684,LN100030,0,107700.0,9.0,RENT,debt_consolidation,3800.0,36,Verified,1,3.7,15.43,Current
1685,LN104363,651,52000.0,8.7,RENT,credit_card,19500.0,60,Source Verified,0,13.9,16.24,Current
1686,LN101046,655,88200.0,2.7,MORTGAGE,debt_consolidation,11900.0,36,Source Verified,0,7.0,14.46,Current
1687,LN105002,645,19500.0,0.8,RENT,debt_consolidation,4100.0,36,Verified,1,29.9,13.33,Current
1688,LN100623,650,42000.0,8.0,MORTGAGE,other,9900.0,60,Source Verified,0,26.8,15.85,Current
1689,LN100918,779,69000.0,2.2,MORTGAGE,other,6300.0,36,Not Verified,2,10.4,11.16,Current
1690,LN104901,695,64300.0,6.6,MORTGAGE,small_business,18000.0,60,Source Verified,0,18.4,18.34,Current
1691,LN102633,690,52500.0,6.7,MORTGAGE,credit_card,30000.0,60,Source Verified,0,34.6,17.64,Charged Off
1692,LN100208,633,-1.0,3.3,RENT,debt_consolidation,13200.0,36,Verified,0,0.0,12.47,Current
1693,LN104117,753,34000.0,12.3,MORTGAGE,debt_consolidation,12400.0,60,Not Verified,0,9.9,13.87,Current
1694,LN102309,707,36600.0,10.6,OTHER,small_business,19500.0,36,Source Verified,3,28.9,17.83,Fully Paid
1695,LN104840,702,38400.0,13.4,OWN,credit_card,28600.0,36,Verified,0,20.0,12.22,Current
1696,LN101944,665,55400.0,3.4,RENT,home_improvement,6800.0,36,Verified,1,16.2,12.48,Current
1697,LN100797,759,37800.0,2.6,RENT,home_improvement,1500.0,60,Not Verified,2,35.4,15.66,Fully Paid
1698,LN102629,687,36900.0,4.3,MORTGAGE,medical,31000.0,60,Source Verified,0,14.8,14.12,Charged Off
1699,LN104445,620,30900.0,2.2,MORTGAGE,debt_consolidation,24600.0,36,Not Verified,1,23.8,16.35,Charged Off
1700,LN101352,606,43500.0,6.0,RENT,credit_card,15300.0,36,Verified,1,1.7,14.62,Fully Paid
1701,LN102251,685,75800.0,12.4,RENT,debt_consolidation,9800.0,36,Verified,1,4.2,11.51,Fully Paid
1702,LN100646,730,60000.0,2.8,RENT,debt_consolidation,8000.0,36,Not Verified,0,4.0,11.72,Charged Off
1703,LN104023,590,50100.0,1.1,MORTGAGE,debt_consolidation,16300.0,36,Not Verified,0,33.1,17.74,Fully Paid
1704,LN103681,727,119800.0,10.9,MORTGAGE,small_business,5700.0,36,Not Verified,0,9.7,10.66,Fully Paid
1705,LN102206,660,65300.0,4.9,RENT,major_purchase,4800.0,36,Verified,0,0.4,10.44,Current
1706,LN100836,669,50200.0,11.0,OWN,home_improvement,7200.0,60,Source Verified,0,1.5,13.62,Fully Paid
1707,LN104833,637,31600.0,12.3,MORTGAGE,credit_card,6500.0,36,Verified,0,14.7,14.79,Fully Paid
1708,LN103196,605,59500.0,4.6,RENT,credit_card,6900.0,36,Verified,1,1.5,12.88,Fully Paid
1709,LN104886,705,44000.0,1.0,RENT,debt_consolidation,6600.0,36,Source Verified,0,13.2,12.43,Charged Off
1710,LN101139,690,53100.0,5.9,RENT,debt_consolidation,7600.0,36,Verified,1,7.7,15.11,Fully Paid
1711,LN102725,666,165400.0,11.3,OWN,credit_card,8700.0,36,Verified,0,6.6,12.3,Fully Paid
1712,LN101660,845,58000.0,12.4,RENT,major_purchase,6400.0,36,Not Verified,0,15.8,7.6,Current
1713,LN104358,661,31100.0,2.1,RENT,debt_consolidation,8200.0,60,Not Verified,1,11.7,17.58,Fully Paid
1714,LN101342,719,47600.0,7.0,MORTGAGE,debt_consolidation,15400.0,60,Source Verified,0,5.5,16.23,Charged Off
1715,LN102858,668,70700.0,11.3,RENT,medical,14000.0,36,Not Verified,0,5.8,13.09,Current
1716,LN103338,620,50400.0,21.4,MORTGAGE,home_improvement,10600.0,60,Verified,0,21.9,15.03,Fully Paid
1717,LN101383,679,85300.0,2.8,MORTGAGE,debt_consolidation,3000.0,36,Verified,1,5.8,11.78,Current
1718,LN100373,745,42400.0,5.1,MORTGAGE,debt_consolidation,12100.0,60,Source Verified,0,9.5,12.97,Fully Paid
1719,LN103331,688,60200.0,14.7,MORTGAGE,credit_card,10000.0,60,Not Verified,0,9.3,16.03,Fully Paid
1720,LN105132,691,-1.0,8.8,MORTGAGE,credit_card,12400.0,60,Verified,0,0.0,13.63,Fully Paid
1721,LN103743,731,87900.0,3.1,RENT,credit_card,11000.0,36,Source Verified,1,4.2,10.94,Fully Paid
1722,LN103325,708,59800.0,3.4,RENT,medical,16100.0,60,Source Verified,1,12.6,16.68,Fully Paid
1723,LN104356,745,25400.0,2.9,OWN,debt_consolidation,8900.0,36,Verified,0,12.0,9.23,Current
1724,LN104706,717,63200.0,3.3,RENT,debt_consolidation,14200.0,36,Verified,0,7.4,13.87,Fully Paid
1725,LN101137,692,44900.0,11.3,MORTGAGE,home_improvement,9000.0,36,Verified,1,15.9,13.38,Charged Off
1726,LN104326,758,50200.0,9.4,MORTGAGE,debt_consolidation,7700.0,36,Source Verified,0,6.1,9.61,Fully Paid
1727,LN103462,605,52100.0,2.0,OWN,major_purchase,6400.0,36,Verified,0,1.9,15.04,Fully Paid
1728,LN100750,691,62200.0,4.0,MORTGAGE,home_improvement,19600.0,36,Verified,1,19.2,13.41,Charged Off
1729,LN101434,705,-1.0,1.7,OWN,debt_consolidation,6500.0,36,Verified,0,0.0,9.36,Fully Paid
1730,LN100813,657,16300.0,6.7,RENT,home_improvement,5700.0,60,Source Verified,0,17.3,17.77,Charged Off
1731,LN103188,667,48200.0,4.5,RENT,credit_card,11600.0,60,Verified,0,20.3,16.81,Current
1732,LN100837,783,79600.0,6.8,MORTGAGE,small_business,7700.0,60,Source Verified,0,6.3,11.94,Charged Off
1733,LN102880,710,50300.0,2.3,RENT,debt_consolidation,6200.0,36,Verified,0,17.9,12.27,Current
1734,LN105019,747,41200.0,9.9,OWN,debt_consolidation,3600.0,36,Verified,0,16.7,11.88,Charged Off
1735,LN103518,691,23300.0,3.7,MORTGAGE,debt_consolidation,30600.0,36,Not Verified,0,65.0,15.67,Current
1736,LN104881,708,37600.0,1.4,RENT,home_improvement,22900.0,36,Not Verified,0,20.8,16.21,Current
1737,LN101815,660,121300.0,3.2,MORTGAGE,medical,10000.0,36,Verified,0,2.0,12.7,Fully Paid
1738,LN100676,845,63300.0,3.1,RENT,major_purchase,6200.0,36,Verified,0,13.5,8.42,Current
1739,LN102464,644,66900.0,4.1,RENT,small_business,5500.0,36,Source Verified,0,17.2,17.15,Fully Paid
1740,LN101526,768,25100.0,7.0,OWN,medical,4100.0,36,Source Verified,0,27.0,8.14,Fully Paid
1741,LN104478,739,44300.0,2.4,RENT,debt_consolidation,12700.0,36,Source Verified,0,12.9,12.05,Current
1742,LN103382,812,77300.0,3.8,MORTGAGE,home_improvement,3900.0,36,Verified,2,7.1,8.95,Fully Paid
1743,LN101148,756,191000.0,9.4,RENT,credit_card,16800.0,36,Source Verified,1,1.0,11.29,Fully Paid
1744,LN102213,806,61100.0,2.3,MORTGAGE,debt_consolidation,7500.0,36,Verified,0,1.1,6.91,Charged Off
1745,LN100722,542,136600.0,15.1,OTHER,debt_consolidation,9400.0,36,Not Verified,0,12.6,13.85,Fully Paid
1746,LN104626,655,30400.0,4.8,RENT,debt_consolidation,18500.0,36,Verified,0,24.9,12.95,Fully Paid
1747,LN100473,702,169000.0,2.0,MORTGAGE,debt_consolidation,5400.0,36,Verified,0,7.7,9.66,Current
1748,LN103718,720,67600.0,2.2,MORTGAGE,home_improvement,8800.0,60,Not Verified,1,3.4,12.54,Current
1749,LN104497,550,47000.0,11.0,RENT,debt_consolidation,4600.0,60,Source Verified,0,23.4,19.85,Current
1750,LN100612,597,37800.0,1.7,MORTGAGE,credit_card,7400.0,36,Source Verified,0,13.7,15.44,Fully Paid
1751,LN100049,694,54300.0,5.5,RENT,credit_card,7600.0,36,Source Verified,0,7.7,10.8,Current
1752,LN101736,601,33800.0,4.1,MORTGAGE,major_purchase,11500.0,36,Verified,0,13.5,14.01,Charged Off
1753,LN104369,738,78000.0,7.4,MORTGAGE,debt_consolidation,9900.0,36,Verified,1,5.5,10.6,Fully Paid
1754,LN102070,668,59500.0,7.7,RENT,debt_consolidation,7900.0,36,Not Verified,0,8.4,14.49,Charged Off
1755,LN104586,723,70000.0,0.7,MORTGAGE,medical,3700.0,60,Source Verified,1,15.2,13.1,Charged Off
1756,LN101537,580,45800.0,1.9,MORTGAGE,home_improvement,15500.0,60,Not Verified,0,21.1,18.69,Current
1757,LN101316,677,50100.0,7.8,OWN,home_improvement,10000.0,36,Verified,0,1.6,10.84,Charged Off
1758,LN101613,695,31000.0,5.4,RENT,home_improvement,8400.0,36,Verified,0,33.7,12.81,Charged Off
1759,LN100741,767,85600.0,1.4,MORTGAGE,home_improvement,20600.0,36,Source Verified,0,8.9,9.27,Charged Off
1760,LN103657,815,34100.0,4.0,RENT,medical,3500.0,36,Not Verified,0,20.6,11.91,Fully Paid
1761,LN101894,673,81500.0,6.8,MORTGAGE,credit_card,12200.0,36,Not Verified,1,17.7,13.01,Current
1762,LN103300,726,31600.0,99.0,MORTGAGE,home_improvement,21100.0,36,Not Verified,0,35.7,14.28,Charged Off
1763,LN104513,641,96200.0,8.2,OWN,home_improvement,20600.0,36,Verified,0,1.2,12.02,Current
1764,LN102832,753,-1.0,7.9,RENT,small_business,14700.0,60,Not Verified,0,0.0,18.21,Fully Paid
1765,LN101501,649,54500.0,2.9,MORTGAGE,other,8700.0,36,Verified,0,8.1,11.4,Current
1766,LN102379,684,35000.0,3.5,MORTGAGE,debt_consolidation,12900.0,60,Source Verified,1,15.3,16.6,Charged Off
1767,LN101235,638,55100.0,4.1,RENT,debt_consolidation,8600.0,36,Verified,0,5.7,14.58,Fully Paid
1768,LN102787,686,87200.0,1.8,RENT,home_improvement,9600.0,36,Verified,0,4.5,11.66,Current
1769,LN103121,702,26000.0,14.2,RENT,credit_card,7200.0,60,Source Verified,1,8.5,15.23,Charged Off
1770,LN101975,740,90800.0,3.4,OWN,debt_consolidation,9200.0,36,Verified,0,6.7,13.99,Fully Paid
1771,LN100559,632,50600.0,4.8,MORTGAGE,credit_card,22100.0,36,Source Verified,0,25.3,13.88,Charged Off
1772,LN101175,586,18900.0,1.0,MORTGAGE,medical,23400.0,36,Not Verified,0,24.5,17.89,Current
1773,LN101456,839,63400.0,2.9,RENT,major_purchase,9500.0,36,Verified,1,1.5,9.56,Fully Paid
1774,LN104130,756,44900.0,9.4,MORTGAGE,small_business,7800.0,36,Source Verified,0,0.8,12.53,Current
1775,LN102371,675,112200.0,2.2,OWN,debt_consolidation,18500.0,36,Not Verified,2,2.1,13.6,Current
1776,LN101711,542,66000.0,6.7,RENT,small_business,6100.0,36,Verified,0,7.7,16.74,Charged Off
1777,LN104894,634,29200.0,5.9,RENT,credit_card,27200.0,60,Not Verified,0,5.7,16.96,Charged Off
1778,LN102636,669,57700.0,5.7,RENT,debt_consolidation,12300.0,36,Verified,0,1.7,8.97,Fully Paid
1779,LN104336,700,70300.0,3.3,MORTGAGE,credit_card,17300.0,60,Source Verified,1,9.8,16.23,Current
1780,LN102049,617,36000.0,2.7,MORTGAGE,other,8700.0,36,Source Verified,0,1.3,13.64,Charged Off
1781,LN102811,666,88000.0,2.6,RENT,other,4800.0,36,Source Verified,0,3.6,12.39,Charged Off
1782,LN103732,850,41800.0,2.5,MORTGAGE,debt_consolidation,19600.0,36,Source Verified,1,14.6,9.73,Charged Off
1783,LN101328,682,29100.0,4.7,MORTGAGE,medical,6100.0,36,Not Verified,0,24.0,12.02,Current
1784,LN103673,564,39100.0,1.8,MORTGAGE,other,12700.0,36,Verified,0,25.1,17.48,Charged Off
1785,LN105145,697,23700.0,8.0,MORTGAGE,debt_consolidation,9900.0,60,Not Verified,0,26.8,19.02,Fully Paid
1786,LN104638,659,42700.0,1.7,MORTGAGE,debt_consolidation,6500.0,36,Not Verified,1,2.3,13.88,Fully Paid
1787,LN100012,694,42300.0,4.3,RENT,debt_consolidation,16600.0,60,Not Verified,0,9.7,18.71,Current
1788,LN100138,820,49300.0,7.2,MORTGAGE,medical,8600.0,36,Verified,0,19.2,10.99,Fully Paid
1789,LN101002,663,-1.0,18.5,MORTGAGE,debt_consolidation,7200.0,60,Source Verified,0,0.0,12.07,Charged Off
1790,LN103728,708,-1.0,2.6,MORTGAGE,credit_card,4500.0,36,Source Verified,0,0.0,12.11,Charged Off
1791,LN101127,684,40200.0,13.4,RENT,credit_card,6800.0,60,Not Verified,1,16.4,17.49,Current
1792,LN100082,666,41600.0,17.9,MORTGAGE,home_improvement,5200.0,60,Not Verified,1,14.3,14.43,Fully Paid
1793,LN104660,585,37600.0,4.1,OTHER,debt_consolidation,20600.0,36,Source Verified,0,35.5,15.28,Fully Paid
1794,LN100567,648,116800.0,9.3,MORTGAGE,credit_card,8300.0,36,Source Verified,0,2.9,13.22,Charged Off
1795,LN102759,747,37300.0,2.5,MORTGAGE,debt_consolidation,2700.0,36,Verified,0,33.7,10.56,Charged Off
1796,LN100002,739,22700.0,3.0,MORTGAGE,credit_card,15800.0,36,Verified,1,24.9,13.83,Charged Off
1797,LN103341,740,72300.0,3.8,RENT,credit_card,10100.0,60,Source Verified,0,8.2,12.34,Current
1798,LN103092,751,101500.0,11.3,RENT,major_purchase,6100.0,60,Not Verified,1,3.4,12.52,Charged Off
1799,LN102776,726,37500.0,6.1,MORTGAGE,debt_consolidation,4200.0,36,Verified,0,10.9,10.71,Fully Paid
1800,LN105158,649,67800.0,7.7,MORTGAGE,debt_consolidation,2800.0,36,Not Verified,2,9.9,14.84,Charged Off
1801,LN100508,654,34000.0,7.5,RENT,debt_consolidation,8800.0,36,Not Verified,0,27.8,14.73,Fully Paid
1802,LN104343,658,83300.0,13.3,RENT,credit_card,10700.0,36,Verified,0,6.1,14.73,Current
1803,LN102509,670,46100.0,4.8,OTHER,debt_consolidation,19500.0,60,Source Verified,0,26.8,15.0,Charged Off
1804,LN102773,679,98100.0,11.6,MORTGAGE,credit_card,14300.0,60,Not Verified,0,4.4,13.99,Fully Paid
1805,LN105082,696,37700.0,5.7,MORTGAGE,debt_consolidation,9000.0,36,Not Verified,0,7.6,13.07,Current
1806,LN101897,719,43800.0,14.4,MORTGAGE,home_improvement,5500.0,60,Verified,0,1.3,8.46,Fully Paid
1807,LN101167,807,76000.0,5.3,RENT,debt_consolidation,7300.0,36,Source Verified,2,6.3,11.98,Fully Paid
1808,LN102273,749,25400.0,14.2,RENT,debt_consolidation,17600.0,36,Not Verified,0,7.5,10.1,Current
1809,LN104316,730,32600.0,1.1,RENT,small_business,13600.0,36,Source Verified,0,9.8,12.33,Charged Off
1810,LN101672,699,96800.0,4.8,OWN,debt_consolidation,9100.0,36,Source Verified,0,3.6,10.66,Charged Off
1811,LN102570,838,46200.0,9.4,RENT,small_business,9800.0,60,Source Verified,0,6.6,10.32,Fully Paid
1812,LN100346,652,47800.0,7.9,OWN,home_improvement,11200.0,60,Verified,1,25.2,16.9,Current
1813,LN100929,695,32200.0,4.3,OWN,debt_consolidation,5100.0,60,Verified,0,41.6,13.05,Charged Off
1814,LN104375,547,155000.0,6.3,MORTGAGE,debt_consolidation,5500.0,36,Source Verified,0,2.5,13.5,Current
1815,LN103699,610,66900.0,2.7,MORTGAGE,credit_card,3300.0,60,Verified,1,4.5,12.9,Current
1816,LN104684,648,34900.0,99.0,MORTGAGE,other,6600.0,36,Verified,0,54.5,17.94,Fully Paid
1817,LN100576,777,68700.0,5.5,MORTGAGE,other,20700.0,60,Verified,1,9.9,15.54,Fully Paid
1818,LN100168,680,37700.0,3.8,RENT,credit_card,4600.0,36,Verified,0,4.9,10.1,Current
1819,LN101027,692,36200.0,8.3,MORTGAGE,debt_consolidation,13800.0,36,Not Verified,1,7.6,12.88,Fully Paid
1820,LN102804,634,55000.0,5.8,MORTGAGE,small_business,13200.0,36,Not Verified,0,10.5,15.07,Fully Paid
1821,LN104887,794,49500.0,5.6,OWN,debt_consolidation,6900.0,36,Not Verified,0,3.0,10.55,Current
1822,LN102238,631,57100.0,10.2,MORTGAGE,small_business,12600.0,36,Not Verified,2,23.4,16.61,Current
1823,LN102180,828,-1.0,12.4,RENT,debt_consolidation,2700.0,36,Verified,0,0.0,4.69,Fully Paid
1824,LN100703,686,33700.0,6.8,MORTGAGE,credit_card,24400.0,36,Source Verified,1,26.4,16.25,Charged Off
1825,LN103116,647,65000.0,8.2,RENT,debt_consolidation,10300.0,36,Source Verified,0,6.2,12.7,Fully Paid
1826,LN102715,694,100800.0,12.2,MORTGAGE,debt_consolidation,10500.0,60,Verified,1,7.7,12.07,Fully Paid
1827,LN103876,617,65800.0,2.4,MORTGAGE,other,11000.0,60,Verified,0,12.8,17.1,Charged Off
1828,LN103344,0,93100.0,3.8,OWN,medical,22600.0,60,Source Verified,0,15.9,19.45,Current
1829,LN101741,786,94600.0,2.9,RENT,home_improvement,7400.0,36,Verified,2,13.3,11.03,Fully Paid
1830,LN104082,695,36200.0,11.9,MORTGAGE,other,6800.0,36,Verified,1,1.3,12.24,Fully Paid
1831,LN103164,648,56600.0,0.6,RENT,debt_consolidation,13100.0,36,Verified,1,8.5,13.38,Fully Paid
1832,LN103308,624,59000.0,5.4,MORTGAGE,credit_card,23100.0,36,Not Verified,0,13.7,15.14,Charged Off
1833,LN104426,701,51300.0,13.3,OWN,debt_consolidation,8400.0,36,Not Verified,0,9.7,13.2,Current
1834,LN101039,734,-1.0,9.8,MORTGAGE,debt_consolidation,23900.0,60,Not Verified,1,0.0,17.35,Charged Off
1835,LN104250,0,83300.0,4.9,RENT,home_improvement,4900.0,36,Source Verified,1,4.8,11.29,Fully Paid
1836,LN102622,790,118000.0,3.1,RENT,debt_consolidation,7800.0,36,Not Verified,0,0.3,11.3,Fully Paid
1837,LN102493,640,64700.0,3.6,MORTGAGE,credit_card,5200.0,60,Source Verified,0,26.5,15.84,Charged Off
1838,LN102110,715,57200.0,5.0,MORTGAGE,debt_consolidation,9700.0,36,Not Verified,3,14.4,14.66,Current
1839,LN103048,748,45400.0,3.1,MORTGAGE,credit_card,20400.0,36,Not Verified,0,11.5,10.32,Fully Paid
1840,LN102290,719,66500.0,7.4,RENT,debt_consolidation,9200.0,60,Verified,1,9.6,12.94,Charged Off
1841,LN100654,728,49800.0,6.4,OWN,debt_consolidation,12800.0,36,Source Verified,0,4.3,10.2,Charged Off
1842,LN104256,577,29800.0,6.9,MORTGAGE,small_business,6400.0,36,Verified,1,8.8,15.14,Current
1843,LN102510,651,31200.0,8.5,RENT,credit_card,4800.0,60,Verified,1,18.7,16.82,Charged Off
1844,LN101169,666,71200.0,1.0,MORTGAGE,credit_card,9900.0,60,Verified,1,15.2,13.88,Charged Off
1845,LN100658,769,76400.0,6.5,RENT,small_business,18900.0,36,Verified,1,2.6,11.78,Charged Off
1846,LN101960,701,43600.0,5.6,MORTGAGE,debt_consolidation,6600.0,60,Source Verified,0,12.5,10.95,Current
1847,LN102111,722,66200.0,3.7,RENT,medical,9000.0,60,Not Verified,0,3.5,14.01,Fully Paid
1848,LN103041,682,45500.0,6.4,MORTGAGE,debt_consolidation,21100.0,36,Source Verified,0,3.5,13.07,Fully Paid
1849,LN102452,725,30700.0,10.6,MORTGAGE,major_purchase,7500.0,36,Source Verified,0,47.0,12.42,Fully Paid
1850,LN103412,698,65900.0,11.5,MORTGAGE,debt_consolidation,19800.0,36,Verified,1,4.9,11.64,Current
1851,LN104045,680,53800.0,2.7,MORTGAGE,credit_card,20700.0,36,Verified,0,6.0,14.11,Current
1852,LN100876,689,54400.0,2.9,MORTGAGE,credit_card,11500.0,36,Verified,0,17.8,10.19,Charged Off
1853,LN103589,654,110900.0,5.1,RENT,major_purchase,4900.0,36,Not Verified,1,8.3,14.22,Current
1854,LN102845,622,55400.0,8.4,MORTGAGE,home_improvement,8500.0,36,Source Verified,0,2.8,10.65,Fully Paid
1855,LN100466,671,45600.0,13.9,OWN,debt_consolidation,14300.0,60,Not Verified,0,2.1,14.31,Charged Off
1856,LN104503,742,66500.0,7.3,MORTGAGE,home_improvement,14100.0,36,Verified,0,5.0,11.84,Charged Off
1857,LN101595,719,76500.0,9.0,MORTGAGE,other,4800.0,36,Source Verified,0,19.6,12.85,Fully Paid
1858,LN101118,713,58300.0,10.9,RENT,debt_consolidation,9600.0,36,Not Verified,0,5.2,11.29,Fully Paid
1859,LN100385,638,90300.0,5.0,MORTGAGE,debt_consolidation,7800.0,36,Verified,0,2.0,11.63,Fully Paid
1860,LN103782,629,45500.0,2.5,RENT,debt_consolidation,4500.0,36,Verified,3,4.7,17.61,Current
1861,LN102399,728,53900.0,7.1,RENT,home_improvement,19900.0,36,Source Verified,0,7.4,11.34,Current
1862,LN100926,679,69800.0,24.8,MORTGAGE,debt_consolidation,10300.0,36,Not Verified,0,11.3,11.72,Current
1863,LN104413,0,17300.0,4.5,MORTGAGE,debt_consolidation,4700.0,36,Verified,0,12.1,14.89,Current
1864,LN104188,0,54200.0,1.2,OWN,debt_consolidation,15200.0,36,Source Verified,1,14.1,14.84,Fully Paid
1865,LN102176,721,47000.0,4.2,RENT,credit_card,10400.0,36,Source Verified,0,8.7,12.7,Charged Off
1866,LN100118,794,67000.0,14.3,RENT,small_business,25900.0,60,Not Verified,0,16.7,18.19,Current
1867,LN102182,569,220200.0,4.5,MORTGAGE,medical,10500.0,60,Source Verified,0,7.1,13.44,Fully Paid
1868,LN100637,618,-1.0,3.5,RENT,debt_consolidation,2900.0,60,Verified,0,0.0,13.18,Charged Off
1869,LN103546,794,140000.0,1.5,RENT,credit_card,16500.0,36,Verified,1,4.3,11.72,Current
1870,LN103799,687,65500.0,10.1,OWN,other,6600.0,60,Source Verified,0,5.3,13.42,Current
1871,LN103757,607,78800.0,9.9,OWN,medical,29700.0,36,Source Verified,0,7.3,15.75,Charged Off
1872,LN101974,603,34000.0,3.2,MORTGAGE,medical,9000.0,36,Verified,1,65.0,14.75,Charged Off
1873,LN104108,785,57400.0,7.3,RENT,major_purchase,15800.0,36,Verified,0,3.9,10.25,Charged Off
1874,LN101813,690,58400.0,3.7,RENT,debt_consolidation,3600.0,36,Source Verified,1,7.9,10.79,Charged Off
1875,LN103152,717,47500.0,2.3,RENT,debt_consolidation,6800.0,36,Verified,0,5.7,12.02,Current
1876,LN104252,721,89400.0,1.4,MORTGAGE,major_purchase,6900.0,60,Source Verified,2,0.9,15.74,Current
1877,LN101906,692,56000.0,4.5,MORTGAGE,major_purchase,31200.0,60,Verified,1,13.2,13.89,Fully Paid
1878,LN102710,687,62800.0,3.7,MORTGAGE,credit_card,22900.0,36,Not Verified,0,10.7,14.43,Charged Off
1879,LN101895,652,43200.0,6.0,RENT,other,16100.0,36,Not Verified,1,9.5,16.12,Charged Off
1880,LN101210,748,95600.0,11.1,RENT,debt_consolidation,21400.0,60,Verified,0,3.2,13.18,Fully Paid
1881,LN103912,659,21700.0,13.6,RENT,credit_card,7800.0,60,Verified,1,15.5,16.57,Charged Off
1882,LN103557,717,27000.0,3.0,RENT,debt_consolidation,15400.0,36,Source Verified,0,12.9,12.1,Fully Paid
1883,LN104209,668,54300.0,6.7,RENT,major_purchase,18700.0,36,Verified,0,17.1,12.07,Charged Off
1884,LN100142,551,41300.0,5.8,RENT,credit_card,5300.0,36,Verified,1,24.4,17.44,Fully Paid
1885,LN102496,682,-1.0,4.5,RENT,home_improvement,19900.0,36,Verified,0,0.0,12.1,Fully Paid
1886,LN103371,590,74300.0,1.7,RENT,other,6800.0,60,Source Verified,0,9.0,18.35,Current
1887,LN100287,693,23400.0,0.8,RENT,home_improvement,5100.0,60,Verified,0,65.0,12.82,Charged Off
1888,LN102060,596,24600.0,3.1,RENT,other,16400.0,36,Verified,0,17.7,16.65,Current
1889,LN101568,737,49500.0,6.5,OWN,debt_consolidation,21000.0,36,Verified,1,3.3,10.95,Fully Paid
1890,LN104947,713,95500.0,7.9,RENT,small_business,7300.0,36,Verified,0,7.5,10.38,Current
1891,LN102755,612,37400.0,99.0,MORTGAGE,debt_consolidation,6100.0,60,Source Verified,2,6.3,18.78,Fully Paid
1892,LN102763,748,32900.0,8.8,MORTGAGE,debt_consolidation,23600.0,36,Source Verified,0,18.7,11.63,Current
1893,LN100947,500,39200.0,4.5,RENT,home_improvement,12300.0,36,Source Verified,1,5.1,18.05,Fully Paid
1894,LN103353,638,70100.0,99.0,MORTGAGE,home_improvement,15300.0,60,Source Verified,1,11.7,16.56,Fully Paid
1895,LN103461,598,44300.0,5.9,RENT,credit_card,12100.0,36,Verified,0,2.1,13.77,Charged Off
1896,LN100088,721,75200.0,1.7,MORTGAGE,other,2700.0,60,Source Verified,0,7.3,11.66,Current
1897,LN102352,688,119400.0,11.4,MORTGAGE,other,8100.0,60,Source Verified,0,8.8,12.84,Fully Paid
1898,LN101200,0,40300.0,1.9,OWN,major_purchase,13700.0,36,Source Verified,0,14.6,13.87,Fully Paid
1899,LN103839,0,-1.0,1.4,RENT,credit_card,18300.0,36,Verified,0,0.0,12.33,Charged Off
1900,LN104680,795,-1.0,2.3,MORTGAGE,debt_consolidation,10500.0,36,Not Verified,0,0.0,9.22,Fully Paid
1901,LN101390,646,68600.0,4.0,MORTGAGE,medical,7300.0,60,Source Verified,0,0.4,14.57,Charged Off
1902,LN104467,670,29900.0,7.3,MORTGAGE,small_business,5100.0,36,Verified,1,9.1,11.94,Current
1903,LN101947,631,41400.0,2.0,RENT,home_improvement,5800.0,60,Source Verified,0,10.3,17.35,Fully Paid
1904,LN101678,643,56100.0,2.6,RENT,debt_consolidation,14100.0,36,Verified,1,11.6,14.9,Fully Paid
1905,LN103622,633,-1.0,5.6,RENT,credit_card,5800.0,36,Source Verified,0,0.0,11.84,Current
1906,LN103055,616,52100.0,4.5,RENT,other,8200.0,60,Verified,1,0.9,17.53,Current
1907,LN102927,708,49200.0,5.6,OWN,home_improvement,19500.0,36,Verified,0,5.0,10.74,Current
1908,LN104334,728,47300.0,1.1,OTHER,debt_consolidation,15200.0,36,Not Verified,0,11.6,13.49,Fully Paid
1909,LN103128,643,59100.0,11.7,OTHER,medical,8500.0,60,Not Verified,0,16.7,17.65,Charged Off
1910,LN103812,656,-1.0,0.7,MORTGAGE,medical,9200.0,60,Not Verified,0,0.0,17.47,Current
1911,LN104641,650,112300.0,10.8,RENT,debt_consolidation,12400.0,36,Source Verified,0,1.5,11.85,Current
1912,LN101608,676,49100.0,10.3,RENT,small_business,10600.0,36,Source Verified,0,13.4,14.72,Fully Paid
1913,LN103761,739,36600.0,99.0,OWN,small_business,7100.0,36,Verified,0,11.6,13.73,Fully Paid
1914,LN101848,665,69000.0,4.7,MORTGAGE,debt_consolidation,35900.0,36,Verified,0,10.3,11.35,Fully Paid
1915,LN102324,535,45200.0,7.1,RENT,credit_card,6900.0,36,Verified,1,10.1,16.16,Fully Paid
1916,LN102392,582,-1.0,8.1,MORTGAGE,credit_card,3400.0,36,Verified,0,0.0,13.68,Current
1917,LN100419,778,89300.0,8.1,MORTGAGE,debt_consolidation,7300.0,36,Verified,0,4.1,8.58,Current
1918,LN103111,769,71200.0,2.8,MORTGAGE,debt_consolidation,17500.0,60,Verified,0,3.6,12.14,Charged Off
1919,LN104397,660,107300.0,7.3,RENT,small_business,3300.0,36,Verified,0,9.0,11.34,Charged Off
1920,LN101869,705,49900.0,4.6,MORTGAGE,medical,13800.0,60,Source Verified,0,39.3,15.49,Fully Paid
1921,LN104133,685,35200.0,20.1,RENT,credit_card,21200.0,36,Verified,0,5.5,12.76,Fully Paid
1922,LN100455,700,34400.0,1.4,RENT,medical,11800.0,60,Not Verified,0,31.5,18.74,Fully Paid
1923,LN104412,739,47500.0,1.7,RENT,small_business,8500.0,60,Verified,0,0.9,14.41,Current
1924,LN103991,623,50500.0,6.4,MORTGAGE,credit_card,14600.0,36,Verified,0,7.7,12.91,Current
1925,LN101247,572,47200.0,1.9,RENT,debt_consolidation,9200.0,36,Not Verified,0,39.4,14.8,Charged Off
1926,LN102683,645,29100.0,7.8,RENT,credit_card,3600.0,60,Not Verified,0,20.1,17.32,Fully Paid
1927,LN102152,635,23700.0,13.5,OWN,medical,3900.0,60,Verified,1,23.9,16.56,Charged Off
1928,LN104098,718,138200.0,4.7,RENT,debt_consolidation,9100.0,60,Source Verified,0,1.7,17.25,Fully Paid
1929,LN100754,806,97500.0,4.1,MORTGAGE,debt_consolidation,8400.0,60,Not Verified,1,2.1,11.88,Charged Off
1930,LN103203,762,81800.0,0.2,MORTGAGE,debt_consolidation,11700.0,36,Not Verified,0,4.7,12.91,Current
1931,LN103002,818,20300.0,4.3,MORTGAGE,credit_card,10400.0,36,Not Verified,1,7.5,9.78,Current
1932,LN104764,768,149100.0,4.9,RENT,major_purchase,5700.0,36,Verified,0,2.0,9.48,Current
1933,LN104697,684,49700.0,5.1,MORTGAGE,debt_consolidation,5000.0,36,Verified,0,10.8,10.86,Current
1934,LN101862,782,26800.0,6.4,OWN,credit_card,10100.0,60,Source Verified,0,47.8,15.68,Charged Off
1935,LN101745,640,-1.0,2.0,RENT,credit_card,12600.0,60,Verified,0,0.0,16.24,Current
1936,LN103763,728,12900.0,5.1,RENT,medical,6600.0,36,Not Verified,1,65.0,18.05,Fully Paid
1937,LN102928,602,45800.0,3.4,MORTGAGE,debt_consolidation,25900.0,60,Source Verified,0,8.8,18.57,Fully Paid
1938,LN103582,695,25900.0,13.4,RENT,small_business,9200.0,36,Verified,0,3.4,12.28,Fully Paid
1939,LN101413,772,53000.0,1.0,MORTGAGE,other,8700.0,36,Source Verified,0,25.5,11.32,Charged Off
1940,LN101166,850,87500.0,1.6,RENT,credit_card,7200.0,36,Source Verified,0,12.9,9.46,Charged Off
1941,LN103077,578,59700.0,18.2,OWN,debt_consolidation,14800.0,36,Not Verified,0,8.0,15.54,Current
1942,LN105074,771,-1.0,16.7,RENT,credit_card,6700.0,36,Verified,0,0.0,11.35,Current
1943,LN101126,805,49200.0,2.5,RENT,major_purchase,4800.0,36,Source Verified,1,9.2,9.73,Current
1944,LN104559,608,66100.0,7.1,MORTGAGE,credit_card,7900.0,60,Verified,0,14.2,16.43,Fully Paid
1945,LN102057,572,35900.0,99.0,RENT,home_improvement,26300.0,36,Source Verified,0,65.0,19.72,Charged Off
1946,LN103486,738,22100.0,7.7,MORTGAGE,credit_card,10400.0,36,Verified,0,15.9,11.89,Fully Paid
1947,LN104379,604,55200.0,18.9,RENT,home_improvement,11500.0,60,Not Verified,0,18.5,17.91,Fully Paid
1948,LN100749,632,118700.0,7.1,MORTGAGE,small_business,16500.0,60,Verified,0,1.7,16.22,Current
1949,LN102173,611,65500.0,2.5,MORTGAGE,debt_consolidation,9900.0,60,Not Verified,0,9.9,15.57,Fully Paid
1950,LN100391,694,80100.0,6.1,MORTGAGE,debt_consolidation,39400.0,36,Source Verified,1,7.6,13.7,Fully Paid
1951,LN100997,698,37500.0,7.2,MORTGAGE,debt_consolidation,13000.0,36,Source Verified,0,11.1,13.41,Fully Paid
1952,LN102098,572,76400.0,5.9,MORTGAGE,debt_consolidation,6700.0,36,Verified,0,4.9,14.8,Current
1953,LN100914,754,52300.0,99.0,OWN,debt_consolidation,14000.0,36,Source Verified,0,11.6,13.01,Charged Off
1954,LN102809,601,74400.0,17.3,OWN,major_purchase,11200.0,36,Verified,0,8.1,10.46,Current
1955,LN103523,587,29500.0,4.4,MORTGAGE,debt_consolidation,12200.0,60,Not Verified,0,2.1,18.79,Fully Paid
1956,LN101945,573,55900.0,7.6,RENT,debt_consolidation,40000.0,36,Source Verified,1,1.3,15.49,Fully Paid
1957,LN102372,683,49100.0,6.4,MORTGAGE,debt_consolidation,15400.0,60,Not Verified,0,3.8,16.38,Current
1958,LN101939,638,64500.0,5.8,RENT,home_improvement,7600.0,60,Not Verified,0,5.0,16.27,Current
1959,LN100563,640,57600.0,99.0,RENT,major_purchase,12700.0,36,Source Verified,0,16.2,13.05,Current
1960,LN105061,742,-1.0,5.2,RENT,medical,12700.0,60,Not Verified,0,0.0,15.13,Current
1961,LN101354,814,77700.0,0.7,MORTGAGE,credit_card,5400.0,36,Source Verified,0,1.4,9.09,Current
1962,LN101424,702,31100.0,2.8,RENT,credit_card,7400.0,36,Verified,0,35.1,12.99,Charged Off
1963,LN100746,0,46800.0,4.3,OWN,major_purchase,8400.0,36,Source Verified,0,22.0,14.0,Fully Paid
1964,LN100158,658,27100.0,13.6,RENT,major_purchase,5400.0,60,Verified,0,7.7,12.34,Charged Off
1965,LN100485,679,28500.0,1.7,RENT,small_business,8400.0,60,Not Verified,1,12.6,19.72,Current
1966,LN100347,728,90700.0,2.8,RENT,debt_consolidation,9000.0,36,Source Verified,0,17.9,11.62,Current
1967,LN103978,738,58100.0,3.3,MORTGAGE,debt_consolidation,7600.0,36,Verified,1,6.7,12.64,Charged Off
1968,LN102540,721,113900.0,4.3,OTHER,small_business,4900.0,36,Verified,1,7.9,11.94,Fully Paid
1969,LN101392,655,47200.0,1.2,MORTGAGE,debt_consolidation,22100.0,60,Not Verified,0,21.7,17.11,Current
1970,LN101560,665,26000.0,3.7,MORTGAGE,medical,4500.0,36,Verified,0,36.2,15.26,Charged Off
1971,LN101921,757,41500.0,8.0,RENT,debt_consolidation,17400.0,36,Source Verified,3,10.8,12.32,Charged Off
1972,LN100351,745,-1.0,11.6,RENT,credit_card,5700.0,60,Verified,0,0.0,14.34,Current
1973,LN103107,699,57900.0,5.9,RENT,home_improvement,19400.0,36,Source Verified,0,8.6,9.82,Charged Off
1974,LN104416,770,90100.0,8.9,RENT,medical,6700.0,36,Not Verified,3,7.7,13.99,Charged Off
1975,LN100800,635,119800.0,8.4,RENT,home_improvement,8100.0,60,Verified,0,12.3,14.76,Charged Off
1976,LN103603,785,86400.0,10.0,RENT,major_purchase,17800.0,36,Verified,0,19.5,10.44,Current
1977,LN100640,593,35100.0,0.6,OWN,credit_card,3900.0,36,Source Verified,1,63.5,18.34,Charged Off
1978,LN100350,0,34600.0,3.1,MORTGAGE,debt_consolidation,11800.0,36,Verified,0,24.5,14.18,Current
1979,LN100090,733,91400.0,6.7,MORTGAGE,credit_card,6300.0,36,Source Verified,0,1.2,12.26,Current
1980,LN104816,812,52600.0,2.8,OWN,debt_consolidation,8100.0,60,Source Verified,0,1.6,12.34,Fully Paid
1981,LN104904,827,77700.0,3.1,RENT,medical,8200.0,60,Source Verified,0,4.3,11.7,Charged Off
1982,LN100895,758,60400.0,5.9,MORTGAGE,debt_consolidation,5900.0,60,Verified,1,5.4,10.61,Fully Paid
1983,LN102745,765,120600.0,13.0,RENT,debt_consolidation,12700.0,36,Source Verified,1,2.8,7.89,Current
1984,LN100206,635,112600.0,3.8,OWN,home_improvement,8700.0,60,Not Verified,0,9.4,14.4,Charged Off
1985,LN103712,680,81400.0,18.9,OWN,credit_card,13300.0,36,Verified,0,13.9,12.5,Fully Paid
1986,LN103015,653,34900.0,6.5,OWN,credit_card,5100.0,36,Verified,0,7.9,13.36,Current
1987,LN100685,659,-1.0,2.8,MORTGAGE,home_improvement,4500.0,60,Verified,0,0.0,12.31,Current
1988,LN103899,711,73400.0,2.2,RENT,credit_card,9200.0,36,Verified,0,5.6,11.56,Charged Off
1989,LN100586,614,23700.0,3.4,RENT,home_improvement,6300.0,36,Source Verified,0,27.6,14.48,Current
1990,LN101288,820,42000.0,7.0,RENT,major_purchase,40000.0,36,Source Verified,0,2.1,11.95,Fully Paid
1991,LN103531,678,121500.0,17.4,RENT,debt_consolidation,7400.0,36,Source Verified,0,3.9,10.8,Fully Paid
1992,LN104789,728,44400.0,6.0,MORTGAGE,home_improvement,3500.0,60,Verified,1,22.5,14.48,Fully Paid
1993,LN104745,706,42000.0,7.6,RENT,medical,5100.0,36,Verified,1,36.1,12.09,Fully Paid
1994,LN104283,660,43000.0,2.2,RENT,debt_consolidation,11500.0,36,Not Verified,0,32.5,14.44,Charged Off
1995,LN105176,828,89700.0,7.2,RENT,debt_consolidation,8000.0,36,Source Verified,0,3.5,7.26,Fully Paid
1996,LN105099,624,48800.0,1.0,OWN,debt_consolidation,7800.0,36,Verified,1,16.9,13.44,Current
1997,LN100020,678,56100.0,4.5,RENT,credit_card,12900.0,60,Not Verified,0,10.4,17.29,Current
1998,LN103426,715,-1.0,8.7,RENT,debt_consolidation,11500.0,36,Verified,0,0.0,11.33,Fully Paid
1999,LN102777,660,49300.0,2.9,RENT,debt_consolidation,17800.0,60,Verified,1,5.6,14.68,Fully Paid
2000,LN100667,721,-1.0,9.4,MORTGAGE,small_business,4800.0,60,Not Verified,0,0.0,13.26,Charged Off
2001,LN100958,690,56100.0,3.2,MORTGAGE,debt_consolidation,7700.0,60,Verified,0,5.8,13.79,Current
2002,LN104163,603,56700.0,6.3,RENT,major_purchase,9500.0,60,Verified,1,6.1,15.46,Current
2003,LN104858,656,50300.0,3.1,MORTGAGE,home_improvement,19100.0,60,Not Verified,0,20.0,16.45,Current
2004,LN103795,679,60600.0,0.2,RENT,credit_card,5800.0,60,Source Verified,1,8.1,15.31,Current
2005,LN102285,714,60300.0,5.2,MORTGAGE,medical,11100.0,36,Verified,0,8.1,11.63,Fully Paid
2006,LN104111,726,123900.0,4.0,RENT,home_improvement,14400.0,60,Verified,0,1.9,12.42,Charged Off
2007,LN103313,699,68400.0,7.4,RENT,debt_consolidation,9600.0,60,Source Verified,0,5.6,13.09,Current
2008,LN104939,628,48200.0,1.1,OWN,credit_card,7900.0,36,Verified,0,9.2,13.62,Charged Off
2009,LN100545,680,66500.0,3.1,MORTGAGE,other,4900.0,36,Not Verified,0,1.8,13.0,Charged Off
2010,LN102942,692,52400.0,5.7,RENT,debt_consolidation,10100.0,36,Source Verified,0,2.0,14.46,Charged Off
2011,LN102705,679,100800.0,5.2,MORTGAGE,credit_card,10500.0,36,Verified,0,6.6,11.57,Fully Paid
2012,LN103533,713,42300.0,29.7,OWN,home_improvement,6700.0,36,Not Verified,0,2.4,9.11,Fully Paid
2013,LN104949,745,41400.0,3.0,MORTGAGE,small_business,8100.0,36,Verified,0,21.9,13.61,Current
2014,LN103354,0,43700.0,6.1,RENT,other,8000.0,36,Not Verified,0,26.4,15.57,Fully Paid
2015,LN103648,779,56700.0,3.5,OWN,debt_consolidation,6900.0,36,Verified,0,9.5,10.58,Current
2016,LN100544,674,65900.0,14.6,RENT,credit_card,10300.0,36,Verified,0,14.1,11.99,Fully Paid
2017,LN101932,634,-1.0,2.0,MORTGAGE,credit_card,17400.0,36,Source Verified,1,0.0,13.25,Charged Off
2018,LN101092,742,112400.0,2.6,MORTGAGE,home_improvement,9900.0,36,Verified,1,3.4,10.63,Fully Paid
2019,LN103692,564,79600.0,3.5,RENT,debt_consolidation,3900.0,36,Source Verified,0,5.9,12.69,Fully Paid
2020,LN101437,498,45800.0,6.2,OTHER,debt_consolidation,19900.0,36,Source Verified,1,5.7,16.69,Current
2021,LN101548,726,39000.0,8.6,RENT,small_business,13300.0,36,Not Verified,1,8.6,14.1,Fully Paid
2022,LN104785,589,60600.0,99.0,RENT,debt_consolidation,4800.0,36,Not Verified,0,10.5,15.86,Charged Off
2023,LN101297,647,43800.0,5.7,RENT,other,2700.0,36,Verified,1,14.6,14.96,Fully Paid
2024,LN102981,790,52200.0,4.5,OWN,credit_card,9000.0,36,Source Verified,0,28.2,8.53,Fully Paid
2025,LN104293,773,83200.0,2.7,RENT,debt_consolidation,4100.0,60,Verified,0,12.6,10.66,Fully Paid
2026,LN100974,625,85600.0,9.6,MORTGAGE,major_purchase,14300.0,36,Verified,2,9.6,13.71,Current
2027,LN102693,666,34900.0,1.0,RENT,medical,7700.0,36,Source Verified,0,16.6,12.59,Current
2028,LN103286,602,80500.0,5.1,RENT,other,11700.0,36,Not Verified,0,8.9,15.62,Fully Paid
2029,LN102587,782,68700.0,9.7,RENT,debt_consolidation,10100.0,36,Verified,1,0.6,10.44,Fully Paid
2030,LN101762,649,59100.0,8.7,MORTGAGE,other,8700.0,36,Not Verified,1,2.9,14.51,Charged Off
2031,LN102281,691,53100.0,3.0,MORTGAGE,small_business,7200.0,36,Source Verified,1,13.3,12.46,Charged Off
2032,LN102905,693,61300.0,11.5,MORTGAGE,debt_consolidation,5800.0,36,Source Verified,1,173.1,20.37,Charged Off
2033,LN103984,638,45100.0,12.6,MORTGAGE,small_business,8100.0,36,Verified,0,22.3,12.94,Charged Off
2034,LN100009,635,46800.0,7.3,OWN,debt_consolidation,9500.0,36,Source Verified,2,27.9,14.88,Charged Off
2035,LN103069,635,92700.0,4.7,MORTGAGE,debt_consolidation,6200.0,36,Source Verified,0,6.6,12.88,Fully Paid
2036,LN104758,626,-1.0,4.1,RENT,other,15800.0,36,Verified,0,0.0,17.68,Current
2037,LN103599,781,79900.0,8.0,RENT,other,17800.0,36,Source Verified,0,5.8,7.58,Fully Paid
2038,LN101787,587,79200.0,2.1,MORTGAGE,major_purchase,12900.0,60,Source Verified,0,1.0,15.07,Fully Paid
2039,LN102343,678,92100.0,1.9,MORTGAGE,credit_card,6700.0,60,Not Verified,0,2.2,13.06,Fully Paid
2040,LN104425,737,23800.0,10.5,MORTGAGE,major_purchase,18600.0,36,Source Verified,2,6.4,14.56,Charged Off
2041,LN103112,795,38000.0,2.9,MORTGAGE,debt_consolidation,13200.0,60,Verified,0,6.6,12.14,Fully Paid
2042,LN103148,805,-1.0,0.5,RENT,other,10100.0,36,Source Verified,0,0.0,10.56,Fully Paid
2043,LN102155,729,38300.0,1.6,OWN,debt_consolidation,9700.0,36,Source Verified,0,18.5,13.57,Fully Paid
2044,LN102034,697,28800.0,1.9,RENT,credit_card,11200.0,60,Source Verified,0,13.5,15.79,Charged Off
2045,LN103470,590,76300.0,6.0,MORTGAGE,debt_consolidation,16500.0,36,Verified,0,9.1,14.81,Current
2046,LN102293,662,100600.0,4.4,OWN,debt_consolidation,8500.0,36,Source Verified,0,12.0,11.14,Current
2047,LN105086,627,71600.0,11.7,MORTGAGE,credit_card,5700.0,60,Verified,0,11.5,18.28,Charged Off
2048,LN102866,723,30800.0,14.8,MORTGAGE,other,3300.0,36,Source Verified,1,10.1,9.73,Charged Off
2049,LN104979,644,79000.0,5.1,OWN,debt_consolidation,6400.0,36,Verified,1,11.8,13.3,Charged Off
2050,LN101776,602,54600.0,5.1,RENT,small_business,10400.0,60,Verified,1,17.5,17.89,Current
2051,LN101535,628,84700.0,6.9,MORTGAGE,credit_card,6800.0,36,Source Verified,0,10.5,15.14,Current
2052,LN104158,758,112400.0,3.2,MORTGAGE,debt_consolidation,25300.0,36,Not Verified,0,5.5,8.57,Charged Off
2053,LN100696,539,-1.0,2.5,RENT,debt_consolidation,21800.0,36,Source Verified,0,0.0,15.93,Fully Paid
2054,LN100121,702,33600.0,9.5,RENT,small_business,8500.0,60,Verified,2,19.6,17.17,Fully Paid
2055,LN102521,806,74600.0,99.0,RENT,credit_card,4500.0,60,Verified,0,7.2,10.43,Charged Off
2056,LN104765,714,65300.0,10.9,RENT,credit_card,7200.0,36,Verified,0,1.7,11.04,Current
2057,LN100239,656,64700.0,1.0,MORTGAGE,debt_consolidation,10900.0,60,Verified,0,5.9,17.72,Current
2058,LN101759,695,58900.0,5.1,MORTGAGE,medical,2500.0,36,Verified,0,11.9,12.14,Fully Paid
2059,LN100068,746,50000.0,7.8,MORTGAGE,other,19000.0,36,Source Verified,0,3.2,11.37,Fully Paid
2060,LN100548,736,50400.0,8.0,RENT,credit_card,22400.0,36,Verified,0,8.8,12.28,Current
2061,LN104042,0,172100.0,5.2,MORTGAGE,debt_consolidation,5200.0,36,Source Verified,0,1.5,14.44,Charged Off
2062,LN103572,714,54100.0,4.0,OTHER,debt_consolidation,12700.0,60,Verified,0,4.2,14.24,Current
2063,LN102517,0,49600.0,4.9,RENT,credit_card,8600.0,60,Not Verified,1,41.9,19.85,Charged Off
2064,LN103030,684,49200.0,11.3,RENT,credit_card,8500.0,36,Not Verified,0,12.9,14.48,Current
2065,LN103937,721,59300.0,14.6,OWN,major_purchase,14500.0,36,Source Verified,0,7.5,10.55,Charged Off
2066,LN104493,627,49800.0,5.2,RENT,other,8000.0,60,Verified,0,15.1,14.41,Charged Off
2067,LN104974,661,38600.0,4.5,RENT,debt_consolidation,14800.0,36,Not Verified,1,6.6,14.97,Fully Paid
2068,LN104533,593,103300.0,3.1,RENT,major_purchase,28800.0,36,Verified,0,5.8,13.91,Charged Off
2069,LN104017,753,49700.0,7.6,RENT,credit_card,10900.0,36,Not Verified,0,21.9,13.8,Charged Off
2070,LN100108,745,33600.0,11.2,OWN,credit_card,5900.0,36,Verified,1,23.9,12.32,Fully Paid
2071,LN103748,643,38500.0,8.1,MORTGAGE,debt_consolidation,17600.0,60,Not Verified,1,15.7,17.37,Charged Off
2072,LN103274,565,49800.0,20.3,MORTGAGE,credit_card,4300.0,36,Source Verified,1,4.8,14.06,Current
2073,LN102580,626,88500.0,2.5,MORTGAGE,debt_consolidation,10900.0,36,Source Verified,0,6.4,12.1,Fully Paid
2074,LN100546,703,55400.0,2.6,RENT,credit_card,31200.0,60,Source Verified,0,2.3,16.43,Charged Off
2075,LN100923,653,113600.0,5.0,MORTGAGE,debt_consolidation,11400.0,60,Not Verified,0,6.2,13.45,Fully Paid
2076,LN100274,792,73400.0,7.5,RENT,small_business,4900.0,60,Source Verified,0,3.4,13.06,Current
2077,LN103115,739,69700.0,22.2,OWN,debt_consolidation,7100.0,36,Not Verified,0,8.1,9.53,Fully Paid
2078,LN104688,677,68000.0,6.1,RENT,home_improvement,10800.0,36,Not Verified,0,11.4,13.53,Charged Off
2079,LN102460,608,40800.0,6.6,OWN,credit_card,8000.0,36,Not Verified,0,14.4,13.3,Current
2080,LN104914,768,41200.0,8.6,RENT,debt_consolidation,11900.0,36,Verified,0,1.6,10.45,Charged Off
2081,LN104367,678,37400.0,10.0,OWN,debt_consolidation,7500.0,36,Not Verified,0,3.5,13.98,Fully Paid
2082,LN102590,636,50800.0,4.3,MORTGAGE,credit_card,28000.0,60,Verified,0,3.1,15.86,Charged Off
2083,LN100270,643,43600.0,3.6,MORTGAGE,debt_consolidation,9500.0,36,Not Verified,0,11.7,10.89,Charged Off
2084,LN103664,679,40800.0,4.5,OWN,debt_consolidation,5700.0,36,Source Verified,0,4.5,9.72,Current
2085,LN103278,640,38700.0,8.3,MORTGAGE,other,10600.0,36,Verified,0,4.5,11.19,Fully Paid
2086,LN102735,664,-1.0,6.3,RENT,credit_card,8800.0,36,Not Verified,1,0.0,16.36,Current
2087,LN102711,736,40700.0,2.1,OWN,debt_consolidation,29300.0,36,Verified,1,23.2,13.49,Fully Paid
2088,LN104249,785,56900.0,4.0,OWN,credit_card,16000.0,60,Source Verified,0,19.9,12.56,Charged Off
2089,LN102437,708,27000.0,2.5,MORTGAGE,credit_card,18200.0,36,Source Verified,0,7.6,15.07,Charged Off
2090,LN101879,584,39900.0,9.5,MORTGAGE,credit_card,10700.0,36,Verified,0,18.9,13.88,Charged Off
2091,LN105013,799,51300.0,14.6,RENT,credit_card,6600.0,60,Verified,0,3.0,10.25,Fully Paid
2092,LN104016,788,75600.0,0.5,MORTGAGE,debt_consolidation,6000.0,36,Not Verified,0,6.2,9.55,Fully Paid
2093,LN101666,705,57300.0,2.9,MORTGAGE,debt_consolidation,17100.0,36,Source Verified,0,10.0,13.63,Current
2094,LN103836,728,42400.0,1.5,MORTGAGE,credit_card,16300.0,36,Verified,0,17.9,14.15,Current
2095,LN101873,612,69100.0,19.9,MORTGAGE,medical,12900.0,60,Source Verified,2,4.9,15.15,Fully Paid
2096,LN101592,679,130600.0,5.4,RENT,debt_consolidation,11400.0,36,Verified,0,8.8,10.72,Charged Off
2097,LN101329,738,45300.0,5.2,RENT,debt_consolidation,13700.0,36,Source Verified,1,22.7,13.32,Current
2098,LN100641,735,28000.0,5.8,RENT,credit_card,7600.0,36,Verified,1,2.8,13.73,Fully Paid
2099,LN100481,783,22200.0,14.5,RENT,other,6000.0,36,Not Verified,0,29.0,9.91,Charged Off
2100,LN101037,654,28900.0,0.6,MORTGAGE,debt_consolidation,10500.0,60,Not Verified,0,38.4,16.21,Charged Off
2101,LN100638,728,60400.0,2.7,MORTGAGE,debt_consolidation,4800.0,36,Verified,0,2.8,11.63,Current
2102,LN102720,701,141900.0,15.4,MORTGAGE,major_purchase,16500.0,36,Source Verified,0,4.5,9.86,Charged Off
2103,LN104576,632,27100.0,5.8,OTHER,debt_consolidation,27200.0,60,Not Verified,0,14.0,17.93,Charged Off
2104,LN101664,767,37700.0,7.6,RENT,debt_consolidation,3900.0,36,Not Verified,0,26.4,9.48,Fully Paid
2105,LN100217,777,46400.0,99.0,RENT,debt_consolidation,11800.0,36,Not Verified,1,23.5,13.99,Current
2106,LN101690,0,44700.0,1.3,RENT,credit_card,3800.0,36,Source Verified,0,16.4,13.35,Fully Paid
2107,LN102539,731,41400.0,2.0,RENT,major_purchase,32500.0,36,Verified,0,11.3,13.01,Fully Paid
2108,LN104635,612,100500.0,6.8,OWN,home_improvement,12300.0,36,Verified,0,2.7,10.61,Current
2109,LN102283,708,73000.0,1.6,RENT,other,8500.0,60,Verified,0,2.7,13.06,Current
2110,LN101837,673,33400.0,3.3,MORTGAGE,debt_consolidation,27200.0,36,Source Verified,0,10.0,13.76,Charged Off
2111,LN101110,787,56100.0,21.3,OWN,debt_consolidation,5500.0,36,Verified,0,7.0,9.54,Current
2112,LN101691,588,57700.0,3.6,OWN,debt_consolidation,15600.0,36,Source Verified,0,13.6,15.26,Current
2113,LN104643,689,56300.0,1.5,MORTGAGE,major_purchase,12000.0,36,Verified,1,1.4,10.73,Charged Off
2114,LN103982,667,56000.0,2.3,MORTGAGE,debt_consolidation,11700.0,36,Verified,2,9.2,14.69,Charged Off
2115,LN101836,704,42700.0,20.8,MORTGAGE,credit_card,19600.0,36,Source Verified,0,19.0,13.54,Fully Paid
2116,LN101443,784,64400.0,13.3,RENT,debt_consolidation,22100.0,36,Source Verified,0,2.3,10.6,Current
2117,LN105076,717,86700.0,0.5,RENT,debt_consolidation,9500.0,36,Source Verified,0,0.4,13.01,Fully Paid
2118,LN100132,731,127900.0,4.4,MORTGAGE,credit_card,13000.0,36,Not Verified,0,3.8,12.47,Fully Paid
2119,LN102160,656,83500.0,2.0,OWN,small_business,9400.0,60,Source Verified,0,9.4,17.24,Charged Off
2120,LN103904,585,26200.0,3.9,MORTGAGE,credit_card,16800.0,36,Source Verified,0,36.7,16.21,Charged Off
2121,LN102031,658,50400.0,3.1,RENT,debt_consolidation,24100.0,60,Source Verified,0,25.3,15.61,Charged Off
2122,LN100603,649,77000.0,1.9,MORTGAGE,medical,15300.0,36,Verified,2,5.8,14.29,Fully Paid
2123,LN101964,642,35500.0,5.1,RENT,home_improvement,5800.0,36,Verified,1,42.3,13.36,Fully Paid
2124,LN101556,0,71900.0,12.6,RENT,debt_consolidation,5400.0,36,Source Verified,0,7.4,12.23,Fully Paid
2125,LN104536,631,54500.0,7.3,RENT,major_purchase,17400.0,36,Verified,1,4.4,12.53,Fully Paid
2126,LN103570,737,-1.0,17.6,OTHER,small_business,13400.0,60,Verified,1,0.0,15.25,Charged Off
2127,LN104026,648,80100.0,13.0,RENT,credit_card,8400.0,36,Not Verified,3,9.1,14.71,Current
2128,LN102492,740,70200.0,1.0,RENT,debt_consolidation,5600.0,60,Verified,0,3.0,11.31,Fully Paid
2129,LN101607,703,117600.0,2.2,OWN,debt_consolidation,13800.0,36,Verified,0,2.6,11.61,Fully Paid
2130,LN100404,724,62600.0,1.5,RENT,credit_card,3300.0,60,Not Verified,0,5.9,13.08,Current
2131,LN104067,685,46800.0,2.5,OWN,debt_consolidation,26200.0,36,Source Verified,0,2.2,13.36,Charged Off
2132,LN101782,532,38300.0,17.6,MORTGAGE,debt_consolidation,22900.0,36,Not Verified,0,18.0,16.45,Charged Off
2133,LN102163,731,50100.0,10.4,MORTGAGE,credit_card,5200.0,60,Source Verified,0,22.1,13.32,Charged Off
2134,LN104720,512,32700.0,7.5,RENT,debt_consolidation,13500.0,60,Not Verified,1,23.1,19.65,Fully Paid
2135,LN104529,783,49000.0,6.5,MORTGAGE,debt_consolidation,11900.0,36,Source Verified,0,6.5,10.03,Charged Off
2136,LN103100,624,47800.0,7.2,MORTGAGE,debt_consolidation,9500.0,60,Verified,0,22.5,17.31,Current
2137,LN101438,609,63600.0,17.2,MORTGAGE,debt_consolidation,9000.0,60,Not Verified,0,14.7,18.1,Fully Paid
2138,LN104582,700,-1.0,2.2,MORTGAGE,debt_consolidation,6100.0,36,Not Verified,0,0.0,13.59,Fully Paid
2139,LN104129,626,57400.0,5.9,RENT,debt_consolidation,19400.0,60,Not Verified,0,4.1,19.23,Fully Paid
2140,LN101623,766,68800.0,3.3,RENT,debt_consolidation,7300.0,36,Verified,0,9.8,9.86,Charged Off
2141,LN101393,720,72900.0,13.3,RENT,debt_consolidation,20200.0,36,Verified,1,6.8,11.18,Fully Paid
2142,LN105024,662,81600.0,13.5,MORTGAGE,debt_consolidation,5800.0,60,Verified,1,16.7,15.09,Charged Off
2143,LN102650,621,59100.0,3.0,MORTGAGE,debt_consolidation,33800.0,36,Source Verified,1,20.8,16.93,Fully Paid
2144,LN101766,611,71200.0,99.0,RENT,debt_consolidation,11800.0,36,Source Verified,0,1.3,13.11,Fully Paid
2145,LN104760,702,36600.0,6.1,MORTGAGE,debt_consolidation,17800.0,36,Not Verified,1,14.9,14.67,Fully Paid
2146,LN104102,639,44800.0,0.6,MORTGAGE,major_purchase,11500.0,60,Verified,0,21.5,13.76,Fully Paid
2147,LN104570,683,80200.0,5.1,MORTGAGE,debt_consolidation,7000.0,60,Source Verified,1,16.4,15.52,Current
2148,LN101442,600,46300.0,6.6,RENT,medical,6500.0,36,Source Verified,0,6.9,13.29,Current
2149,LN103401,744,43700.0,3.1,OWN,other,4900.0,36,Not Verified,1,1.2,12.39,Current
2150,LN102784,715,66500.0,99.0,OWN,small_business,16000.0,36,Source Verified,0,3.7,11.66,Current
2151,LN101147,665,104000.0,2.8,MORTGAGE,home_improvement,16800.0,36,Source Verified,0,2.8,12.4,Charged Off
2152,LN104246,704,53200.0,5.3,MORTGAGE,small_business,15400.0,36,Verified,0,16.1,12.79,Fully Paid
2153,LN104285,800,68700.0,9.3,OWN,credit_card,3700.0,36,Source Verified,0,9.0,9.04,Charged Off
2154,LN100498,0,72500.0,12.0,MORTGAGE,small_business,18900.0,36,Source Verified,0,3.5,16.46,Current
2155,LN105084,736,35200.0,0.7,MORTGAGE,debt_consolidation,17200.0,36,Verified,1,22.4,15.26,Current
2156,LN101129,0,117700.0,10.7,RENT,credit_card,7300.0,36,Source Verified,1,3.4,15.86,Current
2157,LN105112,691,74200.0,1.8,MORTGAGE,credit_card,4800.0,60,Source Verified,1,2.9,12.84,Charged Off
2158,LN101515,0,-1.0,12.8,MORTGAGE,home_improvement,12400.0,36,Source Verified,1,0.0,14.28,Current
2159,LN104972,754,97500.0,8.3,RENT,credit_card,4600.0,36,Not Verified,0,18.3,12.84,Current
2160,LN101391,786,62800.0,4.6,MORTGAGE,medical,8100.0,60,Verified,1,19.5,14.17,Current
2161,LN102186,682,34900.0,6.3,MORTGAGE,credit_card,10600.0,60,Source Verified,0,4.6,13.85,Current
2162,LN103726,705,38900.0,2.2,RENT,home_improvement,10100.0,60,Source Verified,0,33.8,14.36,Charged Off
2163,LN101010,610,42800.0,4.2,RENT,medical,8000.0,36,Verified,0,12.8,12.03,Current
2164,LN103086,614,34700.0,10.2,OWN,debt_consolidation,10800.0,60,Source Verified,0,12.7,16.46,Fully Paid
2165,LN104429,593,40400.0,3.1,RENT,debt_consolidation,2600.0,36,Not Verified,0,7.8,15.1,Current
2166,LN101287,688,48600.0,6.5,RENT,debt_consolidation,4800.0,36,Not Verified,0,10.1,14.21,Fully Paid
2167,LN103713,695,107000.0,9.2,MORTGAGE,home_improvement,24000.0,60,Source Verified,1,3.1,14.18,Current
2168,LN101868,666,70200.0,2.1,MORTGAGE,debt_consolidation,23000.0,36,Not Verified,0,4.1,10.31,Current
2169,LN101395,811,45900.0,2.2,MORTGAGE,major_purchase,3900.0,60,Source Verified,0,18.8,10.43,Fully Paid
2170,LN103688,850,32200.0,7.4,MORTGAGE,home_improvement,5300.0,60,Verified,0,17.3,8.91,Current
2171,LN100768,607,82900.0,2.4,RENT,debt_consolidation,15700.0,60,Verified,1,1.0,16.4,Fully Paid
2172,LN103747,748,66600.0,4.4,RENT,credit_card,18600.0,36,Source Verified,1,11.0,12.73,Fully Paid
2173,LN102888,664,64800.0,7.4,OWN,major_purchase,7200.0,36,Not Verified,0,20.7,14.1,Current
2174,LN103449,688,-1.0,4.6,MORTGAGE,debt_consolidation,16300.0,36,Source Verified,0,0.0,10.84,Charged Off
2175,LN100022,769,53900.0,8.8,OWN,debt_consolidation,6600.0,60,Verified,1,22.0,11.22,Fully Paid
2176,LN104584,671,49500.0,6.2,OWN,home_improvement,12800.0,36,Source Verified,0,12.2,10.37,Fully Paid
2177,LN102267,0,48100.0,2.0,MORTGAGE,debt_consolidation,15700.0,36,Not Verified,0,7.7,14.64,Charged Off
2178,LN100985,731,54900.0,99.0,OWN,credit_card,6300.0,36,Not Verified,0,9.6,12.0,Fully Paid
2179,LN101402,677,44200.0,13.3,MORTGAGE,credit_card,22900.0,36,Verified,0,8.3,12.7,Charged Off
2180,LN103025,691,128700.0,2.9,MORTGAGE,debt_consolidation,10100.0,60,Verified,0,9.1,15.64,Charged Off
2181,LN101743,605,53100.0,1.4,MORTGAGE,debt_consolidation,31600.0,36,Verified,0,5.2,14.48,Current
2182,LN101938,646,49700.0,1.6,OWN,home_improvement,11100.0,36,Source Verified,1,25.1,12.1,Fully Paid
2183,LN101543,683,31500.0,2.9,MORTGAGE,debt_consolidation,10300.0,36,Source Verified,0,20.8,14.94,Current
2184,LN104956,695,50400.0,7.9,MORTGAGE,medical,9100.0,60,Verified,0,6.4,13.12,Current
2185,LN102265,741,100500.0,2.2,RENT,debt_consolidation,7200.0,36,Source Verified,1,3.1,14.2,Fully Paid
2186,LN101269,729,64600.0,0.4,OWN,credit_card,8800.0,36,Source Verified,1,11.0,11.97,Fully Paid
2187,LN104180,768,50100.0,3.6,MORTGAGE,debt_consolidation,4500.0,36,Verified,1,44.0,13.06,Current
2188,LN103335,672,70700.0,6.1,OTHER,home_improvement,9100.0,36,Source Verified,0,6.2,9.82,Fully Paid
2189,LN103972,705,74500.0,1.5,MORTGAGE,home_improvement,5300.0,60,Not Verified,0,2.9,13.95,Charged Off
2190,LN100999,744,41700.0,3.1,RENT,credit_card,8000.0,60,Verified,0,23.5,12.9,Fully Paid
2191,LN102647,657,94500.0,4.3,MORTGAGE,home_improvement,21100.0,36,Verified,0,11.3,11.48,Fully Paid
2192,LN104954,763,28700.0,5.1,OWN,credit_card,7200.0,60,Source Verified,0,48.0,12.67,Charged Off
2193,LN100573,632,81100.0,6.1,MORTGAGE,credit_card,10900.0,36,Verified,0,12.6,14.51,Fully Paid
2194,LN104308,712,47900.0,2.9,OWN,medical,4400.0,60,Source Verified,0,10.1,13.36,Fully Paid
2195,LN102520,676,-1.0,2.4,MORTGAGE,major_purchase,9400.0,60,Not Verified,0,0.0,14.22,Fully Paid
2196,LN101701,658,24000.0,2.7,MORTGAGE,debt_consolidation,9300.0,36,Source Verified,0,49.6,13.11,Fully Paid
2197,LN101539,789,-1.0,1.3,MORTGAGE,debt_consolidation,9200.0,36,Verified,0,0.0,8.51,Charged Off
2198,LN103889,643,76800.0,6.3,OWN,credit_card,8600.0,36,Source Verified,0,3.0,12.9,Current
2199,LN102232,606,74800.0,2.4,RENT,debt_consolidation,6300.0,36,Source Verified,0,7.2,14.64,Current
2200,LN100755,764,39200.0,9.0,MORTGAGE,home_improvement,28600.0,36,Source Verified,0,3.2,10.75,Fully Paid
2201,LN104928,787,41600.0,11.6,RENT,debt_consolidation,5100.0,36,Source Verified,1,24.6,11.66,Fully Paid
2202,LN103661,716,49500.0,2.4,MORTGAGE,debt_consolidation,8200.0,60,Verified,1,3.6,13.13,Current
2203,LN104008,636,205200.0,99.0,MORTGAGE,home_improvement,15200.0,36,Source Verified,1,1.6,12.0,Current
2204,LN103496,755,94400.0,3.8,RENT,debt_consolidation,6100.0,36,Source Verified,0,9.8,10.9,Current
2205,LN101703,539,41800.0,1.7,MORTGAGE,small_business,5700.0,36,Source Verified,0,11.1,16.68,Fully Paid
2206,LN101482,697,63300.0,17.0,MORTGAGE,debt_consolidation,3700.0,60,Source Verified,0,8.1,11.65,Current
2207,LN102837,705,116800.0,4.5,RENT,major_purchase,6200.0,60,Not Verified,0,11.4,13.37,Current
2208,LN103630,737,63900.0,2.8,RENT,home_improvement,4700.0,60,Source Verified,0,3.9,12.65,Current
2209,LN103057,659,73900.0,4.2,MORTGAGE,credit_card,24700.0,36,Source Verified,0,6.0,11.9,Fully Paid
2210,LN100588,705,73000.0,8.6,MORTGAGE,major_purchase,23300.0,60,Not Verified,1,16.7,12.83,Charged Off
2211,LN101521,511,76300.0,5.6,MORTGAGE,debt_consolidation,10700.0,36,Not Verified,1,12.7,15.47,Current
2212,LN102577,627,25900.0,7.9,MORTGAGE,small_business,15400.0,36,Source Verified,0,28.1,15.98,Fully Paid
2213,LN100538,534,133100.0,2.2,RENT,home_improvement,20400.0,36,Source Verified,0,3.4,13.84,Fully Paid
2214,LN103336,674,35400.0,7.4,RENT,credit_card,2600.0,36,Verified,0,14.4,15.16,Fully Paid
2215,LN102523,573,68400.0,2.0,MORTGAGE,debt_consolidation,6000.0,60,Not Verified,0,7.9,16.88,Current
2216,LN101440,647,55800.0,2.4,RENT,debt_consolidation,10600.0,36,Verified,1,8.4,13.14,Charged Off
2217,LN103665,587,41800.0,5.8,OTHER,credit_card,10000.0,60,Source Verified,0,13.4,16.76,Charged Off
2218,LN103435,724,46300.0,8.5,MORTGAGE,debt_consolidation,9200.0,36,Verified,0,15.5,10.34,Fully Paid
2219,LN102581,753,-1.0,2.1,RENT,debt_consolidation,12400.0,60,Verified,0,0.0,14.91,Current
2220,LN101293,552,56600.0,20.2,RENT,debt_consolidation,16000.0,36,Source Verified,0,10.1,15.47,Current
2221,LN100015,634,120800.0,3.9,MORTGAGE,major_purchase,21100.0,36,Verified,1,6.0,11.69,Charged Off
2222,LN101004,690,90800.0,5.1,MORTGAGE,debt_consolidation,7100.0,36,Source Verified,0,3.2,10.62,Current
2223,LN103043,658,-1.0,18.8,MORTGAGE,debt_consolidation,8900.0,60,Not Verified,1,0.0,16.26,Fully Paid
2224,LN103157,673,-1.0,6.9,RENT,credit_card,17600.0,60,Source Verified,0,0.0,15.64,Current
2225,LN101071,618,105700.0,9.9,OWN,credit_card,13800.0,60,Verified,0,5.5,15.47,Fully Paid
2226,LN102685,699,113400.0,2.7,OWN,credit_card,7500.0,36,Verified,1,5.6,11.53,Fully Paid
2227,LN102390,563,17800.0,8.3,OWN,credit_card,12000.0,60,Not Verified,0,17.0,20.38,Charged Off
2228,LN102032,733,74100.0,99.0,MORTGAGE,debt_consolidation,3700.0,36,Source Verified,0,7.6,10.93,Fully Paid
2229,LN104053,655,26700.0,9.5,RENT,debt_consolidation,4000.0,36,Not Verified,0,15.8,12.28,Fully Paid
2230,LN102109,704,37800.0,6.2,MORTGAGE,debt_consolidation,9300.0,36,Source Verified,0,10.1,11.93,Current
2231,LN101325,753,-1.0,1.7,MORTGAGE,home_improvement,6600.0,60,Source Verified,0,0.0,12.76,Current
2232,LN102102,644,105000.0,2.4,RENT,debt_consolidation,12100.0,36,Source Verified,1,2.5,11.61,Current
2233,LN102610,582,103000.0,99.0,RENT,small_business,11600.0,36,Source Verified,0,1.2,14.51,Fully Paid
2234,LN104047,653,80600.0,3.2,OWN,credit_card,15400.0,60,Verified,1,4.5,18.03,Fully Paid
2235,LN103806,636,38900.0,2.8,MORTGAGE,home_improvement,14200.0,36,Verified,0,10.7,12.52,Current
2236,LN104154,645,53400.0,12.6,RENT,credit_card,6400.0,36,Source Verified,1,1.6,12.16,Current
2237,LN101454,785,76900.0,3.1,RENT,debt_consolidation,2900.0,36,Verified,0,0.9,11.1,Current
2238,LN101547,638,99800.0,7.7,MORTGAGE,credit_card,17700.0,60,Source Verified,0,4.4,14.31,Charged Off
2239,LN102677,723,62100.0,23.7,MORTGAGE,credit_card,20200.0,36,Source Verified,1,8.8,12.6,Current
2240,LN104953,572,44700.0,8.4,MORTGAGE,credit_card,3100.0,36,Verified,2,3.9,13.75,Fully Paid
2241,LN102671,783,71400.0,4.6,RENT,credit_card,5600.0,36,Source Verified,0,14.2,12.74,Fully Paid
2242,LN103977,0,37500.0,14.8,MORTGAGE,credit_card,20500.0,36,Verified,0,17.9,16.7,Charged Off
2243,LN102435,628,46200.0,1.3,OWN,debt_consolidation,16400.0,60,Not Verified,0,19.4,15.89,Fully Paid
2244,LN104988,658,110900.0,5.9,OTHER,debt_consolidation,6300.0,36,Source Verified,0,1.7,12.63,Fully Paid
2245,LN101612,687,103800.0,0.5,MORTGAGE,debt_consolidation,10500.0,60,Source Verified,0,1.6,11.41,Fully Paid
2246,LN103996,756,110800.0,16.8,MORTGAGE,debt_consolidation,4800.0,60,Verified,0,1.0,9.04,Current
2247,LN102722,577,52800.0,6.2,OTHER,home_improvement,8300.0,36,Not Verified,0,13.9,12.31,Current
2248,LN104069,546,75900.0,9.7,MORTGAGE,credit_card,3600.0,36,Source Verified,0,13.7,15.32,Fully Paid
2249,LN102681,676,26000.0,10.6,MORTGAGE,debt_consolidation,9800.0,36,Verified,0,12.4,12.64,Fully Paid
2250,LN103072,588,55300.0,1.6,RENT,debt_consolidation,14800.0,36,Not Verified,0,11.9,18.01,Current
2251,LN104165,0,45200.0,11.0,RENT,credit_card,22000.0,36,Verified,1,6.4,14.34,Fully Paid
2252,LN101120,719,24800.0,3.6,MORTGAGE,credit_card,10600.0,36,Source Verified,1,46.8,14.3,Current
2253,LN102316,671,59500.0,1.0,OWN,credit_card,4300.0,36,Source Verified,0,11.8,13.32,Current
2254,LN102961,688,66500.0,9.0,MORTGAGE,credit_card,7400.0,36,Source Verified,0,4.1,11.57,Current
2255,LN103900,732,35700.0,7.7,MORTGAGE,credit_card,21300.0,36,Verified,0,12.9,11.9,Fully Paid
2256,LN102243,751,33300.0,2.5,OWN,credit_card,6200.0,36,Not Verified,0,11.2,13.21,Charged Off
2257,LN101700,617,81300.0,6.6,RENT,debt_consolidation,18900.0,36,Source Verified,1,6.3,16.03,Fully Paid
2258,LN102997,842,46600.0,7.0,RENT,credit_card,5800.0,36,Verified,1,27.7,9.57,Fully Paid
2259,LN101155,697,64800.0,4.9,RENT,home_improvement,15400.0,36,Verified,0,9.4,10.57,Current
2260,LN102903,655,38800.0,5.6,OWN,credit_card,18100.0,36,Not Verified,0,17.0,12.77,Current
2261,LN100952,721,24500.0,4.0,OWN,other,12800.0,36,Verified,0,6.5,13.03,Fully Paid
2262,LN102871,646,44800.0,0.6,RENT,debt_consolidation,21300.0,60,Verified,0,18.2,16.66,Current
2263,LN102241,638,30200.0,3.0,MORTGAGE,credit_card,16500.0,36,Not Verified,1,16.3,17.5,Fully Paid
2264,LN103394,728,53500.0,5.8,RENT,other,18600.0,36,Verified,0,7.5,11.02,Current
2265,LN101117,667,-1.0,7.8,MORTGAGE,debt_consolidation,25500.0,60,Verified,0,0.0,16.0,Fully Paid
2266,LN100954,644,95700.0,99.0,RENT,credit_card,7000.0,36,Verified,0,5.0,13.12,Current
2267,LN104935,647,45400.0,3.9,MORTGAGE,debt_consolidation,3400.0,36,Not Verified,0,37.5,13.77,Charged Off
2268,LN100368,703,-1.0,40.0,OWN,debt_consolidation,18000.0,36,Source Verified,0,0.0,10.92,Charged Off
2269,LN104622,694,51100.0,13.1,RENT,major_purchase,19700.0,60,Not Verified,1,7.3,13.05,Fully Paid
2270,LN101172,682,81900.0,3.9,OWN,debt_consolidation,12600.0,36,Verified,0,1.0,12.26,Fully Paid
2271,LN104685,644,56500.0,2.4,MORTGAGE,debt_consolidation,7900.0,36,Source Verified,1,1.1,11.76,Fully Paid
2272,LN104820,659,88100.0,13.8,RENT,debt_consolidation,3400.0,36,Not Verified,0,4.6,12.44,Fully Paid
2273,LN104229,749,27500.0,14.6,OWN,debt_consolidation,11100.0,36,Source Verified,1,2.0,12.05,Fully Paid
2274,LN100341,710,145900.0,5.7,RENT,debt_consolidation,7400.0,36,Not Verified,0,1.3,15.17,Charged Off
2275,LN101376,726,81900.0,1.5,MORTGAGE,debt_consolidation,10900.0,36,Verified,2,1.9,11.3,Fully Paid
2276,LN105109,730,66800.0,9.0,RENT,debt_consolidation,3500.0,36,Source Verified,0,18.7,10.31,Fully Paid
2277,LN103760,661,82500.0,5.2,MORTGAGE,major_purchase,15700.0,60,Not Verified,0,4.5,15.44,Charged Off
2278,LN100415,703,57900.0,5.2,RENT,small_business,11600.0,36,Source Verified,0,3.2,15.91,Current
2279,LN103150,708,32600.0,17.2,RENT,debt_consolidation,18800.0,60,Source Verified,1,14.2,17.65,Charged Off
2280,LN103721,735,44600.0,5.1,RENT,debt_consolidation,13700.0,60,Source Verified,0,4.2,14.75,Fully Paid
2281,LN100944,709,-1.0,4.9,MORTGAGE,major_purchase,10900.0,36,Verified,0,0.0,9.68,Current
2282,LN102415,778,52700.0,17.0,RENT,debt_consolidation,10600.0,36,Not Verified,1,5.3,11.95,Current
2283,LN101980,701,50500.0,3.9,MORTGAGE,other,25900.0,60,Source Verified,0,6.6,16.11,Fully Paid
2284,LN103517,686,104600.0,9.9,MORTGAGE,debt_consolidation,3800.0,36,Verified,0,5.9,11.09,Fully Paid
2285,LN103364,722,101900.0,4.0,OWN,debt_consolidation,3700.0,36,Not Verified,0,7.8,9.02,Fully Paid
2286,LN103187,643,36600.0,4.2,RENT,home_improvement,11200.0,36,Not Verified,0,4.6,13.36,Charged Off
2287,LN102959,0,37700.0,4.6,RENT,debt_consolidation,10700.0,36,Verified,0,9.8,15.49,Current
2288,LN101957,612,-1.0,7.5,MORTGAGE,home_improvement,8100.0,60,Verified,1,0.0,15.87,Fully Paid
2289,LN101893,550,65700.0,5.6,RENT,debt_consolidation,7800.0,36,Verified,0,9.3,15.72,Charged Off
2290,LN100523,678,-1.0,4.9,OWN,debt_consolidation,8300.0,60,Source Verified,0,0.0,13.77,Current
2291,LN102337,744,43800.0,6.5,RENT,other,10900.0,36,Verified,0,1.9,9.48,Fully Paid
2292,LN100091,684,39400.0,6.4,OTHER,credit_card,10300.0,36,Not Verified,1,20.4,12.84,Fully Paid
2293,LN102889,668,105100.0,99.0,OWN,credit_card,16000.0,36,Verified,0,6.0,12.53,Fully Paid
2294,LN101566,614,101900.0,11.1,MORTGAGE,debt_consolidation,8800.0,36,Source Verified,1,3.5,13.87,Fully Paid
2295,LN100442,714,150600.0,6.4,RENT,debt_consolidation,6800.0,36,Not Verified,1,2.4,12.09,Charged Off
2296,LN103616,767,62600.0,16.3,RENT,credit_card,7400.0,36,Source Verified,0,11.6,10.24,Charged Off
2297,LN101549,716,66800.0,4.2,RENT,credit_card,31500.0,36,Verified,0,13.5,12.5,Fully Paid
2298,LN101820,553,108500.0,5.7,RENT,credit_card,6300.0,36,Verified,0,2.0,15.28,Charged Off
2299,LN101461,643,55300.0,7.1,RENT,small_business,11500.0,36,Verified,1,4.2,16.21,Fully Paid
2300,LN104879,0,85500.0,2.8,MORTGAGE,medical,4500.0,60,Not Verified,0,5.4,15.32,Fully Paid
2301,LN103333,664,42100.0,2.1,RENT,debt_consolidation,8800.0,36,Not Verified,1,34.6,17.23,Fully Paid
2302,LN103227,686,62000.0,2.5,RENT,credit_card,13400.0,36,Not Verified,0,5.0,16.19,Charged Off
2303,LN104302,643,44000.0,2.7,MORTGAGE,credit_card,11200.0,36,Source Verified,0,3.7,12.67,Current
2304,LN100314,744,40500.0,99.0,RENT,debt_consolidation,8600.0,36,Source Verified,1,17.6,11.88,Fully Paid
2305,LN102993,845,61600.0,7.4,MORTGAGE,credit_card,4100.0,36,Verified,1,2.0,8.32,Fully Paid
2306,LN100805,761,84500.0,1.5,MORTGAGE,credit_card,16900.0,36,Source Verified,0,7.1,10.35,Current
2307,LN103131,646,96300.0,11.1,RENT,home_improvement,25600.0,36,Not Verified,1,3.8,14.14,Current
2308,LN104824,739,65400.0,5.1,RENT,home_improvement,5100.0,36,Verified,1,3.6,10.53,Current
2309,LN101783,626,42100.0,99.0,MORTGAGE,credit_card,9200.0,36,Source Verified,0,10.0,14.54,Current
2310,LN103208,756,44300.0,4.9,MORTGAGE,credit_card,6900.0,60,Source Verified,0,12.8,11.97,Fully Paid
2311,LN105000,673,40700.0,3.2,MORTGAGE,other,17900.0,60,Not Verified,0,4.3,16.66,Fully Paid
2312,LN102008,767,44000.0,3.7,MORTGAGE,small_business,13300.0,36,Source Verified,0,5.3,13.66,Fully Paid
2313,LN103973,801,63600.0,8.9,RENT,medical,23200.0,36,Verified,0,5.1,10.14,Fully Paid
2314,LN102023,685,23300.0,18.2,MORTGAGE,small_business,12300.0,60,Verified,2,19.1,17.97,Fully Paid
2315,LN105187,690,30200.0,4.8,OTHER,home_improvement,10300.0,36,Not Verified,0,32.0,14.65,Current
2316,LN103534,721,119500.0,99.0,OWN,debt_consolidation,13700.0,60,Source Verified,0,4.8,13.92,Current
2317,LN103528,590,34300.0,15.6,OWN,major_purchase,11000.0,36,Verified,1,2.6,13.45,Charged Off
2318,LN102069,677,59300.0,5.7,MORTGAGE,other,7200.0,60,Verified,0,7.2,12.45,Fully Paid
2319,LN102347,645,49000.0,12.6,MORTGAGE,home_improvement,3000.0,36,Source Verified,0,65.0,13.48,Current
2320,LN102448,740,50700.0,3.1,MORTGAGE,debt_consolidation,14800.0,36,Source Verified,0,5.1,11.43,Charged Off
2321,LN100313,719,49800.0,10.1,RENT,home_improvement,5400.0,36,Source Verified,1,20.6,12.34,Current
2322,LN103738,646,87900.0,5.7,OTHER,debt_consolidation,10200.0,36,Source Verified,0,3.7,12.02,Fully Paid
2323,LN103257,797,43200.0,2.7,RENT,home_improvement,4800.0,60,Source Verified,0,7.2,8.5,Current
2324,LN103101,656,62800.0,11.5,MORTGAGE,major_purchase,11400.0,36,Source Verified,0,14.2,11.95,Fully Paid
2325,LN103428,812,58200.0,5.8,MORTGAGE,debt_consolidation,9000.0,36,Not Verified,1,10.8,12.4,Fully Paid
2326,LN100622,707,45400.0,6.1,RENT,medical,7700.0,36,Source Verified,0,27.3,13.45,Fully Paid
2327,LN102375,531,33300.0,1.8,OWN,debt_consolidation,18100.0,36,Source Verified,0,17.0,16.72,Fully Paid
2328,LN101291,661,54700.0,6.2,RENT,debt_consolidation,27300.0,60,Not Verified,0,20.8,17.93,Fully Paid
2329,LN104498,706,42000.0,10.6,MORTGAGE,home_improvement,13600.0,60,Verified,0,30.9,13.42,Fully Paid
2330,LN101218,612,105800.0,17.5,MORTGAGE,home_improvement,21900.0,36,Source Verified,1,1.4,12.25,Current
2331,LN104521,711,24200.0,99.0,MORTGAGE,credit_card,8600.0,36,Source Verified,1,38.4,13.32,Charged Off
2332,LN102751,664,24900.0,8.1,MORTGAGE,credit_card,8000.0,36,Verified,0,7.2,12.68,Fully Paid
2333,LN103001,735,18500.0,7.4,MORTGAGE,credit_card,6300.0,36,Not Verified,1,11.9,13.96,Current
2334,LN104219,665,43700.0,4.4,MORTGAGE,credit_card,13100.0,36,Verified,0,3.6,9.65,Current
2335,LN103758,716,67200.0,4.3,OWN,credit_card,20900.0,36,Source Verified,0,7.2,11.44,Current
2336,LN101059,719,47000.0,6.2,MORTGAGE,credit_card,9500.0,60,Not Verified,0,13.1,16.34,Fully Paid
2337,LN103453,737,48100.0,4.7,RENT,debt_consolidation,8000.0,36,Verified,1,2.6,13.05,Charged Off
2338,LN105015,663,53800.0,12.2,RENT,credit_card,11700.0,60,Source Verified,0,8.2,17.75,Charged Off
2339,LN100725,785,28200.0,5.9,MORTGAGE,debt_consolidation,16300.0,60,Verified,0,8.3,11.25,Fully Paid
2340,LN101898,661,35100.0,1.0,MORTGAGE,debt_consolidation,9100.0,36,Not Verified,1,2.6,13.56,Fully Paid
2341,LN104602,686,-1.0,16.5,RENT,major_purchase,8700.0,60,Source Verified,0,0.0,12.99,Fully Paid
2342,LN101259,659,55800.0,9.3,MORTGAGE,debt_consolidation,12800.0,36,Source Verified,0,12.1,13.13,Current
2343,LN103886,626,38800.0,9.5,MORTGAGE,debt_consolidation,10300.0,36,Source Verified,0,29.1,11.77,Current
2344,LN102952,0,28700.0,1.2,RENT,major_purchase,11200.0,60,Source Verified,0,6.2,16.28,Charged Off
2345,LN102378,693,35300.0,5.4,RENT,major_purchase,11800.0,36,Verified,0,22.9,14.09,Fully Paid
2346,LN105159,552,37500.0,2.5,OWN,debt_consolidation,12600.0,36,Not Verified,0,23.6,17.31,Fully Paid
2347,LN101504,676,148400.0,8.4,MORTGAGE,debt_consolidation,8900.0,36,Verified,0,8.5,11.19,Fully Paid
2348,LN100681,731,40700.0,11.1,MORTGAGE,debt_consolidation,10100.0,36,Verified,0,10.1,11.16,Charged Off
2349,LN103214,756,35100.0,4.7,MORTGAGE,debt_consolidation,10900.0,60,Source Verified,0,14.9,13.5,Charged Off
2350,LN103535,603,41800.0,6.3,RENT,debt_consolidation,4800.0,36,Source Verified,0,1.5,16.49,Fully Paid
2351,LN100678,715,103600.0,3.6,RENT,medical,4800.0,36,Verified,0,1.0,8.6,Current
2352,LN100896,646,48000.0,1.9,MORTGAGE,debt_consolidation,7400.0,36,Verified,0,4.6,12.91,Current
2353,LN104377,681,56300.0,25.3,RENT,debt_consolidation,5800.0,36,Source Verified,1,3.7,12.55,Current
2354,LN104915,697,72000.0,12.6,RENT,medical,8900.0,36,Verified,0,17.6,11.55,Current
2355,LN103668,577,141400.0,3.0,RENT,debt_consolidation,9400.0,36,Not Verified,0,3.2,15.93,Fully Paid
2356,LN104645,636,49900.0,7.5,MORTGAGE,credit_card,10700.0,36,Source Verified,0,4.6,12.3,Charged Off
2357,LN104563,675,61000.0,1.5,RENT,credit_card,16900.0,36,Verified,1,4.5,11.7,Fully Paid
2358,LN104395,706,66200.0,3.6,MORTGAGE,debt_consolidation,7100.0,60,Source Verified,0,4.1,11.94,Charged Off
2359,LN101721,599,19400.0,8.8,MORTGAGE,debt_consolidation,17400.0,36,Verified,1,21.6,14.46,Charged Off
2360,LN103539,637,74600.0,3.0,RENT,credit_card,5400.0,36,Not Verified,0,13.1,15.56,Current
2361,LN104967,618,46300.0,8.5,MORTGAGE,credit_card,6000.0,36,Verified,0,28.0,14.3,Current
2362,LN103409,687,39800.0,2.7,MORTGAGE,home_improvement,2300.0,36,Verified,0,9.9,11.58,Charged Off
2363,LN102227,728,82700.0,17.8,MORTGAGE,debt_consolidation,18400.0,60,Source Verified,0,1.7,12.53,Fully Paid
2364,LN100598,706,24000.0,15.4,OWN,other,11800.0,36,Source Verified,0,65.0,14.6,Charged Off
2365,LN102968,822,23500.0,0.3,MORTGAGE,credit_card,9300.0,36,Source Verified,0,34.1,10.87,Current
2366,LN104381,710,27700.0,1.9,RENT,other,3200.0,36,Verified,0,17.3,10.81,Current
2367,LN101912,726,42500.0,5.3,RENT,other,8400.0,36,Source Verified,0,11.6,13.55,Charged Off
2368,LN101823,732,51600.0,8.2,MORTGAGE,other,6400.0,60,Verified,1,16.3,11.32,Current
2369,LN102930,642,75100.0,11.1,OWN,debt_consolidation,8100.0,36,Source Verified,0,10.4,11.22,Fully Paid
2370,LN104145,570,33600.0,11.4,RENT,credit_card,15200.0,36,Source Verified,0,13.8,15.8,Fully Paid
2371,LN102237,684,90700.0,0.5,RENT,major_purchase,16300.0,36,Source Verified,0,5.9,12.22,Current
2372,LN101847,617,75500.0,6.8,RENT,debt_consolidation,8200.0,60,Verified,1,17.2,14.62,Fully Paid
2373,LN104768,593,37800.0,6.8,MORTGAGE,debt_consolidation,6600.0,36,Source Verified,0,22.8,14.18,Current
2374,LN104452,603,45600.0,8.6,OTHER,major_purchase,34100.0,36,Not Verified,0,2.9,14.19,Charged Off
2375,LN101008,739,48200.0,2.5,OWN,debt_consolidation,6600.0,60,Verified,1,8.3,16.25,Current
2376,LN100939,746,42100.0,18.1,OWN,credit_card,14300.0,36,Source Verified,0,2.9,11.09,Current
2377,LN100874,567,40200.0,1.5,MORTGAGE,home_improvement,21200.0,36,Verified,1,12.6,14.66,Current
2378,LN101793,670,69900.0,18.1,RENT,debt_consolidation,6300.0,60,Verified,0,4.1,14.77,Fully Paid
2379,LN103509,623,32400.0,0.8,MORTGAGE,debt_consolidation,11900.0,36,Source Verified,1,18.9,16.04,Current
2380,LN101406,0,80600.0,5.8,MORTGAGE,home_improvement,20700.0,36,Not Verified,0,15.1,15.16,Charged Off
2381,LN100860,626,76300.0,9.8,RENT,debt_consolidation,6600.0,36,Not Verified,0,3.2,12.91,Current
2382,LN104418,714,43800.0,2.8,OTHER,debt_consolidation,7700.0,60,Verified,0,12.3,13.41,Charged Off
2383,LN103104,685,32800.0,3.8,MORTGAGE,debt_consolidation,17000.0,36,Source Verified,1,20.9,16.48,Charged Off
2384,LN103777,720,37600.0,13.0,RENT,major_purchase,5500.0,60,Source Verified,0,41.8,13.75,Charged Off
2385,LN104048,678,42600.0,4.9,MORTGAGE,credit_card,7700.0,36,Not Verified,1,5.1,14.09,Fully Paid
2386,LN102159,642,58200.0,8.4,MORTGAGE,other,7800.0,36,Verified,0,19.8,12.06,Current
2387,LN103084,659,84100.0,7.1,RENT,major_purchase,3900.0,60,Not Verified,0,23.3,14.69,Fully Paid
2388,LN103827,705,44200.0,4.5,MORTGAGE,debt_consolidation,4500.0,36,Not Verified,0,9.1,9.22,Charged Off
2389,LN100853,692,38200.0,4.2,MORTGAGE,small_business,3500.0,36,Not Verified,1,15.5,12.64,Fully Paid
2390,LN104143,665,124600.0,5.1,MORTGAGE,credit_card,21100.0,36,Source Verified,0,3.5,15.59,Fully Paid
2391,LN101999,834,55600.0,6.8,OTHER,small_business,5500.0,36,Source Verified,0,15.0,10.88,Fully Paid
2392,LN100374,726,90800.0,5.3,MORTGAGE,credit_card,8200.0,60,Verified,0,4.7,12.53,Fully Paid
2393,LN104609,662,87900.0,5.4,RENT,debt_consolidation,14800.0,36,Not Verified,0,7.4,13.76,Fully Paid
2394,LN101519,564,51000.0,17.7,OWN,debt_consolidation,6400.0,60,Source Verified,0,13.3,15.45,Charged Off
2395,LN101534,821,53300.0,13.9,RENT,major_purchase,13900.0,36,Source Verified,1,7.1,8.18,Current
2396,LN101810,563,54700.0,1.0,MORTGAGE,credit_card,11500.0,60,Verified,1,8.2,15.79,Fully Paid
2397,LN101386,771,29300.0,8.6,MORTGAGE,home_improvement,25400.0,36,Not Verified,1,65.0,12.19,Charged Off
2398,LN102861,731,65100.0,0.4,MORTGAGE,debt_consolidation,17500.0,36,Source Verified,0,6.4,10.86,Fully Paid
2399,LN102136,706,29700.0,5.9,RENT,other,5900.0,60,Verified,0,3.0,12.88,Charged Off
2400,LN104555,796,48500.0,2.0,RENT,debt_consolidation,10700.0,60,Verified,0,9.6,11.69,Fully Paid
2401,LN104089,739,30500.0,3.1,RENT,home_improvement,4200.0,36,Source Verified,1,12.7,11.44,Charged Off
2402,LN102203,729,107900.0,11.9,RENT,credit_card,14300.0,60,Source Verified,0,8.2,11.27,Charged Off
2403,LN101178,714,91000.0,14.9,RENT,credit_card,5600.0,36,Source Verified,1,3.7,9.32,Fully Paid
2404,LN100793,715,39900.0,8.7,MORTGAGE,medical,21500.0,36,Verified,0,9.5,11.54,Fully Paid
2405,LN102468,733,58100.0,5.3,RENT,credit_card,14500.0,60,Source Verified,0,4.4,14.5,Charged Off
2406,LN101492,650,47400.0,7.2,MORTGAGE,credit_card,8100.0,36,Not Verified,0,6.4,12.82,Current
2407,LN103830,627,-1.0,3.2,MORTGAGE,debt_consolidation,24500.0,60,Not Verified,0,0.0,15.91,Fully Paid
2408,LN103740,587,42300.0,8.9,RENT,debt_consolidation,32100.0,36,Verified,1,25.5,19.51,Current
2409,LN103896,601,93800.0,7.9,RENT,debt_consolidation,13100.0,60,Source Verified,0,17.3,18.26,Fully Paid
2410,LN103543,716,97200.0,5.0,RENT,medical,3200.0,60,Verified,0,8.0,14.02,Fully Paid
2411,LN101231,617,46000.0,4.1,OWN,other,6300.0,60,Source Verified,1,20.9,15.68,Charged Off
2412,LN101498,736,53800.0,9.5,RENT,debt_consolidation,13700.0,36,Source Verified,0,25.9,8.58,Charged Off
2413,LN104260,709,96400.0,8.1,RENT,small_business,10200.0,60,Not Verified,0,3.8,17.1,Fully Paid
2414,LN102039,709,64300.0,1.8,MORTGAGE,credit_card,5800.0,60,Source Verified,0,6.0,10.16,Current
2415,LN102929,670,50000.0,4.9,MORTGAGE,credit_card,11300.0,60,Source Verified,2,6.7,13.98,Fully Paid
2416,LN101924,686,38800.0,3.8,MORTGAGE,other,8000.0,36,Verified,0,11.4,12.4,Fully Paid
2417,LN103303,753,26800.0,5.1,RENT,small_business,5700.0,36,Not Verified,0,7.4,12.75,Fully Paid
2418,LN101104,619,45800.0,1.9,MORTGAGE,debt_consolidation,8600.0,36,Source Verified,0,7.4,11.86,Charged Off
2419,LN103829,617,109800.0,1.8,MORTGAGE,credit_card,9700.0,36,Not Verified,0,4.5,11.62,Charged Off
2420,LN101324,0,69300.0,3.5,MORTGAGE,small_business,7200.0,60,Source Verified,0,10.1,13.71,Current
2421,LN103837,681,22400.0,4.8,MORTGAGE,major_purchase,8800.0,60,Verified,0,33.5,14.78,Current
2422,LN102536,634,54100.0,8.3,MORTGAGE,debt_consolidation,5000.0,36,Verified,0,10.4,12.79,Charged Off
2423,LN104021,714,-1.0,4.2,MORTGAGE,credit_card,6400.0,60,Source Verified,0,0.0,17.62,Current
2424,LN101029,758,32000.0,4.7,MORTGAGE,home_improvement,7700.0,36,Source Verified,0,41.9,13.31,Current
2425,LN103794,594,56200.0,0.4,MORTGAGE,debt_consolidation,23500.0,36,Source Verified,0,21.8,15.95,Current
2426,LN101689,747,134400.0,1.9,MORTGAGE,medical,4600.0,36,Source Verified,0,6.9,9.29,Charged Off
2427,LN102117,697,-1.0,0.2,MORTGAGE,credit_card,19400.0,36,Verified,0,0.0,13.32,Current
2428,LN100580,533,26600.0,0.8,MORTGAGE,debt_consolidation,20000.0,36,Not Verified,0,43.9,14.69,Fully Paid
2429,LN104421,740,60400.0,99.0,RENT,debt_consolidation,7800.0,36,Source Verified,0,13.9,11.54,Charged Off
2430,LN104800,692,59700.0,99.0,MORTGAGE,credit_card,18500.0,36,Source Verified,2,24.0,15.43,Current
2431,LN104632,632,77500.0,2.0,RENT,other,11900.0,36,Source Verified,0,1.4,14.96,Fully Paid
2432,LN100119,674,45500.0,4.7,MORTGAGE,credit_card,13500.0,36,Source Verified,0,29.1,14.4,Charged Off
2433,LN101408,689,47300.0,1.0,RENT,debt_consolidation,11000.0,60,Source Verified,0,3.2,14.72,Charged Off
2434,LN102525,734,76200.0,12.7,RENT,small_business,7100.0,60,Verified,0,9.5,14.6,Current
2435,LN102743,575,42600.0,4.0,MORTGAGE,other,8800.0,60,Source Verified,0,15.8,18.45,Fully Paid
2436,LN102547,821,79300.0,7.0,RENT,credit_card,12100.0,36,Source Verified,0,21.2,10.13,Current
2437,LN102552,662,70200.0,2.6,RENT,credit_card,24700.0,60,Verified,0,2.5,16.82,Fully Paid
2438,LN102054,714,15600.0,17.1,OWN,small_business,6100.0,36,Source Verified,1,24.6,16.56,Charged Off
2439,LN103762,710,29900.0,7.5,RENT,major_purchase,6600.0,36,Source Verified,1,20.9,10.9,Current
2440,LN100807,609,40700.0,12.1,MORTGAGE,debt_consolidation,23300.0,36,Source Verified,0,6.9,14.92,Fully Paid
2441,LN104119,642,90300.0,4.3,RENT,small_business,19300.0,36,Source Verified,0,4.6,14.73,Fully Paid
2442,LN101382,669,121000.0,5.3,MORTGAGE,medical,4500.0,36,Source Verified,0,0.2,12.8,Charged Off
2443,LN100067,660,31600.0,7.5,MORTGAGE,small_business,5200.0,36,Verified,0,21.6,12.47,Charged Off
2444,LN102353,703,32100.0,5.2,RENT,debt_consolidation,40000.0,60,Source Verified,1,15.9,15.81,Fully Paid
2445,LN100859,733,59500.0,4.3,MORTGAGE,debt_consolidation,6100.0,36,Not Verified,0,6.9,11.96,Charged Off
2446,LN104034,643,64400.0,5.0,MORTGAGE,debt_consolidation,8900.0,36,Source Verified,0,3.8,14.04,Current
2447,LN104880,655,61100.0,1.1,RENT,other,10900.0,36,Source Verified,0,9.6,14.65,Charged Off
2448,LN100112,651,77900.0,2.9,MORTGAGE,major_purchase,19000.0,60,Source Verified,0,17.0,16.58,Current
2449,LN103210,693,31500.0,6.6,MORTGAGE,debt_consolidation,9200.0,60,Source Verified,0,19.8,13.97,Current
2450,LN102153,620,37800.0,12.9,MORTGAGE,medical,7800.0,60,Verified,0,4.5,15.22,Charged Off
2451,LN104473,748,51200.0,1.0,OTHER,home_improvement,37400.0,36,Source Verified,0,25.3,12.03,Charged Off
2452,LN102643,628,29900.0,6.8,OWN,major_purchase,8200.0,36,Verified,2,8.8,12.15,Current
2453,LN101502,776,34400.0,5.6,RENT,credit_card,4300.0,36,Not Verified,2,36.2,16.17,Charged Off
2454,LN104727,621,49100.0,2.8,MORTGAGE,home_improvement,12100.0,36,Source Verified,0,7.9,11.68,Current
2455,LN104524,758,36200.0,5.0,MORTGAGE,credit_card,10200.0,60,Source Verified,0,10.4,12.64,Charged Off
2456,LN101581,680,44500.0,4.0,MORTGAGE,home_improvement,14200.0,36,Verified,1,45.2,13.71,Fully Paid
2457,LN105107,665,43100.0,2.3,RENT,medical,17400.0,36,Verified,0,15.3,15.69,Charged Off
2458,LN104043,596,35100.0,99.0,MORTGAGE,major_purchase,3900.0,60,Verified,1,11.7,15.21,Fully Paid
2459,LN104468,848,-1.0,1.0,MORTGAGE,debt_consolidation,6400.0,36,Not Verified,2,0.0,8.83,Current
2460,LN102853,706,56100.0,16.3,RENT,debt_consolidation,11500.0,36,Verified,0,15.4,12.27,Current
2461,LN103683,661,100400.0,8.1,RENT,credit_card,21600.0,36,Not Verified,0,1.9,15.22,Fully Paid
2462,LN105039,617,39500.0,5.2,MORTGAGE,debt_consolidation,8800.0,36,Source Verified,1,19.7,16.72,Charged Off
2463,LN100327,686,127100.0,3.2,RENT,debt_consolidation,16200.0,36,Verified,2,3.2,10.3,Fully Paid
2464,LN104831,563,43500.0,4.1,RENT,major_purchase,25600.0,60,Not Verified,1,11.2,21.28,Current
2465,LN102051,610,47900.0,7.0,OWN,major_purchase,5900.0,60,Source Verified,0,5.4,15.64,Fully Paid
2466,LN100179,709,58400.0,2.4,MORTGAGE,debt_consolidation,3600.0,60,Verified,1,8.4,15.19,Charged Off
2467,LN102091,731,88400.0,5.8,MORTGAGE,debt_consolidation,12900.0,60,Not Verified,0,17.5,13.36,Charged Off
2468,LN105070,659,32800.0,4.7,MORTGAGE,home_improvement,9800.0,60,Verified,0,18.0,13.9,Fully Paid
2469,LN104433,715,59200.0,2.9,RENT,debt_consolidation,6400.0,36,Not Verified,0,9.7,13.67,Fully Paid
2470,LN104825,648,-1.0,1.0,MORTGAGE,credit_card,22900.0,36,Source Verified,0,0.0,14.97,Charged Off
2471,LN100519,796,54700.0,3.5,RENT,major_purchase,9700.0,36,Verified,1,4.5,9.25,Charged Off
2472,LN104798,661,76300.0,8.5,OWN,other,11300.0,60,Verified,0,7.0,14.21,Fully Paid
2473,LN104814,701,55100.0,99.0,RENT,credit_card,15600.0,36,Not Verified,0,17.2,13.62,Charged Off
2474,LN103895,586,232100.0,2.9,RENT,debt_consolidation,14600.0,60,Source Verified,1,2.1,17.83,Current
2475,LN104910,640,65700.0,4.8,RENT,home_improvement,5900.0,60,Source Verified,2,9.8,16.86,Fully Paid
2476,LN100781,685,53700.0,7.4,RENT,credit_card,33900.0,60,Verified,0,8.6,16.57,Fully Paid
2477,LN102346,679,43000.0,99.0,MORTGAGE,credit_card,5800.0,36,Verified,0,8.0,10.38,Current
2478,LN101122,641,53000.0,6.1,RENT,medical,12500.0,36,Source Verified,1,10.6,15.02,Fully Paid
2479,LN100202,696,60500.0,11.7,MORTGAGE,debt_consolidation,25100.0,36,Not Verified,1,10.2,14.1,Fully Paid
2480,LN101801,719,79400.0,2.3,MORTGAGE,credit_card,13400.0,36,Source Verified,0,10.1,13.77,Fully Paid
2481,LN101596,711,116900.0,5.5,OTHER,credit_card,12400.0,60,Source Verified,0,6.1,15.1,Charged Off
2482,LN100074,699,85200.0,3.7,RENT,debt_consolidation,30900.0,36,Not Verified,1,16.6,13.82,Fully Paid
2483,LN103568,722,81000.0,2.0,RENT,credit_card,11300.0,36,Verified,0,5.5,9.53,Current
2484,LN100040,738,61700.0,18.4,RENT,credit_card,14900.0,36,Verified,0,21.6,11.29,Current
2485,LN100730,719,33400.0,12.0,MORTGAGE,home_improvement,7500.0,36,Verified,0,9.9,9.5,Current
2486,LN100109,578,50900.0,9.1,MORTGAGE,major_purchase,9300.0,36,Verified,0,16.1,13.94,Fully Paid
2487,LN104629,623,54200.0,3.0,RENT,debt_consolidation,13300.0,36,Verified,0,41.7,15.01,Charged Off
2488,LN104349,724,53400.0,7.6,RENT,debt_consolidation,11600.0,36,Verified,0,9.8,12.12,Fully Paid
2489,LN100192,665,117200.0,99.0,MORTGAGE,credit_card,11800.0,36,Not Verified,0,6.5,15.66,Current
2490,LN104849,692,18300.0,3.7,OWN,credit_card,6800.0,36,Source Verified,0,23.1,11.81,Fully Paid
2491,LN101368,771,41600.0,2.8,MORTGAGE,debt_consolidation,21700.0,60,Not Verified,2,32.6,17.18,Fully Paid
2492,LN103473,726,74200.0,15.1,MORTGAGE,debt_consolidation,5500.0,60,Verified,0,5.8,10.12,Current
2493,LN101709,679,48300.0,2.7,RENT,debt_consolidation,7200.0,60,Source Verified,0,11.0,14.46,Fully Paid
2494,LN103389,657,30200.0,2.7,RENT,credit_card,8000.0,60,Not Verified,0,35.1,18.01,Current
2495,LN105029,567,127300.0,3.0,OWN,home_improvement,7800.0,36,Verified,0,11.8,13.18,Fully Paid
2496,LN102586,695,52000.0,2.9,OWN,other,4600.0,36,Not Verified,1,3.4,12.17,Fully Paid
2497,LN104027,731,-1.0,5.6,MORTGAGE,other,11800.0,60,Verified,2,0.0,13.51,Charged Off
2498,LN101014,622,35500.0,13.6,OWN,debt_consolidation,18700.0,60,Source Verified,0,12.3,14.21,Current
2499,LN103732,850,41800.0,2.5,MORTGAGE,debt_consolidation,19600.0,36,Source Verified,1,14.6,9.73,Charged Off
2500,LN104922,702,120900.0,2.7,MORTGAGE,credit_card,21200.0,36,Not Verified,0,6.1,14.76,Current
2501,LN101892,616,30000.0,2.3,MORTGAGE,medical,12500.0,36,Source Verified,3,19.0,17.21,Charged Off
2502,LN103678,645,103000.0,6.4,RENT,home_improvement,14700.0,60,Source Verified,0,7.3,15.46,Charged Off
2503,LN102214,634,95800.0,4.9,MORTGAGE,debt_consolidation,6300.0,60,Source Verified,1,7.2,18.02,Charged Off
2504,LN103255,712,35300.0,4.0,RENT,credit_card,18600.0,60,Not Verified,0,14.3,17.43,Charged Off
2505,LN101322,689,50900.0,1.7,RENT,medical,4800.0,36,Not Verified,0,21.7,13.01,Current
2506,LN103905,849,39200.0,1.7,MORTGAGE,debt_consolidation,20700.0,36,Source Verified,1,22.9,10.81,Current
2507,LN102774,662,79800.0,3.9,OTHER,credit_card,9000.0,60,Source Verified,1,3.5,16.6,Fully Paid
2508,LN102674,674,59700.0,11.1,MORTGAGE,credit_card,5200.0,36,Source Verified,0,10.6,11.53,Current
2509,LN100869,687,76200.0,2.6,RENT,debt_consolidation,9500.0,60,Source Verified,0,2.6,17.15,Charged Off
2510,LN101606,723,18800.0,4.3,RENT,other,5100.0,36,Not Verified,0,6.6,12.39,Charged Off
2511,LN102302,510,32900.0,0.6,OWN,home_improvement,3000.0,36,Not Verified,0,48.9,17.68,Charged Off
2512,LN103197,677,60500.0,7.2,MORTGAGE,debt_consolidation,6400.0,60,Not Verified,0,10.9,14.09,Current
2513,LN105194,782,33900.0,9.4,MORTGAGE,major_purchase,10400.0,36,Verified,0,15.8,10.56,Fully Paid
2514,LN102658,678,57900.0,5.3,OWN,debt_consolidation,10000.0,36,Not Verified,0,3.7,11.47,Charged Off
2515,LN100045,704,92500.0,5.6,RENT,credit_card,3800.0,60,Source Verified,1,0.7,15.13,Current
2516,LN103833,640,40900.0,1.3,RENT,home_improvement,16600.0,36,Not Verified,0,8.5,12.76,Current
2517,LN100333,624,100400.0,5.3,MORTGAGE,home_improvement,9500.0,36,Source Verified,1,2.9,11.05,Current
2518,LN101753,653,63300.0,4.8,MORTGAGE,credit_card,4900.0,36,Not Verified,0,6.9,12.57,Current
2519,LN101224,631,-1.0,9.2,OWN,debt_consolidation,14100.0,60,Verified,0,0.0,14.0,Charged Off
2520,LN100727,0,20100.0,3.0,MORTGAGE,other,9700.0,36,Source Verified,0,8.3,12.69,Charged Off
2521,LN104989,744,-1.0,3.9,RENT,credit_card,10000.0,36,Verified,1,0.0,14.16,Fully Paid
2522,LN102190,737,28900.0,2.8,MORTGAGE,other,6900.0,36,Verified,0,30.8,13.35,Fully Paid
2523,LN102071,599,28300.0,6.2,MORTGAGE,major_purchase,4600.0,36,Source Verified,0,13.3,13.84,Current
2524,LN103181,593,-1.0,4.6,MORTGAGE,small_business,10000.0,36,Verified,0,0.0,16.21,Current
2525,LN102825,682,123800.0,12.2,MORTGAGE,debt_consolidation,14500.0,36,Source Verified,1,2.3,11.8,Fully Paid
2526,LN104815,537,-1.0,3.0,OWN,credit_card,14200.0,60,Not Verified,0,0.0,15.82,Fully Paid
2527,LN100963,683,42600.0,14.0,RENT,other,14800.0,36,Source Verified,0,3.1,15.52,Fully Paid
2528,LN104719,700,24600.0,3.1,MORTGAGE,medical,13200.0,36,Not Verified,0,26.0,13.21,Current
2529,LN102714,681,72100.0,5.2,RENT,medical,9300.0,36,Source Verified,1,3.6,12.89,Current
2530,LN102388,763,21600.0,6.7,MORTGAGE,home_improvement,7200.0,60,Source Verified,0,60.8,13.56,Charged Off
2531,LN100232,711,42000.0,1.7,RENT,credit_card,4400.0,60,Verified,0,5.9,14.65,Charged Off
2532,LN103220,783,23400.0,8.7,RENT,home_improvement,7300.0,60,Verified,0,3.7,9.91,Current
2533,LN101301,555,100600.0,3.3,MORTGAGE,small_business,29800.0,60,Verified,0,6.9,19.7,Charged Off
2534,LN101089,672,52000.0,4.3,RENT,major_purchase,9300.0,36,Not Verified,0,5.8,13.47,Fully Paid
2535,LN103059,669,35900.0,7.8,MORTGAGE,debt_consolidation,11300.0,60,Source Verified,0,34.9,16.1,Charged Off
2536,LN101550,588,37200.0,3.3,MORTGAGE,debt_consolidation,7200.0,36,Source Verified,0,5.4,14.11,Charged Off
2537,LN100076,662,-1.0,10.5,OWN,credit_card,6300.0,36,Source Verified,0,0.0,10.61,Fully Paid
2538,LN104702,572,37300.0,10.8,RENT,credit_card,8100.0,60,Source Verified,1,29.5,17.61,Charged Off
2539,LN100233,768,77100.0,16.5,MORTGAGE,debt_consolidation,16000.0,36,Verified,0,7.8,10.96,Current
2540,LN101428,733,32200.0,12.4,OWN,small_business,11000.0,36,Verified,0,20.8,14.64,Charged Off
2541,LN100256,718,82000.0,1.8,MORTGAGE,debt_consolidation,4400.0,60,Not Verified,0,4.5,11.89,Charged Off
2542,LN105022,664,61300.0,4.2,RENT,debt_consolidation,17200.0,60,Not Verified,0,14.0,17.17,Fully Paid
2543,LN102226,700,88300.0,8.0,MORTGAGE,debt_consolidation,10200.0,36,Source Verified,1,7.5,11.67,Current
2544,LN103537,668,74900.0,9.1,RENT,credit_card,6300.0,60,Not Verified,1,1.2,15.5,Charged Off
2545,LN101256,740,17600.0,2.6,OWN,major_purchase,19400.0,36,Not Verified,0,8.5,11.63,Current
2546,LN100154,687,58500.0,11.2,RENT,other,12600.0,36,Source Verified,1,5.1,15.34,Fully Paid
2547,LN103096,776,87500.0,2.8,MORTGAGE,credit_card,6500.0,36,Not Verified,0,7.0,11.05,Fully Paid
2548,LN104839,716,66300.0,3.5,MORTGAGE,major_purchase,6000.0,36,Source Verified,2,6.7,12.66,Fully Paid
2549,LN102779,624,35100.0,8.6,OWN,debt_consolidation,5100.0,60,Source Verified,0,9.7,16.08,Fully Paid
2550,LN101096,793,77700.0,2.0,RENT,major_purchase,11700.0,60,Source Verified,0,6.3,13.86,Current
2551,LN103375,0,31800.0,6.6,MORTGAGE,debt_consolidation,9400.0,36,Source Verified,0,45.5,14.82,Fully Paid
2552,LN101394,568,53800.0,99.0,RENT,debt_consolidation,16500.0,36,Verified,0,14.8,17.74,Current
2553,LN101367,776,89800.0,12.2,RENT,debt_consolidation,6100.0,36,Source Verified,1,11.5,10.8,Current
2554,LN101994,0,68800.0,3.3,MORTGAGE,credit_card,9400.0,36,Source Verified,0,1.5,13.27,Current
2555,LN103813,674,45800.0,2.0,MORTGAGE,debt_consolidation,15500.0,60,Verified,0,22.5,17.82,Fully Paid
2556,LN105003,718,52000.0,0.9,OTHER,major_purchase,3700.0,36,Source Verified,0,6.2,12.25,Current
2557,LN100386,719,76500.0,12.3,OWN,debt_consolidation,5800.0,60,Verified,3,12.6,14.52,Charged Off
2558,LN100911,716,32300.0,1.9,RENT,debt_consolidation,16100.0,60,Not Verified,0,3.7,17.68,Charged Off
2559,LN103739,659,24200.0,7.6,RENT,major_purchase,13900.0,36,Verified,0,16.1,13.67,Charged Off
2560,LN101374,688,123500.0,1.1,RENT,debt_consolidation,17300.0,36,Verified,0,6.1,11.57,Charged Off
2561,LN101405,735,108700.0,3.5,RENT,medical,8500.0,36,Not Verified,0,4.0,11.77,Fully Paid
2562,LN103755,0,-1.0,99.0,OTHER,small_business,4000.0,36,Verified,0,0.0,12.67,Fully Paid
2563,LN101468,0,155700.0,7.7,MORTGAGE,credit_card,4600.0,36,Verified,1,1.0,14.82,Fully Paid
2564,LN100779,605,28000.0,13.8,MORTGAGE,debt_consolidation,19800.0,36,Not Verified,0,25.6,17.36,Charged Off
2565,LN101488,711,75700.0,9.4,RENT,debt_consolidation,10700.0,60,Not Verified,1,5.7,14.21,Fully Paid
2566,LN102690,0,42800.0,1.9,RENT,home_improvement,4700.0,36,Verified,1,26.7,13.27,Charged Off
2567,LN104980,728,57700.0,11.5,OWN,debt_consolidation,11600.0,36,Source Verified,0,13.3,11.6,Fully Paid
2568,LN101153,654,56900.0,5.7,RENT,home_improvement,8600.0,36,Source Verified,1,5.3,11.03,Fully Paid
2569,LN100976,762,103500.0,3.3,RENT,debt_consolidation,6400.0,60,Verified,1,2.9,11.8,Fully Paid
2570,LN102482,704,30000.0,1.6,RENT,credit_card,6800.0,60,Source Verified,0,20.2,16.44,Charged Off
2571,LN102771,727,27300.0,20.3,RENT,debt_consolidation,10200.0,60,Not Verified,0,4.3,13.9,Fully Paid
2572,LN102222,696,51700.0,5.1,RENT,home_improvement,12400.0,36,Source Verified,1,4.6,10.75,Charged Off
2573,LN100001,622,80100.0,6.2,MORTGAGE,debt_consolidation,10800.0,36,Verified,0,3.2,10.96,Charged Off
2574,LN101565,649,30100.0,5.7,OWN,debt_consolidation,18500.0,36,Not Verified,1,13.5,16.06,Current
2575,LN104474,646,28500.0,5.3,MORTGAGE,home_improvement,8400.0,60,Not Verified,0,0.5,11.92,Charged Off
2576,LN102010,608,53200.0,6.7,MORTGAGE,home_improvement,9400.0,36,Source Verified,0,14.9,15.51,Current
2577,LN103825,673,85200.0,9.3,OWN,other,7700.0,36,Not Verified,1,21.1,16.57,Charged Off
2578,LN104783,710,52600.0,7.1,MORTGAGE,debt_consolidation,28500.0,36,Verified,3,1.9,11.63,Current
2579,LN104148,682,31300.0,2.9,MORTGAGE,credit_card,3000.0,36,Not Verified,0,8.8,13.35,Fully Paid
2580,LN101708,757,-1.0,12.0,RENT,debt_consolidation,11200.0,36,Not Verified,0,0.0,11.2,Charged Off
2581,LN102632,686,52400.0,15.4,RENT,home_improvement,8500.0,36,Source Verified,0,2.9,11.7,Charged Off
2582,LN102187,660,45300.0,5.7,RENT,medical,10400.0,36,Source Verified,0,13.6,14.41,Fully Paid
2583,LN100995,713,54400.0,4.2,MORTGAGE,debt_consolidation,7400.0,36,Not Verified,0,3.8,10.03,Fully Paid
2584,LN105095,674,83300.0,7.4,RENT,credit_card,5000.0,36,Not Verified,0,6.7,9.8,Current
2585,LN101781,696,167500.0,2.8,RENT,medical,22300.0,36,Verified,1,2.1,14.9,Charged Off
2586,LN103345,675,29300.0,6.7,RENT,other,6800.0,36,Source Verified,0,12.7,13.91,Charged Off
2587,LN100409,606,129000.0,4.2,MORTGAGE,home_improvement,19400.0,60,Not Verified,0,7.3,16.55,Fully Paid
2588,LN100803,715,46200.0,25.9,OWN,debt_consolidation,13000.0,36,Verified,0,14.8,14.05,Charged Off
2589,LN103691,684,49800.0,1.5,RENT,debt_consolidation,6200.0,60,Verified,0,5.0,13.57,Current
2590,LN104696,737,51700.0,3.0,RENT,major_purchase,10800.0,60,Verified,0,2.9,13.34,Current
2591,LN100855,691,41000.0,4.3,MORTGAGE,credit_card,13800.0,36,Not Verified,1,16.6,12.7,Fully Paid
2592,LN104687,592,108300.0,1.8,MORTGAGE,debt_consolidation,16200.0,36,Source Verified,2,6.4,13.39,Current
2593,LN103280,803,40400.0,4.0,RENT,credit_card,11900.0,60,Source Verified,1,6.7,14.9,Current
2594,LN102800,673,63400.0,2.3,RENT,other,7100.0,36,Not Verified,1,7.4,12.24,Current
2595,LN102463,613,-1.0,2.4,OWN,credit_card,15500.0,60,Source Verified,0,0.0,16.73,Charged Off
2596,LN103076,689,56100.0,3.4,RENT,small_business,9900.0,36,Verified,0,10.3,16.18,Charged Off
2597,LN100211,604,68100.0,13.0,RENT,credit_card,5700.0,60,Verified,0,13.3,14.49,Charged Off
2598,LN103263,795,11100.0,99.0,RENT,major_purchase,5100.0,36,Source Verified,0,54.9,14.07,Fully Paid
2599,LN100583,620,76400.0,11.1,MORTGAGE,debt_consolidation,11500.0,36,Not Verified,0,1.9,13.81,Fully Paid
2600,LN102040,750,29600.0,3.3,RENT,major_purchase,7100.0,36,Not Verified,2,8.1,12.52,Current
2601,LN101969,742,78700.0,3.4,RENT,debt_consolidation,13100.0,36,Not Verified,0,4.0,11.28,Current
2602,LN100532,661,63900.0,6.5,RENT,debt_consolidation,6000.0,60,Source Verified,0,2.6,12.93,Fully Paid
2603,LN100255,741,-1.0,5.0,OWN,credit_card,39500.0,60,Verified,1,0.0,13.54,Charged Off
2604,LN102260,535,27000.0,1.4,MORTGAGE,home_improvement,13900.0,36,Verified,0,26.7,17.63,Current
2605,LN100515,712,134300.0,5.6,RENT,debt_consolidation,5000.0,36,Verified,1,5.2,11.42,Fully Paid
2606,LN103550,642,112600.0,2.8,MORTGAGE,credit_card,20900.0,60,Verified,0,5.3,17.66,Fully Paid
2607,LN102805,697,49500.0,1.3,OWN,credit_card,18000.0,60,Not Verified,0,15.1,16.76,Charged Off
2608,LN102579,779,39000.0,3.4,MORTGAGE,home_improvement,3800.0,60,Verified,1,8.8,12.27,Charged Off
2609,LN100531,629,-1.0,5.6,MORTGAGE,other,9600.0,60,Source Verified,1,0.0,18.93,Current
2610,LN101460,753,60600.0,2.8,RENT,major_purchase,5700.0,36,Verified,0,7.2,9.09,Charged Off
2611,LN100326,588,42700.0,17.1,MORTGAGE,debt_consolidation,3100.0,60,Verified,1,24.7,15.06,Current
2612,LN100246,619,115900.0,4.5,RENT,debt_consolidation,8300.0,60,Source Verified,0,6.2,18.29,Fully Paid
2613,LN102819,745,51700.0,4.2,MORTGAGE,home_improvement,8600.0,36,Source Verified,0,15.0,10.26,Current
2614,LN101622,740,69700.0,8.2,RENT,debt_consolidation,9900.0,60,Not Verified,1,1.9,14.58,Current
2615,LN100930,690,61500.0,2.4,RENT,debt_consolidation,6600.0,60,Not Verified,1,2.8,17.19,Charged Off
2616,LN102150,686,60100.0,0.3,RENT,small_business,21600.0,60,Source Verified,0,2.3,18.4,Fully Paid
2617,LN101713,683,20500.0,0.8,MORTGAGE,debt_consolidation,7700.0,36,Verified,1,10.0,13.41,Charged Off
2618,LN100069,678,53200.0,18.9,RENT,other,11200.0,36,Not Verified,2,3.1,17.72,Current
2619,LN100388,708,-1.0,4.5,RENT,other,11500.0,36,Not Verified,0,0.0,14.16,Current
2620,LN103576,712,-1.0,4.5,RENT,other,8700.0,36,Not Verified,0,0.0,12.89,Current
2621,LN104802,689,96000.0,6.9,OTHER,debt_consolidation,13100.0,36,Verified,0,3.6,12.56,Charged Off
2622,LN102900,654,49500.0,12.1,MORTGAGE,medical,13900.0,60,Source Verified,0,20.8,16.92,Current
2623,LN100698,631,31600.0,5.0,RENT,debt_consolidation,5800.0,36,Verified,2,5.7,14.69,Fully Paid
2624,LN100747,724,39400.0,6.7,MORTGAGE,debt_consolidation,20600.0,36,Not Verified,0,5.2,13.42,Charged Off
2625,LN103920,711,47000.0,13.0,OWN,small_business,9900.0,36,Source Verified,0,5.8,11.0,Fully Paid
2626,LN102095,741,54400.0,4.3,RENT,debt_consolidation,16800.0,36,Not Verified,0,19.2,13.09,Fully Paid
2627,LN103809,716,-1.0,7.8,RENT,home_improvement,6400.0,60,Verified,1,0.0,11.42,Current
2628,LN103585,822,31900.0,5.9,MORTGAGE,credit_card,12300.0,60,Verified,0,34.6,12.22,Fully Paid
2629,LN102236,687,35200.0,15.7,MORTGAGE,other,12400.0,60,Source Verified,0,25.3,14.39,Fully Paid
2630,LN102646,797,63000.0,0.9,MORTGAGE,other,4700.0,60,Source Verified,0,1.3,12.71,Fully Paid
2631,LN102995,640,28500.0,6.4,MORTGAGE,debt_consolidation,17900.0,36,Source Verified,0,20.4,15.43,Charged Off
2632,LN103953,663,50600.0,6.8,RENT,credit_card,15000.0,60,Source Verified,0,19.4,19.71,Fully Paid
2633,LN100227,812,67600.0,7.7,MORTGAGE,major_purchase,8800.0,60,Source Verified,0,8.8,9.81,Current
2634,LN101035,690,65500.0,1.6,RENT,credit_card,12000.0,60,Source Verified,0,9.2,14.83,Charged Off
2635,LN101859,0,44900.0,5.3,OWN,medical,7400.0,60,Verified,2,21.3,17.93,Current
2636,LN103487,707,34000.0,1.5,MORTGAGE,debt_consolidation,4600.0,36,Verified,0,28.1,12.28,Fully Paid
2637,LN101095,770,104700.0,1.0,RENT,home_improvement,6600.0,36,Source Verified,0,5.9,10.14,Current
2638,LN102839,695,42100.0,3.6,OWN,debt_consolidation,14300.0,60,Source Verified,2,10.8,17.21,Current
2639,LN103233,747,39300.0,4.2,OWN,major_purchase,2500.0,36,Source Verified,0,13.6,10.46,Current
2640,LN101998,655,20800.0,1.3,MORTGAGE,debt_consolidation,5400.0,36,Verified,0,18.9,13.41,Current
2641,LN102741,732,40700.0,9.3,MORTGAGE,debt_consolidation,6400.0,36,Source Verified,0,16.3,9.66,Charged Off
2642,LN100962,625,52700.0,1.1,MORTGAGE,other,20300.0,36,Source Verified,1,23.1,14.24,Current
2643,LN100891,654,95300.0,2.0,MORTGAGE,debt_consolidation,21100.0,36,Not Verified,1,2.4,13.97,Fully Paid
2644,LN100189,797,31500.0,0.8,RENT,credit_card,1500.0,36,Source Verified,0,38.0,10.98,Current
2645,LN100946,712,109800.0,3.3,MORTGAGE,home_improvement,9000.0,36,Source Verified,0,0.7,8.63,Charged Off
2646,LN101054,600,32600.0,7.2,MORTGAGE,credit_card,15900.0,60,Verified,2,10.9,17.4,Charged Off
2647,LN103717,719,16400.0,9.6,MORTGAGE,home_improvement,9900.0,60,Not Verified,0,65.0,13.96,Charged Off
2648,LN100172,660,66500.0,5.6,MORTGAGE,credit_card,21800.0,60,Not Verified,0,5.1,16.71,Fully Paid
2649,LN101588,626,42100.0,6.9,MORTGAGE,debt_consolidation,17300.0,36,Not Verified,1,3.9,15.94,Charged Off
2650,LN103874,607,32300.0,0.9,MORTGAGE,credit_card,6000.0,36,Verified,0,13.6,15.62,Charged Off
2651,LN102255,613,53800.0,8.4,RENT,major_purchase,4700.0,36,Source Verified,0,31.3,14.17,Fully Paid
2652,LN100271,711,94200.0,6.1,OWN,credit_card,9700.0,60,Not Verified,0,15.4,15.44,Current
2653,LN101874,621,35500.0,1.1,RENT,medical,15000.0,60,Not Verified,1,2.3,18.61,Current
2654,LN103759,574,-1.0,14.1,RENT,major_purchase,19700.0,36,Not Verified,1,0.0,15.78,Fully Paid
2655,LN104170,759,48800.0,1.5,MORTGAGE,debt_consolidation,14400.0,60,Source Verified,0,30.4,13.05,Fully Paid
2656,LN100714,676,32200.0,0.3,MORTGAGE,debt_consolidation,9000.0,36,Not Verified,0,3.7,11.1,Current
2657,LN102408,536,41800.0,6.1,MORTGAGE,debt_consolidation,6300.0,60,Verified,0,24.8,17.39,Fully Paid
2658,LN103808,684,94400.0,3.2,RENT,debt_consolidation,6900.0,60,Verified,0,1.5,13.24,Fully Paid
2659,LN100177,700,71300.0,99.0,MORTGAGE,debt_consolidation,20400.0,36,Source Verified,2,14.1,11.98,Current
2660,LN101699,703,131100.0,7.8,RENT,credit_card,15300.0,36,Source Verified,0,2.5,12.85,Charged Off
2661,LN101360,665,34700.0,0.7,MORTGAGE,home_improvement,22100.0,60,Not Verified,0,6.3,13.86,Fully Paid
2662,LN103014,754,61800.0,5.3,MORTGAGE,major_purchase,8600.0,36,Verified,1,18.7,14.54,Current
2663,LN100872,737,53400.0,9.4,MORTGAGE,major_purchase,15500.0,60,Source Verified,0,19.5,13.21,Fully Paid
2664,LN102017,647,71200.0,10.4,MORTGAGE,medical,3800.0,60,Verified,1,4.9,15.09,Current
2665,LN100928,675,71700.0,4.5,MORTGAGE,credit_card,5600.0,60,Source Verified,1,9.8,16.45,Fully Paid
2666,LN102257,706,45100.0,4.5,MORTGAGE,home_improvement,8600.0,36,Source Verified,2,18.8,13.78,Fully Paid
2667,LN104259,666,109800.0,3.1,MORTGAGE,debt_consolidation,14500.0,36,Source Verified,0,5.0,10.06,Fully Paid
2668,LN102721,774,36600.0,7.0,MORTGAGE,credit_card,7500.0,36,Source Verified,0,3.9,9.6,Fully Paid
2669,LN100777,716,58500.0,5.1,RENT,debt_consolidation,7300.0,60,Source Verified,1,17.5,14.14,Charged Off
2670,LN102052,765,23100.0,11.5,MORTGAGE,debt_consolidation,8400.0,60,Verified,0,35.8,12.89,Charged Off
2671,LN103441,693,100800.0,3.0,RENT,debt_consolidation,7200.0,36,Not Verified,1,5.2,11.47,Fully Paid
2672,LN103529,683,110000.0,4.7,MORTGAGE,debt_consolidation,23900.0,36,Verified,0,7.8,9.39,Charged Off
2673,LN102642,627,135700.0,6.3,MORTGAGE,debt_consolidation,8200.0,36,Source Verified,0,3.0,10.01,Fully Paid
2674,LN100476,759,32900.0,1.2,OTHER,home_improvement,7600.0,36,Source Verified,0,9.4,12.95,Charged Off
2675,LN101069,685,59400.0,9.3,MORTGAGE,other,8000.0,36,Verified,0,16.8,11.38,Fully Paid
2676,LN102964,692,134200.0,12.3,RENT,major_purchase,26000.0,60,Source Verified,0,2.1,13.83,Fully Paid
2677,LN100786,693,115100.0,4.6,RENT,debt_consolidation,7700.0,36,Source Verified,0,11.7,16.15,Fully Paid
2678,LN103709,672,86900.0,8.5,RENT,debt_consolidation,11600.0,60,Verified,1,11.1,16.81,Fully Paid
2679,LN101327,587,27400.0,9.7,RENT,credit_card,10200.0,36,Source Verified,0,5.0,14.84,Current
2680,LN102897,695,50300.0,8.8,MORTGAGE,credit_card,7900.0,60,Not Verified,0,9.8,16.32,Charged Off
2681,LN103361,543,94500.0,10.2,RENT,credit_card,10800.0,36,Source Verified,1,11.7,15.85,Charged Off
2682,LN100564,749,66400.0,6.7,MORTGAGE,credit_card,8300.0,36,Not Verified,0,1.1,12.48,Fully Paid
2683,LN102269,660,62800.0,2.2,RENT,debt_consolidation,19200.0,60,Verified,0,8.8,16.28,Fully Paid
2684,LN104354,623,39500.0,7.9,MORTGAGE,other,8600.0,36,Source Verified,1,20.2,13.44,Fully Paid
2685,LN104585,720,28100.0,1.6,MORTGAGE,home_improvement,5600.0,36,Source Verified,0,16.1,9.0,Charged Off
2686,LN104455,850,25800.0,2.1,RENT,debt_consolidation,13100.0,36,Verified,1,24.0,8.64,Current
2687,LN102788,653,67200.0,4.6,MORTGAGE,credit_card,4600.0,36,Source Verified,0,8.9,12.86,Charged Off
2688,LN103993,645,54300.0,5.0,MORTGAGE,home_improvement,7200.0,60,Not Verified,1,18.7,15.09,Charged Off
2689,LN103714,639,25600.0,2.2,OTHER,home_improvement,7600.0,60,Source Verified,0,5.3,16.33,Fully Paid
2690,LN103093,639,75200.0,5.9,RENT,major_purchase,5600.0,36,Not Verified,0,6.6,13.01,Charged Off
2691,LN104848,642,42200.0,4.5,RENT,debt_consolidation,9000.0,36,Source Verified,1,15.5,12.72,Fully Paid
2692,LN101834,728,36000.0,3.9,OTHER,major_purchase,2800.0,36,Not Verified,0,32.4,13.27,Charged Off
2693,LN100804,774,34000.0,5.0,RENT,other,14800.0,60,Not Verified,0,22.6,13.84,Charged Off
2694,LN104931,631,58200.0,4.6,RENT,other,12500.0,36,Verified,2,4.1,13.74,Fully Paid
2695,LN104196,708,70900.0,6.7,OWN,other,13700.0,36,Verified,0,10.6,12.12,Charged Off
2696,LN103992,670,38300.0,3.8,MORTGAGE,debt_consolidation,5800.0,36,Not Verified,0,21.4,16.68,Current
2697,LN104986,715,79300.0,0.9,RENT,debt_consolidation,7400.0,36,Verified,0,3.2,11.76,Fully Paid
2698,LN103226,631,-1.0,5.7,MORTGAGE,other,7500.0,36,Not Verified,0,0.0,13.2,Charged Off
2699,LN102670,735,35600.0,26.6,RENT,credit_card,8300.0,60,Source Verified,1,33.3,14.89,Fully Paid
2700,LN100416,761,93100.0,5.6,RENT,debt_consolidation,7600.0,36,Source Verified,0,6.3,7.63,Current
2701,LN102172,671,44000.0,2.6,RENT,small_business,18400.0,36,Source Verified,0,5.1,13.74,Fully Paid
2702,LN102624,654,76400.0,9.1,MORTGAGE,other,21600.0,36,Not Verified,0,5.9,14.71,Current
2703,LN102018,728,29100.0,99.0,MORTGAGE,home_improvement,10400.0,36,Not Verified,1,16.9,12.76,Current
2704,LN104029,703,56900.0,0.8,OWN,debt_consolidation,24500.0,36,Verified,0,15.4,12.2,Fully Paid
2705,LN102718,758,29100.0,2.6,OWN,debt_consolidation,5400.0,36,Source Verified,1,19.0,14.76,Charged Off
2706,LN101966,705,17100.0,6.5,MORTGAGE,major_purchase,17700.0,60,Not Verified,0,11.5,14.64,Fully Paid
2707,LN102543,741,77500.0,6.6,MORTGAGE,debt_consolidation,4800.0,36,Source Verified,0,9.8,10.37,Charged Off
2708,LN104415,634,23200.0,3.6,RENT,debt_consolidation,8800.0,60,Source Verified,1,10.2,15.47,Fully Paid
2709,LN100614,638,57200.0,3.9,RENT,debt_consolidation,10800.0,60,Not Verified,0,17.4,14.31,Current
2710,LN104520,621,78500.0,5.4,MORTGAGE,home_improvement,10100.0,60,Source Verified,0,3.8,15.74,Fully Paid
2711,LN100955,779,28300.0,6.6,OWN,credit_card,6800.0,36,Verified,0,10.6,11.03,Current
2712,LN100083,665,52400.0,3.7,RENT,home_improvement,20000.0,36,Source Verified,0,7.2,12.25,Charged Off
2713,LN101067,720,72300.0,3.2,RENT,debt_consolidation,10200.0,36,Source Verified,0,1.5,11.15,Current
2714,LN100957,836,93900.0,3.5,MORTGAGE,home_improvement,17300.0,36,Source Verified,0,9.9,10.88,Fully Paid
2715,LN102535,758,-1.0,8.3,RENT,home_improvement,3400.0,36,Not Verified,0,0.0,11.83,Charged Off
2716,LN104971,598,31800.0,7.6,OWN,major_purchase,5100.0,60,Not Verified,0,43.7,18.33,Charged Off
2717,LN101825,734,56000.0,21.9,RENT,other,2400.0,36,Verified,0,4.8,9.89,Fully Paid
2718,LN103138,725,66600.0,3.7,MORTGAGE,major_purchase,10700.0,36,Source Verified,0,2.3,11.81,Current
2719,LN103669,699,66000.0,6.1,RENT,other,10700.0,36,Not Verified,0,9.5,14.64,Fully Paid
2720,LN101657,576,41200.0,15.0,RENT,credit_card,33000.0,60,Source Verified,0,9.0,20.05,Current
2721,LN104126,756,48100.0,13.8,RENT,credit_card,13500.0,36,Source Verified,1,20.2,14.9,Charged Off
2722,LN101889,725,18900.0,4.3,MORTGAGE,home_improvement,17600.0,60,Source Verified,0,22.5,15.11,Charged Off
2723,LN105026,682,-1.0,5.5,OTHER,home_improvement,4200.0,60,Verified,0,0.0,14.17,Charged Off
2724,LN105050,717,45100.0,0.7,OWN,debt_consolidation,12400.0,36,Not Verified,0,19.4,10.08,Current
2725,LN104693,642,23700.0,1.6,OTHER,other,29100.0,36,Source Verified,0,19.0,16.96,Fully Paid
2726,LN103633,682,19800.0,9.1,RENT,debt_consolidation,9200.0,36,Verified,0,14.1,12.98,Fully Paid
2727,LN104581,742,58800.0,7.5,MORTGAGE,debt_consolidation,17500.0,36,Verified,0,31.0,10.79,Fully Paid
2728,LN104322,593,65600.0,10.7,RENT,debt_consolidation,13300.0,60,Source Verified,0,12.4,18.11,Fully Paid
2729,LN103182,644,62700.0,10.8,RENT,credit_card,9600.0,36,Not Verified,1,6.4,13.3,Fully Paid
2730,LN101510,694,47600.0,4.2,OTHER,home_improvement,5300.0,60,Not Verified,0,9.9,16.94,Charged Off
2731,LN100503,592,53700.0,1.0,OWN,debt_consolidation,16300.0,36,Verified,0,10.3,13.71,Current
2732,LN103878,605,131700.0,11.4,OWN,debt_consolidation,9900.0,36,Verified,0,0.6,10.29,Charged Off
2733,LN103842,709,29000.0,9.6,RENT,home_improvement,6800.0,60,Verified,0,26.2,13.49,Fully Paid
2734,LN104528,644,40600.0,99.0,MORTGAGE,credit_card,5900.0,36,Source Verified,1,11.3,12.79,Fully Paid
2735,LN104403,791,118400.0,15.9,RENT,home_improvement,5800.0,36,Source Verified,0,3.7,6.33,Current
2736,LN102934,641,40400.0,17.0,RENT,debt_consolidation,16900.0,60,Verified,1,8.5,17.07,Current
2737,LN101300,693,65500.0,5.2,OWN,home_improvement,8600.0,36,Source Verified,0,11.4,10.93,Current
2738,LN100505,655,97900.0,8.2,RENT,major_purchase,5300.0,36,Source Verified,0,1.6,8.82,Current
2739,LN100441,711,64600.0,11.2,MORTGAGE,major_purchase,3000.0,36,Verified,0,18.3,8.44,Current
2740,LN103009,738,43000.0,3.3,MORTGAGE,debt_consolidation,7700.0,36,Verified,0,15.5,11.25,Fully Paid
2741,LN101599,621,74400.0,3.9,RENT,debt_consolidation,8400.0,60,Verified,0,12.2,15.51,Fully Paid
2742,LN100839,668,49100.0,7.3,MORTGAGE,other,8500.0,36,Not Verified,0,9.9,15.53,Fully Paid
2743,LN103036,699,46100.0,6.8,MORTGAGE,credit_card,4300.0,60,Source Verified,2,0.8,14.13,Fully Paid
2744,LN105140,0,70600.0,7.6,OWN,debt_consolidation,17500.0,36,Source Verified,0,286.8,27.63,Charged Off
2745,LN103330,0,151200.0,9.7,RENT,major_purchase,27600.0,60,Source Verified,1,1.9,16.01,Current
2746,LN105184,620,45200.0,9.5,MORTGAGE,other,9000.0,36,Verified,1,0.3,11.34,Fully Paid
2747,LN101817,751,52200.0,2.3,OWN,debt_consolidation,16100.0,36,Source Verified,0,5.0,11.45,Fully Paid
2748,LN100915,765,49500.0,9.0,RENT,debt_consolidation,15900.0,60,Verified,0,19.6,10.76,Fully Paid
2749,LN100735,700,39800.0,10.0,MORTGAGE,debt_consolidation,6100.0,60,Source Verified,0,8.8,9.87,Fully Paid
2750,LN100107,668,50400.0,6.1,MORTGAGE,debt_consolidation,11900.0,60,Verified,0,1.9,10.84,Current
2751,LN100688,660,29600.0,3.5,MORTGAGE,debt_consolidation,10800.0,60,Source Verified,0,4.4,15.82,Charged Off
2752,LN101677,714,115400.0,3.7,MORTGAGE,credit_card,2200.0,36,Source Verified,1,2.8,10.7,Fully Paid
2753,LN103716,0,78500.0,4.0,MORTGAGE,debt_consolidation,13800.0,36,Verified,0,9.9,13.29,Current
2754,LN101162,673,32300.0,99.0,OWN,medical,10200.0,36,Source Verified,1,10.1,14.56,Current
2755,LN103629,731,59500.0,5.0,MORTGAGE,home_improvement,14200.0,36,Source Verified,0,10.0,11.73,Fully Paid
2756,LN103593,0,45900.0,8.8,MORTGAGE,small_business,16600.0,36,Source Verified,0,8.2,17.59,Charged Off
2757,LN102673,722,81800.0,10.1,RENT,credit_card,3300.0,36,Not Verified,0,15.6,12.34,Fully Paid
2758,LN102603,703,63000.0,13.1,RENT,debt_consolidation,14900.0,36,Verified,0,13.8,11.59,Current
2759,LN100761,731,104100.0,3.1,OWN,home_improvement,13000.0,36,Verified,0,8.7,10.26,Current
2760,LN104669,639,42400.0,3.6,RENT,small_business,17400.0,36,Verified,0,3.2,10.79,Charged Off
2761,LN100909,620,40500.0,4.6,RENT,credit_card,14200.0,36,Source Verified,0,22.3,11.44,Charged Off
2762,LN105152,693,58900.0,2.9,RENT,debt_consolidation,8800.0,36,Not Verified,1,2.3,13.33,Current
2763,LN100831,791,28200.0,4.6,MORTGAGE,home_improvement,6900.0,60,Not Verified,1,3.8,11.23,Fully Paid
2764,LN104619,728,20700.0,3.2,MORTGAGE,debt_consolidation,6800.0,36,Not Verified,0,17.0,11.82,Charged Off
2765,LN102573,702,38100.0,18.8,MORTGAGE,debt_consolidation,7000.0,36,Source Verified,1,7.8,13.86,Charged Off
2766,LN105150,796,73200.0,17.0,OWN,credit_card,5400.0,60,Source Verified,0,11.6,11.14,Current
2767,LN100871,624,47400.0,1.3,OWN,debt_consolidation,10000.0,60,Verified,1,5.9,14.55,Charged Off
2768,LN103676,622,55400.0,99.0,RENT,debt_consolidation,14900.0,36,Verified,3,10.0,16.58,Fully Paid
2769,LN104577,532,72400.0,6.3,OWN,credit_card,9500.0,36,Verified,2,14.8,17.88,Charged Off
2770,LN103097,647,43100.0,3.1,RENT,debt_consolidation,6000.0,36,Source Verified,0,20.6,16.13,Fully Paid
2771,LN101098,753,46900.0,6.3,RENT,major_purchase,10200.0,36,Verified,2,12.6,10.8,Current
2772,LN100295,701,55300.0,8.8,MORTGAGE,small_business,15200.0,36,Source Verified,0,6.7,13.71,Charged Off
2773,LN104296,673,112200.0,7.4,OWN,credit_card,10400.0,60,Verified,0,10.8,13.61,Current
2774,LN104205,673,16700.0,2.9,MORTGAGE,home_improvement,23500.0,36,Verified,0,21.4,17.53,Charged Off
2775,LN102902,756,70100.0,20.8,RENT,home_improvement,26500.0,60,Source Verified,1,5.9,13.39,Fully Paid
2776,LN102086,684,36800.0,4.8,MORTGAGE,credit_card,12900.0,60,Source Verified,0,4.3,15.33,Current
2777,LN104465,725,33400.0,8.5,RENT,debt_consolidation,13200.0,60,Source Verified,1,33.6,15.95,Fully Paid
2778,LN103218,835,22300.0,1.8,OWN,credit_card,12000.0,60,Source Verified,0,18.1,12.82,Fully Paid
2779,LN100397,705,62700.0,1.7,RENT,credit_card,6100.0,36,Not Verified,0,22.1,13.26,Charged Off
2780,LN100854,708,86000.0,5.7,RENT,other,27400.0,36,Source Verified,0,7.2,13.18,Fully Paid
2781,LN103160,687,82200.0,2.9,MORTGAGE,debt_consolidation,8200.0,36,Verified,0,23.8,12.63,Current
2782,LN102080,716,34800.0,27.9,MORTGAGE,credit_card,8500.0,36,Source Verified,1,11.3,12.47,Charged Off
2783,LN100018,747,52600.0,3.2,MORTGAGE,debt_consolidation,11200.0,36,Source Verified,0,15.1,12.59,Current
2784,LN105053,643,57800.0,99.0,OWN,credit_card,22800.0,36,Not Verified,0,10.3,16.52,Charged Off
2785,LN105001,671,49000.0,11.0,MORTGAGE,debt_consolidation,10900.0,60,Source Verified,2,12.4,16.32,Fully Paid
2786,LN103687,718,94400.0,7.9,MORTGAGE,home_improvement,7800.0,36,Not Verified,1,3.3,11.32,Current
2787,LN101252,638,50700.0,6.0,MORTGAGE,major_purchase,12200.0,36,Verified,0,20.0,12.65,Current
2788,LN100195,632,-1.0,2.6,MORTGAGE,credit_card,10900.0,60,Not Verified,1,0.0,15.77,Fully Paid
2789,LN104499,657,69800.0,3.7,MORTGAGE,home_improvement,18900.0,36,Source Verified,2,2.6,13.42,Fully Paid
2790,LN100203,732,67700.0,7.4,OWN,debt_consolidation,9100.0,36,Verified,0,7.3,11.16,Fully Paid
2791,LN100292,786,27400.0,7.5,MORTGAGE,home_improvement,17700.0,60,Source Verified,1,9.9,14.23,Current
2792,LN101345,840,83100.0,10.1,MORTGAGE,credit_card,8100.0,36,Verified,0,6.9,7.95,Charged Off
2793,LN102161,629,51000.0,1.0,RENT,small_business,14400.0,36,Verified,0,13.7,16.63,Charged Off
2794,LN104085,689,59700.0,4.9,MORTGAGE,credit_card,20800.0,36,Verified,0,11.5,14.44,Current
2795,LN104327,721,52000.0,99.0,RENT,home_improvement,7100.0,36,Verified,1,2.8,13.13,Charged Off
2796,LN103032,610,58900.0,8.3,MORTGAGE,debt_consolidation,12100.0,36,Source Verified,1,3.0,17.31,Fully Paid
2797,LN104535,714,38700.0,1.4,OWN,small_business,15800.0,60,Source Verified,0,17.3,14.92,Current
2798,LN103792,666,44900.0,5.1,RENT,debt_consolidation,10400.0,36,Not Verified,0,16.9,13.18,Charged Off
2799,LN101629,760,31300.0,4.0,RENT,debt_consolidation,9800.0,36,Not Verified,0,33.0,15.18,Fully Paid
2800,LN102945,705,44500.0,8.5,OTHER,major_purchase,6700.0,36,Source Verified,0,9.3,11.37,Current
2801,LN100004,563,44700.0,8.6,OWN,home_improvement,6100.0,60,Source Verified,0,12.8,16.83,Fully Paid
2802,LN100175,701,53300.0,6.7,MORTGAGE,debt_consolidation,7800.0,60,Verified,0,0.8,11.44,Fully Paid
2803,LN100412,646,43500.0,5.1,MORTGAGE,debt_consolidation,19600.0,36,Verified,0,22.5,13.71,Charged Off
2804,LN103964,674,72100.0,1.2,RENT,debt_consolidation,14300.0,60,Not Verified,0,1.5,11.95,Current
2805,LN101990,715,69600.0,10.6,MORTGAGE,debt_consolidation,7200.0,60,Not Verified,0,5.6,12.27,Fully Paid
2806,LN101430,0,46000.0,17.3,MORTGAGE,medical,6700.0,36,Source Verified,0,11.2,14.17,Charged Off
2807,LN101940,607,36800.0,6.6,MORTGAGE,debt_consolidation,12000.0,36,Source Verified,0,7.4,12.31,Current
2808,LN102584,720,70800.0,6.5,MORTGAGE,small_business,6000.0,60,Source Verified,0,9.8,14.47,Charged Off
2809,LN100023,680,47000.0,11.3,MORTGAGE,other,4600.0,60,Verified,0,8.5,14.73,Fully Paid
2810,LN104671,661,42500.0,99.0,RENT,debt_consolidation,3900.0,60,Verified,0,12.6,12.28,Fully Paid
2811,LN102292,768,20100.0,4.7,RENT,debt_consolidation,7000.0,36,Not Verified,1,58.7,14.41,Charged Off
2812,LN104144,782,87700.0,1.9,OWN,home_improvement,13800.0,60,Source Verified,0,5.8,10.23,Fully Paid
2813,LN104303,651,79400.0,2.7,MORTGAGE,debt_consolidation,11300.0,36,Source Verified,0,10.4,12.9,Fully Paid
2814,LN102074,694,50300.0,5.1,RENT,debt_consolidation,25100.0,36,Not Verified,0,11.4,13.82,Fully Paid
2815,LN100420,696,169800.0,8.5,RENT,other,11600.0,60,Source Verified,1,5.0,14.12,Charged Off
2816,LN100959,717,69400.0,8.6,MORTGAGE,debt_consolidation,14200.0,60,Not Verified,1,9.1,13.77,Current
2817,LN100602,773,35900.0,4.3,MORTGAGE,major_purchase,6800.0,36,Source Verified,0,6.2,10.72,Current
2818,LN101791,689,44400.0,5.5,MORTGAGE,medical,6900.0,60,Not Verified,0,15.9,15.22,Fully Paid
2819,LN104295,719,69300.0,3.7,RENT,home_improvement,7600.0,36,Source Verified,1,7.3,10.97,Current
2820,LN100829,516,45600.0,4.5,MORTGAGE,credit_card,4200.0,60,Source Verified,0,14.0,17.61,Fully Paid
2821,LN102563,799,57100.0,7.1,MORTGAGE,debt_consolidation,3900.0,60,Source Verified,0,8.0,10.73,Fully Paid
2822,LN104926,768,-1.0,4.5,RENT,debt_consolidation,15300.0,60,Verified,0,0.0,12.13,Current
2823,LN100506,847,92900.0,10.8,RENT,credit_card,2600.0,36,Source Verified,0,14.0,9.4,Current
2824,LN103384,685,-1.0,6.6,MORTGAGE,home_improvement,13200.0,60,Source Verified,0,0.0,12.44,Current
2825,LN102958,702,82200.0,4.0,MORTGAGE,debt_consolidation,14400.0,60,Not Verified,0,1.3,13.0,Current
2826,LN102528,760,55700.0,12.0,MORTGAGE,home_improvement,5000.0,36,Verified,1,5.9,10.56,Charged Off
2827,LN101576,692,28800.0,7.6,MORTGAGE,debt_consolidation,6700.0,36,Not Verified,1,27.3,15.45,Charged Off
2828,LN100582,671,32700.0,5.3,RENT,debt_consolidation,5600.0,36,Verified,1,11.1,14.58,Current
2829,LN103508,0,45600.0,5.6,MORTGAGE,credit_card,4700.0,60,Source Verified,0,1.9,13.15,Current
2830,LN103005,660,56500.0,1.0,MORTGAGE,other,9600.0,36,Source Verified,0,7.9,9.47,Charged Off
2831,LN103544,673,51600.0,1.6,MORTGAGE,home_improvement,40000.0,36,Verified,1,17.5,16.85,Fully Paid
2832,LN101226,737,22500.0,8.2,OWN,credit_card,18800.0,36,Verified,1,5.8,13.5,Charged Off
2833,LN100697,627,45200.0,6.9,OWN,debt_consolidation,9700.0,36,Verified,0,5.1,14.0,Fully Paid
2834,LN104268,765,55500.0,16.8,MORTGAGE,debt_consolidation,13800.0,60,Source Verified,1,8.2,10.83,Fully Paid
2835,LN103797,621,50000.0,99.0,RENT,debt_consolidation,7900.0,36,Source Verified,0,18.7,14.26,Current
2836,LN101485,637,51700.0,4.2,RENT,debt_consolidation,7600.0,36,Verified,1,7.7,14.89,Charged Off
2837,LN100454,695,42100.0,2.2,MORTGAGE,small_business,1900.0,36,Source Verified,0,3.4,13.58,Fully Paid
2838,LN104075,0,30200.0,1.7,OWN,home_improvement,6300.0,60,Source Verified,0,32.6,14.78,Charged Off
2839,LN103265,716,54600.0,1.8,OWN,credit_card,11800.0,36,Verified,0,20.3,12.59,Fully Paid
2840,LN102129,0,13900.0,14.7,MORTGAGE,debt_consolidation,13600.0,36,Verified,0,49.1,13.79,Charged Off
2841,LN101676,754,50000.0,99.0,OWN,debt_consolidation,7500.0,60,Source Verified,0,7.6,13.75,Current
2842,LN100861,596,47600.0,11.6,RENT,credit_card,29200.0,60,Source Verified,2,20.4,18.59,Current
2843,LN100501,748,47900.0,10.5,MORTGAGE,debt_consolidation,11900.0,36,Source Verified,0,12.2,12.18,Fully Paid
2844,LN103786,669,68500.0,1.6,RENT,small_business,7900.0,36,Not Verified,1,2.7,16.6,Charged Off
2845,LN102099,790,27000.0,6.4,MORTGAGE,home_improvement,8600.0,60,Verified,0,11.3,12.2,Current
2846,LN105027,679,42100.0,5.6,RENT,small_business,11000.0,36,Source Verified,0,4.1,12.38,Fully Paid
2847,LN104625,715,33900.0,2.6,RENT,credit_card,9100.0,60,Source Verified,2,29.2,15.72,Charged Off
2848,LN104190,755,42100.0,8.5,MORTGAGE,home_improvement,8700.0,36,Source Verified,0,14.2,12.78,Current
2849,LN104011,707,26400.0,7.4,RENT,home_improvement,14500.0,36,Source Verified,0,16.6,10.99,Charged Off
2850,LN101800,687,121900.0,2.4,RENT,other,6800.0,60,Verified,0,6.9,14.65,Current
2851,LN101190,790,44600.0,4.0,MORTGAGE,credit_card,15800.0,36,Not Verified,0,25.3,11.24,Current
2852,LN101366,617,107200.0,3.8,RENT,home_improvement,9700.0,60,Not Verified,1,5.2,14.76,Charged Off
2853,LN103902,591,52700.0,4.7,RENT,debt_consolidation,8200.0,60,Source Verified,1,18.2,15.36,Current
2854,LN103810,707,114400.0,10.0,MORTGAGE,credit_card,18300.0,60,Verified,0,2.7,14.39,Charged Off
2855,LN102306,816,38000.0,7.8,MORTGAGE,debt_consolidation,9000.0,36,Verified,0,16.8,8.84,Current
2856,LN101294,707,35100.0,11.7,RENT,debt_consolidation,7300.0,60,Source Verified,0,7.8,14.84,Fully Paid
2857,LN103158,595,46900.0,4.9,RENT,major_purchase,13000.0,36,Not Verified,1,2.2,15.91,Charged Off
2858,LN104248,649,78900.0,0.5,MORTGAGE,debt_consolidation,4400.0,60,Verified,0,4.4,12.3,Charged Off
2859,LN103778,685,44100.0,1.7,OWN,home_improvement,6600.0,60,Verified,0,28.9,13.84,Fully Paid
2860,LN103492,672,50600.0,3.8,MORTGAGE,home_improvement,18500.0,60,Source Verified,0,10.9,14.45,Fully Paid
2861,LN100216,725,79900.0,1.0,OTHER,debt_consolidation,7700.0,36,Verified,0,4.5,10.86,Current
2862,LN103566,737,69900.0,12.9,RENT,credit_card,6300.0,36,Source Verified,0,5.0,9.57,Fully Paid
2863,LN103133,649,46300.0,12.0,MORTGAGE,debt_consolidation,7800.0,36,Source Verified,0,23.1,13.93,Fully Paid
2864,LN104128,676,53100.0,13.8,RENT,debt_consolidation,10800.0,60,Source Verified,0,5.0,16.48,Fully Paid
2865,LN100493,720,103900.0,9.3,RENT,medical,11300.0,60,Verified,1,9.3,14.84,Fully Paid
2866,LN100472,672,83700.0,7.3,RENT,major_purchase,20100.0,36,Source Verified,0,12.0,13.14,Charged Off
2867,LN101651,773,74500.0,7.7,RENT,credit_card,15900.0,36,Source Verified,0,9.9,11.05,Charged Off
2868,LN102357,711,86200.0,7.7,MORTGAGE,debt_consolidation,20100.0,60,Source Verified,0,4.8,13.96,Charged Off
2869,LN101754,761,70400.0,3.2,MORTGAGE,small_business,9100.0,36,Source Verified,1,21.5,10.36,Current
2870,LN100996,740,64400.0,5.9,RENT,debt_consolidation,11800.0,60,Source Verified,0,13.9,14.34,Current
2871,LN104063,649,49300.0,7.6,RENT,debt_consolidation,10700.0,36,Verified,1,4.8,14.29,Current
2872,LN103298,661,54900.0,3.0,MORTGAGE,credit_card,12000.0,36,Verified,0,19.5,14.99,Charged Off
2873,LN104439,627,24200.0,99.0,MORTGAGE,debt_consolidation,3100.0,36,Source Verified,0,35.1,12.57,Fully Paid
2874,LN101860,733,35300.0,99.0,MORTGAGE,major_purchase,16700.0,36,Source Verified,1,6.5,10.84,Fully Paid
2875,LN102321,772,30400.0,10.7,MORTGAGE,credit_card,11100.0,60,Not Verified,0,38.0,13.52,Fully Paid
2876,LN103662,662,45200.0,6.5,MORTGAGE,debt_consolidation,11300.0,36,Not Verified,0,5.8,11.51,Charged Off
2877,LN102355,548,36100.0,1.8,OTHER,credit_card,11800.0,36,Verified,0,17.1,16.16,Charged Off
2878,LN100886,771,90300.0,17.4,RENT,debt_consolidation,13100.0,36,Verified,0,4.2,8.11,Fully Paid
2879,LN100396,739,64500.0,7.6,OWN,major_purchase,12300.0,36,Source Verified,1,15.0,12.33,Charged Off
2880,LN102801,753,34300.0,6.0,RENT,debt_consolidation,7600.0,60,Source Verified,1,10.7,13.86,Current
2881,LN102216,691,16800.0,2.9,OWN,other,36500.0,36,Verified,1,47.7,19.41,Current
2882,LN100625,655,28800.0,19.3,MORTGAGE,debt_consolidation,6300.0,36,Not Verified,0,19.7,12.71,Charged Off
2883,LN103068,825,60100.0,11.9,RENT,home_improvement,5800.0,36,Not Verified,0,8.2,8.4,Fully Paid
2884,LN102380,672,106700.0,1.5,RENT,debt_consolidation,20200.0,36,Verified,0,1.1,12.06,Current
2885,LN104608,616,72700.0,17.9,MORTGAGE,home_improvement,4800.0,36,Verified,1,1.7,8.73,Charged Off
2886,LN100379,660,55200.0,4.2,RENT,debt_consolidation,4400.0,36,Verified,0,14.6,11.55,Current
2887,LN102859,632,34500.0,6.8,MORTGAGE,medical,9000.0,36,Source Verified,0,7.6,14.95,Fully Paid
2888,LN105067,0,40700.0,4.5,MORTGAGE,debt_consolidation,11200.0,36,Source Verified,0,13.9,14.22,Current
2889,LN102141,668,106800.0,11.2,OWN,credit_card,7700.0,36,Not Verified,0,3.5,12.56,Current
2890,LN104777,605,52200.0,5.4,MORTGAGE,other,15500.0,60,Verified,1,6.1,16.39,Current
2891,LN103342,800,91600.0,6.9,OWN,debt_consolidation,7200.0,36,Verified,1,4.9,12.19,Fully Paid
2892,LN103914,545,32500.0,1.3,MORTGAGE,debt_consolidation,7800.0,36,Not Verified,0,13.4,15.05,Charged Off
2893,LN100149,700,38800.0,4.8,MORTGAGE,debt_consolidation,8800.0,36,Not Verified,0,10.0,13.8,Fully Paid
2894,LN103311,732,16800.0,99.0,MORTGAGE,debt_consolidation,5800.0,36,Not Verified,0,13.6,13.87,Fully Paid
2895,LN102240,770,53100.0,2.7,MORTGAGE,major_purchase,7200.0,36,Verified,1,10.2,8.6,Fully Paid
2896,LN100721,763,16900.0,20.5,RENT,debt_consolidation,16700.0,36,Verified,1,23.3,14.06,Fully Paid
2897,LN102410,631,102500.0,4.0,OWN,home_improvement,7700.0,36,Source Verified,0,8.2,14.51,Charged Off
2898,LN100430,622,52800.0,1.3,RENT,credit_card,12400.0,60,Source Verified,0,9.7,17.03,Charged Off
2899,LN102489,690,38600.0,1.8,RENT,debt_consolidation,15000.0,60,Not Verified,2,16.3,18.23,Charged Off
2900,LN104489,669,69100.0,4.0,RENT,debt_consolidation,8500.0,36,Verified,0,14.5,14.31,Current
2901,LN101105,736,81400.0,3.6,MORTGAGE,credit_card,7400.0,60,Not Verified,0,2.4,17.19,Fully Paid
2902,LN101361,750,-1.0,3.3,RENT,credit_card,12400.0,60,Source Verified,0,0.0,13.74,Charged Off
2903,LN101580,767,103600.0,6.1,OWN,home_improvement,17700.0,60,Not Verified,0,4.8,12.62,Charged Off
2904,LN103710,721,40200.0,3.4,OWN,debt_consolidation,6600.0,36,Source Verified,0,21.0,13.91,Fully Paid
2905,LN101051,677,79000.0,6.7,OWN,debt_consolidation,7700.0,36,Source Verified,0,1.4,12.06,Fully Paid
2906,LN103106,739,42600.0,2.3,MORTGAGE,credit_card,13700.0,60,Verified,0,7.8,16.26,Current
2907,LN102986,704,90000.0,10.5,MORTGAGE,credit_card,13300.0,60,Source Verified,0,1.0,11.26,Current
2908,LN101555,649,154400.0,99.0,OWN,debt_consolidation,10400.0,60,Verified,1,6.0,13.79,Fully Paid
2909,LN104774,675,94400.0,2.7,RENT,other,12600.0,36,Source Verified,0,5.2,11.6,Charged Off
2910,LN105096,760,53700.0,2.9,MORTGAGE,debt_consolidation,6600.0,36,Not Verified,0,4.0,8.66,Fully Paid
2911,LN100359,680,172200.0,7.4,MORTGAGE,major_purchase,7900.0,36,Source Verified,1,6.1,10.5,Current
2912,LN105178,577,117700.0,2.0,RENT,credit_card,8700.0,36,Verified,0,1.9,15.57,Fully Paid
2913,LN101671,586,106000.0,4.4,MORTGAGE,debt_consolidation,4900.0,60,Source Verified,1,5.6,14.64,Fully Paid
2914,LN101972,697,73300.0,1.5,MORTGAGE,debt_consolidation,7800.0,60,Verified,0,3.7,14.99,Current
2915,LN100877,676,79900.0,5.0,RENT,debt_consolidation,9700.0,36,Source Verified,0,9.9,13.72,Current
2916,LN101410,663,46200.0,6.4,MORTGAGE,debt_consolidation,18000.0,60,Verified,0,34.6,17.78,Charged Off
2917,LN100352,653,85500.0,3.8,RENT,medical,8700.0,36,Not Verified,0,9.2,14.31,Fully Paid
2918,LN102567,719,89500.0,3.3,MORTGAGE,other,13400.0,36,Verified,1,14.4,11.14,Fully Paid
2919,LN104456,650,40000.0,5.2,RENT,credit_card,12700.0,60,Not Verified,0,20.3,14.6,Current
2920,LN101948,633,42200.0,5.6,RENT,major_purchase,10800.0,36,Not Verified,0,14.9,14.89,Fully Paid
2921,LN103647,664,32800.0,2.9,MORTGAGE,debt_consolidation,6900.0,36,Source Verified,0,13.1,15.02,Current
2922,LN101357,657,45200.0,3.3,MORTGAGE,credit_card,11800.0,60,Verified,1,12.5,16.46,Charged Off
2923,LN100407,744,69900.0,3.8,MORTGAGE,home_improvement,11200.0,36,Verified,0,23.1,9.1,Charged Off
2924,LN104410,783,82100.0,12.5,MORTGAGE,debt_consolidation,4000.0,36,Source Verified,0,9.1,6.29,Current
2925,LN104402,645,37700.0,13.3,RENT,small_business,10200.0,60,Verified,1,8.5,18.7,Current
2926,LN104689,651,142000.0,0.9,RENT,credit_card,8300.0,60,Verified,0,6.5,14.66,Fully Paid
2927,LN102600,655,45400.0,3.5,OWN,major_purchase,5500.0,36,Not Verified,0,6.7,11.96,Charged Off
2928,LN104181,695,-1.0,99.0,OTHER,other,13700.0,60,Source Verified,0,0.0,15.42,Charged Off
2929,LN101930,578,26800.0,5.0,MORTGAGE,debt_consolidation,16100.0,36,Source Verified,0,24.5,15.69,Current
2930,LN103780,714,34200.0,4.5,MORTGAGE,other,5200.0,36,Not Verified,0,17.6,13.59,Current
2931,LN104784,694,57200.0,12.9,RENT,debt_consolidation,9500.0,60,Not Verified,0,2.4,15.3,Current
2932,LN103986,617,32800.0,13.3,MORTGAGE,medical,14200.0,36,Verified,1,34.6,13.86,Fully Paid
2933,LN101415,635,28900.0,5.2,MORTGAGE,medical,10300.0,36,Source Verified,0,52.0,14.3,Current
2934,LN103684,622,34700.0,3.0,OWN,major_purchase,14800.0,36,Verified,0,10.7,13.41,Fully Paid
2935,LN103429,742,16000.0,4.1,OWN,debt_consolidation,5300.0,60,Source Verified,0,18.1,15.13,Fully Paid
2936,LN103787,693,83600.0,10.0,MORTGAGE,medical,5400.0,36,Verified,1,6.8,11.22,Fully Paid
2937,LN101469,575,87300.0,8.8,MORTGAGE,major_purchase,6900.0,60,Not Verified,1,2.6,15.53,Charged Off
2938,LN103037,684,38800.0,8.0,RENT,medical,9800.0,60,Not Verified,0,3.4,14.31,Fully Paid
2939,LN101624,703,131400.0,7.2,MORTGAGE,debt_consolidation,12100.0,36,Not Verified,0,7.5,9.77,Fully Paid
2940,LN102688,774,76100.0,0.9,RENT,major_purchase,14800.0,36,Not Verified,0,8.1,11.05,Fully Paid
2941,LN101827,791,63100.0,8.8,OTHER,medical,5300.0,36,Source Verified,0,22.0,13.51,Fully Paid
2942,LN105064,671,18900.0,16.0,MORTGAGE,major_purchase,6900.0,60,Source Verified,0,11.1,14.34,Charged Off
2943,LN103705,675,72200.0,4.3,MORTGAGE,major_purchase,5600.0,60,Verified,0,3.7,12.82,Fully Paid
2944,LN103955,560,-1.0,3.0,MORTGAGE,major_purchase,8200.0,60,Not Verified,0,0.0,16.91,Charged Off
2945,LN104627,741,-1.0,4.1,OWN,debt_consolidation,4100.0,60,Verified,0,0.0,13.69,Charged Off
2946,LN101270,790,39400.0,0.6,RENT,home_improvement,10300.0,36,Source Verified,0,9.1,10.98,Current
2947,LN103703,639,38900.0,13.5,MORTGAGE,medical,9800.0,36,Source Verified,0,20.4,11.99,Fully Paid
2948,LN103282,654,59700.0,2.9,RENT,small_business,22700.0,36,Source Verified,0,2.7,14.41,Charged Off
2949,LN100277,618,107300.0,1.0,RENT,debt_consolidation,9800.0,36,Verified,2,3.5,14.84,Current
2950,LN101584,682,49700.0,7.9,MORTGAGE,debt_consolidation,7700.0,60,Not Verified,1,21.9,16.54,Charged Off
2951,LN103690,737,56600.0,1.7,OWN,credit_card,20100.0,36,Not Verified,0,3.6,12.95,Fully Paid
2952,LN102360,792,39100.0,12.2,MORTGAGE,home_improvement,9100.0,36,Source Verified,1,6.2,9.15,Current
2953,LN100136,710,48300.0,15.6,RENT,small_business,10400.0,36,Source Verified,0,11.8,14.46,Fully Paid
2954,LN102382,590,88000.0,8.4,MORTGAGE,debt_consolidation,12800.0,60,Source Verified,0,4.3,16.73,Charged Off
2955,LN103458,675,65500.0,3.2,OWN,debt_consolidation,3600.0,36,Verified,0,10.0,11.42,Current
2956,LN102259,726,42800.0,2.1,MORTGAGE,debt_consolidation,12400.0,36,Not Verified,0,4.8,12.5,Charged Off
2957,LN103493,706,18200.0,4.5,RENT,debt_consolidation,3800.0,36,Verified,1,53.2,13.11,Charged Off
2958,LN100339,730,103400.0,13.0,OWN,other,5300.0,60,Source Verified,0,3.4,9.62,Current
2959,LN104504,644,38400.0,7.8,RENT,credit_card,16800.0,36,Not Verified,1,9.2,15.78,Fully Paid
2960,LN103846,684,60800.0,3.5,MORTGAGE,home_improvement,5100.0,36,Source Verified,0,6.2,10.57,Fully Paid
2961,LN102048,0,-1.0,4.0,RENT,debt_consolidation,9400.0,60,Verified,0,0.0,16.51,Current
2962,LN103976,710,-1.0,5.5,MORTGAGE,small_business,9000.0,36,Source Verified,0,0.0,11.36,Fully Paid
2963,LN105031,743,40000.0,3.6,OWN,credit_card,28300.0,36,Verified,0,2.7,10.84,Fully Paid
2964,LN104616,507,95500.0,7.8,MORTGAGE,credit_card,14900.0,36,Not Verified,0,7.2,17.14,Fully Paid
2965,LN104766,626,34400.0,3.8,RENT,credit_card,9500.0,36,Not Verified,0,10.5,15.02,Fully Paid
2966,LN104090,838,-1.0,4.1,MORTGAGE,credit_card,27000.0,36,Verified,1,0.0,10.88,Current
2967,LN100791,609,44200.0,14.4,OWN,credit_card,6100.0,60,Not Verified,0,24.1,15.04,Fully Paid
2968,LN101845,558,78800.0,7.3,RENT,other,5500.0,36,Source Verified,1,0.8,13.76,Fully Paid
2969,LN103159,645,41000.0,8.5,RENT,home_improvement,9300.0,36,Source Verified,0,19.7,12.57,Current
2970,LN101907,700,-1.0,99.0,MORTGAGE,debt_consolidation,7400.0,36,Not Verified,0,0.0,8.93,Fully Paid
2971,LN101790,582,49300.0,8.7,RENT,credit_card,13500.0,60,Source Verified,1,4.9,15.83,Fully Paid
2972,LN101344,0,46800.0,3.6,OWN,small_business,9500.0,60,Not Verified,0,33.2,19.21,Fully Paid
2973,LN101805,565,30900.0,0.5,MORTGAGE,debt_consolidation,9600.0,36,Verified,0,21.9,15.74,Charged Off
2974,LN101816,733,50800.0,10.9,MORTGAGE,debt_consolidation,8400.0,36,Verified,0,4.9,11.15,Current
2975,LN102906,764,26900.0,11.6,OWN,debt_consolidation,6800.0,36,Verified,0,10.7,7.89,Charged Off
2976,LN100824,569,16800.0,5.1,RENT,other,11100.0,36,Source Verified,0,4.8,15.07,Charged Off
2977,LN100990,747,34800.0,1.8,MORTGAGE,debt_consolidation,7400.0,60,Verified,1,15.3,12.33,Current
2978,LN102916,792,67300.0,3.9,MORTGAGE,medical,9800.0,36,Source Verified,0,9.1,9.58,Current
2979,LN100817,706,23600.0,3.0,OWN,debt_consolidation,10700.0,60,Verified,0,25.4,11.93,Charged Off
2980,LN101574,596,38500.0,4.9,RENT,other,8300.0,36,Source Verified,0,7.6,15.9,Charged Off
2981,LN101017,672,140700.0,3.4,OWN,debt_consolidation,11200.0,36,Source Verified,0,3.7,10.89,Current
2982,LN104254,639,109800.0,5.0,MORTGAGE,home_improvement,31800.0,36,Not Verified,1,1.6,13.69,Fully Paid
2983,LN102455,696,64200.0,3.0,RENT,small_business,7000.0,36,Source Verified,0,26.2,13.38,Fully Paid
2984,LN100977,663,58300.0,7.2,RENT,home_improvement,12100.0,60,Source Verified,1,5.9,16.53,Fully Paid
2985,LN100340,541,72900.0,2.4,MORTGAGE,home_improvement,9700.0,60,Source Verified,0,2.3,14.13,Fully Paid
2986,LN100331,731,24800.0,2.4,MORTGAGE,credit_card,9700.0,60,Not Verified,1,13.7,16.58,Fully Paid
2987,LN103607,785,63800.0,5.2,MORTGAGE,medical,9300.0,36,Source Verified,0,4.7,9.32,Fully Paid
2988,LN102856,686,54200.0,3.2,MORTGAGE,major_purchase,9600.0,60,Source Verified,0,14.0,16.07,Current
2989,LN102215,691,69500.0,13.7,RENT,small_business,21700.0,36,Source Verified,0,3.3,12.05,Current
2990,LN103126,687,48900.0,10.0,MORTGAGE,debt_consolidation,4700.0,60,Source Verified,2,12.8,15.67,Fully Paid
2991,LN100296,709,64700.0,0.6,OWN,debt_consolidation,5400.0,60,Source Verified,0,14.8,13.97,Charged Off
2992,LN101213,644,34400.0,5.0,OWN,medical,7000.0,36,Not Verified,0,14.8,13.03,Charged Off
2993,LN104877,728,56100.0,9.5,MORTGAGE,small_business,25200.0,36,Verified,2,3.7,13.75,Current
2994,LN100319,613,47300.0,6.1,RENT,credit_card,10300.0,36,Source Verified,0,8.9,15.09,Current
2995,LN104938,735,84800.0,3.3,MORTGAGE,debt_consolidation,10400.0,36,Verified,0,1.0,11.02,Fully Paid
2996,LN100830,716,85300.0,4.5,RENT,credit_card,8200.0,36,Not Verified,0,10.2,14.44,Current
2997,LN100662,631,86000.0,4.2,MORTGAGE,debt_consolidation,4700.0,60,Verified,0,9.9,11.47,Charged Off
2998,LN104446,718,53900.0,5.4,RENT,other,16700.0,36,Verified,0,8.2,14.86,Fully Paid
2999,LN102614,569,37500.0,1.1,MORTGAGE,debt_consolidation,6100.0,36,Source Verified,0,3.4,14.15,Charged Off
3000,LN104464,754,47900.0,5.5,RENT,debt_consolidation,9200.0,60,Verified,0,10.0,14.29,Fully Paid
3001,LN103045,666,76600.0,2.7,RENT,debt_consolidation,8300.0,36,Source Verified,1,4.2,12.26,Charged Off
3002,LN100535,731,48700.0,3.8,MORTGAGE,debt_consolidation,12900.0,60,Source Verified,0,6.3,15.24,Charged Off
3003,LN103073,740,57300.0,0.7,MORTGAGE,other,18000.0,36,Source Verified,0,23.8,13.36,Fully Paid
3004,LN101587,751,-1.0,2.6,OTHER,debt_consolidation,10600.0,36,Verified,0,0.0,12.85,Fully Paid
3005,LN100332,645,108000.0,7.3,OWN,debt_consolidation,7100.0,36,Verified,0,1.2,12.62,Current
3006,LN100858,564,84700.0,7.2,RENT,debt_consolidation,13400.0,36,Verified,0,10.6,14.98,Fully Paid
3007,LN101263,661,53400.0,11.7,OWN,other,7700.0,60,Verified,1,13.0,14.05,Current
3008,LN104996,668,37900.0,9.5,MORTGAGE,debt_consolidation,13600.0,36,Source Verified,0,3.7,8.81,Current
3009,LN102857,698,50600.0,4.4,MORTGAGE,home_improvement,7400.0,60,Verified,1,25.1,16.27,Charged Off
3010,LN101654,675,46600.0,7.8,MORTGAGE,home_improvement,10000.0,60,Verified,0,1.7,14.56,Fully Paid
3011,LN103856,615,53100.0,9.1,MORTGAGE,debt_consolidation,19600.0,36,Not Verified,0,16.7,14.39,Current
3012,LN103723,749,42800.0,2.4,OTHER,credit_card,6400.0,36,Verified,0,9.5,10.26,Fully Paid
3013,LN103735,661,26700.0,2.6,RENT,debt_consolidation,15300.0,60,Source Verified,0,4.8,15.92,Charged Off
3014,LN104958,730,48200.0,9.5,MORTGAGE,debt_consolidation,18300.0,36,Source Verified,0,4.1,11.79,Charged Off
3015,LN104097,743,47600.0,12.1,MORTGAGE,debt_consolidation,9300.0,60,Not Verified,0,8.4,15.98,Current
3016,LN102568,572,37300.0,11.3,MORTGAGE,home_improvement,7300.0,36,Verified,2,14.2,14.67,Fully Paid
3017,LN100560,685,68700.0,0.8,RENT,credit_card,13000.0,36,Source Verified,1,1.9,13.61,Charged Off
3018,LN103756,677,69200.0,1.7,RENT,home_improvement,12800.0,60,Verified,1,24.5,14.12,Charged Off
3019,LN103376,731,73100.0,1.3,RENT,debt_consolidation,15300.0,36,Source Verified,1,1.9,10.73,Current
3020,LN100960,795,119700.0,10.0,OWN,credit_card,11500.0,60,Verified,0,3.9,10.59,Current
3021,LN101160,613,-1.0,4.1,RENT,debt_consolidation,3500.0,60,Source Verified,2,0.0,17.03,Charged Off
3022,LN103642,684,25900.0,1.1,OWN,debt_consolidation,6900.0,60,Source Verified,0,37.7,14.53,Current
3023,LN101775,709,42500.0,2.7,RENT,home_improvement,29000.0,36,Not Verified,1,5.3,12.71,Charged Off
3024,LN104225,717,98800.0,6.8,RENT,debt_consolidation,11100.0,60,Source Verified,0,22.6,15.77,Charged Off
3025,LN101441,713,128600.0,5.3,MORTGAGE,debt_consolidation,10800.0,36,Source Verified,0,6.4,14.01,Fully Paid
3026,LN103670,722,90900.0,0.9,MORTGAGE,small_business,11400.0,36,Not Verified,0,13.5,14.58,Current
3027,LN102015,700,72500.0,2.8,MORTGAGE,debt_consolidation,6200.0,36,Verified,1,7.0,9.77,Current
3028,LN101331,620,25000.0,5.0,OWN,credit_card,8300.0,36,Source Verified,0,42.0,13.64,Fully Paid
3029,LN103532,775,50400.0,18.4,RENT,small_business,6300.0,36,Source Verified,0,20.0,11.8,Charged Off
3030,LN100016,714,75900.0,5.9,MORTGAGE,debt_consolidation,7200.0,60,Source Verified,1,6.8,12.66,Fully Paid
3031,LN104093,613,42000.0,2.2,RENT,home_improvement,7500.0,60,Not Verified,0,13.9,16.93,Charged Off
3032,LN101131,673,42100.0,7.8,MORTGAGE,home_improvement,7600.0,60,Source Verified,0,9.8,15.11,Current
3033,LN104978,763,48300.0,7.7,RENT,other,13900.0,36,Source Verified,0,7.9,12.47,Charged Off
3034,LN104755,650,71100.0,11.9,OWN,debt_consolidation,16200.0,36,Source Verified,0,3.6,12.41,Fully Paid
3035,LN100657,702,74400.0,2.3,MORTGAGE,credit_card,8200.0,36,Source Verified,0,6.0,11.3,Current
3036,LN101655,588,50100.0,2.0,MORTGAGE,medical,9700.0,60,Verified,1,16.5,16.58,Fully Paid
3037,LN102899,743,97800.0,6.3,MORTGAGE,small_business,11800.0,36,Verified,0,3.5,9.74,Fully Paid
3038,LN100155,0,65600.0,6.8,RENT,credit_card,8400.0,36,Not Verified,0,7.1,14.5,Fully Paid
3039,LN104376,592,37200.0,99.0,OWN,debt_consolidation,13500.0,60,Not Verified,0,12.2,15.88,Charged Off
3040,LN100392,659,23900.0,9.6,MORTGAGE,debt_consolidation,29400.0,36,Verified,0,23.0,12.8,Current
3041,LN101695,717,84900.0,3.4,OWN,credit_card,5400.0,36,Source Verified,0,3.8,8.48,Fully Paid
3042,LN101295,745,25700.0,1.3,RENT,debt_consolidation,12300.0,36,Verified,0,18.8,11.7,Current
3043,LN102747,659,50400.0,99.0,OTHER,credit_card,15500.0,36,Source Verified,0,2.4,15.42,Charged Off
3044,LN101880,737,64300.0,13.7,RENT,debt_consolidation,6000.0,60,Verified,0,5.6,12.3,Charged Off
3045,LN101427,750,53400.0,3.4,OTHER,credit_card,5800.0,60,Verified,1,4.1,11.73,Fully Paid
3046,LN101589,660,63700.0,2.9,MORTGAGE,medical,3500.0,60,Source Verified,1,9.4,13.8,Fully Paid
3047,LN102522,676,45000.0,99.0,RENT,major_purchase,18100.0,36,Not Verified,0,18.3,12.11,Fully Paid
3048,LN104860,586,62200.0,3.1,RENT,credit_card,24800.0,36,Source Verified,0,10.4,15.38,Current
3049,LN101015,624,111800.0,5.8,MORTGAGE,debt_consolidation,6700.0,60,Source Verified,0,4.2,12.33,Fully Paid
3050,LN102769,740,37900.0,3.5,RENT,credit_card,13300.0,36,Not Verified,0,4.7,12.19,Current
3051,LN104990,589,49900.0,2.7,MORTGAGE,home_improvement,11300.0,60,Not Verified,1,9.2,18.23,Fully Paid
3052,LN100180,775,63600.0,4.1,MORTGAGE,credit_card,27300.0,36,Verified,0,7.9,8.97,Fully Paid
3053,LN102268,570,50300.0,11.8,RENT,major_purchase,12500.0,36,Source Verified,0,1.8,14.56,Charged Off
3054,LN102761,585,43900.0,9.1,RENT,debt_consolidation,7400.0,36,Verified,0,6.3,14.37,Fully Paid
3055,LN101631,636,65000.0,3.5,RENT,credit_card,6100.0,36,Not Verified,0,3.7,13.07,Current
3056,LN103293,726,69600.0,0.7,OWN,credit_card,5600.0,36,Source Verified,0,13.1,11.18,Fully Paid
3057,LN104393,630,37700.0,11.4,OWN,credit_card,22700.0,36,Source Verified,0,30.5,14.04,Fully Paid
3058,LN101292,664,38000.0,6.5,MORTGAGE,other,5500.0,36,Source Verified,1,8.4,10.35,Fully Paid
3059,LN103173,693,165000.0,4.4,MORTGAGE,debt_consolidation,16100.0,36,Verified,0,0.9,11.92,Charged Off
3060,LN102924,646,74600.0,16.3,MORTGAGE,home_improvement,12600.0,60,Verified,0,6.3,14.05,Charged Off
3061,LN104125,684,76900.0,13.5,MORTGAGE,debt_consolidation,6000.0,36,Verified,1,20.9,9.5,Fully Paid
3062,LN104440,0,52400.0,8.8,MORTGAGE,credit_card,26400.0,36,Verified,0,32.3,15.26,Charged Off
3063,LN102606,625,20200.0,2.3,RENT,debt_consolidation,15300.0,60,Source Verified,1,35.5,18.39,Charged Off
3064,LN104046,679,37000.0,3.1,OWN,medical,11200.0,36,Not Verified,1,24.4,13.8,Charged Off
3065,LN100554,684,74800.0,8.5,RENT,home_improvement,7800.0,60,Verified,0,19.2,12.96,Fully Paid
3066,LN100400,678,36600.0,3.1,MORTGAGE,home_improvement,9600.0,36,Verified,1,5.7,11.49,Current
3067,LN102789,661,84200.0,8.1,MORTGAGE,debt_consolidation,7600.0,60,Not Verified,0,4.4,16.43,Current
3068,LN103380,705,48400.0,4.3,MORTGAGE,credit_card,17300.0,60,Not Verified,0,29.3,17.93,Current
3069,LN101853,734,76400.0,4.6,MORTGAGE,other,7600.0,60,Source Verified,0,9.9,12.03,Fully Paid
3070,LN105006,583,23100.0,0.7,RENT,home_improvement,9000.0,36,Verified,1,62.0,15.73,Charged Off
3071,LN104131,640,68800.0,5.5,OWN,other,15800.0,36,Source Verified,0,11.6,14.84,Fully Paid
3072,LN104091,694,68800.0,11.9,MORTGAGE,debt_consolidation,6600.0,36,Verified,0,2.4,8.86,Charged Off
3073,LN100992,807,63500.0,10.6,RENT,other,23800.0,60,Source Verified,0,1.7,10.66,Charged Off
3074,LN103039,685,-1.0,17.8,RENT,debt_consolidation,14900.0,36,Source Verified,1,0.0,11.38,Current
3075,LN105191,723,34500.0,0.2,RENT,debt_consolidation,8900.0,36,Source Verified,2,20.0,12.85,Fully Paid
3076,LN102617,750,66700.0,9.9,RENT,home_improvement,10700.0,36,Not Verified,0,21.1,11.38,Current
3077,LN104116,763,72700.0,8.1,RENT,major_purchase,8200.0,36,Not Verified,0,8.9,10.53,Charged Off
3078,LN104796,713,39400.0,3.0,MORTGAGE,small_business,7400.0,36,Source Verified,2,11.9,14.76,Charged Off
3079,LN100170,647,50400.0,11.3,RENT,medical,20800.0,60,Verified,0,30.1,17.83,Fully Paid
3080,LN100686,741,141500.0,10.6,OWN,debt_consolidation,8500.0,36,Verified,0,3.8,8.81,Charged Off
3081,LN103396,631,23800.0,99.0,MORTGAGE,debt_consolidation,4200.0,60,Source Verified,0,42.0,17.94,Charged Off
3082,LN103483,775,45000.0,3.8,MORTGAGE,credit_card,22500.0,36,Not Verified,1,20.9,15.68,Charged Off
3083,LN100060,581,99900.0,5.4,RENT,home_improvement,5500.0,36,Source Verified,1,5.7,16.99,Fully Paid
3084,LN104715,796,156500.0,6.6,RENT,other,9400.0,36,Source Verified,1,5.2,11.5,Fully Paid
3085,LN104187,666,40800.0,99.0,RENT,other,13900.0,60,Not Verified,0,9.1,16.1,Charged Off
3086,LN104058,728,41600.0,13.8,MORTGAGE,debt_consolidation,5600.0,60,Source Verified,0,22.9,15.33,Charged Off
3087,LN104287,646,46100.0,2.6,RENT,credit_card,7200.0,36,Source Verified,0,8.1,11.4,Fully Paid
3088,LN102314,722,82200.0,7.7,MORTGAGE,other,9200.0,36,Not Verified,0,5.9,11.49,Current
3089,LN100719,624,-1.0,99.0,MORTGAGE,debt_consolidation,4500.0,60,Verified,0,0.0,13.72,Fully Paid
3090,LN102454,663,57000.0,99.0,MORTGAGE,debt_consolidation,23900.0,36,Verified,0,9.2,13.08,Fully Paid
3091,LN102706,716,45100.0,1.2,MORTGAGE,debt_consolidation,29400.0,60,Source Verified,1,19.4,14.67,Current
3092,LN104454,728,60000.0,5.5,RENT,debt_consolidation,17000.0,36,Source Verified,1,16.6,10.18,Charged Off
3093,LN100525,661,91200.0,4.4,RENT,credit_card,9000.0,36,Source Verified,0,6.2,11.99,Charged Off
3094,LN100669,523,71400.0,3.7,RENT,credit_card,8500.0,36,Source Verified,1,2.3,14.22,Fully Paid
3095,LN101108,775,47800.0,2.1,OWN,major_purchase,17100.0,36,Verified,1,15.0,8.93,Current
3096,LN103883,770,-1.0,2.5,MORTGAGE,debt_consolidation,10800.0,36,Source Verified,0,0.0,6.79,Current
3097,LN103834,783,48000.0,8.6,RENT,debt_consolidation,5400.0,36,Source Verified,0,5.1,11.11,Fully Paid
3098,LN100998,698,137500.0,8.9,OWN,home_improvement,8900.0,36,Not Verified,2,8.0,12.35,Fully Paid
3099,LN104479,715,49700.0,18.0,MORTGAGE,credit_card,13300.0,36,Source Verified,0,17.8,8.31,Fully Paid
3100,LN104271,620,82500.0,16.5,RENT,credit_card,7900.0,60,Not Verified,2,9.7,18.72,Fully Paid
3101,LN103586,623,17400.0,99.0,OWN,debt_consolidation,9700.0,36,Verified,0,2.9,13.67,Current
3102,LN100053,669,54900.0,9.7,OWN,credit_card,5100.0,60,Source Verified,0,1.5,13.99,Fully Paid
3103,LN103696,645,30200.0,1.5,MORTGAGE,credit_card,16900.0,60,Source Verified,0,19.5,16.69,Fully Paid
3104,LN103291,708,46700.0,7.1,MORTGAGE,debt_consolidation,8200.0,36,Not Verified,2,17.2,13.74,Fully Paid
3105,LN102242,599,53800.0,3.9,RENT,medical,6100.0,60,Verified,1,3.5,16.38,Current
3106,LN101824,633,71600.0,99.0,RENT,debt_consolidation,3000.0,60,Verified,0,12.8,15.05,Fully Paid
3107,LN101450,669,73300.0,9.2,MORTGAGE,home_improvement,34700.0,36,Verified,0,0.3,7.97,Charged Off
3108,LN103821,770,60200.0,7.5,RENT,medical,7500.0,36,Verified,0,1.2,13.37,Fully Paid
3109,LN103873,611,37500.0,2.7,OWN,credit_card,6900.0,36,Source Verified,0,24.5,14.29,Fully Paid
3110,LN104650,629,78700.0,7.4,OWN,debt_consolidation,8500.0,36,Source Verified,0,5.9,10.43,Fully Paid
3111,LN100205,687,29600.0,0.4,RENT,major_purchase,10700.0,36,Source Verified,2,14.4,12.05,Current
3112,LN104882,649,-1.0,5.0,MORTGAGE,credit_card,16800.0,36,Verified,0,0.0,11.23,Fully Paid
3113,LN101831,694,71100.0,7.6,OWN,debt_consolidation,9400.0,36,Not Verified,1,26.0,13.55,Current
3114,LN102336,850,60500.0,6.6,MORTGAGE,home_improvement,8100.0,36,Source Verified,0,0.7,7.91,Fully Paid
3115,LN104362,666,24400.0,8.8,RENT,debt_consolidation,11800.0,36,Verified,0,43.3,16.76,Current
3116,LN104370,589,42500.0,11.1,OWN,debt_consolidation,18900.0,36,Not Verified,0,6.4,15.79,Current
3117,LN101192,673,53400.0,3.4,RENT,debt_consolidation,22900.0,60,Source Verified,0,15.1,15.8,Current
3118,LN102198,676,57500.0,8.5,MORTGAGE,debt_consolidation,11300.0,60,Source Verified,0,13.8,15.19,Fully Paid
3119,LN103410,547,102000.0,15.1,RENT,small_business,8400.0,36,Source Verified,0,7.4,14.51,Current
3120,LN102879,716,56100.0,12.5,OWN,other,5100.0,36,Source Verified,0,2.3,11.51,Current
3121,LN100934,710,-1.0,5.6,MORTGAGE,small_business,6900.0,36,Verified,1,0.0,12.62,Current
3122,LN105048,690,48000.0,9.9,MORTGAGE,debt_consolidation,11200.0,60,Verified,0,12.7,14.26,Fully Paid
3123,LN102988,704,31200.0,99.0,RENT,credit_card,40000.0,36,Source Verified,0,14.3,14.9,Charged Off
3124,LN104827,674,51700.0,0.8,RENT,other,11200.0,36,Source Verified,0,22.7,13.93,Fully Paid
3125,LN101888,589,65500.0,4.9,RENT,major_purchase,19300.0,36,Verified,2,13.8,12.72,Charged Off
3126,LN104459,704,57100.0,17.9,RENT,credit_card,7300.0,36,Verified,0,10.6,9.9,Current
3127,LN103225,652,115000.0,3.2,OTHER,debt_consolidation,13900.0,60,Source Verified,0,6.2,16.06,Charged Off
3128,LN104822,786,49400.0,4.9,RENT,home_improvement,7200.0,36,Source Verified,2,26.3,9.93,Current
3129,LN101335,811,122900.0,3.5,RENT,medical,6800.0,60,Source Verified,0,1.9,10.61,Current
3130,LN101794,570,83900.0,13.7,MORTGAGE,credit_card,11600.0,36,Not Verified,1,4.3,12.93,Current
3131,LN104423,645,71700.0,3.5,MORTGAGE,major_purchase,11200.0,36,Verified,0,8.1,13.01,Current
3132,LN104281,525,54100.0,12.4,MORTGAGE,debt_consolidation,8500.0,36,Verified,0,15.8,14.8,Charged Off
3133,LN101275,692,40400.0,5.1,RENT,other,14400.0,36,Not Verified,3,6.8,14.4,Current
3134,LN100738,0,-1.0,1.5,MORTGAGE,medical,10200.0,60,Verified,0,0.0,15.6,Fully Paid
3135,LN104897,772,46100.0,4.4,MORTGAGE,debt_consolidation,9000.0,60,Verified,0,4.5,12.03,Fully Paid
3136,LN105127,779,62100.0,11.1,OWN,debt_consolidation,9000.0,36,Verified,0,9.7,12.04,Charged Off
3137,LN100991,786,92500.0,6.1,OWN,major_purchase,23900.0,36,Verified,1,5.7,9.16,Fully Paid
3138,LN102050,740,191400.0,1.2,OWN,debt_consolidation,7000.0,36,Source Verified,0,0.3,9.94,Current
3139,LN103256,648,145000.0,6.2,RENT,debt_consolidation,8600.0,60,Source Verified,0,11.6,14.48,Fully Paid
3140,LN101176,640,47500.0,8.8,OWN,debt_consolidation,17100.0,36,Verified,0,10.7,13.91,Fully Paid
3141,LN102907,691,60700.0,4.3,MORTGAGE,debt_consolidation,4500.0,36,Source Verified,0,5.6,11.56,Fully Paid
3142,LN100047,705,75300.0,11.5,RENT,debt_consolidation,12300.0,36,Verified,1,14.6,12.78,Fully Paid
3143,LN100605,725,94700.0,11.5,RENT,debt_consolidation,24800.0,60,Source Verified,1,13.8,13.93,Charged Off
3144,LN103411,559,61300.0,9.4,RENT,small_business,4900.0,36,Source Verified,0,9.1,15.9,Current
3145,LN103326,728,58000.0,7.6,MORTGAGE,small_business,11700.0,36,Verified,0,3.9,9.53,Fully Paid
3146,LN104891,595,18800.0,99.0,RENT,home_improvement,7900.0,36,Source Verified,1,65.0,16.32,Fully Paid
3147,LN100672,644,-1.0,0.8,RENT,debt_consolidation,9800.0,36,Verified,0,0.0,14.23,Charged Off
3148,LN100487,718,47800.0,9.6,RENT,debt_consolidation,18800.0,36,Verified,1,3.7,12.38,Charged Off
3149,LN102877,655,51900.0,7.3,RENT,other,3400.0,36,Not Verified,0,3.2,12.29,Current
3150,LN102868,694,-1.0,3.4,RENT,credit_card,6800.0,60,Source Verified,0,0.0,16.96,Current
3151,LN100299,711,71000.0,12.1,MORTGAGE,debt_consolidation,15600.0,36,Source Verified,0,6.9,12.25,Fully Paid
3152,LN104407,706,13500.0,11.3,MORTGAGE,home_improvement,7000.0,36,Verified,0,40.0,12.12,Current
3153,LN103334,694,45800.0,17.2,MORTGAGE,credit_card,16400.0,36,Source Verified,0,16.6,11.88,Fully Paid
3154,LN102987,793,53400.0,3.4,RENT,debt_consolidation,27300.0,36,Verified,0,16.4,12.21,Fully Paid
3155,LN102911,813,60900.0,7.1,MORTGAGE,debt_consolidation,11500.0,36,Verified,0,5.2,9.21,Fully Paid
3156,LN103793,737,35400.0,10.0,MORTGAGE,debt_consolidation,8700.0,36,Verified,0,19.5,9.48,Fully Paid
3157,LN103520,643,51300.0,7.0,RENT,debt_consolidation,7700.0,36,Verified,0,5.4,10.1,Fully Paid
3158,LN103053,685,25600.0,7.5,MORTGAGE,small_business,8400.0,60,Source Verified,0,30.6,13.7,Current
3159,LN101929,738,55200.0,2.7,OWN,medical,8700.0,36,Source Verified,0,16.5,10.21,Fully Paid
3160,LN104378,659,31300.0,2.2,MORTGAGE,credit_card,12200.0,36,Verified,1,10.0,11.9,Fully Paid
3161,LN101572,712,29500.0,6.9,OWN,home_improvement,11300.0,36,Verified,0,6.8,11.79,Charged Off
3162,LN101647,766,36300.0,4.0,RENT,debt_consolidation,17600.0,36,Verified,0,7.5,12.22,Current
3163,LN100106,628,69600.0,14.6,OWN,debt_consolidation,6700.0,36,Source Verified,0,3.3,13.29,Charged Off
3164,LN100606,740,45100.0,3.4,MORTGAGE,small_business,9500.0,60,Source Verified,0,8.3,14.94,Current
3165,LN103742,579,48100.0,3.7,MORTGAGE,home_improvement,10000.0,60,Verified,1,7.5,16.75,Charged Off
3166,LN101221,774,52400.0,99.0,RENT,credit_card,4000.0,36,Source Verified,1,9.0,11.91,Current
3167,LN103075,634,-1.0,2.3,MORTGAGE,credit_card,12600.0,36,Not Verified,0,0.0,14.97,Current
3168,LN105136,717,65600.0,99.0,RENT,debt_consolidation,9400.0,36,Not Verified,0,16.4,13.73,Current
3169,LN104710,718,36200.0,3.1,RENT,debt_consolidation,6200.0,36,Source Verified,0,35.4,16.27,Current
3170,LN104507,624,23200.0,8.0,OWN,debt_consolidation,12900.0,36,Verified,0,11.0,12.55,Current
3171,LN100078,731,33200.0,4.7,MORTGAGE,other,10900.0,36,Source Verified,0,32.4,14.21,Current
3172,LN100031,664,90700.0,4.1,OWN,debt_consolidation,10300.0,60,Source Verified,0,6.3,15.54,Fully Paid
3173,LN102197,691,73700.0,17.5,MORTGAGE,home_improvement,6700.0,36,Source Verified,1,3.0,10.37,Current
3174,LN104013,802,98900.0,4.5,OWN,debt_consolidation,15400.0,36,Source Verified,0,15.0,7.89,Fully Paid
3175,LN105071,687,34300.0,11.1,MORTGAGE,debt_consolidation,6600.0,60,Not Verified,1,26.2,15.16,Current
3176,LN104853,575,113400.0,9.2,RENT,debt_consolidation,10300.0,36,Verified,0,9.3,17.85,Current
3177,LN104019,690,58800.0,11.8,MORTGAGE,credit_card,10500.0,60,Not Verified,0,3.0,13.7,Fully Paid
3178,LN103094,809,-1.0,1.3,RENT,credit_card,7600.0,60,Not Verified,0,0.0,14.92,Charged Off
3179,LN101734,656,79000.0,14.5,MORTGAGE,debt_consolidation,11800.0,60,Verified,0,5.0,13.31,Current
3180,LN100389,598,72700.0,0.7,MORTGAGE,debt_consolidation,7100.0,60,Not Verified,1,9.4,17.29,Current
3181,LN102135,667,50300.0,9.0,OTHER,credit_card,7400.0,60,Not Verified,1,18.3,15.87,Current
3182,LN104868,830,35400.0,6.0,MORTGAGE,debt_consolidation,5400.0,60,Verified,3,7.6,10.92,Current
3183,LN100044,698,24500.0,5.1,RENT,debt_consolidation,17700.0,60,Not Verified,0,47.1,17.9,Charged Off
3184,LN102770,753,99900.0,99.0,MORTGAGE,home_improvement,11800.0,36,Verified,1,3.3,9.71,Charged Off
3185,LN101987,640,73100.0,9.4,RENT,home_improvement,6800.0,60,Verified,0,5.7,14.37,Fully Paid
3186,LN104223,612,108400.0,2.3,OWN,major_purchase,9000.0,60,Verified,1,13.2,10.88,Current
3187,LN101959,652,58700.0,3.1,MORTGAGE,major_purchase,5300.0,36,Not Verified,1,19.3,12.33,Current
3188,LN103437,697,107400.0,4.6,MORTGAGE,other,13400.0,36,Not Verified,1,8.0,13.21,Fully Paid
3189,LN100818,708,47000.0,6.5,MORTGAGE,debt_consolidation,10500.0,60,Verified,0,14.7,12.38,Fully Paid
3190,LN103653,737,40700.0,8.9,RENT,small_business,4400.0,36,Verified,1,6.2,12.82,Charged Off
3191,LN100707,726,36600.0,12.5,MORTGAGE,small_business,6400.0,36,Not Verified,0,24.4,12.59,Charged Off
3192,LN100810,677,112000.0,4.8,MORTGAGE,debt_consolidation,8600.0,36,Source Verified,0,6.7,12.48,Fully Paid
3193,LN102196,678,-1.0,1.8,MORTGAGE,debt_consolidation,12900.0,36,Source Verified,0,0.0,14.66,Fully Paid
3194,LN103888,673,23300.0,1.9,RENT,small_business,10400.0,36,Not Verified,0,58.2,16.35,Current
3195,LN102194,0,76200.0,5.3,MORTGAGE,debt_consolidation,9500.0,60,Verified,0,18.5,14.07,Fully Paid
3196,LN104678,629,69400.0,10.8,MORTGAGE,debt_consolidation,9100.0,60,Source Verified,0,8.2,15.04,Fully Paid
3197,LN104360,713,72500.0,12.3,RENT,credit_card,10500.0,36,Verified,0,6.0,10.57,Charged Off
3198,LN104396,694,48200.0,2.9,RENT,home_improvement,12000.0,36,Verified,0,16.2,10.72,Current
3199,LN104340,557,41600.0,7.1,OWN,debt_consolidation,9600.0,36,Not Verified,0,19.0,15.62,Charged Off
3200,LN105110,678,174800.0,6.9,OWN,medical,7100.0,36,Source Verified,0,7.4,11.18,Current
3201,LN103113,741,32000.0,2.6,MORTGAGE,debt_consolidation,11000.0,36,Verified,0,31.8,10.63,Fully Paid
3202,LN103819,670,43100.0,2.1,MORTGAGE,debt_consolidation,2600.0,60,Verified,0,2.7,13.18,Fully Paid
3203,LN104037,689,180900.0,6.8,RENT,credit_card,29400.0,36,Not Verified,0,2.0,15.5,Fully Paid
3204,LN100904,650,32800.0,3.5,OWN,credit_card,7800.0,36,Source Verified,0,3.1,11.23,Current
3205,LN102487,745,18500.0,8.6,RENT,debt_consolidation,6500.0,36,Verified,0,59.7,12.42,Charged Off
3206,LN100850,666,-1.0,3.0,MORTGAGE,credit_card,7000.0,60,Source Verified,0,0.0,16.38,Charged Off
3207,LN101296,588,78300.0,3.4,MORTGAGE,debt_consolidation,12500.0,36,Not Verified,1,19.3,15.71,Charged Off
3208,LN103144,664,105800.0,5.1,MORTGAGE,debt_consolidation,10000.0,36,Verified,0,11.3,12.63,Fully Paid
3209,LN103383,647,105900.0,5.6,MORTGAGE,credit_card,9200.0,36,Verified,0,2.5,12.21,Fully Paid
3210,LN103083,656,32900.0,15.4,RENT,credit_card,10900.0,36,Verified,0,5.0,12.4,Charged Off
3211,LN105116,742,-1.0,11.4,MORTGAGE,major_purchase,11700.0,36,Source Verified,2,0.0,12.18,Current
3212,LN103180,626,56700.0,7.3,OTHER,debt_consolidation,5900.0,36,Not Verified,0,4.7,15.73,Fully Paid
3213,LN102513,742,38000.0,12.2,OTHER,small_business,5300.0,36,Source Verified,1,17.8,15.76,Charged Off
3214,LN100921,634,51300.0,0.7,RENT,credit_card,2400.0,36,Not Verified,0,9.6,14.82,Charged Off
3215,LN101731,688,52100.0,13.9,MORTGAGE,small_business,10700.0,36,Not Verified,0,3.9,11.55,Charged Off
3216,LN100257,666,39700.0,2.3,MORTGAGE,credit_card,5900.0,36,Source Verified,0,12.8,8.45,Current
3217,LN100241,684,62600.0,6.6,RENT,major_purchase,4300.0,36,Verified,0,9.9,11.02,Fully Paid
3218,LN104821,646,21000.0,1.2,RENT,major_purchase,4400.0,36,Source Verified,0,32.8,13.01,Current
3219,LN104583,774,77200.0,99.0,MORTGAGE,other,10200.0,36,Verified,0,4.5,11.29,Charged Off
3220,LN101066,620,53300.0,8.3,MORTGAGE,major_purchase,12100.0,60,Source Verified,0,3.1,15.99,Current
3221,LN104525,613,106800.0,9.8,MORTGAGE,debt_consolidation,6900.0,60,Verified,0,1.5,13.73,Fully Paid
3222,LN102286,735,46200.0,9.8,OWN,debt_consolidation,7500.0,60,Verified,1,24.2,15.49,Charged Off
3223,LN103149,706,28200.0,11.3,RENT,debt_consolidation,7300.0,36,Verified,0,17.3,13.65,Charged Off
3224,LN101705,814,54800.0,4.6,OTHER,home_improvement,10800.0,36,Source Verified,0,5.7,13.25,Current
3225,LN103802,676,57000.0,4.0,RENT,credit_card,3500.0,60,Source Verified,2,11.2,16.57,Charged Off
3226,LN102264,721,48300.0,9.4,RENT,debt_consolidation,26000.0,36,Verified,0,5.8,11.87,Fully Paid
3227,LN103583,686,99500.0,5.7,MORTGAGE,debt_consolidation,24200.0,36,Verified,0,9.3,11.45,Fully Paid
3228,LN101645,693,67000.0,10.2,MORTGAGE,home_improvement,4200.0,36,Not Verified,0,10.8,11.17,Current
3229,LN102365,786,28900.0,2.9,RENT,debt_consolidation,26600.0,36,Source Verified,1,10.9,12.86,Current
3230,LN100323,739,64400.0,5.7,RENT,debt_consolidation,14900.0,36,Not Verified,0,5.6,13.02,Fully Paid
3231,LN103267,687,97600.0,16.9,MORTGAGE,medical,8100.0,60,Source Verified,1,7.0,15.64,Current
3232,LN104907,627,69900.0,8.2,RENT,home_improvement,13300.0,36,Source Verified,0,2.8,12.53,Fully Paid
3233,LN104365,753,55500.0,4.1,MORTGAGE,credit_card,11000.0,60,Verified,1,7.7,11.9,Charged Off
3234,LN100702,623,42500.0,4.7,RENT,credit_card,5400.0,36,Source Verified,0,3.8,12.11,Current
3235,LN100718,667,77500.0,0.9,RENT,debt_consolidation,13400.0,60,Source Verified,0,4.1,14.99,Charged Off
3236,LN103448,655,49700.0,0.5,MORTGAGE,debt_consolidation,12600.0,36,Not Verified,0,10.5,13.83,Current
3237,LN103844,696,143500.0,11.5,RENT,credit_card,7600.0,36,Verified,1,4.8,13.34,Current
3238,LN104405,773,-1.0,0.6,RENT,debt_consolidation,2400.0,60,Source Verified,1,0.0,12.81,Current
3239,LN102471,662,54000.0,7.5,OTHER,debt_consolidation,4100.0,60,Not Verified,0,5.7,17.01,Fully Paid
3240,LN103600,0,68100.0,4.4,RENT,debt_consolidation,9800.0,60,Source Verified,0,2.3,15.33,Fully Paid
3241,LN103921,669,89000.0,11.1,OWN,debt_consolidation,5100.0,36,Not Verified,0,8.5,11.56,Current
3242,LN104458,653,25300.0,12.3,MORTGAGE,debt_consolidation,6700.0,36,Not Verified,1,65.0,16.13,Charged Off
3243,LN103785,611,23500.0,7.1,OTHER,small_business,3600.0,60,Source Verified,0,32.0,17.86,Current
3244,LN104862,733,-1.0,6.0,MORTGAGE,credit_card,8300.0,60,Verified,0,0.0,12.65,Fully Paid
3245,LN100204,557,41700.0,0.9,RENT,home_improvement,16500.0,36,Source Verified,0,11.8,12.89,Current
3246,LN105173,628,28300.0,6.6,RENT,other,9000.0,36,Verified,2,21.9,12.29,Charged Off
3247,LN102414,762,60500.0,3.0,RENT,small_business,9000.0,36,Verified,1,12.5,13.96,Current
3248,LN102702,744,40800.0,0.2,RENT,debt_consolidation,7100.0,36,Verified,0,7.1,12.45,Current
3249,LN100971,683,171800.0,99.0,MORTGAGE,medical,6600.0,60,Source Verified,0,5.1,14.7,Fully Paid
3250,LN101397,678,50800.0,5.3,OTHER,small_business,18300.0,60,Source Verified,0,26.8,16.06,Charged Off
3251,LN102319,672,41300.0,5.4,RENT,debt_consolidation,11400.0,36,Verified,1,9.5,10.92,Fully Paid
3252,LN102188,821,45200.0,5.5,RENT,debt_consolidation,26100.0,36,Verified,2,21.5,10.79,Charged Off
3253,LN102519,579,42100.0,15.0,RENT,home_improvement,11000.0,60,Source Verified,0,14.6,16.73,Fully Paid
3254,LN104969,712,91400.0,2.2,RENT,home_improvement,6700.0,36,Source Verified,0,18.4,10.22,Current
3255,LN100230,595,42300.0,1.1,OWN,major_purchase,12800.0,36,Verified,1,2.1,11.16,Fully Paid
3256,LN104662,727,59000.0,99.0,RENT,other,7300.0,60,Source Verified,1,12.0,13.02,Charged Off
3257,LN104630,576,83200.0,9.0,MORTGAGE,debt_consolidation,8500.0,36,Source Verified,0,1.8,14.01,Current
3258,LN104836,559,45500.0,10.9,MORTGAGE,small_business,9800.0,36,Source Verified,0,18.3,16.86,Current
3259,LN103575,567,39700.0,8.4,MORTGAGE,other,5900.0,60,Source Verified,0,0.8,16.15,Fully Paid
3260,LN102634,764,52000.0,1.4,OWN,debt_consolidation,6800.0,36,Source Verified,0,11.6,8.92,Current
3261,LN100953,614,46400.0,3.5,MORTGAGE,other,6800.0,36,Source Verified,0,3.9,14.35,Current
3262,LN103314,761,45000.0,3.5,MORTGAGE,debt_consolidation,8400.0,36,Source Verified,3,22.0,11.88,Current
3263,LN103245,712,-1.0,15.0,RENT,credit_card,13700.0,36,Verified,1,0.0,12.84,Charged Off
3264,LN105181,685,103100.0,1.4,MORTGAGE,debt_consolidation,5200.0,60,Not Verified,0,12.3,13.58,Charged Off
3265,LN101542,705,56500.0,18.7,RENT,credit_card,4300.0,60,Source Verified,0,10.3,16.68,Current
3266,LN101215,0,31000.0,7.0,RENT,credit_card,5900.0,60,Not Verified,0,2.5,14.76,Charged Off
3267,LN102142,850,48000.0,99.0,RENT,debt_consolidation,12500.0,36,Source Verified,0,9.4,10.33,Current
3268,LN102645,680,60600.0,99.0,RENT,major_purchase,6700.0,36,Source Verified,0,19.1,11.82,Fully Paid
3269,LN102541,717,38900.0,2.0,MORTGAGE,major_purchase,15500.0,36,Verified,0,25.2,12.25,Current
3270,LN101620,0,103800.0,7.2,RENT,home_improvement,7900.0,36,Verified,1,7.6,11.67,Current
3271,LN102886,723,31900.0,99.0,RENT,debt_consolidation,37600.0,36,Not Verified,0,6.9,12.97,Current
3272,LN105058,695,75200.0,7.5,OWN,major_purchase,17600.0,36,Source Verified,1,6.0,11.16,Fully Paid
3273,LN104545,691,42300.0,2.3,RENT,home_improvement,9500.0,60,Not Verified,0,8.4,14.84,Charged Off
3274,LN100436,655,89900.0,2.2,MORTGAGE,debt_consolidation,6600.0,36,Verified,1,5.2,13.0,Current
3275,LN101603,0,71700.0,4.1,MORTGAGE,small_business,15300.0,36,Source Verified,0,7.1,16.22,Current
3276,LN103127,717,56600.0,20.5,RENT,credit_card,4400.0,36,Verified,2,5.8,12.45,Current
3277,LN102635,768,45900.0,12.6,RENT,home_improvement,13400.0,36,Source Verified,0,9.9,10.76,Current
3278,LN103194,682,56600.0,99.0,OWN,other,7000.0,36,Not Verified,1,26.5,13.87,Charged Off
3279,LN100820,659,117000.0,4.0,RENT,medical,14700.0,36,Not Verified,0,6.5,12.52,Charged Off
3280,LN101340,638,-1.0,1.0,MORTGAGE,credit_card,17600.0,36,Not Verified,0,0.0,14.96,Fully Paid
3281,LN100281,577,18800.0,5.8,OWN,credit_card,6700.0,60,Verified,0,41.2,17.75,Charged Off
3282,LN101981,654,98800.0,2.4,MORTGAGE,debt_consolidation,9000.0,36,Verified,0,3.6,11.63,Fully Paid
3283,LN101248,0,-1.0,1.3,MORTGAGE,major_purchase,9100.0,36,Verified,1,0.0,11.69,Fully Paid
3284,LN102678,575,69100.0,4.0,RENT,other,15000.0,60,Source Verified,0,4.2,18.34,Current
3285,LN101493,620,16400.0,7.7,OWN,small_business,12600.0,36,Verified,0,48.0,16.7,Fully Paid
3286,LN104242,622,111000.0,9.3,MORTGAGE,debt_consolidation,6400.0,36,Source Verified,0,1.7,10.89,Current
3287,LN103561,697,50400.0,2.8,RENT,credit_card,12700.0,36,Source Verified,1,2.2,13.51,Charged Off
3288,LN103062,850,82600.0,12.5,OTHER,major_purchase,15500.0,36,Verified,1,9.1,9.81,Current
3289,LN102814,690,29400.0,3.4,MORTGAGE,debt_consolidation,17400.0,60,Not Verified,0,2.9,15.55,Fully Paid
3290,LN102651,567,23400.0,5.9,OTHER,credit_card,4600.0,36,Source Verified,0,12.6,13.71,Charged Off
3291,LN101026,548,45400.0,8.8,OWN,home_improvement,23100.0,36,Source Verified,0,13.2,18.01,Current
3292,LN103504,700,44600.0,16.6,RENT,credit_card,5100.0,36,Not Verified,1,7.2,16.06,Charged Off
3293,LN101209,709,44200.0,3.5,MORTGAGE,debt_consolidation,8200.0,36,Source Verified,0,13.1,11.62,Charged Off
3294,LN102457,651,35600.0,2.4,RENT,debt_consolidation,7200.0,36,Source Verified,0,33.6,14.06,Fully Paid
3295,LN101099,771,62900.0,4.5,RENT,debt_consolidation,16700.0,36,Not Verified,0,4.3,15.33,Fully Paid
3296,LN102326,546,47600.0,6.9,MORTGAGE,credit_card,8100.0,36,Source Verified,1,15.6,14.17,Charged Off
3297,LN101135,774,38300.0,5.6,RENT,home_improvement,12700.0,36,Source Verified,0,2.3,9.23,Current
3298,LN103405,609,-1.0,2.1,MORTGAGE,credit_card,5100.0,60,Verified,1,0.0,15.51,Fully Paid
3299,LN103816,686,33700.0,1.6,RENT,debt_consolidation,9800.0,60,Verified,0,20.9,16.12,Current
3300,LN104803,753,61500.0,6.7,MORTGAGE,debt_consolidation,4900.0,36,Source Verified,0,5.9,11.5,Fully Paid
3301,LN100301,590,50100.0,8.1,RENT,credit_card,14400.0,36,Verified,1,10.6,16.59,Charged Off
3302,LN104959,631,90000.0,9.6,MORTGAGE,home_improvement,7800.0,60,Source Verified,0,13.8,13.29,Current
3303,LN101752,647,65400.0,99.0,RENT,small_business,28200.0,36,Source Verified,1,4.2,14.84,Fully Paid
3304,LN103436,648,26800.0,6.4,MORTGAGE,debt_consolidation,4000.0,36,Verified,1,21.9,11.94,Charged Off
3305,LN103346,707,29000.0,8.4,RENT,debt_consolidation,4300.0,36,Source Verified,1,11.6,13.95,Charged Off
3306,LN103952,686,51100.0,4.7,MORTGAGE,credit_card,8400.0,60,Not Verified,0,7.1,12.8,Charged Off
3307,LN104590,745,61500.0,4.7,MORTGAGE,debt_consolidation,14200.0,36,Source Verified,2,3.2,11.74,Fully Paid
3308,LN102672,660,82900.0,4.3,RENT,debt_consolidation,13900.0,36,Verified,0,15.7,14.43,Current
3309,LN100851,658,26000.0,9.7,MORTGAGE,credit_card,32700.0,36,Source Verified,0,19.8,15.3,Charged Off
3310,LN105177,781,45100.0,0.6,RENT,major_purchase,13500.0,36,Source Verified,0,33.0,14.16,Charged Off
3311,LN105085,775,44000.0,3.9,OWN,debt_consolidation,20700.0,36,Source Verified,0,19.9,11.14,Current
3312,LN104819,600,38300.0,99.0,RENT,credit_card,6500.0,36,Source Verified,0,3.6,13.59,Fully Paid
3313,LN100080,720,35500.0,11.8,MORTGAGE,credit_card,14000.0,60,Source Verified,1,65.0,18.7,Charged Off
3314,LN103122,735,59400.0,6.1,RENT,major_purchase,8500.0,36,Verified,0,4.5,10.19,Fully Paid
3315,LN100883,614,30000.0,5.7,MORTGAGE,debt_consolidation,7300.0,36,Source Verified,0,11.5,14.34,Charged Off
3316,LN101961,648,53800.0,2.0,MORTGAGE,other,4800.0,36,Source Verified,0,4.4,12.33,Current
3317,LN101464,754,57500.0,7.9,OWN,home_improvement,24900.0,36,Source Verified,1,7.8,10.86,Charged Off
3318,LN100318,754,54900.0,9.7,RENT,credit_card,10500.0,36,Not Verified,3,9.4,12.77,Current
3319,LN100979,719,24300.0,3.4,RENT,debt_consolidation,8300.0,36,Source Verified,2,27.9,16.12,Fully Paid
3320,LN103877,711,57200.0,3.4,RENT,debt_consolidation,6700.0,36,Verified,0,3.7,10.36,Charged Off
3321,LN103769,739,66900.0,2.7,RENT,credit_card,11600.0,60,Verified,1,11.2,15.37,Fully Paid
3322,LN103260,697,56600.0,4.6,RENT,debt_consolidation,8800.0,36,Not Verified,0,8.6,12.19,Fully Paid
3323,LN102666,664,-1.0,7.3,OWN,credit_card,7000.0,36,Source Verified,0,0.0,11.71,Charged Off
3324,LN102780,788,72400.0,5.3,MORTGAGE,other,7900.0,36,Verified,1,0.9,11.36,Current
3325,LN100215,755,59200.0,7.9,RENT,home_improvement,12000.0,36,Source Verified,0,16.5,12.04,Fully Paid
3326,LN104788,819,59100.0,6.6,MORTGAGE,debt_consolidation,10800.0,60,Source Verified,0,11.3,11.42,Current
3327,LN100838,809,29800.0,5.7,MORTGAGE,credit_card,12800.0,36,Verified,0,20.2,9.32,Fully Paid
3328,LN101332,747,-1.0,7.9,MORTGAGE,credit_card,6100.0,36,Not Verified,0,0.0,11.04,Fully Paid
3329,LN104883,672,93300.0,11.7,OWN,credit_card,7400.0,60,Source Verified,0,5.3,13.42,Charged Off
3330,LN101914,767,125300.0,6.2,MORTGAGE,other,8600.0,60,Verified,0,8.9,13.44,Fully Paid
3331,LN102338,758,32500.0,1.6,RENT,medical,8100.0,36,Verified,0,2.6,12.9,Current
3332,LN103253,753,29700.0,13.1,MORTGAGE,home_improvement,13600.0,36,Source Verified,0,2.6,9.59,Current
3333,LN104001,748,44500.0,10.5,MORTGAGE,credit_card,13600.0,60,Verified,1,6.9,10.95,Current
3334,LN101686,655,57400.0,7.3,MORTGAGE,medical,22200.0,36,Verified,0,3.8,12.24,Fully Paid
3335,LN101529,730,45700.0,4.8,MORTGAGE,credit_card,8200.0,36,Source Verified,0,1.7,12.01,Fully Paid
3336,LN100634,670,58800.0,5.9,RENT,debt_consolidation,9400.0,36,Source Verified,0,6.0,13.46,Current
3337,LN104106,533,-1.0,3.1,MORTGAGE,credit_card,15100.0,60,Verified,1,0.0,20.87,Current
3338,LN103594,666,44900.0,21.9,RENT,other,10400.0,36,Verified,0,10.1,12.94,Charged Off
3339,LN104704,737,37600.0,10.3,MORTGAGE,other,19400.0,60,Verified,1,6.1,15.9,Current
3340,LN103387,657,54400.0,1.8,MORTGAGE,credit_card,27300.0,36,Source Verified,1,13.3,14.22,Charged Off
3341,LN104663,645,81400.0,2.8,OTHER,debt_consolidation,8600.0,60,Source Verified,0,9.3,13.91,Fully Paid
3342,LN100448,762,74300.0,5.9,RENT,other,30800.0,36,Verified,2,3.5,10.96,Current
3343,LN101538,630,29100.0,4.9,RENT,credit_card,7700.0,60,Source Verified,0,8.9,18.42,Charged Off
3344,LN103366,692,27600.0,4.6,OWN,major_purchase,6200.0,36,Source Verified,0,20.6,13.44,Current
3345,LN104333,756,21600.0,14.5,RENT,other,12500.0,36,Verified,1,10.7,13.11,Current
3346,LN102358,769,105400.0,4.1,RENT,credit_card,18100.0,36,Verified,0,10.4,9.93,Charged Off
3347,LN101253,710,52800.0,2.1,RENT,debt_consolidation,5900.0,60,Source Verified,0,8.4,14.2,Fully Paid
3348,LN105102,758,82100.0,6.4,RENT,credit_card,23200.0,36,Verified,0,0.7,13.46,Fully Paid
3349,LN102697,699,-1.0,7.3,RENT,medical,16800.0,60,Not Verified,1,0.0,13.93,Charged Off
3350,LN100425,667,41400.0,15.2,MORTGAGE,credit_card,26600.0,36,Verified,1,26.9,13.36,Current
3351,LN105130,629,35000.0,13.6,MORTGAGE,debt_consolidation,7700.0,60,Source Verified,1,7.9,14.5,Current
3352,LN102038,625,38700.0,4.7,MORTGAGE,home_improvement,11400.0,36,Verified,0,27.7,16.39,Current
3353,LN103348,725,54400.0,11.2,RENT,debt_consolidation,13800.0,36,Verified,2,5.6,12.18,Charged Off
3354,LN100229,671,33700.0,4.8,MORTGAGE,credit_card,10000.0,36,Source Verified,2,20.1,15.38,Charged Off
3355,LN102562,776,40000.0,3.8,MORTGAGE,debt_consolidation,37300.0,36,Verified,0,54.9,12.36,Fully Paid
3356,LN102954,552,43100.0,9.9,RENT,debt_consolidation,5400.0,36,Source Verified,0,4.8,15.52,Charged Off
3357,LN103427,724,66000.0,20.3,MORTGAGE,major_purchase,7100.0,60,Source Verified,0,12.6,13.45,Charged Off
3358,LN102772,674,95100.0,7.2,MORTGAGE,debt_consolidation,17700.0,36,Source Verified,0,11.2,11.43,Current
3359,LN104579,739,66800.0,7.3,MORTGAGE,credit_card,5900.0,60,Not Verified,0,2.5,12.46,Fully Paid
3360,LN104317,655,25200.0,12.3,MORTGAGE,credit_card,11100.0,60,Verified,1,21.0,16.18,Fully Paid
3361,LN102151,738,39100.0,10.3,OWN,other,16600.0,60,Not Verified,1,16.1,15.14,Fully Paid
3362,LN101326,709,70300.0,7.5,RENT,debt_consolidation,4400.0,36,Source Verified,1,2.8,10.57,Fully Paid
3363,LN101205,646,50300.0,6.5,MORTGAGE,debt_consolidation,22200.0,36,Source Verified,1,6.3,15.48,Fully Paid
3364,LN104694,682,38600.0,5.8,MORTGAGE,small_business,7600.0,36,Source Verified,0,26.2,15.43,Current
3365,LN104929,759,45000.0,3.7,MORTGAGE,debt_consolidation,16700.0,60,Source Verified,0,18.0,15.48,Charged Off
3366,LN104615,0,86400.0,10.2,MORTGAGE,debt_consolidation,6000.0,36,Source Verified,0,10.7,14.27,Fully Paid
3367,LN103186,626,79600.0,12.0,RENT,credit_card,4600.0,60,Verified,0,8.7,16.45,Charged Off
3368,LN105090,710,37900.0,4.1,OTHER,small_business,8800.0,60,Verified,0,34.2,15.83,Charged Off
3369,LN102289,587,37400.0,13.7,RENT,medical,6900.0,36,Source Verified,0,2.9,13.79,Current
3370,LN100474,730,45400.0,4.2,MORTGAGE,home_improvement,14600.0,36,Verified,1,8.9,9.55,Fully Paid
3371,LN101479,801,32500.0,2.5,OTHER,debt_consolidation,9400.0,36,Source Verified,0,9.6,9.43,Fully Paid
3372,LN104320,643,-1.0,12.0,MORTGAGE,other,6000.0,36,Source Verified,0,0.0,11.1,Fully Paid
3373,LN101052,697,44500.0,6.3,MORTGAGE,credit_card,7200.0,36,Not Verified,2,8.4,14.18,Current
3374,LN100569,702,31500.0,4.8,RENT,debt_consolidation,15300.0,60,Source Verified,1,10.7,16.44,Fully Paid
3375,LN100105,677,81200.0,3.9,OWN,home_improvement,8700.0,60,Verified,0,3.3,13.43,Current
3376,LN102201,679,58300.0,4.1,RENT,credit_card,8300.0,36,Source Verified,0,5.4,13.91,Fully Paid
3377,LN104441,550,49600.0,20.6,RENT,other,22300.0,36,Verified,0,29.7,17.4,Charged Off
3378,LN103120,0,-1.0,99.0,RENT,credit_card,3300.0,36,Not Verified,0,0.0,13.37,Fully Paid
3379,LN104071,680,134300.0,9.4,RENT,small_business,39500.0,36,Source Verified,0,2.5,13.3,Current
3380,LN100253,626,56700.0,5.7,MORTGAGE,home_improvement,9600.0,36,Source Verified,0,13.8,14.62,Fully Paid
3381,LN101971,670,101200.0,3.3,RENT,small_business,4700.0,36,Verified,0,5.8,16.31,Fully Paid
3382,LN101422,715,38300.0,1.5,OWN,credit_card,7600.0,60,Not Verified,0,2.3,14.53,Fully Paid
3383,LN101286,604,69500.0,7.2,OWN,credit_card,10300.0,60,Source Verified,0,7.0,14.25,Current
3384,LN102501,706,38800.0,2.1,MORTGAGE,other,4600.0,36,Verified,0,15.8,10.24,Fully Paid
3385,LN102502,756,58500.0,11.9,MORTGAGE,debt_consolidation,17900.0,60,Verified,1,8.6,14.68,Fully Paid
3386,LN102534,679,29100.0,3.6,RENT,debt_consolidation,11200.0,36,Source Verified,1,8.1,12.67,Fully Paid
3387,LN102195,569,67000.0,13.5,OWN,debt_consolidation,16400.0,36,Source Verified,0,0.5,15.74,Fully Paid
3388,LN104908,657,52800.0,1.8,MORTGAGE,debt_consolidation,28100.0,60,Verified,0,26.6,18.41,Fully Paid
3389,LN104937,581,-1.0,18.3,MORTGAGE,home_improvement,5400.0,36,Not Verified,0,0.0,13.18,Fully Paid
3390,LN102305,658,60100.0,1.9,RENT,small_business,11900.0,36,Verified,0,5.6,14.72,Current
3391,LN103317,646,56200.0,8.0,MORTGAGE,home_improvement,6500.0,36,Source Verified,0,15.9,12.23,Fully Paid
3392,LN104352,696,63600.0,3.9,RENT,small_business,9500.0,36,Not Verified,1,1.5,14.18,Current
3393,LN101763,621,32400.0,5.1,MORTGAGE,credit_card,6700.0,60,Source Verified,0,22.3,17.02,Current
3394,LN103479,691,103200.0,2.6,MORTGAGE,home_improvement,15300.0,36,Source Verified,0,2.9,11.43,Current
3395,LN101312,646,44900.0,6.8,RENT,credit_card,6800.0,60,Source Verified,0,43.2,17.5,Current
3396,LN104686,607,95200.0,1.4,RENT,credit_card,15000.0,36,Source Verified,0,6.7,14.48,Fully Paid
3397,LN104682,649,33800.0,5.9,MORTGAGE,credit_card,19100.0,36,Source Verified,0,17.1,16.48,Charged Off
3398,LN104612,663,68500.0,8.3,OTHER,debt_consolidation,10000.0,36,Verified,0,13.4,12.46,Charged Off
3399,LN105014,713,110900.0,9.3,RENT,medical,13600.0,36,Source Verified,0,2.7,13.18,Current
3400,LN103947,562,35400.0,3.3,MORTGAGE,credit_card,15500.0,36,Verified,1,18.1,15.89,Fully Paid
3401,LN104885,667,75900.0,12.8,RENT,debt_consolidation,5800.0,36,Not Verified,0,8.5,12.85,Fully Paid
3402,LN103791,791,70800.0,11.5,RENT,debt_consolidation,13500.0,60,Not Verified,1,10.1,13.25,Fully Paid
3403,LN103560,737,87400.0,1.9,MORTGAGE,major_purchase,23100.0,60,Verified,0,13.1,15.66,Charged Off
3404,LN100390,540,68500.0,4.0,MORTGAGE,other,3500.0,60,Verified,0,11.2,17.3,Fully Paid
3405,LN103625,821,41400.0,9.3,MORTGAGE,debt_consolidation,40000.0,60,Not Verified,0,11.1,13.75,Charged Off
3406,LN102440,695,91800.0,20.9,MORTGAGE,debt_consolidation,5600.0,36,Source Verified,2,11.4,11.27,Fully Paid
3407,LN104247,723,72800.0,8.2,MORTGAGE,other,12300.0,36,Source Verified,1,4.0,12.74,Charged Off
3408,LN101682,655,69600.0,3.1,MORTGAGE,home_improvement,6500.0,36,Source Verified,1,17.5,11.4,Charged Off
3409,LN100006,698,43200.0,4.5,MORTGAGE,small_business,5200.0,60,Not Verified,0,12.3,14.78,Charged Off
3410,LN102297,641,27200.0,5.6,OWN,small_business,7600.0,36,Source Verified,0,19.4,15.33,Fully Paid
3411,LN100462,587,61200.0,12.5,RENT,credit_card,20200.0,36,Verified,0,14.1,15.37,Fully Paid
3412,LN103369,698,46800.0,5.8,OWN,debt_consolidation,14900.0,36,Verified,0,9.5,11.18,Charged Off
3413,LN100660,580,36700.0,10.1,OWN,debt_consolidation,9500.0,36,Source Verified,0,29.1,13.27,Current
3414,LN104855,769,-1.0,4.3,MORTGAGE,debt_consolidation,5600.0,60,Source Verified,3,0.0,14.95,Fully Paid
3415,LN103477,676,51400.0,13.1,RENT,debt_consolidation,40000.0,36,Source Verified,0,18.0,13.97,Charged Off
3416,LN100184,718,69900.0,7.5,OWN,home_improvement,3100.0,36,Not Verified,1,4.0,10.7,Current
3417,LN103765,766,37400.0,8.3,MORTGAGE,other,16700.0,36,Source Verified,0,10.8,13.66,Fully Paid
3418,LN103474,605,24300.0,1.8,MORTGAGE,major_purchase,13300.0,36,Source Verified,0,11.5,13.88,Charged Off
3419,LN101201,658,55800.0,3.4,RENT,debt_consolidation,13300.0,36,Source Verified,0,2.6,12.99,Charged Off
3420,LN100518,748,58700.0,2.5,MORTGAGE,small_business,6800.0,36,Source Verified,0,9.5,13.75,Current
3421,LN102983,707,51900.0,3.2,MORTGAGE,credit_card,6700.0,60,Verified,0,8.1,14.55,Fully Paid
3422,LN100273,826,7500.0,6.1,MORTGAGE,other,17400.0,36,Source Verified,0,65.0,13.3,Fully Paid
3423,LN104114,637,38600.0,4.2,MORTGAGE,debt_consolidation,5900.0,36,Verified,1,4.1,11.53,Fully Paid
3424,LN101688,681,-1.0,13.9,RENT,home_improvement,21500.0,36,Not Verified,0,0.0,12.54,Fully Paid
3425,LN104434,814,85100.0,13.2,OWN,credit_card,18100.0,36,Verified,1,3.9,12.49,Fully Paid
3426,LN101423,781,-1.0,6.7,RENT,debt_consolidation,6400.0,36,Source Verified,0,0.0,12.67,Charged Off
3427,LN104068,684,48900.0,4.2,RENT,credit_card,6400.0,60,Verified,0,7.5,16.38,Current
3428,LN102164,729,65900.0,1.5,MORTGAGE,home_improvement,23700.0,36,Verified,0,18.6,11.37,Fully Paid
3429,LN101283,742,59200.0,3.8,MORTGAGE,debt_consolidation,10500.0,36,Source Verified,0,1.8,10.03,Fully Paid
3430,LN104793,684,176000.0,10.5,MORTGAGE,home_improvement,19000.0,60,Source Verified,2,4.3,13.46,Current
3431,LN101767,745,58400.0,3.3,MORTGAGE,major_purchase,8900.0,60,Not Verified,1,7.0,14.74,Current
3432,LN104666,775,48500.0,8.5,RENT,credit_card,12700.0,36,Verified,1,6.1,12.77,Charged Off
3433,LN104183,843,72400.0,5.6,MORTGAGE,small_business,7000.0,60,Verified,0,11.9,12.58,Charged Off
3434,LN104773,733,73700.0,11.6,MORTGAGE,other,9600.0,36,Source Verified,1,2.8,9.12,Fully Paid
3435,LN100827,682,79300.0,99.0,OWN,credit_card,5200.0,36,Not Verified,0,3.6,12.19,Current
3436,LN102168,642,65800.0,4.4,MORTGAGE,debt_consolidation,21400.0,36,Verified,0,0.3,11.52,Fully Paid
3437,LN102308,774,41000.0,8.7,RENT,home_improvement,8900.0,36,Verified,0,30.7,10.65,Current
3438,LN101055,786,40500.0,4.9,MORTGAGE,credit_card,7300.0,36,Not Verified,0,20.0,11.37,Fully Paid
3439,LN102723,702,102300.0,4.3,RENT,debt_consolidation,6700.0,36,Not Verified,1,1.4,11.3,Charged Off
3440,LN103343,741,-1.0,1.5,RENT,debt_consolidation,23400.0,36,Verified,0,0.0,11.23,Charged Off
3441,LN103135,617,23900.0,4.0,RENT,debt_consolidation,12500.0,60,Verified,0,37.1,18.75,Fully Paid
3442,LN100980,720,26100.0,1.1,MORTGAGE,credit_card,13100.0,60,Verified,1,16.4,14.36,Fully Paid
3443,LN100240,633,66700.0,12.0,MORTGAGE,medical,16200.0,36,Source Verified,2,2.7,15.73,Charged Off
3444,LN101908,659,90100.0,2.7,OWN,debt_consolidation,11300.0,36,Not Verified,1,2.7,16.03,Current
3445,LN103849,637,122000.0,7.9,RENT,small_business,5900.0,36,Not Verified,0,6.4,12.24,Fully Paid
3446,LN104135,650,32000.0,99.0,RENT,debt_consolidation,5800.0,36,Verified,1,2.1,14.37,Current
3447,LN104109,692,-1.0,1.9,RENT,other,23400.0,36,Source Verified,0,0.0,11.93,Charged Off
3448,LN102340,786,78300.0,99.0,MORTGAGE,debt_consolidation,5200.0,36,Source Verified,0,29.6,8.81,Current
3449,LN100720,684,56100.0,7.0,RENT,debt_consolidation,10300.0,60,Verified,1,22.7,16.64,Charged Off
3450,LN100468,762,57900.0,0.9,RENT,small_business,17800.0,36,Source Verified,0,17.2,14.34,Current
3451,LN101858,716,58700.0,7.1,OWN,credit_card,5600.0,36,Source Verified,0,10.3,9.57,Charged Off
3452,LN102092,699,59600.0,5.7,RENT,credit_card,13900.0,60,Verified,0,12.5,15.55,Current
3453,LN103080,660,62300.0,23.8,MORTGAGE,debt_consolidation,4200.0,36,Verified,1,17.2,13.08,Fully Paid
3454,LN101777,704,57900.0,5.8,MORTGAGE,home_improvement,3000.0,36,Verified,0,13.7,8.97,Current
3455,LN104286,644,54500.0,3.3,OWN,debt_consolidation,8900.0,60,Verified,0,4.7,15.46,Fully Paid
3456,LN100126,785,-1.0,6.5,RENT,debt_consolidation,9700.0,36,Source Verified,1,0.0,12.18,Fully Paid
3457,LN102957,697,57200.0,15.2,OWN,other,3500.0,36,Source Verified,2,12.1,11.93,Current
3458,LN104701,658,-1.0,1.9,MORTGAGE,credit_card,27100.0,60,Verified,0,0.0,15.22,Charged Off
3459,LN103913,604,52800.0,6.1,MORTGAGE,credit_card,25200.0,36,Verified,1,43.0,16.72,Fully Paid
3460,LN101986,703,31100.0,5.3,MORTGAGE,home_improvement,4300.0,60,Source Verified,1,10.7,13.6,Current
3461,LN100651,679,69200.0,99.0,RENT,credit_card,24100.0,36,Source Verified,0,3.6,11.18,Charged Off
3462,LN103424,850,62000.0,4.2,RENT,credit_card,10600.0,36,Verified,1,8.2,8.48,Current
3463,LN100234,643,49800.0,8.8,OTHER,debt_consolidation,7900.0,36,Source Verified,0,7.2,13.42,Charged Off
3464,LN101404,0,118300.0,19.9,RENT,debt_consolidation,6800.0,60,Not Verified,0,1.9,13.47,Current
3465,LN100288,671,74000.0,3.8,RENT,debt_consolidation,3600.0,60,Not Verified,1,3.3,16.45,Charged Off
3466,LN102841,761,40800.0,3.0,RENT,debt_consolidation,15700.0,36,Source Verified,2,10.6,14.04,Fully Paid
3467,LN102508,749,34200.0,8.0,MORTGAGE,small_business,7000.0,60,Verified,0,35.0,18.27,Current
3468,LN104164,675,56700.0,2.1,RENT,debt_consolidation,8700.0,60,Verified,0,1.4,13.21,Fully Paid
3469,LN100198,690,69700.0,7.1,MORTGAGE,other,11600.0,36,Not Verified,0,3.4,12.61,Current
3470,LN100742,624,84600.0,1.4,MORTGAGE,home_improvement,5200.0,36,Source Verified,2,2.2,12.23,Current
3471,LN101812,708,73000.0,3.9,RENT,debt_consolidation,3300.0,36,Not Verified,1,6.0,10.78,Fully Paid
3472,LN102762,655,69100.0,4.4,MORTGAGE,home_improvement,12800.0,60,Not Verified,0,7.7,15.65,Charged Off
3473,LN102094,696,-1.0,11.7,OWN,debt_consolidation,11700.0,36,Not Verified,2,0.0,13.49,Fully Paid
3474,LN101642,533,47100.0,18.2,MORTGAGE,debt_consolidation,8900.0,60,Verified,0,7.5,17.07,Charged Off
3475,LN104656,634,80000.0,2.2,MORTGAGE,credit_card,13100.0,36,Verified,0,6.3,14.81,Charged Off
3476,LN100774,691,96600.0,99.0,RENT,home_improvement,27800.0,36,Source Verified,0,3.4,13.22,Charged Off
3477,LN103378,627,61500.0,4.5,MORTGAGE,debt_consolidation,3000.0,36,Source Verified,0,13.4,14.46,Fully Paid
3478,LN101097,722,62400.0,99.0,RENT,credit_card,4500.0,36,Verified,0,13.0,10.85,Current
3479,LN102185,691,49600.0,3.4,MORTGAGE,debt_consolidation,12600.0,36,Source Verified,0,13.4,13.0,Fully Paid
3480,LN103634,679,34600.0,99.0,MORTGAGE,debt_consolidation,3900.0,36,Verified,0,25.6,13.63,Charged Off
3481,LN105154,733,95900.0,99.0,MORTGAGE,debt_consolidation,22400.0,36,Verified,0,1.4,11.93,Current
3482,LN104655,685,76600.0,4.5,MORTGAGE,debt_consolidation,4500.0,60,Not Verified,0,5.9,11.6,Charged Off
3483,LN100693,544,42600.0,99.0,MORTGAGE,debt_consolidation,16200.0,36,Source Verified,0,10.1,14.41,Charged Off
3484,LN101627,793,42100.0,8.1,RENT,small_business,10600.0,36,Source Verified,0,35.0,15.17,Fully Paid
3485,LN100042,647,66000.0,99.0,MORTGAGE,credit_card,5000.0,36,Source Verified,1,17.3,11.51,Current
3486,LN104290,661,77000.0,3.8,MORTGAGE,debt_consolidation,10300.0,36,Source Verified,1,9.8,14.0,Charged Off
3487,LN103209,654,59600.0,8.9,MORTGAGE,other,10300.0,36,Not Verified,0,10.6,14.52,Charged Off
3488,LN101094,647,44200.0,4.9,MORTGAGE,credit_card,18400.0,36,Source Verified,0,13.4,14.31,Charged Off
3489,LN102807,565,110500.0,4.8,MORTGAGE,home_improvement,4500.0,60,Source Verified,0,4.2,13.21,Fully Paid
3490,LN101447,789,86900.0,5.2,MORTGAGE,debt_consolidation,12400.0,60,Verified,0,6.3,9.95,Current
3491,LN104501,761,-1.0,6.8,MORTGAGE,credit_card,11900.0,36,Not Verified,1,0.0,11.29,Current
3492,LN105144,581,140100.0,4.6,RENT,debt_consolidation,27400.0,36,Not Verified,0,3.0,15.36,Charged Off
3493,LN105069,769,86000.0,7.2,RENT,credit_card,4300.0,36,Not Verified,0,5.8,10.26,Charged Off
3494,LN100248,850,72000.0,11.2,MORTGAGE,credit_card,9600.0,36,Verified,0,9.8,7.97,Current
3495,LN100708,676,58100.0,6.3,MORTGAGE,major_purchase,3900.0,36,Source Verified,0,6.0,10.83,Current
3496,LN103179,715,59100.0,8.4,OWN,debt_consolidation,12400.0,60,Source Verified,0,8.7,15.76,Charged Off
3497,LN102467,776,84800.0,1.6,OWN,major_purchase,6200.0,36,Verified,0,22.0,10.87,Charged Off
3498,LN101179,717,109900.0,11.0,MORTGAGE,credit_card,9200.0,60,Source Verified,1,7.4,14.75,Current
3499,LN100161,643,45200.0,99.0,MORTGAGE,debt_consolidation,5900.0,36,Not Verified,1,8.7,11.9,Charged Off
3500,LN102126,833,83500.0,7.2,MORTGAGE,credit_card,6800.0,36,Source Verified,0,10.4,9.22,Fully Paid
3501,LN103006,562,37400.0,4.4,OTHER,credit_card,7700.0,60,Verified,0,56.2,22.51,Fully Paid
3502,LN101449,651,71300.0,4.3,MORTGAGE,other,9900.0,60,Not Verified,0,11.6,12.63,Fully Paid
3503,LN104328,727,54800.0,0.3,OWN,credit_card,8300.0,36,Not Verified,1,8.2,10.5,Fully Paid
3504,LN103624,686,21900.0,0.4,RENT,home_improvement,15100.0,36,Not Verified,0,37.1,13.9,Fully Paid
3505,LN100223,620,43800.0,0.2,RENT,credit_card,7600.0,60,Verified,0,38.8,17.54,Fully Paid
3506,LN100701,674,72400.0,5.4,MORTGAGE,home_improvement,4600.0,36,Source Verified,0,14.0,9.41,Current
3507,LN100689,662,29600.0,6.0,OWN,major_purchase,7800.0,36,Not Verified,0,7.5,13.35,Current
3508,LN103505,797,31800.0,7.8,MORTGAGE,debt_consolidation,8900.0,60,Source Verified,1,13.1,13.01,Current
3509,LN100664,685,87500.0,2.1,MORTGAGE,debt_consolidation,17400.0,36,Not Verified,0,10.6,10.98,Current
3510,LN104113,726,28800.0,10.1,MORTGAGE,debt_consolidation,9300.0,36,Source Verified,0,23.4,13.08,Charged Off
3511,LN101876,737,46500.0,7.3,RENT,other,23700.0,36,Not Verified,0,6.3,17.17,Charged Off
3512,LN103283,775,73000.0,3.8,MORTGAGE,small_business,8900.0,60,Not Verified,0,4.9,15.28,Charged Off
3513,LN104993,646,43500.0,5.5,MORTGAGE,debt_consolidation,12900.0,36,Verified,0,16.5,14.39,Fully Paid
3514,LN104215,780,48500.0,2.0,RENT,credit_card,9200.0,60,Verified,0,16.5,13.42,Current
3515,LN105134,655,101000.0,5.0,MORTGAGE,debt_consolidation,6000.0,36,Verified,0,4.3,12.15,Current
3516,LN101436,661,75700.0,3.2,OWN,credit_card,15600.0,36,Source Verified,1,4.7,17.24,Charged Off
3517,LN104549,637,63700.0,4.4,RENT,home_improvement,30200.0,60,Source Verified,0,15.6,13.65,Charged Off
3518,LN101739,697,42400.0,11.6,RENT,home_improvement,40000.0,60,Verified,0,2.1,15.35,Fully Paid
3519,LN104031,660,74900.0,7.2,MORTGAGE,credit_card,14200.0,36,Source Verified,0,5.1,12.89,Fully Paid
3520,LN104539,735,56100.0,3.8,MORTGAGE,small_business,8600.0,36,Not Verified,1,18.1,15.19,Current
3521,LN104995,760,57800.0,8.4,OWN,debt_consolidation,11100.0,36,Source Verified,0,1.0,9.72,Current
3522,LN104977,727,69100.0,18.9,OWN,debt_consolidation,8300.0,36,Source Verified,0,8.9,8.36,Fully Paid
3523,LN104161,604,15200.0,4.7,MORTGAGE,credit_card,8300.0,36,Source Verified,1,8.9,15.9,Current
3524,LN100428,600,31800.0,3.0,MORTGAGE,home_improvement,8900.0,36,Source Verified,1,59.9,14.27,Charged Off
3525,LN104462,761,71100.0,0.5,MORTGAGE,credit_card,11300.0,60,Verified,0,22.8,14.25,Current
3526,LN103310,657,71100.0,11.8,OTHER,home_improvement,9700.0,36,Source Verified,0,1.8,12.72,Current
3527,LN104332,789,62700.0,99.0,RENT,debt_consolidation,31000.0,36,Source Verified,0,11.5,10.13,Fully Paid
3528,LN102793,656,48500.0,16.4,RENT,debt_consolidation,10400.0,60,Verified,0,5.9,16.08,Charged Off
3529,LN102073,673,46700.0,4.5,MORTGAGE,small_business,13700.0,36,Verified,1,11.4,12.8,Charged Off
3530,LN104107,773,61000.0,8.7,MORTGAGE,debt_consolidation,5300.0,36,Verified,0,13.9,10.4,Fully Paid
3531,LN103422,759,71500.0,6.9,RENT,debt_consolidation,3500.0,36,Source Verified,1,5.4,9.75,Fully Paid
3532,LN103871,623,38300.0,10.0,RENT,credit_card,4900.0,60,Verified,0,9.3,17.59,Charged Off
3533,LN103137,759,136500.0,4.3,MORTGAGE,medical,3500.0,60,Verified,0,0.9,8.16,Fully Paid
3534,LN101962,672,31400.0,1.3,OWN,debt_consolidation,10700.0,36,Not Verified,0,7.5,13.8,Current
3535,LN103498,675,31700.0,12.2,MORTGAGE,debt_consolidation,17300.0,60,Source Verified,0,19.5,16.42,Current
3536,LN102139,772,-1.0,6.5,MORTGAGE,credit_card,13000.0,36,Source Verified,0,0.0,10.81,Fully Paid
3537,LN101016,693,71800.0,99.0,RENT,other,29300.0,36,Source Verified,0,1.5,13.52,Current
3538,LN103390,620,38100.0,5.7,OWN,credit_card,2800.0,36,Source Verified,1,12.4,15.47,Fully Paid
3539,LN101727,656,86500.0,8.8,MORTGAGE,home_improvement,7000.0,36,Not Verified,0,2.4,11.96,Current
3540,LN102276,607,86000.0,8.9,RENT,major_purchase,14400.0,36,Verified,0,10.9,11.97,Charged Off
3541,LN104658,650,64900.0,6.1,MORTGAGE,credit_card,3900.0,60,Source Verified,0,16.7,13.86,Fully Paid
3542,LN103944,770,35800.0,11.8,MORTGAGE,home_improvement,4300.0,36,Verified,0,10.0,10.35,Current
3543,LN103360,686,38800.0,8.5,MORTGAGE,home_improvement,18300.0,36,Source Verified,1,28.4,11.56,Current
3544,LN101123,675,21000.0,4.5,MORTGAGE,credit_card,8200.0,36,Verified,0,39.8,11.65,Fully Paid
3545,LN102838,768,69800.0,4.4,OWN,major_purchase,7200.0,36,Not Verified,1,9.1,11.67,Fully Paid
3546,LN103503,613,82800.0,6.2,MORTGAGE,other,14400.0,36,Not Verified,0,1.1,15.64,Fully Paid
3547,LN104208,763,96000.0,1.0,RENT,other,8400.0,60,Not Verified,0,8.7,13.84,Current
3548,LN101477,595,59400.0,13.0,MORTGAGE,credit_card,3900.0,60,Source Verified,1,3.7,15.69,Current
3549,LN100597,743,74100.0,5.8,MORTGAGE,credit_card,8900.0,36,Source Verified,0,8.5,10.09,Current
3550,LN103246,635,64900.0,10.9,OWN,major_purchase,13600.0,36,Verified,1,10.0,14.37,Charged Off
3551,LN103123,725,135900.0,11.2,MORTGAGE,medical,9200.0,36,Verified,0,7.6,12.04,Current
3552,LN101725,696,63000.0,4.9,MORTGAGE,major_purchase,8200.0,36,Not Verified,0,2.9,14.55,Fully Paid
3553,LN104472,806,29600.0,9.6,MORTGAGE,debt_consolidation,20300.0,36,Source Verified,1,9.8,12.56,Fully Paid
3554,LN103499,729,42800.0,8.6,MORTGAGE,debt_consolidation,7300.0,36,Verified,1,15.3,11.59,Fully Paid
3555,LN104279,628,54200.0,0.3,RENT,small_business,9000.0,36,Verified,1,14.0,16.2,Current
3556,LN104564,723,43100.0,17.9,MORTGAGE,other,15700.0,60,Source Verified,1,8.0,14.75,Current
3557,LN100587,636,27800.0,9.1,MORTGAGE,medical,12400.0,36,Source Verified,0,30.3,14.37,Charged Off
3558,LN100666,585,51900.0,7.3,OTHER,credit_card,16200.0,60,Not Verified,0,3.5,18.48,Current
3559,LN102466,0,54600.0,3.6,RENT,other,9900.0,36,Source Verified,0,5.5,12.81,Fully Paid
3560,LN103172,753,-1.0,11.1,RENT,debt_consolidation,17900.0,36,Not Verified,0,0.0,9.29,Charged Off
3561,LN100017,628,62200.0,5.4,MORTGAGE,credit_card,5800.0,60,Not Verified,0,20.3,16.98,Charged Off
3562,LN104005,670,43200.0,5.5,MORTGAGE,debt_consolidation,6700.0,60,Verified,1,186.9,23.15,Charged Off
3563,LN103285,756,38800.0,2.3,OWN,other,6900.0,60,Source Verified,0,49.1,16.19,Charged Off
3564,LN103631,767,96500.0,9.3,OWN,major_purchase,18100.0,36,Not Verified,0,0.3,10.56,Fully Paid
3565,LN101955,623,47800.0,2.8,RENT,credit_card,15200.0,60,Not Verified,1,3.8,16.8,Charged Off
3566,LN104845,746,36200.0,9.8,MORTGAGE,other,10300.0,36,Verified,0,24.6,10.98,Fully Paid
3567,LN103880,658,66900.0,7.6,MORTGAGE,credit_card,13100.0,36,Not Verified,1,6.6,15.33,Fully Paid
3568,LN102653,636,37900.0,5.7,MORTGAGE,home_improvement,5000.0,36,Verified,1,8.4,12.96,Charged Off
3569,LN102112,749,45200.0,8.0,MORTGAGE,credit_card,12100.0,36,Source Verified,0,4.4,12.83,Fully Paid
3570,LN101254,643,71700.0,9.2,OWN,home_improvement,6900.0,60,Source Verified,0,19.5,15.04,Fully Paid
3571,LN102287,838,79800.0,3.3,OWN,credit_card,4400.0,36,Source Verified,0,14.0,10.29,Fully Paid
3572,LN104289,717,68000.0,1.3,RENT,debt_consolidation,16600.0,60,Verified,1,9.4,14.73,Fully Paid
3573,LN102204,760,43700.0,0.9,MORTGAGE,major_purchase,13400.0,60,Not Verified,0,2.3,12.29,Charged Off
3574,LN101497,615,126700.0,5.6,RENT,debt_consolidation,8100.0,60,Verified,0,3.6,15.1,Current
3575,LN104222,850,72300.0,5.8,RENT,other,3900.0,36,Not Verified,0,2.3,9.83,Charged Off
3576,LN102687,674,57400.0,6.5,MORTGAGE,small_business,13100.0,36,Source Verified,2,5.2,13.11,Charged Off
3577,LN101343,656,43900.0,3.2,MORTGAGE,credit_card,17400.0,60,Not Verified,1,31.1,17.44,Charged Off
3578,LN103228,730,34700.0,13.7,MORTGAGE,debt_consolidation,15600.0,36,Verified,0,22.3,14.16,Fully Paid
3579,LN101769,850,63500.0,8.7,RENT,credit_card,6100.0,60,Source Verified,0,1.0,9.09,Current
3580,LN102413,596,28300.0,11.9,RENT,debt_consolidation,19800.0,36,Not Verified,0,32.8,16.86,Current
3581,LN104355,641,46600.0,5.7,RENT,debt_consolidation,12100.0,36,Not Verified,0,43.6,15.83,Current
3582,LN102529,655,107400.0,4.3,MORTGAGE,debt_consolidation,12700.0,36,Not Verified,0,0.8,10.7,Fully Paid
3583,LN100645,681,29100.0,3.8,RENT,credit_card,8800.0,36,Source Verified,1,36.3,15.85,Charged Off
3584,LN100456,760,126900.0,8.4,MORTGAGE,debt_consolidation,5500.0,60,Not Verified,0,12.0,12.23,Current
3585,LN102033,664,59400.0,1.7,RENT,credit_card,4000.0,60,Verified,1,2.7,15.72,Fully Paid
3586,LN104141,850,74000.0,6.9,RENT,major_purchase,4600.0,36,Not Verified,1,25.7,8.8,Fully Paid
3587,LN101318,593,31800.0,4.0,OWN,debt_consolidation,17200.0,36,Source Verified,0,5.7,16.93,Fully Paid
3588,LN102644,784,65600.0,7.7,RENT,small_business,39500.0,60,Verified,0,2.3,14.5,Current
3589,LN101333,708,33200.0,6.8,MORTGAGE,credit_card,21700.0,36,Source Verified,0,10.2,12.58,Fully Paid
3590,LN103485,760,-1.0,0.8,MORTGAGE,credit_card,7700.0,60,Source Verified,0,0.0,12.99,Fully Paid
3591,LN100812,706,73200.0,2.0,OWN,credit_card,9600.0,36,Source Verified,0,6.6,11.59,Fully Paid
3592,LN100308,728,48100.0,3.6,OWN,home_improvement,6600.0,36,Not Verified,0,8.5,10.52,Charged Off
3593,LN101006,734,87900.0,14.7,OTHER,small_business,9900.0,60,Verified,0,11.8,14.19,Fully Paid
3594,LN100064,736,48200.0,99.0,RENT,debt_consolidation,21200.0,36,Not Verified,0,9.1,10.05,Fully Paid
3595,LN104936,707,69800.0,99.0,MORTGAGE,credit_card,11900.0,60,Source Verified,0,11.1,13.92,Charged Off
3596,LN100260,675,76600.0,10.1,MORTGAGE,other,11200.0,60,Source Verified,1,10.9,15.4,Charged Off
3597,LN101217,544,95200.0,4.0,MORTGAGE,debt_consolidation,5300.0,36,Verified,0,5.0,13.3,Current
3598,LN103887,0,71400.0,4.3,MORTGAGE,credit_card,4800.0,36,Verified,0,19.0,12.94,Charged Off
3599,LN104387,730,89900.0,12.8,MORTGAGE,debt_consolidation,8000.0,36,Source Verified,1,2.8,10.61,Fully Paid
3600,LN101577,757,78100.0,5.0,MORTGAGE,other,11800.0,36,Not Verified,0,3.2,12.21,Fully Paid
3601,LN105033,687,56100.0,15.4,RENT,small_business,20800.0,36,Not Verified,0,6.5,17.25,Current
3602,LN102490,743,81900.0,12.2,MORTGAGE,debt_consolidation,5700.0,36,Source Verified,0,12.0,8.51,Current
3603,LN104598,767,77500.0,2.7,MORTGAGE,home_improvement,13500.0,36,Not Verified,0,11.0,11.07,Fully Paid
3604,LN101885,707,47600.0,6.4,OWN,credit_card,4000.0,60,Source Verified,0,6.7,13.06,Fully Paid
3605,LN104276,0,75300.0,4.3,MORTGAGE,debt_consolidation,10000.0,36,Source Verified,0,7.6,12.3,Charged Off
3606,LN104228,647,76000.0,3.9,OWN,small_business,35700.0,60,Verified,0,11.0,18.32,Charged Off
3607,LN103832,678,69900.0,4.5,MORTGAGE,major_purchase,10100.0,36,Source Verified,0,7.7,10.55,Charged Off
3608,LN102354,613,42000.0,5.5,RENT,home_improvement,7400.0,36,Verified,0,18.6,13.68,Charged Off
3609,LN101237,727,117400.0,10.2,RENT,credit_card,13200.0,36,Verified,0,3.7,11.58,Current
3610,LN101225,724,67500.0,9.6,MORTGAGE,debt_consolidation,8700.0,36,Source Verified,1,7.6,11.25,Fully Paid
3611,LN103199,0,-1.0,2.5,MORTGAGE,medical,14300.0,36,Verified,1,0.0,14.13,Current
3612,LN103606,583,-1.0,14.2,RENT,debt_consolidation,12300.0,60,Not Verified,1,0.0,17.76,Current
3613,LN103909,593,28700.0,6.1,MORTGAGE,credit_card,9000.0,60,Source Verified,0,8.8,17.05,Current
3614,LN102384,734,53600.0,2.5,RENT,small_business,13600.0,60,Source Verified,0,29.2,15.4,Charged Off
3615,LN100919,568,218800.0,3.3,MORTGAGE,credit_card,16300.0,36,Source Verified,0,0.5,16.23,Charged Off
3616,LN101928,746,95000.0,15.5,RENT,debt_consolidation,8000.0,60,Not Verified,0,3.2,999.0,Current
3617,LN101618,711,32000.0,6.4,MORTGAGE,other,7400.0,36,Verified,0,18.2,13.97,Charged Off
3618,LN100084,612,62700.0,3.4,RENT,credit_card,8100.0,36,Source Verified,0,11.2,16.96,Fully Paid
3619,LN103620,711,32800.0,9.9,RENT,debt_consolidation,11900.0,36,Source Verified,0,27.8,13.41,Current
3620,LN103636,673,75500.0,1.2,MORTGAGE,medical,6500.0,36,Verified,0,7.8,12.1,Current
3621,LN103034,761,66300.0,12.4,RENT,credit_card,2800.0,60,Verified,0,5.5,11.83,Current
3622,LN100673,604,40600.0,12.6,MORTGAGE,credit_card,11600.0,36,Verified,0,14.4,12.29,Charged Off
3623,LN100186,702,57500.0,0.4,MORTGAGE,credit_card,7400.0,60,Source Verified,0,19.3,16.39,Current
3624,LN103959,636,48600.0,9.8,RENT,debt_consolidation,5700.0,60,Verified,0,5.9,15.01,Charged Off
3625,LN101433,584,40500.0,5.7,MORTGAGE,credit_card,6800.0,36,Not Verified,0,9.6,17.38,Charged Off
3626,LN105129,695,38000.0,8.9,MORTGAGE,debt_consolidation,4900.0,36,Source Verified,0,7.0,11.23,Fully Paid
3627,LN103250,765,91400.0,3.5,RENT,credit_card,24900.0,36,Source Verified,0,5.1,11.03,Charged Off
3628,LN102939,641,58700.0,13.1,OTHER,debt_consolidation,14100.0,60,Verified,0,35.9,15.68,Charged Off
3629,LN104041,680,57500.0,2.7,MORTGAGE,debt_consolidation,12100.0,36,Verified,1,1.6,12.07,Charged Off
3630,LN104946,780,73000.0,4.7,MORTGAGE,medical,7500.0,36,Source Verified,0,9.7,9.51,Charged Off
3631,LN101088,732,-1.0,0.9,RENT,medical,6000.0,36,Not Verified,0,0.0,11.5,Fully Paid
3632,LN103147,683,59500.0,6.8,MORTGAGE,debt_consolidation,12700.0,36,Source Verified,1,9.8,15.3,Fully Paid
3633,LN100619,784,53000.0,5.7,MORTGAGE,debt_consolidation,6500.0,60,Source Verified,1,6.7,14.56,Fully Paid
3634,LN104345,713,-1.0,7.4,OWN,small_business,7400.0,36,Not Verified,0,0.0,12.57,Current
3635,LN102128,717,57100.0,11.3,MORTGAGE,home_improvement,7600.0,36,Not Verified,0,23.7,10.37,Current
3636,LN101214,518,45800.0,5.7,MORTGAGE,debt_consolidation,13300.0,60,Not Verified,1,14.9,18.0,Charged Off
3637,LN101702,699,175400.0,8.5,MORTGAGE,debt_consolidation,17200.0,36,Verified,0,0.0,10.9,Charged Off
3638,LN103264,658,55600.0,1.0,OWN,home_improvement,15300.0,36,Source Verified,1,5.1,11.41,Charged Off
3639,LN102065,679,30700.0,7.5,MORTGAGE,small_business,5100.0,60,Not Verified,0,11.8,13.11,Charged Off
3640,LN100783,748,21200.0,6.1,RENT,credit_card,12500.0,36,Source Verified,1,65.0,16.83,Fully Paid
3641,LN104435,745,70200.0,99.0,RENT,other,6600.0,60,Source Verified,0,4.7,13.33,Current
3642,LN103980,711,80100.0,5.0,RENT,credit_card,3900.0,60,Source Verified,0,10.3,11.87,Charged Off
3643,LN103835,708,80400.0,15.8,RENT,major_purchase,9400.0,36,Verified,2,17.9,12.02,Charged Off
3644,LN101579,712,59000.0,9.1,MORTGAGE,other,11000.0,36,Not Verified,0,4.3,12.82,Current
3645,LN104390,702,23200.0,8.1,MORTGAGE,credit_card,4900.0,36,Not Verified,0,42.2,11.68,Charged Off
3646,LN104963,658,56100.0,9.4,RENT,debt_consolidation,11100.0,36,Verified,0,5.0,13.43,Charged Off
3647,LN104757,746,33400.0,6.9,MORTGAGE,debt_consolidation,6200.0,36,Verified,2,9.2,10.13,Fully Paid
3648,LN103403,758,-1.0,10.9,MORTGAGE,major_purchase,40000.0,36,Verified,0,0.0,8.55,Current
3649,LN101158,531,65300.0,99.0,RENT,credit_card,6100.0,36,Not Verified,0,3.5,16.99,Charged Off
3650,LN102395,615,32000.0,1.7,MORTGAGE,debt_consolidation,7900.0,36,Source Verified,0,3.4,13.54,Current
3651,LN103269,637,78200.0,4.7,RENT,home_improvement,6600.0,60,Verified,0,2.4,13.93,Current
3652,LN100624,721,42200.0,5.4,RENT,credit_card,5400.0,60,Source Verified,0,14.7,12.97,Current
3653,LN104006,669,46200.0,4.9,MORTGAGE,credit_card,7500.0,60,Not Verified,0,22.0,15.54,Fully Paid
3654,LN101365,0,53100.0,4.3,OWN,debt_consolidation,13100.0,36,Source Verified,0,15.6,13.35,Charged Off
3655,LN102894,647,97600.0,6.7,RENT,home_improvement,6800.0,36,Verified,0,7.7,12.28,Charged Off
3656,LN103003,589,121700.0,11.5,OWN,credit_card,9900.0,36,Verified,0,12.9,13.62,Fully Paid
3657,LN104123,713,45500.0,16.8,OWN,credit_card,9300.0,60,Verified,0,13.5,13.93,Current
3658,LN102220,696,53800.0,3.9,MORTGAGE,credit_card,3100.0,36,Not Verified,1,3.9,14.45,Charged Off
3659,LN102181,705,66400.0,4.4,MORTGAGE,major_purchase,10400.0,60,Source Verified,0,10.9,14.0,Charged Off
3660,LN103694,773,65400.0,6.9,MORTGAGE,debt_consolidation,15100.0,60,Verified,1,15.5,13.59,Current
3661,LN101000,686,109100.0,2.8,OWN,home_improvement,12000.0,36,Source Verified,0,1.5,8.42,Fully Paid
3662,LN103482,753,57500.0,5.4,RENT,credit_card,14700.0,36,Verified,1,8.1,12.51,Fully Paid
3663,LN104776,635,68800.0,4.0,RENT,major_purchase,26500.0,36,Source Verified,0,4.0,13.74,Fully Paid
3664,LN104185,715,65000.0,9.4,MORTGAGE,debt_consolidation,7900.0,36,Source Verified,1,10.9,13.59,Fully Paid
3665,LN101084,697,77100.0,3.8,MORTGAGE,credit_card,9400.0,36,Not Verified,0,21.4,12.34,Charged Off
3666,LN100354,759,58400.0,9.7,MORTGAGE,other,17400.0,60,Verified,0,5.6,14.34,Fully Paid
3667,LN103890,611,53600.0,7.1,MORTGAGE,debt_consolidation,9800.0,36,Not Verified,0,5.2,15.98,Fully Paid
3668,LN104099,676,95100.0,2.7,MORTGAGE,debt_consolidation,22900.0,36,Source Verified,0,11.8,12.14,Charged Off
3669,LN103764,686,52500.0,10.0,RENT,credit_card,5300.0,36,Source Verified,1,24.6,14.32,Fully Paid
3670,LN101267,733,33200.0,4.0,MORTGAGE,credit_card,26900.0,36,Source Verified,0,11.7,11.96,Current
3671,LN104357,666,79100.0,3.6,RENT,major_purchase,31300.0,60,Source Verified,0,1.9,16.25,Current
3672,LN102918,624,187000.0,2.4,RENT,credit_card,8700.0,36,Source Verified,0,3.9,15.02,Fully Paid
3673,LN100458,712,70100.0,11.0,RENT,credit_card,40000.0,60,Source Verified,1,9.5,14.65,Current
3674,LN103215,720,39300.0,3.8,MORTGAGE,major_purchase,11900.0,36,Verified,1,60.5,13.79,Charged Off
3675,LN100008,689,128800.0,3.5,MORTGAGE,other,10400.0,36,Source Verified,0,3.4,13.82,Charged Off
3676,LN103489,675,77700.0,99.0,MORTGAGE,debt_consolidation,5200.0,60,Source Verified,1,1.4,12.86,Current
3677,LN102166,850,16500.0,3.1,OWN,major_purchase,15500.0,60,Source Verified,1,42.4,12.54,Current
3678,LN101204,648,-1.0,6.6,OWN,home_improvement,16000.0,36,Verified,1,0.0,15.9,Charged Off
3679,LN103281,740,60000.0,2.4,MORTGAGE,major_purchase,5600.0,36,Verified,0,7.8,10.8,Charged Off
3680,LN104049,694,72700.0,2.1,RENT,home_improvement,11900.0,36,Source Verified,0,5.1,11.68,Fully Paid
3681,LN105149,605,47800.0,10.6,MORTGAGE,medical,15400.0,36,Source Verified,0,19.5,14.5,Fully Paid
3682,LN102511,801,53000.0,3.5,MORTGAGE,debt_consolidation,9300.0,36,Source Verified,0,11.0,9.04,Fully Paid
3683,LN102971,687,69200.0,4.1,RENT,credit_card,29000.0,36,Not Verified,1,5.0,13.2,Current
3684,LN104718,709,-1.0,7.6,RENT,home_improvement,5600.0,60,Verified,0,0.0,9.35,Current
3685,LN101541,745,37000.0,99.0,MORTGAGE,debt_consolidation,17900.0,36,Source Verified,0,13.2,11.89,Charged Off
3686,LN102430,591,32800.0,8.5,RENT,credit_card,4300.0,36,Verified,2,43.1,17.63,Current
3687,LN102585,755,76600.0,99.0,RENT,debt_consolidation,21700.0,36,Verified,0,11.4,12.57,Current
3688,LN100715,611,35100.0,17.2,RENT,debt_consolidation,9000.0,36,Source Verified,0,17.6,14.43,Fully Paid
3689,LN100443,776,59400.0,9.3,RENT,medical,7000.0,60,Source Verified,0,0.7,14.55,Charged Off
3690,LN105121,598,46800.0,11.0,MORTGAGE,small_business,12900.0,36,Source Verified,0,11.2,17.61,Fully Paid
3691,LN102938,664,44900.0,8.4,RENT,other,10500.0,36,Not Verified,1,3.4,14.63,Current
3692,LN101061,785,34300.0,5.6,MORTGAGE,other,23300.0,36,Not Verified,0,18.5,12.57,Fully Paid
3693,LN103744,850,44300.0,7.2,RENT,major_purchase,9100.0,36,Source Verified,0,13.4,7.25,Charged Off
3694,LN102058,651,43800.0,7.3,MORTGAGE,debt_consolidation,14700.0,60,Not Verified,2,10.6,18.44,Fully Paid
3695,LN102062,708,48900.0,7.4,MORTGAGE,debt_consolidation,21100.0,36,Source Verified,0,6.0,12.13,Fully Paid
3696,LN100191,678,114900.0,5.6,RENT,debt_consolidation,11000.0,36,Source Verified,1,0.9,12.09,Current
3697,LN102096,747,18900.0,16.2,OTHER,medical,9600.0,36,Verified,1,13.3,14.18,Charged Off
3698,LN100424,632,97700.0,4.4,RENT,debt_consolidation,24900.0,36,Verified,0,9.9,15.91,Fully Paid
3699,LN101072,675,83600.0,8.7,MORTGAGE,credit_card,28100.0,60,Not Verified,0,14.9,14.6,Charged Off
3700,LN101643,732,33900.0,4.9,OWN,home_improvement,9000.0,36,Not Verified,0,13.9,13.62,Fully Paid
3701,LN102694,781,88900.0,4.8,MORTGAGE,debt_consolidation,30300.0,60,Source Verified,0,4.1,12.8,Charged Off
3702,LN101389,630,-1.0,4.6,RENT,major_purchase,23000.0,36,Not Verified,0,0.0,14.83,Current
3703,LN100181,704,32200.0,1.6,MORTGAGE,debt_consolidation,12900.0,36,Verified,0,12.9,12.21,Current
3704,LN101680,0,-1.0,7.9,MORTGAGE,debt_consolidation,26900.0,60,Source Verified,0,0.0,16.98,Charged Off
3705,LN103945,687,70200.0,5.7,RENT,credit_card,6900.0,36,Verified,0,11.1,12.67,Fully Paid
3706,LN102427,0,49700.0,3.7,RENT,small_business,3400.0,36,Verified,0,65.0,15.47,Fully Paid
3707,LN100787,677,63600.0,1.7,MORTGAGE,credit_card,6600.0,36,Verified,0,16.4,13.51,Charged Off
3708,LN102628,637,54400.0,1.7,OWN,debt_consolidation,8100.0,36,Verified,0,19.2,12.18,Charged Off
3709,LN101350,674,34300.0,4.8,RENT,home_improvement,8400.0,60,Verified,1,8.9,16.6,Charged Off
3710,LN101490,650,-1.0,1.9,RENT,debt_consolidation,10700.0,36,Verified,0,0.0,12.97,Charged Off
3711,LN104668,810,54000.0,7.7,RENT,home_improvement,8100.0,60,Not Verified,2,13.3,11.57,Current
3712,LN103553,579,22100.0,1.8,RENT,credit_card,16100.0,60,Source Verified,0,8.4,19.44,Charged Off
3713,LN105021,761,72000.0,0.6,RENT,credit_card,6900.0,60,Not Verified,0,3.8,15.07,Current
3714,LN101600,686,49400.0,0.4,MORTGAGE,other,12200.0,36,Verified,2,9.2,12.54,Current
3715,LN105040,690,-1.0,4.2,RENT,debt_consolidation,4700.0,36,Verified,0,0.0,10.27,Current
3716,LN103752,678,68300.0,16.1,OTHER,credit_card,11300.0,60,Verified,0,21.8,16.18,Current
3717,LN105073,672,57000.0,14.5,RENT,other,7900.0,60,Source Verified,0,2.7,15.13,Charged Off
3718,LN103580,732,112000.0,6.3,MORTGAGE,major_purchase,7700.0,60,Source Verified,0,11.1,12.84,Fully Paid
3719,LN104263,746,60100.0,8.1,MORTGAGE,small_business,3900.0,60,Verified,3,4.3,15.02,Current
3720,LN102431,757,142600.0,14.6,RENT,credit_card,10600.0,36,Source Verified,1,1.7,12.96,Fully Paid
3721,LN100058,634,42600.0,10.9,RENT,credit_card,9100.0,36,Not Verified,0,8.9,13.55,Current
3722,LN100522,777,43200.0,21.9,MORTGAGE,credit_card,29300.0,36,Source Verified,1,8.5,11.44,Fully Paid
3723,LN101900,654,56700.0,2.1,MORTGAGE,home_improvement,5000.0,60,Verified,1,5.3,12.12,Charged Off
3724,LN102985,661,106600.0,9.0,RENT,medical,10000.0,36,Not Verified,0,12.7,14.49,Fully Paid
3725,LN105055,689,62100.0,0.8,MORTGAGE,debt_consolidation,5400.0,60,Source Verified,1,15.5,14.73,Charged Off
3726,LN104492,642,98000.0,7.2,RENT,credit_card,12900.0,36,Source Verified,0,1.5,12.4,Current
3727,LN104561,642,34900.0,2.5,MORTGAGE,other,6700.0,36,Source Verified,0,10.4,13.39,Current
3728,LN102274,698,-1.0,6.9,MORTGAGE,other,7400.0,36,Source Verified,1,0.0,8.45,Fully Paid
3729,LN102601,782,25600.0,5.2,MORTGAGE,credit_card,8000.0,36,Not Verified,0,13.6,11.03,Charged Off
3730,LN100122,704,36400.0,99.0,OWN,medical,12500.0,36,Verified,3,4.4,14.38,Fully Paid
3731,LN101001,643,49800.0,0.5,MORTGAGE,major_purchase,10300.0,60,Source Verified,0,7.3,11.95,Current
3732,LN101373,586,49200.0,4.9,MORTGAGE,small_business,9100.0,36,Not Verified,0,6.7,14.56,Current
3733,LN100916,783,64100.0,10.1,MORTGAGE,debt_consolidation,4500.0,60,Source Verified,1,3.6,13.02,Charged Off
3734,LN100826,692,55100.0,4.3,RENT,home_improvement,4900.0,36,Source Verified,0,4.7,12.86,Fully Paid
3735,LN100526,785,90200.0,1.1,MORTGAGE,debt_consolidation,5900.0,36,Source Verified,0,5.2,7.61,Current
3736,LN102422,791,170800.0,1.0,OWN,major_purchase,8900.0,36,Verified,0,1.6,9.05,Fully Paid
3737,LN102001,647,34000.0,9.0,OTHER,major_purchase,21000.0,36,Verified,2,2.6,14.28,Fully Paid
3738,LN101546,574,-1.0,4.6,RENT,small_business,7200.0,60,Source Verified,0,0.0,17.22,Fully Paid
3739,LN103564,780,49200.0,6.0,RENT,credit_card,9500.0,36,Source Verified,0,10.7,11.72,Fully Paid
3740,LN102944,681,43000.0,15.9,MORTGAGE,other,7100.0,36,Source Verified,0,2.2,11.43,Current
3741,LN103940,697,32700.0,2.2,OWN,home_improvement,8600.0,36,Verified,0,7.4,11.16,Current
3742,LN101136,694,85400.0,99.0,MORTGAGE,small_business,17800.0,36,Source Verified,0,3.8,10.9,Fully Paid
3743,LN103971,704,115200.0,6.1,MORTGAGE,debt_consolidation,13200.0,36,Not Verified,0,5.2,10.75,Current
3744,LN103922,618,50000.0,14.2,RENT,debt_consolidation,8100.0,60,Not Verified,1,17.9,14.45,Fully Paid
3745,LN100278,767,15600.0,3.3,MORTGAGE,debt_consolidation,26700.0,36,Not Verified,0,31.0,13.26,Charged Off
3746,LN103773,725,53400.0,4.2,MORTGAGE,home_improvement,7800.0,36,Verified,0,7.4,9.87,Fully Paid
3747,LN100882,618,50200.0,1.0,RENT,credit_card,7800.0,36,Verified,1,11.0,14.14,Charged Off
3748,LN100737,742,30300.0,7.9,OTHER,home_improvement,8000.0,60,Verified,0,21.7,10.15,Charged Off
3749,LN102926,742,65000.0,14.0,MORTGAGE,medical,4900.0,60,Source Verified,0,5.3,9.93,Current
3750,LN103614,570,63700.0,9.7,RENT,major_purchase,5900.0,36,Source Verified,1,5.5,14.0,Charged Off
3751,LN105043,572,64200.0,7.1,MORTGAGE,debt_consolidation,13600.0,36,Source Verified,0,2.9,13.57,Current
3752,LN100610,623,127800.0,15.2,RENT,credit_card,4800.0,60,Verified,1,6.7,14.68,Current
3753,LN103853,667,90700.0,6.0,MORTGAGE,debt_consolidation,8900.0,60,Not Verified,1,4.7,17.61,Fully Paid
3754,LN100294,675,26500.0,1.6,MORTGAGE,debt_consolidation,8300.0,36,Not Verified,1,17.6,13.95,Fully Paid
3755,LN100504,497,90400.0,6.0,RENT,other,10700.0,60,Source Verified,0,1.6,16.78,Fully Paid
3756,LN101659,698,45400.0,4.4,MORTGAGE,home_improvement,12800.0,36,Source Verified,1,15.0,13.94,Charged Off
3757,LN102119,740,40800.0,8.9,RENT,home_improvement,4300.0,36,Source Verified,1,4.0,9.66,Current
3758,LN101717,656,83500.0,4.6,RENT,home_improvement,6500.0,36,Source Verified,0,11.2,13.56,Charged Off
3759,LN104934,665,47100.0,5.9,RENT,other,9500.0,36,Verified,0,3.6,11.31,Current
3760,LN104506,739,58000.0,4.6,RENT,debt_consolidation,9500.0,36,Source Verified,0,3.0,14.57,Current
3761,LN101182,638,32000.0,12.7,MORTGAGE,medical,10500.0,36,Verified,0,7.5,16.1,Current
3762,LN103201,766,34000.0,2.3,RENT,debt_consolidation,6400.0,36,Verified,0,35.8,11.73,Charged Off
3763,LN104076,520,36600.0,9.0,MORTGAGE,major_purchase,9500.0,60,Source Verified,1,12.1,17.79,Fully Paid
3764,LN100547,624,46700.0,7.2,MORTGAGE,debt_consolidation,2500.0,36,Source Verified,1,5.7,11.54,Fully Paid
3765,LN102756,732,51500.0,1.2,MORTGAGE,credit_card,7400.0,60,Verified,0,9.4,13.61,Current
3766,LN100003,751,52800.0,8.9,RENT,debt_consolidation,6800.0,60,Source Verified,0,7.4,11.64,Fully Paid
3767,LN100978,598,48400.0,6.5,RENT,credit_card,3800.0,36,Source Verified,0,5.7,13.39,Charged Off
3768,LN101143,655,80100.0,2.3,RENT,home_improvement,9300.0,36,Source Verified,0,4.2,12.96,Fully Paid
3769,LN104976,700,78700.0,3.6,OWN,major_purchase,12600.0,36,Not Verified,0,4.7,11.15,Fully Paid
3770,LN101877,808,87400.0,6.7,RENT,medical,5400.0,60,Source Verified,0,2.0,13.05,Current
3771,LN101573,689,48800.0,10.4,RENT,major_purchase,14400.0,36,Verified,0,10.4,12.77,Charged Off
3772,LN103801,641,59300.0,4.8,MORTGAGE,debt_consolidation,7800.0,36,Verified,0,22.5,13.4,Current
3773,LN102608,744,136400.0,4.9,RENT,small_business,15000.0,36,Not Verified,1,5.4,11.87,Current
3774,LN104394,614,54100.0,4.6,MORTGAGE,major_purchase,5800.0,36,Source Verified,0,13.4,13.5,Fully Paid
3775,LN103652,745,67400.0,4.0,RENT,debt_consolidation,10300.0,60,Verified,0,3.4,12.09,Fully Paid
3776,LN100835,632,48800.0,6.5,RENT,debt_consolidation,16000.0,36,Source Verified,0,10.7,14.92,Charged Off
3777,LN105056,672,42600.0,2.8,MORTGAGE,debt_consolidation,10000.0,36,Not Verified,0,1.7,14.11,Fully Paid
3778,LN103146,744,55000.0,7.0,MORTGAGE,home_improvement,3200.0,36,Not Verified,0,8.2,10.44,Current
3779,LN103254,666,46400.0,17.9,RENT,debt_consolidation,4100.0,36,Source Verified,0,15.9,12.34,Fully Paid
3780,LN103510,723,136100.0,1.2,RENT,debt_consolidation,8900.0,36,Source Verified,0,3.4,11.32,Charged Off
3781,LN102892,684,59900.0,2.4,RENT,credit_card,4500.0,36,Not Verified,0,10.9,13.53,Charged Off
3782,LN103114,709,54600.0,4.7,RENT,small_business,4000.0,36,Source Verified,1,9.5,14.19,Charged Off
3783,LN103018,715,-1.0,5.4,MORTGAGE,debt_consolidation,8900.0,60,Source Verified,0,0.0,14.75,Charged Off
3784,LN103414,618,43200.0,5.8,OTHER,debt_consolidation,15200.0,36,Verified,0,6.5,14.17,Fully Paid
3785,LN100197,664,50500.0,11.5,MORTGAGE,debt_consolidation,12900.0,36,Not Verified,0,8.7,15.28,Fully Paid
3786,LN100611,705,93900.0,3.1,MORTGAGE,credit_card,9300.0,60,Verified,0,1.5,15.25,Charged Off
3787,LN103219,755,34400.0,3.2,MORTGAGE,credit_card,6700.0,36,Verified,0,11.2,10.54,Current
3788,LN102524,813,-1.0,99.0,RENT,debt_consolidation,4600.0,36,Source Verified,0,0.0,8.63,Current
3789,LN104201,561,70600.0,3.0,MORTGAGE,home_improvement,11200.0,36,Verified,1,6.3,13.53,Fully Paid
3790,LN101802,670,59600.0,7.9,MORTGAGE,major_purchase,11900.0,36,Not Verified,0,3.7,10.69,Fully Paid
3791,LN101140,802,57100.0,1.6,MORTGAGE,credit_card,7300.0,36,Not Verified,0,13.6,11.9,Fully Paid
3792,LN101021,711,57800.0,9.1,RENT,debt_consolidation,8700.0,36,Not Verified,1,20.3,13.77,Fully Paid
3793,LN103708,681,65700.0,6.0,MORTGAGE,medical,8200.0,36,Verified,2,8.8,14.31,Fully Paid
3794,LN102475,692,44600.0,1.5,MORTGAGE,home_improvement,5600.0,60,Verified,0,1.0,14.26,Current
3795,LN104573,718,96300.0,13.4,RENT,small_business,23800.0,36,Verified,0,6.2,12.93,Current
3796,LN102439,682,45100.0,12.3,MORTGAGE,credit_card,6200.0,60,Verified,0,7.4,13.73,Fully Paid
3797,LN101818,721,46400.0,4.7,RENT,debt_consolidation,5900.0,36,Source Verified,0,13.9,11.62,Fully Paid
3798,LN104104,667,46300.0,18.3,OTHER,debt_consolidation,14000.0,60,Not Verified,2,0.8,16.29,Charged Off
3799,LN100497,668,-1.0,6.5,RENT,debt_consolidation,10400.0,60,Verified,0,0.0,16.41,Charged Off
3800,LN102943,671,48100.0,4.2,MORTGAGE,home_improvement,28200.0,36,Verified,0,8.9,14.91,Current
3801,LN105164,631,31800.0,7.1,RENT,credit_card,8200.0,60,Not Verified,0,15.2,17.64,Current
3802,LN104010,714,21400.0,3.6,MORTGAGE,debt_consolidation,5700.0,60,Not Verified,1,11.0,11.31,Current
3803,LN104575,714,57400.0,1.1,MORTGAGE,credit_card,6300.0,60,Not Verified,1,13.3,14.83,Current
3804,LN104911,723,48000.0,11.4,RENT,debt_consolidation,11300.0,36,Verified,1,1.0,11.89,Fully Paid
3805,LN101864,709,52100.0,4.3,OWN,debt_consolidation,10400.0,60,Not Verified,0,17.3,14.16,Charged Off
3806,LN104186,716,38400.0,5.2,MORTGAGE,credit_card,2000.0,36,Source Verified,0,30.5,11.25,Current
3807,LN101570,692,53400.0,3.8,RENT,credit_card,4900.0,36,Verified,1,7.5,13.44,Current
3808,LN100062,701,71400.0,2.3,MORTGAGE,debt_consolidation,9700.0,36,Verified,0,10.4,10.52,Current
3809,LN103987,719,58300.0,2.5,RENT,credit_card,4700.0,36,Source Verified,0,6.9,13.05,Current
3810,LN100713,689,74900.0,99.0,RENT,debt_consolidation,18400.0,36,Verified,0,6.0,12.48,Current
3811,LN100752,624,48100.0,8.5,RENT,debt_consolidation,9700.0,36,Verified,1,12.5,16.2,Fully Paid
3812,LN101222,717,70500.0,99.0,RENT,major_purchase,9400.0,36,Source Verified,0,11.3,9.9,Current
3813,LN100970,672,61400.0,14.1,RENT,debt_consolidation,4100.0,60,Verified,0,3.7,12.5,Current
3814,LN100808,669,56000.0,9.2,MORTGAGE,home_improvement,10500.0,36,Verified,0,7.8,11.8,Charged Off
3815,LN102105,657,52900.0,8.3,MORTGAGE,debt_consolidation,6100.0,36,Not Verified,0,21.0,11.99,Fully Paid
3816,LN103750,672,37300.0,8.5,RENT,credit_card,9800.0,36,Source Verified,0,44.0,13.76,Charged Off
3817,LN103455,635,67400.0,7.5,OTHER,credit_card,5300.0,60,Source Verified,0,6.3,16.56,Fully Paid
3818,LN103774,761,70800.0,7.1,RENT,debt_consolidation,9700.0,36,Source Verified,0,24.1,8.5,Charged Off
3819,LN101927,624,44300.0,7.1,RENT,credit_card,7800.0,36,Not Verified,1,15.6,16.34,Current
3820,LN101188,730,73600.0,6.6,MORTGAGE,other,22700.0,36,Source Verified,1,7.5,11.01,Current
3821,LN103129,714,90500.0,7.2,MORTGAGE,debt_consolidation,10600.0,36,Source Verified,0,3.2,10.81,Current
3822,LN101970,675,98100.0,12.4,OTHER,small_business,9900.0,60,Not Verified,0,7.2,19.21,Fully Paid
3823,LN104431,582,58200.0,2.5,RENT,debt_consolidation,8700.0,60,Verified,0,3.5,16.01,Fully Paid
3824,LN101446,841,43700.0,7.4,MORTGAGE,debt_consolidation,12500.0,36,Verified,1,11.7,13.94,Fully Paid
3825,LN104872,602,54800.0,3.8,MORTGAGE,other,10800.0,60,Source Verified,0,25.1,18.31,Charged Off
3826,LN100716,588,33300.0,9.3,OWN,medical,7100.0,36,Verified,0,25.7,15.0,Current
3827,LN101882,660,114700.0,16.5,OWN,medical,19400.0,60,Source Verified,0,7.8,14.25,Current
3828,LN101299,627,33100.0,14.9,MORTGAGE,credit_card,23700.0,36,Not Verified,0,23.0,16.01,Current
3829,LN101675,585,68000.0,23.1,RENT,debt_consolidation,37800.0,60,Source Verified,0,5.8,15.27,Fully Paid
3830,LN100986,0,48500.0,2.8,RENT,other,6700.0,36,Not Verified,0,17.6,15.15,Charged Off
3831,LN104173,641,43200.0,14.7,OWN,home_improvement,11800.0,36,Verified,1,11.6,11.14,Charged Off
3832,LN100140,717,77100.0,15.9,MORTGAGE,debt_consolidation,17000.0,36,Not Verified,0,5.3,12.26,Charged Off
3833,LN103352,744,-1.0,4.5,RENT,debt_consolidation,5000.0,36,Source Verified,1,0.0,12.87,Fully Paid
3834,LN101923,763,48300.0,6.2,RENT,home_improvement,14700.0,36,Source Verified,0,7.8,11.53,Current
3835,LN104341,0,64800.0,9.8,RENT,other,11300.0,36,Source Verified,0,7.1,18.27,Charged Off
3836,LN101111,672,31100.0,6.9,MORTGAGE,debt_consolidation,10300.0,60,Verified,0,18.6,13.91,Charged Off
3837,LN100377,560,55000.0,2.0,MORTGAGE,home_improvement,3300.0,60,Verified,2,18.8,14.25,Charged Off
3838,LN101799,661,-1.0,3.2,MORTGAGE,debt_consolidation,8600.0,60,Source Verified,0,0.0,14.34,Charged Off
3839,LN102766,572,60700.0,2.6,MORTGAGE,credit_card,8500.0,60,Not Verified,0,28.9,19.16,Charged Off
3840,LN101636,575,42700.0,3.1,MORTGAGE,major_purchase,14600.0,36,Source Verified,0,1.2,13.53,Current
3841,LN104975,650,50200.0,7.1,MORTGAGE,small_business,6700.0,60,Source Verified,0,7.9,17.13,Fully Paid
3842,LN104736,639,30500.0,18.2,MORTGAGE,major_purchase,4900.0,36,Verified,1,39.9,13.17,Charged Off
3843,LN103294,652,44100.0,3.3,MORTGAGE,other,9600.0,60,Verified,0,6.7,17.73,Fully Paid
3844,LN100499,593,28200.0,2.4,MORTGAGE,small_business,3400.0,60,Verified,2,26.6,15.31,Fully Paid
3845,LN102066,753,59700.0,2.7,MORTGAGE,debt_consolidation,7900.0,60,Verified,0,2.3,13.68,Fully Paid
3846,LN103814,765,90200.0,99.0,RENT,small_business,11500.0,36,Source Verified,0,3.4,11.68,Fully Paid
3847,LN104557,720,39600.0,11.8,OTHER,small_business,3400.0,36,Verified,0,11.8,13.87,Current
3848,LN101279,676,29700.0,23.0,MORTGAGE,debt_consolidation,2500.0,60,Verified,1,65.0,14.18,Charged Off
3849,LN100144,637,75000.0,11.1,RENT,debt_consolidation,8300.0,36,Not Verified,0,0.5,13.24,Fully Paid
3850,LN103431,781,65600.0,1.7,MORTGAGE,small_business,9500.0,36,Verified,0,30.2,10.54,Current
3851,LN101144,691,66400.0,2.0,OWN,debt_consolidation,14400.0,36,Source Verified,0,10.9,14.66,Charged Off
3852,LN103082,705,75900.0,22.5,RENT,credit_card,9900.0,60,Source Verified,0,5.3,14.87,Current
3853,LN102334,658,60800.0,5.2,MORTGAGE,credit_card,15900.0,36,Source Verified,1,15.7,12.81,Current
3854,LN100366,642,58000.0,99.0,RENT,debt_consolidation,4100.0,36,Verified,0,6.7,10.57,Fully Paid
3855,LN104476,707,46300.0,7.2,RENT,credit_card,6000.0,60,Source Verified,0,16.0,14.76,Fully Paid
3856,LN100078,731,33200.0,4.7,MORTGAGE,other,10900.0,36,Source Verified,0,32.4,14.21,Current
3857,LN101674,0,48100.0,13.4,RENT,credit_card,15600.0,60,Source Verified,1,32.1,17.79,Fully Paid
3858,LN102429,808,48700.0,3.3,RENT,major_purchase,5900.0,36,Source Verified,0,1.3,10.74,Charged Off
3859,LN103639,603,102900.0,1.6,MORTGAGE,home_improvement,4100.0,60,Not Verified,1,4.8,16.26,Charged Off
3860,LN103865,619,43200.0,13.6,RENT,small_business,4000.0,36,Not Verified,0,19.7,15.97,Charged Off
3861,LN100966,673,29200.0,7.5,MORTGAGE,debt_consolidation,10400.0,36,Source Verified,1,20.9,14.87,Current
3862,LN102225,705,53700.0,12.1,OWN,other,4400.0,60,Verified,1,6.4,14.89,Current
3863,LN103271,669,76500.0,3.1,MORTGAGE,major_purchase,25400.0,36,Source Verified,0,17.9,13.22,Fully Paid
3864,LN102598,566,53600.0,3.6,RENT,other,14100.0,36,Source Verified,2,8.1,17.58,Fully Paid
3865,LN104992,653,34900.0,6.4,MORTGAGE,other,19800.0,60,Not Verified,0,6.8,15.43,Current
3866,LN100237,679,58500.0,1.1,RENT,debt_consolidation,17400.0,36,Source Verified,0,14.5,15.69,Fully Paid
3867,LN103983,601,36500.0,2.3,MORTGAGE,debt_consolidation,7200.0,60,Source Verified,0,59.4,16.92,Charged Off
3868,LN104050,748,29800.0,12.9,RENT,debt_consolidation,19400.0,60,Verified,0,2.4,13.41,Current
3869,LN102333,688,67900.0,1.1,MORTGAGE,debt_consolidation,12400.0,36,Source Verified,1,9.7,14.24,Charged Off
3870,LN101018,668,44200.0,7.2,RENT,major_purchase,13300.0,36,Not Verified,1,18.5,13.59,Fully Paid
3871,LN102345,627,72700.0,3.7,MORTGAGE,small_business,22100.0,36,Source Verified,0,16.2,17.09,Charged Off
3872,LN104739,0,43200.0,1.6,RENT,debt_consolidation,12200.0,36,Not Verified,0,7.5,14.06,Fully Paid
3873,LN104216,769,82100.0,4.2,RENT,debt_consolidation,23000.0,36,Verified,3,12.0,14.4,Current
3874,LN105128,707,51400.0,2.1,MORTGAGE,debt_consolidation,24300.0,60,Verified,0,27.9,16.47,Charged Off
3875,LN101145,735,147800.0,3.2,MORTGAGE,medical,4900.0,36,Verified,0,1.2,9.31,Current
3876,LN102817,741,39200.0,7.2,RENT,major_purchase,4100.0,36,Source Verified,0,3.5,10.44,Current
3877,LN100639,724,47000.0,99.0,RENT,major_purchase,6300.0,60,Source Verified,0,14.2,13.81,Fully Paid
3878,LN100305,622,-1.0,6.8,MORTGAGE,debt_consolidation,7200.0,36,Source Verified,1,0.0,11.02,Fully Paid
3879,LN103644,672,103400.0,6.7,OTHER,major_purchase,14600.0,36,Verified,0,4.4,9.48,Fully Paid
3880,LN104733,544,52500.0,12.7,MORTGAGE,credit_card,8400.0,36,Not Verified,1,7.7,16.76,Charged Off
3881,LN104895,684,73300.0,0.5,MORTGAGE,credit_card,9500.0,36,Verified,0,9.7,10.91,Fully Paid
3882,LN103579,603,46700.0,0.7,RENT,debt_consolidation,22000.0,36,Source Verified,0,8.9,15.34,Current
3883,LN104448,781,64500.0,2.9,RENT,debt_consolidation,4200.0,60,Source Verified,1,12.5,13.47,Fully Paid
3884,LN102953,526,71900.0,2.5,MORTGAGE,credit_card,10200.0,36,Not Verified,0,4.7,14.03,Charged Off
3885,LN104614,654,46500.0,8.8,OWN,other,3600.0,60,Verified,0,14.8,13.95,Charged Off
3886,LN101453,664,38500.0,10.6,MORTGAGE,debt_consolidation,8100.0,36,Not Verified,2,13.3,16.37,Current
3887,LN104652,0,104900.0,2.9,RENT,credit_card,5900.0,36,Source Verified,0,1.8,11.95,Fully Paid
3888,LN102491,644,84800.0,6.6,RENT,other,9200.0,60,Source Verified,0,9.4,16.22,Fully Paid
3889,LN104985,717,29200.0,3.4,RENT,debt_consolidation,4400.0,36,Not Verified,0,27.5,11.04,Current
3890,LN101495,618,96000.0,6.8,OWN,credit_card,9100.0,36,Not Verified,0,5.8,10.84,Fully Paid
3891,LN100889,579,94100.0,4.5,RENT,medical,8100.0,36,Verified,1,3.1,13.91,Current
3892,LN104667,742,65400.0,3.8,RENT,major_purchase,31000.0,60,Not Verified,1,8.1,14.33,Fully Paid
3893,LN102537,585,43700.0,5.1,RENT,small_business,4000.0,36,Source Verified,0,26.6,16.42,Fully Paid
3894,LN101480,719,64900.0,2.3,MORTGAGE,credit_card,13400.0,36,Not Verified,0,9.3,13.13,Current
3895,LN101426,744,91100.0,8.7,MORTGAGE,credit_card,15800.0,36,Not Verified,0,6.3,9.09,Fully Paid
3896,LN101513,560,57900.0,5.1,MORTGAGE,home_improvement,4800.0,60,Not Verified,1,16.3,15.34,Fully Paid
3897,LN100653,618,28600.0,3.2,MORTGAGE,home_improvement,6500.0,36,Not Verified,0,32.0,12.83,Fully Paid
3898,LN101500,653,-1.0,3.7,RENT,debt_consolidation,12000.0,36,Source Verified,0,0.0,12.66,Charged Off
3899,LN103406,736,102600.0,2.2,MORTGAGE,major_purchase,19600.0,36,Source Verified,1,5.0,11.59,Current
3900,LN103372,594,97700.0,8.0,RENT,debt_consolidation,13800.0,36,Not Verified,0,13.7,16.78,Current
3901,LN100630,795,17800.0,6.6,MORTGAGE,home_improvement,6700.0,36,Verified,0,10.2,10.03,Fully Paid
3902,LN101234,711,40500.0,8.6,MORTGAGE,major_purchase,12400.0,36,Not Verified,1,19.9,11.77,Charged Off
3903,LN104571,797,76200.0,99.0,RENT,debt_consolidation,8000.0,60,Verified,0,12.9,12.02,Current
3904,LN103771,603,65100.0,6.8,MORTGAGE,debt_consolidation,3100.0,36,Not Verified,0,6.2,13.55,Fully Paid
3905,LN102922,607,34700.0,2.4,OWN,debt_consolidation,5900.0,36,Verified,0,10.1,15.76,Charged Off
3906,LN104723,667,107700.0,99.0,MORTGAGE,major_purchase,13500.0,36,Verified,1,1.0,13.91,Current
3907,LN101578,546,57100.0,3.0,RENT,other,15600.0,36,Source Verified,0,11.3,15.62,Fully Paid
3908,LN104484,694,56000.0,99.0,MORTGAGE,debt_consolidation,12000.0,36,Verified,0,24.2,12.76,Fully Paid
3909,LN101803,663,60700.0,14.8,MORTGAGE,small_business,13300.0,60,Verified,0,8.4,16.37,Fully Paid
3910,LN104203,828,50800.0,99.0,MORTGAGE,credit_card,8500.0,36,Source Verified,1,1.4,8.5,Fully Paid
3911,LN100785,706,103900.0,4.4,RENT,credit_card,18300.0,36,Source Verified,0,3.3,13.63,Charged Off
3912,LN104782,635,34500.0,5.2,OWN,credit_card,10500.0,60,Not Verified,1,8.3,16.4,Charged Off
3913,LN104941,656,70500.0,2.3,MORTGAGE,credit_card,5600.0,36,Verified,0,7.7,14.93,Current
3914,LN103060,0,72800.0,99.0,RENT,debt_consolidation,18400.0,36,Source Verified,0,6.6,13.82,Current
3915,LN103277,553,106200.0,1.9,RENT,home_improvement,10500.0,36,Verified,0,6.6,18.06,Fully Paid
3916,LN101103,724,-1.0,17.4,RENT,debt_consolidation,11300.0,60,Verified,0,0.0,13.66,Current
3917,LN100566,680,48600.0,4.8,MORTGAGE,debt_consolidation,7100.0,36,Verified,1,0.9,13.44,Fully Paid
3918,LN103513,760,81000.0,5.2,MORTGAGE,credit_card,15000.0,36,Not Verified,0,15.2,13.01,Charged Off
3919,LN101661,618,40200.0,5.5,MORTGAGE,debt_consolidation,17500.0,36,Source Verified,0,27.3,14.94,Current
3920,LN101164,626,65300.0,5.8,RENT,major_purchase,8300.0,60,Verified,0,15.1,15.09,Fully Paid
3921,LN103841,684,47400.0,5.0,MORTGAGE,debt_consolidation,23300.0,36,Source Verified,0,37.0,14.02,Charged Off
3922,LN101020,712,40200.0,4.1,RENT,credit_card,11500.0,36,Source Verified,0,9.7,12.21,Fully Paid
3923,LN102417,649,42500.0,9.5,RENT,debt_consolidation,3200.0,60,Not Verified,0,8.8,14.45,Fully Paid
3924,LN102818,739,46800.0,99.0,RENT,debt_consolidation,6700.0,36,Verified,0,8.2,11.43,Charged Off
3925,LN101611,674,62000.0,17.4,RENT,credit_card,10100.0,60,Verified,0,14.6,14.02,Fully Paid
3926,LN104865,696,58300.0,3.7,RENT,debt_consolidation,19900.0,36,Source Verified,0,7.4,12.72,Current
3927,LN100568,726,183500.0,3.8,OWN,credit_card,12000.0,60,Verified,1,6.1,10.73,Fully Paid
3928,LN102037,755,51600.0,3.4,RENT,debt_consolidation,11500.0,60,Not Verified,0,5.8,14.54,Fully Paid
3929,LN101569,587,86700.0,9.2,OWN,credit_card,5500.0,60,Source Verified,0,7.5,14.3,Fully Paid
3930,LN104138,624,23800.0,5.0,MORTGAGE,home_improvement,14400.0,60,Verified,1,65.0,17.57,Fully Paid
3931,LN100825,692,33200.0,3.6,OWN,other,10900.0,36,Source Verified,2,7.9,14.19,Charged Off
3932,LN101159,598,50900.0,5.8,OWN,small_business,7300.0,36,Source Verified,1,10.1,17.39,Fully Paid
3933,LN100095,596,58200.0,99.0,RENT,major_purchase,8100.0,60,Source Verified,0,1.9,15.88,Fully Paid
3934,LN101351,727,54200.0,6.7,MORTGAGE,credit_card,8800.0,36,Source Verified,0,6.9,12.21,Fully Paid
3935,LN100222,701,65000.0,13.1,MORTGAGE,debt_consolidation,17100.0,36,Source Verified,0,8.4,11.36,Charged Off
3936,LN101796,669,44400.0,10.0,RENT,home_improvement,3500.0,60,Source Verified,1,2.4,14.14,Fully Paid
3937,LN102699,634,69600.0,5.1,MORTGAGE,home_improvement,7800.0,36,Source Verified,1,9.6,14.46,Charged Off
3938,LN101142,560,53200.0,99.0,RENT,credit_card,12500.0,60,Not Verified,1,11.4,19.96,Charged Off
3939,LN103244,722,57900.0,1.4,RENT,debt_consolidation,33100.0,60,Verified,0,22.5,14.51,Current
3940,LN104640,789,40900.0,2.7,MORTGAGE,major_purchase,13400.0,36,Source Verified,0,7.9,11.34,Fully Paid
3941,LN102089,720,32800.0,8.6,RENT,credit_card,9100.0,60,Source Verified,0,4.4,12.57,Charged Off
3942,LN104373,805,94300.0,2.5,RENT,debt_consolidation,9100.0,60,Verified,1,2.0,12.02,Fully Paid
3943,LN100964,688,35800.0,6.0,OWN,major_purchase,9900.0,36,Source Verified,1,33.3,15.05,Charged Off
3944,LN100899,590,41900.0,2.2,RENT,debt_consolidation,10200.0,36,Source Verified,0,25.2,16.9,Charged Off
3945,LN100249,614,64200.0,8.5,MORTGAGE,credit_card,17800.0,60,Source Verified,0,8.6,15.28,Current
3946,LN103796,582,56600.0,8.2,RENT,major_purchase,17500.0,60,Verified,1,5.8,17.9,Charged Off
3947,LN101804,696,57600.0,99.0,MORTGAGE,home_improvement,7300.0,36,Source Verified,1,10.3,11.72,Current
3948,LN102912,690,98900.0,1.0,MORTGAGE,debt_consolidation,17700.0,36,Source Verified,0,2.6,12.58,Current
3949,LN102781,647,72600.0,4.7,MORTGAGE,major_purchase,17500.0,60,Verified,1,6.7,14.03,Current
3950,LN104812,0,43800.0,1.8,MORTGAGE,debt_consolidation,7000.0,60,Verified,0,15.2,15.2,Fully Paid
3951,LN100461,636,45000.0,4.8,RENT,major_purchase,5700.0,36,Not Verified,1,13.0,15.96,Charged Off
3952,LN103547,758,27300.0,3.4,MORTGAGE,home_improvement,24200.0,60,Source Verified,0,15.2,13.83,Fully Paid
3953,LN102682,755,51100.0,14.4,OWN,major_purchase,21000.0,36,Verified,0,16.5,8.99,Charged Off
3954,LN104634,710,75000.0,14.3,OWN,home_improvement,13900.0,36,Source Verified,0,11.4,10.67,Fully Paid
3955,LN104391,773,81300.0,5.8,MORTGAGE,debt_consolidation,7900.0,36,Verified,0,11.6,10.51,Current
3956,LN102231,620,44100.0,2.4,OWN,debt_consolidation,6600.0,60,Verified,1,31.3,16.41,Fully Paid
3957,LN104274,716,93100.0,1.2,MORTGAGE,credit_card,7300.0,36,Source Verified,1,5.0,11.9,Current
3958,LN103956,641,-1.0,3.8,OTHER,debt_consolidation,12300.0,36,Source Verified,1,0.0,12.59,Fully Paid
3959,LN101963,675,50200.0,7.6,MORTGAGE,home_improvement,10700.0,36,Not Verified,1,4.4,11.94,Charged Off
3960,LN103549,727,69900.0,1.3,MORTGAGE,debt_consolidation,9200.0,36,Not Verified,0,3.1,12.39,Charged Off
3961,LN100888,527,43600.0,3.7,RENT,debt_consolidation,17500.0,36,Verified,0,13.7,17.35,Charged Off
3962,LN100711,736,63500.0,6.8,MORTGAGE,debt_consolidation,7900.0,36,Source Verified,1,0.9,9.82,Fully Paid
3963,LN103312,679,48600.0,16.4,RENT,credit_card,22900.0,36,Not Verified,0,5.9,11.36,Current
3964,LN102245,650,82200.0,3.6,RENT,credit_card,12100.0,36,Source Verified,0,5.4,14.99,Fully Paid
3965,LN102349,739,-1.0,13.7,RENT,debt_consolidation,9800.0,60,Not Verified,0,0.0,17.51,Charged Off
3966,LN102341,678,83000.0,5.6,MORTGAGE,credit_card,21100.0,36,Not Verified,3,5.4,17.14,Fully Paid
3967,LN100491,714,75300.0,6.2,RENT,credit_card,10700.0,36,Verified,1,18.4,12.55,Charged Off
3968,LN103231,788,94200.0,2.3,RENT,debt_consolidation,31100.0,36,Verified,0,17.1,12.8,Current
3969,LN102701,618,57100.0,7.7,MORTGAGE,small_business,11700.0,60,Source Verified,0,5.6,17.19,Current
3970,LN102775,850,39800.0,4.3,RENT,home_improvement,14000.0,60,Verified,1,23.4,12.71,Charged Off
3971,LN102972,688,49100.0,13.7,MORTGAGE,debt_consolidation,5600.0,36,Not Verified,1,5.4,10.96,Current
3972,LN100123,778,72100.0,12.4,OTHER,credit_card,7800.0,36,Verified,0,11.9,11.99,Fully Paid
3973,LN102332,707,60500.0,12.1,RENT,other,6000.0,36,Source Verified,1,5.6,13.27,Charged Off
3974,LN102806,802,41800.0,13.5,RENT,small_business,8000.0,60,Verified,1,1.6,12.13,Charged Off
3975,LN103720,693,41800.0,8.0,MORTGAGE,home_improvement,10400.0,60,Verified,0,17.3,14.24,Charged Off
3976,LN100617,0,58600.0,3.6,RENT,home_improvement,5700.0,36,Not Verified,2,17.0,15.18,Charged Off
3977,LN103963,660,41900.0,5.5,RENT,debt_consolidation,7900.0,36,Source Verified,0,2.6,13.54,Current
3978,LN101561,699,37100.0,12.6,MORTGAGE,debt_consolidation,5200.0,36,Not Verified,1,3.6,9.43,Fully Paid
3979,LN104847,731,86400.0,4.5,MORTGAGE,other,12500.0,36,Verified,0,6.7,10.78,Fully Paid
3980,LN103516,719,103900.0,11.1,MORTGAGE,major_purchase,4800.0,36,Verified,1,5.1,11.47,Fully Paid
3981,LN101149,757,76200.0,11.3,MORTGAGE,major_purchase,15700.0,60,Source Verified,0,6.3,10.23,Fully Paid
3982,LN103939,786,26000.0,99.0,MORTGAGE,major_purchase,10000.0,60,Not Verified,0,17.5,12.59,Fully Paid
3983,LN101976,567,55800.0,1.6,MORTGAGE,other,23400.0,36,Not Verified,0,0.3,16.45,Charged Off
3984,LN102733,660,-1.0,5.5,RENT,debt_consolidation,7800.0,36,Source Verified,0,0.0,15.98,Charged Off
3985,LN103918,704,37100.0,8.3,MORTGAGE,debt_consolidation,11100.0,36,Not Verified,0,29.4,15.45,Current
3986,LN100561,712,62400.0,10.1,MORTGAGE,home_improvement,2900.0,60,Source Verified,0,7.3,8.79,Fully Paid
3987,LN104998,693,25000.0,6.6,RENT,debt_consolidation,9100.0,36,Verified,0,15.6,14.12,Fully Paid
3988,LN101697,844,119700.0,7.1,RENT,debt_consolidation,9800.0,60,Not Verified,0,7.3,11.56,Current
3989,LN100764,712,43600.0,7.2,RENT,credit_card,18200.0,36,Source Verified,2,15.7,17.66,Fully Paid
3990,LN102154,705,38700.0,13.2,MORTGAGE,debt_consolidation,4800.0,60,Verified,1,28.1,13.95,Fully Paid
3991,LN100695,639,50500.0,2.8,RENT,small_business,6000.0,36,Verified,0,31.8,15.86,Charged Off
3992,LN103524,630,-1.0,2.5,MORTGAGE,debt_consolidation,9500.0,36,Not Verified,0,0.0,13.54,Current
3993,LN101266,636,50900.0,4.7,RENT,debt_consolidation,4500.0,36,Not Verified,0,7.7,12.33,Charged Off
3994,LN101950,694,53100.0,10.4,MORTGAGE,medical,17400.0,60,Verified,0,5.6,13.88,Current
3995,LN104122,625,30100.0,14.2,RENT,debt_consolidation,5400.0,36,Verified,1,9.2,15.45,Charged Off
3996,LN104964,648,73200.0,4.1,RENT,credit_card,4700.0,60,Source Verified,0,8.6,14.36,Fully Paid
3997,LN102820,590,67400.0,2.5,RENT,debt_consolidation,12900.0,36,Verified,0,10.3,12.93,Current
3998,LN103907,622,55200.0,11.6,RENT,debt_consolidation,14200.0,36,Verified,0,8.6,14.43,Charged Off
3999,LN102108,638,86900.0,2.9,OWN,medical,19900.0,36,Source Verified,1,8.4,13.98,Fully Paid
4000,LN102298,657,53700.0,2.3,OTHER,major_purchase,7700.0,36,Verified,1,10.6,14.15,Charged Off
4001,LN102202,696,49100.0,3.6,RENT,small_business,5100.0,36,Source Verified,0,7.2,14.6,Charged Off
4002,LN102019,721,36500.0,3.7,RENT,credit_card,20700.0,36,Verified,0,3.2,10.3,Fully Paid
4003,LN104238,685,67100.0,7.4,RENT,credit_card,12600.0,60,Source Verified,1,13.6,17.04,Charged Off
4004,LN104115,650,25800.0,4.2,MORTGAGE,debt_consolidation,8200.0,36,Verified,0,20.9,12.45,Current
4005,LN104339,674,160300.0,4.2,RENT,debt_consolidation,16300.0,60,Not Verified,0,5.8,16.9,Current
4006,LN104404,685,134600.0,6.8,OWN,major_purchase,25500.0,36,Source Verified,0,2.8,11.93,Fully Paid
4007,LN103680,0,76400.0,3.3,MORTGAGE,debt_consolidation,5000.0,60,Source Verified,0,14.8,13.49,Fully Paid
4008,LN100357,708,13200.0,5.8,RENT,credit_card,4300.0,36,Verified,0,8.2,13.93,Fully Paid
4009,LN102835,683,59300.0,0.2,MORTGAGE,debt_consolidation,5100.0,60,Verified,0,3.9,16.17,Charged Off
4010,LN104705,727,64600.0,11.5,RENT,debt_consolidation,9200.0,36,Source Verified,0,9.0,10.38,Current
4011,LN104817,680,52700.0,18.6,RENT,home_improvement,6400.0,60,Verified,0,7.8,14.5,Fully Paid
4012,LN102212,774,40400.0,5.3,OWN,other,11500.0,36,Not Verified,1,17.5,12.64,Charged Off
4013,LN103515,670,43000.0,12.7,MORTGAGE,debt_consolidation,39600.0,60,Verified,0,8.3,14.58,Fully Paid
4014,LN101558,743,73700.0,1.6,MORTGAGE,medical,10700.0,60,Verified,0,12.1,14.7,Charged Off
4015,LN100310,767,85000.0,7.7,MORTGAGE,credit_card,13900.0,60,Source Verified,1,10.9,15.53,Current
4016,LN102045,625,54600.0,3.8,MORTGAGE,credit_card,12000.0,36,Source Verified,0,10.7,13.3,Fully Paid
4017,LN105049,0,28300.0,1.1,RENT,debt_consolidation,12300.0,36,Verified,2,16.9,13.66,Charged Off
4018,LN101307,770,162700.0,2.6,MORTGAGE,major_purchase,8500.0,60,Source Verified,0,3.5,10.23,Charged Off
4019,LN103319,740,90000.0,5.3,RENT,credit_card,6900.0,60,Verified,0,14.6,13.21,Current
4020,LN100127,613,42600.0,1.4,OWN,credit_card,10100.0,60,Not Verified,2,11.6,16.74,Current
4021,LN104551,646,28200.0,1.9,RENT,debt_consolidation,13200.0,36,Verified,0,19.2,13.36,Charged Off
4022,LN101830,739,59400.0,7.7,OWN,credit_card,23200.0,36,Verified,1,8.9,13.3,Fully Paid
4023,LN100103,738,96100.0,2.3,RENT,medical,9300.0,60,Source Verified,0,7.0,13.88,Fully Paid
4024,LN100659,669,55300.0,1.7,RENT,debt_consolidation,7000.0,36,Verified,0,19.3,14.21,Fully Paid
4025,LN101330,568,48000.0,3.7,RENT,home_improvement,9600.0,36,Not Verified,1,8.2,15.69,Fully Paid
4026,LN103686,611,69700.0,8.6,RENT,credit_card,24900.0,60,Not Verified,0,31.9,20.07,Current
4027,LN103565,799,33100.0,6.1,RENT,major_purchase,7400.0,60,Source Verified,0,65.0,12.59,Charged Off
4028,LN101673,719,59200.0,9.8,MORTGAGE,small_business,9600.0,60,Verified,0,5.4,14.33,Current
4029,LN102724,652,71500.0,1.6,MORTGAGE,credit_card,5700.0,36,Source Verified,0,3.0,10.62,Current
4030,LN104002,708,46900.0,99.0,RENT,debt_consolidation,7000.0,60,Source Verified,1,8.0,13.22,Current
4031,LN104086,637,51800.0,2.5,OWN,small_business,11900.0,60,Verified,1,15.1,15.87,Charged Off
4032,LN101530,726,49000.0,7.6,OWN,debt_consolidation,5800.0,36,Not Verified,0,10.3,12.9,Current
4033,LN102712,685,65600.0,16.9,MORTGAGE,home_improvement,3800.0,36,Source Verified,0,0.9,11.32,Current
4034,LN104675,776,68300.0,7.1,OTHER,home_improvement,22600.0,60,Source Verified,0,11.3,15.98,Fully Paid
4035,LN100043,705,92000.0,10.6,MORTGAGE,small_business,5100.0,60,Source Verified,0,6.0,13.47,Current
4036,LN102504,769,48800.0,2.3,OWN,other,13500.0,60,Source Verified,0,3.6,12.89,Fully Paid
4037,LN103979,740,43800.0,8.1,MORTGAGE,debt_consolidation,12400.0,36,Source Verified,1,16.7,13.74,Charged Off
4038,LN104009,766,40200.0,6.4,RENT,small_business,4300.0,60,Source Verified,1,9.9,14.12,Charged Off
4039,LN104735,690,-1.0,8.0,MORTGAGE,major_purchase,11600.0,60,Not Verified,0,0.0,13.76,Current
4040,LN102261,639,39900.0,2.7,MORTGAGE,credit_card,6700.0,60,Source Verified,1,8.5,16.94,Fully Paid
4041,LN104543,627,53200.0,14.5,MORTGAGE,credit_card,11500.0,36,Source Verified,0,16.3,12.18,Fully Paid
4042,LN101696,660,-1.0,1.3,OWN,debt_consolidation,14000.0,36,Source Verified,0,0.0,12.05,Charged Off
4043,LN101792,708,111800.0,16.0,RENT,debt_consolidation,12100.0,36,Not Verified,0,6.7,12.68,Fully Paid
4044,LN104859,675,63800.0,7.7,MORTGAGE,major_purchase,7300.0,36,Not Verified,0,7.7,16.32,Charged Off
4045,LN101740,665,62900.0,10.7,RENT,credit_card,4100.0,60,Verified,1,12.1,15.23,Fully Paid
4046,LN103400,716,79900.0,9.1,RENT,medical,8400.0,60,Verified,0,4.8,14.04,Fully Paid
4047,LN103035,722,98500.0,2.8,MORTGAGE,home_improvement,12800.0,60,Not Verified,0,2.3,13.59,Fully Paid
4048,LN104899,661,85300.0,9.2,RENT,major_purchase,5400.0,36,Source Verified,0,8.3,12.33,Current
4049,LN102249,766,54000.0,99.0,RENT,home_improvement,4500.0,36,Source Verified,0,12.5,10.15,Fully Paid
4050,LN101418,0,54900.0,12.9,RENT,debt_consolidation,12100.0,60,Not Verified,0,16.8,16.02,Charged Off
4051,LN104028,679,61300.0,2.1,RENT,debt_consolidation,17700.0,36,Source Verified,0,18.1,14.83,Fully Paid
4052,LN103420,691,25400.0,1.0,MORTGAGE,major_purchase,6300.0,60,Source Verified,0,2.0,17.91,Charged Off
4053,LN101545,675,28100.0,2.5,RENT,small_business,7200.0,60,Verified,1,26.5,16.7,Fully Paid
4054,LN103511,599,53600.0,1.9,RENT,debt_consolidation,9400.0,60,Verified,0,4.0,14.99,Charged Off
4055,LN102538,730,45500.0,7.0,RENT,debt_consolidation,10500.0,60,Source Verified,0,7.0,15.34,Fully Paid
4056,LN102363,721,89700.0,12.7,OWN,major_purchase,10100.0,36,Not Verified,1,5.9,12.22,Fully Paid
4057,LN104437,743,75400.0,10.2,OWN,debt_consolidation,6900.0,36,Source Verified,0,10.1,11.02,Charged Off
4058,LN101003,731,75400.0,17.7,RENT,medical,10500.0,36,Not Verified,0,4.4,10.67,Fully Paid
4059,LN101388,712,38200.0,3.0,RENT,home_improvement,5100.0,36,Source Verified,1,38.6,12.24,Fully Paid
4060,LN102495,834,70700.0,3.5,MORTGAGE,home_improvement,23900.0,60,Source Verified,0,6.1,11.48,Fully Paid
4061,LN101842,747,41900.0,99.0,MORTGAGE,debt_consolidation,16000.0,60,Not Verified,0,44.5,15.85,Fully Paid
4062,LN104753,597,29500.0,4.1,MORTGAGE,debt_consolidation,13000.0,36,Verified,1,33.6,16.39,Current
4063,LN104805,604,-1.0,2.8,MORTGAGE,other,8700.0,36,Verified,0,0.0,13.18,Current
4064,LN104406,655,86200.0,0.7,OWN,small_business,5300.0,36,Source Verified,0,4.4,14.84,Current
4065,LN102041,733,54500.0,5.1,MORTGAGE,major_purchase,10200.0,60,Source Verified,0,17.0,13.82,Current
4066,LN101183,731,32400.0,0.8,OWN,major_purchase,3500.0,60,Not Verified,0,8.9,12.33,Fully Paid
4067,LN103908,622,102500.0,2.7,MORTGAGE,debt_consolidation,20300.0,60,Not Verified,0,2.2,18.1,Fully Paid
4068,LN100365,786,67000.0,16.3,MORTGAGE,debt_consolidation,21100.0,36,Verified,0,3.7,9.73,Fully Paid
4069,LN101920,619,34300.0,0.3,RENT,debt_consolidation,7400.0,36,Source Verified,0,19.6,13.59,Current
4070,LN102863,850,33000.0,3.7,MORTGAGE,major_purchase,8900.0,60,Verified,0,5.6,8.13,Fully Paid
4071,LN104966,663,53300.0,2.0,MORTGAGE,small_business,13200.0,36,Source Verified,0,2.1,13.88,Fully Paid
4072,LN104221,725,73300.0,6.4,OWN,credit_card,7300.0,60,Source Verified,1,7.0,11.62,Fully Paid
4073,LN101028,690,75200.0,3.9,MORTGAGE,major_purchase,7800.0,60,Verified,0,2.0,12.7,Current
4074,LN103368,710,64500.0,7.2,RENT,credit_card,8900.0,36,Not Verified,1,1.2,11.59,Charged Off
4075,LN102691,623,63800.0,10.8,RENT,credit_card,17200.0,36,Not Verified,0,15.7,15.81,Fully Paid
4076,LN102323,691,40900.0,4.6,OWN,small_business,10300.0,36,Source Verified,0,16.5,13.74,Fully Paid
4077,LN105118,644,91100.0,9.5,RENT,other,10500.0,36,Source Verified,2,7.1,13.66,Current
4078,LN101838,786,85600.0,99.0,MORTGAGE,medical,7800.0,60,Not Verified,1,1.0,13.55,Current
4079,LN101916,650,69900.0,3.3,RENT,small_business,5700.0,36,Source Verified,0,5.3,13.68,Charged Off
4080,LN103065,690,65500.0,10.4,RENT,debt_consolidation,16600.0,60,Source Verified,1,6.9,13.9,Fully Paid
4081,LN101494,0,13700.0,8.3,RENT,debt_consolidation,20800.0,36,Verified,0,65.0,18.42,Current
4082,LN103854,696,12500.0,12.8,RENT,home_improvement,2400.0,36,Source Verified,0,65.0,14.52,Fully Paid
4083,LN101755,731,69700.0,7.8,RENT,major_purchase,9300.0,36,Source Verified,2,9.4,13.9,Fully Paid
4084,LN101150,702,58300.0,5.7,MORTGAGE,credit_card,17400.0,60,Verified,0,6.4,15.76,Current
4085,LN100801,620,139000.0,2.4,RENT,medical,23100.0,36,Verified,1,8.3,15.64,Charged Off
4086,LN102794,762,66200.0,10.0,MORTGAGE,major_purchase,18500.0,36,Verified,1,2.2,10.28,Current
4087,LN101284,694,75900.0,16.0,OWN,debt_consolidation,11300.0,36,Verified,1,2.6,13.01,Charged Off
4088,LN105088,597,24900.0,8.2,RENT,credit_card,9600.0,36,Source Verified,0,7.9,14.18,Fully Paid
4089,LN101598,793,83100.0,11.9,MORTGAGE,debt_consolidation,4400.0,60,Not Verified,0,4.3,9.73,Charged Off
4090,LN104761,850,39300.0,12.3,RENT,other,10500.0,36,Source Verified,0,9.5,11.1,Fully Paid
4091,LN101313,716,-1.0,7.0,RENT,medical,5500.0,36,Not Verified,0,0.0,11.26,Fully Paid
4092,LN104851,677,37800.0,4.8,RENT,debt_consolidation,9000.0,36,Source Verified,1,24.1,12.04,Charged Off
4093,LN103026,738,22400.0,4.3,MORTGAGE,small_business,27800.0,36,Source Verified,0,4.5,12.51,Fully Paid
4094,LN101958,671,54600.0,5.1,MORTGAGE,debt_consolidation,11100.0,36,Source Verified,0,7.9,12.17,Fully Paid
4095,LN103170,759,108900.0,2.6,MORTGAGE,credit_card,12600.0,36,Source Verified,0,2.8,8.83,Fully Paid
4096,LN100482,696,82200.0,7.3,RENT,credit_card,6200.0,36,Verified,1,5.1,12.05,Current
4097,LN102594,585,45000.0,5.5,MORTGAGE,debt_consolidation,11200.0,60,Verified,0,17.8,19.56,Fully Paid
4098,LN102127,656,51200.0,8.5,RENT,credit_card,5900.0,36,Verified,2,7.4,13.23,Fully Paid
4099,LN105010,741,31300.0,99.0,MORTGAGE,debt_consolidation,5000.0,60,Verified,0,32.8,13.91,Fully Paid
4100,LN104195,635,44000.0,11.2,RENT,credit_card,17800.0,60,Source Verified,0,13.6,16.25,Charged Off
4101,LN100902,680,32100.0,14.6,RENT,credit_card,7000.0,36,Verified,0,22.3,13.55,Fully Paid
4102,LN104150,664,53900.0,1.8,MORTGAGE,debt_consolidation,11700.0,36,Source Verified,0,3.8,14.66,Current
4103,LN101778,617,49700.0,1.0,MORTGAGE,credit_card,10100.0,36,Source Verified,0,4.1,11.48,Charged Off
4104,LN103016,649,-1.0,4.8,OTHER,credit_card,3900.0,36,Source Verified,1,0.0,13.74,Charged Off
4105,LN101363,746,60600.0,5.5,RENT,credit_card,6000.0,36,Source Verified,0,18.9,12.69,Charged Off
4106,LN102179,666,108900.0,1.8,RENT,medical,20500.0,60,Not Verified,1,7.5,17.87,Current
4107,LN104015,683,96300.0,6.9,RENT,debt_consolidation,12200.0,60,Verified,0,8.8,13.82,Charged Off
4108,LN104813,687,49200.0,5.8,OWN,credit_card,11300.0,36,Not Verified,0,13.3,13.06,Current
4109,LN100649,665,71200.0,2.8,RENT,home_improvement,19300.0,36,Verified,1,3.1,13.77,Current
4110,LN102272,731,62200.0,99.0,MORTGAGE,debt_consolidation,8900.0,36,Verified,0,11.7,11.56,Fully Paid
4111,LN103848,746,47100.0,2.5,RENT,major_purchase,6700.0,36,Source Verified,0,12.1,13.22,Charged Off
4112,LN104534,689,33800.0,6.6,RENT,small_business,10700.0,36,Verified,0,19.7,14.2,Charged Off
4113,LN105189,622,68300.0,10.8,MORTGAGE,major_purchase,3600.0,36,Verified,1,2.3,12.51,Current
4114,LN101125,672,48500.0,6.1,MORTGAGE,major_purchase,16600.0,36,Not Verified,0,5.6,11.48,Fully Paid
4115,LN104212,726,21100.0,7.0,MORTGAGE,small_business,15500.0,60,Source Verified,0,21.8,16.05,Fully Paid
4116,LN104035,701,52600.0,19.4,MORTGAGE,major_purchase,12200.0,36,Verified,1,1.4,10.27,Current
4117,LN103132,693,51400.0,11.8,MORTGAGE,medical,26400.0,36,Source Verified,1,13.4,13.46,Current
4118,LN100300,802,42300.0,3.1,OWN,other,12300.0,60,Verified,0,4.7,12.51,Current
4119,LN102271,619,54300.0,2.8,RENT,credit_card,35800.0,60,Not Verified,0,6.4,19.18,Current
4120,LN102304,714,55000.0,4.0,MORTGAGE,credit_card,12100.0,36,Source Verified,3,5.2,13.97,Fully Paid
4121,LN101079,783,108300.0,2.6,RENT,home_improvement,8800.0,60,Source Verified,2,1.9,13.79,Current
4122,LN105185,705,39800.0,16.7,MORTGAGE,home_improvement,15400.0,36,Not Verified,0,8.0,9.18,Fully Paid
4123,LN100479,850,37600.0,27.6,RENT,small_business,6100.0,36,Verified,1,18.4,9.78,Fully Paid
4124,LN103359,701,56400.0,3.9,RENT,other,18800.0,60,Verified,2,4.6,16.01,Current
4125,LN100608,580,111000.0,7.4,RENT,debt_consolidation,15300.0,36,Source Verified,0,15.5,17.07,Charged Off
4126,LN101339,676,71700.0,6.0,OWN,major_purchase,16300.0,36,Not Verified,1,4.5,13.32,Current
4127,LN103259,668,45900.0,7.4,MORTGAGE,debt_consolidation,6300.0,36,Not Verified,0,5.5,12.95,Fully Paid
4128,LN105139,720,49800.0,8.4,MORTGAGE,other,4400.0,36,Source Verified,0,19.7,7.55,Charged Off
4129,LN100512,696,47600.0,4.6,OWN,other,7600.0,36,Source Verified,1,16.6,13.01,Charged Off
4130,LN102967,646,50800.0,5.0,OWN,home_improvement,4600.0,36,Verified,0,18.7,11.93,Fully Paid
4131,LN102459,565,74700.0,3.2,MORTGAGE,home_improvement,6200.0,36,Source Verified,0,11.7,14.17,Current
4132,LN101435,685,40900.0,11.0,MORTGAGE,small_business,11900.0,60,Not Verified,0,15.1,17.05,Charged Off
4133,LN101899,620,51800.0,5.9,RENT,home_improvement,5100.0,36,Source Verified,0,13.4,11.75,Current
4134,LN101400,767,52600.0,3.9,MORTGAGE,debt_consolidation,8200.0,60,Verified,0,5.3,14.81,Fully Paid
4135,LN102310,744,42400.0,10.2,MORTGAGE,debt_consolidation,7100.0,60,Source Verified,0,30.8,14.36,Current
4136,LN103911,847,27100.0,3.2,RENT,credit_card,12900.0,60,Source Verified,0,10.7,12.44,Charged Off
4137,LN103730,642,45400.0,6.7,RENT,credit_card,4800.0,60,Not Verified,0,7.4,17.3,Fully Paid
4138,LN102884,690,65200.0,4.1,MORTGAGE,major_purchase,11800.0,36,Verified,0,9.6,11.39,Charged Off
4139,LN104243,641,44400.0,99.0,OWN,home_improvement,19000.0,60,Not Verified,0,3.9,15.92,Charged Off
4140,LN104092,640,36800.0,7.5,MORTGAGE,debt_consolidation,11400.0,36,Source Verified,0,11.9,14.69,Current
4141,LN103052,631,56900.0,4.4,MORTGAGE,debt_consolidation,7800.0,36,Verified,0,4.0,12.51,Fully Paid
4142,LN103438,672,85500.0,0.9,MORTGAGE,credit_card,9800.0,36,Source Verified,1,0.9,13.78,Current
4143,LN102177,723,40400.0,99.0,RENT,credit_card,9700.0,60,Not Verified,1,7.9,14.4,Fully Paid
4144,LN101814,701,29300.0,2.8,OTHER,debt_consolidation,9500.0,36,Verified,0,20.0,13.89,Charged Off
4145,LN104832,619,80700.0,4.1,MORTGAGE,debt_consolidation,7200.0,60,Verified,0,4.7,16.47,Current
4146,LN105098,628,61200.0,5.5,MORTGAGE,other,5300.0,60,Verified,1,1.3,15.6,Fully Paid
4147,LN100509,720,67300.0,99.0,MORTGAGE,home_improvement,7100.0,36,Source Verified,1,5.1,11.68,Charged Off
4148,LN102503,721,54500.0,7.4,RENT,other,10300.0,60,Source Verified,0,7.6,16.04,Fully Paid
4149,LN101855,645,55200.0,5.8,MORTGAGE,major_purchase,14200.0,36,Verified,0,2.6,10.0,Fully Paid
4150,LN100066,667,82800.0,16.4,RENT,debt_consolidation,2900.0,36,Source Verified,0,3.9,10.98,Fully Paid
4151,LN100760,771,66000.0,4.4,MORTGAGE,small_business,15600.0,60,Not Verified,1,23.5,13.72,Fully Paid
4152,LN101396,729,74100.0,4.7,MORTGAGE,debt_consolidation,5000.0,60,Source Verified,1,18.1,14.31,Charged Off
4153,LN101621,693,23400.0,3.5,RENT,other,17900.0,60,Source Verified,2,20.5,17.15,Current
4154,LN100678,715,103600.0,3.6,RENT,medical,4800.0,36,Verified,0,1.0,8.6,Current
4155,LN102158,734,62000.0,5.6,MORTGAGE,other,11500.0,60,Source Verified,0,2.2,12.51,Fully Paid
4156,LN102124,0,18600.0,1.7,RENT,debt_consolidation,7800.0,36,Source Verified,0,27.0,14.61,Fully Paid
4157,LN102118,704,40800.0,6.8,MORTGAGE,other,9300.0,36,Verified,0,8.1,10.76,Charged Off
4158,LN105142,658,46800.0,7.6,RENT,home_improvement,15600.0,36,Source Verified,0,4.5,11.74,Current
4159,LN105065,713,121500.0,16.2,OWN,major_purchase,8300.0,36,Source Verified,1,4.7,8.24,Fully Paid
4160,LN101152,708,42100.0,4.5,MORTGAGE,other,3900.0,60,Verified,0,34.3,14.53,Fully Paid
4161,LN101715,698,65200.0,5.4,RENT,debt_consolidation,6400.0,36,Verified,0,6.6,10.32,Fully Paid
4162,LN100242,576,49800.0,5.2,MORTGAGE,home_improvement,5900.0,36,Source Verified,0,31.5,14.71,Current
4163,LN104568,732,35500.0,11.4,MORTGAGE,small_business,9100.0,36,Not Verified,0,10.0,13.38,Charged Off
4164,LN100214,0,51200.0,1.9,MORTGAGE,credit_card,27700.0,60,Verified,0,9.9,16.29,Fully Paid
4165,LN100452,817,35100.0,11.3,RENT,credit_card,3800.0,36,Source Verified,1,30.6,9.68,Charged Off
4166,LN104514,696,-1.0,3.4,RENT,medical,6300.0,36,Verified,0,0.0,15.61,Fully Paid
4167,LN101379,786,29200.0,6.2,OWN,credit_card,7800.0,36,Verified,2,28.5,15.57,Fully Paid
4168,LN100423,594,58500.0,5.3,MORTGAGE,home_improvement,5100.0,36,Source Verified,1,33.8,14.21,Fully Paid
4169,LN102148,666,42200.0,9.6,OWN,home_improvement,5400.0,60,Not Verified,0,9.6,13.1,Current
4170,LN104057,736,65300.0,9.6,MORTGAGE,debt_consolidation,10000.0,36,Verified,1,19.3,14.24,Charged Off
4171,LN104392,620,26000.0,6.3,RENT,other,14500.0,36,Not Verified,0,35.4,16.72,Current
4172,LN102676,792,68700.0,11.4,MORTGAGE,major_purchase,7500.0,36,Source Verified,1,6.3,9.76,Current
4173,LN101719,603,55400.0,12.9,MORTGAGE,home_improvement,5200.0,36,Source Verified,0,3.6,13.12,Current
4174,LN104171,729,83000.0,0.4,MORTGAGE,other,23200.0,60,Source Verified,0,6.1,13.7,Charged Off
4175,LN100683,656,69200.0,0.6,MORTGAGE,debt_consolidation,3900.0,60,Source Verified,0,11.1,17.25,Fully Paid
4176,LN101505,722,67200.0,13.5,MORTGAGE,debt_consolidation,11300.0,60,Source Verified,0,6.2,13.21,Fully Paid
4177,LN102178,729,27600.0,16.2,OWN,small_business,7500.0,60,Not Verified,1,27.1,15.65,Fully Paid
4178,LN101993,753,46300.0,5.5,OWN,credit_card,6500.0,60,Source Verified,0,4.7,13.15,Current
4179,LN100665,579,50300.0,1.6,RENT,credit_card,13200.0,60,Source Verified,1,4.2,19.02,Fully Paid
4180,LN101445,709,107400.0,7.9,OWN,home_improvement,13300.0,36,Not Verified,0,6.4,10.93,Current
4181,LN101726,629,94100.0,2.9,MORTGAGE,other,22200.0,36,Verified,0,11.8,14.65,Charged Off
4182,LN101230,654,50800.0,1.6,MORTGAGE,credit_card,4300.0,36,Not Verified,0,7.5,13.76,Current
4183,LN103672,727,68600.0,2.4,RENT,credit_card,6700.0,36,Source Verified,1,22.6,10.82,Charged Off
4184,LN102555,665,-1.0,4.1,MORTGAGE,credit_card,9400.0,36,Not Verified,0,0.0,13.02,Current
4185,LN104233,782,52700.0,9.2,RENT,medical,12700.0,60,Not Verified,0,10.0,15.71,Fully Paid
4186,LN102218,648,42100.0,6.5,RENT,debt_consolidation,4300.0,36,Source Verified,0,30.9,13.94,Current
4187,LN100355,705,37800.0,1.8,MORTGAGE,debt_consolidation,3400.0,36,Source Verified,1,4.3,9.63,Current
4188,LN101319,767,25800.0,6.2,RENT,credit_card,7600.0,36,Source Verified,0,33.1,13.57,Charged Off
4189,LN101979,722,131600.0,13.4,MORTGAGE,credit_card,10400.0,36,Source Verified,1,14.2,11.62,Current
4190,LN100447,668,28900.0,1.9,RENT,debt_consolidation,20300.0,36,Source Verified,0,22.6,13.23,Fully Paid
4191,LN102007,0,45100.0,24.3,RENT,home_improvement,7800.0,60,Verified,1,2.0,15.8,Fully Paid
4192,LN103707,729,96300.0,1.1,RENT,medical,8400.0,36,Source Verified,0,6.4,12.71,Charged Off
4193,LN100814,0,52600.0,4.5,MORTGAGE,debt_consolidation,12600.0,60,Not Verified,0,3.2,16.85,Charged Off
4194,LN102684,0,61400.0,5.3,MORTGAGE,small_business,15100.0,60,Source Verified,0,11.5,15.16,Current
4195,LN104152,714,47700.0,6.5,MORTGAGE,debt_consolidation,9000.0,60,Verified,0,12.1,14.14,Fully Paid
4196,LN102963,642,18100.0,5.1,RENT,home_improvement,17400.0,36,Verified,0,65.0,17.74,Charged Off
4197,LN100931,719,30400.0,10.6,MORTGAGE,home_improvement,7300.0,60,Source Verified,2,4.9,13.58,Fully Paid
4198,LN104721,631,17500.0,6.8,RENT,major_purchase,6100.0,60,Not Verified,1,57.7,19.33,Current
4199,LN104896,730,39100.0,4.1,MORTGAGE,credit_card,16100.0,60,Source Verified,0,7.7,12.68,Fully Paid
4200,LN104889,767,52900.0,7.2,MORTGAGE,debt_consolidation,7800.0,60,Verified,2,3.0,12.57,Fully Paid
4201,LN103990,708,43800.0,1.3,MORTGAGE,credit_card,15400.0,36,Not Verified,0,39.3,14.49,Fully Paid
4202,LN102079,631,76000.0,1.8,RENT,other,7800.0,36,Verified,0,1.0,14.12,Current
4203,LN101602,772,46500.0,6.9,OTHER,other,5400.0,36,Source Verified,0,15.5,11.39,Current
4204,LN102169,650,67100.0,3.4,RENT,home_improvement,11900.0,36,Verified,0,19.7,10.98,Charged Off
4205,LN100742,624,84600.0,1.4,MORTGAGE,home_improvement,5200.0,36,Source Verified,2,2.2,12.23,Current
4206,LN104318,628,54100.0,4.9,MORTGAGE,credit_card,10100.0,36,Not Verified,0,2.5,15.97,Charged Off
4207,LN102885,710,59200.0,15.1,OTHER,credit_card,7400.0,36,Not Verified,1,22.1,14.55,Current
4208,LN100809,704,43700.0,99.0,MORTGAGE,home_improvement,6600.0,36,Source Verified,0,3.2,10.54,Current
4209,LN100594,607,86900.0,5.1,RENT,debt_consolidation,11900.0,36,Verified,0,5.2,15.26,Fully Paid
4210,LN101509,0,56100.0,9.8,RENT,small_business,4200.0,60,Verified,0,0.6,16.05,Current
4211,LN100380,697,46600.0,2.2,OWN,small_business,12600.0,60,Verified,1,2.4,14.91,Charged Off
4212,LN101883,697,55200.0,6.9,OWN,medical,5700.0,36,Verified,0,6.4,9.76,Fully Paid
4213,LN103685,707,42000.0,6.2,MORTGAGE,debt_consolidation,9000.0,60,Source Verified,2,27.7,13.7,Current
4214,LN102533,699,29100.0,3.9,MORTGAGE,credit_card,6000.0,60,Not Verified,0,24.3,15.78,Charged Off
4215,LN101826,746,49700.0,3.0,RENT,small_business,10600.0,36,Source Verified,0,13.2,13.01,Current
4216,LN101219,776,32300.0,3.2,MORTGAGE,debt_consolidation,6800.0,60,Source Verified,1,3.2,12.76,Fully Paid
4217,LN100306,668,64200.0,1.7,RENT,debt_consolidation,14000.0,36,Source Verified,0,7.3,15.02,Current
4218,LN104636,486,65600.0,6.0,MORTGAGE,home_improvement,16100.0,36,Verified,0,4.5,16.03,Fully Paid
4219,LN102103,740,41800.0,9.8,MORTGAGE,debt_consolidation,8300.0,60,Not Verified,2,38.3,15.88,Charged Off
4220,LN101281,549,49900.0,12.3,OTHER,debt_consolidation,6200.0,36,Verified,0,4.5,14.56,Current
4221,LN101239,791,93600.0,1.8,MORTGAGE,debt_consolidation,13500.0,36,Source Verified,0,1.4,11.52,Charged Off
4222,LN104874,622,25900.0,5.1,OTHER,major_purchase,9000.0,36,Verified,0,14.8,15.28,Current
4223,LN105054,692,86100.0,6.4,MORTGAGE,debt_consolidation,6200.0,36,Verified,0,8.6,10.71,Fully Paid
4224,LN102351,730,45000.0,3.3,MORTGAGE,small_business,10200.0,60,Verified,0,6.9,12.56,Fully Paid
4225,LN104132,713,35300.0,1.4,MORTGAGE,home_improvement,21900.0,36,Verified,0,19.6,13.43,Fully Paid
4226,LN101795,669,65900.0,6.9,RENT,other,6500.0,36,Not Verified,1,9.3,12.47,Fully Paid
4227,LN101798,653,93400.0,99.0,OWN,credit_card,6700.0,36,Source Verified,0,3.4,13.79,Fully Paid
4228,LN100453,825,50600.0,2.7,RENT,medical,6400.0,36,Not Verified,0,13.4,10.83,Charged Off
4229,LN101616,850,59500.0,99.0,RENT,credit_card,21400.0,60,Verified,0,3.1,10.03,Current
4230,LN104611,819,48600.0,1.8,OWN,debt_consolidation,14600.0,36,Source Verified,0,17.1,10.67,Fully Paid
4231,LN102973,652,60300.0,1.1,MORTGAGE,debt_consolidation,2700.0,36,Verified,1,3.7,13.1,Current
4232,LN101706,661,87300.0,5.1,MORTGAGE,credit_card,6400.0,60,Verified,0,1.6,12.89,Current
4233,LN104175,657,29400.0,17.3,RENT,debt_consolidation,8400.0,60,Not Verified,0,2.9,12.76,Current
4234,LN100065,742,31400.0,2.2,RENT,credit_card,7600.0,60,Source Verified,0,42.2,17.54,Fully Paid
4235,LN102750,715,53000.0,6.2,RENT,major_purchase,7100.0,36,Verified,0,6.1,9.72,Fully Paid
4236,LN105146,793,67900.0,4.3,RENT,credit_card,7900.0,36,Source Verified,0,16.7,8.36,Fully Paid
4237,LN103619,673,32000.0,16.5,OTHER,debt_consolidation,5500.0,36,Verified,0,8.2,14.74,Charged Off
4238,LN103938,694,25400.0,2.2,RENT,other,9600.0,60,Source Verified,0,16.9,17.28,Current
4239,LN105122,0,-1.0,15.2,OWN,debt_consolidation,10000.0,60,Verified,1,0.0,15.43,Fully Paid
4240,LN102106,781,63400.0,2.8,MORTGAGE,debt_consolidation,10500.0,36,Source Verified,0,1.8,10.67,Fully Paid
4241,LN102042,815,70100.0,2.5,RENT,home_improvement,10800.0,36,Source Verified,0,2.4,8.84,Fully Paid
4242,LN104809,686,24700.0,99.0,MORTGAGE,debt_consolidation,12700.0,60,Verified,0,23.0,14.82,Fully Paid
4243,LN100450,681,47100.0,5.0,RENT,medical,17300.0,60,Source Verified,0,8.9,15.58,Fully Paid
4244,LN102613,665,71800.0,3.5,MORTGAGE,major_purchase,12600.0,36,Verified,0,6.1,9.35,Fully Paid
4245,LN105106,748,66600.0,11.3,RENT,credit_card,10300.0,36,Source Verified,1,20.1,9.65,Fully Paid
4246,LN100868,652,54700.0,10.5,OWN,credit_card,2200.0,36,Source Verified,0,23.2,8.93,Fully Paid
4247,LN100254,674,60100.0,4.4,MORTGAGE,credit_card,9700.0,36,Source Verified,0,15.5,12.2,Current
4248,LN102275,491,47300.0,6.8,MORTGAGE,credit_card,13000.0,36,Source Verified,0,3.9,15.84,Current
4249,LN103089,753,61000.0,3.8,OWN,credit_card,13000.0,36,Verified,0,26.6,7.63,Fully Paid
4250,LN103916,669,52400.0,4.8,OWN,credit_card,28400.0,36,Verified,0,15.6,14.83,Fully Paid
4251,LN102497,547,94900.0,3.1,MORTGAGE,home_improvement,4400.0,60,Source Verified,1,1.8,13.74,Current
4252,LN103202,670,46200.0,7.4,OWN,other,5800.0,36,Not Verified,1,23.0,16.22,Fully Paid
4253,LN100099,631,34100.0,7.3,OWN,other,10800.0,60,Source Verified,0,13.1,12.72,Charged Off
4254,LN103421,683,24900.0,2.6,OTHER,debt_consolidation,13100.0,36,Verified,0,26.6,13.24,Charged Off
4255,LN102053,850,-1.0,3.2,RENT,medical,12700.0,60,Not Verified,0,0.0,13.94,Current
4256,LN102084,756,38700.0,11.3,MORTGAGE,debt_consolidation,11300.0,36,Verified,0,13.7,9.19,Current
4257,LN104829,567,62900.0,7.2,RENT,credit_card,5200.0,60,Source Verified,0,2.1,16.43,Fully Paid
4258,LN102401,754,47700.0,2.7,RENT,home_improvement,5800.0,36,Source Verified,0,6.9,11.3,Fully Paid
4259,LN104950,763,46100.0,8.9,OWN,debt_consolidation,7200.0,60,Source Verified,0,8.9,13.2,Fully Paid
4260,LN102597,709,113500.0,3.0,MORTGAGE,small_business,26600.0,60,Verified,1,8.5,17.62,Current
4261,LN101303,739,49200.0,5.9,MORTGAGE,home_improvement,8800.0,60,Source Verified,1,2.4,14.05,Charged Off
4262,LN101931,664,69200.0,0.5,OWN,debt_consolidation,26700.0,60,Source Verified,0,7.5,14.44,Fully Paid
4263,LN101922,565,143300.0,9.8,RENT,medical,24400.0,36,Source Verified,0,1.7,15.25,Current
4264,LN102895,611,58900.0,7.7,OWN,credit_card,9600.0,36,Verified,0,8.3,13.06,Charged Off
4265,LN104595,746,44200.0,8.7,RENT,small_business,13800.0,36,Not Verified,0,10.2,13.31,Charged Off
4266,LN103356,650,29600.0,7.3,OWN,major_purchase,8100.0,60,Verified,0,24.8,17.33,Charged Off
4267,LN103295,730,48000.0,8.7,RENT,home_improvement,23400.0,36,Verified,0,3.5,11.68,Fully Paid
4268,LN100393,720,27600.0,0.8,MORTGAGE,credit_card,21900.0,60,Source Verified,0,20.0,15.0,Fully Paid
4269,LN104298,799,75500.0,6.4,RENT,other,9100.0,36,Source Verified,0,3.6,9.5,Fully Paid
4270,LN100705,627,88900.0,5.8,OWN,credit_card,22400.0,36,Verified,0,13.1,14.16,Fully Paid
4271,LN104665,748,49600.0,6.0,MORTGAGE,debt_consolidation,7000.0,60,Source Verified,0,15.0,13.14,Fully Paid
4272,LN103643,648,26300.0,8.6,MORTGAGE,medical,12600.0,60,Verified,0,12.3,15.46,Charged Off
4273,LN101536,739,33800.0,9.2,MORTGAGE,debt_consolidation,19900.0,60,Source Verified,1,29.6,14.8,Current
4274,LN102664,663,109300.0,5.0,MORTGAGE,home_improvement,20700.0,60,Verified,0,5.6,12.82,Fully Paid
4275,LN100615,607,107700.0,1.1,RENT,major_purchase,4500.0,36,Source Verified,0,2.3,13.88,Fully Paid
4276,LN100679,679,64600.0,5.1,OWN,credit_card,11100.0,60,Verified,1,2.9,15.2,Fully Paid
4277,LN104898,710,124500.0,4.4,MORTGAGE,credit_card,7600.0,36,Verified,0,7.7,12.97,Fully Paid
4278,LN103095,616,133800.0,11.9,MORTGAGE,medical,17600.0,60,Not Verified,0,1.2,15.58,Charged Off
4279,LN102247,642,27800.0,3.1,MORTGAGE,home_improvement,13800.0,60,Not Verified,0,19.9,17.86,Charged Off
4280,LN102703,767,95700.0,3.6,RENT,debt_consolidation,10800.0,60,Source Verified,2,1.6,11.69,Fully Paid
4281,LN102951,739,68400.0,8.5,MORTGAGE,major_purchase,9800.0,36,Source Verified,0,5.2,7.62,Fully Paid
4282,LN105197,614,69200.0,3.9,RENT,debt_consolidation,11200.0,36,Source Verified,0,12.2,11.85,Current
4283,LN102002,718,-1.0,5.1,MORTGAGE,debt_consolidation,3900.0,36,Verified,0,0.0,11.0,Fully Paid
4284,LN101401,669,67500.0,15.3,MORTGAGE,credit_card,18200.0,36,Source Verified,0,3.7,13.64,Charged Off
4285,LN102451,664,79800.0,2.1,MORTGAGE,debt_consolidation,13100.0,36,Verified,0,2.6,11.02,Fully Paid
4286,LN100225,705,86000.0,3.3,MORTGAGE,debt_consolidation,2900.0,36,Source Verified,1,2.9,11.22,Charged Off
4287,LN100534,588,81100.0,4.8,RENT,small_business,10900.0,36,Source Verified,0,9.7,15.14,Charged Off
4288,LN102831,754,31400.0,17.3,MORTGAGE,debt_consolidation,9400.0,36,Source Verified,0,14.6,10.49,Current
4289,LN103248,0,42200.0,2.3,RENT,other,7900.0,36,Source Verified,0,6.7,15.72,Fully Paid
4290,LN101641,723,88200.0,2.2,OWN,credit_card,19000.0,36,Verified,0,7.1,11.86,Current
4291,LN102132,665,66800.0,9.7,RENT,credit_card,8700.0,36,Not Verified,0,8.1,13.31,Fully Paid
4292,LN102808,708,32200.0,1.6,MORTGAGE,major_purchase,21500.0,36,Verified,0,19.8,11.51,Charged Off
4293,LN101073,586,32500.0,8.9,MORTGAGE,debt_consolidation,23400.0,60,Verified,0,26.5,17.7,Current
4294,LN101412,588,125800.0,5.1,RENT,credit_card,4400.0,36,Verified,0,1.8,10.72,Fully Paid
4295,LN102865,608,68600.0,99.0,RENT,credit_card,8200.0,60,Not Verified,0,22.5,17.47,Charged Off
4296,LN105038,583,-1.0,5.6,MORTGAGE,credit_card,5600.0,60,Not Verified,0,0.0,16.84,Current
4297,LN103064,671,85900.0,17.9,RENT,debt_consolidation,10600.0,36,Source Verified,0,5.7,12.5,Fully Paid
4298,LN101503,711,113800.0,13.0,RENT,small_business,9600.0,36,Source Verified,0,2.7,13.66,Charged Off
4299,LN104620,618,50700.0,18.2,MORTGAGE,debt_consolidation,10700.0,36,Not Verified,0,11.1,13.75,Fully Paid
4300,LN103960,775,75400.0,6.5,MORTGAGE,debt_consolidation,16700.0,36,Not Verified,0,4.1,7.86,Fully Paid
4301,LN100213,659,31400.0,2.2,MORTGAGE,home_improvement,26000.0,60,Source Verified,1,14.2,16.04,Fully Paid
4302,LN101031,703,137800.0,2.2,OWN,home_improvement,16600.0,36,Source Verified,0,4.3,12.82,Charged Off
4303,LN103434,607,29300.0,2.0,RENT,credit_card,6400.0,36,Verified,0,16.5,17.32,Charged Off
4304,LN102145,645,24200.0,8.6,RENT,credit_card,10600.0,60,Not Verified,0,51.2,17.43,Fully Paid
4305,LN101516,644,51700.0,8.9,RENT,credit_card,15800.0,60,Source Verified,0,9.4,16.55,Current
4306,LN101637,753,63000.0,7.1,RENT,debt_consolidation,6100.0,60,Not Verified,0,1.3,11.12,Charged Off
4307,LN104389,794,59700.0,16.7,OTHER,debt_consolidation,13700.0,60,Verified,0,8.5,15.71,Charged Off
4308,LN102044,600,38400.0,2.7,MORTGAGE,credit_card,7200.0,36,Source Verified,0,13.4,16.14,Fully Paid
4309,LN102654,689,49800.0,3.3,RENT,major_purchase,11900.0,36,Source Verified,0,8.6,11.2,Charged Off
4310,LN103494,784,64600.0,6.9,OWN,debt_consolidation,4300.0,36,Verified,0,5.6,9.91,Current
4311,LN104804,660,51500.0,2.2,MORTGAGE,credit_card,7700.0,60,Verified,1,5.0,13.65,Charged Off
4312,LN101527,679,48800.0,5.1,RENT,medical,6500.0,36,Verified,1,4.2,13.8,Charged Off
4313,LN101714,624,52100.0,9.9,RENT,credit_card,8000.0,36,Not Verified,0,18.9,14.9,Current
4314,LN101707,707,39700.0,1.6,OWN,credit_card,30600.0,60,Source Verified,0,7.4,15.85,Current
4315,LN100406,682,160300.0,19.2,MORTGAGE,medical,7400.0,36,Verified,0,3.6,11.63,Fully Paid
4316,LN104348,716,70800.0,0.9,RENT,medical,9600.0,36,Source Verified,0,3.7,12.33,Fully Paid
4317,LN104275,665,125700.0,14.1,OTHER,credit_card,5100.0,36,Verified,1,2.1,12.86,Current
4318,LN100578,674,48500.0,7.0,MORTGAGE,other,9500.0,36,Verified,0,10.0,12.21,Fully Paid
4319,LN104633,613,62100.0,13.2,MORTGAGE,major_purchase,17600.0,36,Source Verified,0,23.6,12.47,Fully Paid
4320,LN100367,637,77600.0,2.7,RENT,debt_consolidation,7500.0,36,Verified,0,3.6,12.13,Fully Paid
4321,LN102992,686,26300.0,11.0,OWN,other,8700.0,60,Not Verified,0,6.9,14.72,Charged Off
4322,LN100536,655,78700.0,8.7,OWN,major_purchase,11800.0,36,Verified,1,5.8,12.66,Charged Off
4323,LN100147,681,19900.0,1.7,MORTGAGE,debt_consolidation,8000.0,36,Verified,1,38.2,14.99,Current
4324,LN103542,0,80900.0,11.7,OWN,small_business,6800.0,36,Source Verified,0,0.9,13.43,Fully Paid
4325,LN102000,661,59300.0,2.8,MORTGAGE,debt_consolidation,6900.0,36,Verified,0,12.3,13.45,Current
4326,LN102426,827,61100.0,9.8,OWN,home_improvement,5700.0,36,Verified,0,16.6,7.71,Charged Off
4327,LN100650,810,14100.0,9.2,RENT,home_improvement,5100.0,36,Source Verified,0,28.0,10.62,Fully Paid
4328,LN100193,785,84500.0,0.5,RENT,credit_card,8900.0,36,Not Verified,0,3.1,9.4,Current
4329,LN101943,548,48500.0,2.5,RENT,debt_consolidation,9300.0,60,Verified,0,22.1,18.74,Current
4330,LN100938,751,56800.0,11.2,RENT,other,6600.0,60,Verified,0,17.1,12.7,Fully Paid
4331,LN100166,751,-1.0,3.7,OWN,debt_consolidation,10400.0,36,Source Verified,0,0.0,10.86,Fully Paid
4332,LN100542,706,70200.0,17.5,RENT,debt_consolidation,17700.0,36,Not Verified,0,2.0,12.55,Charged Off
4333,LN103587,703,52400.0,7.2,MORTGAGE,home_improvement,8700.0,60,Source Verified,1,13.6,13.62,Fully Paid
4334,LN103803,710,115300.0,3.2,OWN,small_business,12000.0,60,Verified,2,1.6,14.62,Fully Paid
4335,LN100627,779,106300.0,3.6,MORTGAGE,credit_card,6700.0,36,Verified,0,5.5,9.69,Current
4336,LN102591,830,28300.0,2.7,MORTGAGE,home_improvement,20000.0,36,Source Verified,0,29.4,9.91,Current
4337,LN101101,0,40200.0,4.5,MORTGAGE,debt_consolidation,20400.0,60,Not Verified,1,17.4,19.13,Charged Off
4338,LN105183,850,-1.0,2.7,MORTGAGE,debt_consolidation,3300.0,60,Verified,1,0.0,9.36,Current
4339,LN100585,820,71300.0,27.6,RENT,medical,3400.0,36,Source Verified,0,8.4,7.28,Current
4340,LN102765,645,76100.0,3.7,OWN,major_purchase,4000.0,36,Not Verified,0,1.3,12.24,Fully Paid
4341,LN100371,776,59200.0,2.0,OWN,major_purchase,40000.0,36,Not Verified,1,11.5,10.14,Current
4342,LN104842,590,-1.0,3.5,RENT,credit_card,11400.0,60,Source Verified,0,0.0,16.25,Fully Paid
4343,LN103617,644,29800.0,8.8,RENT,credit_card,3500.0,60,Source Verified,1,11.7,17.48,Charged Off
4344,LN101552,652,34100.0,3.9,MORTGAGE,debt_consolidation,11700.0,60,Verified,2,14.6,18.09,Current
4345,LN101271,784,51500.0,0.9,MORTGAGE,other,4700.0,36,Verified,0,6.2,9.06,Fully Paid
4346,LN104408,686,49600.0,2.4,MORTGAGE,debt_consolidation,5900.0,36,Verified,0,5.0,13.64,Current
4347,LN103174,740,49600.0,1.3,MORTGAGE,debt_consolidation,9900.0,60,Not Verified,0,7.8,15.29,Fully Paid
4348,LN104401,660,116400.0,8.6,OWN,credit_card,11400.0,60,Not Verified,0,11.2,15.69,Charged Off
4349,LN102660,624,37000.0,3.9,MORTGAGE,debt_consolidation,5100.0,36,Verified,1,9.3,16.3,Fully Paid
4350,LN102210,741,43400.0,4.6,RENT,debt_consolidation,4200.0,60,Source Verified,0,18.3,13.5,Current
4351,LN103185,601,-1.0,3.8,OWN,credit_card,40000.0,60,Source Verified,0,0.0,19.46,Charged Off
4352,LN102767,804,82100.0,6.6,OWN,small_business,6800.0,60,Not Verified,0,4.7,13.94,Current
4353,LN100903,793,54500.0,13.1,RENT,debt_consolidation,11900.0,60,Verified,0,4.9,10.12,Fully Paid
4354,LN101634,708,40200.0,5.4,MORTGAGE,home_improvement,4400.0,60,Source Verified,0,3.9,12.08,Current
4355,LN100555,670,100200.0,5.4,RENT,debt_consolidation,13300.0,60,Source Verified,0,2.8,13.53,Current
4356,LN103602,600,21400.0,8.9,MORTGAGE,debt_consolidation,6300.0,36,Not Verified,0,12.3,16.68,Charged Off
4357,LN104574,758,54200.0,3.7,RENT,credit_card,16300.0,36,Verified,0,2.3,10.96,Fully Paid
4358,LN104955,824,67300.0,2.7,RENT,major_purchase,4600.0,60,Source Verified,0,12.5,9.92,Fully Paid
4359,LN103526,715,43300.0,6.6,MORTGAGE,medical,15900.0,36,Not Verified,0,3.6,13.75,Fully Paid
4360,LN102478,740,61500.0,7.7,OWN,credit_card,5100.0,36,Source Verified,0,2.8,9.39,Fully Paid
4361,LN101649,645,49300.0,2.1,RENT,home_improvement,12800.0,36,Source Verified,0,6.6,12.52,Current
4362,LN103415,694,54100.0,2.0,MORTGAGE,home_improvement,9300.0,36,Verified,0,2.1,9.77,Fully Paid
4363,LN100283,720,90900.0,14.5,RENT,debt_consolidation,34200.0,60,Source Verified,1,9.2,14.86,Current
4364,LN104101,701,73300.0,4.9,MORTGAGE,home_improvement,19700.0,36,Not Verified,0,1.2,11.63,Charged Off
4365,LN101444,681,26800.0,12.0,MORTGAGE,home_improvement,10000.0,36,Not Verified,0,49.5,15.09,Charged Off
4366,LN104961,731,-1.0,1.1,MORTGAGE,debt_consolidation,3900.0,60,Verified,1,0.0,10.58,Fully Paid
4367,LN102016,688,73800.0,6.3,RENT,major_purchase,12700.0,36,Not Verified,0,8.7,11.9,Charged Off
4368,LN103402,644,55500.0,1.6,MORTGAGE,home_improvement,15700.0,36,Source Verified,0,7.4,11.88,Fully Paid
4369,LN100675,713,20100.0,2.3,MORTGAGE,debt_consolidation,14500.0,36,Verified,0,35.8,11.22,Current
4370,LN104791,488,41400.0,15.6,MORTGAGE,credit_card,11200.0,36,Verified,0,16.1,15.62,Charged Off
4371,LN103347,702,31400.0,8.1,MORTGAGE,debt_consolidation,3700.0,60,Not Verified,0,13.0,15.62,Current
4372,LN102848,741,67800.0,3.4,OWN,credit_card,4200.0,60,Verified,0,5.9,13.67,Fully Paid
4373,LN101377,702,51800.0,3.6,RENT,credit_card,13500.0,36,Not Verified,0,8.3,13.52,Current
4374,LN101349,683,112100.0,7.0,MORTGAGE,debt_consolidation,7900.0,36,Not Verified,0,14.5,13.28,Fully Paid
4375,LN100842,804,79400.0,9.8,MORTGAGE,credit_card,3700.0,36,Verified,1,11.6,9.67,Current
4376,LN101968,662,104700.0,10.3,MORTGAGE,credit_card,8300.0,60,Verified,1,3.3,12.88,Current
4377,LN100070,607,74800.0,8.6,MORTGAGE,debt_consolidation,8100.0,36,Not Verified,0,8.6,13.97,Current
4378,LN101663,807,67500.0,7.2,OWN,debt_consolidation,40000.0,36,Source Verified,0,12.3,9.66,Charged Off
4379,LN100046,747,47100.0,4.4,OWN,credit_card,15300.0,36,Source Verified,0,5.0,10.57,Charged Off
4380,LN101163,592,36400.0,5.3,OWN,other,9400.0,36,Source Verified,0,12.1,14.05,Fully Paid
4381,LN102873,567,29400.0,3.5,MORTGAGE,debt_consolidation,16300.0,60,Source Verified,1,10.9,18.14,Charged Off
4382,LN102931,747,79100.0,8.6,RENT,small_business,17600.0,36,Verified,0,8.6,12.8,Fully Paid
4383,LN100784,691,50900.0,6.8,MORTGAGE,small_business,5000.0,36,Not Verified,0,2.6,14.96,Current
4384,LN100422,651,57100.0,99.0,MORTGAGE,other,14800.0,36,Verified,0,7.1,13.24,Charged Off
4385,LN100924,679,84000.0,2.6,MORTGAGE,debt_consolidation,9900.0,60,Source Verified,1,11.5,17.72,Fully Paid
4386,LN100925,812,20500.0,19.2,MORTGAGE,credit_card,16600.0,36,Not Verified,1,41.4,11.94,Charged Off
4387,LN101694,609,61300.0,6.5,MORTGAGE,home_improvement,5700.0,36,Source Verified,1,4.8,16.05,Fully Paid
4388,LN100816,664,98400.0,5.1,OWN,credit_card,10400.0,36,Verified,1,7.0,14.4,Fully Paid
4389,LN100864,645,81400.0,13.0,MORTGAGE,credit_card,9100.0,36,Source Verified,0,3.8,12.25,Charged Off
4390,LN103604,695,50000.0,2.1,MORTGAGE,home_improvement,21800.0,36,Source Verified,1,13.5,13.22,Current
4391,LN104644,687,89900.0,8.5,RENT,medical,7000.0,60,Verified,2,5.8,13.37,Fully Paid
4392,LN102120,726,94000.0,7.1,MORTGAGE,debt_consolidation,4900.0,36,Verified,1,10.4,12.06,Fully Paid
4393,LN103066,707,61700.0,2.8,MORTGAGE,major_purchase,7900.0,36,Verified,1,13.7,13.29,Current
4394,LN102083,0,57000.0,5.5,MORTGAGE,debt_consolidation,18800.0,60,Source Verified,0,3.1,17.32,Charged Off
4395,LN102406,709,57500.0,5.9,OWN,small_business,5400.0,36,Verified,1,9.3,12.0,Fully Paid
4396,LN101458,806,55400.0,4.3,MORTGAGE,home_improvement,8600.0,36,Source Verified,1,9.4,11.5,Current
4397,LN101716,652,59900.0,1.7,MORTGAGE,credit_card,19700.0,36,Not Verified,0,0.9,15.21,Charged Off
4398,LN103967,622,23300.0,6.1,OWN,small_business,8300.0,36,Verified,0,8.7,15.42,Current
4399,LN103927,598,29500.0,8.0,MORTGAGE,debt_consolidation,9200.0,36,Source Verified,0,61.9,17.66,Charged Off
4400,LN101378,709,46700.0,3.2,RENT,debt_consolidation,29700.0,60,Source Verified,0,25.8,14.84,Fully Paid
4401,LN104505,794,59700.0,17.1,RENT,medical,6700.0,60,Not Verified,0,10.1,14.49,Charged Off
4402,LN100988,670,71700.0,3.4,MORTGAGE,small_business,8300.0,36,Source Verified,0,2.3,12.98,Fully Paid
4403,LN104024,0,132100.0,5.4,RENT,credit_card,6700.0,36,Verified,1,1.8,10.16,Current
4404,LN102077,693,99500.0,2.7,MORTGAGE,debt_consolidation,17400.0,36,Not Verified,0,15.7,12.45,Fully Paid
4405,LN100268,693,73000.0,2.5,RENT,home_improvement,4900.0,36,Not Verified,0,5.0,10.42,Charged Off
4406,LN101483,711,-1.0,19.7,RENT,major_purchase,3400.0,36,Verified,0,0.0,8.56,Fully Paid
4407,LN104651,754,55800.0,6.8,MORTGAGE,credit_card,9200.0,60,Not Verified,1,3.7,16.31,Charged Off
4408,LN100188,601,-1.0,3.4,RENT,medical,10100.0,60,Verified,0,0.0,17.59,Fully Paid
4409,LN100284,618,63800.0,6.5,RENT,other,9500.0,60,Verified,1,2.4,16.24,Current
4410,LN104740,672,76900.0,6.7,RENT,debt_consolidation,11700.0,36,Source Verified,1,5.1,14.33,Current
4411,LN103605,742,30400.0,17.3,RENT,major_purchase,4700.0,36,Verified,0,28.6,11.72,Charged Off
4412,LN104103,810,70900.0,99.0,RENT,medical,4000.0,36,Source Verified,0,11.1,11.56,Current
4413,LN100759,719,39500.0,8.9,MORTGAGE,other,12300.0,36,Not Verified,1,13.5,14.34,Current
4414,LN102061,802,29900.0,10.4,MORTGAGE,home_improvement,7300.0,36,Verified,1,3.4,10.08,Fully Paid
4415,LN103948,686,64400.0,10.7,OWN,other,20700.0,60,Verified,1,4.5,14.76,Fully Paid
4416,LN104731,671,24600.0,10.3,RENT,home_improvement,19800.0,60,Verified,1,30.0,15.83,Fully Paid
4417,LN102157,637,31400.0,6.3,RENT,home_improvement,16900.0,36,Verified,1,37.0,16.44,Charged Off
4418,LN100054,659,-1.0,2.2,MORTGAGE,major_purchase,4000.0,36,Not Verified,0,0.0,12.58,Charged Off
4419,LN104485,648,69700.0,3.3,RENT,credit_card,31100.0,36,Verified,0,18.3,17.63,Current
4420,LN102278,654,45600.0,9.7,MORTGAGE,debt_consolidation,15200.0,60,Verified,0,1.4,14.2,Fully Paid
4421,LN102554,715,32600.0,99.0,MORTGAGE,credit_card,10600.0,36,Source Verified,0,4.1,11.74,Current
4422,LN103124,706,30400.0,10.2,MORTGAGE,home_improvement,21600.0,60,Source Verified,1,17.7,15.43,Fully Paid
4423,LN104700,742,85100.0,3.5,MORTGAGE,credit_card,3400.0,60,Verified,0,13.7,12.72,Current
4424,LN101779,785,44800.0,11.3,OWN,debt_consolidation,12900.0,60,Source Verified,0,14.7,14.11,Fully Paid
4425,LN101610,709,104400.0,3.8,MORTGAGE,debt_consolidation,12700.0,36,Verified,0,2.6,10.4,Current
4426,LN102011,806,-1.0,2.1,MORTGAGE,debt_consolidation,11500.0,36,Source Verified,0,0.0,12.11,Current
4427,LN100375,841,29700.0,3.0,RENT,credit_card,3300.0,36,Verified,1,2.5,11.56,Fully Paid
4428,LN104039,679,83400.0,14.5,OWN,medical,13500.0,36,Source Verified,0,3.1,12.75,Fully Paid
4429,LN101582,726,39100.0,2.1,MORTGAGE,other,5600.0,36,Verified,0,26.8,11.89,Charged Off
4430,LN102244,722,45300.0,9.1,MORTGAGE,debt_consolidation,20800.0,36,Source Verified,0,2.3,15.27,Fully Paid
4431,LN104677,742,71000.0,5.3,MORTGAGE,other,19300.0,60,Source Verified,1,14.8,14.92,Fully Paid
4432,LN101662,683,105300.0,9.5,MORTGAGE,major_purchase,7400.0,36,Source Verified,0,2.4,9.79,Fully Paid
4433,LN104160,603,44100.0,5.6,MORTGAGE,debt_consolidation,9800.0,36,Source Verified,0,33.1,16.29,Fully Paid
4434,LN103671,724,33500.0,1.4,MORTGAGE,debt_consolidation,8300.0,36,Not Verified,0,8.0,9.49,Current
4435,LN103167,650,35800.0,10.6,MORTGAGE,debt_consolidation,6400.0,36,Source Verified,1,11.8,13.15,Current
4436,LN100847,745,37300.0,18.9,RENT,debt_consolidation,23900.0,60,Verified,0,1.9,11.69,Charged Off
4437,LN103339,584,44300.0,4.0,RENT,other,18000.0,36,Not Verified,0,18.3,18.33,Charged Off
4438,LN100845,714,57600.0,3.3,RENT,major_purchase,16100.0,36,Verified,1,4.7,13.23,Fully Paid
4439,LN104234,770,55600.0,5.4,MORTGAGE,home_improvement,7500.0,60,Verified,0,5.0,9.45,Charged Off
4440,LN100483,728,38300.0,4.6,MORTGAGE,small_business,13400.0,36,Source Verified,0,26.8,14.91,Fully Paid
4441,LN100235,647,34700.0,3.5,RENT,medical,13200.0,36,Not Verified,0,5.0,12.69,Fully Paid
4442,LN103623,758,59500.0,2.5,OWN,debt_consolidation,7400.0,60,Source Verified,1,5.5,12.47,Fully Paid
4443,LN103704,724,51300.0,4.1,RENT,credit_card,37000.0,36,Source Verified,0,16.1,11.82,Fully Paid
4444,LN103452,816,38700.0,0.6,OTHER,small_business,2800.0,36,Not Verified,0,9.6,11.82,Charged Off
4445,LN104647,640,81200.0,9.8,RENT,debt_consolidation,7900.0,36,Not Verified,1,14.2,12.9,Charged Off
4446,LN102432,624,49100.0,18.2,RENT,home_improvement,4400.0,36,Source Verified,1,17.2,15.1,Fully Paid
4447,LN101124,678,42400.0,7.9,RENT,debt_consolidation,11800.0,36,Verified,0,32.8,13.99,Fully Paid
4448,LN102638,733,179100.0,7.7,RENT,debt_consolidation,9800.0,36,Source Verified,0,2.4,12.42,Current
4449,LN101356,666,92600.0,3.4,OWN,major_purchase,9100.0,36,Verified,0,2.5,12.32,Fully Paid
4450,LN102223,638,53600.0,11.6,MORTGAGE,small_business,4600.0,36,Verified,0,9.1,13.49,Fully Paid
4451,LN102483,688,95400.0,10.1,MORTGAGE,home_improvement,23100.0,36,Verified,2,6.5,10.57,Charged Off
4452,LN100822,614,-1.0,5.6,RENT,small_business,7400.0,36,Source Verified,0,0.0,15.99,Charged Off
4453,LN100556,641,112500.0,6.4,RENT,home_improvement,25400.0,36,Source Verified,0,16.1,13.2,Charged Off
4454,LN101282,559,46900.0,9.4,MORTGAGE,credit_card,10800.0,60,Source Verified,0,8.6,17.01,Fully Paid
4455,LN103722,751,33400.0,9.8,MORTGAGE,debt_consolidation,9600.0,36,Verified,0,26.9,13.21,Fully Paid
4456,LN100823,552,55000.0,10.0,RENT,home_improvement,11500.0,36,Not Verified,0,13.1,17.83,Fully Paid
4457,LN105009,710,57800.0,20.0,MORTGAGE,major_purchase,5500.0,36,Verified,0,7.1,8.21,Fully Paid
4458,LN102850,680,96400.0,5.2,RENT,small_business,6000.0,60,Not Verified,0,5.2,15.32,Fully Paid
4459,LN104178,554,34100.0,0.7,MORTGAGE,home_improvement,7100.0,60,Verified,0,27.0,17.81,Current
4460,LN103261,619,46700.0,1.4,RENT,debt_consolidation,7500.0,36,Verified,0,11.3,12.17,Charged Off
4461,LN105115,728,48200.0,7.3,MORTGAGE,other,9800.0,36,Verified,0,3.2,12.24,Charged Off
4462,LN101844,605,34400.0,13.4,MORTGAGE,other,11500.0,36,Verified,0,9.5,15.97,Charged Off
4463,LN101251,789,29600.0,20.8,MORTGAGE,home_improvement,16800.0,60,Not Verified,0,12.9,13.12,Fully Paid
4464,LN100210,750,38300.0,9.3,OWN,medical,10900.0,36,Not Verified,0,48.2,13.87,Charged Off
4465,LN101531,0,58300.0,10.6,RENT,credit_card,8000.0,36,Verified,0,9.6,13.44,Charged Off
4466,LN101615,725,88400.0,12.8,OTHER,debt_consolidation,25100.0,36,Not Verified,0,9.4,12.39,Current
4467,LN103775,629,83200.0,2.9,RENT,credit_card,11200.0,36,Not Verified,0,5.4,14.42,Current
4468,LN104251,662,75300.0,4.4,OWN,debt_consolidation,18600.0,36,Verified,0,4.2,12.83,Charged Off
4469,LN100139,850,42400.0,4.7,OWN,small_business,6800.0,36,Verified,0,13.6,9.26,Current
4470,LN104282,742,38100.0,99.0,RENT,major_purchase,23200.0,36,Source Verified,0,17.7,10.09,Charged Off
4471,LN104064,702,74600.0,4.8,MORTGAGE,medical,7300.0,60,Source Verified,0,8.6,13.4,Fully Paid
4472,LN102416,642,94200.0,5.5,MORTGAGE,credit_card,4300.0,60,Source Verified,0,5.3,13.59,Charged Off
4473,LN102498,654,140500.0,27.3,RENT,other,4800.0,36,Source Verified,0,4.5,12.03,Fully Paid
4474,LN102325,724,38700.0,0.7,MORTGAGE,credit_card,17600.0,36,Source Verified,0,8.1,11.18,Fully Paid
4475,LN103370,673,-1.0,99.0,RENT,debt_consolidation,7600.0,36,Source Verified,0,0.0,13.05,Current
4476,LN104801,725,86300.0,0.4,MORTGAGE,debt_consolidation,2600.0,60,Source Verified,0,0.7,12.12,Fully Paid
4477,LN101053,849,48400.0,9.7,RENT,other,9300.0,60,Verified,2,13.0,13.56,Charged Off
4478,LN103654,731,17300.0,2.6,RENT,debt_consolidation,5100.0,36,Source Verified,1,13.7,12.32,Fully Paid
4479,LN102619,798,72900.0,1.5,RENT,medical,11000.0,36,Verified,0,8.0,11.18,Current
4480,LN104869,696,53000.0,15.3,OWN,debt_consolidation,11100.0,36,Verified,1,13.0,11.49,Charged Off
4481,LN104231,736,56700.0,5.7,RENT,debt_consolidation,8100.0,36,Source Verified,0,14.8,13.07,Fully Paid
4482,LN102014,793,99400.0,2.3,OWN,debt_consolidation,12700.0,36,Not Verified,1,0.3,14.44,Current
4483,LN104945,813,48600.0,14.0,MORTGAGE,medical,33100.0,36,Verified,0,7.1,10.21,Fully Paid
4484,LN100593,583,36300.0,7.0,MORTGAGE,debt_consolidation,6600.0,60,Not Verified,0,24.7,16.81,Charged Off
4485,LN102882,739,-1.0,6.4,RENT,small_business,13200.0,36,Verified,2,0.0,15.04,Fully Paid
4486,LN100879,688,122200.0,2.9,RENT,debt_consolidation,4200.0,36,Source Verified,0,11.3,9.26,Current
4487,LN103635,606,33100.0,2.6,MORTGAGE,credit_card,16400.0,36,Not Verified,1,13.0,12.9,Current
4488,LN101032,657,105700.0,3.3,OWN,small_business,18500.0,60,Not Verified,1,3.3,18.19,Charged Off
4489,LN100344,795,41100.0,12.9,RENT,debt_consolidation,12100.0,36,Verified,1,11.5,12.23,Fully Paid
4490,LN100841,692,50900.0,5.2,MORTGAGE,debt_consolidation,8100.0,60,Source Verified,1,8.6,13.82,Charged Off
4491,LN104603,726,164000.0,8.5,RENT,medical,22200.0,36,Verified,0,2.6,11.96,Fully Paid
4492,LN102473,728,49700.0,8.0,RENT,debt_consolidation,7500.0,60,Source Verified,0,15.1,12.97,Current
4493,LN104147,820,38600.0,18.5,RENT,credit_card,11900.0,36,Verified,0,59.6,12.27,Fully Paid
4494,LN103252,599,122000.0,9.0,MORTGAGE,major_purchase,16400.0,60,Verified,0,1.9,15.36,Charged Off
4495,LN101863,757,45800.0,6.8,MORTGAGE,debt_consolidation,9700.0,36,Verified,0,12.8,9.73,Current
4496,LN104020,703,80400.0,6.8,MORTGAGE,major_purchase,12900.0,36,Not Verified,0,5.7,9.32,Charged Off
4497,LN103393,622,63900.0,21.2,MORTGAGE,debt_consolidation,7600.0,36,Source Verified,0,6.3,10.28,Current
4498,LN103719,708,87300.0,8.0,RENT,small_business,3200.0,36,Verified,0,1.0,9.57,Charged Off
4499,LN105133,601,89900.0,5.2,RENT,debt_consolidation,9500.0,60,Source Verified,1,28.1,15.61,Charged Off
4500,LN103178,731,61700.0,4.3,MORTGAGE,debt_consolidation,6600.0,36,Not Verified,1,10.4,8.85,Charged Off
4501,LN103788,806,24200.0,8.9,MORTGAGE,other,22100.0,36,Verified,0,46.7,14.78,Charged Off
4502,LN103447,754,78200.0,16.4,OTHER,debt_consolidation,9200.0,36,Source Verified,0,3.8,8.88,Current
4503,LN101291,661,54700.0,6.2,RENT,debt_consolidation,27300.0,60,Not Verified,0,20.8,17.93,Fully Paid
4504,LN103207,711,89000.0,5.7,OWN,home_improvement,12600.0,36,Verified,1,6.6,9.04,Fully Paid
4505,LN103098,821,34100.0,4.9,RENT,debt_consolidation,11100.0,60,Not Verified,0,10.5,11.51,Charged Off
4506,LN101809,752,63100.0,1.6,MORTGAGE,small_business,5700.0,60,Verified,1,4.1,15.56,Current
4507,LN104038,645,27100.0,4.1,MORTGAGE,debt_consolidation,2700.0,36,Verified,0,28.3,17.08,Fully Paid
4508,LN102909,725,57400.0,8.9,RENT,debt_consolidation,11900.0,36,Verified,1,7.1,10.21,Current
4509,LN103355,514,42600.0,10.0,MORTGAGE,debt_consolidation,5500.0,36,Verified,1,4.6,14.34,Fully Paid
4510,LN101189,681,87100.0,14.7,RENT,debt_consolidation,11900.0,36,Source Verified,0,0.2,12.42,Current
4511,LN102234,630,31800.0,4.2,MORTGAGE,major_purchase,4500.0,36,Not Verified,0,17.9,15.63,Fully Paid
4512,LN104169,723,72200.0,9.4,RENT,credit_card,14400.0,36,Source Verified,0,2.9,10.23,Fully Paid
4513,LN101358,663,58900.0,8.3,OWN,debt_consolidation,5500.0,60,Source Verified,1,4.9,12.87,Charged Off
4514,LN101489,702,52700.0,3.4,OWN,major_purchase,20300.0,36,Source Verified,0,9.8,12.94,Current
4515,LN103638,705,44300.0,1.9,MORTGAGE,debt_consolidation,9100.0,36,Not Verified,0,7.9,11.72,Charged Off
4516,LN101564,629,46600.0,6.6,RENT,debt_consolidation,5300.0,36,Verified,0,3.7,15.13,Current
4517,LN103858,663,79900.0,8.9,RENT,debt_consolidation,5400.0,36,Source Verified,0,5.6,14.2,Fully Paid
4518,LN103530,791,67600.0,0.9,MORTGAGE,credit_card,13600.0,60,Not Verified,1,12.3,13.49,Current
4519,LN104384,737,43400.0,11.1,RENT,small_business,11500.0,60,Source Verified,0,41.0,14.94,Fully Paid
4520,LN102518,726,53600.0,1.4,OWN,debt_consolidation,6100.0,36,Not Verified,0,16.6,10.55,Fully Paid
4521,LN100125,713,34800.0,2.5,OWN,credit_card,11000.0,36,Verified,1,47.0,12.39,Fully Paid
4522,LN100364,682,86400.0,7.4,RENT,debt_consolidation,14500.0,36,Source Verified,0,5.6,9.35,Charged Off
4523,LN100117,691,43700.0,11.7,MORTGAGE,other,1900.0,60,Source Verified,0,17.0,11.53,Fully Paid
4524,LN104654,0,25300.0,2.0,RENT,credit_card,14500.0,60,Source Verified,0,3.1,17.01,Current
4525,LN100629,533,-1.0,4.0,MORTGAGE,credit_card,11900.0,36,Not Verified,0,0.0,15.88,Current
4526,LN102575,715,118300.0,9.9,MORTGAGE,debt_consolidation,9600.0,60,Verified,0,8.6,12.01,Fully Paid
4527,LN104984,596,52200.0,9.6,RENT,debt_consolidation,11400.0,36,Not Verified,1,12.8,14.2,Charged Off
4528,LN101685,732,30300.0,7.4,MORTGAGE,debt_consolidation,8500.0,36,Source Verified,0,14.5,10.32,Charged Off
4529,LN102012,733,44400.0,10.2,MORTGAGE,major_purchase,4100.0,60,Verified,0,15.1,11.57,Fully Paid
4530,LN101988,638,49600.0,8.8,RENT,debt_consolidation,9600.0,36,Source Verified,0,16.4,13.86,Charged Off
4531,LN101518,670,49500.0,5.2,MORTGAGE,small_business,3700.0,36,Not Verified,0,9.2,8.9,Fully Paid
4532,LN104952,685,42700.0,6.5,RENT,home_improvement,14600.0,36,Verified,0,21.4,12.43,Fully Paid
4533,LN101512,748,41600.0,12.5,MORTGAGE,debt_consolidation,17900.0,36,Verified,0,33.4,13.02,Charged Off
4534,LN103177,702,75300.0,4.3,MORTGAGE,major_purchase,16100.0,36,Verified,0,11.8,11.7,Fully Paid
4535,LN100975,0,60300.0,4.1,RENT,credit_card,18100.0,36,Source Verified,0,10.1,14.15,Fully Paid
4536,LN104674,708,39300.0,10.6,RENT,small_business,22100.0,60,Source Verified,0,6.3,16.84,Current
4537,LN103749,774,58200.0,1.6,OWN,debt_consolidation,32600.0,60,Source Verified,0,2.4,11.01,Fully Paid
4538,LN104480,704,44600.0,6.7,MORTGAGE,credit_card,17100.0,36,Source Verified,0,8.7,12.61,Current
4539,LN104257,763,73000.0,10.3,MORTGAGE,credit_card,7100.0,36,Source Verified,0,13.4,12.0,Charged Off
4540,LN103058,646,38300.0,7.0,MORTGAGE,credit_card,14500.0,36,Not Verified,0,14.5,14.27,Charged Off
4541,LN101735,749,53200.0,6.7,RENT,credit_card,20900.0,36,Source Verified,0,3.0,9.77,Fully Paid
4542,LN100477,616,59500.0,5.3,RENT,debt_consolidation,6700.0,60,Source Verified,0,8.7,15.82,Charged Off
4543,LN101797,680,71300.0,4.1,RENT,home_improvement,16700.0,60,Not Verified,0,4.2,13.59,Current
4544,LN101005,712,37100.0,5.4,MORTGAGE,debt_consolidation,6500.0,60,Not Verified,0,5.3,14.37,Charged Off
4545,LN100631,850,70000.0,6.3,MORTGAGE,debt_consolidation,11300.0,36,Source Verified,0,10.8,10.4,Fully Paid
4546,LN104596,667,50300.0,3.3,RENT,debt_consolidation,14000.0,60,Verified,0,4.8,15.63,Fully Paid
4547,LN102640,728,41600.0,3.8,RENT,medical,14400.0,60,Source Verified,0,10.9,14.24,Current
4548,LN101520,608,31400.0,7.9,MORTGAGE,debt_consolidation,14200.0,60,Source Verified,1,53.9,19.34,Fully Paid
4549,LN104843,616,41600.0,4.3,RENT,home_improvement,13000.0,36,Source Verified,0,13.5,15.6,Current
4550,LN101398,727,37800.0,17.2,MORTGAGE,other,11800.0,36,Verified,0,9.3,12.39,Current
4551,LN104214,682,72100.0,13.3,RENT,credit_card,3700.0,36,Not Verified,0,22.7,12.59,Current
4552,LN102328,701,51300.0,9.4,MORTGAGE,credit_card,11300.0,36,Not Verified,1,13.8,13.21,Charged Off
4553,LN104588,579,29900.0,2.4,OWN,home_improvement,40000.0,36,Verified,0,65.0,18.02,Charged Off
4554,LN102937,782,109600.0,6.9,RENT,credit_card,12100.0,36,Source Verified,0,1.2,9.86,Current
4555,LN104653,0,26700.0,12.0,MORTGAGE,major_purchase,6900.0,36,Source Verified,0,17.6,12.75,Fully Paid
4556,LN102462,680,72500.0,5.1,MORTGAGE,debt_consolidation,23200.0,36,Source Verified,0,7.4,12.36,Charged Off
4557,LN104913,619,66100.0,4.8,OWN,other,4400.0,36,Source Verified,1,14.7,14.42,Fully Paid
4558,LN102996,611,60300.0,11.4,MORTGAGE,debt_consolidation,4400.0,36,Source Verified,0,7.9,11.82,Current
4559,LN102917,809,66600.0,14.1,RENT,debt_consolidation,6700.0,60,Not Verified,0,9.4,12.0,Fully Paid
4560,LN103323,741,46800.0,1.8,MORTGAGE,major_purchase,14300.0,36,Verified,0,4.6,12.17,Charged Off
4561,LN102620,646,110200.0,3.7,MORTGAGE,major_purchase,9900.0,60,Source Verified,3,159.0,24.57,Charged Off
4562,LN101997,0,51700.0,0.7,RENT,debt_consolidation,11700.0,60,Not Verified,0,17.6,16.19,Charged Off
4563,LN104301,761,18900.0,9.3,MORTGAGE,debt_consolidation,27700.0,60,Source Verified,0,33.1,16.49,Charged Off
4564,LN103117,680,43000.0,5.1,OWN,credit_card,4500.0,60,Verified,0,9.5,15.8,Fully Paid
4565,LN101806,721,52000.0,10.4,RENT,debt_consolidation,12400.0,36,Source Verified,0,3.2,11.42,Charged Off
4566,LN104495,601,53800.0,7.3,RENT,debt_consolidation,8500.0,36,Verified,0,17.7,12.35,Current
4567,LN101989,602,55500.0,6.3,RENT,debt_consolidation,13300.0,60,Source Verified,0,7.0,15.19,Current
4568,LN101575,608,59400.0,5.3,MORTGAGE,credit_card,9300.0,60,Verified,0,1.9,16.3,Current
4569,LN102599,757,-1.0,9.4,MORTGAGE,credit_card,30700.0,36,Verified,1,0.0,12.39,Fully Paid
4570,LN103950,643,40800.0,2.9,MORTGAGE,major_purchase,4800.0,36,Source Verified,1,1.9,11.67,Charged Off
4571,LN101198,787,48200.0,9.1,RENT,medical,9000.0,36,Not Verified,0,27.4,12.26,Charged Off
4572,LN102368,633,69400.0,3.0,RENT,credit_card,9800.0,36,Not Verified,1,2.9,16.54,Fully Paid
4573,LN103596,662,97200.0,7.5,RENT,debt_consolidation,8800.0,60,Verified,0,1.0,12.38,Current
4574,LN100469,627,49400.0,3.6,RENT,debt_consolidation,7300.0,36,Source Verified,0,0.5,13.25,Fully Paid
4575,LN104763,794,43500.0,8.3,MORTGAGE,debt_consolidation,4900.0,60,Source Verified,0,4.5,11.08,Current
4576,LN105131,691,117900.0,10.8,MORTGAGE,major_purchase,10100.0,36,Verified,0,7.5,12.71,Charged Off
4577,LN100866,603,105700.0,2.0,MORTGAGE,credit_card,7300.0,36,Source Verified,0,2.6,14.36,Current
4578,LN100079,670,85700.0,4.6,RENT,other,9100.0,36,Not Verified,0,5.8,12.68,Fully Paid
4579,LN100533,719,-1.0,99.0,MORTGAGE,debt_consolidation,11400.0,36,Verified,0,0.0,11.93,Charged Off
4580,LN101109,745,76100.0,13.5,RENT,debt_consolidation,22800.0,36,Source Verified,0,15.2,9.17,Charged Off
4581,LN102338,758,32500.0,1.6,RENT,medical,8100.0,36,Verified,0,2.6,12.9,Current
4582,LN104466,689,44400.0,18.2,RENT,credit_card,16100.0,36,Source Verified,0,20.9,12.53,Charged Off
4583,LN104361,712,79000.0,9.4,RENT,debt_consolidation,8500.0,36,Not Verified,0,6.7,10.8,Charged Off
4584,LN100164,745,78100.0,0.1,RENT,medical,14100.0,36,Verified,0,9.4,13.83,Fully Paid
4585,LN104014,701,39900.0,8.4,RENT,credit_card,28700.0,36,Verified,0,16.8,12.41,Current
4586,LN104713,633,-1.0,0.6,RENT,debt_consolidation,19900.0,36,Verified,1,0.0,13.29,Fully Paid
4587,LN104569,719,70000.0,5.2,MORTGAGE,home_improvement,5400.0,36,Verified,0,7.8,11.41,Fully Paid
4588,LN100875,563,51200.0,6.1,OWN,small_business,11000.0,36,Source Verified,2,15.7,17.41,Charged Off
4589,LN100185,790,31400.0,99.0,RENT,credit_card,11100.0,36,Verified,0,2.7,9.76,Current
4590,LN102165,771,27500.0,5.6,RENT,debt_consolidation,11300.0,36,Source Verified,0,24.0,12.36,Charged Off
4591,LN102469,691,110700.0,5.4,RENT,home_improvement,6500.0,36,Verified,0,3.2,10.46,Current
4592,LN101475,679,-1.0,1.9,RENT,credit_card,8500.0,36,Verified,1,0.0,11.62,Fully Paid
4593,LN100135,624,39100.0,1.5,OWN,debt_consolidation,5500.0,60,Verified,0,9.0,14.28,Current
4594,LN102419,539,87200.0,7.5,MORTGAGE,major_purchase,9700.0,36,Source Verified,1,9.2,15.57,Current
4595,LN103936,768,39800.0,2.0,RENT,home_improvement,5900.0,36,Source Verified,1,6.1,8.66,Fully Paid
4596,LN104648,701,27900.0,3.4,RENT,debt_consolidation,2700.0,36,Not Verified,0,3.4,15.01,Current
4597,LN104422,598,32300.0,3.5,RENT,medical,16900.0,60,Verified,1,26.5,18.89,Charged Off
4598,LN103655,713,-1.0,1.2,RENT,credit_card,14300.0,36,Verified,1,0.0,10.9,Fully Paid
4599,LN104414,679,65200.0,9.8,RENT,debt_consolidation,3100.0,36,Verified,0,13.1,13.22,Fully Paid
4600,LN102891,717,45000.0,4.0,RENT,home_improvement,6500.0,60,Verified,0,4.5,11.52,Fully Paid
4601,LN102097,638,32900.0,99.0,OWN,credit_card,7700.0,36,Not Verified,0,2.8,14.53,Fully Paid
4602,LN104893,636,52300.0,10.3,RENT,major_purchase,24200.0,36,Verified,1,18.4,14.47,Fully Paid
4603,LN103869,727,-1.0,7.0,MORTGAGE,medical,9900.0,60,Verified,0,0.0,12.37,Current
4604,LN102574,685,22500.0,5.4,MORTGAGE,small_business,6000.0,36,Verified,0,44.7,12.74,Fully Paid
4605,LN102500,726,45500.0,5.3,RENT,credit_card,8600.0,36,Source Verified,1,6.7,9.78,Charged Off
4606,LN104794,764,58800.0,9.2,MORTGAGE,small_business,3300.0,36,Verified,0,0.6,9.54,Fully Paid
4607,LN102730,614,49600.0,1.8,MORTGAGE,debt_consolidation,18900.0,36,Source Verified,0,13.5,13.77,Charged Off
4608,LN104558,741,60600.0,37.6,MORTGAGE,debt_consolidation,25100.0,60,Source Verified,0,8.0,13.49,Current
4609,LN101228,0,58300.0,6.1,RENT,debt_consolidation,17400.0,60,Not Verified,1,20.5,15.94,Charged Off
4610,LN100647,578,52900.0,3.6,RENT,credit_card,5500.0,60,Source Verified,0,6.6,17.91,Charged Off
4611,LN104841,625,68700.0,11.0,MORTGAGE,debt_consolidation,5300.0,36,Verified,1,10.2,14.93,Current
4612,LN103105,693,64400.0,10.6,MORTGAGE,debt_consolidation,9100.0,36,Verified,1,3.7,10.78,Current
4613,LN102295,750,23200.0,2.1,OWN,major_purchase,4100.0,36,Source Verified,1,23.2,12.35,Fully Paid
4614,LN103038,636,48900.0,12.7,RENT,debt_consolidation,10300.0,60,Source Verified,0,12.0,13.81,Fully Paid
4615,LN105124,657,42500.0,0.9,RENT,debt_consolidation,7500.0,60,Source Verified,0,5.2,14.32,Fully Paid
4616,LN100691,674,52700.0,13.2,MORTGAGE,debt_consolidation,19500.0,60,Verified,0,52.1,15.97,Fully Paid
4617,LN101463,720,52900.0,7.8,RENT,debt_consolidation,6100.0,36,Not Verified,2,31.9,15.99,Charged Off
4618,LN105059,692,92700.0,3.3,MORTGAGE,credit_card,8600.0,36,Source Verified,0,3.2,11.82,Charged Off
4619,LN102028,703,56100.0,4.5,RENT,medical,10600.0,36,Verified,0,23.0,10.88,Charged Off
4620,LN104312,693,38200.0,7.5,MORTGAGE,debt_consolidation,7800.0,36,Source Verified,0,16.8,12.65,Fully Paid
4621,LN101276,651,63100.0,99.0,MORTGAGE,debt_consolidation,12700.0,60,Source Verified,0,8.8,14.47,Current
4622,LN100543,678,115100.0,5.6,MORTGAGE,credit_card,8400.0,36,Source Verified,0,23.3,11.94,Fully Paid
4623,LN102758,739,43000.0,15.7,MORTGAGE,debt_consolidation,3400.0,60,Source Verified,0,17.0,13.3,Current
4624,LN104066,636,37300.0,6.9,RENT,small_business,19100.0,36,Source Verified,1,17.2,16.51,Fully Paid
4625,LN102486,697,54400.0,9.3,MORTGAGE,debt_consolidation,5400.0,60,Source Verified,0,30.9,16.04,Charged Off
4626,LN104799,662,76500.0,0.2,MORTGAGE,small_business,6200.0,36,Source Verified,0,3.4,12.9,Charged Off
4627,LN101985,671,-1.0,4.3,RENT,home_improvement,8300.0,60,Source Verified,1,0.0,16.25,Charged Off
4628,LN102908,0,53100.0,7.7,RENT,major_purchase,10800.0,36,Verified,1,17.4,15.51,Charged Off
4629,LN102998,743,79000.0,10.3,MORTGAGE,major_purchase,7200.0,36,Verified,0,3.2,8.81,Charged Off
4630,LN102374,667,72600.0,9.8,RENT,debt_consolidation,4200.0,36,Not Verified,0,4.5,11.61,Charged Off
4631,LN100226,850,64500.0,10.3,MORTGAGE,debt_consolidation,10400.0,36,Source Verified,0,3.6,5.27,Current
4632,LN104981,703,41900.0,8.1,RENT,major_purchase,10600.0,36,Verified,0,6.3,12.95,Current
4633,LN100553,822,36700.0,2.7,RENT,credit_card,2700.0,36,Source Verified,1,11.9,10.55,Fully Paid
4634,LN104157,777,33700.0,1.9,RENT,credit_card,25700.0,60,Verified,0,2.4,14.36,Fully Paid
4635,LN102932,767,34400.0,22.1,MORTGAGE,credit_card,12800.0,60,Verified,2,5.9,11.17,Current
4636,LN101732,676,39700.0,3.6,RENT,debt_consolidation,17300.0,36,Source Verified,0,5.0,13.96,Fully Paid
4637,LN102059,619,82100.0,1.7,RENT,debt_consolidation,14600.0,36,Verified,0,2.0,11.57,Fully Paid
4638,LN102020,691,49400.0,1.5,RENT,major_purchase,8800.0,60,Not Verified,0,7.4,13.42,Current
4639,LN104003,836,30900.0,1.8,RENT,home_improvement,17500.0,36,Source Verified,0,17.1,10.21,Fully Paid
4640,LN103868,710,59500.0,7.6,RENT,home_improvement,15600.0,36,Source Verified,0,2.1,13.31,Fully Paid
4641,LN104942,673,45600.0,8.5,RENT,home_improvement,5800.0,36,Not Verified,0,12.1,12.54,Charged Off
4642,LN104854,675,50800.0,0.4,OWN,home_improvement,4600.0,36,Verified,1,6.5,10.54,Fully Paid
4643,LN101839,631,35000.0,2.8,RENT,debt_consolidation,5300.0,36,Verified,1,9.2,15.2,Current
4644,LN104968,668,-1.0,99.0,RENT,debt_consolidation,4400.0,36,Verified,0,0.0,9.67,Current
4645,LN102107,622,50500.0,10.1,OWN,home_improvement,7400.0,36,Source Verified,0,15.1,10.7,Charged Off
4646,LN103941,670,63400.0,7.0,RENT,debt_consolidation,7900.0,60,Not Verified,0,6.4,12.45,Fully Paid
4647,LN103933,761,34000.0,11.9,OWN,other,11200.0,60,Verified,0,37.8,11.1,Current
4648,LN100661,689,34900.0,1.3,RENT,medical,25100.0,60,Verified,0,12.6,15.74,Current
4649,LN101635,760,31400.0,9.0,OWN,debt_consolidation,10100.0,36,Verified,1,6.7,13.03,Current
4650,LN100348,587,70900.0,13.9,MORTGAGE,other,9800.0,36,Source Verified,0,8.4,13.54,Fully Paid
4651,LN100297,666,28500.0,19.3,MORTGAGE,home_improvement,9600.0,60,Not Verified,0,14.2,15.9,Fully Paid
4652,LN102583,712,63300.0,5.3,RENT,major_purchase,16500.0,36,Verified,1,9.1,10.3,Fully Paid
4653,LN103618,713,52500.0,4.2,OWN,major_purchase,7000.0,36,Source Verified,0,40.5,9.97,Current
4654,LN104300,661,149200.0,2.1,OWN,debt_consolidation,10400.0,60,Verified,0,1.6,11.64,Fully Paid
4655,LN103677,730,160100.0,3.7,RENT,other,15000.0,60,Source Verified,0,1.0,15.29,Current
4656,LN102402,0,68600.0,4.4,OWN,major_purchase,5600.0,36,Verified,0,10.2,12.93,Fully Paid
4657,LN105169,835,33500.0,14.1,OWN,other,7600.0,36,Not Verified,1,16.1,9.18,Fully Paid
4658,LN101033,722,27500.0,0.3,RENT,other,8600.0,36,Not Verified,0,4.6,13.12,Current
4659,LN103702,642,132400.0,1.8,OWN,debt_consolidation,19300.0,36,Source Verified,0,1.1,13.3,Fully Paid
4660,LN103817,702,50900.0,5.3,RENT,major_purchase,12500.0,36,Not Verified,2,46.9,14.82,Fully Paid
4661,LN101233,696,-1.0,4.9,OWN,major_purchase,5000.0,36,Source Verified,0,0.0,12.39,Fully Paid
4662,LN105066,552,70900.0,1.1,RENT,medical,13200.0,60,Verified,0,2.6,17.82,Fully Paid
4663,LN103800,669,67000.0,3.2,MORTGAGE,debt_consolidation,6800.0,60,Verified,0,12.6,13.94,Charged Off
4664,LN101585,585,52000.0,2.9,MORTGAGE,other,15000.0,36,Not Verified,0,9.3,16.85,Current
4665,LN101946,641,58300.0,3.5,RENT,debt_consolidation,6100.0,60,Verified,0,15.6,17.31,Current
4666,LN101591,598,92900.0,3.5,MORTGAGE,home_improvement,7400.0,36,Source Verified,0,4.6,11.44,Fully Paid
4667,LN104217,721,22400.0,10.7,RENT,credit_card,5500.0,60,Verified,0,16.6,14.67,Fully Paid
4668,LN100656,634,25900.0,99.0,MORTGAGE,credit_card,9500.0,36,Source Verified,0,17.9,14.36,Fully Paid
4669,LN102199,637,73200.0,8.2,MORTGAGE,debt_consolidation,9600.0,36,Not Verified,0,6.1,13.37,Charged Off
4670,LN105023,622,34900.0,5.5,RENT,debt_consolidation,15800.0,60,Source Verified,2,20.9,20.92,Fully Paid
4671,LN103184,735,93400.0,7.0,MORTGAGE,debt_consolidation,6800.0,36,Not Verified,0,3.9,10.57,Current
4672,LN101896,589,35000.0,2.2,OWN,small_business,4800.0,36,Verified,1,7.3,13.33,Current
4673,LN103558,728,30500.0,4.5,RENT,credit_card,4400.0,36,Source Verified,1,6.0,12.09,Current
4674,LN104226,716,33900.0,8.6,RENT,other,14000.0,36,Verified,0,6.9,11.22,Fully Paid
4675,LN101722,647,70600.0,3.5,MORTGAGE,home_improvement,11400.0,60,Source Verified,0,8.1,15.65,Fully Paid
4676,LN100133,676,39500.0,2.8,MORTGAGE,medical,9100.0,36,Verified,0,8.5,12.17,Fully Paid
4677,LN104096,726,66600.0,99.0,MORTGAGE,credit_card,11300.0,36,Verified,1,5.3,10.17,Charged Off
4678,LN104347,543,-1.0,7.0,OWN,debt_consolidation,8200.0,36,Not Verified,0,0.0,14.94,Charged Off
4679,LN101887,703,-1.0,2.7,RENT,credit_card,19000.0,36,Source Verified,0,0.0,13.33,Fully Paid
4680,LN105162,795,55900.0,2.9,MORTGAGE,home_improvement,20700.0,36,Source Verified,0,4.4,8.74,Current
4681,LN100577,771,39700.0,4.5,MORTGAGE,small_business,8100.0,60,Not Verified,0,27.4,14.82,Current
4682,LN103143,707,133800.0,4.1,OWN,credit_card,20000.0,60,Not Verified,0,5.4,11.44,Charged Off
4683,LN100238,621,82500.0,5.5,RENT,debt_consolidation,10600.0,36,Verified,0,15.5,13.11,Current
4684,LN102370,618,46900.0,1.5,RENT,home_improvement,10000.0,60,Source Verified,0,9.1,15.6,Current
4685,LN104732,836,100800.0,99.0,MORTGAGE,other,6500.0,36,Not Verified,1,4.5,11.51,Charged Off
4686,LN100956,659,69900.0,11.7,MORTGAGE,debt_consolidation,8100.0,36,Not Verified,0,11.6,12.55,Current
4687,LN101953,647,23900.0,2.8,MORTGAGE,credit_card,6500.0,36,Not Verified,0,18.1,15.85,Fully Paid
4688,LN103289,623,23700.0,99.0,OWN,small_business,5400.0,60,Verified,0,54.6,18.77,Charged Off
4689,LN101878,783,32700.0,8.2,MORTGAGE,debt_consolidation,4900.0,60,Source Verified,0,19.3,11.26,Fully Paid
4690,LN100729,617,33000.0,4.6,RENT,home_improvement,7600.0,36,Not Verified,0,10.6,14.6,Current
4691,LN104770,703,25900.0,5.1,MORTGAGE,small_business,6900.0,36,Verified,0,65.0,15.53,Charged Off
4692,LN101009,715,55000.0,15.3,MORTGAGE,other,17600.0,60,Verified,0,3.7,13.45,Fully Paid
4693,LN100549,733,57600.0,6.0,MORTGAGE,debt_consolidation,12500.0,36,Not Verified,0,4.4,10.5,Fully Paid
4694,LN101359,673,38100.0,1.9,MORTGAGE,debt_consolidation,16300.0,36,Not Verified,0,33.1,16.93,Current
4695,LN103108,606,29600.0,14.6,MORTGAGE,debt_consolidation,15800.0,60,Verified,0,10.8,16.69,Current
4696,LN104206,0,57300.0,9.9,MORTGAGE,home_improvement,2700.0,36,Source Verified,0,3.7,12.88,Fully Paid
4697,LN100159,0,41000.0,4.1,MORTGAGE,debt_consolidation,14300.0,36,Verified,0,5.9,14.92,Charged Off
4698,LN102936,575,49700.0,2.3,RENT,credit_card,6800.0,36,Source Verified,1,6.3,16.63,Fully Paid
4699,LN100609,725,-1.0,6.1,RENT,home_improvement,9800.0,60,Source Verified,0,0.0,12.1,Charged Off
4700,LN100291,700,22100.0,9.3,MORTGAGE,debt_consolidation,11400.0,60,Not Verified,0,10.4,16.0,Fully Paid
4701,LN102974,698,38200.0,2.6,RENT,debt_consolidation,15500.0,36,Not Verified,1,11.7,14.03,Charged Off
4702,LN100745,751,53100.0,1.4,RENT,credit_card,14000.0,60,Verified,1,16.1,13.57,Current
4703,LN100775,703,49300.0,4.6,MORTGAGE,small_business,13800.0,60,Source Verified,0,10.6,17.44,Charged Off
4704,LN102746,758,95000.0,5.0,RENT,other,14200.0,36,Source Verified,0,2.7,10.77,Current
4705,LN101925,612,91000.0,13.4,OWN,credit_card,5800.0,36,Verified,0,4.1,11.96,Current
4706,LN104673,700,26500.0,4.6,OWN,credit_card,9100.0,60,Verified,0,6.0,12.27,Current
4707,LN101457,696,44000.0,6.4,MORTGAGE,credit_card,8300.0,36,Source Verified,0,38.2,13.84,Fully Paid
4708,LN103235,725,19700.0,4.5,RENT,debt_consolidation,3600.0,60,Verified,0,12.3,11.42,Charged Off
4709,LN100263,654,51700.0,7.4,OWN,credit_card,12100.0,36,Source Verified,0,4.7,11.93,Current
4710,LN101255,649,40800.0,13.3,MORTGAGE,debt_consolidation,22700.0,36,Not Verified,0,7.2,17.39,Charged Off
4711,LN104398,624,75000.0,3.1,MORTGAGE,debt_consolidation,20900.0,60,Source Verified,0,13.2,16.39,Fully Paid
4712,LN101771,695,68300.0,0.5,RENT,home_improvement,5000.0,36,Not Verified,0,4.3,10.69,Charged Off
4713,LN104084,757,84700.0,0.6,MORTGAGE,credit_card,21400.0,36,Source Verified,1,1.6,11.3,Fully Paid
4714,LN102975,711,79900.0,13.0,OWN,home_improvement,6800.0,36,Source Verified,1,3.7,7.88,Fully Paid
4715,LN101199,621,-1.0,12.7,MORTGAGE,debt_consolidation,6300.0,36,Verified,0,0.0,12.31,Charged Off
4716,LN104857,648,26000.0,14.9,MORTGAGE,credit_card,2900.0,36,Verified,0,23.2,13.33,Current
4717,LN104245,688,25100.0,2.2,MORTGAGE,home_improvement,2800.0,36,Not Verified,0,23.8,12.77,Fully Paid
4718,LN104167,623,45900.0,5.6,RENT,debt_consolidation,10600.0,36,Source Verified,0,19.4,14.24,Charged Off
4719,LN100089,719,52900.0,5.3,MORTGAGE,small_business,14900.0,36,Not Verified,0,2.6,12.04,Current
4720,LN104213,681,31400.0,1.1,OTHER,debt_consolidation,16800.0,36,Source Verified,0,0.9,12.35,Current
4721,LN101511,726,67300.0,8.4,RENT,small_business,7000.0,36,Verified,0,6.1,11.1,Charged Off
4722,LN102369,741,21400.0,7.5,RENT,small_business,20100.0,36,Verified,1,16.1,11.57,Charged Off
4723,LN104918,708,42600.0,99.0,RENT,credit_card,10200.0,36,Source Verified,0,34.1,10.71,Fully Paid
4724,LN100459,688,80600.0,3.3,MORTGAGE,debt_consolidation,23800.0,36,Not Verified,0,5.1,13.54,Charged Off
4725,LN102217,684,72300.0,5.9,RENT,major_purchase,9600.0,60,Source Verified,1,5.8,11.44,Fully Paid
4726,LN104324,629,29300.0,1.3,MORTGAGE,other,12700.0,36,Not Verified,0,11.3,13.04,Fully Paid
4727,LN103645,594,56700.0,3.4,RENT,major_purchase,9800.0,36,Verified,0,2.9,13.2,Charged Off
4728,LN104337,659,86600.0,3.1,MORTGAGE,debt_consolidation,8800.0,60,Source Verified,0,12.3,13.0,Charged Off
4729,LN101937,614,36900.0,3.5,RENT,debt_consolidation,17200.0,60,Source Verified,0,20.8,16.51,Charged Off
4730,LN103027,602,51900.0,4.4,MORTGAGE,debt_consolidation,15000.0,36,Source Verified,0,8.3,14.12,Charged Off
4731,LN104094,726,37400.0,1.6,RENT,home_improvement,5200.0,60,Source Verified,1,23.2,13.99,Charged Off
4732,LN102318,835,86400.0,3.1,MORTGAGE,debt_consolidation,12800.0,60,Source Verified,0,6.4,13.67,Current
4733,LN103183,727,135000.0,8.4,OWN,small_business,16000.0,36,Source Verified,1,2.3,11.91,Current
4734,LN103588,638,89800.0,11.9,RENT,home_improvement,4500.0,36,Verified,0,2.3,11.41,Fully Paid
4735,LN100496,571,85300.0,1.9,RENT,credit_card,20000.0,36,Source Verified,1,6.2,16.79,Fully Paid
4736,LN100220,675,89900.0,2.7,OWN,credit_card,19100.0,36,Source Verified,0,16.0,14.29,Fully Paid
4737,LN104500,593,67800.0,2.2,MORTGAGE,small_business,22300.0,36,Verified,0,11.2,16.74,Charged Off
4738,LN102925,748,65100.0,16.3,RENT,debt_consolidation,6500.0,36,Source Verified,0,6.0,10.54,Fully Paid
4739,LN100920,669,51300.0,2.8,RENT,debt_consolidation,27500.0,36,Verified,1,6.1,13.24,Current
4740,LN104850,669,119900.0,12.9,RENT,debt_consolidation,9000.0,36,Verified,3,5.5,14.13,Charged Off
4741,LN100984,714,-1.0,15.4,MORTGAGE,debt_consolidation,7100.0,36,Source Verified,0,0.0,12.05,Current
4742,LN104870,613,46700.0,9.6,MORTGAGE,medical,6500.0,36,Source Verified,0,28.9,17.38,Charged Off
4743,LN101915,0,67000.0,4.1,MORTGAGE,credit_card,19600.0,60,Verified,0,6.7,16.96,Charged Off
4744,LN100312,803,62500.0,5.9,MORTGAGE,debt_consolidation,6300.0,36,Not Verified,0,13.6,12.16,Charged Off
4745,LN103213,623,54900.0,3.9,RENT,debt_consolidation,13600.0,36,Verified,1,19.0,15.82,Fully Paid
4746,LN102441,727,31600.0,2.4,OWN,debt_consolidation,7400.0,36,Verified,0,2.3,12.42,Charged Off
4747,LN103454,785,63400.0,3.0,RENT,credit_card,6800.0,60,Verified,0,9.2,11.86,Current
4748,LN103828,705,86900.0,4.2,OWN,credit_card,33200.0,36,Source Verified,0,5.6,12.41,Fully Paid
4749,LN100677,717,112300.0,5.8,MORTGAGE,major_purchase,21000.0,36,Source Verified,1,1.2,8.35,Current
4750,LN100165,631,34700.0,1.9,MORTGAGE,debt_consolidation,16300.0,36,Source Verified,0,9.3,16.29,Fully Paid
4751,LN104424,625,25900.0,8.8,RENT,medical,15200.0,36,Not Verified,1,33.6,19.17,Fully Paid
4752,LN102133,711,83500.0,3.6,OTHER,other,13900.0,36,Verified,1,15.3,12.08,Fully Paid
4753,LN102131,842,63100.0,2.0,MORTGAGE,credit_card,12500.0,36,Verified,0,2.1,10.94,Fully Paid
4754,LN102254,757,124400.0,10.7,RENT,credit_card,9600.0,60,Source Verified,1,3.7,13.79,Charged Off
4755,LN104199,711,43900.0,0.3,RENT,debt_consolidation,14700.0,60,Source Verified,1,19.7,15.05,Fully Paid
4756,LN103266,511,86500.0,6.2,RENT,credit_card,11400.0,60,Source Verified,0,9.9,21.72,Fully Paid
4757,LN100734,708,122400.0,17.9,RENT,other,17800.0,36,Not Verified,1,5.7,16.03,Charged Off
4758,LN103737,790,58800.0,2.8,MORTGAGE,home_improvement,13600.0,36,Source Verified,0,4.4,9.36,Fully Paid
4759,LN100694,636,78700.0,99.0,MORTGAGE,debt_consolidation,21200.0,60,Verified,0,3.7,14.77,Charged Off
4760,LN103237,738,37400.0,0.6,MORTGAGE,debt_consolidation,5000.0,36,Source Verified,1,23.3,11.52,Fully Paid
4761,LN103915,674,53200.0,10.9,MORTGAGE,credit_card,10200.0,36,Verified,0,18.9,12.77,Charged Off
4762,LN104593,671,45600.0,7.9,RENT,credit_card,8000.0,60,Not Verified,0,21.8,18.13,Fully Paid
4763,LN104056,746,34000.0,2.9,OWN,debt_consolidation,28200.0,36,Not Verified,0,13.2,11.3,Fully Paid
4764,LN101348,750,29800.0,3.3,MORTGAGE,major_purchase,13500.0,36,Source Verified,1,37.9,11.49,Current
4765,LN104442,688,70300.0,4.1,RENT,small_business,7300.0,36,Verified,0,1.3,14.48,Charged Off
4766,LN103999,609,57900.0,2.5,RENT,debt_consolidation,9300.0,36,Verified,0,34.7,14.99,Charged Off
4767,LN102258,760,-1.0,0.6,MORTGAGE,credit_card,9300.0,36,Verified,0,0.0,9.63,Fully Paid
4768,LN102615,646,110900.0,99.0,MORTGAGE,debt_consolidation,16400.0,60,Source Verified,0,9.3,13.25,Fully Paid
4769,LN100514,741,66700.0,6.3,OTHER,small_business,8200.0,36,Source Verified,0,8.3,13.38,Fully Paid
4770,LN102862,639,-1.0,4.7,RENT,other,15300.0,36,Source Verified,1,0.0,16.41,Charged Off
4771,LN103949,687,52600.0,10.3,RENT,debt_consolidation,9600.0,36,Not Verified,1,9.8,12.14,Charged Off
4772,LN103430,586,46800.0,2.7,MORTGAGE,home_improvement,12200.0,36,Verified,0,28.5,16.34,Charged Off
4773,LN104659,629,75800.0,2.5,RENT,credit_card,19400.0,36,Source Verified,0,11.0,16.04,Charged Off
4774,LN104792,738,49600.0,3.2,OWN,debt_consolidation,8300.0,36,Source Verified,0,11.3,11.31,Fully Paid
4775,LN101011,784,46400.0,2.2,RENT,small_business,27300.0,60,Source Verified,0,8.4,14.27,Fully Paid
4776,LN100890,636,108900.0,3.8,MORTGAGE,small_business,4300.0,36,Verified,0,2.7,11.8,Charged Off
4777,LN102791,683,51300.0,1.4,MORTGAGE,debt_consolidation,9600.0,36,Not Verified,1,15.0,11.3,Fully Paid
4778,LN105160,687,26700.0,14.3,MORTGAGE,other,6800.0,36,Source Verified,1,15.6,13.69,Current
4779,LN103460,697,119600.0,9.4,MORTGAGE,medical,6300.0,36,Verified,1,1.1,9.01,Current
4780,LN104728,711,121400.0,15.0,MORTGAGE,debt_consolidation,9600.0,36,Source Verified,0,1.9,11.84,Fully Paid
4781,LN103965,638,18400.0,3.4,RENT,other,5300.0,36,Not Verified,1,65.0,16.9,Fully Paid
4782,LN100194,618,63100.0,1.7,MORTGAGE,debt_consolidation,10200.0,36,Source Verified,0,11.4,11.29,Charged Off
4783,LN100513,684,-1.0,11.6,MORTGAGE,credit_card,14100.0,36,Verified,0,0.0,11.78,Charged Off
4784,LN101638,691,47800.0,4.7,MORTGAGE,small_business,8600.0,36,Source Verified,0,35.9,15.52,Fully Paid
4785,LN101455,683,45500.0,0.5,MORTGAGE,debt_consolidation,7500.0,60,Source Verified,2,4.0,15.39,Current
4786,LN104305,690,94600.0,6.8,MORTGAGE,small_business,12200.0,36,Not Verified,0,2.9,14.11,Current
4787,LN104044,627,-1.0,10.2,RENT,medical,13800.0,36,Source Verified,1,0.0,15.9,Current
4788,LN100635,671,43300.0,5.8,RENT,other,8700.0,36,Verified,1,28.4,12.87,Charged Off
4789,LN104867,668,54400.0,1.5,OWN,debt_consolidation,18600.0,36,Not Verified,1,19.6,14.94,Charged Off
4790,LN100087,691,29800.0,13.7,MORTGAGE,credit_card,16400.0,36,Verified,0,32.9,13.35,Current
4791,LN101369,752,28900.0,7.9,RENT,other,11700.0,36,Source Verified,0,20.5,9.73,Fully Paid
4792,LN104566,490,126500.0,1.7,RENT,major_purchase,13100.0,36,Verified,0,6.1,17.76,Charged Off
4793,LN100190,802,52600.0,4.2,MORTGAGE,major_purchase,13000.0,36,Source Verified,1,12.4,9.06,Current
4794,LN103824,669,46000.0,1.6,RENT,credit_card,8400.0,36,Source Verified,0,39.0,15.87,Charged Off
4795,LN100178,682,53100.0,16.4,MORTGAGE,small_business,6400.0,36,Source Verified,0,2.2,12.04,Current
4796,LN103924,691,25300.0,7.5,OWN,credit_card,11300.0,36,Verified,0,26.0,12.73,Fully Paid
4797,LN103840,600,23400.0,11.8,MORTGAGE,credit_card,21400.0,60,Source Verified,0,22.6,16.6,Charged Off
4798,LN102588,710,75800.0,5.9,OWN,debt_consolidation,15000.0,36,Source Verified,0,10.4,12.4,Charged Off
4799,LN103464,722,50100.0,3.0,MORTGAGE,debt_consolidation,16800.0,60,Source Verified,1,9.5,13.7,Fully Paid
4800,LN101687,706,90900.0,0.8,RENT,home_improvement,8800.0,36,Not Verified,1,7.2,15.1,Fully Paid
4801,LN103321,0,49600.0,11.9,OWN,medical,5000.0,60,Source Verified,0,6.4,17.98,Charged Off
4802,LN101128,674,46500.0,8.0,RENT,home_improvement,15700.0,36,Not Verified,0,15.0,9.99,Current
4803,LN103067,718,-1.0,8.4,RENT,credit_card,10200.0,36,Source Verified,0,0.0,12.92,Fully Paid
4804,LN103145,714,77800.0,8.8,MORTGAGE,debt_consolidation,7400.0,60,Not Verified,0,11.6,13.33,Fully Paid
4805,LN102559,787,25300.0,1.6,MORTGAGE,debt_consolidation,15400.0,60,Not Verified,0,2.3,14.46,Fully Paid
4806,LN101023,730,73700.0,8.3,MORTGAGE,debt_consolidation,11900.0,36,Source Verified,0,9.9,11.2,Current
4807,LN104567,702,132700.0,4.5,MORTGAGE,major_purchase,14400.0,36,Verified,0,8.9,12.61,Fully Paid
4808,LN100398,724,89600.0,4.0,OWN,small_business,5700.0,36,Verified,0,4.8,11.57,Current
4809,LN100035,763,48000.0,13.3,RENT,debt_consolidation,13700.0,60,Verified,2,11.1,13.87,Charged Off
4810,LN102253,535,-1.0,8.7,MORTGAGE,debt_consolidation,5400.0,60,Verified,1,0.0,16.95,Charged Off
4811,LN102656,707,65000.0,2.2,MORTGAGE,major_purchase,5200.0,60,Not Verified,0,7.4,13.84,Fully Paid
4812,LN100252,802,49200.0,7.8,OWN,home_improvement,8200.0,36,Source Verified,2,2.5,10.79,Fully Paid
4813,LN102940,797,71200.0,3.6,RENT,debt_consolidation,19100.0,36,Verified,0,10.6,7.42,Fully Paid
4814,LN101875,571,81900.0,7.5,MORTGAGE,debt_consolidation,17500.0,36,Not Verified,1,14.2,14.42,Fully Paid
4815,LN100228,635,106500.0,6.1,MORTGAGE,debt_consolidation,13200.0,36,Verified,0,4.9,11.7,Current
4816,LN103051,629,75700.0,7.3,RENT,credit_card,13300.0,60,Source Verified,0,14.6,15.28,Current
4817,LN101748,658,70000.0,0.8,MORTGAGE,home_improvement,13500.0,60,Source Verified,0,2.8,16.98,Charged Off
4818,LN101644,593,56100.0,5.4,RENT,credit_card,12200.0,36,Source Verified,0,6.8,15.33,Current
4819,LN104155,654,89100.0,10.3,OWN,small_business,12200.0,36,Verified,1,4.7,14.07,Charged Off
4820,LN101609,665,66500.0,4.2,RENT,credit_card,8300.0,36,Not Verified,1,3.1,13.23,Fully Paid
4821,LN102366,763,30100.0,19.7,MORTGAGE,debt_consolidation,14600.0,36,Not Verified,0,11.9,9.9,Fully Paid
4822,LN104725,763,57600.0,99.0,RENT,major_purchase,4900.0,36,Source Verified,1,15.1,10.89,Fully Paid
4823,LN101019,730,-1.0,4.6,MORTGAGE,debt_consolidation,10100.0,36,Source Verified,0,0.0,9.74,Fully Paid
4824,LN105101,794,43000.0,2.6,OTHER,debt_consolidation,24100.0,60,Source Verified,1,27.0,13.87,Fully Paid
4825,LN102082,615,-1.0,1.4,MORTGAGE,small_business,40000.0,36,Source Verified,0,0.0,15.83,Charged Off
4826,LN103994,729,47800.0,8.8,OWN,credit_card,7700.0,60,Verified,1,8.4,12.74,Current
4827,LN101786,762,29100.0,16.9,MORTGAGE,credit_card,7400.0,36,Source Verified,0,28.0,14.34,Current
4828,LN102123,694,58800.0,8.5,MORTGAGE,credit_card,11500.0,60,Verified,0,2.4,13.04,Fully Paid
4829,LN102221,640,49700.0,4.0,MORTGAGE,home_improvement,4700.0,36,Verified,0,3.0,9.99,Fully Paid
4830,LN105092,0,49400.0,2.0,MORTGAGE,credit_card,12700.0,36,Verified,0,19.3,12.59,Current
4831,LN101075,705,48100.0,1.5,OWN,home_improvement,14800.0,60,Verified,0,10.2,13.37,Charged Off
4832,LN102949,766,62400.0,6.5,MORTGAGE,debt_consolidation,13600.0,36,Source Verified,1,8.6,10.86,Fully Paid
4833,LN103860,611,28700.0,5.7,RENT,credit_card,5400.0,36,Source Verified,1,41.8,16.87,Current
4834,LN105057,665,57500.0,8.8,RENT,debt_consolidation,6600.0,36,Not Verified,0,5.2,14.38,Current
4835,LN103903,675,77900.0,4.2,MORTGAGE,credit_card,7900.0,36,Source Verified,0,6.7,12.81,Current
4836,LN101849,733,-1.0,4.0,RENT,major_purchase,13400.0,36,Not Verified,0,0.0,11.3,Current
4837,LN105148,690,40600.0,13.7,MORTGAGE,debt_consolidation,5600.0,60,Source Verified,0,17.7,15.1,Charged Off
4838,LN102795,734,72100.0,5.7,RENT,major_purchase,19100.0,36,Verified,1,3.2,10.21,Current
4839,LN105103,681,60600.0,6.5,OTHER,small_business,3700.0,60,Verified,0,2.0,16.3,Charged Off
4840,LN104604,682,38100.0,3.5,MORTGAGE,small_business,10900.0,36,Not Verified,1,10.5,14.94,Fully Paid
4841,LN104806,819,36100.0,6.4,MORTGAGE,debt_consolidation,16300.0,60,Source Verified,0,9.6,10.74,Fully Paid
4842,LN100607,719,-1.0,0.5,RENT,credit_card,16900.0,36,Source Verified,0,0.0,14.82,Fully Paid
4843,LN104483,705,45600.0,18.6,RENT,debt_consolidation,10500.0,36,Not Verified,0,13.6,13.17,Fully Paid
4844,LN100867,664,-1.0,0.5,MORTGAGE,debt_consolidation,2900.0,60,Verified,1,0.0,13.84,Current
4845,LN102799,648,88800.0,10.3,RENT,debt_consolidation,14600.0,36,Verified,0,6.9,11.52,Fully Paid
4846,LN104244,704,43800.0,3.6,MORTGAGE,other,16900.0,36,Not Verified,1,29.9,14.55,Fully Paid
4847,LN103554,750,43300.0,6.9,OWN,small_business,5000.0,60,Not Verified,2,20.8,17.72,Current
4848,LN101273,714,48400.0,4.3,MORTGAGE,other,4400.0,36,Verified,0,5.1,10.96,Current
4849,LN104436,663,66100.0,16.2,RENT,debt_consolidation,7700.0,36,Source Verified,1,5.6,11.1,Current
4850,LN101115,695,104400.0,2.7,MORTGAGE,debt_consolidation,7400.0,60,Source Verified,2,1.4,14.75,Charged Off
4851,LN100540,580,54800.0,6.2,RENT,major_purchase,12900.0,36,Verified,0,0.6,13.06,Fully Paid
4852,LN102739,780,56700.0,8.0,RENT,home_improvement,17100.0,36,Verified,0,12.2,11.77,Fully Paid
4853,LN103656,675,-1.0,13.1,MORTGAGE,major_purchase,10000.0,60,Verified,0,0.0,11.82,Charged Off
4854,LN101466,606,51100.0,31.1,RENT,debt_consolidation,6400.0,60,Verified,0,20.6,16.64,Charged Off
4855,LN102657,628,25200.0,5.2,MORTGAGE,debt_consolidation,14800.0,36,Verified,1,21.4,14.04,Current
4856,LN100280,721,54000.0,0.6,OTHER,major_purchase,4100.0,36,Source Verified,1,26.9,11.81,Fully Paid
4857,LN102458,570,34900.0,7.8,OTHER,credit_card,26700.0,36,Source Verified,0,9.7,17.59,Charged Off
4858,LN100510,589,41200.0,9.8,MORTGAGE,debt_consolidation,7400.0,36,Source Verified,0,5.5,15.25,Charged Off
4859,LN104065,717,66700.0,9.4,MORTGAGE,home_improvement,34300.0,36,Source Verified,1,4.8,10.21,Fully Paid
4860,LN105198,651,61300.0,6.2,MORTGAGE,debt_consolidation,30700.0,36,Verified,0,4.5,11.22,Charged Off
4861,LN102605,632,49600.0,11.0,OTHER,debt_consolidation,15400.0,60,Source Verified,0,6.2,16.69,Current
4862,LN103766,750,64800.0,1.9,MORTGAGE,credit_card,22200.0,36,Verified,1,3.4,13.83,Fully Paid
4863,LN101514,581,28300.0,2.6,MORTGAGE,home_improvement,5200.0,60,Source Verified,0,43.2,13.17,Fully Paid
4864,LN100687,787,52700.0,2.3,MORTGAGE,debt_consolidation,4500.0,36,Source Verified,0,11.5,11.69,Fully Paid
4865,LN100335,611,36200.0,11.2,MORTGAGE,other,8500.0,60,Source Verified,0,6.0,13.6,Fully Paid
4866,LN104738,743,-1.0,14.0,RENT,major_purchase,6500.0,36,Source Verified,0,0.0,8.93,Charged Off
4867,LN102362,667,97500.0,1.3,MORTGAGE,debt_consolidation,9500.0,36,Source Verified,1,2.2,13.74,Current
4868,LN102027,521,37900.0,2.8,MORTGAGE,debt_consolidation,3400.0,36,Verified,1,16.6,18.27,Current
4869,LN100782,807,33600.0,99.0,MORTGAGE,debt_consolidation,10900.0,60,Verified,1,38.3,12.92,Fully Paid
4870,LN105195,751,30300.0,4.9,RENT,medical,7600.0,36,Not Verified,0,33.4,16.04,Charged Off
4871,LN105151,685,75100.0,3.6,RENT,major_purchase,15400.0,36,Not Verified,0,5.6,16.5,Fully Paid
4872,LN104717,667,57600.0,5.1,OWN,credit_card,5800.0,36,Source Verified,3,4.6,12.4,Fully Paid
4873,LN103578,726,34600.0,8.7,MORTGAGE,major_purchase,14400.0,60,Verified,0,5.4,14.67,Charged Off
4874,LN101157,786,39800.0,2.8,MORTGAGE,major_purchase,5800.0,36,Verified,0,5.9,9.28,Fully Paid
4875,LN100834,641,117200.0,3.4,MORTGAGE,other,5500.0,36,Source Verified,0,0.5,11.94,Current
4876,LN102043,640,81500.0,1.5,MORTGAGE,debt_consolidation,12900.0,36,Source Verified,0,3.0,13.41,Fully Paid
4877,LN104490,804,39600.0,1.4,MORTGAGE,home_improvement,9000.0,36,Not Verified,0,19.2,11.75,Fully Paid
4878,LN102623,704,41100.0,10.9,RENT,medical,10300.0,36,Source Verified,0,11.3,15.18,Fully Paid
4879,LN104032,728,61000.0,14.0,MORTGAGE,major_purchase,10600.0,60,Verified,0,12.7,12.62,Fully Paid
4880,LN102621,646,51100.0,1.3,MORTGAGE,credit_card,4900.0,36,Verified,0,0.9,12.76,Fully Paid
4881,LN103350,694,41300.0,5.3,RENT,debt_consolidation,6400.0,36,Verified,1,9.2,15.51,Fully Paid
4882,LN102783,759,73400.0,2.1,MORTGAGE,debt_consolidation,12400.0,60,Not Verified,0,3.9,13.53,Charged Off
4883,LN100949,453,33300.0,13.5,RENT,medical,10200.0,36,Not Verified,0,25.2,20.66,Charged Off
4884,LN101761,639,51400.0,4.7,RENT,medical,9300.0,60,Not Verified,0,5.8,17.37,Charged Off
4885,LN104078,664,45000.0,5.9,MORTGAGE,other,18100.0,36,Source Verified,0,24.2,14.99,Current
4886,LN102327,786,68800.0,2.3,MORTGAGE,debt_consolidation,11200.0,60,Verified,0,3.6,9.11,Fully Paid
4887,LN103711,733,81900.0,4.9,MORTGAGE,home_improvement,13500.0,60,Not Verified,1,3.0,14.92,Current
4888,LN100337,710,46200.0,3.6,RENT,credit_card,13800.0,36,Not Verified,0,7.4,14.0,Current
4889,LN103770,661,34100.0,99.0,MORTGAGE,debt_consolidation,13500.0,60,Verified,0,0.4,13.16,Charged Off
4890,LN102056,658,78000.0,5.0,MORTGAGE,debt_consolidation,8900.0,36,Verified,1,7.4,11.97,Current
4891,LN105165,645,86700.0,3.5,MORTGAGE,other,9000.0,36,Verified,0,6.0,10.05,Fully Paid
4892,LN100293,523,37000.0,2.2,MORTGAGE,credit_card,4500.0,36,Not Verified,0,14.8,14.81,Current
4893,LN102205,671,-1.0,4.6,RENT,other,21600.0,36,Source Verified,0,0.0,14.91,Fully Paid
4894,LN103413,667,57500.0,6.2,RENT,credit_card,5800.0,60,Verified,0,17.9,12.97,Current
4895,LN103193,613,144600.0,2.3,RENT,major_purchase,27700.0,36,Verified,0,6.5,11.44,Charged Off
4896,LN102593,736,55200.0,12.9,OWN,small_business,13600.0,60,Verified,0,10.1,13.45,Charged Off
4897,LN102072,561,67600.0,4.9,RENT,credit_card,14600.0,36,Not Verified,2,6.9,17.13,Charged Off
4898,LN100470,713,-1.0,9.2,MORTGAGE,home_improvement,11600.0,36,Not Verified,0,0.0,11.83,Current
4899,LN100557,623,59400.0,7.3,MORTGAGE,credit_card,7900.0,36,Verified,0,11.7,12.2,Fully Paid
4900,LN101262,742,56200.0,7.1,RENT,credit_card,25200.0,36,Source Verified,0,2.6,12.57,Current
4901,LN105135,669,45000.0,20.4,MORTGAGE,debt_consolidation,12700.0,36,Not Verified,0,14.3,11.49,Current
4902,LN103236,761,-1.0,6.6,OWN,debt_consolidation,7000.0,60,Source Verified,0,0.0,12.82,Current
4903,LN101022,717,24400.0,14.8,MORTGAGE,debt_consolidation,5900.0,36,Not Verified,0,12.7,8.63,Fully Paid
4904,LN100120,0,-1.0,5.4,MORTGAGE,credit_card,14300.0,36,Source Verified,1,0.0,14.57,Current
4905,LN100905,824,34800.0,4.7,RENT,credit_card,11500.0,36,Source Verified,0,16.2,10.27,Fully Paid
4906,LN103768,750,40500.0,1.7,RENT,debt_consolidation,15400.0,36,Source Verified,1,13.1,11.6,Charged Off
4907,LN101306,625,131300.0,4.1,MORTGAGE,debt_consolidation,31500.0,60,Verified,0,1.4,15.51,Charged Off
4908,LN103818,791,59400.0,23.0,MORTGAGE,debt_consolidation,18100.0,36,Not Verified,0,14.3,9.88,Fully Paid
4909,LN102558,783,50400.0,0.7,RENT,home_improvement,17700.0,60,Not Verified,0,8.4,14.47,Current
4910,LN101935,794,86900.0,2.1,MORTGAGE,debt_consolidation,14300.0,36,Verified,0,22.7,10.38,Fully Paid
4911,LN103881,781,54300.0,19.5,RENT,debt_consolidation,11300.0,36,Not Verified,0,15.7,12.25,Current
4912,LN103892,538,48800.0,4.5,RENT,other,15500.0,36,Source Verified,0,12.2,15.87,Current
4913,LN101093,702,54000.0,14.2,MORTGAGE,debt_consolidation,16500.0,36,Verified,0,4.3,11.52,Charged Off
4914,LN103855,568,44400.0,3.1,RENT,other,7700.0,36,Not Verified,1,2.2,19.11,Charged Off
4915,LN104036,833,47200.0,9.6,RENT,major_purchase,6600.0,36,Source Verified,0,27.3,9.36,Fully Paid
4916,LN100815,710,138300.0,1.6,OWN,credit_card,4200.0,36,Source Verified,0,7.9,10.19,Current
4917,LN105171,684,-1.0,2.8,RENT,debt_consolidation,7700.0,36,Source Verified,0,0.0,8.96,Charged Off
4918,LN101082,718,81300.0,20.3,MORTGAGE,medical,11200.0,36,Verified,0,11.6,8.82,Fully Paid
4919,LN101208,838,66700.0,11.8,RENT,debt_consolidation,5500.0,36,Not Verified,0,1.8,8.55,Fully Paid
4920,LN101289,744,33900.0,14.2,MORTGAGE,small_business,14200.0,36,Source Verified,0,4.2,14.79,Charged Off
4921,LN104191,743,84400.0,7.7,MORTGAGE,debt_consolidation,8100.0,36,Source Verified,1,2.8,11.44,Fully Paid
4922,LN102428,689,49900.0,2.8,RENT,major_purchase,21800.0,36,Source Verified,0,3.3,12.41,Fully Paid
4923,LN100604,649,-1.0,5.1,MORTGAGE,small_business,9500.0,36,Verified,0,0.0,13.68,Current
4924,LN102114,0,57900.0,2.6,RENT,medical,5600.0,36,Source Verified,1,5.3,16.6,Fully Paid
4925,LN100550,715,117400.0,28.0,MORTGAGE,medical,3500.0,60,Not Verified,0,2.4,16.12,Current
4926,LN102299,670,52600.0,14.0,MORTGAGE,other,10700.0,36,Source Verified,2,6.0,15.77,Charged Off
4927,LN100475,668,42500.0,5.4,MORTGAGE,major_purchase,18400.0,36,Verified,0,11.5,13.25,Current
4928,LN100212,0,99100.0,3.9,MORTGAGE,small_business,19900.0,36,Source Verified,0,8.2,14.09,Charged Off
4929,LN103512,649,-1.0,3.1,RENT,debt_consolidation,6400.0,60,Source Verified,0,0.0,14.76,Charged Off
4930,LN105012,598,55200.0,8.3,MORTGAGE,home_improvement,30000.0,60,Not Verified,0,12.9,19.93,Current
4931,LN102024,603,29600.0,7.7,RENT,medical,16500.0,36,Source Verified,1,20.2,19.34,Current
4932,LN102480,808,92600.0,9.2,RENT,credit_card,9800.0,36,Source Verified,0,3.8,10.39,Current
4933,LN100276,640,22100.0,11.0,MORTGAGE,credit_card,4500.0,36,Not Verified,2,30.7,15.49,Current
4934,LN104601,693,118200.0,5.3,MORTGAGE,credit_card,6600.0,36,Verified,0,13.1,11.0,Current
4935,LN104948,688,29400.0,6.8,OWN,debt_consolidation,10700.0,36,Source Verified,0,20.0,10.89,Charged Off
4936,LN102339,745,75600.0,1.5,RENT,small_business,9300.0,36,Source Verified,0,16.1,11.7,Current
4937,LN100901,697,-1.0,6.0,MORTGAGE,credit_card,25000.0,36,Verified,0,0.0,13.28,Fully Paid
4938,LN104544,727,107700.0,99.0,OWN,debt_consolidation,32600.0,60,Verified,0,10.5,14.79,Charged Off
4939,LN101409,723,100900.0,4.6,MORTGAGE,major_purchase,7400.0,36,Not Verified,0,2.9,11.09,Current
4940,LN100989,659,37700.0,3.3,RENT,small_business,13100.0,36,Source Verified,0,7.6,18.13,Fully Paid
4941,LN100303,669,46700.0,5.4,OWN,credit_card,8700.0,36,Not Verified,0,46.5,16.48,Charged Off
4942,LN103559,636,68300.0,5.7,MORTGAGE,credit_card,7400.0,60,Not Verified,0,15.0,14.45,Current
4943,LN104491,631,75800.0,3.7,OWN,credit_card,8400.0,36,Verified,0,14.9,12.88,Fully Paid
4944,LN105163,701,62000.0,6.6,RENT,credit_card,10700.0,36,Verified,0,1.5,13.92,Fully Paid
4945,LN101996,710,100400.0,3.2,MORTGAGE,medical,5200.0,60,Not Verified,0,2.8,12.12,Current
4946,LN102115,673,77300.0,5.3,MORTGAGE,home_improvement,11500.0,36,Source Verified,1,19.1,15.16,Charged Off
4947,LN101901,760,47200.0,11.2,MORTGAGE,credit_card,7900.0,36,Source Verified,0,22.9,12.04,Current
4948,LN100324,808,60100.0,4.9,OWN,debt_consolidation,10300.0,36,Source Verified,1,6.3,10.27,Fully Paid
4949,LN103332,567,30000.0,10.3,OTHER,debt_consolidation,17100.0,36,Source Verified,0,14.2,17.4,Charged Off
4950,LN101154,735,40500.0,4.3,MORTGAGE,credit_card,14000.0,60,Source Verified,1,16.2,14.69,Charged Off
4951,LN103472,761,59400.0,5.5,OTHER,major_purchase,6600.0,36,Source Verified,1,2.5,9.86,Charged Off
4952,LN101473,543,17100.0,8.1,MORTGAGE,home_improvement,17000.0,60,Not Verified,0,26.1,17.34,Charged Off
4953,LN103011,667,53900.0,4.6,MORTGAGE,other,11400.0,36,Source Verified,0,4.6,12.61,Fully Paid
4954,LN105125,786,83700.0,2.3,RENT,debt_consolidation,27100.0,36,Verified,0,7.4,10.35,Fully Paid
4955,LN100150,680,56000.0,2.4,OWN,debt_consolidation,23700.0,36,Source Verified,1,3.3,13.36,Fully Paid
4956,LN101121,690,-1.0,3.3,MORTGAGE,home_improvement,9500.0,36,Verified,0,0.0,11.63,Charged Off
4957,LN104556,713,45500.0,9.3,RENT,home_improvement,9100.0,36,Not Verified,1,18.7,13.51,Charged Off
4958,LN104074,611,32100.0,12.3,RENT,debt_consolidation,5600.0,36,Not Verified,0,3.2,13.76,Fully Paid
4959,LN101130,632,73000.0,2.5,OWN,debt_consolidation,9500.0,36,Verified,0,7.8,11.27,Fully Paid
4960,LN103954,692,45000.0,12.2,MORTGAGE,credit_card,8600.0,60,Source Verified,0,10.6,13.3,Fully Paid
4961,LN102797,673,50000.0,5.6,RENT,debt_consolidation,6900.0,36,Verified,3,2.7,14.89,Current
4962,LN102803,626,24700.0,11.0,OWN,debt_consolidation,3600.0,36,Source Verified,0,12.3,11.97,Current
4963,LN101048,628,54800.0,11.5,MORTGAGE,credit_card,4800.0,36,Source Verified,0,5.6,13.88,Charged Off
4964,LN100811,652,69300.0,3.5,MORTGAGE,debt_consolidation,10600.0,60,Source Verified,0,23.7,16.46,Current
4965,LN102709,683,69200.0,7.2,MORTGAGE,medical,16900.0,36,Source Verified,1,2.0,12.3,Current
4966,LN103910,778,156100.0,99.0,OTHER,debt_consolidation,10400.0,36,Source Verified,0,1.3,7.86,Charged Off
4967,LN101557,740,41500.0,1.4,RENT,debt_consolidation,6700.0,60,Source Verified,1,8.4,16.1,Charged Off
4968,LN101063,764,50800.0,3.9,MORTGAGE,debt_consolidation,14100.0,36,Verified,2,12.3,11.17,Current
4969,LN103154,650,53300.0,2.4,MORTGAGE,credit_card,7300.0,36,Verified,1,3.3,13.6,Charged Off
4970,LN102303,662,45000.0,3.4,MORTGAGE,debt_consolidation,9500.0,60,Source Verified,0,0.8,16.3,Current
4971,LN102982,677,91600.0,13.4,RENT,home_improvement,11600.0,60,Source Verified,0,6.9,14.9,Fully Paid
4972,LN104965,698,64900.0,10.4,RENT,other,19500.0,60,Source Verified,0,13.7,17.17,Charged Off
4973,LN105104,692,86300.0,3.1,RENT,credit_card,24800.0,36,Source Verified,0,1.6,11.96,Fully Paid
4974,LN100892,663,36900.0,4.5,MORTGAGE,debt_consolidation,11000.0,36,Source Verified,1,33.2,15.37,Charged Off
4975,LN102921,705,47200.0,10.7,MORTGAGE,debt_consolidation,9900.0,60,Not Verified,0,10.9,16.94,Fully Paid
4976,LN101100,763,53600.0,2.5,MORTGAGE,debt_consolidation,9500.0,36,Verified,1,23.5,9.98,Fully Paid
4977,LN102436,626,44100.0,1.7,MORTGAGE,debt_consolidation,15700.0,60,Not Verified,0,5.4,14.58,Current
4978,LN102984,604,26900.0,0.6,MORTGAGE,credit_card,11300.0,60,Verified,0,32.3,17.85,Charged Off
4979,LN101315,0,36000.0,4.1,MORTGAGE,credit_card,28300.0,36,Source Verified,0,15.3,16.29,Current
4980,LN101648,678,39200.0,4.1,MORTGAGE,debt_consolidation,10700.0,36,Not Verified,0,5.2,13.67,Fully Paid
4981,LN103103,758,42000.0,3.7,OWN,credit_card,6000.0,36,Verified,0,17.6,12.65,Charged Off
4982,LN105180,647,57600.0,2.7,MORTGAGE,debt_consolidation,6000.0,36,Not Verified,1,4.9,15.86,Charged Off
4983,LN104342,685,44500.0,5.5,OWN,debt_consolidation,17000.0,60,Source Verified,0,18.6,16.43,Fully Paid
4984,LN104241,635,52200.0,4.8,RENT,debt_consolidation,9800.0,36,Source Verified,1,31.3,14.12,Charged Off
4985,LN100795,682,96700.0,6.0,MORTGAGE,debt_consolidation,13500.0,36,Not Verified,0,14.4,12.61,Charged Off
4986,LN100589,795,15500.0,15.0,RENT,credit_card,6700.0,60,Source Verified,0,52.4,16.62,Fully Paid
4987,LN100073,722,56600.0,2.5,RENT,home_improvement,5100.0,36,Verified,1,11.7,13.17,Charged Off
4988,LN100460,710,76600.0,1.9,RENT,credit_card,6500.0,36,Source Verified,0,1.2,13.81,Fully Paid
4989,LN100486,639,41700.0,3.5,RENT,small_business,4000.0,36,Source Verified,0,19.4,11.95,Charged Off
4990,LN104542,570,51200.0,9.4,MORTGAGE,debt_consolidation,23400.0,60,Verified,0,13.3,18.31,Current
4991,LN102138,711,30700.0,2.6,OWN,debt_consolidation,6300.0,36,Source Verified,0,4.6,12.29,Current
4992,LN101229,727,65300.0,6.1,RENT,debt_consolidation,5900.0,36,Not Verified,0,9.3,12.53,Current
4993,LN100492,671,83500.0,4.2,MORTGAGE,credit_card,7800.0,36,Verified,0,0.9,11.34,Fully Paid
4994,LN104266,638,42300.0,1.8,MORTGAGE,debt_consolidation,7000.0,36,Source Verified,2,3.9,13.56,Current
4995,LN103693,604,254300.0,3.3,RENT,credit_card,10100.0,60,Not Verified,0,0.4,16.49,Current
4996,LN102352,688,119400.0,11.4,MORTGAGE,other,8100.0,60,Source Verified,0,8.8,12.84,Fully Paid
4997,LN102104,672,40600.0,10.0,RENT,debt_consolidation,7900.0,36,Verified,1,1.6,12.87,Charged Off
4998,LN101265,682,41500.0,10.2,MORTGAGE,credit_card,3900.0,36,Verified,0,30.4,12.89,Charged Off
4999,LN103418,699,49400.0,7.5,OWN,home_improvement,9600.0,36,Source Verified,1,9.0,8.6,Current
5000,LN100097,625,36600.0,16.5,OWN,credit_card,5600.0,60,Source Verified,1,5.9,15.44,Charged Off
5001,LN103273,665,31800.0,4.4,OWN,debt_consolidation,7300.0,60,Verified,0,30.2,14.96,Current
5002,LN105123,685,114400.0,13.0,RENT,small_business,6700.0,60,Verified,1,3.1,12.82,Fully Paid
5003,LN102527,666,79500.0,7.3,OWN,debt_consolidation,8600.0,36,Source Verified,0,9.7,11.48,Fully Paid
5004,LN101772,606,45400.0,2.8,MORTGAGE,medical,15000.0,60,Source Verified,0,9.5,17.76,Current
5005,LN101467,602,34500.0,0.4,RENT,home_improvement,13200.0,36,Source Verified,0,11.4,12.94,Fully Paid
5006,LN101749,748,86200.0,1.9,MORTGAGE,debt_consolidation,6700.0,36,Verified,1,8.2,999.0,Charged Off
5007,LN101478,665,-1.0,3.1,RENT,other,6900.0,60,Verified,0,0.0,12.0,Fully Paid
5008,LN101890,757,-1.0,13.4,RENT,debt_consolidation,9500.0,36,Source Verified,1,0.0,10.64,Current
5009,LN104194,773,-1.0,0.2,RENT,medical,15400.0,36,Verified,0,0.0,13.56,Fully Paid
5010,LN103140,678,45000.0,1.3,RENT,other,6200.0,36,Verified,0,7.6,14.16,Current
5011,LN102344,743,43400.0,4.7,MORTGAGE,debt_consolidation,15300.0,60,Verified,2,4.2,13.42,Fully Paid
5012,LN104443,624,54700.0,11.8,MORTGAGE,major_purchase,17400.0,36,Not Verified,0,20.4,13.68,Charged Off
5013,LN102950,614,28900.0,1.5,MORTGAGE,other,5600.0,60,Verified,0,31.2,13.99,Charged Off
5014,LN100601,652,57400.0,4.6,RENT,home_improvement,4900.0,60,Source Verified,0,1.0,14.16,Current
5015,LN103942,636,54100.0,99.0,OWN,credit_card,8700.0,36,Verified,0,10.2,11.87,Current
5016,LN103221,696,65400.0,9.5,OTHER,home_improvement,3700.0,36,Verified,0,6.4,11.35,Current
5017,LN100395,0,51100.0,18.0,MORTGAGE,credit_card,7500.0,36,Source Verified,0,9.3,14.34,Fully Paid
5018,LN100426,742,47800.0,8.7,MORTGAGE,small_business,13500.0,36,Not Verified,0,3.6,14.15,Current
5019,LN100021,646,81100.0,2.7,OWN,debt_consolidation,15600.0,36,Not Verified,0,21.1,12.79,Charged Off
5020,LN101038,0,64400.0,8.1,MORTGAGE,debt_consolidation,18200.0,60,Source Verified,0,8.8,16.93,Fully Paid
5021,LN102300,658,72000.0,9.2,MORTGAGE,home_improvement,5800.0,36,Source Verified,0,4.0,999.0,Current
5022,LN100844,699,38700.0,1.9,MORTGAGE,debt_consolidation,1800.0,60,Source Verified,0,16.5,12.17,Current
5023,LN103357,656,41900.0,4.1,MORTGAGE,small_business,7900.0,36,Verified,0,24.1,13.93,Fully Paid
5024,LN102893,647,32500.0,5.3,RENT,credit_card,5100.0,36,Source Verified,0,13.3,14.5,Fully Paid
5025,LN102602,684,50900.0,0.6,RENT,debt_consolidation,12400.0,36,Not Verified,0,0.3,13.96,Current
5026,LN103417,751,83400.0,5.3,MORTGAGE,other,13200.0,36,Not Verified,0,4.1,11.69,Charged Off
5027,LN104346,632,42700.0,19.1,OWN,debt_consolidation,17700.0,60,Verified,0,1.5,16.0,Current
5028,LN104835,642,54000.0,5.7,MORTGAGE,credit_card,4600.0,36,Source Verified,0,1.3,12.48,Charged Off
5029,LN101669,645,76500.0,4.6,MORTGAGE,debt_consolidation,5900.0,36,Verified,1,6.3,11.92,Charged Off
5030,LN103484,747,27500.0,4.0,MORTGAGE,credit_card,7500.0,60,Verified,1,2.7,11.29,Charged Off
5031,LN103502,731,32300.0,7.1,RENT,medical,8900.0,60,Not Verified,0,5.7,14.72,Fully Paid
5032,LN105037,640,49600.0,0.9,MORTGAGE,credit_card,5000.0,60,Source Verified,0,8.1,16.7,Charged Off
5033,LN101314,727,51500.0,7.9,MORTGAGE,small_business,4800.0,36,Verified,2,12.7,14.59,Charged Off
5034,LN101846,692,79300.0,11.0,MORTGAGE,debt_consolidation,9900.0,36,Source Verified,0,11.6,13.78,Fully Paid
5035,LN103088,700,104700.0,4.0,RENT,major_purchase,6200.0,36,Source Verified,0,5.3,7.55,Fully Paid
5036,LN100243,595,39200.0,5.8,MORTGAGE,debt_consolidation,8500.0,60,Verified,1,14.0,17.26,Current
5037,LN104162,725,72100.0,13.5,RENT,debt_consolidation,13700.0,36,Source Verified,2,14.4,12.94,Current
5038,LN104754,806,45600.0,2.4,OTHER,credit_card,14100.0,36,Not Verified,0,4.0,8.56,Current
5039,LN100933,797,35200.0,16.1,MORTGAGE,debt_consolidation,9100.0,36,Not Verified,0,13.4,10.24,Current
5040,LN102407,667,35300.0,4.2,MORTGAGE,other,7800.0,36,Not Verified,0,24.8,13.95,Current
5041,LN102143,716,59800.0,3.5,OWN,credit_card,21000.0,36,Not Verified,1,3.9,13.51,Charged Off
5042,LN101528,551,77500.0,6.7,RENT,credit_card,29000.0,36,Source Verified,1,3.6,16.87,Current
5043,LN101496,711,94200.0,4.9,MORTGAGE,debt_consolidation,10000.0,60,Source Verified,0,1.7,15.0,Current
5044,LN105190,697,49200.0,3.5,RENT,medical,5500.0,36,Source Verified,0,10.3,13.31,Charged Off
5045,LN102569,721,25500.0,5.6,OTHER,debt_consolidation,2300.0,60,Source Verified,1,41.4,15.55,Current
5046,LN101554,601,55500.0,12.5,MORTGAGE,other,20900.0,60,Not Verified,1,7.7,15.36,Current
5047,LN103022,716,-1.0,7.3,MORTGAGE,small_business,15200.0,60,Verified,0,0.0,12.98,Current
5048,LN104457,673,27600.0,6.5,MORTGAGE,debt_consolidation,7400.0,36,Source Verified,1,4.9,15.48,Fully Paid
5049,LN104580,667,-1.0,99.0,MORTGAGE,debt_consolidation,7700.0,36,Not Verified,0,0.0,10.8,Fully Paid
5050,LN103223,570,55000.0,5.8,RENT,debt_consolidation,14200.0,36,Not Verified,0,18.4,14.19,Current
5051,LN103399,658,39600.0,6.8,RENT,debt_consolidation,17500.0,36,Verified,0,5.8,14.45,Fully Paid
5052,LN103328,646,101600.0,11.0,MORTGAGE,debt_consolidation,5000.0,36,Verified,1,6.9,10.08,Fully Paid
5053,LN102359,792,39500.0,3.3,MORTGAGE,debt_consolidation,7800.0,36,Verified,1,23.8,10.61,Charged Off
5054,LN101808,693,44900.0,22.8,MORTGAGE,other,11700.0,60,Not Verified,0,37.0,11.8,Current
5055,LN102890,637,58000.0,7.1,RENT,debt_consolidation,19600.0,60,Source Verified,1,11.7,18.69,Charged Off
5056,LN102461,605,15700.0,2.1,RENT,other,22700.0,60,Source Verified,0,63.2,18.84,Charged Off
5057,LN104861,729,-1.0,19.7,RENT,debt_consolidation,19400.0,36,Not Verified,2,0.0,13.85,Fully Paid
5058,LN102506,789,33000.0,4.6,MORTGAGE,debt_consolidation,8300.0,36,Not Verified,0,38.1,12.2,Charged Off
5059,LN101185,601,46900.0,6.2,MORTGAGE,debt_consolidation,14800.0,36,Not Verified,0,11.0,13.14,Fully Paid
5060,LN102387,733,70000.0,4.2,MORTGAGE,home_improvement,10400.0,36,Verified,0,9.4,13.3,Charged Off
5061,LN104382,721,193200.0,16.6,MORTGAGE,debt_consolidation,32500.0,60,Not Verified,3,4.4,14.04,Current
5062,LN103320,586,51400.0,6.4,RENT,credit_card,5300.0,36,Verified,0,15.6,17.56,Fully Paid
5063,LN102553,554,28700.0,0.4,RENT,credit_card,7400.0,36,Source Verified,0,18.5,16.12,Fully Paid
5064,LN105045,779,77500.0,14.1,RENT,debt_consolidation,7700.0,36,Not Verified,0,10.8,12.38,Current
5065,LN104235,729,68100.0,4.5,OWN,major_purchase,13200.0,36,Source Verified,0,9.8,9.22,Fully Paid
5066,LN103925,748,50100.0,5.2,MORTGAGE,home_improvement,16200.0,60,Source Verified,2,21.1,15.23,Fully Paid
5067,LN104944,680,37700.0,99.0,RENT,debt_consolidation,15700.0,36,Source Verified,0,4.2,12.9,Charged Off
5068,LN101760,614,27700.0,7.1,MORTGAGE,medical,8900.0,36,Not Verified,0,12.5,15.27,Current
5069,LN103279,664,86800.0,5.4,OWN,debt_consolidation,10700.0,36,Verified,1,0.9,14.37,Charged Off
5070,LN101965,722,47800.0,9.1,OTHER,debt_consolidation,12500.0,36,Source Verified,0,1.3,10.44,Current
5071,LN102948,737,69900.0,1.2,MORTGAGE,small_business,13600.0,60,Verified,0,2.7,14.86,Current
5072,LN103142,675,84400.0,3.5,RENT,credit_card,11200.0,60,Source Verified,0,0.2,17.03,Fully Paid
5073,LN100444,0,38200.0,6.9,RENT,credit_card,11700.0,36,Verified,0,17.3,13.7,Fully Paid
5074,LN102087,660,44800.0,2.5,OWN,credit_card,9400.0,36,Source Verified,0,11.9,16.39,Fully Paid
5075,LN101264,687,89000.0,3.2,RENT,debt_consolidation,11300.0,36,Verified,0,4.2,10.89,Current
5076,LN102753,697,-1.0,0.8,MORTGAGE,other,12300.0,36,Source Verified,0,0.0,12.37,Charged Off
5077,LN102565,629,150400.0,5.6,MORTGAGE,home_improvement,2400.0,36,Not Verified,0,1.2,8.71,Current
5078,LN104450,640,63400.0,8.1,RENT,credit_card,3800.0,60,Not Verified,0,8.7,15.19,Current
5079,LN103929,0,24300.0,1.7,MORTGAGE,major_purchase,9600.0,36,Source Verified,0,18.4,16.22,Charged Off
5080,LN101076,776,36100.0,1.7,MORTGAGE,debt_consolidation,7800.0,36,Not Verified,1,17.0,12.82,Fully Paid
5081,LN102887,699,34600.0,15.4,MORTGAGE,debt_consolidation,11700.0,60,Source Verified,0,4.6,13.94,Charged Off
5082,LN103270,760,33000.0,4.2,MORTGAGE,home_improvement,6500.0,36,Source Verified,0,43.9,10.77,Current
5083,LN101227,653,44300.0,1.8,RENT,other,8000.0,60,Source Verified,0,34.3,16.73,Charged Off
5084,LN101151,753,84000.0,2.9,MORTGAGE,debt_consolidation,8100.0,36,Verified,0,13.7,12.67,Fully Paid
5085,LN103727,731,48000.0,0.9,MORTGAGE,medical,21300.0,36,Source Verified,0,1.7,11.24,Fully Paid
5086,LN104030,610,81100.0,1.1,MORTGAGE,credit_card,10400.0,60,Source Verified,0,3.1,15.24,Current
5087,LN103934,716,76400.0,10.6,OWN,debt_consolidation,5700.0,36,Source Verified,0,5.9,11.93,Current
5088,LN100417,776,70500.0,3.3,RENT,other,5200.0,60,Not Verified,0,5.4,9.87,Fully Paid
5089,LN105062,627,25000.0,5.3,MORTGAGE,debt_consolidation,8000.0,36,Verified,1,6.7,14.12,Current
5090,LN101242,799,48700.0,7.1,MORTGAGE,major_purchase,3500.0,36,Not Verified,0,16.4,9.27,Current
5091,LN101866,676,72600.0,8.2,OWN,credit_card,4300.0,36,Source Verified,0,10.3,13.47,Charged Off
5092,LN104253,571,84400.0,4.0,MORTGAGE,debt_consolidation,4300.0,36,Verified,0,4.1,13.76,Fully Paid
5093,LN103166,633,42500.0,11.6,OTHER,debt_consolidation,11700.0,60,Source Verified,0,25.8,15.36,Fully Paid
5094,LN103663,710,56000.0,4.1,MORTGAGE,credit_card,10100.0,36,Source Verified,0,7.2,11.15,Fully Paid
5095,LN103715,634,36000.0,3.3,RENT,debt_consolidation,11900.0,36,Not Verified,0,2.8,11.69,Fully Paid
5096,LN101278,714,44200.0,2.1,RENT,credit_card,11600.0,36,Not Verified,0,18.8,16.01,Charged Off
5097,LN102637,676,40500.0,5.1,MORTGAGE,debt_consolidation,3400.0,36,Source Verified,0,12.5,9.7,Fully Paid
5098,LN104856,595,31200.0,10.1,RENT,debt_consolidation,15600.0,36,Verified,0,13.3,13.16,Charged Off
5099,LN103110,705,74700.0,1.5,MORTGAGE,credit_card,9300.0,60,Source Verified,0,18.8,12.62,Fully Paid
5100,LN104338,692,71600.0,13.2,OWN,credit_card,6900.0,36,Verified,1,18.9,9.84,Current
5101,LN100884,619,34000.0,13.0,RENT,home_improvement,4700.0,60,Not Verified,0,38.6,18.01,Charged Off
5102,LN100620,661,97400.0,2.7,OWN,debt_consolidation,6700.0,36,Not Verified,0,1.7,10.82,Fully Paid
5103,LN102551,683,75600.0,0.4,RENT,home_improvement,14400.0,36,Not Verified,0,7.4,12.92,Current
5104,LN102970,757,42000.0,10.2,RENT,home_improvement,6300.0,36,Not Verified,0,16.3,10.13,Charged Off
5105,LN102207,718,41200.0,3.4,RENT,home_improvement,9500.0,36,Source Verified,1,21.3,13.01,Fully Paid
5106,LN103466,779,75900.0,2.5,RENT,debt_consolidation,22700.0,36,Not Verified,1,9.9,10.43,Current
5107,LN100537,765,116700.0,3.3,OWN,debt_consolidation,12300.0,60,Not Verified,0,3.0,12.15,Fully Paid
5108,LN103767,719,22300.0,19.8,RENT,debt_consolidation,12600.0,36,Not Verified,0,17.9,13.38,Current
5109,LN102288,753,29700.0,1.5,MORTGAGE,debt_consolidation,23000.0,36,Not Verified,0,8.3,12.3,Charged Off
5110,LN100013,763,122600.0,3.4,RENT,major_purchase,9400.0,36,Verified,0,6.0,9.4,Charged Off
5111,LN101681,623,31400.0,4.1,RENT,credit_card,9700.0,36,Source Verified,0,6.4,14.7,Current
5112,LN100740,0,66800.0,12.7,RENT,other,18300.0,36,Not Verified,0,13.0,13.48,Charged Off
5113,LN102976,639,31700.0,9.9,RENT,major_purchase,15100.0,60,Source Verified,0,6.1,17.06,Charged Off
5114,LN103386,688,65800.0,13.2,MORTGAGE,other,20200.0,60,Source Verified,0,11.3,14.64,Fully Paid
5115,LN101385,696,34500.0,3.7,RENT,debt_consolidation,16800.0,36,Source Verified,0,39.1,14.38,Current
5116,LN102843,738,30300.0,2.1,MORTGAGE,debt_consolidation,17200.0,36,Verified,0,1.8,10.06,Fully Paid
5117,LN102403,645,59900.0,0.5,RENT,debt_consolidation,11400.0,36,Not Verified,0,12.0,15.26,Fully Paid
5118,LN100334,692,71000.0,9.3,RENT,major_purchase,13600.0,36,Verified,1,2.4,12.28,Fully Paid
5119,LN102736,629,93600.0,9.8,MORTGAGE,debt_consolidation,12700.0,36,Source Verified,0,11.5,11.94,Charged Off
5120,LN104280,782,68800.0,9.0,MORTGAGE,credit_card,10000.0,60,Verified,0,0.9,12.63,Current
5121,LN104919,0,-1.0,21.0,RENT,home_improvement,12900.0,60,Verified,0,0.0,15.23,Fully Paid
5122,LN103495,687,105000.0,14.2,MORTGAGE,debt_consolidation,12700.0,36,Verified,0,2.4,12.22,Current
5123,LN102989,780,41600.0,99.0,MORTGAGE,other,12800.0,36,Not Verified,0,15.3,12.27,Current
5124,LN103397,673,54100.0,5.0,RENT,other,2800.0,36,Source Verified,1,6.5,13.6,Current
5125,LN103049,783,72000.0,10.3,RENT,other,8400.0,60,Not Verified,1,12.1,11.26,Current
5126,LN102235,622,131800.0,99.0,MORTGAGE,debt_consolidation,8200.0,60,Verified,0,4.2,13.66,Charged Off
5127,LN100941,748,23300.0,1.1,MORTGAGE,credit_card,5200.0,60,Source Verified,0,27.2,14.02,Current
5128,LN104380,816,51000.0,4.9,RENT,home_improvement,8300.0,60,Source Verified,1,15.0,10.16,Fully Paid
5129,LN102947,717,41400.0,99.0,MORTGAGE,medical,10500.0,36,Not Verified,0,15.0,14.58,Fully Paid
5130,LN101184,689,48800.0,1.6,MORTGAGE,debt_consolidation,10600.0,36,Source Verified,1,16.5,12.67,Fully Paid
5131,LN104261,763,130000.0,7.6,RENT,credit_card,17200.0,60,Not Verified,0,4.9,12.56,Current
5132,LN102277,813,23600.0,7.8,RENT,medical,15600.0,36,Verified,0,52.2,13.44,Fully Paid
5133,LN103931,739,58200.0,1.3,OWN,credit_card,6300.0,36,Source Verified,1,6.4,11.71,Charged Off
5134,LN101851,705,37500.0,7.0,OTHER,debt_consolidation,9900.0,36,Verified,0,24.0,13.74,Charged Off
5135,LN104137,703,53800.0,13.7,RENT,debt_consolidation,4100.0,60,Not Verified,0,12.4,13.61,Fully Paid
5136,LN102796,726,64600.0,6.1,MORTGAGE,home_improvement,5000.0,60,Verified,0,2.6,11.48,Fully Paid
5137,LN104875,661,61000.0,8.6,MORTGAGE,debt_consolidation,7500.0,36,Verified,1,2.1,12.03,Current
5138,LN101886,621,88800.0,2.6,RENT,credit_card,10200.0,60,Source Verified,0,4.7,15.06,Current
5139,LN103659,690,72800.0,3.6,MORTGAGE,credit_card,11400.0,60,Not Verified,0,5.8,13.02,Current
5140,LN103615,746,32600.0,4.7,MORTGAGE,debt_consolidation,9700.0,60,Verified,0,11.1,11.48,Charged Off
5141,LN103519,733,69400.0,2.6,MORTGAGE,home_improvement,9600.0,36,Source Verified,1,3.8,10.79,Current
5142,LN102397,678,58900.0,7.2,MORTGAGE,credit_card,9700.0,60,Not Verified,0,18.6,15.1,Current
5143,LN102093,743,95000.0,12.5,MORTGAGE,debt_consolidation,9100.0,36,Source Verified,1,7.8,9.05,Fully Paid
5144,LN102156,712,83800.0,5.4,RENT,debt_consolidation,16300.0,60,Source Verified,0,12.5,13.39,Current
5145,LN103689,778,43000.0,2.8,MORTGAGE,other,11400.0,36,Not Verified,0,7.4,11.21,Current
5146,LN100029,718,64300.0,2.4,RENT,major_purchase,7200.0,60,Not Verified,0,3.9,15.91,Fully Paid
5147,LN104277,674,115600.0,1.4,MORTGAGE,medical,13700.0,60,Source Verified,1,10.6,14.21,Fully Paid
5148,LN102669,647,43400.0,4.2,RENT,major_purchase,10700.0,60,Verified,0,1.7,14.57,Fully Paid
5149,LN103491,628,89000.0,99.0,RENT,credit_card,11500.0,36,Source Verified,0,12.1,15.32,Fully Paid
5150,LN104730,680,42000.0,7.0,MORTGAGE,major_purchase,12800.0,60,Not Verified,0,14.4,15.08,Fully Paid
5151,LN104200,637,44900.0,7.8,MORTGAGE,credit_card,6400.0,60,Not Verified,0,5.3,15.85,Fully Paid
5152,LN104156,713,62300.0,8.2,MORTGAGE,debt_consolidation,21300.0,60,Source Verified,0,12.9,12.05,Current
5153,LN101107,638,83800.0,3.2,MORTGAGE,credit_card,4900.0,36,Verified,0,6.5,11.66,Charged Off
5154,LN100490,761,103500.0,4.9,MORTGAGE,major_purchase,9200.0,60,Not Verified,0,1.0,9.81,Charged Off
5155,LN100315,671,68500.0,7.4,RENT,debt_consolidation,9500.0,60,Verified,0,2.4,12.52,Current
5156,LN101474,678,45300.0,11.4,RENT,credit_card,13900.0,60,Source Verified,0,19.1,17.51,Fully Paid
5157,LN100381,775,23500.0,5.8,RENT,debt_consolidation,6400.0,36,Not Verified,0,20.4,11.8,Fully Paid
5158,LN104518,671,73600.0,24.0,MORTGAGE,major_purchase,19500.0,36,Verified,0,2.0,11.2,Fully Paid
5159,LN105174,824,56700.0,1.4,RENT,medical,4700.0,36,Source Verified,0,10.1,7.56,Current
5160,LN103811,0,66900.0,3.9,RENT,debt_consolidation,12400.0,36,Not Verified,0,3.6,15.24,Current
5161,LN103595,850,91000.0,3.6,RENT,major_purchase,8200.0,36,Verified,0,7.6,6.35,Fully Paid
5162,LN100445,594,65200.0,6.6,RENT,debt_consolidation,6400.0,36,Source Verified,0,19.3,13.67,Current
5163,LN104759,654,39100.0,23.9,MORTGAGE,home_improvement,12300.0,36,Source Verified,2,4.1,12.52,Charged Off
5164,LN105120,701,44000.0,9.9,MORTGAGE,debt_consolidation,3700.0,36,Verified,0,10.9,10.31,Charged Off
5165,LN102827,815,26200.0,8.4,RENT,debt_consolidation,30100.0,36,Verified,0,30.6,11.0,Charged Off
5166,LN104072,680,38500.0,1.6,MORTGAGE,debt_consolidation,8300.0,36,Verified,0,10.8,9.55,Charged Off
5167,LN100626,663,38700.0,1.8,MORTGAGE,home_improvement,30400.0,36,Verified,0,21.4,13.27,Charged Off
5168,LN101112,615,73300.0,6.5,RENT,debt_consolidation,4200.0,60,Not Verified,1,7.8,16.0,Fully Paid
5169,LN101484,741,101000.0,14.2,RENT,credit_card,9500.0,36,Verified,0,3.2,11.59,Current
5170,LN104364,548,66600.0,4.5,RENT,credit_card,10700.0,60,Not Verified,0,13.3,19.53,Current
5171,LN102977,682,148800.0,1.0,RENT,other,5200.0,36,Verified,0,3.4,9.41,Fully Paid
5172,LN103195,0,123100.0,15.8,OWN,credit_card,9100.0,60,Verified,0,3.5,14.1,Charged Off
5173,LN103805,519,96400.0,9.4,MORTGAGE,debt_consolidation,4300.0,36,Source Verified,0,7.6,13.43,Current
5174,LN100011,741,132900.0,8.9,OWN,credit_card,24600.0,36,Verified,0,0.4,10.86,Current
5175,LN104210,692,30800.0,99.0,MORTGAGE,medical,4500.0,36,Verified,0,11.9,14.47,Charged Off
5176,LN100843,684,69500.0,4.2,RENT,credit_card,12200.0,36,Verified,0,20.1,12.02,Fully Paid
5177,LN101452,683,88600.0,99.0,MORTGAGE,small_business,10800.0,36,Verified,1,6.2,14.55,Fully Paid
5178,LN101973,800,44200.0,13.9,MORTGAGE,small_business,7600.0,36,Not Verified,0,7.4,12.13,Fully Paid
5179,LN101788,710,36000.0,5.9,MORTGAGE,credit_card,4700.0,36,Verified,0,14.6,12.91,Fully Paid
5180,LN102400,661,62300.0,1.7,RENT,other,3800.0,36,Source Verified,1,15.9,16.02,Fully Paid
5181,LN102700,746,47000.0,3.9,RENT,major_purchase,7100.0,36,Verified,0,25.1,12.33,Fully Paid
5182,LN100773,778,67600.0,4.9,RENT,debt_consolidation,12400.0,36,Source Verified,0,2.1,10.01,Current
5183,LN104786,604,82600.0,5.0,RENT,credit_card,14500.0,36,Source Verified,1,2.8,12.9,Fully Paid
5184,LN100790,642,83200.0,3.3,MORTGAGE,debt_consolidation,12800.0,36,Verified,0,8.3,12.72,Current
5185,LN102915,816,73100.0,7.3,MORTGAGE,debt_consolidation,7400.0,60,Source Verified,0,6.8,10.41,Fully Paid
5186,LN104265,659,62200.0,11.8,MORTGAGE,debt_consolidation,11300.0,36,Verified,0,27.1,16.33,Fully Paid
5187,LN103349,630,93100.0,4.3,MORTGAGE,home_improvement,10700.0,36,Source Verified,1,6.9,13.84,Current
5188,LN102121,693,72100.0,7.3,OWN,credit_card,15500.0,36,Source Verified,0,13.5,9.99,Current
5189,LN101553,666,55100.0,0.6,OWN,credit_card,16200.0,60,Source Verified,0,9.0,14.27,Current
5190,LN103134,656,40100.0,0.3,MORTGAGE,medical,16500.0,36,Not Verified,0,18.5,15.85,Fully Paid
5191,LN104846,749,32400.0,8.4,MORTGAGE,major_purchase,15900.0,36,Verified,0,12.9,8.12,Fully Paid
5192,LN102878,636,60600.0,3.1,MORTGAGE,small_business,7700.0,60,Not Verified,2,9.6,17.77,Charged Off
5193,LN101819,673,43500.0,2.1,OTHER,credit_card,4600.0,36,Source Verified,1,17.4,13.47,Fully Paid
5194,LN102810,649,144900.0,4.2,OWN,debt_consolidation,14600.0,36,Verified,0,3.3,12.18,Current
5195,LN100591,706,-1.0,6.5,MORTGAGE,other,10800.0,60,Verified,0,0.0,13.2,Current
5196,LN104903,702,133200.0,11.8,MORTGAGE,credit_card,8500.0,60,Not Verified,0,6.1,16.1,Charged Off
5197,LN105179,647,20800.0,9.4,MORTGAGE,debt_consolidation,21900.0,60,Not Verified,1,65.0,19.42,Fully Paid
5198,LN101044,640,34100.0,1.3,MORTGAGE,other,12300.0,36,Verified,0,11.9,13.0,Current
5199,LN104040,696,36700.0,4.4,MORTGAGE,major_purchase,11800.0,60,Verified,1,18.4,12.23,Fully Paid
5200,LN104748,622,49300.0,2.9,MORTGAGE,credit_card,8900.0,36,Source Verified,0,26.7,17.13,Fully Paid
5201,LN100244,828,61700.0,6.8,OWN,other,4800.0,36,Not Verified,1,9.5,8.77,Fully Paid
5202,LN101387,619,105100.0,2.1,OWN,debt_consolidation,6000.0,60,Verified,0,2.7,13.78,Fully Paid
5203,LN102022,698,33600.0,6.9,MORTGAGE,other,4500.0,36,Not Verified,0,48.3,13.72,Fully Paid
5204,LN100059,753,82200.0,5.6,MORTGAGE,debt_consolidation,4500.0,36,Not Verified,0,0.8,11.06,Current
5205,LN100176,793,39200.0,20.4,RENT,credit_card,13700.0,36,Verified,0,12.8,11.18,Current
5206,LN100449,715,89600.0,2.4,OTHER,home_improvement,6000.0,36,Source Verified,0,6.5,10.44,Current
5207,LN104081,746,38100.0,6.3,RENT,major_purchase,5300.0,36,Source Verified,0,0.5,10.7,Current
5208,LN100055,648,68000.0,18.1,OWN,credit_card,19200.0,60,Source Verified,0,6.9,16.25,Current
5209,LN103457,629,126400.0,2.0,MORTGAGE,debt_consolidation,17000.0,60,Source Verified,2,1.7,17.05,Charged Off
5210,LN105188,697,51500.0,6.7,RENT,credit_card,4300.0,36,Not Verified,1,9.3,11.32,Current
5211,LN101768,630,25800.0,2.3,MORTGAGE,small_business,31900.0,36,Not Verified,1,39.7,21.39,Fully Paid
5212,LN101737,0,25400.0,5.0,MORTGAGE,credit_card,13000.0,60,Source Verified,0,9.3,14.24,Fully Paid
5213,LN103240,762,50800.0,5.4,RENT,debt_consolidation,12000.0,60,Verified,0,12.4,11.83,Fully Paid
5214,LN104737,748,51100.0,13.4,MORTGAGE,credit_card,7600.0,60,Verified,1,4.0,11.72,Fully Paid
