season,home_team,away_team,home_record,away_record,home_ppg,away_ppg,home_papg,away_papg,home_rest_days,away_rest_days,home_back_to_back,away_back_to_back,home_injuries,away_injuries,home_star_out,away_star_out,away_travel_distance,public_bet_pct_home,sharp_bet_pct_home,betting_volume,venue_capacity_pct,days_since_last_meeting,sportsbook,opening_spread_home,closing_moneyline_home,closing_spread_home,home_margin
2024,Kings,Nuggets,34-13,28-7,106.5 pts,115.4 pts,103.2 pts,107.7 pts,1 days,1 days,No,No,1 players,0 players,No,No,876 miles,52%,52%,$2.5M,73%,113,fanduel,1.0,133,1.0,7.6
2021,Celtics,Nets,23-20,11-7,106.1 pts,100.4 pts,114.3 pts,109.0 pts,4 days,2 days,No,No,0 players,0 players,No,No,"1,188 miles",57%,57%,$4.4M,66%,16,FanDuel,-4.0,-194,-4.5,8.0
2024,Kings,Raptors,22-8,16-26,113.8 pts,105.9 pts,110.5 pts,110.0 pts,3 days,2 days,No,No,0 players,0 players,No,No,583 miles,61%,62%,$0.6M,89%,130,CAESARS,-7.5,-272,-8.0,-6.2
2022,Cavaliers,Spurs,19-18,25-8,106.2 pts,113.3 pts,114.9 pts,107.8 pts,3 days,4 days,No,No,1 players,1 players,No,No,914 miles,61%,70%,$1.2M,89%,183,CAESARS,3.0,172,3.5,-4.2
2022,Celtics,Pacers,9-8,3-16,101.9 pts,111.5 pts,114.0 pts,107.2 pts,0 days,0 days,Yes,Yes,1 players,0 players,No,No,814 miles,77%,80%,$0.6M,86%,305,draftkings,1.5,124,1.5,9.0
2024,Nuggets,Thunder,9-2,11-38,108.0 pts,104.1 pts,111.1 pts,112.0 pts,0 days,4 days,Yes,No,1 players,2 players,No,No,"2,046 miles",31%,36%,$0.8M,83%,30,CAESARS,-7.5,-284,-8.5,24.2
2021,Hornets,Nuggets,22-7,44-14,106.6 pts,111.8 pts,108.8 pts,107.9 pts,1 days,3 days,No,No,0 players,0 players,No,No,"1,000 miles",36%,53%,$4.8M,81%,54,draftkings,2.5,123,1.0,12.5
2023,Spurs,Celtics,39-26,5-11,108.5 pts,103.5 pts,116.1 pts,113.9 pts,4 days,2 days,No,No,0 players,1 players,No,No,998 miles,48%,58%,$0.3M,81%,281,CAESARS,-6.5,-252,-7.5,22.0
2022,Warriors,Hornets,3-62,9-8,95.4 pts,106.6 pts,113.1 pts,111.9 pts,1 days,4 days,No,No,0 players,1 players,No,No,"1,892 miles",39%,49%,$1.9M,95%,118,BetMGM,7.0,253,7.5,-18.1
2022,Mavericks,Grizzlies,12-4,24-43,112.2 pts,111.1 pts,115.2 pts,114.0 pts,1 days,0 days,No,Yes,1 players,0 players,Yes,No,"2,180 miles",42%,43%,$0.3M,85%,47,betmgm,-2.0,-159,-2.5,1.5
2024,Bucks,Celtics,34-38,11-16,105.6 pts,112.0 pts,110.5 pts,109.3 pts,1 days,0 days,No,Yes,0 players,2 players,No,No,Unknown,74%,95%,$2.6M,81%,5,BetMGM,-1.5,-149,-2.0,-7.6
2023,Kings,Blazers,48-18,2-58,113.4 pts,100.0 pts,107.4 pts,121.0 pts,2 days,1 days,No,No,2 players,1 players,No,No,170 miles,18%,28%,$0.3M,95%,66,betmgm,-19.5,-542,-20.5,24.4
2024,Blazers,76ers,1-20,10-34,95.1 pts,106.5 pts,116.4 pts,114.7 pts,0 days,1 days,Yes,No,1 players,0 players,No,No,"2,242 miles",53%,65%,$0.4M,79%,176,DraftKings,4.0,188,3.5,3.3
2021,Bulls,Hawks,11-35,20-6,108.1 pts,106.3 pts,116.6 pts,107.2 pts,4 days,0 days,No,Yes,1 players,1 players,No,Yes,828 miles,52%,55%,$1.7M,100%,214,betmgm,0.0,159,2.5,2.6
2023,Nuggets,76ers,14-6,3-12,108.2 pts,101.3 pts,113.3 pts,116.3 pts,0 days,4 days,Yes,No,2 players,1 players,No,No,Unknown,69%,87%,$0.3M,88%,160,BetMGM,-8.5,-292,-8.5,25.3
2022,Hornets,Kings,19-10,14-10,107.9 pts,110.4 pts,106.5 pts,108.0 pts,1 days,2 days,No,No,0 players,0 players,No,No,Unknown,24%,18%,$2.6M,100%,257,betmgm,-4.5,-145,-2.5,0.9
2021,Hawks,Bucks,33-3,15-47,113.8 pts,110.7 pts,107.2 pts,108.4 pts,2 days,1 days,No,No,1 players,0 players,No,No,868 miles,55%,66%,$0.4M,100%,74,fanduel,-8.5,-319,-10.0,5.5
2024,Hawks,Pistons,19-11,62-8,108.1 pts,107.0 pts,105.4 pts,106.9 pts,0 days,2 days,Yes,No,0 players,2 players,No,No,404 miles,68%,69%,$0.3M,90%,22,betmgm,-0.5,-111,-1.0,9.7
2022,Rockets,Wizards,2-24,31-26,103.8 pts,107.7 pts,118.2 pts,106.2 pts,0 days,0 days,Yes,Yes,0 players,Not Reported,No,Yes,289 miles,45%,65%,$2.4M,85%,364,betmgm,10.5,327,11.0,-23.1
2021,Magic,Nuggets,16-39,41-17,101.1 pts,116.0 pts,116.2 pts,109.0 pts,3 days,1 days,No,No,0 players,0 players,No,No,420 miles,64%,60%,$2.3M,81%,133,BetMGM,12.0,334,12.0,-16.3
2024,Clippers,Heat,30-36,38-35,107.7 pts,113.4 pts,108.7 pts,115.4 pts,1 days,1 days,No,No,0 players,0 players,No,Yes,"1,069 miles",74%,82%,$1.1M,70%,373,betmgm,-6.0,-203,-5.5,9.5
2024,Wizards,Blazers,27-20,7-65,111.1 pts,90.0 pts,105.6 pts,119.0 pts,1 days,4 days,No,No,0 players,1 players,No,Yes,Unknown,54%,60%,$0.4M,77%,19,FanDuel,-24.5,-635,-24.5,25.8
2021,Spurs,Wizards,15-14,6-6,113.7 pts,108.6 pts,110.4 pts,116.2 pts,1 days,3 days,No,No,1 players,0 players,No,No,728 miles,66%,63%,$1.1M,86%,246,Caesars,-3.0,-151,-2.0,3.2
2022,Jazz,Magic,0-25,10-50,105.2 pts,107.8 pts,117.7 pts,112.2 pts,0 days,1 days,Yes,No,1 players,0 players,No,No,Unknown,56%,23%,$0.3M,75%,283,BetMGM,2.0,166,3.5,-11.6
2024,Kings,Grizzlies,29-15,18-40,115.5 pts,106.5 pts,110.5 pts,115.0 pts,2 days,2 days,No,No,0 players,0 players,No,No,"1,090 miles",47%,67%,$1.6M,97%,247,fanduel,-12.0,-345,-11.0,5.5
2024,76ers,Pelicans,14-47,10-12,106.9 pts,109.9 pts,118.4 pts,110.3 pts,3 days,0 days,No,Yes,0 players,1 players,No,No,837 miles,44%,46%,$0.2M,100%,267,draftkings,3.0,138,2.0,0.6
2023,Hornets,Jazz,31-15,6-33,105.8 pts,108.3 pts,108.6 pts,117.9 pts,4 days,4 days,No,No,0 players,0 players,No,Yes,181 miles,44%,71%,$1.9M,100%,330,BetMGM,-16.5,-504,-18.5,43.8
2021,Hawks,Lakers,9-2,8-60,110.6 pts,104.0 pts,109.1 pts,114.2 pts,1 days,2 days,No,No,0 players,0 players,No,No,959 miles,41%,36%,$0.3M,88%,269,fanduel,-13.5,-393,-14.0,30.5
2021,Hornets,Heat,9-2,7-8,109.2 pts,109.8 pts,112.9 pts,106.1 pts,0 days,1 days,Yes,No,2 players,0 players,No,Yes,"2,006 miles",36%,41%,$1.4M,85%,325,fanduel,0.0,-130,-0.5,-14.7
2022,Hornets,Pistons,33-18,32-5,111.7 pts,113.5 pts,109.6 pts,104.5 pts,1 days,4 days,No,No,1 players,0 players,No,No,219 miles,20%,21%,$0.4M,85%,59,FanDuel,6.0,248,7.5,-12.0
2023,Grizzlies,Hawks,23-36,13-8,107.1 pts,113.4 pts,104.9 pts,109.4 pts,1 days,3 days,No,No,1 players,0 players,No,No,"1,724 miles",22%,28%,$1.8M,94%,69,FanDuel,6.0,212,5.5,-0.6
2022,Kings,Jazz,38-26,9-60,109.5 pts,105.2 pts,110.7 pts,114.4 pts,0 days,2 days,Yes,No,2 players,0 players,No,No,"1,013 miles",54%,41%,$0.7M,86%,316,betmgm,-8.5,-293,-8.5,28.8
2024,Nets,Cavaliers,10-4,24-23,103.7 pts,106.7 pts,105.9 pts,115.5 pts,3 days,2 days,No,No,1 players,2 players,No,No,"1,504 miles",36%,16%,$3.3M,95%,235,DRAFTKINGS,-8.0,-247,-6.5,23.9
2024,Bulls,Magic,20-49,7-35,102.6 pts,104.4 pts,116.8 pts,115.2 pts,4 days,3 days,No,No,0 players,1 players,No,No,"1,695 miles",68%,75%,$0.9M,80%,308,DraftKings,-4.0,-226,-5.5,-1.6
2022,Hawks,Grizzlies,30-16,14-26,113.4 pts,104.1 pts,109.3 pts,110.5 pts,4 days,2 days,No,No,0 players,0 players,Yes,Yes,422 miles,85%,58%,$4.1M,82%,186,CAESARS,-12.0,-360,-11.5,12.9
2022,Timberwolves,Wizards,0-16,9-9,104.9 pts,104.8 pts,112.7 pts,106.5 pts,2 days,3 days,No,No,1 players,0 players,Yes,No,653 miles,37%,28%,$2.6M,79%,42,Caesars,7.5,250,7.5,-16.9
2022,Hornets,Celtics,41-21,31-35,111.9 pts,105.0 pts,106.5 pts,106.6 pts,0 days,2 days,Yes,No,0 players,0 players,No,No,Unknown,72%,60%,$2.9M,76%,398,draftkings,-7.0,-225,-5.5,4.7
2021,Jazz,Raptors,9-55,10-34,105.5 pts,105.4 pts,114.3 pts,113.9 pts,4 days,1 days,No,No,Not Reported,1 players,No,Yes,639 miles,33%,46%,$0.9M,80%,138,fanduel,-1.5,-129,-1.5,26.4
2021,Magic,Wizards,16-43,10-13,106.9 pts,105.4 pts,121.7 pts,109.0 pts,1 days,2 days,No,No,2 players,0 players,No,No,"1,113 miles",45%,54%,$1.8M,90%,307,draftkings,6.5,207,5.5,1.0
2024,Raptors,Heat,15-15,36-33,107.1 pts,105.9 pts,110.3 pts,106.1 pts,3 days,1 days,No,No,0 players,1 players,No,Yes,"2,203 miles",53%,59%,$0.6M,59%,394,FanDuel,-5.5,-257,-7.0,-17.0
2023,Nets,Magic,23-10,9-50,107.6 pts,104.0 pts,108.1 pts,113.2 pts,2 days,1 days,No,No,Not Reported,Not Reported,No,No,"1,470 miles",34%,56%,$0.9M,77%,392,DRAFTKINGS,-12.5,-357,-11.5,20.3
2024,Blazers,Magic,2-30,7-20,97.5 pts,106.6 pts,105.3 pts,114.6 pts,3 days,0 days,No,Yes,2 players,2 players,Yes,No,945 miles,53%,42%,$1.1M,79%,21,DraftKings,1.0,-93,0.0,7.6
2023,Jazz,Grizzlies,3-29,9-18,96.7 pts,106.7 pts,116.2 pts,115.5 pts,2 days,0 days,No,Yes,1 players,1 players,No,No,Unknown,61%,73%,$0.3M,75%,272,CAESARS,1.5,104,0.5,1.4
2021,Nets,Raptors,28-8,28-44,110.7 pts,104.2 pts,112.7 pts,111.9 pts,1 days,1 days,No,No,0 players,0 players,No,No,"1,131 miles",45%,53%,$0.6M,83%,255,DRAFTKINGS,-9.0,-287,-8.5,12.7
2021,Hornets,Blazers,25-7,3-20,106.2 pts,104.0 pts,114.3 pts,113.0 pts,1 days,3 days,No,No,1 players,0 players,Yes,No,"1,431 miles",82%,71%,$5.5M,77%,226,betmgm,-9.5,-336,-10.5,11.3
2021,Hornets,Celtics,42-20,33-37,111.1 pts,100.7 pts,110.9 pts,108.2 pts,2 days,1 days,No,No,0 players,0 players,Yes,No,524 miles,68%,49%,$0.3M,86%,320,CAESARS,-6.5,-214,-5.5,3.8
2024,Hornets,Celtics,12-3,31-34,114.7 pts,107.3 pts,112.6 pts,109.8 pts,4 days,1 days,No,No,0 players,0 players,No,No,984 miles,50%,48%,$0.5M,83%,300,BetMGM,-8.0,-252,-7.0,5.5
2021,Jazz,Hornets,5-25,17-16,101.2 pts,107.5 pts,114.8 pts,114.8 pts,1 days,2 days,No,No,3 players,0 players,No,No,806 miles,62%,71%,$0.3M,76%,294,FanDuel,11.5,311,11.0,-7.5
2022,Hornets,Timberwolves,17-2,5-54,110.4 pts,98.8 pts,106.5 pts,116.0 pts,1 days,3 days,No,No,1 players,1 players,No,No,905 miles,72%,76%,$2.1M,80%,17,draftkings,-19.0,-518,-19.0,34.0
2021,Pistons,Grizzlies,37-6,5-5,115.2 pts,106.8 pts,106.5 pts,117.9 pts,3 days,2 days,No,No,1 players,0 players,No,No,"2,301 miles",61%,66%,$0.3M,72%,236,betmgm,-19.0,-488,-18.0,-7.6
2021,Thunder,Suns,28-46,34-27,105.3 pts,100.8 pts,114.4 pts,107.9 pts,0 days,0 days,Yes,Yes,0 players,0 players,No,No,268 miles,36%,38%,$2.1M,65%,132,DRAFTKINGS,-4.5,-158,-3.5,7.9
2023,Mavericks,Cavaliers,26-32,19-22,101.1 pts,102.6 pts,109.1 pts,109.8 pts,2 days,1 days,No,No,2 players,0 players,No,Yes,100 miles,48%,42%,$4.0M,92%,22,FanDuel,-5.5,-170,-3.0,23.8
2024,Jazz,Cavaliers,9-53,25-25,108.9 pts,105.9 pts,118.7 pts,114.6 pts,2 days,4 days,No,No,0 players,0 players,No,No,"1,022 miles",71%,62%,$3.6M,94%,215,BetMGM,5.5,194,4.5,18.7
2021,Blazers,Lakers,0-48,3-11,105.8 pts,107.5 pts,118.0 pts,114.2 pts,0 days,2 days,Yes,No,1 players,Not Reported,No,No,272 miles,50%,35%,$1.2M,100%,260,betmgm,-0.5,-93,0.0,-14.2
2024,Knicks,Pelicans,17-19,35-25,108.3 pts,108.5 pts,109.3 pts,107.6 pts,0 days,1 days,Yes,No,0 players,0 players,No,No,558 miles,30%,21%,$1.0M,87%,361,BetMGM,1.5,167,3.0,-11.1
2022,Pistons,Kings,15-1,34-19,114.8 pts,106.7 pts,101.4 pts,113.5 pts,4 days,2 days,No,No,0 players,0 players,No,No,"2,261 miles",49%,35%,$1.8M,75%,53,DRAFTKINGS,-17.0,-497,-18.0,7.4
2021,Lakers,Kings,5-23,34-26,99.3 pts,112.4 pts,116.7 pts,110.8 pts,0 days,0 days,Yes,Yes,0 players,0 players,No,No,596 miles,59%,57%,$0.4M,83%,140,fanduel,9.0,254,8.5,-8.9
2021,Nuggets,76ers,38-8,3-7,111.3 pts,107.3 pts,107.5 pts,115.1 pts,4 days,3 days,No,No,0 players,1 players,No,No,"2,274 miles",68%,73%,$1.2M,93%,254,DraftKings,-17.0,-493,-18.0,11.8
2024,Lakers,Kings,7-24,31-31,102.3 pts,108.0 pts,112.8 pts,107.7 pts,1 days,2 days,No,No,2 players,0 players,No,No,"2,288 miles",52%,33%,$2.4M,75%,283,caesars,9.5,306,10.5,-15.9
2024,Hornets,Nets,46-21,30-19,100.2 pts,106.5 pts,110.1 pts,110.2 pts,0 days,4 days,Yes,No,1 players,0 players,No,No,"2,010 miles",62%,61%,$2.0M,96%,203,caesars,1.5,106,0.5,-16.7
2023,Thunder,Nuggets,37-33,36-17,104.3 pts,113.0 pts,112.4 pts,109.9 pts,0 days,1 days,Yes,No,1 players,0 players,No,No,"2,152 miles",47%,21%,$1.6M,62%,342,betmgm,8.0,277,8.5,-17.3
2023,Heat,Hawks,21-11,21-10,104.3 pts,110.0 pts,111.8 pts,107.5 pts,2 days,1 days,No,No,1 players,0 players,No,No,811 miles,63%,64%,$1.2M,93%,169,betmgm,4.5,192,4.5,-0.8
2021,Nuggets,Raptors,9-1,6-23,111.2 pts,107.1 pts,105.0 pts,110.6 pts,2 days,0 days,No,Yes,3 players,1 players,No,No,"1,340 miles",68%,75%,$4.2M,81%,148,FanDuel,-11.0,-357,-11.0,-2.4
2024,Clippers,Wizards,32-33,26-24,113.7 pts,113.8 pts,113.4 pts,111.1 pts,1 days,1 days,No,No,0 players,0 players,No,No,"1,368 miles",65%,80%,$3.4M,88%,267,DRAFTKINGS,0.5,127,1.0,24.6
2024,Jazz,Suns,8-62,13-6,106.0 pts,111.8 pts,111.7 pts,109.1 pts,1 days,2 days,No,No,1 players,0 players,No,No,"1,275 miles",58%,45%,$1.9M,65%,238,DraftKings,5.5,220,5.5,-42.8
2023,Nuggets,Raptors,40-8,13-36,111.3 pts,104.3 pts,112.0 pts,108.5 pts,4 days,3 days,No,No,0 players,1 players,No,No,"1,171 miles",39%,48%,$0.8M,68%,258,FanDuel,-10.5,-305,-9.5,-13.6
2024,Raptors,Bucks,24-24,7-18,102.0 pts,105.3 pts,110.0 pts,118.0 pts,1 days,1 days,No,No,Not Reported,0 players,No,No,"2,451 miles",25%,27%,$2.6M,84%,233,fanduel,-4.0,-224,-5.5,-9.5
2022,Nets,Knicks,23-14,12-15,106.9 pts,104.8 pts,107.6 pts,108.2 pts,1 days,0 days,No,Yes,0 players,0 players,No,No,"1,481 miles",48%,52%,$0.3M,85%,354,betmgm,-6.0,-223,-6.0,4.9
2023,Grizzlies,Thunder,25-41,18-27,107.1 pts,104.6 pts,108.7 pts,116.0 pts,2 days,4 days,No,No,1 players,0 players,Yes,No,"1,518 miles",35%,16%,$4.0M,84%,106,DraftKings,-2.5,-152,-2.5,-1.3
2023,Heat,Cavaliers,35-19,12-13,113.2 pts,106.9 pts,108.6 pts,105.8 pts,2 days,0 days,No,Yes,0 players,1 players,No,Yes,"2,095 miles",57%,44%,$0.3M,82%,50,BetMGM,-7.0,-235,-6.5,-7.4
2021,Cavaliers,Hawks,42-31,27-12,107.5 pts,107.7 pts,114.2 pts,105.7 pts,2 days,1 days,No,No,0 players,0 players,No,No,"1,187 miles",45%,48%,$3.6M,99%,206,fanduel,0.0,137,2.5,-20.2
2022,Blazers,Pistons,1-73,61-5,94.2 pts,113.1 pts,112.3 pts,110.1 pts,4 days,0 days,No,Yes,0 players,1 players,No,No,"1,858 miles",64%,39%,$1.6M,92%,126,fanduel,17.5,479,18.5,-18.4
2022,Cavaliers,Timberwolves,23-13,12-58,110.0 pts,103.6 pts,113.9 pts,113.3 pts,3 days,1 days,No,No,Not Reported,0 players,No,Yes,"1,106 miles",85%,62%,$0.7M,90%,302,DraftKings,-12.0,-372,-12.0,-6.4
2024,Magic,Wizards,14-38,15-5,101.2 pts,110.4 pts,107.7 pts,105.9 pts,3 days,1 days,No,No,0 players,1 players,No,No,634 miles,32%,25%,$0.2M,77%,72,CAESARS,4.0,201,4.5,-10.9
2022,Heat,Warriors,31-19,4-64,108.6 pts,98.9 pts,103.3 pts,115.8 pts,4 days,0 days,No,Yes,1 players,0 players,Yes,No,301 miles,75%,62%,$3.6M,73%,129,FanDuel,-16.0,-457,-16.0,38.7
2023,Nuggets,Bulls,27-4,7-51,107.2 pts,101.0 pts,104.6 pts,110.9 pts,4 days,3 days,No,No,Not Reported,1 players,No,No,966 miles,73%,77%,$1.7M,65%,135,CAESARS,-11.0,-365,-12.5,11.2
2022,Pacers,Nuggets,13-20,49-14,101.5 pts,107.3 pts,111.7 pts,110.9 pts,4 days,1 days,No,No,1 players,0 players,No,No,"1,044 miles",37%,19%,$0.7M,98%,222,caesars,4.5,177,4.0,15.2
2023,Bulls,Bucks,6-12,20-36,107.8 pts,103.9 pts,112.6 pts,110.6 pts,4 days,2 days,No,No,0 players,0 players,No,No,967 miles,29%,32%,$0.9M,86%,256,Caesars,-4.0,-200,-4.5,0.7
2024,Pistons,Pacers,8-2,17-42,111.9 pts,107.2 pts,104.0 pts,111.4 pts,4 days,1 days,No,No,1 players,2 players,No,No,"1,090 miles",17%,19%,$0.7M,62%,55,DRAFTKINGS,-16.5,-466,-16.5,11.4
2024,Wizards,Knicks,5-6,15-41,108.9 pts,110.6 pts,112.0 pts,112.7 pts,1 days,2 days,No,No,0 players,0 players,No,No,"1,845 miles",61%,85%,$0.8M,92%,398,Caesars,-3.5,-224,-5.0,-23.2
2022,Pelicans,Pistons,25-26,60-10,111.1 pts,116.9 pts,108.5 pts,104.4 pts,3 days,1 days,No,No,Not Reported,2 players,No,No,180 miles,47%,58%,$1.5M,68%,272,BetMGM,2.5,143,2.0,2.6
2023,Bulls,Nuggets,6-32,19-4,105.5 pts,111.8 pts,106.9 pts,106.4 pts,0 days,4 days,Yes,No,1 players,1 players,No,Yes,295 miles,61%,73%,$0.5M,68%,56,Caesars,1.0,107,0.5,4.0
2024,Pistons,Suns,67-7,39-20,115.4 pts,107.9 pts,108.3 pts,108.6 pts,2 days,2 days,No,No,0 players,1 players,No,No,"1,881 miles",70%,72%,$0.5M,97%,279,CAESARS,-7.5,-272,-8.0,-0.4
2024,Lakers,Cavaliers,12-53,16-26,98.9 pts,105.5 pts,111.3 pts,111.4 pts,1 days,4 days,No,No,Not Reported,1 players,No,No,552 miles,70%,68%,$0.3M,88%,274,caesars,7.0,209,6.0,1.8
2024,Nets,Pelicans,10-4,17-11,109.5 pts,106.4 pts,110.1 pts,105.5 pts,3 days,1 days,No,No,0 players,1 players,No,Yes,"2,024 miles",49%,45%,$1.1M,96%,366,betmgm,-6.5,-299,-8.5,11.0
2021,Cavaliers,Pistons,6-4,17-4,104.3 pts,112.6 pts,107.5 pts,107.6 pts,0 days,3 days,Yes,No,1 players,0 players,No,No,900 miles,75%,89%,$3.5M,88%,14,caesars,5.5,227,6.0,-1.9
2022,Pelicans,Nuggets,36-22,32-9,114.7 pts,111.1 pts,103.9 pts,104.4 pts,1 days,3 days,No,No,Not Reported,0 players,No,No,"1,251 miles",50%,43%,$0.3M,70%,68,Caesars,-3.5,-232,-5.5,8.9
2021,Mavericks,Kings,22-25,22-20,108.5 pts,105.9 pts,108.1 pts,111.5 pts,1 days,1 days,No,No,0 players,0 players,No,No,"1,416 miles",51%,52%,$1.4M,100%,374,BetMGM,-2.0,-117,-0.5,14.2
2023,Warriors,Celtics,4-36,41-33,103.7 pts,112.5 pts,113.0 pts,113.2 pts,0 days,2 days,Yes,No,1 players,0 players,No,No,"1,287 miles",31%,41%,$2.9M,82%,149,betmgm,11.0,304,10.0,-0.5
2021,Mavericks,76ers,11-9,13-42,106.0 pts,105.6 pts,108.8 pts,116.5 pts,3 days,3 days,No,No,0 players,2 players,No,No,881 miles,62%,55%,$1.1M,95%,235,DraftKings,-12.0,-353,-11.5,22.3
2022,Spurs,Bulls,14-16,8-36,106.1 pts,98.6 pts,109.6 pts,118.0 pts,1 days,1 days,No,No,0 players,0 players,No,No,"2,339 miles",73%,79%,$0.9M,75%,34,DraftKings,-13.5,-371,-12.0,9.8
2024,Clippers,Rockets,30-35,1-39,113.2 pts,100.1 pts,110.5 pts,118.8 pts,4 days,2 days,No,No,0 players,2 players,No,No,"1,444 miles",49%,46%,$0.3M,78%,166,draftkings,-26.0,-663,-25.5,23.0
2021,Suns,Cavaliers,25-16,13-6,107.9 pts,108.7 pts,110.5 pts,109.7 pts,1 days,1 days,No,No,0 players,1 players,No,No,Unknown,50%,42%,$1.9M,88%,208,DRAFTKINGS,-4.0,-203,-4.5,21.7
2022,Bucks,Lakers,18-46,1-16,104.4 pts,107.9 pts,111.4 pts,114.0 pts,1 days,1 days,No,No,1 players,1 players,No,No,331 miles,51%,54%,$0.5M,70%,281,draftkings,-4.5,-204,-5.0,9.9
2023,Celtics,Magic,29-25,3-26,104.7 pts,103.6 pts,105.8 pts,107.7 pts,2 days,1 days,No,No,0 players,Not Reported,No,No,"2,491 miles",57%,50%,$0.7M,64%,171,draftkings,-8.0,-282,-8.0,14.3
2024,Blazers,Pelicans,4-60,8-7,98.8 pts,107.1 pts,117.0 pts,115.5 pts,1 days,1 days,No,No,0 players,0 players,No,No,"1,953 miles",50%,60%,$5.3M,84%,317,DraftKings,11.0,313,11.0,3.4
2024,76ers,Nets,6-30,15-6,103.0 pts,110.8 pts,117.1 pts,105.9 pts,0 days,3 days,Yes,No,2 players,1 players,No,No,Unknown,45%,49%,$3.1M,88%,382,betmgm,7.0,248,7.5,-9.3
2024,Raptors,Magic,19-35,10-52,104.8 pts,109.0 pts,109.6 pts,115.0 pts,3 days,1 days,No,No,0 players,1 players,No,No,"1,927 miles",60%,70%,$2.8M,86%,208,betmgm,-7.5,-239,-7.0,11.4
2023,Knicks,Wizards,22-20,22-15,107.2 pts,110.1 pts,109.3 pts,117.4 pts,3 days,4 days,No,No,3 players,1 players,No,Yes,119 miles,85%,95%,$1.5M,86%,360,DraftKings,-6.0,-267,-7.5,14.0
2023,Hawks,Cavaliers,26-5,29-21,106.8 pts,107.3 pts,108.4 pts,109.8 pts,1 days,3 days,No,No,Not Reported,0 players,No,Yes,"1,684 miles",70%,64%,$1.0M,77%,387,betmgm,-3.5,-151,-3.0,4.4
2023,Pacers,Jazz,4-17,10-56,107.9 pts,99.4 pts,109.2 pts,119.0 pts,2 days,1 days,No,No,1 players,0 players,No,Yes,"1,125 miles",55%,56%,$0.2M,85%,102,Caesars,-18.0,-506,-18.0,-5.0
2022,Pistons,Nuggets,17-1,53-15,117.5 pts,107.2 pts,112.8 pts,105.5 pts,3 days,2 days,No,No,1 players,Not Reported,No,No,"2,146 miles",76%,95%,$0.4M,84%,167,betmgm,-4.5,-195,-4.5,7.8
2024,Rockets,Pelicans,3-58,35-32,103.4 pts,106.7 pts,116.4 pts,107.6 pts,1 days,2 days,No,No,4 players,0 players,No,No,288 miles,43%,33%,$1.4M,90%,52,FanDuel,14.5,415,16.0,-32.0
2023,76ers,Nets,5-12,20-11,107.5 pts,108.9 pts,111.2 pts,104.8 pts,2 days,2 days,No,No,0 players,1 players,No,No,"1,005 miles",55%,48%,$1.2M,90%,51,DRAFTKINGS,3.5,153,2.5,-10.4
2023,Clippers,Spurs,26-32,27-23,105.2 pts,105.8 pts,112.3 pts,106.0 pts,2 days,1 days,No,No,3 players,0 players,No,No,"2,499 miles",59%,48%,$5.4M,85%,391,caesars,3.0,168,3.5,15.1
2023,Pacers,Bucks,31-40,6-17,106.5 pts,102.4 pts,105.5 pts,113.2 pts,2 days,1 days,No,No,2 players,Not Reported,No,No,499 miles,93%,74%,$0.8M,78%,324,Caesars,-3.5,-181,-3.5,8.8
2024,Jazz,Hornets,6-44,8-4,101.2 pts,115.6 pts,113.5 pts,104.7 pts,1 days,2 days,No,No,0 players,0 players,No,No,"2,319 miles",60%,38%,$1.7M,91%,37,CAESARS,12.5,353,12.0,-39.2
2024,Jazz,Pelicans,2-16,34-36,99.3 pts,111.6 pts,114.4 pts,111.0 pts,4 days,2 days,No,No,2 players,1 players,Yes,No,758 miles,16%,5%,$0.8M,79%,259,fanduel,12.5,340,12.0,-1.4
2023,Nets,Kings,15-3,21-16,107.2 pts,106.6 pts,107.5 pts,109.9 pts,1 days,2 days,No,No,0 players,2 players,No,Yes,Unknown,61%,59%,$0.5M,77%,308,betmgm,-10.0,-350,-10.5,-1.9
2023,Blazers,Spurs,5-46,13-5,92.7 pts,108.0 pts,127.4 pts,107.6 pts,2 days,2 days,No,No,1 players,1 players,No,No,"1,988 miles",35%,38%,$0.2M,81%,310,fanduel,19.5,503,20.0,-18.6
2021,Grizzlies,76ers,19-40,6-24,102.1 pts,102.1 pts,109.6 pts,115.1 pts,4 days,4 days,No,No,0 players,0 players,No,No,874 miles,54%,44%,$2.7M,72%,370,DRAFTKINGS,-4.0,-176,-3.5,17.1
2022,Rockets,Cavaliers,1-16,36-34,92.8 pts,110.3 pts,118.1 pts,108.3 pts,3 days,1 days,No,No,0 players,1 players,No,No,"1,071 miles",49%,53%,$3.2M,69%,222,CAESARS,10.0,319,10.5,-12.3
2024,Bucks,Heat,14-49,13-11,106.7 pts,106.7 pts,109.6 pts,112.2 pts,4 days,2 days,No,No,1 players,2 players,No,No,66 miles,48%,52%,$0.4M,95%,139,FanDuel,-5.0,-185,-4.0,4.9
2022,Mavericks,Bulls,6-8,5-32,100.5 pts,111.0 pts,115.7 pts,117.6 pts,4 days,1 days,No,No,0 players,0 players,No,No,"1,065 miles",57%,47%,$2.9M,82%,271,caesars,-5.0,-210,-5.5,0.1
2021,Pistons,Hawks,13-3,16-13,111.4 pts,106.5 pts,111.2 pts,105.1 pts,3 days,2 days,No,No,0 players,0 players,No,No,"1,905 miles",53%,56%,$4.0M,75%,170,FanDuel,-10.5,-330,-10.0,-2.4
2024,Bulls,Timberwolves,15-49,9-60,102.9 pts,97.4 pts,112.8 pts,119.1 pts,1 days,2 days,No,No,0 players,0 players,Yes,No,Unknown,44%,30%,$2.3M,92%,381,fanduel,-9.5,-305,-9.5,17.5
2024,Rockets,76ers,1-52,10-64,97.0 pts,101.5 pts,123.7 pts,114.8 pts,1 days,1 days,No,No,Not Reported,0 players,Yes,No,"2,121 miles",53%,41%,$1.5M,85%,225,Caesars,10.0,290,9.5,-19.8
2021,Jazz,Hawks,3-16,47-26,103.8 pts,108.8 pts,111.3 pts,105.4 pts,2 days,1 days,No,No,Not Reported,Not Reported,No,No,"1,442 miles",76%,95%,$0.7M,86%,31,fanduel,10.5,303,10.5,-21.2
2022,Knicks,Pistons,38-31,13-4,103.2 pts,118.5 pts,110.2 pts,109.4 pts,0 days,3 days,Yes,No,2 players,1 players,No,No,"1,793 miles",55%,48%,$0.4M,100%,216,BetMGM,12.5,339,12.0,-8.7
2021,Jazz,Pelicans,2-9,38-36,103.0 pts,110.4 pts,117.3 pts,109.6 pts,1 days,3 days,No,No,0 players,Not Reported,No,No,"1,654 miles",35%,50%,$1.9M,100%,179,FanDuel,10.5,305,10.0,-8.1
2024,Pacers,76ers,14-20,3-12,104.4 pts,110.4 pts,106.9 pts,110.7 pts,1 days,2 days,No,No,0 players,1 players,No,No,"2,080 miles",74%,79%,$2.9M,100%,134,FanDuel,-2.0,-157,-3.0,-4.7
2023,Kings,Warriors,31-18,4-65,115.7 pts,96.9 pts,115.0 pts,115.1 pts,0 days,3 days,Yes,No,Not Reported,0 players,No,No,"1,587 miles",56%,57%,$1.2M,100%,312,betmgm,-16.0,-511,-18.0,14.2
2024,Warriors,76ers,2-36,1-11,98.7 pts,106.0 pts,117.8 pts,110.3 pts,3 days,1 days,No,No,3 players,1 players,No,No,"1,790 miles",39%,27%,$4.6M,89%,321,DraftKings,6.0,205,5.5,2.1
2022,Pacers,Kings,14-27,30-24,104.8 pts,106.2 pts,113.8 pts,108.1 pts,1 days,2 days,No,No,Not Reported,1 players,No,No,"2,166 miles",70%,68%,$1.6M,88%,128,betmgm,2.0,140,2.0,-7.2
2022,Pistons,Wizards,28-2,26-27,114.9 pts,105.6 pts,105.3 pts,115.5 pts,4 days,2 days,No,No,1 players,1 players,Yes,No,"1,479 miles",31%,31%,$1.2M,86%,78,BetMGM,-10.5,-309,-10.0,34.5
2024,Jazz,Clippers,8-37,10-11,97.7 pts,100.4 pts,118.9 pts,113.2 pts,1 days,1 days,No,No,1 players,1 players,No,No,"1,791 miles",52%,56%,$1.6M,100%,6,Caesars,4.0,167,3.0,-20.6
2023,Celtics,Lakers,32-27,6-47,104.7 pts,107.4 pts,109.7 pts,116.5 pts,4 days,3 days,No,No,Not Reported,2 players,No,No,771 miles,47%,27%,$4.5M,95%,46,fanduel,-11.0,-333,-10.5,16.5
2024,Celtics,Pistons,27-14,24-3,109.7 pts,117.1 pts,110.4 pts,105.1 pts,2 days,2 days,No,No,2 players,0 players,No,No,"1,894 miles",30%,23%,$2.3M,84%,8,betmgm,7.5,256,7.5,-5.6
2022,Suns,Clippers,18-12,12-18,116.9 pts,112.2 pts,109.3 pts,112.3 pts,1 days,4 days,No,No,3 players,0 players,No,No,"1,827 miles",66%,63%,$0.6M,78%,210,FanDuel,-3.0,-143,-2.0,17.1
2024,Pelicans,Suns,15-11,34-24,104.2 pts,108.8 pts,107.8 pts,114.1 pts,2 days,1 days,No,No,2 players,1 players,No,No,244 miles,48%,39%,$1.0M,92%,149,betmgm,1.5,130,1.5,0.9
2022,Wizards,Knicks,19-17,9-15,109.6 pts,113.1 pts,112.9 pts,116.2 pts,2 days,0 days,No,Yes,0 players,0 players,No,No,"1,612 miles",41%,46%,$0.8M,80%,87,BetMGM,-5.0,-209,-5.5,30.2
2023,Cavaliers,Hawks,31-17,45-26,107.9 pts,116.5 pts,115.2 pts,109.8 pts,1 days,1 days,No,No,0 players,Not Reported,No,No,"1,015 miles",43%,42%,$2.0M,82%,179,FanDuel,1.0,-102,0.0,-5.5
2023,Nuggets,Knicks,12-7,10-14,108.6 pts,106.1 pts,103.7 pts,107.8 pts,1 days,2 days,No,No,0 players,Not Reported,No,No,293 miles,33%,22%,$0.8M,87%,186,caesars,-10.5,-349,-11.0,4.0
2023,Warriors,Suns,6-38,23-28,101.0 pts,111.9 pts,119.2 pts,108.9 pts,0 days,1 days,Yes,No,0 players,Not Reported,No,No,"1,495 miles",80%,57%,$2.6M,78%,256,DraftKings,13.0,360,13.0,-0.7
2022,Nets,Mavericks,16-12,28-33,111.6 pts,98.7 pts,113.5 pts,117.2 pts,3 days,3 days,No,No,1 players,0 players,Yes,No,"2,299 miles",55%,59%,$1.0M,90%,246,FanDuel,-4.0,-216,-4.5,29.1
2021,Mavericks,Pistons,10-8,46-6,109.3 pts,110.9 pts,111.8 pts,108.3 pts,1 days,4 days,No,No,0 players,2 players,No,No,449 miles,46%,46%,$2.0M,86%,239,BetMGM,3.0,161,3.0,9.9
2022,Spurs,Nuggets,8-5,41-18,106.4 pts,103.6 pts,112.3 pts,107.8 pts,2 days,2 days,No,No,0 players,Not Reported,No,No,93 miles,38%,29%,$0.5M,89%,175,DraftKings,1.5,147,2.0,7.4
2021,Grizzlies,Magic,19-37,3-21,107.6 pts,108.7 pts,104.9 pts,114.7 pts,3 days,2 days,No,No,Not Reported,1 players,No,No,"1,747 miles",52%,38%,$2.2M,82%,203,DRAFTKINGS,-8.5,-263,-7.5,24.6
2023,Hawks,Kings,36-14,4-7,105.4 pts,114.2 pts,108.9 pts,112.8 pts,1 days,3 days,No,No,0 players,0 players,No,No,"2,395 miles",60%,63%,$0.8M,85%,63,fanduel,-3.0,-132,-1.5,-13.2
2024,Timberwolves,Mavericks,2-14,8-17,99.8 pts,103.1 pts,116.9 pts,111.9 pts,1 days,1 days,No,No,0 players,0 players,No,No,"2,319 miles",44%,52%,$0.6M,86%,37,FanDuel,7.0,233,6.5,-12.5
2023,Pelicans,Heat,38-20,16-13,107.0 pts,110.6 pts,111.3 pts,114.0 pts,1 days,1 days,No,No,1 players,0 players,No,No,"1,707 miles",58%,66%,$4.2M,80%,369,betmgm,4.5,163,3.5,26.4
2024,Mavericks,Warriors,27-44,7-66,108.5 pts,98.3 pts,109.5 pts,117.3 pts,1 days,3 days,No,No,1 players,Not Reported,No,No,"1,881 miles",61%,95%,$3.3M,82%,38,DRAFTKINGS,-17.5,-478,-17.5,17.0
2024,Blazers,Suns,5-56,25-23,90.8 pts,110.7 pts,120.2 pts,109.4 pts,1 days,0 days,No,Yes,0 players,0 players,No,No,"2,328 miles",56%,57%,$0.7M,71%,110,DraftKings,17.5,445,17.5,-10.3
2022,Bucks,Magic,0-11,5-24,109.5 pts,102.4 pts,113.1 pts,109.9 pts,3 days,1 days,No,No,0 players,1 players,No,No,514 miles,49%,58%,$1.7M,79%,341,BetMGM,-6.5,-249,-7.5,26.5
2022,Bucks,Rockets,5-19,4-67,103.1 pts,99.5 pts,113.4 pts,124.8 pts,1 days,4 days,No,No,1 players,0 players,No,No,"1,408 miles",21%,25%,$0.2M,81%,248,FanDuel,-12.5,-348,-11.0,33.0
2022,Grizzlies,Mavericks,11-27,13-20,106.7 pts,107.6 pts,110.8 pts,107.9 pts,1 days,2 days,No,No,1 players,1 players,No,No,445 miles,50%,55%,$0.7M,79%,309,betmgm,0.0,131,1.5,0.2
2021,Suns,Nets,38-16,31-30,110.5 pts,107.2 pts,109.0 pts,111.6 pts,0 days,2 days,Yes,No,Not Reported,1 players,No,No,"2,278 miles",51%,61%,$2.6M,85%,127,betmgm,-6.0,-265,-7.5,23.7
2024,Warriors,Raptors,0-39,6-10,102.7 pts,105.3 pts,118.5 pts,116.6 pts,2 days,1 days,No,No,2 players,1 players,No,No,"1,981 miles",52%,49%,$0.5M,84%,192,BetMGM,4.0,205,5.0,-0.8
2021,Clippers,Pacers,33-28,17-37,103.5 pts,109.8 pts,109.7 pts,121.5 pts,1 days,4 days,No,No,0 players,1 players,No,No,976 miles,32%,38%,$4.3M,90%,149,betmgm,-6.5,-244,-7.0,16.1
2024,Pelicans,Jazz,29-21,2-22,111.2 pts,103.0 pts,104.4 pts,116.1 pts,3 days,0 days,No,Yes,0 players,0 players,No,No,"1,907 miles",40%,47%,$0.8M,99%,221,CAESARS,-15.0,-411,-14.5,5.4
2023,Hornets,Pistons,27-9,23-8,114.5 pts,117.1 pts,110.1 pts,110.8 pts,0 days,1 days,Yes,No,1 players,0 players,No,No,"1,007 miles",48%,53%,$3.4M,96%,277,FanDuel,4.5,211,5.0,-0.6
2021,Nuggets,Bucks,44-19,14-51,110.9 pts,103.1 pts,107.4 pts,113.6 pts,1 days,0 days,No,Yes,0 players,1 players,No,No,408 miles,34%,25%,$1.6M,94%,186,Caesars,-15.5,-419,-14.5,18.4
2023,Grizzlies,Heat,14-16,17-25,102.6 pts,112.5 pts,110.7 pts,106.9 pts,1 days,2 days,No,No,0 players,1 players,No,No,"1,193 miles",63%,66%,$1.3M,76%,340,FanDuel,3.0,141,3.0,-4.3
2021,Blazers,Kings,2-31,18-16,97.2 pts,106.5 pts,111.4 pts,113.7 pts,0 days,0 days,Yes,Yes,0 players,2 players,No,Yes,"1,873 miles",43%,27%,$0.7M,89%,24,fanduel,5.5,252,7.5,10.4
2024,76ers,Nuggets,9-17,20-5,106.1 pts,111.5 pts,114.8 pts,106.5 pts,1 days,1 days,No,No,1 players,0 players,No,No,"1,972 miles",60%,38%,$1.2M,67%,235,betmgm,12.0,348,12.5,-29.2
2022,Bucks,Celtics,18-28,14-14,104.5 pts,110.2 pts,108.9 pts,110.4 pts,2 days,3 days,No,No,1 players,Not Reported,No,No,"2,066 miles",27%,28%,$0.7M,84%,16,betmgm,1.0,126,1.5,-5.1
2022,Raptors,Rockets,12-29,3-59,105.2 pts,96.3 pts,116.4 pts,116.5 pts,3 days,2 days,No,No,0 players,2 players,No,No,"1,908 miles",55%,50%,$0.9M,87%,61,DraftKings,-15.0,-440,-15.5,13.6
2023,Grizzlies,Pistons,20-50,33-3,109.6 pts,113.5 pts,107.9 pts,105.9 pts,1 days,0 days,No,Yes,3 players,0 players,No,No,"1,078 miles",35%,27%,$1.1M,63%,24,DraftKings,7.0,265,8.0,-10.1
2023,Timberwolves,Cavaliers,5-68,24-14,99.7 pts,112.3 pts,114.7 pts,108.4 pts,1 days,3 days,No,No,0 players,Not Reported,No,No,86 miles,56%,62%,$1.4M,85%,155,betmgm,8.5,252,8.0,-22.4
2023,Thunder,Clippers,37-32,5-7,112.9 pts,109.6 pts,116.5 pts,112.5 pts,2 days,1 days,No,No,1 players,0 players,No,No,"1,183 miles",75%,70%,$2.8M,83%,23,CAESARS,-2.5,-158,-2.5,19.1
2024,Rockets,Clippers,3-38,11-9,99.3 pts,101.2 pts,120.9 pts,116.1 pts,1 days,1 days,No,No,Not Reported,1 players,No,No,"1,478 miles",52%,43%,$0.2M,97%,146,DraftKings,4.5,207,5.5,-20.0
2021,Rockets,Clippers,3-40,7-4,100.7 pts,108.8 pts,122.1 pts,109.2 pts,1 days,1 days,No,No,1 players,0 players,No,No,"1,454 miles",59%,57%,$1.2M,89%,43,betmgm,17.0,459,17.5,-8.4
2021,Spurs,Pacers,23-10,17-38,102.9 pts,104.3 pts,113.7 pts,109.0 pts,1 days,1 days,No,No,0 players,1 players,No,No,935 miles,42%,33%,$2.6M,71%,97,caesars,-0.5,134,1.5,-1.6
2023,Magic,Bulls,21-39,4-6,103.8 pts,103.3 pts,109.2 pts,117.0 pts,4 days,2 days,No,No,0 players,1 players,No,No,447 miles,28%,25%,$0.6M,68%,131,BetMGM,-10.0,-282,-8.5,1.8
2022,Kings,Nuggets,13-6,45-9,109.1 pts,112.8 pts,104.5 pts,106.7 pts,2 days,4 days,No,No,0 players,1 players,No,No,"1,583 miles",53%,59%,$1.8M,96%,93,caesars,-1.0,-124,-1.5,-17.6
2024,Grizzlies,Nuggets,18-36,15-5,103.0 pts,113.1 pts,114.0 pts,111.3 pts,3 days,2 days,No,No,0 players,1 players,Yes,No,"1,677 miles",28%,19%,$0.9M,73%,305,betmgm,7.0,256,7.5,-16.4
2021,Hawks,Celtics,28-8,22-13,115.4 pts,107.7 pts,107.2 pts,108.6 pts,2 days,3 days,No,No,2 players,0 players,No,Yes,"2,487 miles",65%,60%,$0.4M,77%,112,caesars,-10.0,-318,-9.5,0.6
2022,Warriors,Bucks,3-45,20-41,97.1 pts,103.3 pts,116.6 pts,113.1 pts,1 days,3 days,No,No,1 players,1 players,No,No,784 miles,69%,68%,$6.1M,100%,221,FanDuel,6.5,236,6.5,7.9
2023,Suns,Celtics,43-17,22-20,105.7 pts,104.9 pts,104.4 pts,113.7 pts,2 days,1 days,No,No,0 players,1 players,No,No,"1,930 miles",66%,49%,$0.3M,84%,96,FanDuel,-11.0,-379,-12.0,22.0
2024,Hawks,Jazz,19-8,8-40,109.4 pts,103.0 pts,116.1 pts,109.9 pts,1 days,0 days,No,Yes,0 players,1 players,No,No,770 miles,25%,19%,$1.3M,90%,254,betmgm,-15.0,-483,-17.5,-2.1
2024,Knicks,Thunder,16-19,13-49,109.4 pts,108.4 pts,116.8 pts,112.2 pts,0 days,1 days,Yes,No,0 players,0 players,No,No,"1,842 miles",16%,9%,$0.7M,88%,322,DraftKings,-2.5,-126,-0.5,4.6
2022,Warriors,Knicks,1-52,22-36,100.6 pts,102.6 pts,115.2 pts,110.8 pts,3 days,1 days,No,No,1 players,0 players,No,No,"1,316 miles",54%,49%,$3.1M,79%,349,Caesars,5.0,177,4.0,-17.8
2021,Knicks,Jazz,28-24,1-14,107.8 pts,102.7 pts,111.3 pts,109.9 pts,1 days,0 days,No,Yes,1 players,1 players,No,No,907 miles,59%,65%,$3.1M,89%,213,DRAFTKINGS,-8.0,-275,-8.0,-8.5
2024,Thunder,Celtics,24-22,23-27,101.7 pts,106.3 pts,111.3 pts,104.2 pts,4 days,1 days,No,No,1 players,0 players,Yes,No,"1,706 miles",37%,39%,$0.8M,91%,13,caesars,4.5,204,5.0,-13.2
2023,Bulls,Nuggets,8-48,16-5,107.3 pts,106.3 pts,119.7 pts,112.7 pts,2 days,1 days,No,No,0 players,0 players,No,No,847 miles,69%,72%,$2.1M,91%,151,caesars,7.0,239,7.0,10.4
2022,Blazers,Bucks,2-18,9-18,102.2 pts,102.4 pts,110.7 pts,112.4 pts,0 days,2 days,Yes,No,0 players,Not Reported,No,No,189 miles,54%,72%,$0.4M,83%,321,Caesars,3.5,141,2.0,20.8
2023,Bucks,Nets,24-29,9-4,97.7 pts,109.9 pts,108.9 pts,109.9 pts,3 days,2 days,No,No,1 players,1 players,No,No,"1,108 miles",44%,25%,$3.2M,70%,20,caesars,8.0,243,7.5,3.2
2021,Cavaliers,Bulls,28-16,14-52,100.0 pts,103.9 pts,109.1 pts,120.0 pts,3 days,4 days,No,No,1 players,1 players,No,No,"2,016 miles",51%,35%,$3.1M,94%,87,betmgm,-7.5,-302,-8.5,12.0
2023,Hornets,Thunder,54-17,15-27,105.7 pts,107.9 pts,108.7 pts,114.3 pts,4 days,1 days,No,No,Not Reported,0 players,No,No,"2,127 miles",35%,21%,$3.2M,92%,317,DraftKings,-10.0,-334,-11.0,20.2
2024,Spurs,Nuggets,20-18,19-6,108.5 pts,121.5 pts,111.6 pts,104.6 pts,3 days,1 days,No,No,Not Reported,1 players,No,No,"1,852 miles",49%,48%,$0.6M,80%,71,betmgm,5.5,246,7.5,-12.4
2021,Raptors,Magic,26-41,12-42,103.8 pts,104.2 pts,115.8 pts,116.5 pts,2 days,2 days,No,No,0 players,0 players,No,Yes,"1,741 miles",70%,49%,$3.5M,80%,62,Caesars,-10.0,-307,-9.5,2.6
2023,Kings,Spurs,19-15,8-6,105.8 pts,110.9 pts,110.0 pts,112.9 pts,4 days,2 days,No,No,0 players,1 players,No,No,"2,414 miles",38%,50%,$2.3M,68%,344,FanDuel,-5.5,-202,-5.0,1.3
2022,Warriors,Pacers,2-39,17-35,100.5 pts,101.7 pts,120.5 pts,111.3 pts,3 days,0 days,No,Yes,1 players,Not Reported,Yes,No,"1,517 miles",63%,83%,$6.2M,97%,62,betmgm,7.0,193,5.0,-13.8
2023,Magic,Pacers,17-39,4-11,105.4 pts,108.9 pts,112.1 pts,116.7 pts,2 days,4 days,No,No,1 players,0 players,No,No,Unknown,45%,38%,$3.9M,94%,133,DRAFTKINGS,-2.5,-185,-3.5,-8.6
2023,Rockets,Timberwolves,3-65,9-53,95.5 pts,101.2 pts,121.0 pts,118.1 pts,3 days,1 days,No,No,1 players,0 players,No,No,615 miles,66%,58%,$0.2M,88%,86,caesars,4.0,156,3.0,19.9
2024,Celtics,Grizzlies,25-22,15-39,107.0 pts,108.7 pts,113.8 pts,112.9 pts,3 days,1 days,No,No,1 players,0 players,No,No,192 miles,80%,89%,$0.3M,100%,224,betmgm,-5.0,-201,-5.0,5.9
2023,Grizzlies,Cavaliers,23-50,15-12,109.4 pts,108.8 pts,111.8 pts,111.1 pts,3 days,2 days,No,No,1 players,2 players,No,No,"1,806 miles",56%,66%,$1.6M,91%,240,fanduel,-1.5,-144,-2.5,-13.8
2021,Nets,Timberwolves,26-9,6-31,104.8 pts,105.8 pts,109.6 pts,116.5 pts,4 days,4 days,No,No,2 players,Not Reported,No,Yes,"1,257 miles",62%,60%,$2.6M,87%,199,betmgm,-13.0,-363,-12.0,11.4
2024,Rockets,Bucks,0-12,18-45,99.4 pts,107.6 pts,118.7 pts,109.5 pts,1 days,0 days,No,Yes,1 players,2 players,No,No,444 miles,22%,24%,$0.3M,87%,363,betmgm,8.0,284,9.0,-14.0
2024,Magic,Knicks,20-47,19-23,105.7 pts,107.9 pts,109.7 pts,108.6 pts,1 days,2 days,No,No,0 players,1 players,No,No,Unknown,55%,25%,$5.3M,100%,378,fanduel,0.5,148,2.0,-0.1
2022,76ers,Lakers,13-17,3-12,100.1 pts,106.1 pts,112.7 pts,111.5 pts,1 days,3 days,No,No,0 players,0 players,Yes,No,"1,027 miles",63%,55%,$0.9M,70%,156,caesars,2.5,175,3.5,-8.7
2021,Thunder,Jazz,9-17,8-58,108.4 pts,98.2 pts,117.4 pts,108.7 pts,2 days,1 days,No,No,0 players,0 players,No,No,"2,468 miles",13%,14%,$2.0M,95%,238,BetMGM,-3.0,-146,-2.0,4.6
2024,Raptors,76ers,15-17,20-51,103.4 pts,114.2 pts,108.8 pts,111.1 pts,3 days,2 days,No,No,0 players,1 players,No,No,"1,041 miles",18%,6%,$1.1M,75%,248,caesars,-4.5,-175,-3.5,-6.2
2021,Jazz,Clippers,5-17,17-41,108.3 pts,104.9 pts,115.4 pts,115.2 pts,0 days,1 days,Yes,No,0 players,1 players,No,No,"1,813 miles",45%,27%,$1.1M,96%,266,FanDuel,-2.0,-150,-2.5,-5.1
2024,Knicks,Bucks,39-35,4-12,106.7 pts,98.4 pts,107.8 pts,114.9 pts,2 days,2 days,No,No,0 players,0 players,No,No,220 miles,55%,52%,$1.7M,79%,334,DraftKings,-10.0,-320,-10.5,8.6
2024,Bulls,Pistons,9-56,26-0,94.5 pts,112.1 pts,117.1 pts,103.9 pts,4 days,3 days,No,No,2 players,1 players,No,No,"1,441 miles",64%,52%,$2.4M,79%,31,caesars,18.0,446,16.5,7.0
2022,Pistons,Bulls,40-2,7-24,109.3 pts,104.1 pts,104.0 pts,112.8 pts,3 days,4 days,No,No,0 players,0 players,No,No,"1,853 miles",60%,51%,$2.7M,72%,48,DraftKings,-19.5,-522,-19.0,15.2
2022,Kings,Magic,48-22,5-22,107.3 pts,109.1 pts,112.0 pts,110.4 pts,0 days,1 days,Yes,No,1 players,1 players,No,No,"1,649 miles",43%,36%,$0.3M,100%,81,BetMGM,-9.0,-301,-9.0,6.3
2022,Knicks,Warriors,14-20,2-32,103.4 pts,100.4 pts,112.8 pts,117.2 pts,2 days,2 days,No,No,0 players,0 players,Yes,No,62 miles,53%,42%,$0.6M,76%,233,betmgm,-12.0,-311,-9.5,20.2
2021,Kings,Mavericks,35-16,30-42,110.4 pts,106.3 pts,108.2 pts,113.3 pts,0 days,0 days,Yes,Yes,0 players,0 players,No,No,601 miles,51%,29%,$0.3M,72%,231,DRAFTKINGS,-8.5,-327,-10.5,9.0
2024,Celtics,Hornets,34-37,28-14,108.3 pts,112.8 pts,107.1 pts,104.8 pts,1 days,2 days,No,No,3 players,Not Reported,No,No,529 miles,72%,95%,$1.9M,89%,315,fanduel,4.0,198,4.5,-17.0
2022,Suns,Warriors,13-9,2-58,110.3 pts,102.5 pts,109.0 pts,115.3 pts,2 days,2 days,No,No,1 players,Not Reported,No,No,"1,740 miles",73%,58%,$3.7M,88%,292,betmgm,-19.0,-549,-20.0,16.1
2022,Lakers,Cavaliers,7-36,9-9,106.5 pts,108.7 pts,112.5 pts,109.2 pts,4 days,1 days,No,No,0 players,0 players,No,No,"1,300 miles",33%,5%,$2.8M,93%,29,betmgm,5.5,253,7.0,-5.4
2022,Suns,76ers,42-27,4-23,107.2 pts,99.4 pts,113.0 pts,113.2 pts,1 days,1 days,No,No,2 players,2 players,No,No,"1,341 miles",46%,53%,$0.7M,88%,276,caesars,-12.0,-385,-13.0,5.6
2024,Cavaliers,Blazers,34-25,3-33,108.2 pts,97.3 pts,117.2 pts,116.4 pts,1 days,1 days,No,No,1 players,0 players,Yes,Yes,"2,020 miles",62%,60%,$1.2M,70%,260,betmgm,-15.5,-438,-15.5,3.5
2023,Nets,Nuggets,45-26,50-12,118.8 pts,106.6 pts,108.8 pts,104.1 pts,0 days,1 days,Yes,No,0 players,0 players,No,No,"2,133 miles",60%,59%,$1.5M,73%,365,DRAFTKINGS,-4.5,-177,-3.0,-0.3
2022,Warriors,76ers,2-41,6-19,96.3 pts,107.0 pts,119.8 pts,122.4 pts,1 days,1 days,No,No,1 players,1 players,No,No,837 miles,61%,59%,$2.7M,100%,132,DraftKings,3.5,174,3.5,-13.6
2021,Cavaliers,Rockets,24-8,0-10,108.8 pts,97.6 pts,114.6 pts,118.7 pts,2 days,2 days,No,No,Not Reported,1 players,No,No,"1,901 miles",29%,26%,$2.1M,96%,338,fanduel,-19.5,-495,-18.5,11.3
2021,Lakers,Kings,9-44,12-18,101.1 pts,107.6 pts,109.7 pts,106.6 pts,1 days,4 days,No,No,0 players,0 players,No,No,"1,806 miles",25%,33%,$0.8M,87%,38,DRAFTKINGS,8.0,251,8.0,-22.1
2021,Hornets,Raptors,10-5,21-31,106.2 pts,101.6 pts,113.3 pts,110.8 pts,3 days,0 days,No,Yes,0 players,1 players,No,No,"1,264 miles",66%,64%,$4.7M,90%,344,fanduel,-9.5,-261,-7.5,1.0
2022,Hawks,Cavaliers,55-19,7-15,110.4 pts,106.0 pts,111.0 pts,116.1 pts,4 days,3 days,No,No,1 players,0 players,No,No,584 miles,40%,43%,$0.5M,98%,193,betmgm,-8.5,-313,-9.5,20.6
2021,Timberwolves,Nuggets,10-61,24-2,107.9 pts,112.8 pts,119.0 pts,105.2 pts,1 days,1 days,No,No,0 players,0 players,No,No,"2,285 miles",47%,50%,$0.3M,86%,266,BetMGM,13.5,361,13.5,-2.2
2021,Bucks,Warriors,12-38,3-31,108.2 pts,101.9 pts,109.2 pts,118.5 pts,3 days,0 days,No,Yes,Not Reported,0 players,No,Yes,"2,153 miles",43%,60%,$1.9M,81%,293,BetMGM,-15.0,-464,-17.5,16.5
2022,Rockets,Wizards,2-54,8-2,99.7 pts,114.1 pts,120.3 pts,114.1 pts,3 days,2 days,No,No,0 players,1 players,No,No,Unknown,42%,37%,$1.2M,81%,181,draftkings,10.5,354,12.5,-7.6
2021,Mavericks,Wizards,7-8,9-1,109.4 pts,110.0 pts,108.1 pts,110.5 pts,1 days,2 days,No,No,0 players,0 players,No,No,Unknown,71%,63%,$1.3M,100%,304,draftkings,-4.0,-211,-5.0,0.0
2024,Wizards,Spurs,12-5,27-20,108.5 pts,108.1 pts,108.8 pts,117.1 pts,2 days,2 days,No,No,Not Reported,0 players,No,Yes,399 miles,67%,80%,$0.8M,89%,184,fanduel,-7.0,-284,-9.0,1.5
2021,Celtics,Spurs,9-5,32-33,113.7 pts,113.9 pts,107.9 pts,109.5 pts,4 days,0 days,No,Yes,Not Reported,2 players,Yes,No,"1,149 miles",87%,87%,$0.9M,100%,280,caesars,-4.5,-199,-4.5,15.9
2022,Nets,Cavaliers,55-16,16-24,106.8 pts,105.7 pts,107.4 pts,107.3 pts,1 days,1 days,No,No,0 players,1 players,No,No,658 miles,53%,62%,$0.4M,81%,255,Caesars,-8.0,-249,-6.5,7.5
2021,Mavericks,Nuggets,13-13,17-6,107.3 pts,107.6 pts,109.5 pts,103.9 pts,0 days,1 days,Yes,No,0 players,0 players,No,Yes,273 miles,73%,86%,$1.5M,85%,183,BetMGM,0.0,-122,-1.0,5.6
2024,Rockets,Warriors,1-71,0-29,100.4 pts,100.1 pts,119.9 pts,121.1 pts,1 days,0 days,No,Yes,0 players,2 players,No,No,"1,900 miles",30%,47%,$0.8M,81%,354,Caesars,-3.5,-163,-3.0,-19.9
2022,76ers,Knicks,21-53,19-33,104.3 pts,109.1 pts,109.8 pts,111.0 pts,0 days,0 days,Yes,Yes,2 players,1 players,Yes,No,"1,128 miles",60%,78%,$3.3M,80%,134,betmgm,6.5,249,7.0,-12.0
2023,76ers,Celtics,4-8,21-22,103.9 pts,109.7 pts,112.8 pts,111.4 pts,1 days,2 days,No,No,0 players,0 players,Yes,No,"1,087 miles",54%,46%,$1.0M,72%,29,fanduel,4.5,226,5.5,-10.6
2021,Nuggets,Grizzlies,43-13,17-39,106.0 pts,112.7 pts,106.8 pts,115.7 pts,1 days,2 days,No,No,0 players,1 players,No,No,173 miles,54%,45%,$3.6M,88%,327,Caesars,-8.5,-304,-9.0,11.3
2021,Bulls,Timberwolves,8-17,6-23,105.8 pts,97.7 pts,110.8 pts,109.7 pts,2 days,1 days,No,No,0 players,1 players,No,No,"1,878 miles",47%,47%,$4.7M,81%,54,Caesars,-10.5,-302,-9.0,-9.2
2023,Knicks,Rockets,20-25,1-51,105.9 pts,95.2 pts,109.3 pts,121.9 pts,0 days,2 days,Yes,No,2 players,1 players,No,No,449 miles,34%,29%,$0.4M,100%,251,draftkings,-16.5,-396,-13.0,20.4
2021,Knicks,Rockets,23-32,3-51,108.6 pts,94.5 pts,112.9 pts,122.5 pts,2 days,2 days,No,No,Not Reported,2 players,No,No,"2,400 miles",67%,55%,$0.6M,82%,10,caesars,-22.5,-594,-22.5,7.4
2022,Raptors,Magic,14-15,4-11,112.4 pts,108.1 pts,114.5 pts,111.7 pts,0 days,0 days,Yes,Yes,0 players,0 players,Yes,No,656 miles,43%,68%,$1.2M,73%,384,caesars,-5.0,-249,-6.5,15.8
2024,Knicks,Thunder,34-32,14-41,108.4 pts,104.2 pts,108.6 pts,116.2 pts,0 days,0 days,Yes,Yes,0 players,0 players,No,No,982 miles,63%,63%,$0.7M,100%,201,draftkings,-8.0,-251,-7.0,9.2
2023,Bulls,Cavaliers,5-22,6-6,103.2 pts,111.3 pts,109.5 pts,104.8 pts,3 days,0 days,No,Yes,Not Reported,1 players,No,No,317 miles,74%,89%,$0.3M,94%,154,DRAFTKINGS,6.5,217,6.0,-2.6
2022,Pistons,76ers,9-1,4-30,114.3 pts,103.6 pts,107.2 pts,116.8 pts,4 days,3 days,No,No,0 players,2 players,No,No,"2,220 miles",57%,77%,$0.5M,79%,80,caesars,-23.5,-667,-25.5,25.6
2024,Rockets,Blazers,4-33,3-46,92.5 pts,100.8 pts,114.9 pts,117.0 pts,2 days,1 days,No,No,1 players,0 players,No,No,"2,486 miles",32%,39%,$3.1M,91%,337,draftkings,4.0,159,3.0,8.1
2021,Nuggets,Suns,35-7,16-9,111.8 pts,104.4 pts,113.2 pts,109.4 pts,1 days,0 days,No,Yes,1 players,0 players,No,No,"1,675 miles",90%,77%,$0.4M,78%,141,DraftKings,-3.5,-166,-3.0,-6.7
2023,Magic,Lakers,19-52,5-11,104.8 pts,102.7 pts,113.8 pts,115.4 pts,1 days,0 days,No,Yes,0 players,1 players,No,No,642 miles,53%,40%,$2.5M,88%,4,betmgm,-9.0,-267,-7.5,-9.4
2023,Raptors,Magic,29-36,13-49,103.6 pts,109.1 pts,108.4 pts,107.5 pts,2 days,0 days,No,Yes,1 players,Not Reported,No,No,858 miles,56%,38%,$0.8M,89%,108,betmgm,-2.5,-126,-1.5,-3.7
2021,Pacers,76ers,26-45,1-16,110.5 pts,99.2 pts,108.8 pts,111.7 pts,2 days,2 days,No,No,0 players,0 players,No,Yes,"1,363 miles",35%,37%,$1.5M,81%,371,BetMGM,-11.0,-323,-10.0,16.4
2024,Raptors,Bucks,24-24,7-18,102.0 pts,105.3 pts,110.0 pts,118.0 pts,1 days,1 days,No,No,Not Reported,0 players,No,No,"2,451 miles",25%,27%,$2.6M,84%,233,fanduel,-4.0,-224,-5.5,-9.5
2021,Lakers,Spurs,13-37,28-28,101.1 pts,108.3 pts,113.6 pts,107.4 pts,4 days,0 days,No,Yes,0 players,0 players,Yes,No,"1,890 miles",50%,43%,$1.2M,76%,66,fanduel,5.0,216,5.5,-13.2
2021,Lakers,Grizzlies,4-13,14-32,102.9 pts,101.2 pts,114.7 pts,115.9 pts,1 days,2 days,No,No,1 players,1 players,No,No,"1,784 miles",59%,58%,$1.1M,80%,335,betmgm,-1.0,-134,-1.5,-6.7
2022,Grizzlies,Kings,10-16,30-31,103.1 pts,113.5 pts,111.8 pts,109.0 pts,2 days,1 days,No,No,Not Reported,1 players,No,Yes,"1,987 miles",67%,85%,$5.6M,72%,326,BetMGM,-1.0,-121,-0.5,5.1
2023,Nuggets,Knicks,22-3,13-36,106.5 pts,105.5 pts,107.7 pts,116.8 pts,1 days,4 days,No,No,0 players,0 players,No,No,743 miles,36%,34%,$1.9M,83%,51,betmgm,-6.0,-240,-6.5,18.8
2022,Blazers,76ers,5-37,3-10,98.8 pts,104.2 pts,118.0 pts,110.2 pts,3 days,0 days,No,Yes,0 players,3 players,Yes,No,"1,303 miles",64%,41%,$0.4M,91%,63,Caesars,6.0,219,6.0,-4.1
2023,Kings,Bucks,8-2,18-52,103.3 pts,109.5 pts,117.0 pts,112.4 pts,3 days,1 days,No,No,1 players,0 players,No,No,"1,880 miles",47%,49%,$2.1M,81%,37,caesars,0.5,110,0.5,-4.3
2023,Suns,Mavericks,24-11,25-41,109.8 pts,105.8 pts,112.2 pts,109.5 pts,0 days,1 days,Yes,No,2 players,1 players,No,No,"2,216 miles",29%,41%,$4.0M,92%,55,FanDuel,-5.0,-209,-5.0,18.6
2023,Pelicans,Clippers,20-18,22-42,112.6 pts,113.6 pts,109.0 pts,106.0 pts,1 days,2 days,No,No,1 players,0 players,No,No,492 miles,36%,30%,$0.5M,100%,138,FanDuel,4.5,202,4.5,-5.1
2022,Mavericks,Blazers,11-11,2-21,104.8 pts,104.8 pts,113.2 pts,117.4 pts,3 days,4 days,No,No,1 players,0 players,Yes,Yes,"1,370 miles",58%,47%,$2.3M,74%,397,BetMGM,-10.5,-284,-8.5,15.9
2022,Pacers,Raptors,22-29,14-22,104.1 pts,105.1 pts,107.5 pts,113.5 pts,2 days,2 days,No,No,1 players,0 players,No,No,646 miles,59%,76%,$4.4M,100%,50,fanduel,-6.0,-303,-9.0,-5.2
2024,Blazers,Knicks,0-20,18-47,89.6 pts,105.5 pts,115.8 pts,115.2 pts,3 days,1 days,No,No,0 players,1 players,No,No,296 miles,39%,37%,$1.5M,91%,86,caesars,5.5,216,5.5,-15.9
2024,Heat,Raptors,21-21,7-29,105.0 pts,102.3 pts,113.4 pts,114.8 pts,0 days,1 days,Yes,No,2 players,0 players,No,No,"1,525 miles",30%,30%,$1.3M,70%,304,caesars,-3.5,-175,-3.5,5.4
2024,Thunder,Blazers,14-23,6-65,106.4 pts,102.2 pts,107.1 pts,118.0 pts,2 days,1 days,No,No,Not Reported,1 players,No,Yes,Unknown,57%,56%,$1.0M,90%,108,Caesars,-17.5,-496,-18.0,9.3
2022,Rockets,Magic,0-23,0-21,95.2 pts,102.7 pts,113.5 pts,113.5 pts,0 days,4 days,Yes,No,0 players,0 players,No,Yes,"2,177 miles",48%,36%,$0.3M,86%,247,draftkings,3.5,184,3.5,11.2
2021,Wizards,Bulls,20-14,4-16,104.7 pts,106.7 pts,113.7 pts,116.0 pts,2 days,2 days,No,No,1 players,Not Reported,No,No,"2,329 miles",54%,39%,$3.7M,75%,272,DRAFTKINGS,-5.5,-214,-5.0,1.0
2021,Clippers,Knicks,35-34,11-8,109.9 pts,101.4 pts,108.7 pts,110.6 pts,0 days,1 days,Yes,No,Not Reported,1 players,Yes,Yes,"1,483 miles",61%,57%,$0.9M,87%,389,Caesars,-8.5,-298,-9.5,-22.8
2022,Spurs,Grizzlies,15-7,9-26,111.1 pts,105.9 pts,115.2 pts,112.3 pts,2 days,0 days,No,Yes,0 players,0 players,No,No,"1,832 miles",56%,57%,$1.8M,81%,219,Caesars,-5.5,-258,-7.0,-2.3
2024,Warriors,Hornets,1-10,50-16,97.2 pts,114.4 pts,111.0 pts,106.1 pts,0 days,1 days,Yes,No,2 players,0 players,Yes,No,391 miles,34%,26%,$7.6M,90%,124,betmgm,14.0,358,12.5,-21.1
2022,Rockets,Clippers,4-34,23-26,99.2 pts,104.6 pts,114.6 pts,105.2 pts,4 days,3 days,No,No,1 players,0 players,No,Yes,"1,617 miles",50%,49%,$3.3M,95%,147,CAESARS,9.0,275,8.0,-35.7
2021,Pistons,Heat,51-3,17-28,110.5 pts,110.4 pts,104.1 pts,110.5 pts,4 days,2 days,No,No,2 players,0 players,No,No,"1,889 miles",52%,52%,$0.6M,93%,271,BetMGM,-7.0,-273,-7.0,9.1
2022,Raptors,Kings,8-22,20-24,106.5 pts,109.9 pts,113.8 pts,107.2 pts,2 days,0 days,No,Yes,0 players,1 players,No,No,915 miles,63%,40%,$2.2M,91%,146,BetMGM,1.5,-111,0.0,-3.1
2024,Hornets,Warriors,35-14,2-63,111.3 pts,98.4 pts,110.9 pts,115.4 pts,2 days,2 days,No,No,0 players,0 players,Yes,No,"1,886 miles",58%,67%,$0.9M,91%,83,FanDuel,-16.0,-507,-18.5,12.6
2021,Nets,Nuggets,48-23,28-5,106.2 pts,109.7 pts,108.9 pts,108.3 pts,1 days,1 days,No,No,0 players,2 players,Yes,No,605 miles,36%,38%,$5.1M,98%,163,CAESARS,2.0,160,3.5,-3.3
2021,Blazers,Raptors,4-49,5-11,97.7 pts,105.7 pts,112.4 pts,112.5 pts,3 days,0 days,No,Yes,Not Reported,0 players,No,No,"2,375 miles",57%,55%,$2.9M,94%,162,caesars,5.5,234,7.0,3.9
2024,Nuggets,Thunder,9-2,11-38,108.0 pts,104.1 pts,111.1 pts,112.0 pts,0 days,4 days,Yes,No,1 players,2 players,No,No,"2,046 miles",31%,36%,$0.8M,83%,30,CAESARS,-7.5,-284,-8.5,24.2
2021,Hornets,Rockets,56-18,2-54,108.0 pts,91.3 pts,104.1 pts,122.6 pts,0 days,0 days,Yes,Yes,2 players,0 players,No,No,"2,268 miles",36%,24%,$0.8M,96%,380,fanduel,-25.0,-649,-24.5,25.2
2021,Spurs,76ers,25-13,13-49,107.1 pts,102.3 pts,111.6 pts,111.8 pts,3 days,0 days,No,Yes,0 players,Not Reported,No,No,Unknown,22%,20%,$0.8M,76%,251,fanduel,-9.0,-233,-6.5,21.6
2022,76ers,Magic,2-9,3-8,104.1 pts,102.8 pts,114.8 pts,113.3 pts,0 days,4 days,Yes,No,0 players,0 players,No,No,978 miles,43%,59%,$3.5M,100%,15,Caesars,0.5,-109,-0.5,7.1
2023,Blazers,Warriors,4-62,1-19,97.5 pts,91.4 pts,113.0 pts,121.1 pts,0 days,3 days,Yes,No,0 players,2 players,No,No,"1,452 miles",47%,42%,$3.1M,77%,263,DraftKings,-8.0,-279,-7.5,16.1
2022,Pelicans,Lakers,16-12,9-58,109.4 pts,103.4 pts,102.8 pts,114.8 pts,4 days,1 days,No,No,0 players,2 players,No,No,"1,302 miles",58%,60%,$0.6M,74%,373,betmgm,-18.0,-515,-18.5,-1.5
2021,Bucks,Rockets,15-25,5-67,100.3 pts,97.3 pts,111.2 pts,126.0 pts,4 days,3 days,No,No,2 players,0 players,No,No,"1,259 miles",59%,43%,$1.7M,80%,280,CAESARS,-16.0,-479,-17.0,8.3
2021,Cavaliers,Kings,26-21,52-22,109.9 pts,109.5 pts,108.3 pts,108.0 pts,1 days,2 days,No,No,1 players,0 players,No,No,"1,552 miles",60%,43%,$0.4M,71%,281,betmgm,-2.5,-145,-2.5,12.7
2023,Lakers,Grizzlies,13-40,20-42,102.1 pts,102.2 pts,111.7 pts,113.0 pts,1 days,1 days,No,No,0 players,1 players,No,No,426 miles,59%,93%,$2.5M,85%,212,caesars,0.0,-109,-0.5,-1.6
2024,Blazers,76ers,0-19,6-15,90.5 pts,108.3 pts,115.1 pts,114.4 pts,0 days,1 days,Yes,No,0 players,0 players,No,No,Unknown,48%,32%,$0.8M,80%,180,betmgm,8.0,292,10.0,-12.6
2023,Knicks,Spurs,9-7,19-19,106.5 pts,110.3 pts,113.9 pts,104.1 pts,2 days,2 days,No,No,0 players,1 players,No,No,"1,261 miles",53%,40%,$0.9M,97%,44,DRAFTKINGS,4.0,170,3.0,-11.8
2022,Lakers,Raptors,12-28,27-36,95.9 pts,105.1 pts,111.0 pts,112.0 pts,1 days,1 days,No,No,0 players,Not Reported,No,No,"1,961 miles",42%,38%,$0.3M,89%,64,FanDuel,2.5,169,4.0,17.2
2022,Rockets,Mavericks,3-9,12-15,92.3 pts,103.3 pts,121.0 pts,99.6 pts,0 days,2 days,Yes,No,1 players,0 players,Yes,No,539 miles,48%,62%,$4.2M,81%,151,fanduel,18.5,448,17.5,-2.3
2024,Rockets,Spurs,1-11,10-10,97.5 pts,104.9 pts,118.6 pts,100.1 pts,1 days,3 days,No,No,0 players,0 players,Yes,No,"1,876 miles",50%,54%,$1.3M,90%,315,DRAFTKINGS,19.0,460,17.5,-36.2
2024,Nets,Lakers,28-13,3-24,112.1 pts,105.5 pts,114.5 pts,113.9 pts,1 days,3 days,No,No,1 players,1 players,No,No,"1,604 miles",42%,24%,$3.7M,84%,35,betmgm,-12.5,-361,-12.0,7.2
2023,Nets,Celtics,31-12,24-29,108.7 pts,104.2 pts,109.4 pts,110.4 pts,3 days,2 days,No,No,2 players,1 players,No,No,927 miles,37%,27%,$3.3M,97%,138,Caesars,-2.5,-154,-2.0,-5.0
2021,Bulls,Hawks,2-11,31-15,117.3 pts,113.2 pts,116.9 pts,114.7 pts,4 days,2 days,No,No,1 players,1 players,Yes,No,304 miles,34%,46%,$0.3M,90%,234,Caesars,-1.0,-159,-2.0,6.3
2023,Magic,Warriors,18-51,4-55,104.0 pts,105.7 pts,115.5 pts,118.5 pts,2 days,2 days,No,No,0 players,1 players,No,Yes,Unknown,61%,72%,$0.8M,91%,257,BetMGM,-10.5,-325,-10.5,-7.4
2024,Celtics,Nets,36-22,27-20,107.9 pts,110.0 pts,102.5 pts,104.9 pts,4 days,4 days,No,No,1 players,1 players,No,No,Unknown,33%,21%,$0.2M,100%,241,FanDuel,-1.0,-108,-0.5,-16.4
2022,Hornets,Nuggets,35-16,51-22,109.4 pts,111.5 pts,105.3 pts,105.3 pts,2 days,3 days,No,No,0 players,1 players,Yes,No,496 miles,43%,60%,$3.4M,94%,399,caesars,1.0,121,1.0,7.6
2022,Suns,Clippers,24-21,15-40,106.3 pts,104.7 pts,111.3 pts,105.5 pts,4 days,3 days,No,No,1 players,1 players,Yes,No,759 miles,41%,55%,$2.2M,71%,177,fanduel,-1.5,-135,-1.5,-0.7
2021,Suns,Bucks,28-7,7-15,108.8 pts,105.8 pts,108.4 pts,109.4 pts,1 days,0 days,No,Yes,2 players,1 players,No,No,"2,449 miles",85%,90%,$0.2M,99%,270,FanDuel,-8.0,-293,-9.0,40.0
2022,Knicks,Hawks,28-41,42-30,100.9 pts,105.4 pts,107.1 pts,116.7 pts,0 days,2 days,Yes,No,1 players,Not Reported,No,No,"1,371 miles",55%,52%,$2.4M,97%,256,betmgm,-3.0,-187,-4.0,1.5
2024,Cavaliers,Nuggets,36-31,17-8,111.2 pts,111.9 pts,109.5 pts,105.5 pts,4 days,4 days,No,No,1 players,2 players,No,No,99 miles,43%,60%,$1.5M,79%,226,betmgm,0.0,115,0.5,13.8
2021,Magic,Grizzlies,9-25,5-17,98.6 pts,102.6 pts,116.7 pts,109.3 pts,1 days,3 days,No,No,1 players,3 players,No,No,237 miles,69%,48%,$1.7M,95%,361,caesars,2.0,124,1.0,0.9
2022,Thunder,Timberwolves,8-10,8-64,102.2 pts,106.7 pts,114.2 pts,111.6 pts,4 days,1 days,No,No,1 players,Not Reported,No,No,"1,782 miles",46%,66%,$0.5M,99%,209,fanduel,-5.5,-228,-6.0,5.4
2023,Pistons,Nets,46-6,8-3,114.5 pts,110.2 pts,111.2 pts,108.4 pts,2 days,1 days,No,No,0 players,Not Reported,No,No,711 miles,64%,60%,$3.5M,93%,80,DraftKings,-9.0,-331,-10.0,15.3
2021,Lakers,Rockets,2-10,1-10,95.8 pts,96.1 pts,112.9 pts,116.9 pts,2 days,3 days,No,No,1 players,2 players,No,No,"1,817 miles",26%,43%,$0.5M,94%,53,betmgm,-11.5,-377,-12.0,4.3
2024,Wizards,Timberwolves,7-4,5-40,105.5 pts,106.8 pts,103.5 pts,113.2 pts,0 days,1 days,Yes,No,0 players,2 players,No,Yes,"1,168 miles",26%,35%,$0.8M,76%,30,fanduel,-13.0,-375,-13.0,23.7
2024,Pistons,Timberwolves,41-4,4-67,115.5 pts,103.4 pts,105.3 pts,108.3 pts,1 days,0 days,No,Yes,0 players,0 players,Yes,Yes,"2,347 miles",61%,61%,$1.0M,96%,287,DRAFTKINGS,-15.5,-450,-15.5,10.9
2024,Mavericks,Warriors,30-34,3-55,105.7 pts,102.3 pts,108.1 pts,114.4 pts,2 days,2 days,No,No,Not Reported,2 players,No,No,538 miles,5%,5%,$1.7M,73%,347,DraftKings,-15.0,-420,-14.5,10.7
2022,Thunder,Pacers,21-26,20-46,109.4 pts,110.1 pts,107.8 pts,109.0 pts,1 days,1 days,No,No,1 players,1 players,No,Yes,"1,772 miles",41%,40%,$1.5M,95%,189,caesars,-4.5,-237,-6.0,-7.8
2021,Hornets,Grizzlies,45-28,19-40,108.0 pts,105.6 pts,110.1 pts,111.9 pts,1 days,1 days,No,No,1 players,0 players,No,No,139 miles,52%,56%,$0.6M,100%,117,DRAFTKINGS,-4.0,-183,-4.0,7.8
2023,Thunder,Knicks,11-26,5-16,111.2 pts,108.4 pts,116.2 pts,108.7 pts,0 days,4 days,Yes,No,Not Reported,1 players,No,No,"1,090 miles",86%,77%,$3.2M,97%,107,DraftKings,-0.5,-148,-1.5,-10.3
2021,Pistons,Nuggets,42-5,44-15,118.2 pts,108.7 pts,103.0 pts,109.4 pts,2 days,3 days,No,No,Not Reported,1 players,No,No,"1,093 miles",23%,44%,$3.7M,74%,26,BetMGM,-10.0,-352,-11.0,15.6
2024,Blazers,Grizzlies,4-40,3-8,103.5 pts,104.8 pts,114.6 pts,114.4 pts,4 days,0 days,No,Yes,0 players,1 players,No,Yes,204 miles,64%,55%,$2.3M,97%,381,FanDuel,-4.5,-206,-4.5,21.9
2021,Wizards,Nets,30-29,24-13,104.5 pts,110.1 pts,104.5 pts,108.8 pts,1 days,1 days,No,No,1 players,0 players,No,No,"1,983 miles",65%,73%,$1.5M,85%,351,FanDuel,0.0,-127,-1.0,16.1
2024,Nuggets,Nets,53-18,23-12,111.5 pts,109.7 pts,102.1 pts,110.1 pts,1 days,0 days,No,Yes,2 players,0 players,No,No,"1,234 miles",44%,47%,$1.5M,100%,19,BetMGM,-5.5,-195,-4.5,43.9
2022,Magic,Wizards,15-57,20-21,105.9 pts,101.9 pts,113.9 pts,111.8 pts,0 days,1 days,Yes,No,0 players,1 players,No,No,Unknown,58%,33%,$1.3M,100%,352,DRAFTKINGS,0.5,134,1.5,0.0
2021,Wizards,Jazz,14-18,4-38,115.0 pts,102.0 pts,108.5 pts,118.2 pts,1 days,1 days,No,No,0 players,0 players,Yes,No,"1,524 miles",64%,60%,$1.2M,84%,16,FanDuel,-18.0,-459,-16.0,26.6
2021,Nuggets,Lakers,37-8,1-32,110.6 pts,101.3 pts,104.7 pts,115.1 pts,1 days,0 days,No,Yes,2 players,0 players,No,No,426 miles,28%,22%,$1.2M,80%,270,draftkings,-17.5,-475,-17.0,32.5
2024,Warriors,Knicks,0-20,28-45,103.7 pts,105.8 pts,119.1 pts,108.3 pts,3 days,0 days,No,Yes,2 players,2 players,No,No,655 miles,48%,33%,$1.3M,92%,96,DRAFTKINGS,1.5,152,2.5,-30.3
2024,Lakers,Heat,3-41,15-17,99.9 pts,109.1 pts,113.9 pts,110.3 pts,3 days,1 days,No,No,2 players,Not Reported,No,No,151 miles,71%,76%,$1.5M,83%,372,fanduel,6.0,248,7.0,-0.1
2021,Rockets,Pelicans,2-55,27-30,92.3 pts,108.4 pts,124.0 pts,102.1 pts,2 days,2 days,No,No,0 players,2 players,No,No,667 miles,80%,93%,$0.6M,79%,11,betmgm,18.0,466,18.0,-16.9
2021,Bulls,Kings,2-9,14-17,101.7 pts,104.5 pts,120.4 pts,109.2 pts,1 days,1 days,No,No,0 players,0 players,No,No,"1,357 miles",69%,81%,$2.4M,94%,385,caesars,6.5,203,6.0,3.1
2024,Spurs,Pacers,25-22,10-24,106.1 pts,100.9 pts,108.5 pts,117.4 pts,2 days,2 days,No,No,1 players,0 players,No,Yes,"1,850 miles",70%,95%,$3.0M,95%,159,caesars,-13.5,-403,-14.0,6.4
2022,Warriors,76ers,6-47,17-47,104.6 pts,102.9 pts,113.1 pts,114.5 pts,1 days,1 days,No,No,0 players,1 players,No,No,"1,139 miles",45%,54%,$0.5M,67%,302,draftkings,-1.0,-170,-2.5,-7.1
2023,76ers,Knicks,13-55,13-25,101.7 pts,108.6 pts,110.7 pts,114.3 pts,1 days,1 days,No,No,0 players,0 players,No,Yes,"1,909 miles",43%,50%,$0.7M,80%,42,DraftKings,-5.0,-205,-4.0,2.7
2023,Knicks,Spurs,15-20,27-19,112.6 pts,112.2 pts,109.7 pts,112.0 pts,0 days,3 days,Yes,No,0 players,1 players,No,No,"1,763 miles",71%,69%,$1.5M,97%,84,BetMGM,-0.5,-176,-3.5,-10.5
2022,Bulls,Rockets,15-55,2-55,102.5 pts,100.0 pts,111.6 pts,122.6 pts,3 days,3 days,No,No,0 players,Not Reported,No,No,"1,737 miles",62%,57%,$0.4M,89%,170,DraftKings,-14.5,-426,-15.0,49.4
2021,Nets,Mavericks,11-10,27-17,108.7 pts,107.3 pts,108.7 pts,112.4 pts,4 days,1 days,No,No,0 players,1 players,No,No,494 miles,57%,60%,$1.7M,76%,21,FanDuel,-12.0,-330,-10.5,36.1
2022,Thunder,Wizards,28-35,23-24,108.5 pts,112.3 pts,123.9 pts,111.3 pts,3 days,2 days,No,No,0 players,0 players,No,Yes,"1,918 miles",58%,39%,$3.0M,97%,266,BetMGM,-1.0,-114,-1.0,-11.5
2021,Kings,Hawks,7-7,40-23,109.3 pts,110.9 pts,107.8 pts,110.8 pts,3 days,1 days,No,No,1 players,1 players,No,No,742 miles,80%,74%,$0.5M,100%,216,Caesars,-3.0,-163,-2.5,-0.9
2024,Warriors,Wizards,2-31,26-22,97.6 pts,104.5 pts,112.7 pts,107.3 pts,3 days,1 days,No,No,0 players,1 players,No,Yes,"1,683 miles",42%,69%,$2.0M,91%,101,CAESARS,4.5,227,6.5,-16.4
2021,Wizards,Thunder,17-12,2-8,105.3 pts,104.6 pts,103.7 pts,114.0 pts,0 days,2 days,Yes,No,0 players,2 players,No,No,751 miles,36%,48%,$1.2M,84%,40,FanDuel,-8.5,-283,-8.5,22.6
2022,Warriors,Magic,2-60,13-49,105.2 pts,102.0 pts,120.8 pts,115.3 pts,1 days,2 days,No,No,0 players,1 players,No,No,800 miles,35%,33%,$1.0M,81%,108,FanDuel,-2.5,-156,-2.5,0.8
2022,Celtics,Nets,42-22,23-13,104.2 pts,114.5 pts,110.4 pts,114.5 pts,3 days,3 days,No,No,1 players,1 players,No,No,726 miles,80%,66%,$3.1M,94%,51,FanDuel,1.5,116,1.5,-16.9
2023,Warriors,Rockets,9-56,0-42,103.0 pts,97.3 pts,114.6 pts,115.9 pts,3 days,2 days,No,No,2 players,0 players,No,No,"2,072 miles",41%,41%,$1.5M,82%,9,FanDuel,-7.5,-253,-7.0,4.0
2022,Pistons,Pacers,42-4,26-39,110.0 pts,103.2 pts,104.0 pts,113.3 pts,3 days,3 days,No,No,1 players,0 players,No,Yes,357 miles,70%,70%,$1.5M,83%,104,fanduel,-20.0,-515,-19.0,0.7
2023,Rockets,Spurs,0-15,6-5,98.0 pts,112.0 pts,120.6 pts,112.1 pts,1 days,4 days,No,No,0 players,0 players,Yes,No,"2,100 miles",74%,92%,$4.8M,92%,281,Caesars,18.5,425,16.5,-22.4
2021,Mavericks,Rockets,21-5,1-25,100.6 pts,96.4 pts,107.7 pts,117.1 pts,4 days,4 days,No,No,2 players,1 players,No,No,118 miles,44%,39%,$0.6M,78%,210,Caesars,-18.0,-517,-19.0,14.0
2022,Bucks,Rockets,20-28,1-61,100.8 pts,99.1 pts,111.5 pts,120.2 pts,2 days,1 days,No,No,1 players,1 players,No,No,"2,036 miles",51%,39%,$2.2M,69%,13,betmgm,-13.0,-343,-11.0,40.1
2024,Clippers,Pacers,20-22,21-53,101.8 pts,101.2 pts,106.8 pts,108.0 pts,3 days,2 days,No,No,1 players,1 players,No,No,206 miles,59%,81%,$0.4M,89%,301,DraftKings,-2.0,-130,-1.0,2.5
2023,Cavaliers,Celtics,38-35,18-18,111.1 pts,115.9 pts,115.0 pts,111.5 pts,1 days,4 days,No,No,0 players,1 players,No,No,"1,704 miles",38%,23%,$0.7M,95%,66,fanduel,-1.0,-106,-0.5,-7.4
2022,Heat,Raptors,22-26,14-24,106.3 pts,113.8 pts,107.5 pts,122.0 pts,2 days,0 days,No,Yes,0 players,Not Reported,No,No,"2,466 miles",41%,16%,$0.2M,85%,161,FanDuel,-9.0,-245,-6.0,4.2
2022,Celtics,Bulls,17-13,4-27,112.9 pts,102.7 pts,107.3 pts,112.8 pts,2 days,1 days,No,No,Not Reported,2 players,No,No,"2,205 miles",67%,86%,$2.3M,85%,9,draftkings,-15.5,-457,-16.5,-11.5
2024,Rockets,Pistons,3-51,13-2,105.3 pts,110.8 pts,118.9 pts,107.5 pts,3 days,4 days,No,No,0 players,1 players,No,No,"1,370 miles",35%,33%,$1.4M,82%,278,BetMGM,19.0,467,17.5,-22.4
2021,Hawks,Pacers,19-7,19-27,111.3 pts,109.3 pts,107.7 pts,113.1 pts,0 days,0 days,Yes,Yes,1 players,0 players,No,No,"1,590 miles",77%,77%,$0.7M,87%,86,DRAFTKINGS,-9.5,-342,-11.0,1.1
2024,Kings,Celtics,38-23,32-31,109.7 pts,106.5 pts,110.8 pts,114.1 pts,1 days,0 days,No,Yes,0 players,1 players,No,No,Unknown,61%,49%,$0.8M,99%,324,fanduel,-12.5,-349,-11.5,34.4
2022,Suns,Pistons,24-8,19-5,107.0 pts,114.5 pts,107.6 pts,107.4 pts,1 days,1 days,No,No,0 players,0 players,No,Yes,"1,288 miles",41%,47%,$0.6M,75%,15,Caesars,1.0,-128,-1.0,4.8
2024,Celtics,Lakers,32-26,15-29,104.8 pts,105.9 pts,108.2 pts,116.9 pts,4 days,1 days,No,No,2 players,0 players,No,No,"1,949 miles",55%,47%,$0.6M,96%,215,FanDuel,-9.5,-366,-12.0,6.5
2022,Nets,Grizzlies,27-26,16-35,108.6 pts,103.1 pts,112.7 pts,115.2 pts,0 days,0 days,Yes,Yes,1 players,1 players,No,No,588 miles,43%,34%,$1.5M,95%,25,DRAFTKINGS,-8.5,-286,-8.5,15.0
2022,Bucks,Rockets,17-36,1-9,104.2 pts,92.2 pts,112.6 pts,119.8 pts,4 days,0 days,No,Yes,3 players,1 players,No,Yes,"1,601 miles",39%,39%,$0.5M,82%,45,draftkings,-17.0,-486,-17.5,21.3
2023,Blazers,Timberwolves,3-45,4-17,99.6 pts,105.8 pts,115.2 pts,113.8 pts,1 days,1 days,No,No,1 players,1 players,No,No,"1,193 miles",67%,78%,$1.1M,91%,142,DraftKings,0.0,-105,0.0,-8.0
2024,Hornets,Rockets,22-20,1-28,115.6 pts,95.8 pts,109.6 pts,117.8 pts,2 days,2 days,No,No,0 players,0 players,No,Yes,"1,137 miles",58%,46%,$0.9M,85%,72,FanDuel,-24.0,-643,-24.5,14.9
2022,Mavericks,Rockets,7-10,4-53,109.2 pts,98.3 pts,106.3 pts,114.0 pts,1 days,1 days,No,No,2 players,0 players,No,No,224 miles,36%,26%,$0.7M,80%,302,Caesars,-16.5,-460,-16.0,38.2
2023,Magic,76ers,15-45,9-59,107.9 pts,102.4 pts,110.8 pts,116.2 pts,1 days,3 days,No,No,0 players,1 players,No,No,771 miles,13%,5%,$2.9M,85%,133,BetMGM,-5.5,-202,-5.0,6.4
2022,Jazz,Lakers,4-19,3-24,102.0 pts,98.4 pts,106.1 pts,114.3 pts,3 days,0 days,No,Yes,0 players,Not Reported,No,No,Unknown,41%,46%,$2.7M,86%,384,caesars,-11.0,-377,-12.5,41.8
2024,Suns,Timberwolves,22-12,5-46,108.6 pts,99.9 pts,109.8 pts,114.1 pts,4 days,1 days,No,No,0 players,0 players,No,No,968 miles,35%,14%,$0.2M,92%,314,Caesars,-13.5,-384,-13.0,-11.2
2024,Blazers,Suns,4-23,18-11,104.0 pts,113.2 pts,114.4 pts,107.2 pts,1 days,3 days,No,No,0 players,0 players,No,No,"1,032 miles",46%,43%,$2.8M,87%,140,fanduel,11.5,338,12.0,-5.5
2021,Bucks,Heat,9-20,18-11,100.6 pts,108.9 pts,117.9 pts,107.0 pts,2 days,1 days,No,No,0 players,0 players,No,No,"2,471 miles",76%,84%,$0.5M,95%,365,DRAFTKINGS,5.0,197,5.0,-27.6
2022,Lakers,Grizzlies,5-50,9-26,102.8 pts,103.7 pts,116.5 pts,110.7 pts,1 days,1 days,No,No,1 players,1 players,Yes,No,493 miles,17%,8%,$1.1M,97%,47,Caesars,6.0,247,7.5,5.5
2023,Bulls,Magic,14-39,9-42,99.3 pts,93.5 pts,108.9 pts,122.2 pts,4 days,2 days,No,No,1 players,0 players,No,Yes,325 miles,64%,84%,$2.5M,100%,81,FanDuel,-9.5,-289,-8.5,22.4
2022,Bucks,Hawks,10-21,33-17,101.8 pts,111.0 pts,110.8 pts,109.8 pts,0 days,0 days,Yes,Yes,0 players,0 players,No,No,"2,328 miles",43%,42%,$0.7M,65%,42,caesars,6.0,222,6.5,-19.0
2021,Warriors,Hawks,2-45,20-10,104.4 pts,105.2 pts,117.9 pts,107.2 pts,1 days,2 days,No,No,2 players,1 players,No,No,249 miles,56%,43%,$2.1M,89%,303,BetMGM,11.0,312,11.0,-23.1
2021,Bulls,Clippers,13-48,27-34,103.7 pts,114.6 pts,116.0 pts,109.6 pts,2 days,1 days,No,No,0 players,0 players,No,Yes,"1,307 miles",26%,21%,$0.5M,88%,53,caesars,5.5,231,6.0,-11.9
2023,Pacers,Celtics,17-25,40-28,109.4 pts,100.6 pts,111.0 pts,118.4 pts,1 days,1 days,No,No,0 players,0 players,No,No,756 miles,43%,37%,$2.1M,91%,206,draftkings,-7.0,-225,-5.5,3.0
2024,Thunder,Hawks,5-12,22-6,102.4 pts,119.1 pts,110.9 pts,108.9 pts,4 days,1 days,No,No,1 players,0 players,No,No,"1,156 miles",58%,44%,$1.2M,96%,95,BetMGM,5.0,232,6.0,9.6
2023,Rockets,Hornets,1-10,36-26,103.1 pts,108.1 pts,120.8 pts,114.5 pts,1 days,1 days,No,No,0 players,2 players,No,No,"1,691 miles",39%,46%,$3.1M,79%,74,DRAFTKINGS,9.0,264,8.5,-7.6
2022,Nets,Clippers,20-12,5-5,107.8 pts,101.2 pts,106.4 pts,108.3 pts,4 days,1 days,No,No,0 players,0 players,No,No,526 miles,67%,70%,$1.0M,66%,38,betmgm,-12.0,-381,-12.5,4.3
2023,Spurs,Mavericks,15-6,17-35,105.9 pts,112.3 pts,112.0 pts,105.7 pts,1 days,2 days,No,No,0 players,1 players,No,No,"1,787 miles",31%,33%,$1.4M,92%,351,fanduel,0.5,114,1.5,-13.9
2021,Thunder,Hawks,16-39,43-14,112.1 pts,110.0 pts,106.4 pts,105.2 pts,2 days,0 days,No,Yes,1 players,0 players,No,No,"1,010 miles",61%,75%,$2.1M,98%,220,Caesars,-1.0,-99,0.0,3.4
2021,Bucks,Heat,7-19,11-10,100.7 pts,110.0 pts,111.8 pts,106.4 pts,1 days,2 days,No,No,0 players,0 players,No,Yes,101 miles,38%,37%,$0.6M,82%,212,fanduel,3.5,184,4.0,-8.6
2024,Thunder,Nets,17-27,24-8,106.9 pts,108.3 pts,111.6 pts,106.3 pts,1 days,1 days,No,No,1 players,1 players,No,No,949 miles,57%,62%,$1.2M,91%,370,fanduel,3.5,200,5.0,-17.6
2021,Heat,Magic,46-22,4-14,110.6 pts,106.3 pts,107.3 pts,112.8 pts,3 days,4 days,No,No,Not Reported,0 players,No,No,597 miles,49%,61%,$0.5M,87%,133,DraftKings,-11.0,-327,-11.0,19.6
2023,Wizards,Mavericks,20-19,13-14,109.1 pts,106.9 pts,112.7 pts,111.9 pts,4 days,0 days,No,Yes,0 players,0 players,No,No,"1,128 miles",46%,49%,$0.4M,100%,216,caesars,-3.0,-105,0.0,25.8
2022,Bulls,Kings,14-35,40-24,107.5 pts,109.4 pts,108.8 pts,112.6 pts,2 days,1 days,No,No,0 players,2 players,No,Yes,471 miles,19%,9%,$3.0M,91%,230,betmgm,-3.0,-115,-1.0,-3.5
2023,Wizards,Hornets,35-33,29-16,108.3 pts,113.7 pts,106.6 pts,110.1 pts,1 days,2 days,No,No,0 players,1 players,No,No,"1,488 miles",36%,34%,$3.0M,89%,157,FanDuel,-3.0,-153,-3.0,-4.6
2024,Rockets,Magic,5-62,4-12,92.9 pts,107.8 pts,122.8 pts,117.1 pts,1 days,1 days,No,No,0 players,1 players,No,No,"1,914 miles",67%,46%,$3.5M,88%,43,fanduel,7.5,240,7.5,-21.1
2024,Lakers,Suns,2-17,10-7,102.5 pts,111.3 pts,108.5 pts,103.8 pts,0 days,2 days,Yes,No,0 players,0 players,Yes,No,"2,463 miles",51%,60%,$0.5M,95%,395,CAESARS,11.5,324,11.0,-20.0
2022,Spurs,Kings,26-11,30-5,104.1 pts,108.5 pts,114.2 pts,103.0 pts,3 days,2 days,No,No,0 players,1 players,No,No,"2,272 miles",68%,67%,$5.3M,89%,338,betmgm,2.0,138,2.0,-13.4
2024,Suns,Blazers,39-24,2-61,108.9 pts,108.5 pts,103.5 pts,114.7 pts,3 days,2 days,No,No,1 players,1 players,No,No,"2,039 miles",69%,59%,$0.3M,90%,286,CAESARS,-18.0,-500,-18.5,16.7
2021,Kings,Nets,24-20,22-11,110.7 pts,111.1 pts,105.7 pts,111.5 pts,4 days,0 days,No,Yes,0 players,Not Reported,No,Yes,128 miles,35%,35%,$0.8M,75%,192,FanDuel,-13.0,-328,-10.5,25.7
2023,Raptors,Lakers,11-20,8-33,109.0 pts,104.6 pts,117.6 pts,118.0 pts,0 days,0 days,Yes,Yes,0 players,0 players,No,No,"1,660 miles",38%,46%,$1.8M,89%,261,BetMGM,-9.0,-293,-8.5,1.9
2022,Clippers,Pistons,34-28,62-8,101.8 pts,113.1 pts,112.4 pts,100.5 pts,0 days,2 days,Yes,No,0 players,3 players,No,No,"2,425 miles",52%,51%,$2.0M,96%,340,FanDuel,8.0,268,8.5,-3.7
2024,Heat,Wizards,32-21,20-35,109.2 pts,107.7 pts,112.4 pts,115.3 pts,1 days,0 days,No,Yes,0 players,2 players,No,No,"1,573 miles",38%,32%,$0.7M,86%,181,FanDuel,-7.5,-213,-5.5,13.6
2024,Heat,Blazers,24-12,3-66,107.5 pts,96.4 pts,111.4 pts,120.0 pts,3 days,0 days,No,Yes,0 players,0 players,No,No,"1,133 miles",50%,57%,$4.5M,89%,96,BetMGM,-22.0,-620,-23.5,10.4
2024,Magic,Cavaliers,9-23,25-25,107.5 pts,110.0 pts,115.3 pts,103.8 pts,2 days,1 days,No,No,1 players,2 players,No,No,784 miles,26%,20%,$1.5M,75%,251,DraftKings,5.5,246,6.5,5.7
2022,Magic,Clippers,14-55,20-18,105.2 pts,104.5 pts,110.6 pts,122.0 pts,1 days,1 days,No,No,0 players,1 players,No,No,647 miles,44%,46%,$2.1M,76%,66,FanDuel,-4.5,-172,-3.5,28.0
2024,Hawks,76ers,22-2,9-46,112.5 pts,100.4 pts,106.2 pts,109.4 pts,1 days,1 days,No,No,0 players,0 players,No,No,733 miles,35%,41%,$0.9M,99%,131,fanduel,-17.5,-527,-19.0,12.8
2022,Suns,Clippers,11-5,12-17,108.5 pts,106.2 pts,110.4 pts,107.2 pts,2 days,1 days,No,No,Not Reported,0 players,No,No,117 miles,57%,55%,$0.8M,64%,220,Caesars,-2.0,-143,-1.5,-9.3
2022,Heat,Lakers,22-26,7-48,104.5 pts,99.2 pts,113.7 pts,114.7 pts,3 days,2 days,No,No,Not Reported,Not Reported,No,No,"1,031 miles",42%,48%,$2.4M,99%,336,fanduel,-9.5,-348,-11.0,-4.9
2022,Knicks,Wizards,7-4,27-46,107.0 pts,110.6 pts,117.7 pts,114.5 pts,3 days,2 days,No,No,0 players,1 players,No,No,"2,301 miles",89%,88%,$1.9M,68%,163,betmgm,-1.0,-148,-2.0,14.5
2022,Magic,Lakers,10-31,2-37,105.5 pts,108.2 pts,111.8 pts,117.2 pts,4 days,1 days,No,No,1 players,0 players,No,No,249 miles,71%,77%,$5.0M,66%,278,BetMGM,-8.5,-302,-9.0,27.9
2023,Pistons,Lakers,23-4,6-64,116.4 pts,99.0 pts,103.3 pts,114.0 pts,3 days,0 days,No,Yes,1 players,0 players,Yes,No,"1,887 miles",21%,31%,$0.9M,91%,185,DRAFTKINGS,-22.5,-596,-22.0,28.5
2021,Warriors,Suns,3-34,27-34,97.9 pts,110.7 pts,112.8 pts,108.9 pts,1 days,4 days,No,No,0 players,0 players,No,No,304 miles,71%,66%,$4.9M,95%,104,Caesars,13.5,378,14.0,4.5
2021,Knicks,Celtics,14-9,22-29,108.0 pts,113.6 pts,113.1 pts,102.8 pts,1 days,4 days,No,No,1 players,0 players,Yes,Yes,"1,098 miles",51%,45%,$0.5M,95%,165,betmgm,2.5,188,4.5,1.7
2024,Raptors,Grizzlies,16-38,22-37,105.4 pts,108.0 pts,112.0 pts,112.5 pts,4 days,2 days,No,No,0 players,0 players,No,No,790 miles,41%,30%,$0.5M,87%,166,fanduel,-3.5,-173,-3.0,-1.3
2023,Blazers,Jazz,3-11,10-63,102.5 pts,100.1 pts,115.7 pts,107.7 pts,2 days,3 days,No,No,1 players,0 players,No,Yes,95 miles,27%,53%,$1.3M,85%,129,DRAFTKINGS,2.0,208,4.5,-1.1
2024,Celtics,Bucks,9-5,7-11,103.7 pts,102.1 pts,109.1 pts,120.2 pts,4 days,2 days,No,No,1 players,1 players,No,Yes,"1,805 miles",41%,28%,$2.5M,93%,25,Caesars,-15.0,-447,-15.5,11.4
2024,Bulls,Blazers,4-19,0-32,105.8 pts,101.1 pts,112.2 pts,117.6 pts,0 days,0 days,Yes,Yes,0 players,1 players,No,No,"1,529 miles",69%,69%,$1.8M,100%,78,betmgm,-7.5,-288,-8.0,6.4
2021,Warriors,Jazz,3-57,5-63,94.7 pts,103.8 pts,115.8 pts,113.9 pts,2 days,1 days,No,No,1 players,1 players,No,No,"2,187 miles",6%,16%,$2.0M,75%,126,DraftKings,4.5,219,6.0,-1.3
2021,Thunder,Kings,19-44,35-33,113.3 pts,101.4 pts,112.8 pts,103.4 pts,0 days,1 days,Yes,No,0 players,0 players,No,No,367 miles,32%,39%,$5.9M,83%,16,caesars,-1.5,114,0.5,-34.8
2023,Timberwolves,Grizzlies,3-11,15-40,105.5 pts,100.8 pts,119.2 pts,113.7 pts,1 days,3 days,No,No,0 players,0 players,No,No,216 miles,54%,53%,$0.5M,100%,37,Caesars,2.5,152,2.5,-1.9
2021,Suns,Celtics,47-19,33-32,110.9 pts,108.7 pts,108.8 pts,105.9 pts,2 days,2 days,No,No,0 players,0 players,No,No,297 miles,40%,26%,$0.3M,77%,43,betmgm,-7.0,-205,-4.5,-1.3
2023,Bucks,Pelicans,10-14,13-17,104.5 pts,106.7 pts,108.0 pts,107.6 pts,0 days,0 days,Yes,Yes,1 players,Not Reported,No,No,"1,091 miles",71%,75%,$4.4M,100%,223,CAESARS,3.0,143,2.5,-2.4
2021,Lakers,Timberwolves,7-22,8-29,105.5 pts,102.3 pts,118.6 pts,115.1 pts,2 days,1 days,No,No,Not Reported,2 players,No,No,725 miles,79%,84%,$0.8M,99%,264,FanDuel,-4.5,-198,-5.0,17.3
2023,Pistons,Suns,8-5,14-13,118.4 pts,109.7 pts,109.1 pts,108.0 pts,3 days,0 days,No,Yes,2 players,0 players,No,Yes,725 miles,46%,57%,$0.3M,92%,383,DraftKings,-14.5,-436,-15.5,13.0
2023,Warriors,Nuggets,3-29,19-3,100.9 pts,104.5 pts,121.0 pts,110.4 pts,1 days,2 days,No,No,1 players,2 players,No,Yes,635 miles,56%,69%,$0.5M,87%,116,betmgm,7.0,232,6.5,0.2
2021,Kings,Mavericks,39-24,25-42,110.3 pts,104.7 pts,111.4 pts,113.3 pts,0 days,1 days,Yes,No,0 players,1 players,No,No,591 miles,58%,47%,$1.5M,78%,349,DRAFTKINGS,-6.0,-196,-4.5,21.9
2023,Raptors,Pelicans,21-45,23-19,105.9 pts,106.7 pts,111.7 pts,112.8 pts,1 days,0 days,No,Yes,0 players,1 players,No,No,"2,480 miles",66%,69%,$0.7M,98%,128,BetMGM,-3.0,-134,-2.0,5.3
2021,Raptors,Thunder,29-38,12-29,104.5 pts,105.9 pts,119.9 pts,105.0 pts,0 days,4 days,Yes,No,0 players,1 players,Yes,No,318 miles,33%,36%,$1.4M,72%,149,DRAFTKINGS,3.5,156,2.5,-12.0
2024,Blazers,Nets,1-44,12-7,101.6 pts,111.0 pts,115.7 pts,103.5 pts,1 days,4 days,No,No,0 players,0 players,No,No,"2,423 miles",48%,53%,$1.4M,100%,109,draftkings,16.0,429,16.5,0.3
2022,Clippers,Pacers,20-18,12-16,108.0 pts,102.6 pts,104.8 pts,111.9 pts,1 days,4 days,No,No,0 players,0 players,Yes,No,783 miles,50%,61%,$3.0M,95%,210,draftkings,-3.0,-160,-2.5,43.6
2024,Lakers,Blazers,6-13,3-48,103.6 pts,100.4 pts,119.1 pts,109.2 pts,4 days,1 days,No,No,2 players,0 players,No,No,430 miles,45%,44%,$2.4M,99%,246,betmgm,-4.0,-196,-4.0,6.7
2022,Pelicans,Celtics,36-38,17-25,113.7 pts,106.7 pts,115.8 pts,107.3 pts,3 days,1 days,No,No,1 players,2 players,No,No,484 miles,36%,37%,$2.2M,73%,82,caesars,-5.0,-146,-2.0,24.7
2024,Hawks,Lakers,58-15,4-32,109.6 pts,105.0 pts,105.8 pts,115.8 pts,3 days,1 days,No,No,1 players,0 players,No,No,"1,975 miles",52%,70%,$1.2M,77%,120,betmgm,-13.0,-397,-13.5,-9.4
2021,Jazz,Pelicans,1-27,22-13,106.8 pts,105.7 pts,118.7 pts,107.3 pts,1 days,4 days,No,No,1 players,0 players,No,No,"2,070 miles",44%,44%,$0.8M,87%,340,BetMGM,6.0,240,7.0,-21.0
2022,Pistons,Celtics,58-4,30-29,114.2 pts,106.5 pts,104.9 pts,106.2 pts,1 days,2 days,No,No,0 players,2 players,No,No,891 miles,41%,41%,$1.3M,100%,389,BetMGM,-12.0,-358,-11.5,20.8
2022,Raptors,Nuggets,11-22,13-5,116.0 pts,113.6 pts,114.0 pts,102.4 pts,1 days,2 days,No,No,0 players,0 players,No,No,"2,015 miles",29%,27%,$3.1M,100%,348,CAESARS,3.0,137,3.0,-22.8
2024,Kings,Knicks,25-18,16-22,108.8 pts,108.4 pts,108.0 pts,115.8 pts,3 days,1 days,No,No,1 players,1 players,No,No,"1,582 miles",66%,66%,$1.9M,86%,344,caesars,-8.5,-285,-8.5,-7.1
2023,Hawks,Pacers,50-17,26-39,109.7 pts,104.4 pts,112.9 pts,110.9 pts,1 days,4 days,No,No,0 players,1 players,No,No,785 miles,66%,59%,$1.0M,79%,218,betmgm,-9.0,-343,-10.5,-5.8
2024,Warriors,Wizards,2-35,18-20,105.9 pts,107.7 pts,120.2 pts,110.0 pts,1 days,1 days,No,No,2 players,1 players,No,No,"1,649 miles",36%,34%,$0.9M,96%,394,DraftKings,11.0,325,12.0,-11.1
2022,Spurs,Rockets,24-12,1-15,107.3 pts,99.6 pts,115.4 pts,118.1 pts,3 days,0 days,No,Yes,0 players,1 players,Yes,No,358 miles,40%,39%,$1.5M,78%,91,betmgm,-16.0,-442,-16.0,23.3
2021,Raptors,Pacers,6-8,26-45,104.0 pts,110.4 pts,114.6 pts,114.1 pts,3 days,3 days,No,No,0 players,1 players,No,No,"1,008 miles",32%,48%,$0.9M,82%,268,CAESARS,-1.0,-127,-1.5,4.7
2024,Nuggets,Spurs,27-7,7-3,107.4 pts,106.8 pts,110.3 pts,103.8 pts,2 days,1 days,No,No,Not Reported,0 players,No,No,"1,901 miles",57%,28%,$0.4M,87%,362,caesars,1.0,116,0.5,-17.5
2022,Bulls,Rockets,6-26,0-41,102.5 pts,94.0 pts,114.5 pts,115.6 pts,2 days,1 days,No,No,1 players,1 players,No,No,"1,946 miles",67%,91%,$0.5M,92%,84,DraftKings,-10.5,-356,-11.5,22.2
2021,Pelicans,Bulls,49-22,2-8,110.9 pts,99.4 pts,113.6 pts,112.1 pts,1 days,2 days,No,No,0 players,Not Reported,No,No,986 miles,55%,62%,$0.2M,76%,310,DRAFTKINGS,-6.5,-235,-6.0,-5.6
2023,Cavaliers,Nuggets,48-22,19-5,109.5 pts,114.7 pts,107.6 pts,104.5 pts,3 days,3 days,No,No,2 players,Not Reported,No,No,"1,804 miles",44%,28%,$1.2M,85%,58,FanDuel,5.5,190,4.5,11.2
2023,Raptors,Grizzlies,37-26,16-55,108.7 pts,98.4 pts,103.1 pts,112.8 pts,3 days,4 days,No,No,0 players,Not Reported,No,No,Unknown,47%,52%,$0.9M,69%,284,betmgm,-9.5,-299,-9.5,29.1
2024,Clippers,76ers,10-15,2-21,109.0 pts,108.9 pts,107.7 pts,111.5 pts,1 days,2 days,No,No,1 players,3 players,No,No,"1,666 miles",33%,44%,$4.6M,100%,86,DraftKings,-10.0,-325,-9.5,11.2
2023,Celtics,Lakers,13-8,9-63,105.6 pts,99.8 pts,110.8 pts,118.6 pts,1 days,1 days,No,No,0 players,0 players,No,Yes,"1,143 miles",84%,95%,$3.7M,81%,144,betmgm,-14.5,-393,-13.5,4.8
2021,Celtics,Grizzlies,6-5,13-47,103.9 pts,105.7 pts,114.3 pts,115.1 pts,1 days,1 days,No,No,2 players,1 players,No,No,525 miles,62%,69%,$5.8M,79%,294,fanduel,-2.5,-150,-2.0,21.6
2021,Nuggets,Kings,18-9,19-13,114.4 pts,109.2 pts,103.0 pts,105.5 pts,2 days,0 days,No,Yes,Not Reported,Not Reported,No,No,"1,440 miles",39%,25%,$0.7M,77%,297,BetMGM,-12.5,-337,-10.5,10.5
2024,Pelicans,Clippers,27-24,15-23,109.8 pts,109.1 pts,110.6 pts,107.2 pts,3 days,0 days,No,Yes,Not Reported,2 players,No,No,"2,451 miles",91%,95%,$0.4M,97%,191,fanduel,-5.5,-218,-5.0,6.7
2022,Knicks,Mavericks,7-4,26-35,98.2 pts,103.4 pts,111.2 pts,106.4 pts,4 days,1 days,No,No,1 players,1 players,No,No,"1,451 miles",57%,45%,$0.7M,93%,337,draftkings,0.0,-138,-1.5,12.1
2023,Mavericks,Raptors,25-24,11-23,106.9 pts,104.1 pts,112.1 pts,112.4 pts,1 days,4 days,No,No,0 players,1 players,No,No,899 miles,81%,86%,$1.0M,87%,334,DRAFTKINGS,-1.0,-144,-2.5,26.2
2022,Bulls,Thunder,6-16,23-35,103.1 pts,106.3 pts,115.7 pts,107.3 pts,0 days,2 days,Yes,No,Not Reported,0 players,No,No,"2,142 miles",64%,76%,$1.4M,86%,253,draftkings,2.5,105,0.5,-5.5
2021,Jazz,Thunder,2-32,7-11,105.0 pts,106.0 pts,116.3 pts,111.5 pts,1 days,2 days,No,No,0 players,0 players,No,No,518 miles,66%,58%,$0.3M,100%,195,FanDuel,0.5,108,1.0,-11.1
2021,Nets,Warriors,44-23,7-67,105.5 pts,101.9 pts,108.3 pts,115.8 pts,4 days,2 days,No,No,1 players,0 players,No,No,773 miles,78%,78%,$1.2M,100%,167,CAESARS,-12.5,-410,-14.0,20.9
2023,Bucks,Magic,19-38,4-34,100.5 pts,101.3 pts,118.8 pts,113.4 pts,1 days,1 days,No,No,0 players,1 players,No,No,781 miles,94%,95%,$2.2M,77%,369,FanDuel,-3.5,-175,-3.5,-1.0
2024,Raptors,Pacers,9-21,19-21,107.2 pts,107.6 pts,113.0 pts,107.6 pts,1 days,1 days,No,No,0 players,0 players,No,No,"1,188 miles",52%,55%,$0.2M,93%,108,DraftKings,0.0,-150,-1.5,-12.1
2022,Spurs,Suns,36-22,7-4,114.5 pts,106.7 pts,114.3 pts,109.3 pts,0 days,1 days,Yes,No,1 players,Not Reported,No,No,"1,635 miles",73%,93%,$0.9M,70%,100,DraftKings,-3.5,-208,-5.0,-12.1
2022,Warriors,Magic,1-34,4-6,96.2 pts,103.4 pts,118.0 pts,110.6 pts,1 days,1 days,No,No,0 players,0 players,No,No,"1,200 miles",52%,49%,$1.2M,83%,304,betmgm,5.5,197,4.5,1.9
2021,Kings,Hornets,42-31,11-8,107.3 pts,110.3 pts,108.8 pts,116.6 pts,2 days,1 days,No,No,1 players,0 players,No,No,"2,467 miles",52%,44%,$0.8M,86%,303,betmgm,-4.5,-232,-5.0,19.3
2022,Mavericks,Wizards,6-5,25-31,104.8 pts,101.2 pts,116.9 pts,101.1 pts,2 days,2 days,No,No,2 players,0 players,No,No,117 miles,33%,19%,$1.0M,78%,326,DraftKings,2.0,159,3.0,-32.2
2022,Rockets,Pistons,1-14,61-7,100.3 pts,112.7 pts,117.9 pts,107.2 pts,0 days,3 days,Yes,No,1 players,0 players,No,No,687 miles,61%,66%,$0.7M,70%,150,CAESARS,23.0,593,24.5,-26.6
2023,Raptors,76ers,25-28,6-36,99.7 pts,105.8 pts,114.8 pts,110.5 pts,0 days,1 days,Yes,No,0 players,0 players,No,No,424 miles,47%,55%,$2.0M,83%,63,FanDuel,-1.0,-126,-1.0,11.8
2022,Clippers,Rockets,33-33,0-28,105.7 pts,100.8 pts,111.2 pts,118.0 pts,1 days,4 days,No,No,2 players,0 players,No,No,"2,439 miles",51%,63%,$0.2M,92%,143,Caesars,-14.0,-438,-15.0,16.0
2022,Bulls,Jazz,12-31,11-49,103.1 pts,102.0 pts,116.9 pts,113.1 pts,0 days,3 days,Yes,No,1 players,1 players,No,No,"2,148 miles",34%,32%,$1.6M,82%,110,fanduel,0.5,122,1.0,5.3
2022,Rockets,Thunder,2-39,16-30,98.8 pts,102.8 pts,111.8 pts,110.4 pts,3 days,1 days,No,No,2 players,2 players,No,No,582 miles,22%,30%,$1.4M,90%,303,BetMGM,5.0,210,5.0,-0.9
2023,Suns,Warriors,21-15,4-54,102.6 pts,105.3 pts,105.3 pts,125.8 pts,0 days,1 days,Yes,No,1 players,0 players,No,No,"1,657 miles",45%,45%,$0.2M,86%,139,Caesars,-14.5,-376,-12.5,26.6
2024,Rockets,76ers,4-20,8-30,100.5 pts,103.9 pts,114.5 pts,112.5 pts,0 days,3 days,Yes,No,1 players,0 players,No,No,"2,171 miles",32%,5%,$5.2M,84%,333,Caesars,4.5,230,6.0,8.5
2023,Rockets,Jazz,3-40,6-49,94.9 pts,96.5 pts,112.4 pts,112.3 pts,0 days,2 days,Yes,No,0 players,2 players,Yes,No,168 miles,58%,55%,$1.2M,100%,334,caesars,2.0,133,1.0,-19.3
2021,Spurs,Hawks,38-25,37-26,111.2 pts,110.2 pts,107.4 pts,111.9 pts,1 days,0 days,No,Yes,1 players,0 players,No,No,913 miles,90%,88%,$1.0M,99%,379,betmgm,-0.5,-103,-0.5,-6.1
2023,Celtics,Grizzlies,8-11,6-12,105.5 pts,103.9 pts,107.2 pts,110.7 pts,0 days,2 days,Yes,No,0 players,0 players,Yes,No,341 miles,46%,12%,$2.1M,90%,73,DRAFTKINGS,-4.0,-163,-3.0,2.2
2021,Kings,Spurs,5-5,33-33,101.2 pts,111.5 pts,103.3 pts,112.2 pts,2 days,1 days,No,No,1 players,0 players,No,No,"1,589 miles",68%,61%,$2.1M,79%,286,Caesars,-5.0,-218,-5.0,2.5
2022,Timberwolves,Pelicans,3-19,16-23,110.9 pts,111.1 pts,114.4 pts,112.7 pts,2 days,1 days,No,No,0 players,1 players,Yes,No,"1,477 miles",62%,37%,$0.3M,93%,280,draftkings,3.0,177,4.0,-11.5
2024,76ers,Mavericks,5-48,19-20,104.0 pts,105.7 pts,115.3 pts,112.2 pts,2 days,4 days,No,No,0 players,0 players,No,No,890 miles,90%,95%,$5.5M,81%,201,fanduel,1.5,145,2.0,-22.8
2021,Rockets,Thunder,9-46,7-17,97.5 pts,113.2 pts,116.3 pts,108.4 pts,1 days,2 days,No,No,0 players,1 players,No,Yes,"1,998 miles",55%,52%,$1.0M,90%,300,caesars,9.5,248,7.5,6.8
2021,Cavaliers,Kings,22-11,9-6,111.0 pts,109.2 pts,108.0 pts,111.0 pts,4 days,3 days,No,No,1 players,0 players,No,No,887 miles,48%,37%,$0.7M,86%,250,fanduel,-2.5,-167,-3.0,-23.9
2022,Knicks,Thunder,32-25,14-31,108.3 pts,103.1 pts,111.5 pts,111.3 pts,0 days,1 days,Yes,No,0 players,1 players,No,No,292 miles,31%,40%,$1.7M,84%,390,Caesars,-8.0,-259,-7.5,0.6
2022,Jazz,Thunder,8-38,29-42,99.5 pts,109.8 pts,115.0 pts,113.7 pts,2 days,4 days,No,No,1 players,2 players,No,No,"2,408 miles",88%,90%,$1.7M,100%,14,FanDuel,3.0,148,2.5,6.6
2022,Bucks,Nuggets,11-22,27-8,110.1 pts,110.9 pts,112.1 pts,102.1 pts,1 days,2 days,No,No,1 players,Not Reported,No,No,517 miles,69%,67%,$2.8M,88%,344,BetMGM,7.0,235,6.5,6.9
2022,Suns,Grizzlies,45-14,21-37,107.6 pts,105.9 pts,110.2 pts,115.2 pts,0 days,1 days,Yes,No,3 players,0 players,No,Yes,"1,748 miles",65%,58%,$0.9M,99%,189,betmgm,-6.0,-254,-7.0,18.2
2023,Warriors,Timberwolves,3-45,11-59,109.5 pts,102.7 pts,122.8 pts,116.1 pts,1 days,2 days,No,No,2 players,0 players,No,No,"1,305 miles",79%,93%,$1.3M,92%,239,betmgm,1.0,-144,-2.0,20.4
2022,Rockets,Nets,3-71,12-5,92.5 pts,112.4 pts,119.0 pts,103.4 pts,3 days,4 days,No,No,0 players,0 players,No,No,"1,342 miles",61%,74%,$2.4M,100%,210,CAESARS,20.5,484,19.5,-23.2
2022,Clippers,Heat,4-6,43-31,110.1 pts,108.7 pts,111.8 pts,108.0 pts,0 days,1 days,Yes,No,4 players,2 players,No,No,Unknown,58%,60%,$1.2M,93%,238,betmgm,3.0,147,3.0,-34.5
2022,Heat,Suns,42-27,23-21,104.4 pts,112.7 pts,109.8 pts,109.0 pts,2 days,3 days,No,No,1 players,0 players,No,No,705 miles,49%,33%,$0.3M,98%,321,DRAFTKINGS,0.0,-127,-1.0,19.1
2023,Timberwolves,Pelicans,8-33,20-27,104.7 pts,106.2 pts,119.5 pts,116.4 pts,2 days,2 days,No,No,1 players,0 players,No,Yes,"1,287 miles",40%,44%,$3.1M,93%,341,DraftKings,5.5,196,5.0,0.8
2024,76ers,Lakers,5-47,6-53,103.8 pts,100.8 pts,112.5 pts,107.0 pts,3 days,2 days,No,No,1 players,1 players,No,No,919 miles,31%,17%,$0.3M,91%,322,FanDuel,-3.5,-186,-3.0,21.4
2021,Thunder,Hawks,26-40,25-13,109.1 pts,111.0 pts,108.8 pts,111.6 pts,4 days,2 days,No,No,1 players,0 players,No,No,"1,288 miles",35%,36%,$3.6M,86%,67,betmgm,1.0,-103,-0.5,-22.6
2022,Pistons,Clippers,62-7,24-30,116.9 pts,105.6 pts,110.4 pts,110.1 pts,1 days,3 days,No,No,Not Reported,0 players,No,No,"2,151 miles",43%,63%,$2.0M,97%,221,fanduel,-8.5,-295,-9.0,17.1
2022,Pelicans,Nets,29-21,14-3,108.3 pts,107.1 pts,109.4 pts,99.9 pts,4 days,2 days,No,No,0 players,0 players,No,No,323 miles,53%,42%,$2.1M,81%,371,CAESARS,1.0,126,2.0,-3.0
2022,76ers,Bucks,5-22,6-17,101.4 pts,104.5 pts,113.0 pts,110.7 pts,2 days,3 days,No,No,0 players,1 players,No,Yes,"1,702 miles",51%,51%,$2.3M,88%,172,fanduel,-6.0,-232,-6.0,-5.3
2022,Heat,Mavericks,49-21,5-6,108.7 pts,109.0 pts,105.3 pts,111.5 pts,3 days,1 days,No,No,0 players,1 players,No,No,"1,838 miles",50%,39%,$0.9M,74%,160,DRAFTKINGS,-7.0,-269,-7.0,-4.3
2022,Warriors,Blazers,2-14,0-31,102.1 pts,95.6 pts,117.7 pts,111.5 pts,1 days,2 days,No,No,1 players,Not Reported,No,Yes,760 miles,28%,42%,$0.6M,80%,277,betmgm,-6.5,-263,-7.0,12.3
2021,Lakers,Timberwolves,9-53,6-40,95.3 pts,98.1 pts,115.1 pts,116.6 pts,2 days,1 days,No,No,0 players,0 players,No,No,545 miles,40%,42%,$0.8M,86%,393,DRAFTKINGS,-6.5,-291,-8.5,14.5
2022,Pacers,Mavericks,30-40,6-4,101.6 pts,104.5 pts,115.4 pts,109.5 pts,2 days,4 days,No,No,0 players,1 players,No,No,"1,121 miles",13%,19%,$0.7M,78%,288,draftkings,0.5,108,0.5,-15.5
2021,Spurs,Knicks,31-21,16-20,106.9 pts,108.5 pts,114.8 pts,108.9 pts,1 days,0 days,No,Yes,3 players,1 players,No,No,584 miles,78%,93%,$2.7M,91%,367,DraftKings,-1.0,-132,-2.0,-9.5
2022,Hawks,Bulls,7-6,6-18,110.2 pts,108.0 pts,111.2 pts,108.6 pts,0 days,0 days,Yes,Yes,1 players,0 players,No,No,"2,296 miles",36%,30%,$5.7M,76%,247,Caesars,-9.0,-265,-7.5,-13.5
2024,Blazers,76ers,2-57,1-11,106.0 pts,102.3 pts,124.5 pts,115.5 pts,2 days,4 days,No,No,Not Reported,0 players,No,No,"2,053 miles",38%,63%,$0.6M,100%,334,FanDuel,7.0,192,5.0,-17.2
2024,Rockets,Bucks,6-60,15-30,94.4 pts,107.6 pts,113.0 pts,111.0 pts,3 days,1 days,No,No,1 players,0 players,Yes,Yes,"1,860 miles",69%,95%,$0.6M,89%,324,fanduel,17.0,450,17.5,-2.1
2024,Raptors,Suns,9-17,27-14,109.6 pts,111.0 pts,110.6 pts,109.3 pts,3 days,1 days,No,No,2 players,1 players,No,No,"1,329 miles",56%,67%,$0.7M,78%,333,fanduel,0.5,146,2.0,1.1
2023,Blazers,Rockets,3-51,1-33,100.0 pts,93.3 pts,114.2 pts,120.4 pts,4 days,4 days,No,No,2 players,1 players,Yes,No,Unknown,46%,52%,$2.1M,80%,338,DraftKings,-6.0,-211,-5.5,7.5
2021,Suns,Spurs,31-14,28-22,105.8 pts,110.1 pts,114.4 pts,114.2 pts,2 days,3 days,No,No,0 players,1 players,Yes,No,"1,042 miles",61%,62%,$2.3M,86%,288,Caesars,-1.5,-163,-2.5,14.6
2024,Blazers,Nets,1-30,40-27,96.9 pts,111.6 pts,118.2 pts,109.1 pts,1 days,1 days,No,No,1 players,1 players,No,No,"2,191 miles",28%,17%,$3.5M,97%,186,Caesars,11.0,327,11.5,-2.3
2024,Spurs,Grizzlies,43-26,13-24,101.3 pts,97.3 pts,115.0 pts,111.6 pts,2 days,1 days,No,No,1 players,0 players,No,Yes,"1,336 miles",75%,71%,$3.5M,86%,207,betmgm,-9.0,-297,-8.5,20.0
2024,Bulls,Celtics,4-23,21-22,101.5 pts,105.4 pts,115.5 pts,108.1 pts,3 days,2 days,No,No,Not Reported,0 players,No,Yes,583 miles,32%,52%,$0.6M,100%,62,Caesars,6.0,181,4.0,-0.2
2021,Knicks,Warriors,6-10,3-13,112.9 pts,101.5 pts,107.5 pts,121.8 pts,1 days,3 days,No,No,0 players,1 players,No,No,"1,056 miles",45%,80%,$1.5M,81%,20,betmgm,-20.0,-549,-20.5,24.0
2023,Bucks,Hornets,13-16,13-7,101.4 pts,111.7 pts,107.9 pts,113.1 pts,1 days,0 days,No,Yes,1 players,1 players,Yes,No,"1,501 miles",54%,33%,$1.0M,95%,145,DRAFTKINGS,5.5,230,6.5,-0.0
2024,Rockets,Nuggets,1-38,34-11,96.1 pts,110.9 pts,117.6 pts,103.8 pts,2 days,2 days,No,No,1 players,Not Reported,Yes,No,"2,235 miles",43%,30%,$0.8M,100%,324,fanduel,21.0,520,21.0,-23.1
2023,Rockets,Kings,9-62,25-30,100.0 pts,102.9 pts,122.0 pts,103.3 pts,1 days,0 days,No,Yes,1 players,0 players,No,No,"1,810 miles",69%,94%,$0.6M,98%,313,CAESARS,16.0,391,14.5,-20.1
2024,Clippers,Wizards,19-17,27-23,105.9 pts,111.2 pts,109.8 pts,109.9 pts,1 days,1 days,No,No,0 players,Not Reported,No,No,"1,831 miles",44%,55%,$0.6M,100%,10,betmgm,-0.5,-102,0.0,-1.9
2021,Hawks,Pacers,39-13,23-40,104.2 pts,100.7 pts,111.7 pts,114.6 pts,4 days,0 days,No,Yes,1 players,1 players,No,No,"1,110 miles",35%,40%,$0.5M,99%,345,FanDuel,-12.5,-408,-13.5,-17.0
2021,Hawks,Magic,18-11,4-29,109.4 pts,100.1 pts,106.4 pts,121.1 pts,1 days,1 days,No,No,2 players,0 players,No,No,"1,669 miles",78%,79%,$3.0M,89%,289,DRAFTKINGS,-15.0,-450,-15.5,3.5
2024,Heat,Spurs,8-18,8-3,110.7 pts,105.9 pts,111.2 pts,107.2 pts,2 days,1 days,No,No,2 players,1 players,No,No,"2,339 miles",54%,58%,$3.0M,76%,13,Caesars,-0.5,119,1.0,6.9
2023,Kings,Hawks,10-6,18-7,114.2 pts,109.0 pts,107.4 pts,113.0 pts,3 days,0 days,No,Yes,2 players,0 players,No,No,104 miles,36%,10%,$3.3M,77%,265,BetMGM,-2.5,-110,-0.5,6.3
2023,Celtics,Timberwolves,37-31,6-37,105.0 pts,104.5 pts,112.8 pts,118.9 pts,0 days,3 days,Yes,No,0 players,0 players,No,No,"2,408 miles",53%,51%,$2.2M,83%,166,DraftKings,-6.5,-251,-7.0,-1.9
2024,Celtics,Thunder,22-22,17-23,107.2 pts,110.2 pts,111.6 pts,115.6 pts,2 days,1 days,No,No,0 players,1 players,Yes,No,"2,146 miles",52%,65%,$1.0M,89%,122,DRAFTKINGS,-7.5,-253,-7.0,25.2
2021,Mavericks,Clippers,7-4,28-25,106.8 pts,112.8 pts,110.5 pts,107.4 pts,4 days,2 days,No,No,2 players,1 players,No,No,724 miles,45%,38%,$0.6M,78%,257,FanDuel,2.0,139,2.0,9.7
2021,Heat,Bulls,22-16,14-29,110.8 pts,104.4 pts,112.9 pts,117.3 pts,1 days,1 days,No,No,0 players,0 players,No,No,"1,117 miles",45%,30%,$1.5M,91%,339,draftkings,-13.0,-357,-12.0,13.6
2023,Heat,Nets,45-23,17-10,116.1 pts,107.9 pts,107.8 pts,107.0 pts,3 days,2 days,No,No,Not Reported,0 players,No,No,"1,418 miles",50%,49%,$0.7M,65%,336,Caesars,-3.0,-153,-2.5,0.7
2021,Kings,76ers,21-18,4-25,114.0 pts,104.0 pts,109.8 pts,110.3 pts,0 days,2 days,Yes,No,2 players,1 players,No,Yes,Unknown,61%,73%,$1.0M,83%,81,fanduel,-9.5,-288,-9.0,1.6
2023,Suns,Hawks,15-9,10-2,105.7 pts,113.7 pts,113.5 pts,108.2 pts,1 days,4 days,No,No,1 players,1 players,No,No,302 miles,44%,27%,$0.7M,100%,275,Caesars,4.5,213,5.5,-7.3
2021,Cavaliers,Mavericks,42-26,18-28,110.7 pts,107.4 pts,107.7 pts,110.1 pts,1 days,1 days,No,No,2 players,1 players,Yes,No,"2,465 miles",44%,59%,$0.9M,87%,45,BetMGM,0.0,109,0.5,10.4
2023,Nuggets,Thunder,60-13,7-12,112.2 pts,110.5 pts,108.8 pts,112.9 pts,1 days,0 days,No,Yes,0 players,1 players,No,Yes,544 miles,39%,32%,$0.3M,83%,186,draftkings,-14.0,-366,-12.5,24.6
2024,Mavericks,Thunder,14-24,13-20,107.4 pts,105.1 pts,110.4 pts,105.8 pts,0 days,1 days,Yes,No,1 players,1 players,Yes,No,"1,391 miles",37%,52%,$0.2M,88%,316,betmgm,0.5,-96,0.0,14.8
2024,Lakers,Pacers,4-12,13-27,100.7 pts,103.5 pts,115.1 pts,109.3 pts,2 days,4 days,No,No,0 players,2 players,No,No,"1,344 miles",52%,64%,$1.7M,99%,115,betmgm,1.0,-95,0.0,-15.1
2023,Hawks,Blazers,15-10,5-54,104.9 pts,98.3 pts,110.0 pts,111.8 pts,2 days,2 days,No,No,0 players,0 players,No,No,558 miles,38%,37%,$1.3M,77%,388,BetMGM,-16.0,-449,-16.5,-6.7
2024,Blazers,Nuggets,2-72,49-17,98.7 pts,112.0 pts,123.9 pts,108.6 pts,0 days,3 days,Yes,No,0 players,1 players,No,No,"1,254 miles",38%,56%,$1.0M,100%,73,betmgm,18.5,475,18.5,-4.0
2023,Wizards,Suns,9-11,29-20,110.7 pts,109.1 pts,113.3 pts,113.6 pts,2 days,2 days,No,No,0 players,0 players,No,Yes,"1,832 miles",66%,72%,$2.6M,96%,78,fanduel,-5.0,-197,-5.0,2.5
2022,Magic,Pelicans,2-11,20-21,108.1 pts,105.7 pts,116.8 pts,105.5 pts,1 days,4 days,No,No,Not Reported,1 players,No,Yes,Unknown,89%,79%,$0.4M,93%,186,BetMGM,1.0,156,3.0,-10.1
2024,Spurs,Lakers,23-12,3-34,109.5 pts,99.0 pts,109.4 pts,118.1 pts,0 days,1 days,Yes,No,Not Reported,Not Reported,No,No,429 miles,23%,37%,$0.6M,79%,392,draftkings,-20.0,-552,-21.0,13.5
2024,Jazz,Warriors,5-12,1-29,108.7 pts,97.2 pts,110.4 pts,109.6 pts,3 days,1 days,No,No,0 players,1 players,No,No,"1,879 miles",58%,61%,$1.5M,76%,308,BetMGM,-14.5,-415,-15.0,21.1
2024,Nets,Lakers,17-15,4-50,107.5 pts,101.1 pts,112.4 pts,115.4 pts,1 days,1 days,No,No,0 players,0 players,No,No,871 miles,37%,36%,$0.6M,100%,130,CAESARS,-13.5,-376,-13.0,-6.3
2022,Magic,Spurs,13-60,42-23,101.1 pts,104.5 pts,115.1 pts,107.3 pts,2 days,1 days,No,No,0 players,0 players,Yes,No,Unknown,34%,41%,$2.0M,98%,26,CAESARS,7.0,264,8.5,-3.7
2021,Pelicans,Cavaliers,8-10,20-41,108.5 pts,99.7 pts,108.9 pts,110.7 pts,3 days,3 days,No,No,Not Reported,1 players,No,No,440 miles,38%,42%,$0.4M,94%,335,caesars,-6.5,-285,-8.5,5.1
2024,Warriors,Nuggets,3-66,36-8,107.2 pts,112.8 pts,115.8 pts,104.3 pts,1 days,2 days,No,No,1 players,1 players,No,No,"2,307 miles",41%,40%,$0.5M,97%,265,betmgm,11.5,324,11.0,-29.9
2021,Pelicans,Pistons,10-3,40-2,102.9 pts,120.4 pts,105.5 pts,110.6 pts,2 days,2 days,No,No,0 players,0 players,No,No,Unknown,43%,49%,$5.0M,100%,38,caesars,11.0,319,11.0,17.3
2023,Suns,Pacers,8-3,2-9,106.5 pts,110.2 pts,106.0 pts,110.3 pts,1 days,1 days,No,No,0 players,1 players,No,No,"1,493 miles",63%,57%,$1.1M,78%,239,DraftKings,-6.0,-250,-7.0,31.7
2022,Mavericks,Hornets,7-6,38-27,110.9 pts,107.0 pts,112.5 pts,107.9 pts,2 days,0 days,No,Yes,1 players,1 players,No,No,"1,086 miles",51%,49%,$2.0M,100%,180,DRAFTKINGS,-0.5,-106,-0.5,15.1
2023,Clippers,Spurs,36-38,18-25,98.5 pts,114.0 pts,114.6 pts,114.0 pts,4 days,4 days,No,No,0 players,0 players,No,No,"1,544 miles",29%,38%,$1.6M,100%,225,CAESARS,4.5,208,4.5,4.5
2021,Cavaliers,76ers,33-16,12-36,110.8 pts,95.6 pts,109.2 pts,117.7 pts,3 days,1 days,No,No,0 players,2 players,No,No,"1,959 miles",39%,32%,$1.6M,88%,163,DRAFTKINGS,-17.5,-473,-16.5,18.9
2022,Mavericks,Lakers,15-28,8-37,103.5 pts,102.2 pts,116.1 pts,110.2 pts,2 days,1 days,No,No,0 players,0 players,No,Yes,524 miles,50%,44%,$0.4M,78%,131,DRAFTKINGS,-7.5,-261,-7.5,36.8
2023,Mavericks,Knicks,33-33,15-30,112.4 pts,101.9 pts,117.3 pts,108.9 pts,3 days,2 days,No,No,1 players,1 players,No,No,586 miles,64%,65%,$2.9M,87%,290,DraftKings,-0.5,-102,-0.5,-2.2
2023,Knicks,Nets,28-26,31-26,97.9 pts,112.2 pts,110.5 pts,104.9 pts,0 days,1 days,Yes,No,0 players,0 players,Yes,No,"2,104 miles",50%,58%,$1.2M,90%,154,Caesars,9.5,278,9.0,-5.7
2022,Mavericks,Bucks,24-27,14-35,111.5 pts,106.8 pts,108.0 pts,111.6 pts,2 days,1 days,No,No,0 players,2 players,No,No,"1,022 miles",47%,51%,$1.5M,92%,3,BetMGM,-8.5,-267,-7.5,11.8
2022,76ers,Nuggets,3-10,43-26,110.9 pts,110.6 pts,109.9 pts,109.7 pts,2 days,0 days,No,Yes,0 players,1 players,Yes,No,"2,256 miles",58%,58%,$2.0M,83%,16,CAESARS,0.0,108,0.5,-0.8
2022,Kings,Mavericks,11-6,4-10,109.4 pts,111.2 pts,108.0 pts,111.6 pts,2 days,2 days,No,No,Not Reported,0 players,No,No,Unknown,41%,37%,$1.3M,86%,22,DRAFTKINGS,-3.0,-126,-2.0,11.3
2023,Bulls,Raptors,4-15,14-12,102.9 pts,104.3 pts,109.6 pts,107.9 pts,2 days,1 days,No,No,2 players,Not Reported,No,No,"2,048 miles",28%,42%,$0.2M,90%,12,BetMGM,1.5,151,3.0,0.7
2023,Magic,Heat,7-35,34-27,103.6 pts,111.8 pts,110.8 pts,110.4 pts,2 days,2 days,No,No,0 players,0 players,No,No,86 miles,43%,35%,$1.3M,89%,245,DRAFTKINGS,3.5,188,4.5,-27.7
2024,Raptors,Mavericks,18-28,16-20,107.7 pts,106.0 pts,114.1 pts,109.4 pts,0 days,2 days,Yes,No,0 players,0 players,No,No,"2,017 miles",64%,57%,$1.6M,88%,246,fanduel,-1.5,-129,-1.5,-0.8
2023,Raptors,Warriors,18-32,1-34,104.1 pts,102.6 pts,113.7 pts,116.3 pts,4 days,1 days,No,No,1 players,0 players,No,No,333 miles,38%,29%,$5.0M,97%,205,CAESARS,-9.0,-285,-8.5,6.8
2023,Hornets,Wizards,42-14,26-29,112.1 pts,107.9 pts,104.3 pts,109.9 pts,1 days,4 days,No,No,2 players,0 players,No,No,"2,036 miles",69%,46%,$0.8M,71%,193,betmgm,-4.5,-189,-3.5,-9.4
2024,Jazz,Bulls,4-34,3-8,106.6 pts,104.6 pts,111.3 pts,113.1 pts,1 days,3 days,No,No,0 players,0 players,No,No,"1,274 miles",75%,72%,$0.8M,77%,10,Caesars,-4.0,-230,-6.0,13.1
2023,Warriors,Pelicans,3-30,37-35,93.9 pts,108.9 pts,117.1 pts,109.4 pts,2 days,4 days,No,No,0 players,0 players,No,No,449 miles,55%,49%,$0.7M,75%,328,BetMGM,11.5,323,11.5,-15.9
2022,Cavaliers,Rockets,21-12,1-18,104.1 pts,91.6 pts,103.7 pts,122.0 pts,2 days,0 days,No,Yes,0 players,0 players,No,No,"1,419 miles",55%,39%,$3.1M,89%,94,draftkings,-26.5,-686,-27.5,4.6
2023,Rockets,Kings,1-31,26-31,96.2 pts,109.6 pts,119.9 pts,107.8 pts,2 days,2 days,No,No,0 players,1 players,No,No,"2,298 miles",34%,22%,$4.8M,89%,312,FanDuel,13.5,391,15.0,-21.1
2022,Bucks,Lakers,23-25,5-33,112.8 pts,106.3 pts,115.9 pts,112.4 pts,2 days,0 days,No,Yes,1 players,1 players,No,No,796 miles,60%,71%,$2.0M,86%,3,draftkings,-7.0,-257,-7.5,27.8
2021,Wizards,Blazers,37-32,2-25,109.9 pts,95.5 pts,110.7 pts,112.9 pts,0 days,2 days,Yes,No,0 players,Not Reported,No,No,"1,112 miles",44%,26%,$0.6M,75%,332,DraftKings,-20.0,-519,-18.5,29.4
2024,Pistons,Thunder,63-8,10-32,117.5 pts,103.5 pts,104.1 pts,106.8 pts,2 days,4 days,No,No,0 players,0 players,No,No,779 miles,50%,31%,$0.4M,78%,86,caesars,-18.5,-493,-17.5,6.3
2023,Pistons,Nets,67-5,37-14,113.7 pts,107.4 pts,103.0 pts,104.4 pts,0 days,2 days,Yes,No,0 players,0 players,No,No,"1,055 miles",56%,47%,$3.5M,93%,203,BetMGM,-9.5,-261,-8.0,10.2
2023,Celtics,Nuggets,23-12,26-12,103.0 pts,116.0 pts,109.1 pts,113.0 pts,1 days,0 days,No,Yes,0 players,2 players,No,No,447 miles,61%,82%,$0.4M,98%,308,CAESARS,1.0,110,1.0,-33.0
2022,Mavericks,Pacers,33-22,9-22,105.6 pts,111.1 pts,115.9 pts,111.8 pts,1 days,2 days,No,No,1 players,0 players,No,No,"1,422 miles",15%,19%,$0.5M,100%,231,draftkings,2.0,-102,0.0,14.6
2024,Bulls,Hawks,9-16,35-10,99.9 pts,109.1 pts,116.2 pts,106.9 pts,2 days,2 days,No,No,0 players,1 players,No,No,652 miles,36%,51%,$0.7M,98%,389,Caesars,8.0,261,8.5,-12.4
2022,Pistons,Celtics,58-4,30-29,114.2 pts,106.5 pts,104.9 pts,106.2 pts,1 days,2 days,No,No,0 players,2 players,No,No,891 miles,41%,41%,$1.3M,100%,389,BetMGM,-12.0,-358,-11.5,20.8
2021,Rockets,Grizzlies,5-65,5-11,101.9 pts,106.4 pts,117.6 pts,114.6 pts,1 days,2 days,No,No,0 players,0 players,No,Yes,245 miles,61%,61%,$1.3M,86%,124,FanDuel,4.0,147,2.5,-0.1
2023,Spurs,Celtics,34-19,38-25,109.2 pts,107.7 pts,111.8 pts,105.2 pts,1 days,1 days,No,No,0 players,1 players,Yes,Yes,"1,662 miles",47%,46%,$3.3M,90%,177,FanDuel,-3.5,-147,-2.5,-1.1
2021,76ers,Magic,8-42,2-10,111.6 pts,102.6 pts,120.5 pts,115.2 pts,2 days,4 days,No,No,Not Reported,1 players,No,No,706 miles,42%,45%,$1.7M,83%,242,DraftKings,-3.5,-196,-4.0,4.1
2023,Kings,Suns,25-18,17-9,106.1 pts,113.9 pts,110.3 pts,112.6 pts,3 days,1 days,No,No,0 players,1 players,Yes,No,997 miles,57%,52%,$1.2M,98%,221,Caesars,0.0,141,2.5,13.4
2021,76ers,Celtics,4-17,10-7,99.9 pts,101.8 pts,111.9 pts,113.4 pts,2 days,1 days,No,No,0 players,1 players,Yes,No,545 miles,48%,66%,$0.2M,97%,145,fanduel,2.5,148,2.0,14.3
2022,Celtics,Bulls,16-9,1-13,106.2 pts,102.0 pts,116.0 pts,116.8 pts,3 days,2 days,No,No,0 players,2 players,No,Yes,"1,182 miles",55%,61%,$0.2M,85%,316,betmgm,-14.0,-427,-15.0,14.1
2021,Warriors,Wizards,3-57,19-18,102.2 pts,111.9 pts,116.7 pts,105.7 pts,4 days,3 days,No,No,0 players,0 players,Yes,No,"1,733 miles",8%,5%,$0.3M,91%,358,fanduel,14.0,330,12.0,-25.5
2024,Hornets,Lakers,6-4,6-50,112.1 pts,101.2 pts,113.8 pts,114.7 pts,4 days,2 days,No,No,1 players,3 players,Yes,No,"2,441 miles",62%,73%,$0.9M,95%,116,BetMGM,-12.5,-404,-14.0,8.8
2023,Celtics,Kings,41-33,34-33,105.2 pts,109.9 pts,105.6 pts,111.0 pts,3 days,2 days,No,No,1 players,0 players,No,No,"1,294 miles",19%,9%,$1.2M,76%,243,caesars,-2.5,-186,-3.5,-1.5
2023,Blazers,Timberwolves,4-36,12-59,101.3 pts,100.8 pts,120.4 pts,117.5 pts,0 days,3 days,Yes,No,1 players,1 players,No,No,"1,295 miles",60%,51%,$0.6M,78%,79,fanduel,-1.0,-101,0.0,7.8
2022,Thunder,Warriors,24-44,1-31,103.3 pts,100.1 pts,109.5 pts,116.9 pts,2 days,3 days,No,No,1 players,1 players,No,No,668 miles,66%,69%,$3.5M,84%,230,betmgm,-10.5,-360,-12.5,16.9
2023,Grizzlies,Knicks,11-18,4-9,112.2 pts,110.9 pts,107.9 pts,114.0 pts,4 days,1 days,No,No,0 players,1 players,No,No,693 miles,56%,53%,$0.2M,65%,311,fanduel,-5.0,-212,-5.0,-4.7
2023,Raptors,Kings,21-31,30-18,98.7 pts,111.2 pts,114.1 pts,106.8 pts,2 days,0 days,No,Yes,0 players,1 players,No,No,147 miles,39%,36%,$7.3M,67%,291,BetMGM,6.0,199,5.0,-11.1
2022,Spurs,Kings,41-19,26-29,107.2 pts,106.7 pts,106.7 pts,109.2 pts,0 days,2 days,Yes,No,0 players,0 players,No,No,174 miles,47%,40%,$0.8M,65%,164,DRAFTKINGS,-0.5,107,0.5,-11.1
2023,Hornets,Knicks,28-4,10-22,113.2 pts,106.8 pts,109.3 pts,112.6 pts,3 days,3 days,No,No,1 players,1 players,No,No,823 miles,53%,26%,$3.8M,81%,189,BetMGM,-5.5,-211,-5.0,7.6
2022,Hornets,76ers,7-4,7-46,113.3 pts,109.7 pts,104.1 pts,118.7 pts,2 days,1 days,No,No,1 players,1 players,No,No,"1,674 miles",72%,75%,$3.8M,94%,75,fanduel,-12.5,-349,-11.5,29.7
2023,Cavaliers,Jazz,28-20,6-51,103.2 pts,99.7 pts,114.2 pts,114.4 pts,0 days,1 days,Yes,No,1 players,Not Reported,No,No,"1,350 miles",62%,53%,$2.2M,66%,100,FanDuel,-8.0,-265,-7.5,13.1
2023,Suns,Nets,34-15,13-10,109.5 pts,106.6 pts,110.9 pts,109.0 pts,0 days,0 days,Yes,Yes,2 players,1 players,No,No,672 miles,43%,32%,$0.3M,79%,384,Caesars,-4.0,-210,-4.5,7.6
2023,Rockets,Kings,1-31,26-31,96.2 pts,109.6 pts,119.9 pts,107.8 pts,2 days,2 days,No,No,0 players,1 players,No,No,"2,298 miles",34%,22%,$4.8M,89%,312,FanDuel,13.5,391,15.0,-21.1
2022,Nets,Pelicans,18-6,17-14,111.2 pts,106.4 pts,115.6 pts,106.5 pts,2 days,2 days,No,No,0 players,3 players,No,No,"1,574 miles",49%,62%,$1.0M,81%,228,caesars,-2.0,-196,-4.5,-1.8
2023,Bulls,Nuggets,4-13,34-9,103.3 pts,109.1 pts,112.4 pts,109.5 pts,4 days,2 days,No,No,Not Reported,0 players,No,No,"2,338 miles",61%,51%,$0.3M,96%,360,betmgm,5.0,232,6.0,-11.9
2023,Nuggets,Suns,49-7,20-16,109.9 pts,112.0 pts,108.8 pts,108.5 pts,2 days,4 days,No,No,1 players,0 players,No,No,"2,412 miles",54%,59%,$0.6M,100%,195,draftkings,-5.0,-148,-2.5,4.3
2024,Mavericks,Lakers,31-39,5-39,108.5 pts,98.1 pts,111.4 pts,114.4 pts,2 days,2 days,No,No,0 players,0 players,No,No,783 miles,16%,22%,$0.9M,94%,296,betmgm,-11.0,-331,-10.5,6.4
2023,Timberwolves,Magic,3-43,13-58,105.5 pts,102.5 pts,114.6 pts,108.4 pts,2 days,3 days,No,No,0 players,1 players,No,Yes,"1,335 miles",58%,48%,$1.2M,89%,140,draftkings,-1.5,-153,-2.5,-12.3
2021,Suns,Wizards,17-9,17-18,108.6 pts,114.3 pts,104.0 pts,114.5 pts,1 days,1 days,No,No,0 players,1 players,No,No,"2,217 miles",61%,67%,$0.2M,100%,147,draftkings,-8.5,-254,-7.0,3.4
2023,Pelicans,Suns,20-16,8-7,111.9 pts,114.7 pts,113.2 pts,104.1 pts,2 days,3 days,No,No,2 players,0 players,No,Yes,528 miles,27%,16%,$2.9M,90%,286,DraftKings,5.0,195,5.0,2.7
2024,Rockets,Raptors,2-36,14-37,96.5 pts,100.3 pts,123.9 pts,110.0 pts,2 days,2 days,No,No,2 players,0 players,No,No,"2,333 miles",54%,64%,$1.2M,72%,250,FanDuel,13.5,366,13.0,-23.0
2024,Lakers,Kings,7-58,43-31,101.1 pts,101.8 pts,106.5 pts,105.0 pts,0 days,1 days,Yes,No,0 players,0 players,No,Yes,"2,493 miles",67%,67%,$3.7M,96%,292,CAESARS,3.5,166,3.0,25.1
2021,Celtics,Nuggets,15-12,56-16,108.4 pts,113.4 pts,118.1 pts,106.0 pts,2 days,0 days,No,Yes,0 players,0 players,No,No,357 miles,30%,36%,$1.9M,89%,85,DRAFTKINGS,6.0,240,7.0,-7.8
2023,Pelicans,Bulls,11-7,4-9,109.5 pts,107.0 pts,109.8 pts,116.6 pts,4 days,3 days,No,No,0 players,1 players,No,No,635 miles,69%,73%,$0.7M,99%,52,DraftKings,-10.5,-340,-10.5,-6.4
2021,Pelicans,Blazers,12-13,4-54,102.5 pts,104.6 pts,108.6 pts,111.8 pts,3 days,0 days,No,Yes,1 players,0 players,No,No,369 miles,52%,54%,$0.4M,88%,60,fanduel,-14.0,-372,-13.0,1.3
2023,Suns,Bucks,48-19,23-51,111.9 pts,103.6 pts,109.4 pts,109.2 pts,1 days,3 days,No,No,0 players,0 players,No,No,"1,677 miles",65%,54%,$2.5M,100%,166,BetMGM,-9.5,-331,-10.5,7.4
2022,Pelicans,Bucks,37-33,9-16,105.7 pts,102.7 pts,104.2 pts,116.9 pts,2 days,3 days,No,No,0 players,0 players,Yes,No,Unknown,57%,43%,$0.3M,99%,40,FanDuel,-13.0,-347,-11.5,-1.4
2022,Suns,Blazers,34-20,0-25,106.4 pts,97.8 pts,113.2 pts,117.9 pts,3 days,1 days,No,No,Not Reported,2 players,No,No,Unknown,35%,61%,$0.6M,78%,188,CAESARS,-19.0,-485,-17.5,18.4
2022,Pistons,Mavericks,53-3,29-37,111.3 pts,105.2 pts,103.1 pts,111.2 pts,1 days,2 days,No,No,1 players,0 players,Yes,No,327 miles,56%,65%,$0.8M,82%,180,DRAFTKINGS,-10.5,-306,-9.5,-7.6
2024,Clippers,Blazers,35-31,1-69,105.5 pts,103.2 pts,113.2 pts,116.9 pts,2 days,3 days,No,No,0 players,Not Reported,No,No,"1,455 miles",40%,49%,$10.1M,75%,96,DraftKings,-14.0,-391,-13.0,17.2
2021,Kings,Nets,36-15,38-26,106.1 pts,111.9 pts,108.8 pts,112.7 pts,4 days,4 days,No,No,1 players,0 players,No,No,"2,174 miles",84%,87%,$5.1M,96%,363,BetMGM,-2.0,-117,-1.0,19.0
2024,Celtics,Nuggets,6-7,24-12,114.0 pts,111.4 pts,111.9 pts,111.1 pts,3 days,1 days,No,No,0 players,0 players,No,No,603 miles,62%,58%,$1.9M,79%,248,fanduel,-2.5,-158,-2.5,32.2
2023,Nets,Bulls,53-19,10-41,112.0 pts,102.9 pts,100.3 pts,112.1 pts,2 days,2 days,No,No,0 players,0 players,No,No,782 miles,43%,51%,$0.7M,81%,173,CAESARS,-17.0,-468,-17.0,20.6
2024,Spurs,Rockets,23-11,4-20,105.1 pts,94.4 pts,106.3 pts,120.6 pts,1 days,1 days,No,No,1 players,0 players,No,No,"2,267 miles",54%,40%,$1.1M,74%,227,betmgm,-22.5,-578,-22.0,31.9
2023,Clippers,Mavericks,13-15,19-37,101.7 pts,114.9 pts,110.4 pts,108.2 pts,0 days,1 days,Yes,No,1 players,0 players,No,Yes,"1,576 miles",63%,67%,$1.9M,84%,282,CAESARS,-2.0,-186,-3.5,-14.0
2021,Clippers,Grizzlies,16-11,21-43,110.8 pts,101.2 pts,110.4 pts,111.9 pts,2 days,0 days,No,Yes,2 players,0 players,No,No,800 miles,47%,44%,$3.2M,90%,224,DRAFTKINGS,-6.0,-206,-5.5,26.8
2024,Blazers,Pacers,1-15,15-15,102.5 pts,102.4 pts,116.5 pts,110.4 pts,2 days,0 days,No,Yes,Not Reported,1 players,No,No,114 miles,69%,75%,$0.3M,95%,113,fanduel,2.5,151,3.0,15.3
2021,Magic,Clippers,2-13,23-42,99.7 pts,112.1 pts,116.2 pts,116.5 pts,4 days,0 days,No,Yes,0 players,1 players,No,No,"2,075 miles",66%,74%,$0.6M,78%,91,DraftKings,-3.5,-188,-3.5,24.8
2021,Nets,Timberwolves,16-12,6-22,105.5 pts,97.1 pts,108.2 pts,111.4 pts,1 days,2 days,No,No,1 players,1 players,No,No,"1,708 miles",87%,62%,$0.3M,92%,276,fanduel,-11.5,-342,-12.0,10.8
2022,Hornets,Bulls,40-18,0-23,111.9 pts,100.6 pts,110.4 pts,117.4 pts,2 days,2 days,No,No,0 players,0 players,No,Yes,Unknown,74%,71%,$1.5M,85%,74,FanDuel,-20.0,-534,-20.5,11.8
2023,Grizzlies,Wizards,8-9,6-7,105.0 pts,104.8 pts,105.8 pts,112.2 pts,2 days,1 days,No,No,0 players,2 players,No,No,"1,272 miles",19%,30%,$0.7M,91%,112,FanDuel,-8.0,-244,-6.5,12.2
2022,Spurs,Lakers,18-8,3-18,110.5 pts,108.7 pts,102.9 pts,119.1 pts,3 days,0 days,No,Yes,1 players,3 players,No,No,"2,108 miles",43%,43%,$0.6M,72%,193,fanduel,-16.0,-467,-16.0,25.6
2022,Thunder,Spurs,23-32,27-20,105.5 pts,107.6 pts,112.2 pts,108.6 pts,2 days,0 days,No,Yes,0 players,Not Reported,No,No,"1,907 miles",23%,19%,$0.2M,78%,292,betmgm,3.0,149,2.5,1.3
2024,Raptors,Suns,13-32,38-21,104.8 pts,106.9 pts,108.9 pts,112.4 pts,1 days,2 days,No,No,0 players,2 players,No,Yes,"2,458 miles",54%,47%,$0.3M,88%,128,DraftKings,-5.5,-196,-4.5,24.8
2022,Bucks,Lakers,20-31,2-14,98.9 pts,101.7 pts,108.4 pts,116.8 pts,3 days,1 days,No,No,0 players,0 players,No,No,"1,245 miles",78%,86%,$0.4M,83%,222,betmgm,-8.0,-271,-8.0,18.4
2024,Kings,Magic,45-21,6-27,111.4 pts,100.4 pts,114.6 pts,114.3 pts,3 days,0 days,No,Yes,0 players,0 players,No,No,"1,042 miles",50%,48%,$1.0M,99%,35,CAESARS,-10.5,-334,-11.0,16.8
2022,Warriors,Cavaliers,4-68,20-15,99.0 pts,113.9 pts,116.5 pts,111.1 pts,0 days,1 days,Yes,No,1 players,1 players,No,No,"1,021 miles",63%,74%,$0.6M,86%,289,draftkings,12.5,323,11.0,-28.5
2023,Kings,Spurs,51-23,12-10,110.9 pts,110.7 pts,109.7 pts,104.3 pts,4 days,2 days,No,No,1 players,2 players,No,No,"2,130 miles",40%,28%,$0.7M,100%,171,betmgm,-4.0,-175,-3.0,12.7
2021,Timberwolves,Spurs,4-53,27-16,104.3 pts,105.8 pts,118.4 pts,106.6 pts,0 days,1 days,Yes,No,1 players,0 players,No,No,"2,439 miles",58%,38%,$1.2M,95%,380,fanduel,10.0,297,10.0,-3.2
2021,Heat,Suns,33-18,28-21,108.0 pts,106.1 pts,109.5 pts,111.9 pts,2 days,2 days,No,No,1 players,0 players,No,Yes,"1,894 miles",70%,80%,$0.4M,85%,65,CAESARS,-6.5,-207,-5.5,23.3
2022,Rockets,Kings,1-35,13-7,98.3 pts,103.0 pts,116.4 pts,106.7 pts,2 days,1 days,No,No,Not Reported,0 players,No,No,460 miles,77%,71%,$1.7M,87%,332,DRAFTKINGS,12.5,322,11.0,-1.6
2021,Magic,Clippers,15-58,35-38,101.6 pts,106.1 pts,116.6 pts,99.0 pts,2 days,2 days,No,No,2 players,1 players,No,No,624 miles,51%,41%,$1.9M,98%,281,caesars,7.5,294,10.0,16.9
2021,Lakers,Thunder,4-29,18-30,104.2 pts,106.7 pts,114.5 pts,108.5 pts,3 days,3 days,No,No,1 players,0 players,No,No,"2,165 miles",37%,33%,$4.9M,91%,28,FanDuel,2.0,163,3.0,3.7
2023,Lakers,Wizards,5-27,20-32,109.1 pts,103.2 pts,117.2 pts,113.2 pts,0 days,2 days,Yes,No,1 players,0 players,No,No,"1,010 miles",73%,87%,$4.1M,100%,319,DraftKings,-1.0,108,1.0,6.2
2024,Wizards,Cavaliers,19-31,15-16,112.4 pts,110.8 pts,109.5 pts,112.8 pts,1 days,3 days,No,No,2 players,1 players,No,No,"2,195 miles",70%,61%,$1.9M,83%,88,caesars,-0.5,112,1.0,27.4
2021,76ers,Clippers,13-24,16-14,105.5 pts,109.7 pts,104.9 pts,111.4 pts,2 days,4 days,No,No,0 players,0 players,No,No,"1,345 miles",47%,47%,$2.3M,97%,191,fanduel,-2.0,-127,-1.0,-0.3
2023,76ers,Spurs,9-39,18-10,102.2 pts,108.3 pts,114.1 pts,108.2 pts,1 days,4 days,No,No,0 players,3 players,No,No,106 miles,72%,80%,$0.8M,73%,322,DRAFTKINGS,4.0,178,4.0,-22.8
2024,Mavericks,Rockets,7-6,1-46,107.1 pts,99.9 pts,104.9 pts,111.7 pts,3 days,0 days,No,Yes,1 players,1 players,Yes,No,879 miles,58%,46%,$1.2M,77%,127,caesars,-14.5,-422,-14.5,41.3
2021,Wizards,Hawks,29-11,43-23,109.7 pts,109.1 pts,110.1 pts,103.2 pts,1 days,0 days,No,Yes,0 players,1 players,No,No,"2,423 miles",71%,76%,$1.0M,76%,320,DRAFTKINGS,0.5,-102,0.0,0.2
2022,Lakers,Knicks,3-20,28-29,98.2 pts,102.8 pts,112.4 pts,112.8 pts,1 days,3 days,No,No,1 players,0 players,No,No,870 miles,59%,60%,$1.2M,94%,123,fanduel,4.0,169,4.0,-16.7
2023,Grizzlies,Knicks,17-12,6-10,108.2 pts,106.9 pts,115.6 pts,114.5 pts,3 days,1 days,No,No,0 players,0 players,No,No,"1,728 miles",44%,36%,$3.3M,85%,72,DraftKings,-4.0,-212,-5.0,5.6
2024,Pelicans,Hornets,37-24,15-15,104.6 pts,114.1 pts,109.6 pts,110.9 pts,1 days,4 days,No,No,0 players,0 players,Yes,No,"1,993 miles",56%,55%,$0.4M,85%,65,FanDuel,2.0,148,2.5,-6.6
2023,Lakers,Pistons,1-18,54-1,100.3 pts,111.7 pts,113.9 pts,104.8 pts,0 days,1 days,Yes,No,0 players,1 players,No,No,146 miles,20%,27%,$4.9M,90%,115,betmgm,12.5,341,12.5,-10.0
2023,Cavaliers,Nets,22-14,9-5,112.5 pts,116.9 pts,113.2 pts,112.6 pts,2 days,1 days,No,No,0 players,Not Reported,No,No,863 miles,47%,64%,$1.7M,91%,331,FanDuel,-2.0,-159,-2.5,12.4
2022,Spurs,Wizards,30-31,18-32,114.1 pts,113.3 pts,110.1 pts,112.2 pts,1 days,0 days,No,Yes,0 players,0 players,No,No,"1,753 miles",56%,63%,$2.1M,87%,251,BetMGM,-6.5,-259,-7.5,7.2
2023,Timberwolves,Clippers,10-50,24-39,100.4 pts,108.7 pts,114.2 pts,110.9 pts,3 days,1 days,No,No,0 players,2 players,No,No,"1,679 miles",62%,34%,$0.7M,76%,212,CAESARS,5.0,219,6.0,-7.2
2021,Hornets,Rockets,16-6,1-65,110.1 pts,99.1 pts,112.0 pts,122.0 pts,3 days,2 days,No,No,0 players,1 players,No,No,"1,839 miles",49%,44%,$1.7M,89%,331,betmgm,-21.5,-591,-22.0,22.5
2021,Pistons,Cavaliers,71-1,16-14,118.7 pts,105.2 pts,107.8 pts,111.9 pts,2 days,0 days,No,Yes,0 players,0 players,No,Yes,"1,827 miles",57%,66%,$0.9M,100%,391,BetMGM,-16.0,-467,-16.0,17.8
2024,Pelicans,Rockets,27-24,1-20,107.4 pts,97.0 pts,114.4 pts,121.1 pts,4 days,2 days,No,No,0 players,1 players,No,Yes,"1,486 miles",51%,42%,$4.1M,86%,115,Caesars,-22.0,-655,-25.0,22.0
2024,Celtics,Timberwolves,29-18,6-57,115.3 pts,107.8 pts,115.2 pts,113.1 pts,2 days,1 days,No,No,1 players,1 players,No,No,568 miles,42%,53%,$2.0M,88%,252,FanDuel,-11.5,-400,-13.0,19.6
2022,Jazz,Suns,9-26,27-20,107.9 pts,108.8 pts,113.8 pts,104.6 pts,2 days,1 days,No,No,1 players,Not Reported,No,No,373 miles,57%,53%,$1.7M,76%,153,Caesars,6.5,206,6.0,-10.8
2023,Knicks,Nuggets,28-33,28-7,104.8 pts,106.9 pts,118.2 pts,106.2 pts,0 days,0 days,Yes,Yes,0 players,0 players,No,No,473 miles,65%,69%,$1.1M,79%,145,FanDuel,7.0,222,6.0,-20.6
2023,Hornets,Heat,26-12,32-38,112.3 pts,115.6 pts,107.6 pts,111.2 pts,2 days,1 days,No,No,1 players,1 players,No,No,"2,431 miles",28%,29%,$1.6M,74%,186,CAESARS,-5.0,-202,-4.5,-12.4
2021,Bulls,Rockets,16-57,1-34,103.3 pts,103.1 pts,109.2 pts,121.2 pts,1 days,1 days,No,No,0 players,0 players,No,No,"1,783 miles",48%,38%,$1.4M,98%,123,fanduel,-12.5,-353,-12.0,-3.0
2021,Rockets,Wizards,3-30,15-16,93.1 pts,111.7 pts,120.9 pts,110.1 pts,3 days,2 days,No,No,1 players,0 players,No,No,116 miles,75%,91%,$4.5M,81%,182,FanDuel,14.0,370,13.0,-22.4
2022,Celtics,Nuggets,9-13,50-18,116.2 pts,106.8 pts,108.3 pts,111.2 pts,2 days,3 days,No,No,0 players,0 players,No,No,719 miles,41%,43%,$0.4M,97%,57,CAESARS,-7.0,-235,-6.5,2.2
2022,Timberwolves,Jazz,9-23,6-45,97.1 pts,101.5 pts,114.8 pts,108.1 pts,3 days,0 days,No,Yes,2 players,1 players,No,No,175 miles,37%,35%,$0.4M,73%,378,DRAFTKINGS,3.5,186,4.0,6.9
2021,Bulls,Grizzlies,1-10,11-48,100.1 pts,109.2 pts,113.4 pts,113.1 pts,1 days,2 days,No,No,2 players,0 players,No,No,"1,218 miles",9%,14%,$1.1M,87%,321,DraftKings,2.5,137,2.0,1.2
2024,Nets,Jazz,31-17,3-26,111.1 pts,101.9 pts,109.2 pts,119.6 pts,0 days,2 days,Yes,No,0 players,2 players,No,No,"1,522 miles",45%,66%,$1.1M,86%,382,betmgm,-18.0,-487,-17.5,23.2
2023,Thunder,Wizards,7-5,25-28,106.1 pts,110.7 pts,110.4 pts,100.6 pts,3 days,2 days,No,No,4 players,1 players,No,Yes,"2,271 miles",15%,5%,$2.6M,95%,103,draftkings,5.0,206,5.5,-12.9
2023,Nuggets,Lakers,52-21,4-22,118.9 pts,102.0 pts,111.6 pts,105.4 pts,1 days,0 days,No,Yes,0 players,0 players,No,No,"1,255 miles",49%,45%,$0.6M,90%,378,BetMGM,-11.5,-350,-11.5,27.1
2023,Bucks,Thunder,7-17,27-39,104.4 pts,111.2 pts,112.5 pts,109.4 pts,1 days,1 days,No,No,0 players,0 players,No,No,"2,106 miles",55%,33%,$1.6M,93%,33,FanDuel,3.5,167,3.0,-2.0
2023,Timberwolves,Knicks,6-53,16-12,101.2 pts,104.9 pts,115.8 pts,110.3 pts,2 days,1 days,No,No,Not Reported,0 players,No,No,911 miles,61%,72%,$5.5M,84%,214,fanduel,6.5,221,6.0,-6.3
2024,Heat,Celtics,35-15,9-12,114.9 pts,112.0 pts,107.9 pts,111.2 pts,1 days,1 days,No,No,0 players,0 players,No,No,718 miles,53%,72%,$1.7M,82%,296,FanDuel,-6.0,-240,-6.5,-5.2
2023,Grizzlies,Cavaliers,18-36,30-24,104.3 pts,105.6 pts,111.6 pts,111.6 pts,1 days,2 days,No,No,0 players,1 players,No,No,613 miles,54%,51%,$1.2M,90%,4,DraftKings,0.0,-93,0.0,4.8
2022,Bucks,Grizzlies,16-27,8-14,110.0 pts,105.2 pts,111.0 pts,113.6 pts,0 days,3 days,Yes,No,0 players,1 players,No,No,"2,458 miles",42%,37%,$2.2M,81%,252,caesars,-7.0,-244,-6.5,-5.1
2024,Nuggets,Hornets,18-8,16-9,113.8 pts,109.4 pts,110.3 pts,116.2 pts,1 days,2 days,No,No,0 players,0 players,No,No,"2,130 miles",50%,44%,$0.9M,91%,281,BetMGM,-10.0,-331,-10.5,5.0
2021,Magic,Lakers,12-34,10-32,112.3 pts,99.9 pts,113.6 pts,112.4 pts,1 days,4 days,No,No,1 players,Not Reported,No,No,"2,195 miles",25%,27%,$1.0M,94%,292,BetMGM,-6.5,-256,-6.5,4.8
2022,Pelicans,Spurs,20-19,16-12,114.8 pts,108.3 pts,105.6 pts,108.3 pts,2 days,2 days,No,No,1 players,1 players,No,No,660 miles,62%,49%,$2.3M,77%,396,betmgm,-8.0,-287,-8.5,7.5
2023,Hornets,Blazers,44-16,3-13,114.0 pts,101.3 pts,113.5 pts,116.6 pts,1 days,2 days,No,No,2 players,0 players,No,No,974 miles,81%,95%,$2.5M,78%,328,caesars,-15.5,-456,-16.5,34.6
2021,Lakers,Rockets,5-36,4-65,102.7 pts,100.9 pts,112.9 pts,120.8 pts,0 days,0 days,Yes,Yes,0 players,2 players,No,No,309 miles,50%,40%,$0.9M,94%,191,DraftKings,-13.0,-376,-12.5,4.0
2024,Grizzlies,Raptors,9-36,3-10,103.6 pts,109.5 pts,116.9 pts,111.3 pts,0 days,2 days,Yes,No,2 players,1 players,No,No,675 miles,55%,43%,$0.7M,83%,108,DRAFTKINGS,3.0,167,3.5,-2.3
2023,Spurs,Pelicans,40-15,35-32,113.1 pts,102.9 pts,109.3 pts,113.7 pts,0 days,2 days,Yes,No,1 players,1 players,No,No,"1,151 miles",32%,36%,$0.2M,86%,394,fanduel,-9.0,-293,-9.0,31.1
2022,Timberwolves,Nets,4-39,42-29,102.3 pts,117.7 pts,112.5 pts,107.7 pts,1 days,0 days,No,Yes,0 players,1 players,No,No,"1,893 miles",45%,47%,$0.4M,93%,53,caesars,4.5,165,3.5,-21.5
2022,Suns,Kings,7-6,25-24,112.0 pts,109.2 pts,110.8 pts,112.0 pts,1 days,3 days,No,No,Not Reported,Not Reported,No,No,"1,515 miles",32%,30%,$0.5M,97%,306,fanduel,-6.5,-230,-6.0,26.1
2022,Grizzlies,Jazz,12-20,2-24,109.2 pts,98.6 pts,111.4 pts,115.8 pts,2 days,1 days,No,No,0 players,0 players,Yes,No,"1,044 miles",60%,56%,$3.9M,81%,370,FanDuel,-10.5,-327,-10.0,3.7
2023,Spurs,Nuggets,31-15,27-4,112.2 pts,112.8 pts,109.4 pts,110.3 pts,1 days,2 days,No,No,1 players,0 players,No,Yes,"2,391 miles",37%,20%,$0.4M,90%,137,BetMGM,-1.5,-84,0.0,14.2
2021,Thunder,Pelicans,23-16,29-20,106.5 pts,107.1 pts,105.4 pts,108.6 pts,1 days,1 days,No,No,Not Reported,0 players,No,No,136 miles,55%,68%,$2.6M,96%,236,betmgm,-6.5,-261,-7.5,0.5
2024,Magic,Nuggets,15-55,26-9,106.5 pts,113.6 pts,108.1 pts,106.4 pts,0 days,2 days,Yes,No,0 players,1 players,No,No,Unknown,35%,44%,$6.4M,98%,399,CAESARS,10.5,326,11.0,-24.1
2022,Nets,76ers,54-17,2-20,107.2 pts,108.4 pts,108.5 pts,117.2 pts,1 days,4 days,No,No,0 players,0 players,No,No,"2,093 miles",24%,5%,$1.3M,81%,159,DraftKings,-6.5,-206,-5.5,24.2
2023,Mavericks,Bulls,18-15,6-14,105.3 pts,103.4 pts,116.3 pts,116.7 pts,1 days,1 days,No,No,1 players,0 players,No,No,172 miles,55%,72%,$0.4M,93%,6,caesars,-4.0,-173,-3.5,31.6
2021,Pacers,Hornets,27-31,17-11,111.0 pts,113.0 pts,111.8 pts,109.5 pts,0 days,1 days,Yes,No,1 players,1 players,Yes,No,960 miles,37%,25%,$1.7M,94%,390,betmgm,6.0,237,6.5,-19.9
2023,Kings,Lakers,31-18,0-26,115.1 pts,105.4 pts,106.4 pts,118.5 pts,1 days,3 days,No,No,0 players,0 players,No,No,Unknown,46%,38%,$1.8M,97%,161,BetMGM,-18.5,-538,-19.5,32.6
2023,Raptors,Pistons,34-38,9-3,109.6 pts,108.8 pts,109.2 pts,102.4 pts,4 days,0 days,No,Yes,0 players,1 players,No,No,"1,784 miles",32%,35%,$1.3M,87%,45,draftkings,1.5,122,1.0,-8.7
2024,Hornets,Pistons,34-12,31-2,114.3 pts,117.7 pts,111.9 pts,98.7 pts,1 days,1 days,No,No,0 players,2 players,Yes,No,"1,315 miles",47%,52%,$0.2M,71%,364,betmgm,6.5,232,6.0,4.7
2021,Magic,Cavaliers,7-30,20-26,97.5 pts,114.4 pts,118.1 pts,112.2 pts,4 days,4 days,No,No,Not Reported,0 players,No,No,"2,389 miles",57%,45%,$0.7M,89%,203,Caesars,14.5,406,15.0,-6.8
2021,Rockets,Timberwolves,2-41,3-13,98.5 pts,105.5 pts,118.2 pts,116.5 pts,2 days,1 days,No,No,0 players,0 players,No,No,918 miles,59%,65%,$0.8M,81%,266,betmgm,5.0,217,6.0,-10.1
2021,Magic,Bucks,12-49,24-38,99.7 pts,106.4 pts,123.2 pts,109.6 pts,2 days,1 days,No,No,0 players,0 players,No,No,967 miles,59%,62%,$0.6M,88%,179,caesars,2.5,184,4.0,4.0
2021,Raptors,Heat,14-14,11-7,102.5 pts,102.4 pts,109.2 pts,108.3 pts,1 days,3 days,No,No,1 players,0 players,No,No,"2,468 miles",45%,47%,$1.0M,98%,110,Caesars,-1.5,-120,-1.0,7.4
2021,Pistons,Pacers,32-2,7-15,113.5 pts,111.1 pts,103.7 pts,113.7 pts,3 days,1 days,No,No,0 players,0 players,No,Yes,"1,621 miles",41%,45%,$2.1M,71%,144,CAESARS,-19.0,-485,-17.5,15.3
2024,Celtics,Nuggets,35-25,39-13,107.7 pts,111.8 pts,106.5 pts,105.0 pts,2 days,1 days,No,No,0 players,0 players,No,No,"1,371 miles",34%,30%,$1.3M,78%,271,DraftKings,0.0,113,1.5,-2.3
2024,Raptors,Timberwolves,26-45,7-61,104.4 pts,104.7 pts,111.3 pts,115.1 pts,2 days,3 days,No,No,0 players,0 players,No,No,979 miles,72%,72%,$4.2M,77%,68,DraftKings,-7.5,-265,-7.5,17.7
2023,76ers,Lakers,11-40,10-38,106.6 pts,103.6 pts,113.4 pts,110.5 pts,1 days,4 days,No,No,1 players,0 players,No,No,Unknown,56%,64%,$1.7M,93%,376,DraftKings,-3.0,-167,-3.0,-9.7
2024,Timberwolves,Mavericks,9-61,24-35,101.4 pts,109.2 pts,119.9 pts,109.1 pts,0 days,4 days,Yes,No,1 players,Not Reported,No,No,"1,303 miles",75%,79%,$0.6M,84%,375,betmgm,11.5,326,11.5,-8.9
2023,Blazers,Suns,2-40,9-14,96.3 pts,106.3 pts,118.8 pts,105.9 pts,1 days,1 days,No,No,2 players,Not Reported,Yes,No,831 miles,35%,21%,$7.8M,79%,359,CAESARS,16.5,420,16.5,-23.7
2024,Bucks,Mavericks,5-6,26-21,101.9 pts,111.8 pts,106.3 pts,105.6 pts,2 days,3 days,No,No,0 players,0 players,No,No,Unknown,50%,44%,$0.6M,97%,398,caesars,2.0,146,2.5,-19.1
2022,Hawks,Knicks,10-2,11-15,108.4 pts,101.9 pts,115.9 pts,109.3 pts,0 days,4 days,Yes,No,2 players,1 players,No,No,"1,516 miles",47%,40%,$3.2M,92%,89,DraftKings,-1.0,-120,-1.0,0.0
2021,Pistons,Warriors,16-6,1-13,118.0 pts,97.6 pts,103.7 pts,115.0 pts,3 days,2 days,No,No,1 players,1 players,No,No,845 miles,36%,55%,$3.6M,98%,356,BetMGM,-27.0,-688,-26.5,44.7
2021,Nuggets,Pistons,43-11,46-4,117.9 pts,112.3 pts,114.1 pts,109.9 pts,4 days,4 days,No,No,2 players,1 players,No,No,797 miles,50%,51%,$2.8M,100%,137,FanDuel,1.0,139,1.5,32.2
2022,Hornets,Lakers,21-12,5-15,109.4 pts,103.8 pts,107.6 pts,119.5 pts,4 days,1 days,No,No,2 players,1 players,No,No,"1,094 miles",52%,35%,$0.9M,79%,157,Caesars,-15.0,-413,-14.0,26.8
2023,Celtics,Cavaliers,47-27,7-3,111.0 pts,110.5 pts,103.7 pts,109.7 pts,1 days,1 days,No,No,1 players,Not Reported,No,No,"2,414 miles",50%,43%,$0.4M,95%,123,draftkings,-5.0,-221,-5.5,15.5
2021,Raptors,Timberwolves,13-27,0-27,112.1 pts,95.9 pts,111.7 pts,113.8 pts,4 days,2 days,No,No,1 players,0 players,No,No,"1,999 miles",47%,59%,$0.5M,100%,329,FanDuel,-12.0,-353,-11.5,3.6
2021,Mavericks,Kings,5-5,27-32,99.3 pts,106.3 pts,107.9 pts,109.0 pts,1 days,1 days,No,No,0 players,2 players,No,No,"2,025 miles",43%,52%,$2.8M,88%,36,DraftKings,-5.0,-175,-3.5,-4.3
2023,Spurs,Heat,44-25,31-29,108.6 pts,107.9 pts,112.4 pts,108.0 pts,4 days,0 days,No,Yes,0 players,2 players,No,No,"1,666 miles",43%,65%,$2.4M,93%,186,fanduel,-3.5,-169,-3.5,5.8
2023,Rockets,Cavaliers,1-22,40-34,94.2 pts,105.0 pts,114.8 pts,103.6 pts,1 days,3 days,No,No,0 players,0 players,No,No,"1,549 miles",23%,30%,$0.3M,68%,36,FanDuel,16.0,398,14.5,-18.0
2024,Knicks,Nuggets,15-28,47-9,109.9 pts,110.9 pts,117.4 pts,101.9 pts,2 days,4 days,No,No,0 players,0 players,Yes,Yes,"1,583 miles",31%,28%,$1.3M,75%,268,DRAFTKINGS,7.0,256,7.5,-13.4
2023,Spurs,76ers,30-30,5-30,111.9 pts,100.0 pts,106.4 pts,116.5 pts,1 days,1 days,No,No,0 players,0 players,No,No,Unknown,83%,76%,$1.0M,75%,130,FanDuel,-16.5,-458,-16.5,16.3
2024,Thunder,Grizzlies,19-32,21-28,107.2 pts,102.5 pts,109.1 pts,111.4 pts,2 days,3 days,No,No,1 players,Not Reported,Yes,No,"1,722 miles",43%,86%,$0.5M,83%,138,betmgm,0.5,130,1.5,-1.3
2021,Timberwolves,Celtics,8-54,21-25,107.7 pts,108.2 pts,114.0 pts,111.1 pts,2 days,1 days,No,No,0 players,1 players,Yes,No,281 miles,41%,39%,$0.2M,87%,168,fanduel,5.0,213,5.5,2.3
2024,Lakers,Grizzlies,1-17,7-30,101.6 pts,106.7 pts,118.7 pts,104.8 pts,2 days,1 days,No,No,0 players,0 players,No,No,175 miles,27%,22%,$1.5M,77%,48,fanduel,6.0,247,6.5,-0.2
2021,Heat,Nets,22-13,40-30,112.3 pts,110.9 pts,113.7 pts,112.3 pts,3 days,1 days,No,No,1 players,0 players,No,No,"1,717 miles",24%,30%,$1.3M,88%,347,fanduel,-3.5,-174,-3.5,13.0
2022,76ers,Celtics,15-50,8-8,105.0 pts,110.2 pts,116.4 pts,109.4 pts,1 days,2 days,No,No,1 players,1 players,No,No,422 miles,75%,94%,$0.9M,99%,47,draftkings,5.0,175,3.5,-2.0
2021,Raptors,Warriors,20-26,0-16,100.9 pts,100.8 pts,111.5 pts,116.4 pts,4 days,2 days,No,No,0 players,2 players,Yes,No,"1,485 miles",31%,39%,$3.4M,100%,147,CAESARS,-12.5,-353,-12.0,-3.4
2021,Thunder,Cavaliers,17-27,11-14,106.9 pts,116.6 pts,113.0 pts,107.1 pts,2 days,0 days,No,Yes,1 players,Not Reported,No,No,"1,333 miles",62%,62%,$4.5M,84%,13,BetMGM,7.0,217,6.0,5.1
2023,Hawks,Magic,43-20,10-58,109.1 pts,102.8 pts,109.7 pts,118.6 pts,4 days,4 days,No,No,0 players,0 players,No,No,411 miles,49%,54%,$5.9M,94%,184,CAESARS,-17.0,-514,-18.5,11.2
2022,Warriors,Magic,4-31,1-15,102.6 pts,104.8 pts,114.8 pts,112.2 pts,1 days,1 days,No,No,2 players,1 players,No,No,"1,952 miles",37%,37%,$3.5M,81%,116,CAESARS,3.0,179,3.0,-5.0
2021,Bulls,Spurs,11-57,17-12,100.3 pts,105.6 pts,110.6 pts,113.7 pts,0 days,1 days,Yes,No,0 players,Not Reported,Yes,No,"2,009 miles",52%,50%,$1.4M,85%,157,caesars,4.0,136,3.0,14.6
2024,Mavericks,Grizzlies,19-40,13-39,103.9 pts,109.9 pts,109.4 pts,109.4 pts,3 days,0 days,No,Yes,Not Reported,0 players,Yes,Yes,251 miles,57%,51%,$0.7M,89%,366,FanDuel,-2.0,-148,-2.0,14.6
2023,Hornets,Rockets,45-20,4-24,109.7 pts,96.7 pts,107.4 pts,118.7 pts,1 days,0 days,No,Yes,0 players,0 players,No,No,"2,173 miles",44%,41%,$2.7M,90%,341,CAESARS,-20.5,-543,-20.5,28.4
2023,Hornets,Pelicans,41-26,24-30,112.2 pts,111.3 pts,106.2 pts,112.4 pts,4 days,3 days,No,No,1 players,0 players,No,No,"1,845 miles",59%,71%,$0.8M,94%,33,betmgm,-5.5,-194,-5.0,1.0
2024,Hawks,Suns,37-13,30-19,114.2 pts,104.2 pts,106.7 pts,109.3 pts,2 days,2 days,No,No,0 players,0 players,No,No,"2,134 miles",58%,70%,$2.7M,94%,281,betmgm,-10.0,-358,-12.0,-8.5
2021,Spurs,Kings,38-26,27-32,105.0 pts,108.8 pts,109.1 pts,109.0 pts,2 days,0 days,No,Yes,0 players,1 players,No,Yes,"2,167 miles",21%,21%,$0.3M,85%,86,betmgm,-6.0,-208,-5.0,8.4
2021,Spurs,Mavericks,44-19,28-32,110.3 pts,107.3 pts,109.1 pts,108.2 pts,1 days,1 days,No,No,1 players,0 players,No,No,412 miles,65%,50%,$1.4M,82%,35,draftkings,-2.5,-130,-1.5,-14.8
2022,Lakers,Nuggets,9-58,22-10,99.0 pts,117.3 pts,117.7 pts,110.8 pts,2 days,0 days,No,Yes,0 players,0 players,No,No,"1,875 miles",26%,20%,$4.5M,98%,135,DraftKings,13.0,335,12.5,-6.4
2022,Wizards,Lakers,14-16,6-42,106.2 pts,101.0 pts,110.3 pts,115.2 pts,1 days,2 days,No,No,3 players,0 players,No,Yes,467 miles,48%,63%,$1.1M,100%,43,DraftKings,-14.0,-374,-12.5,1.4
2022,Jazz,Magic,5-21,9-46,101.9 pts,104.1 pts,116.4 pts,106.0 pts,0 days,1 days,Yes,No,0 players,0 players,No,Yes,674 miles,62%,69%,$0.4M,93%,71,DraftKings,2.0,186,4.0,8.4
2024,Jazz,Pistons,2-12,29-1,102.2 pts,107.3 pts,107.9 pts,102.9 pts,0 days,1 days,Yes,No,0 players,1 players,No,No,"2,047 miles",67%,75%,$1.2M,95%,356,caesars,10.0,259,8.0,-11.3
2023,Mavericks,Knicks,31-34,25-38,103.2 pts,107.3 pts,109.4 pts,110.5 pts,3 days,2 days,No,No,1 players,1 players,Yes,No,"1,767 miles",48%,45%,$2.7M,73%,246,BetMGM,-2.0,-145,-2.0,9.9
2021,Heat,Clippers,34-30,20-13,112.3 pts,108.8 pts,108.2 pts,119.1 pts,1 days,2 days,No,No,0 players,0 players,Yes,No,"2,498 miles",47%,29%,$1.7M,98%,336,caesars,-8.5,-258,-7.5,-36.4
2021,Clippers,Heat,7-7,34-30,102.2 pts,113.0 pts,117.8 pts,102.6 pts,3 days,1 days,No,No,2 players,1 players,No,No,"1,299 miles",59%,61%,$2.3M,100%,109,DRAFTKINGS,7.5,225,6.0,-10.1
2023,Lakers,Hawks,4-26,42-30,104.4 pts,110.6 pts,113.7 pts,104.2 pts,2 days,4 days,No,No,0 players,2 players,Yes,No,"1,883 miles",53%,57%,$3.9M,90%,20,DraftKings,11.0,318,10.5,-13.0
2021,Timberwolves,Thunder,6-47,24-49,103.6 pts,106.2 pts,115.7 pts,108.2 pts,1 days,4 days,No,No,0 players,1 players,No,No,715 miles,28%,6%,$2.6M,78%,335,DRAFTKINGS,-0.5,-97,0.0,4.2
2024,Celtics,Hornets,36-21,47-26,100.9 pts,109.9 pts,109.5 pts,107.6 pts,3 days,0 days,No,Yes,0 players,0 players,No,No,"1,779 miles",39%,68%,$1.2M,62%,28,fanduel,3.5,143,2.0,-14.9
2021,Suns,Kings,44-17,20-7,105.5 pts,112.7 pts,117.1 pts,116.5 pts,1 days,1 days,No,No,0 players,0 players,No,No,"1,158 miles",54%,45%,$0.9M,94%,177,BetMGM,0.0,157,2.5,9.7
2022,Spurs,Blazers,48-26,3-67,106.9 pts,100.1 pts,112.3 pts,116.1 pts,1 days,1 days,No,No,1 players,1 players,No,No,"1,816 miles",57%,52%,$0.4M,76%,179,BetMGM,-12.0,-334,-10.5,16.4
2021,Celtics,Spurs,8-4,34-28,102.8 pts,113.0 pts,113.7 pts,108.5 pts,2 days,1 days,No,No,0 players,0 players,No,No,"2,073 miles",44%,38%,$2.4M,100%,271,Caesars,1.0,136,2.0,-3.5
2023,Mavericks,Bucks,12-16,27-36,106.0 pts,111.6 pts,113.0 pts,112.2 pts,2 days,1 days,No,No,0 players,0 players,No,No,308 miles,61%,53%,$2.1M,96%,115,DRAFTKINGS,-4.0,-199,-4.5,-17.4
2024,Jazz,Rockets,1-23,2-16,106.3 pts,101.2 pts,119.4 pts,120.6 pts,2 days,2 days,No,No,0 players,3 players,No,No,"2,152 miles",61%,51%,$2.5M,78%,265,BetMGM,-13.5,-426,-14.5,16.0
2021,Pistons,Thunder,53-7,6-15,118.8 pts,110.5 pts,107.9 pts,110.2 pts,3 days,3 days,No,No,0 players,1 players,No,No,"2,010 miles",60%,65%,$0.3M,63%,311,DraftKings,-12.5,-360,-11.0,9.7
2023,Bulls,Suns,17-50,25-19,101.1 pts,109.7 pts,107.3 pts,111.7 pts,1 days,3 days,No,No,0 players,1 players,No,No,"1,855 miles",43%,41%,$1.3M,92%,283,FanDuel,0.0,-103,0.0,8.2
2022,Lakers,Clippers,10-41,20-27,104.8 pts,107.8 pts,116.5 pts,112.5 pts,1 days,1 days,No,No,0 players,0 players,No,No,Unknown,45%,57%,$0.6M,75%,281,caesars,3.5,131,2.0,-26.0
2022,Clippers,Pistons,30-30,61-5,110.8 pts,114.6 pts,107.5 pts,102.1 pts,1 days,4 days,No,No,2 players,0 players,No,No,721 miles,63%,60%,$1.9M,87%,213,CAESARS,8.5,264,9.0,-7.9
2024,Bucks,Pistons,18-29,30-4,104.9 pts,115.5 pts,115.9 pts,111.4 pts,1 days,0 days,No,Yes,1 players,0 players,Yes,No,"1,365 miles",35%,39%,$1.4M,93%,266,draftkings,14.0,356,13.0,-14.1
2023,Clippers,Thunder,17-23,6-37,107.7 pts,98.7 pts,112.8 pts,118.1 pts,0 days,3 days,Yes,No,0 players,2 players,No,No,"2,406 miles",73%,65%,$5.1M,92%,154,BetMGM,-11.0,-356,-12.0,18.2
2021,Clippers,Knicks,22-14,29-30,105.2 pts,105.1 pts,105.7 pts,108.9 pts,3 days,1 days,No,No,0 players,1 players,No,No,"1,346 miles",44%,44%,$2.4M,73%,243,Caesars,-6.0,-208,-5.0,-2.5
2022,Bucks,Lakers,11-15,3-18,108.3 pts,98.7 pts,113.8 pts,112.8 pts,1 days,2 days,No,No,0 players,0 players,No,No,"1,658 miles",21%,29%,$0.6M,71%,216,Caesars,-7.0,-225,-6.0,-10.4
2021,Jazz,Spurs,9-45,37-27,104.8 pts,104.6 pts,119.4 pts,103.1 pts,1 days,1 days,No,No,4 players,0 players,No,No,"1,610 miles",47%,48%,$0.7M,100%,331,FanDuel,9.0,290,10.0,-3.1
2021,Mavericks,Pelicans,18-23,25-40,111.8 pts,106.5 pts,109.1 pts,115.3 pts,4 days,2 days,No,No,0 players,0 players,No,No,325 miles,45%,57%,$5.4M,85%,105,DRAFTKINGS,-7.5,-275,-8.0,12.4
2021,Heat,Hornets,15-10,31-9,107.7 pts,105.9 pts,110.8 pts,107.0 pts,3 days,1 days,No,No,0 players,1 players,No,No,"1,280 miles",79%,89%,$1.3M,60%,92,betmgm,-1.0,-148,-2.0,9.8
2021,Clippers,Magic,28-28,9-36,103.8 pts,102.1 pts,108.0 pts,109.9 pts,1 days,2 days,No,No,0 players,0 players,No,No,108 miles,56%,49%,$0.6M,82%,292,draftkings,-10.0,-288,-8.5,15.1
2022,Wizards,Knicks,36-38,22-39,110.9 pts,115.5 pts,107.2 pts,105.5 pts,4 days,2 days,No,No,0 players,0 players,No,No,"1,418 miles",42%,37%,$0.4M,99%,92,Caesars,-1.5,-122,-1.0,4.9
2024,Bulls,Grizzlies,9-32,7-14,99.8 pts,106.0 pts,108.8 pts,116.3 pts,2 days,0 days,No,Yes,0 players,0 players,No,No,"1,897 miles",59%,59%,$4.2M,80%,231,caesars,-2.0,-131,-2.0,11.2
2024,Celtics,Pistons,9-10,53-8,106.4 pts,116.1 pts,109.0 pts,109.3 pts,0 days,4 days,Yes,No,1 players,1 players,No,No,"1,915 miles",28%,29%,$3.6M,93%,12,caesars,5.0,211,5.5,0.9
2023,Bucks,Hornets,16-15,25-14,105.4 pts,108.3 pts,112.9 pts,112.3 pts,2 days,2 days,No,No,2 players,0 players,No,No,"2,251 miles",65%,57%,$3.2M,92%,170,draftkings,2.0,177,3.5,4.6
2024,Heat,Hornets,14-7,17-4,111.2 pts,106.3 pts,111.9 pts,110.3 pts,0 days,4 days,Yes,No,1 players,0 players,No,No,339 miles,37%,20%,$3.1M,86%,152,caesars,-3.5,-203,-4.0,14.5
2021,Magic,Mavericks,12-24,4-7,104.8 pts,104.0 pts,111.1 pts,108.4 pts,1 days,4 days,No,No,0 players,0 players,No,No,525 miles,39%,33%,$1.9M,90%,117,betmgm,-0.5,-112,-1.0,-4.9
2022,Heat,Kings,29-14,16-9,110.0 pts,107.2 pts,114.7 pts,113.0 pts,2 days,2 days,No,No,0 players,0 players,No,No,867 miles,49%,50%,$0.3M,85%,210,FanDuel,-4.0,-129,-1.5,8.1
2023,Heat,Raptors,20-14,21-49,105.8 pts,110.7 pts,105.7 pts,111.5 pts,2 days,2 days,No,No,2 players,0 players,No,No,"1,245 miles",44%,44%,$1.9M,88%,8,DRAFTKINGS,-3.5,-187,-3.5,28.8
2021,Knicks,Suns,18-17,41-17,103.1 pts,111.7 pts,108.0 pts,110.9 pts,4 days,0 days,No,Yes,Not Reported,1 players,No,No,Unknown,51%,42%,$0.6M,98%,33,DRAFTKINGS,-0.5,113,0.5,-5.8
2023,Grizzlies,Magic,8-19,5-13,107.8 pts,111.8 pts,110.2 pts,113.5 pts,4 days,3 days,No,No,0 players,0 players,No,No,181 miles,80%,72%,$0.4M,86%,74,Caesars,-4.5,-195,-4.5,7.9
2024,Rockets,Spurs,1-20,16-10,93.4 pts,109.6 pts,119.1 pts,113.2 pts,2 days,1 days,No,No,1 players,0 players,No,No,286 miles,48%,38%,$1.4M,100%,142,DraftKings,13.0,318,11.0,-11.4
2024,Pistons,Warriors,33-2,0-17,110.6 pts,105.1 pts,111.4 pts,115.2 pts,2 days,1 days,No,No,0 players,2 players,No,No,262 miles,71%,55%,$2.0M,81%,291,Caesars,-20.0,-551,-20.5,23.3
2022,Lakers,Warriors,3-8,1-39,107.2 pts,98.8 pts,116.9 pts,113.0 pts,2 days,0 days,No,Yes,0 players,1 players,No,No,"1,567 miles",29%,42%,$0.8M,91%,69,BetMGM,-7.5,-284,-9.0,26.8
2024,Grizzlies,Thunder,29-44,17-46,104.8 pts,110.0 pts,112.4 pts,113.8 pts,1 days,1 days,No,No,0 players,1 players,No,No,"1,072 miles",56%,62%,$0.4M,78%,342,betmgm,-3.0,-166,-3.0,14.8
2023,Spurs,Pelicans,11-10,28-44,104.4 pts,108.7 pts,105.1 pts,108.8 pts,1 days,0 days,No,Yes,1 players,2 players,No,No,"1,866 miles",61%,69%,$7.8M,80%,233,betmgm,-5.0,-223,-5.5,4.9
2023,Wizards,Hawks,20-12,34-16,104.3 pts,111.7 pts,107.7 pts,108.9 pts,3 days,1 days,No,No,2 players,0 players,Yes,No,"1,023 miles",46%,47%,$0.6M,93%,67,BetMGM,0.0,-127,-1.0,-2.1
2024,Warriors,Timberwolves,4-34,1-27,98.9 pts,98.5 pts,114.4 pts,110.5 pts,1 days,2 days,No,No,0 players,1 players,No,No,"1,653 miles",55%,50%,$1.1M,82%,250,FanDuel,-1.0,-105,-0.5,1.2
2023,Lakers,Suns,4-19,34-28,99.6 pts,109.8 pts,117.0 pts,110.4 pts,2 days,2 days,No,No,2 players,0 players,No,Yes,"1,541 miles",41%,35%,$2.2M,88%,53,CAESARS,7.5,281,8.5,0.5
2023,Cavaliers,Blazers,37-29,5-40,104.8 pts,89.4 pts,107.9 pts,116.5 pts,1 days,4 days,No,No,0 players,1 players,No,No,"1,550 miles",55%,36%,$0.8M,82%,351,FanDuel,-18.0,-478,-17.0,-10.8
2023,Blazers,Thunder,0-48,14-36,99.6 pts,108.0 pts,108.9 pts,112.2 pts,1 days,1 days,No,No,0 players,Not Reported,No,No,"1,008 miles",41%,33%,$0.5M,81%,45,fanduel,5.5,270,8.0,6.3
2022,Suns,Pistons,38-23,67-5,108.5 pts,118.3 pts,106.9 pts,104.0 pts,3 days,2 days,No,No,0 players,0 players,No,No,"1,280 miles",50%,52%,$0.6M,77%,6,caesars,3.0,187,4.5,-11.7
2023,Blazers,Warriors,1-53,0-13,103.8 pts,99.5 pts,118.2 pts,115.6 pts,2 days,4 days,No,No,0 players,0 players,No,No,Unknown,35%,35%,$0.8M,100%,77,BetMGM,-3.5,-183,-3.0,1.7
2023,Pistons,Heat,9-1,29-25,116.5 pts,104.1 pts,112.4 pts,113.6 pts,2 days,1 days,No,No,Not Reported,1 players,No,No,"1,128 miles",34%,29%,$2.1M,97%,234,FanDuel,-14.5,-443,-15.5,16.4
2024,Nuggets,Magic,24-8,6-22,105.2 pts,104.8 pts,109.8 pts,117.6 pts,2 days,3 days,No,No,1 players,1 players,No,No,"1,396 miles",64%,57%,$1.2M,91%,138,betmgm,-12.0,-377,-12.5,-6.0
2024,Heat,Blazers,16-9,0-42,100.2 pts,101.9 pts,112.9 pts,113.5 pts,1 days,1 days,No,No,1 players,0 players,No,No,"1,454 miles",36%,13%,$0.3M,86%,295,Caesars,-7.5,-231,-5.5,2.1
2023,Timberwolves,Lakers,15-52,2-8,100.9 pts,100.7 pts,117.7 pts,110.4 pts,4 days,3 days,No,No,0 players,0 players,No,No,320 miles,45%,46%,$0.4M,90%,164,DRAFTKINGS,-3.0,-154,-3.0,9.4
2022,Hawks,Nets,32-16,31-8,110.9 pts,114.7 pts,107.8 pts,105.5 pts,1 days,3 days,No,No,0 players,0 players,Yes,No,"2,170 miles",61%,56%,$1.5M,78%,211,betmgm,-1.0,-116,-1.0,-5.8
2022,Mavericks,Heat,12-16,32-37,111.5 pts,109.8 pts,110.9 pts,120.1 pts,0 days,3 days,Yes,No,0 players,1 players,No,No,"1,774 miles",80%,82%,$5.9M,85%,357,betmgm,-7.5,-267,-7.5,42.2
2024,Hornets,Raptors,9-10,21-31,104.5 pts,106.2 pts,109.2 pts,107.7 pts,2 days,4 days,No,No,0 players,0 players,No,No,628 miles,39%,62%,$0.2M,98%,208,BetMGM,-2.5,-186,-4.0,1.4
2022,Knicks,Raptors,33-28,14-17,106.3 pts,110.0 pts,110.3 pts,108.6 pts,3 days,3 days,No,No,2 players,1 players,Yes,No,607 miles,62%,71%,$2.1M,92%,34,caesars,4.0,202,4.5,0.6
2024,Thunder,76ers,11-7,18-49,101.9 pts,99.5 pts,110.1 pts,105.3 pts,1 days,1 days,No,No,0 players,0 players,No,No,148 miles,25%,20%,$1.0M,100%,66,BetMGM,-4.0,-161,-3.0,4.0
2022,Heat,Pacers,39-25,9-16,102.6 pts,100.7 pts,112.0 pts,105.6 pts,3 days,2 days,No,No,0 players,0 players,Yes,No,305 miles,64%,72%,$0.4M,97%,165,DRAFTKINGS,-3.0,-161,-3.0,20.8
2023,Suns,Nets,36-17,14-5,110.2 pts,105.2 pts,106.8 pts,107.2 pts,0 days,2 days,Yes,No,0 players,0 players,No,No,267 miles,56%,56%,$1.2M,77%,223,caesars,-4.0,-191,-4.0,14.8
2022,Spurs,Raptors,32-15,11-14,110.3 pts,105.4 pts,105.3 pts,116.1 pts,3 days,2 days,No,No,1 players,1 players,No,No,"1,396 miles",57%,56%,$0.7M,90%,276,caesars,-15.0,-439,-15.0,18.1
2021,Blazers,Nuggets,2-25,12-7,101.2 pts,109.2 pts,118.4 pts,104.5 pts,2 days,1 days,No,No,1 players,Not Reported,No,No,491 miles,28%,9%,$4.6M,84%,313,CAESARS,14.0,405,15.0,5.2
2021,Blazers,Pacers,4-27,5-28,104.5 pts,107.3 pts,119.2 pts,118.2 pts,1 days,3 days,No,No,1 players,Not Reported,No,Yes,"1,583 miles",52%,43%,$0.4M,82%,208,Caesars,1.0,135,1.5,10.7
2024,Nuggets,Knicks,21-6,14-18,104.4 pts,102.4 pts,112.1 pts,107.7 pts,1 days,3 days,No,No,1 players,2 players,No,No,"1,223 miles",67%,95%,$1.0M,86%,6,draftkings,-4.5,-185,-4.0,1.1
2021,Suns,Grizzlies,14-7,12-25,110.2 pts,109.0 pts,108.0 pts,115.7 pts,3 days,2 days,No,No,0 players,0 players,No,No,"1,619 miles",50%,38%,$1.0M,74%,95,betmgm,-7.0,-244,-6.5,-3.2
2022,Clippers,Jazz,16-18,2-25,109.4 pts,97.9 pts,111.4 pts,112.4 pts,2 days,4 days,No,No,2 players,0 players,Yes,No,"1,335 miles",37%,54%,$3.0M,100%,86,draftkings,-6.5,-264,-8.0,2.7
2024,Nets,Blazers,34-25,7-61,105.4 pts,99.5 pts,103.7 pts,120.3 pts,1 days,1 days,No,No,0 players,3 players,No,No,103 miles,65%,79%,$1.3M,100%,72,DraftKings,-22.0,-573,-21.5,29.0
2021,Lakers,Grizzlies,8-41,12-19,102.5 pts,107.3 pts,114.8 pts,108.7 pts,2 days,4 days,No,No,1 players,0 players,Yes,No,563 miles,75%,85%,$4.6M,95%,135,BetMGM,11.0,341,11.5,-7.4
2022,Blazers,Hornets,3-30,38-28,100.4 pts,111.9 pts,121.9 pts,105.0 pts,4 days,1 days,No,No,0 players,1 players,No,No,"1,067 miles",59%,54%,$1.0M,89%,207,draftkings,14.0,397,14.5,-17.2
2022,Thunder,Blazers,32-26,0-12,110.2 pts,104.3 pts,108.0 pts,124.0 pts,4 days,0 days,No,Yes,0 players,1 players,No,No,110 miles,57%,55%,$0.5M,63%,83,draftkings,-18.0,-519,-18.5,28.4
2024,Blazers,Nets,8-48,27-23,96.8 pts,112.2 pts,119.0 pts,109.4 pts,1 days,2 days,No,No,1 players,Not Reported,No,No,729 miles,56%,56%,$1.6M,94%,352,DRAFTKINGS,14.0,363,14.0,-31.4
2022,Mavericks,Thunder,39-33,24-46,109.2 pts,106.4 pts,120.8 pts,116.4 pts,1 days,2 days,No,No,2 players,0 players,No,No,"2,290 miles",45%,55%,$1.5M,95%,116,DraftKings,3.0,107,1.0,-8.5
2024,Blazers,Pelicans,5-69,10-8,103.3 pts,107.2 pts,117.9 pts,107.7 pts,1 days,4 days,No,No,0 players,2 players,No,No,"1,322 miles",73%,72%,$2.5M,78%,182,CAESARS,4.0,167,3.0,-10.7
2024,Grizzlies,Warriors,3-10,3-59,103.8 pts,100.3 pts,108.3 pts,124.0 pts,1 days,1 days,No,No,0 players,1 players,No,Yes,"1,139 miles",53%,46%,$1.7M,100%,230,fanduel,-18.5,-536,-19.5,15.3
2024,Jazz,Bucks,10-45,9-34,103.5 pts,107.1 pts,108.7 pts,106.7 pts,0 days,1 days,Yes,No,2 players,2 players,Yes,No,545 miles,60%,78%,$1.4M,82%,16,betmgm,7.0,219,6.0,-2.9
2021,Bulls,Kings,7-35,16-12,106.9 pts,113.1 pts,109.7 pts,108.2 pts,4 days,3 days,No,No,1 players,0 players,No,No,615 miles,50%,44%,$0.3M,77%,317,DRAFTKINGS,3.0,159,3.0,0.0
2024,Lakers,Bulls,7-67,2-18,106.7 pts,102.3 pts,119.1 pts,108.0 pts,1 days,3 days,No,No,1 players,1 players,No,No,267 miles,42%,41%,$3.4M,84%,268,fanduel,0.5,-114,-0.5,-4.5
2024,Timberwolves,Blazers,2-22,2-33,100.5 pts,101.1 pts,113.8 pts,115.9 pts,2 days,2 days,No,No,0 players,0 players,No,No,"1,703 miles",58%,59%,$1.1M,83%,200,fanduel,-3.0,-149,-2.0,12.0
2021,Warriors,Timberwolves,4-35,10-55,106.0 pts,107.1 pts,113.8 pts,111.0 pts,1 days,2 days,No,No,1 players,0 players,No,No,"1,644 miles",55%,67%,$1.6M,78%,199,fanduel,0.0,-97,0.0,24.9
2021,Nuggets,Jazz,29-13,10-43,110.4 pts,106.5 pts,102.6 pts,118.8 pts,2 days,1 days,No,No,0 players,0 players,No,No,"1,116 miles",58%,66%,$1.7M,90%,215,fanduel,-17.5,-496,-18.0,11.4
2022,Hornets,Lakers,37-23,8-63,110.7 pts,105.7 pts,110.8 pts,112.9 pts,1 days,2 days,No,No,1 players,3 players,No,No,"2,036 miles",43%,36%,$0.6M,88%,205,Caesars,-15.0,-398,-13.5,13.1
2024,Pistons,Wizards,59-9,18-16,116.0 pts,111.4 pts,105.3 pts,102.6 pts,1 days,3 days,No,No,1 players,Not Reported,Yes,No,"1,627 miles",59%,52%,$0.6M,98%,214,BetMGM,-8.0,-264,-7.0,4.8
2024,Warriors,Cavaliers,2-68,44-28,96.0 pts,112.5 pts,116.7 pts,117.8 pts,0 days,1 days,Yes,No,1 players,0 players,Yes,No,271 miles,33%,27%,$1.2M,79%,257,BetMGM,13.0,384,13.5,-40.7
2022,Heat,Knicks,22-22,6-7,116.0 pts,107.5 pts,112.9 pts,107.5 pts,4 days,3 days,No,No,1 players,0 players,No,No,"1,870 miles",60%,66%,$0.5M,73%,351,CAESARS,-7.5,-294,-9.0,15.4
2022,Wizards,Lakers,14-14,2-43,106.0 pts,98.8 pts,111.8 pts,116.0 pts,2 days,2 days,No,No,2 players,0 players,Yes,No,"1,592 miles",61%,68%,$0.8M,96%,274,Caesars,-7.0,-272,-7.5,12.0
2023,Jazz,Nets,8-45,40-25,96.0 pts,103.2 pts,114.6 pts,110.7 pts,3 days,4 days,No,No,0 players,0 players,No,No,423 miles,43%,29%,$1.3M,98%,331,DraftKings,8.0,273,8.0,-24.9
2021,Knicks,Bucks,22-11,13-35,108.5 pts,104.7 pts,108.4 pts,114.2 pts,2 days,2 days,No,No,1 players,1 players,Yes,No,847 miles,53%,60%,$0.4M,91%,263,fanduel,-4.5,-213,-4.5,-12.5
2024,Rockets,Kings,4-46,12-5,87.5 pts,105.6 pts,120.9 pts,110.3 pts,2 days,2 days,No,No,1 players,0 players,No,No,"2,300 miles",43%,46%,$2.0M,75%,128,caesars,19.0,485,19.5,-33.7
2022,Heat,Hornets,18-14,47-26,105.2 pts,111.5 pts,113.9 pts,107.5 pts,1 days,2 days,No,No,1 players,0 players,No,No,327 miles,50%,50%,$0.5M,96%,131,betmgm,1.5,130,1.0,3.4
2022,Thunder,Blazers,14-22,3-40,101.9 pts,102.6 pts,104.0 pts,108.5 pts,1 days,1 days,No,No,0 players,1 players,No,No,"2,017 miles",64%,42%,$3.1M,85%,41,Caesars,-10.5,-343,-11.0,24.1
2024,Raptors,76ers,21-30,17-38,106.8 pts,101.9 pts,116.9 pts,114.2 pts,3 days,0 days,No,Yes,0 players,1 players,No,No,351 miles,51%,41%,$1.6M,81%,288,BetMGM,-6.5,-266,-7.5,21.3
2024,Raptors,Jazz,24-43,5-25,106.4 pts,101.8 pts,110.7 pts,115.8 pts,1 days,4 days,No,No,0 players,0 players,No,No,"2,204 miles",51%,77%,$0.3M,86%,48,caesars,-11.5,-381,-12.0,-2.1
2024,Wizards,Cavaliers,18-30,13-18,109.0 pts,107.8 pts,109.9 pts,112.7 pts,1 days,0 days,No,Yes,0 players,2 players,No,No,488 miles,43%,53%,$0.4M,85%,113,BetMGM,-5.5,-246,-6.5,9.5
2024,Heat,Spurs,16-9,7-13,112.9 pts,107.8 pts,102.4 pts,111.7 pts,1 days,0 days,No,Yes,0 players,0 players,No,No,"1,969 miles",36%,28%,$0.3M,100%,321,FanDuel,-7.0,-260,-7.5,-4.9
2024,Heat,Mavericks,40-20,25-38,113.3 pts,103.6 pts,115.5 pts,114.8 pts,0 days,1 days,Yes,No,Not Reported,Not Reported,No,No,"2,478 miles",37%,45%,$5.9M,78%,336,Caesars,-9.5,-302,-9.0,0.5
2022,Knicks,Magic,38-33,9-60,99.4 pts,103.3 pts,116.5 pts,108.0 pts,2 days,0 days,No,Yes,0 players,1 players,Yes,No,919 miles,62%,50%,$0.7M,100%,311,DraftKings,-2.0,-162,-2.5,-4.7
2021,Spurs,Clippers,31-18,27-29,113.5 pts,110.7 pts,113.6 pts,112.7 pts,1 days,3 days,No,No,1 players,1 players,No,Yes,"1,756 miles",42%,27%,$7.6M,96%,292,CAESARS,-5.0,-196,-4.5,25.1
2022,Warriors,Kings,2-32,24-16,100.9 pts,112.6 pts,116.5 pts,112.0 pts,1 days,2 days,No,No,0 players,0 players,No,No,Unknown,51%,40%,$1.8M,90%,219,BetMGM,6.5,251,7.5,-3.6
2024,Nets,Mavericks,24-8,6-14,110.6 pts,105.2 pts,115.3 pts,114.7 pts,3 days,3 days,No,No,1 players,1 players,No,No,731 miles,56%,45%,$5.5M,91%,397,CAESARS,-4.5,-206,-4.5,11.0
2023,Heat,Knicks,14-13,8-9,111.5 pts,114.2 pts,110.1 pts,113.3 pts,0 days,3 days,Yes,No,1 players,Not Reported,No,No,"1,727 miles",51%,58%,$0.3M,70%,53,FanDuel,-7.5,-241,-6.5,7.0
2024,Nuggets,Pelicans,43-6,8-5,113.7 pts,108.5 pts,106.2 pts,111.7 pts,0 days,1 days,Yes,No,Not Reported,1 players,No,No,"1,665 miles",64%,67%,$2.1M,93%,78,BetMGM,-10.5,-357,-12.0,7.9
2024,Jazz,Rockets,5-65,5-67,107.1 pts,95.3 pts,111.3 pts,119.6 pts,3 days,1 days,No,No,1 players,0 players,No,No,"1,942 miles",56%,60%,$1.0M,77%,393,FanDuel,-15.0,-451,-15.5,11.5
2021,Grizzlies,Cavaliers,12-38,10-7,102.6 pts,103.8 pts,111.4 pts,110.4 pts,2 days,1 days,No,No,0 players,0 players,No,No,"2,404 miles",67%,77%,$0.6M,75%,210,FanDuel,0.0,-113,-0.5,-2.0
2022,Pacers,Wizards,21-22,32-40,107.8 pts,107.5 pts,109.8 pts,109.2 pts,0 days,1 days,Yes,No,0 players,2 players,No,No,"1,143 miles",48%,41%,$1.3M,80%,84,caesars,-2.5,-180,-3.5,15.8
2024,Magic,Lakers,5-23,3-17,108.5 pts,104.0 pts,114.9 pts,111.7 pts,2 days,1 days,No,No,1 players,3 players,No,No,"1,628 miles",50%,31%,$0.7M,78%,37,caesars,-9.0,-285,-8.5,18.5
2024,Rockets,Cavaliers,4-51,20-19,100.6 pts,105.5 pts,116.8 pts,115.3 pts,0 days,1 days,Yes,No,1 players,2 players,No,No,830 miles,51%,57%,$1.1M,81%,139,BetMGM,10.0,313,11.0,3.5
2023,Wizards,Timberwolves,15-12,6-61,107.9 pts,102.7 pts,112.9 pts,112.3 pts,2 days,3 days,No,No,1 players,1 players,No,No,"1,531 miles",43%,46%,$2.7M,85%,157,fanduel,-10.0,-319,-9.5,21.8
2024,Pistons,Hornets,65-3,41-23,109.2 pts,103.8 pts,106.0 pts,110.2 pts,2 days,1 days,No,No,2 players,0 players,No,No,283 miles,39%,17%,$3.2M,91%,377,fanduel,-7.5,-248,-6.5,26.4
2021,Suns,Wizards,22-7,21-12,107.0 pts,109.8 pts,111.5 pts,104.1 pts,1 days,1 days,No,No,0 players,1 players,No,No,835 miles,43%,49%,$0.2M,94%,184,FanDuel,3.0,184,4.0,-17.2
2024,Jazz,76ers,2-11,16-56,107.8 pts,103.0 pts,115.4 pts,112.1 pts,2 days,3 days,No,No,1 players,2 players,No,Yes,432 miles,65%,63%,$0.3M,81%,151,DraftKings,-7.0,-268,-7.0,-4.0
2021,Bucks,76ers,10-20,4-24,106.1 pts,104.6 pts,109.3 pts,111.8 pts,2 days,3 days,No,No,0 players,0 players,No,No,"1,713 miles",51%,34%,$2.5M,92%,5,FanDuel,-4.0,-195,-4.0,12.1
2023,Bulls,Pacers,12-34,18-40,108.7 pts,107.3 pts,116.8 pts,104.4 pts,2 days,0 days,No,Yes,Not Reported,0 players,Yes,Yes,"2,257 miles",63%,54%,$1.1M,85%,375,draftkings,4.0,182,4.0,-9.1
2022,Heat,Jazz,19-9,3-12,105.3 pts,105.8 pts,107.2 pts,116.1 pts,1 days,3 days,No,No,1 players,0 players,No,No,Unknown,68%,83%,$2.8M,88%,224,BetMGM,-11.5,-401,-13.0,7.1
2022,Hornets,Knicks,28-18,19-32,111.1 pts,112.4 pts,101.2 pts,114.2 pts,2 days,1 days,No,No,0 players,2 players,No,No,"2,223 miles",62%,61%,$1.9M,78%,14,fanduel,-11.5,-339,-11.0,26.5
2023,Magic,Blazers,7-37,4-25,107.2 pts,98.8 pts,111.0 pts,113.0 pts,2 days,0 days,No,Yes,Not Reported,0 players,No,No,"1,780 miles",77%,49%,$2.2M,84%,293,CAESARS,-13.0,-400,-13.5,30.5
2024,76ers,Rockets,20-45,1-12,103.3 pts,93.9 pts,110.5 pts,117.8 pts,2 days,1 days,No,No,1 players,0 players,No,No,Unknown,87%,73%,$1.6M,86%,307,betmgm,-14.5,-398,-14.0,11.5
2021,Thunder,Knicks,6-10,23-37,106.6 pts,105.6 pts,105.9 pts,103.8 pts,1 days,1 days,No,No,1 players,2 players,No,No,Unknown,48%,49%,$2.1M,82%,18,DraftKings,0.5,-103,0.0,-35.7
2024,Rockets,Cavaliers,1-63,32-19,95.8 pts,111.8 pts,123.8 pts,109.0 pts,1 days,2 days,No,No,0 players,1 players,No,No,156 miles,44%,39%,$1.1M,80%,73,CAESARS,17.0,464,18.0,-26.9
2024,Thunder,76ers,8-11,7-26,107.3 pts,103.6 pts,109.1 pts,109.6 pts,1 days,1 days,No,No,0 players,0 players,No,No,"1,063 miles",60%,60%,$0.5M,69%,20,draftkings,-3.5,-187,-4.5,15.8
2023,Warriors,Bucks,1-15,2-10,95.9 pts,99.4 pts,124.7 pts,107.6 pts,2 days,1 days,No,No,1 players,0 players,No,No,356 miles,42%,46%,$0.2M,76%,388,betmgm,7.5,241,7.5,-2.7
2021,Heat,Knicks,4-9,5-16,112.8 pts,108.8 pts,104.5 pts,107.5 pts,0 days,1 days,Yes,No,1 players,1 players,No,No,894 miles,80%,78%,$0.8M,78%,212,draftkings,-6.5,-275,-7.5,20.3
2023,Nuggets,Kings,33-9,31-14,108.7 pts,106.6 pts,110.6 pts,106.8 pts,4 days,4 days,No,No,0 players,0 players,Yes,No,"2,243 miles",45%,47%,$0.2M,91%,83,betmgm,-3.0,-167,-4.0,1.9
2022,Bulls,Suns,14-55,15-11,101.5 pts,111.4 pts,114.8 pts,106.9 pts,2 days,1 days,No,No,2 players,Not Reported,No,No,"1,293 miles",60%,66%,$0.8M,67%,300,draftkings,10.5,299,10.0,1.7
2021,Hawks,Mavericks,45-14,18-14,117.1 pts,113.9 pts,111.9 pts,114.1 pts,2 days,4 days,No,No,1 players,0 players,Yes,No,"1,490 miles",68%,73%,$0.8M,88%,280,DraftKings,-1.5,-98,-0.5,15.8
2021,Cavaliers,Hawks,36-24,32-11,109.9 pts,111.5 pts,111.5 pts,111.2 pts,1 days,2 days,No,No,2 players,1 players,No,No,"1,089 miles",53%,44%,$1.4M,71%,90,betmgm,-2.0,-132,-1.5,-13.7
2024,Nets,Mavericks,30-21,13-17,107.9 pts,104.6 pts,111.3 pts,110.4 pts,1 days,2 days,No,No,0 players,0 players,No,No,292 miles,47%,24%,$2.2M,97%,78,fanduel,-8.0,-296,-9.0,12.4
2024,Pistons,Celtics,10-1,17-16,114.5 pts,106.0 pts,99.5 pts,108.7 pts,0 days,4 days,Yes,No,1 players,0 players,No,Yes,"2,039 miles",78%,68%,$3.2M,76%,294,draftkings,-15.5,-411,-14.0,42.9
2022,Kings,Wizards,30-23,29-21,112.2 pts,108.4 pts,113.2 pts,110.0 pts,2 days,1 days,No,No,3 players,2 players,Yes,No,811 miles,51%,48%,$2.0M,86%,22,caesars,2.0,154,3.0,10.9
2022,Magic,Grizzlies,6-28,14-21,101.5 pts,105.4 pts,109.6 pts,112.1 pts,2 days,1 days,No,No,1 players,0 players,No,No,"2,352 miles",55%,66%,$1.2M,84%,368,CAESARS,-1.5,-181,-3.5,0.7
2022,Heat,Spurs,28-26,19-16,108.2 pts,106.4 pts,109.3 pts,111.1 pts,2 days,1 days,No,No,0 players,0 players,No,No,997 miles,59%,39%,$1.4M,99%,359,fanduel,-5.0,-228,-5.5,33.8
2023,Pacers,76ers,22-16,16-37,105.4 pts,101.9 pts,104.6 pts,117.8 pts,0 days,2 days,Yes,No,Not Reported,Not Reported,No,No,"2,128 miles",24%,15%,$1.4M,77%,102,CAESARS,-10.5,-333,-10.5,16.7
2023,Rockets,Celtics,3-37,31-38,99.6 pts,105.2 pts,125.0 pts,105.7 pts,1 days,2 days,No,No,2 players,0 players,No,No,"1,460 miles",68%,47%,$0.9M,100%,363,fanduel,18.0,464,18.0,-48.8
2022,Nuggets,Pistons,28-3,38-1,111.1 pts,114.5 pts,105.5 pts,105.0 pts,3 days,1 days,No,No,1 players,0 players,No,No,119 miles,42%,44%,$1.7M,72%,73,fanduel,-2.0,-121,-0.5,15.0
2023,Cavaliers,Lakers,10-12,14-53,104.5 pts,107.6 pts,114.4 pts,111.7 pts,2 days,4 days,No,No,0 players,0 players,No,No,"1,682 miles",42%,78%,$1.7M,100%,385,BetMGM,-3.0,-191,-4.0,-5.6
2021,Cavaliers,Pelicans,24-28,43-24,108.5 pts,108.5 pts,109.8 pts,110.9 pts,2 days,3 days,No,No,0 players,1 players,No,Yes,"1,061 miles",52%,60%,$6.9M,89%,64,caesars,-6.5,-271,-7.5,4.5
2023,Heat,Bulls,39-22,7-22,107.9 pts,105.0 pts,112.8 pts,114.5 pts,0 days,1 days,Yes,No,0 players,1 players,Yes,No,"1,327 miles",58%,66%,$0.5M,86%,382,draftkings,-5.0,-175,-4.0,-14.7
2024,Lakers,Timberwolves,4-13,4-8,104.5 pts,102.1 pts,111.2 pts,119.5 pts,4 days,1 days,No,No,1 players,0 players,No,No,193 miles,58%,66%,$1.3M,77%,134,BetMGM,-9.0,-313,-10.0,-9.9
2022,Mavericks,Pacers,10-14,11-13,105.8 pts,104.8 pts,108.0 pts,116.5 pts,2 days,2 days,No,No,0 players,1 players,Yes,Yes,952 miles,53%,70%,$0.8M,85%,163,betmgm,-11.5,-380,-12.5,-0.5
2023,Pelicans,Grizzlies,21-18,9-17,104.1 pts,110.4 pts,110.2 pts,103.6 pts,2 days,2 days,No,No,0 players,0 players,Yes,No,"1,064 miles",65%,41%,$0.6M,91%,49,CAESARS,1.0,-132,-1.0,-3.6
2022,Raptors,Nets,8-15,31-20,111.8 pts,108.6 pts,109.1 pts,113.5 pts,3 days,0 days,No,Yes,Not Reported,Not Reported,No,No,"1,413 miles",63%,50%,$2.9M,85%,83,betmgm,-6.0,-223,-5.5,21.2
2021,Jazz,Knicks,3-17,26-36,97.1 pts,112.0 pts,115.1 pts,106.9 pts,4 days,4 days,No,No,0 players,0 players,No,No,887 miles,51%,38%,$1.4M,75%,352,betmgm,10.0,343,11.5,-25.6
2022,Hornets,Raptors,36-18,17-28,104.7 pts,103.3 pts,105.4 pts,111.6 pts,2 days,1 days,No,No,0 players,1 players,No,No,761 miles,38%,42%,$1.0M,99%,292,BetMGM,-11.0,-324,-10.5,-2.5
2024,Heat,Spurs,14-2,21-11,113.9 pts,108.3 pts,112.8 pts,107.2 pts,4 days,1 days,No,No,1 players,2 players,No,No,"2,302 miles",40%,57%,$1.9M,89%,340,BetMGM,-2.5,-172,-3.0,-13.4
2021,Hawks,Nets,23-6,21-16,108.1 pts,106.3 pts,107.7 pts,111.0 pts,1 days,1 days,No,No,0 players,0 players,No,No,"2,205 miles",18%,42%,$2.7M,83%,167,FanDuel,-6.0,-267,-7.0,-0.2
2022,Thunder,Knicks,22-32,19-27,102.9 pts,104.8 pts,111.1 pts,107.6 pts,2 days,2 days,No,No,0 players,0 players,No,No,599 miles,42%,51%,$0.4M,85%,328,CAESARS,-1.0,128,1.0,35.5
2024,Pacers,Heat,25-45,20-17,103.5 pts,111.1 pts,115.3 pts,111.8 pts,4 days,3 days,No,No,1 players,1 players,No,No,806 miles,44%,45%,$0.2M,78%,237,betmgm,4.5,154,3.0,7.7
2022,Jazz,Lakers,9-55,6-51,101.2 pts,100.1 pts,111.9 pts,110.5 pts,1 days,0 days,No,Yes,1 players,0 players,No,No,980 miles,91%,95%,$1.6M,88%,219,BetMGM,-1.0,-119,-1.0,-15.1
2024,Pelicans,Knicks,19-25,22-41,106.1 pts,106.0 pts,106.6 pts,112.8 pts,4 days,1 days,No,No,0 players,1 players,No,No,354 miles,55%,30%,$1.3M,75%,62,BetMGM,-10.5,-313,-10.0,12.3
2022,Thunder,76ers,23-27,7-34,100.0 pts,102.9 pts,108.4 pts,109.7 pts,1 days,4 days,No,No,Not Reported,1 players,No,No,174 miles,42%,24%,$0.4M,87%,261,FanDuel,-3.5,-161,-2.5,22.3
2022,Lakers,Raptors,12-28,27-36,95.9 pts,105.1 pts,111.0 pts,112.0 pts,1 days,1 days,No,No,0 players,Not Reported,No,No,"1,961 miles",42%,38%,$0.3M,89%,64,FanDuel,2.5,169,4.0,17.2
2021,Kings,Magic,26-14,11-51,110.5 pts,100.1 pts,113.1 pts,109.6 pts,3 days,0 days,No,Yes,1 players,Not Reported,No,No,986 miles,50%,48%,$0.7M,86%,152,caesars,-14.5,-462,-16.5,2.3
2021,Lakers,Clippers,4-24,17-30,104.0 pts,109.9 pts,114.8 pts,112.1 pts,1 days,3 days,No,No,0 players,0 players,No,No,"2,300 miles",81%,69%,$2.4M,91%,87,betmgm,3.0,206,5.0,-6.6
2021,Nuggets,Spurs,30-14,14-14,105.8 pts,111.6 pts,107.1 pts,107.8 pts,1 days,2 days,No,No,0 players,Not Reported,No,No,404 miles,65%,91%,$3.8M,94%,319,betmgm,-4.5,-196,-5.0,20.8
2021,Bucks,Clippers,25-43,1-12,102.6 pts,105.2 pts,116.7 pts,107.7 pts,4 days,1 days,No,No,1 players,0 players,No,No,"1,629 miles",64%,86%,$0.4M,100%,256,Caesars,5.0,200,4.5,15.1
2023,Bucks,Warriors,9-18,2-68,104.1 pts,102.4 pts,117.0 pts,119.3 pts,2 days,1 days,No,No,0 players,0 players,No,No,390 miles,31%,48%,$0.8M,91%,67,CAESARS,-9.5,-359,-11.5,24.8
2024,Celtics,Clippers,11-10,20-27,111.6 pts,105.1 pts,104.8 pts,112.7 pts,2 days,2 days,No,No,1 players,0 players,No,No,"2,200 miles",32%,47%,$1.8M,92%,185,caesars,-1.0,-121,-1.0,21.8
2023,Heat,Knicks,40-33,13-28,110.2 pts,106.1 pts,108.8 pts,112.7 pts,1 days,3 days,No,No,0 players,2 players,No,No,52 miles,44%,45%,$1.0M,67%,346,caesars,-10.0,-324,-11.0,14.8
2022,Celtics,Clippers,16-6,7-10,106.3 pts,104.1 pts,112.7 pts,111.2 pts,1 days,2 days,No,No,0 players,0 players,No,No,"2,264 miles",48%,40%,$1.2M,80%,98,fanduel,-8.0,-250,-7.0,16.0
2021,Lakers,Pistons,11-60,38-4,100.0 pts,112.7 pts,118.2 pts,100.4 pts,4 days,4 days,No,No,0 players,0 players,No,No,"2,091 miles",42%,17%,$0.2M,79%,118,fanduel,18.0,453,17.5,3.8
2021,Nuggets,Hawks,31-14,7-3,106.6 pts,114.3 pts,110.4 pts,109.0 pts,1 days,1 days,No,No,0 players,0 players,No,No,302 miles,26%,35%,$0.7M,96%,136,DRAFTKINGS,-2.0,-152,-2.0,25.9
2021,Pelicans,Hawks,39-31,27-14,110.6 pts,112.0 pts,108.6 pts,106.7 pts,3 days,2 days,No,No,2 players,2 players,Yes,No,667 miles,55%,52%,$2.4M,90%,118,BetMGM,3.5,181,4.5,-2.5
2024,Kings,Hawks,9-5,15-7,110.0 pts,101.8 pts,111.2 pts,101.2 pts,0 days,1 days,Yes,No,Not Reported,0 players,No,No,"1,915 miles",35%,49%,$3.1M,71%,316,FanDuel,1.5,176,3.5,12.5
2022,Pistons,Knicks,61-9,23-41,118.0 pts,105.6 pts,107.9 pts,107.7 pts,1 days,1 days,No,No,1 players,0 players,No,No,574 miles,53%,38%,$0.7M,100%,364,FanDuel,-10.5,-297,-9.5,40.6
2023,Rockets,Pistons,2-29,69-2,96.0 pts,116.7 pts,108.9 pts,98.9 pts,0 days,1 days,Yes,No,2 players,0 players,No,No,"1,137 miles",69%,70%,$2.4M,89%,167,CAESARS,25.0,589,24.5,-21.4
2023,Blazers,Warriors,6-65,1-19,100.1 pts,104.0 pts,116.2 pts,123.4 pts,1 days,2 days,No,No,Not Reported,1 players,Yes,Yes,387 miles,41%,39%,$0.5M,99%,266,DRAFTKINGS,-3.5,-164,-3.0,-15.9
2021,Nuggets,76ers,46-8,6-22,112.1 pts,97.6 pts,105.8 pts,111.9 pts,0 days,1 days,Yes,No,2 players,1 players,No,No,286 miles,52%,49%,$1.6M,79%,203,FanDuel,-15.5,-444,-16.0,-7.0
2022,Nuggets,Grizzlies,14-0,9-22,112.9 pts,107.1 pts,111.3 pts,113.7 pts,1 days,1 days,No,No,1 players,0 players,No,No,617 miles,63%,72%,$0.7M,97%,169,betmgm,-11.0,-347,-11.5,2.7
2022,Nets,Hornets,34-14,13-9,112.3 pts,109.7 pts,111.2 pts,103.7 pts,4 days,2 days,No,No,1 players,0 players,No,No,"2,322 miles",35%,22%,$0.4M,94%,214,DRAFTKINGS,2.5,191,4.5,-3.7
2021,Nets,Suns,45-23,37-35,105.9 pts,110.1 pts,115.8 pts,111.2 pts,3 days,2 days,No,No,1 players,2 players,No,No,957 miles,45%,56%,$0.8M,81%,159,BetMGM,-4.5,-177,-4.0,14.9
2021,Rockets,Blazers,0-30,6-48,101.8 pts,97.6 pts,117.2 pts,117.8 pts,0 days,2 days,Yes,No,0 players,0 players,No,No,324 miles,47%,43%,$0.6M,71%,284,fanduel,3.5,173,4.0,26.1
2021,Knicks,Warriors,8-14,3-56,110.1 pts,96.5 pts,110.1 pts,111.7 pts,3 days,3 days,No,No,0 players,1 players,No,No,"1,986 miles",50%,51%,$3.0M,100%,378,betmgm,-19.5,-450,-16.5,24.5
2021,Heat,Pelicans,12-13,27-29,107.3 pts,111.5 pts,109.6 pts,112.2 pts,1 days,0 days,No,Yes,2 players,1 players,No,No,143 miles,49%,46%,$1.8M,92%,166,Caesars,-3.0,-146,-2.0,-8.0
2024,Nuggets,Mavericks,27-8,28-35,113.2 pts,107.6 pts,100.6 pts,106.8 pts,2 days,2 days,No,No,0 players,0 players,No,No,"1,351 miles",44%,16%,$1.1M,73%,129,caesars,-11.5,-349,-11.5,20.9
2021,Magic,Grizzlies,9-30,13-45,102.2 pts,106.6 pts,110.8 pts,110.8 pts,1 days,3 days,No,No,0 players,0 players,No,No,173 miles,58%,50%,$6.0M,84%,371,Caesars,1.0,143,2.0,9.4
2023,Clippers,Blazers,37-32,4-41,103.1 pts,94.1 pts,114.5 pts,118.6 pts,1 days,1 days,No,No,1 players,0 players,Yes,No,"2,117 miles",26%,29%,$0.5M,88%,177,betmgm,-13.5,-385,-13.0,25.1
2021,Rockets,76ers,0-34,11-48,98.4 pts,106.5 pts,111.9 pts,118.4 pts,3 days,2 days,No,No,1 players,2 players,Yes,Yes,"2,081 miles",49%,50%,$0.9M,79%,245,CAESARS,5.0,214,6.0,12.3
2022,Raptors,Rockets,10-15,2-29,106.0 pts,95.8 pts,109.7 pts,120.4 pts,3 days,2 days,No,No,0 players,0 players,No,No,Unknown,51%,48%,$1.1M,92%,4,DRAFTKINGS,-16.5,-469,-17.0,21.9
2022,Heat,Pistons,21-22,36-12,110.1 pts,113.6 pts,102.8 pts,107.9 pts,1 days,2 days,No,No,0 players,1 players,Yes,No,"1,676 miles",76%,68%,$1.1M,72%,291,DRAFTKINGS,1.5,123,1.0,-12.9
2022,Clippers,Suns,33-32,30-22,104.3 pts,112.9 pts,111.8 pts,110.2 pts,2 days,2 days,No,No,0 players,2 players,No,No,"1,985 miles",47%,36%,$1.4M,81%,168,betmgm,-1.0,107,0.5,8.3
2021,Hawks,Grizzlies,21-12,23-36,115.0 pts,106.8 pts,108.0 pts,109.3 pts,2 days,4 days,No,No,0 players,2 players,No,No,654 miles,39%,35%,$1.1M,92%,21,draftkings,-13.5,-322,-10.0,-10.8
2023,Wizards,Spurs,32-36,14-16,106.3 pts,109.7 pts,114.4 pts,106.9 pts,1 days,1 days,No,No,Not Reported,0 players,No,No,395 miles,62%,76%,$1.3M,72%,278,FanDuel,3.0,124,1.5,1.3
2024,Pelicans,Rockets,38-31,3-37,113.4 pts,93.7 pts,109.5 pts,123.2 pts,1 days,3 days,No,No,0 players,Not Reported,No,No,"1,850 miles",64%,57%,$0.5M,82%,299,DRAFTKINGS,-25.5,-666,-26.0,28.2
2023,Wizards,Rockets,24-26,2-12,103.5 pts,93.2 pts,103.1 pts,122.8 pts,1 days,0 days,No,Yes,0 players,1 players,No,No,747 miles,48%,47%,$1.7M,100%,14,fanduel,-22.0,-584,-22.0,19.2
2022,Nuggets,Thunder,46-10,17-30,110.4 pts,107.9 pts,107.9 pts,114.1 pts,3 days,0 days,No,Yes,0 players,0 players,No,No,"1,191 miles",40%,20%,$0.8M,100%,117,FanDuel,-13.5,-376,-12.5,30.2
2022,Magic,Lakers,7-29,5-47,99.5 pts,99.7 pts,112.5 pts,110.6 pts,0 days,2 days,Yes,No,0 players,0 players,No,No,686 miles,37%,28%,$0.2M,87%,108,draftkings,-1.5,-117,0.0,8.9
2024,Mavericks,Suns,6-10,38-34,107.7 pts,106.5 pts,115.8 pts,106.8 pts,3 days,2 days,No,No,1 players,0 players,Yes,No,61 miles,47%,64%,$1.6M,90%,4,CAESARS,6.5,238,7.0,-17.4
2023,Grizzlies,Pelicans,22-42,21-27,106.5 pts,100.6 pts,114.2 pts,113.0 pts,3 days,2 days,No,No,1 players,1 players,No,No,"1,150 miles",34%,49%,$1.0M,98%,307,BetMGM,-1.0,-152,-2.5,7.2
2024,Jazz,Bucks,6-23,6-38,106.5 pts,106.5 pts,117.6 pts,115.5 pts,2 days,0 days,No,Yes,0 players,1 players,No,No,761 miles,45%,61%,$0.8M,78%,371,draftkings,0.0,112,0.5,11.7
2024,Warriors,Pacers,0-14,16-44,101.9 pts,109.5 pts,112.9 pts,110.5 pts,1 days,2 days,No,No,0 players,0 players,No,No,Unknown,47%,53%,$0.7M,83%,257,BetMGM,8.5,270,9.0,9.3
2024,Bucks,Rockets,8-17,0-41,107.8 pts,96.3 pts,110.4 pts,120.2 pts,3 days,3 days,No,No,0 players,0 players,No,Yes,"2,165 miles",55%,60%,$0.4M,94%,193,BetMGM,-20.0,-575,-21.5,14.1
2024,Mavericks,Pacers,27-38,19-37,98.9 pts,108.6 pts,113.2 pts,114.6 pts,3 days,2 days,No,No,0 players,0 players,Yes,No,"1,881 miles",54%,45%,$0.5M,95%,8,CAESARS,0.0,127,1.5,-29.3
2024,Nets,Celtics,10-3,20-23,107.5 pts,114.1 pts,107.6 pts,112.0 pts,4 days,1 days,No,No,1 players,1 players,No,No,850 miles,42%,46%,$2.8M,87%,40,DRAFTKINGS,-6.5,-224,-5.0,4.2
2023,Celtics,Wizards,20-23,11-7,105.6 pts,108.9 pts,110.2 pts,109.1 pts,1 days,3 days,No,No,1 players,0 players,No,No,"1,431 miles",54%,58%,$1.6M,70%,205,caesars,-2.0,-176,-3.0,1.7
2023,Spurs,Grizzlies,14-7,2-13,105.4 pts,108.0 pts,108.6 pts,111.4 pts,0 days,2 days,Yes,No,0 players,0 players,Yes,No,"1,850 miles",27%,36%,$0.5M,75%,238,betmgm,-1.0,-90,0.0,0.8
2022,Nets,Wizards,16-14,14-13,104.6 pts,109.7 pts,102.8 pts,113.5 pts,1 days,1 days,No,No,1 players,2 players,No,Yes,473 miles,56%,69%,$0.4M,93%,139,CAESARS,-9.0,-273,-8.0,7.3
2023,Spurs,Celtics,10-8,20-23,106.2 pts,106.0 pts,113.8 pts,110.6 pts,1 days,0 days,No,Yes,0 players,1 players,No,No,"2,046 miles",52%,57%,$1.9M,78%,31,CAESARS,-5.0,-190,-4.5,-13.7
2021,Spurs,76ers,17-9,9-32,116.8 pts,107.3 pts,113.7 pts,113.2 pts,1 days,3 days,No,No,0 players,1 players,No,No,"2,462 miles",48%,45%,$0.2M,78%,223,CAESARS,-11.0,-330,-10.0,6.2
2022,Clippers,Timberwolves,30-29,3-47,110.2 pts,105.1 pts,107.9 pts,119.0 pts,4 days,2 days,No,No,2 players,0 players,No,No,340 miles,39%,39%,$0.4M,82%,152,betmgm,-14.0,-377,-13.0,13.7
2024,Nuggets,Clippers,16-1,28-37,119.1 pts,101.8 pts,108.6 pts,119.6 pts,3 days,2 days,No,No,2 players,0 players,No,No,"1,054 miles",38%,35%,$0.7M,90%,252,CAESARS,-16.0,-451,-16.0,11.6
2023,Thunder,Cavaliers,7-11,16-10,108.1 pts,111.4 pts,111.1 pts,102.7 pts,0 days,0 days,Yes,Yes,3 players,0 players,No,No,898 miles,68%,73%,$3.8M,73%,210,betmgm,10.0,296,10.0,1.6
2021,Thunder,Nuggets,27-37,35-16,110.4 pts,114.8 pts,114.2 pts,110.7 pts,4 days,4 days,No,No,1 players,2 players,No,No,"1,615 miles",49%,43%,$2.0M,88%,308,FanDuel,4.0,168,3.0,-32.2
2024,Celtics,Hornets,37-31,25-10,110.2 pts,103.7 pts,107.3 pts,106.3 pts,1 days,2 days,No,No,0 players,0 players,No,No,"1,414 miles",63%,38%,$0.3M,67%,26,BetMGM,-0.5,120,1.0,-9.7
2024,Grizzlies,Bucks,10-12,13-20,101.9 pts,109.3 pts,112.9 pts,113.9 pts,1 days,1 days,No,No,1 players,1 players,No,No,"2,361 miles",51%,50%,$0.3M,93%,371,fanduel,-3.5,-180,-3.5,5.0
2023,Lakers,Knicks,5-22,12-8,99.7 pts,103.6 pts,116.0 pts,105.8 pts,2 days,1 days,No,No,0 players,1 players,No,No,"1,848 miles",42%,47%,$0.3M,83%,28,BetMGM,5.0,188,4.5,3.5
2022,Pistons,Heat,49-3,27-22,115.0 pts,107.7 pts,105.0 pts,114.6 pts,1 days,2 days,No,No,0 players,1 players,No,No,"2,007 miles",67%,59%,$0.4M,68%,292,fanduel,-9.5,-286,-8.5,6.0
2023,Cavaliers,Nuggets,31-16,12-6,107.0 pts,116.2 pts,115.8 pts,99.9 pts,1 days,1 days,No,No,2 players,0 players,Yes,No,"1,412 miles",47%,42%,$0.7M,84%,162,BetMGM,12.5,385,14.0,-30.0
2022,Clippers,Rockets,12-17,4-43,106.2 pts,101.6 pts,112.1 pts,117.0 pts,2 days,1 days,No,No,0 players,0 players,No,No,Unknown,38%,34%,$0.7M,100%,224,fanduel,-15.5,-432,-15.0,35.0
2023,Magic,Hawks,7-14,42-16,109.9 pts,107.5 pts,115.9 pts,109.2 pts,1 days,2 days,No,No,0 players,2 players,No,No,150 miles,50%,38%,$0.6M,99%,24,DraftKings,1.5,123,1.5,-15.0
2023,Pacers,Kings,5-7,20-21,102.5 pts,104.5 pts,110.9 pts,108.6 pts,2 days,2 days,No,No,1 players,4 players,No,No,749 miles,26%,24%,$0.8M,82%,43,caesars,-2.5,-123,-1.5,-13.0
2023,Clippers,Hornets,13-7,9-2,112.6 pts,107.0 pts,103.9 pts,106.4 pts,3 days,4 days,No,No,2 players,1 players,No,Yes,"2,254 miles",54%,61%,$0.8M,100%,392,caesars,-3.5,-200,-4.5,14.2
2021,Nets,Timberwolves,22-10,4-25,113.1 pts,94.2 pts,105.9 pts,111.2 pts,0 days,4 days,Yes,No,0 players,0 players,No,No,"1,655 miles",77%,80%,$1.6M,86%,120,DRAFTKINGS,-18.5,-494,-18.0,31.1
2022,Heat,Magic,31-16,6-35,112.0 pts,95.0 pts,108.6 pts,118.4 pts,3 days,1 days,No,No,0 players,0 players,No,No,"2,416 miles",95%,95%,$0.5M,86%,31,betmgm,-18.0,-541,-20.0,28.2
2024,Grizzlies,Pacers,14-28,25-47,107.2 pts,105.3 pts,109.1 pts,109.0 pts,1 days,0 days,No,Yes,0 players,1 players,No,No,195 miles,54%,67%,$0.3M,76%,296,fanduel,-4.5,-197,-4.5,6.4
2021,Bulls,Lakers,4-9,8-49,108.7 pts,110.2 pts,108.9 pts,109.9 pts,0 days,1 days,Yes,No,0 players,1 players,No,Yes,690 miles,54%,51%,$2.9M,71%,51,CAESARS,-9.0,-325,-9.5,5.6
2023,Grizzlies,Pistons,18-18,35-2,102.2 pts,119.6 pts,114.3 pts,105.0 pts,1 days,0 days,No,Yes,1 players,0 players,No,No,"1,537 miles",50%,39%,$1.3M,92%,137,BetMGM,12.5,381,14.5,-13.3
2022,Mavericks,Spurs,18-22,6-4,107.4 pts,107.6 pts,115.5 pts,117.3 pts,2 days,1 days,No,No,Not Reported,0 players,No,No,"1,687 miles",49%,41%,$0.9M,98%,6,FanDuel,-2.0,-105,-0.5,16.6
2021,Pacers,Pistons,25-30,58-7,97.9 pts,108.4 pts,110.5 pts,100.4 pts,2 days,1 days,No,No,0 players,1 players,No,No,"1,680 miles",69%,62%,$1.6M,92%,181,draftkings,10.0,311,10.5,-5.5
2024,Bulls,Hornets,11-34,37-17,99.6 pts,107.6 pts,112.2 pts,107.1 pts,4 days,1 days,No,No,Not Reported,0 players,No,No,79 miles,50%,35%,$0.9M,100%,270,DRAFTKINGS,7.0,283,8.0,-20.6
2024,Blazers,Wizards,4-34,33-26,93.5 pts,106.1 pts,119.0 pts,111.7 pts,0 days,3 days,Yes,No,1 players,Not Reported,No,No,"2,081 miles",48%,46%,$1.1M,88%,329,BetMGM,9.5,282,9.0,4.8
2022,Pistons,Heat,63-6,4-6,112.4 pts,109.3 pts,104.3 pts,103.7 pts,2 days,2 days,No,No,0 players,0 players,No,No,"2,443 miles",31%,42%,$2.0M,81%,147,BetMGM,-7.5,-286,-8.0,5.6
2021,Jazz,Knicks,4-19,17-18,105.9 pts,106.6 pts,111.9 pts,109.0 pts,1 days,3 days,No,No,1 players,Not Reported,Yes,No,952 miles,23%,50%,$2.2M,72%,391,fanduel,2.5,123,1.5,-4.5
2023,Clippers,Hawks,21-16,9-1,106.8 pts,111.6 pts,120.1 pts,103.3 pts,0 days,4 days,Yes,No,Not Reported,Not Reported,No,No,"1,852 miles",54%,68%,$4.1M,81%,273,FanDuel,10.5,298,9.0,8.8
2024,Spurs,Magic,11-11,2-16,107.4 pts,102.6 pts,109.7 pts,116.2 pts,2 days,0 days,No,Yes,0 players,0 players,No,No,856 miles,48%,40%,$1.4M,83%,363,FanDuel,-11.0,-325,-11.0,9.5
2022,Raptors,Bulls,5-7,8-43,102.3 pts,106.5 pts,118.3 pts,118.1 pts,2 days,3 days,No,No,0 players,0 players,Yes,No,"1,240 miles",37%,31%,$3.1M,82%,328,caesars,1.0,127,1.5,-8.8
2021,Raptors,Blazers,23-37,3-31,104.9 pts,99.2 pts,104.8 pts,111.1 pts,3 days,1 days,No,No,0 players,1 players,No,No,"2,216 miles",54%,66%,$1.7M,81%,303,DRAFTKINGS,-13.5,-413,-14.5,20.1
2021,Bucks,Pacers,5-12,21-40,109.6 pts,102.3 pts,111.1 pts,108.0 pts,2 days,0 days,No,Yes,0 players,0 players,No,No,889 miles,61%,75%,$1.1M,82%,111,DRAFTKINGS,-5.0,-160,-2.5,12.4
2022,Hornets,Celtics,31-19,33-31,112.6 pts,106.9 pts,106.9 pts,108.1 pts,3 days,2 days,No,No,0 players,Not Reported,No,No,969 miles,32%,39%,$2.0M,85%,342,betmgm,-9.0,-283,-8.0,27.5
2024,Wizards,Kings,33-24,37-22,107.9 pts,117.1 pts,103.2 pts,115.4 pts,1 days,1 days,No,No,0 players,0 players,No,No,"1,653 miles",58%,36%,$0.4M,89%,3,fanduel,-4.0,-178,-3.5,-5.0
2021,Nets,Spurs,42-16,38-33,109.8 pts,105.0 pts,111.3 pts,107.1 pts,4 days,0 days,No,Yes,0 players,0 players,No,No,373 miles,66%,41%,$1.5M,72%,5,FanDuel,-1.5,-87,0.0,26.0
2024,Knicks,Jazz,3-12,4-45,102.8 pts,103.8 pts,111.0 pts,116.0 pts,2 days,1 days,No,No,1 players,0 players,No,No,364 miles,56%,53%,$1.6M,70%,245,DRAFTKINGS,-7.5,-234,-6.0,-6.1
2021,Bulls,Pacers,13-61,21-46,105.0 pts,107.8 pts,112.9 pts,106.6 pts,3 days,3 days,No,No,0 players,0 players,No,No,"1,694 miles",59%,64%,$1.6M,78%,71,BetMGM,1.5,142,2.0,13.6
2021,Hawks,76ers,24-8,2-18,104.6 pts,101.3 pts,106.6 pts,106.3 pts,2 days,1 days,No,No,0 players,0 players,No,No,Unknown,56%,58%,$2.5M,75%,275,FanDuel,-6.5,-221,-5.5,23.3
2023,76ers,Jazz,5-11,6-50,96.2 pts,106.0 pts,111.6 pts,108.6 pts,0 days,2 days,Yes,No,1 players,2 players,Yes,Yes,"2,461 miles",59%,76%,$2.4M,70%,282,caesars,-2.5,-196,-4.5,-0.5
2023,Magic,Hawks,12-45,41-20,108.5 pts,115.3 pts,113.8 pts,107.9 pts,0 days,3 days,Yes,No,0 players,0 players,No,No,"1,115 miles",50%,54%,$2.5M,68%,280,BetMGM,8.5,254,7.5,-2.1
2024,Pistons,Spurs,10-0,8-4,116.4 pts,106.4 pts,103.1 pts,103.9 pts,1 days,0 days,No,Yes,0 players,0 players,No,Yes,"1,292 miles",59%,60%,$1.0M,74%,184,DraftKings,-18.0,-495,-18.5,11.0
2023,Thunder,Celtics,14-18,5-6,106.7 pts,116.0 pts,108.8 pts,104.1 pts,1 days,1 days,No,No,0 players,2 players,No,No,67 miles,53%,48%,$2.4M,81%,300,Caesars,2.0,171,3.5,12.0
2024,Pacers,Cavaliers,11-9,21-28,109.0 pts,109.5 pts,109.6 pts,111.0 pts,4 days,2 days,No,No,1 players,0 players,No,No,"1,524 miles",18%,16%,$0.8M,65%,64,betmgm,-2.5,-130,-1.5,-11.0
2023,Timberwolves,Wizards,4-24,21-29,105.6 pts,107.2 pts,114.7 pts,111.8 pts,2 days,2 days,No,No,0 players,Not Reported,No,No,"1,080 miles",41%,45%,$1.2M,86%,210,caesars,1.0,-98,0.0,-5.5
2023,76ers,Thunder,2-15,13-31,103.0 pts,103.6 pts,110.5 pts,113.5 pts,1 days,2 days,No,No,1 players,0 players,No,No,"1,817 miles",29%,31%,$1.5M,87%,255,Caesars,-0.5,-118,-0.5,-5.5
2022,Warriors,Timberwolves,3-66,1-12,101.4 pts,105.7 pts,118.0 pts,113.4 pts,1 days,1 days,No,No,0 players,2 players,Yes,No,"1,966 miles",33%,53%,$0.2M,79%,350,FanDuel,0.5,135,1.5,-8.2
2023,Hawks,Warriors,46-16,4-34,110.5 pts,107.7 pts,109.5 pts,113.8 pts,2 days,0 days,No,Yes,1 players,0 players,No,No,"1,965 miles",21%,15%,$1.3M,84%,372,CAESARS,-16.0,-436,-15.5,-2.3
2021,Grizzlies,Magic,20-38,9-64,95.6 pts,98.2 pts,108.8 pts,112.3 pts,0 days,1 days,Yes,No,2 players,1 players,Yes,Yes,"1,896 miles",35%,38%,$2.1M,83%,384,fanduel,-9.0,-274,-8.0,7.2
2023,Wizards,Pistons,12-12,33-3,111.7 pts,117.2 pts,109.7 pts,107.6 pts,4 days,1 days,No,No,0 players,0 players,No,No,978 miles,36%,30%,$0.5M,77%,92,CAESARS,7.0,250,7.0,-1.5
2022,Mavericks,Pacers,37-37,6-21,106.9 pts,105.5 pts,116.8 pts,113.5 pts,2 days,1 days,No,No,0 players,0 players,No,No,405 miles,61%,49%,$3.5M,89%,133,caesars,-2.0,-120,-0.5,13.9
2023,Suns,Wizards,11-8,3-11,115.6 pts,106.1 pts,109.2 pts,109.2 pts,0 days,2 days,Yes,No,0 players,1 players,No,No,344 miles,50%,55%,$0.6M,99%,334,BetMGM,-6.5,-267,-7.5,1.2
2023,Bucks,Pelicans,28-43,11-19,105.1 pts,110.1 pts,113.5 pts,107.5 pts,2 days,0 days,No,Yes,0 players,0 players,No,No,"1,435 miles",61%,66%,$3.7M,72%,34,DRAFTKINGS,2.0,192,4.0,23.0
2022,Knicks,Timberwolves,27-19,8-45,107.6 pts,100.3 pts,105.1 pts,114.1 pts,2 days,2 days,No,No,1 players,1 players,No,No,"1,345 miles",47%,49%,$1.5M,77%,383,fanduel,-15.5,-467,-17.0,26.3
2024,Lakers,Celtics,3-9,37-31,106.2 pts,111.9 pts,122.8 pts,107.3 pts,3 days,1 days,No,No,0 players,Not Reported,No,No,"1,983 miles",67%,90%,$0.7M,91%,55,draftkings,7.5,215,6.0,-23.9
2021,Grizzlies,Nets,13-27,49-20,102.9 pts,105.9 pts,111.0 pts,108.2 pts,3 days,4 days,No,No,1 players,1 players,No,No,758 miles,66%,59%,$5.1M,100%,262,FanDuel,4.0,178,4.0,7.5
2024,Rockets,Mavericks,1-29,23-33,94.8 pts,101.0 pts,119.1 pts,109.1 pts,2 days,2 days,No,No,0 players,0 players,No,No,473 miles,44%,36%,$0.5M,94%,236,betmgm,10.5,323,11.0,-20.6
2024,Celtics,Clippers,28-22,7-12,109.5 pts,104.4 pts,110.1 pts,105.1 pts,0 days,3 days,Yes,No,2 players,1 players,No,No,232 miles,31%,36%,$3.9M,96%,175,BetMGM,-1.0,-92,0.0,-5.4
2024,Raptors,Pistons,20-48,29-3,103.4 pts,109.8 pts,111.1 pts,112.0 pts,3 days,3 days,No,No,1 players,0 players,No,No,"1,430 miles",26%,45%,$0.7M,100%,321,DraftKings,4.5,143,2.5,0.6
2022,Mavericks,Raptors,14-8,10-25,109.1 pts,100.8 pts,116.7 pts,115.9 pts,1 days,3 days,No,No,Not Reported,0 players,No,No,"2,285 miles",42%,62%,$0.3M,86%,329,CAESARS,-3.0,-163,-3.0,5.0
2023,Hawks,Magic,37-6,6-14,108.1 pts,105.0 pts,106.8 pts,112.5 pts,2 days,1 days,No,No,1 players,0 players,No,No,"2,273 miles",32%,32%,$1.3M,88%,200,caesars,-13.0,-379,-12.5,6.4
2024,Magic,Kings,10-20,39-26,105.4 pts,102.7 pts,116.0 pts,119.9 pts,1 days,3 days,No,No,0 players,0 players,No,No,110 miles,45%,46%,$0.6M,100%,252,Caesars,2.0,129,1.5,-32.7
2023,Warriors,Wizards,2-32,32-41,110.0 pts,116.0 pts,113.0 pts,114.6 pts,0 days,4 days,Yes,No,1 players,1 players,No,No,"1,582 miles",45%,48%,$3.7M,88%,17,betmgm,6.0,232,6.5,-11.9
2022,Magic,Timberwolves,5-15,8-49,107.7 pts,102.0 pts,121.0 pts,120.8 pts,1 days,1 days,No,No,0 players,0 players,No,No,"1,863 miles",66%,66%,$0.2M,88%,205,betmgm,-4.5,-211,-5.0,22.0
2022,Bucks,Hawks,19-25,20-16,104.8 pts,109.8 pts,110.2 pts,107.9 pts,3 days,3 days,No,No,1 players,1 players,No,No,Unknown,45%,45%,$2.0M,77%,286,FanDuel,5.0,226,6.0,4.5
2021,Cavaliers,Pelicans,34-21,18-42,111.1 pts,109.0 pts,110.0 pts,110.6 pts,1 days,2 days,No,No,1 players,1 players,No,No,685 miles,51%,70%,$0.5M,78%,278,DRAFTKINGS,-4.0,-209,-4.5,2.7
2024,Mavericks,Pelicans,36-38,4-6,104.9 pts,109.7 pts,107.8 pts,112.1 pts,1 days,1 days,No,No,2 players,0 players,No,No,315 miles,56%,47%,$1.5M,72%,106,betmgm,-0.5,-116,0.0,0.1
2021,Pelicans,Blazers,23-23,4-44,108.1 pts,102.3 pts,107.7 pts,126.8 pts,2 days,1 days,No,No,0 players,0 players,No,No,"2,202 miles",19%,15%,$2.0M,93%,43,DraftKings,-21.0,-547,-20.5,17.9
2024,76ers,Mavericks,9-24,11-16,106.9 pts,112.0 pts,113.4 pts,105.4 pts,2 days,4 days,No,No,3 players,1 players,No,Yes,"1,230 miles",38%,10%,$3.6M,82%,167,DRAFTKINGS,4.0,242,6.5,-9.4
2022,Celtics,Spurs,7-18,6-6,109.5 pts,104.7 pts,106.3 pts,104.3 pts,4 days,2 days,No,No,1 players,1 players,No,No,"1,023 miles",31%,30%,$4.5M,97%,109,DraftKings,-9.0,-302,-9.5,19.0
2021,Wizards,Pacers,34-35,24-46,105.1 pts,102.6 pts,112.1 pts,113.5 pts,2 days,1 days,No,No,1 players,2 players,Yes,No,Unknown,31%,40%,$2.1M,98%,202,BetMGM,-2.5,-154,-2.5,-15.8
2023,Bulls,Wizards,13-56,15-21,104.2 pts,113.2 pts,112.7 pts,113.3 pts,2 days,2 days,No,No,Not Reported,0 players,No,No,"1,228 miles",58%,75%,$1.9M,84%,155,FanDuel,3.5,172,3.5,-5.2
2021,Pacers,Kings,6-8,13-6,100.0 pts,109.4 pts,109.2 pts,108.2 pts,3 days,3 days,No,No,0 players,2 players,No,No,173 miles,43%,34%,$1.2M,83%,87,draftkings,4.0,157,3.5,-6.2
2023,Suns,Bulls,7-5,6-44,109.2 pts,107.4 pts,105.2 pts,110.4 pts,4 days,0 days,No,Yes,1 players,Not Reported,No,No,"1,652 miles",38%,43%,$0.3M,71%,75,FanDuel,-12.5,-366,-12.0,18.9
2023,Celtics,Mavericks,14-6,20-28,106.2 pts,106.2 pts,107.5 pts,115.0 pts,2 days,0 days,No,Yes,0 players,0 players,No,No,"2,045 miles",77%,81%,$1.1M,85%,231,CAESARS,-8.0,-264,-8.0,32.7
2023,Blazers,Timberwolves,4-36,12-59,101.3 pts,100.8 pts,120.4 pts,117.5 pts,0 days,3 days,Yes,No,1 players,1 players,No,No,"1,295 miles",60%,51%,$0.6M,78%,79,fanduel,-1.0,-101,0.0,7.8
2022,Grizzlies,Spurs,26-42,32-24,102.3 pts,106.9 pts,113.8 pts,103.4 pts,0 days,2 days,Yes,No,1 players,2 players,No,No,227 miles,50%,47%,$1.0M,99%,199,fanduel,3.5,157,2.5,-18.7
2024,Lakers,Thunder,1-10,20-51,100.7 pts,113.1 pts,114.4 pts,112.5 pts,1 days,2 days,No,No,0 players,1 players,No,No,"1,881 miles",7%,5%,$1.6M,100%,312,Caesars,4.0,193,4.5,-9.0
2021,Spurs,Suns,31-10,12-8,106.8 pts,114.3 pts,109.2 pts,108.1 pts,1 days,2 days,No,No,0 players,1 players,No,No,"1,731 miles",30%,28%,$0.7M,76%,37,fanduel,-1.0,-118,-1.0,5.6
2022,Lakers,Spurs,5-39,18-13,101.5 pts,107.6 pts,120.4 pts,105.2 pts,0 days,0 days,Yes,Yes,Not Reported,2 players,No,No,491 miles,57%,62%,$1.3M,73%,66,Caesars,10.5,293,9.5,-7.8
2022,Bucks,Hornets,6-26,23-12,107.2 pts,111.0 pts,112.6 pts,115.6 pts,0 days,2 days,Yes,No,0 players,1 players,No,No,541 miles,54%,75%,$0.5M,100%,73,DRAFTKINGS,3.5,137,1.0,2.9
2024,Nuggets,Clippers,39-16,28-37,111.0 pts,104.4 pts,106.6 pts,109.4 pts,3 days,2 days,No,No,1 players,1 players,No,Yes,698 miles,63%,62%,$0.3M,83%,149,FanDuel,-10.0,-289,-9.0,30.7
2022,76ers,Hawks,13-42,42-20,104.6 pts,109.0 pts,117.5 pts,106.1 pts,1 days,2 days,No,No,0 players,0 players,No,No,507 miles,37%,33%,$1.0M,100%,381,Caesars,9.0,305,11.0,-30.8
2023,Grizzlies,Cavaliers,17-21,27-21,107.9 pts,107.6 pts,115.2 pts,108.5 pts,0 days,2 days,Yes,No,0 players,0 players,No,No,"1,755 miles",38%,36%,$0.4M,100%,139,Caesars,1.5,111,1.0,-10.2
2021,Pelicans,Wizards,41-31,28-24,104.9 pts,108.3 pts,109.5 pts,111.5 pts,2 days,1 days,No,No,2 players,Not Reported,Yes,No,346 miles,47%,28%,$1.4M,89%,23,BetMGM,2.0,159,3.0,-9.1
2024,Blazers,76ers,4-46,3-12,95.8 pts,99.0 pts,112.7 pts,109.6 pts,1 days,2 days,No,No,1 players,1 players,No,No,870 miles,53%,46%,$0.7M,76%,172,caesars,-0.5,-97,0.0,-14.1
2024,Knicks,Celtics,30-37,31-34,109.9 pts,111.8 pts,111.7 pts,114.1 pts,4 days,1 days,No,No,1 players,0 players,No,No,Unknown,46%,52%,$0.5M,96%,251,caesars,-2.0,-189,-4.0,-6.7
2021,Bulls,Jazz,20-49,3-30,101.6 pts,98.8 pts,115.2 pts,109.2 pts,1 days,2 days,No,No,0 players,0 players,No,No,819 miles,45%,53%,$1.4M,96%,394,betmgm,3.5,188,4.5,6.2
2021,Nuggets,Heat,29-5,14-20,108.6 pts,103.2 pts,111.4 pts,110.5 pts,4 days,2 days,No,No,1 players,Not Reported,Yes,No,"1,881 miles",26%,12%,$0.4M,89%,329,caesars,-10.0,-325,-10.0,-15.6
2024,Magic,Jazz,10-46,5-29,99.6 pts,100.5 pts,113.7 pts,112.2 pts,3 days,0 days,No,Yes,0 players,0 players,Yes,No,"2,258 miles",51%,40%,$3.6M,72%,186,BetMGM,-2.0,-110,-1.0,21.9
2021,Celtics,Bulls,21-16,5-19,114.6 pts,99.1 pts,111.6 pts,112.8 pts,3 days,2 days,No,No,1 players,Not Reported,No,No,"1,353 miles",58%,72%,$2.1M,88%,127,fanduel,-12.5,-391,-13.5,6.5
2024,Bucks,Hornets,13-22,16-20,112.6 pts,107.5 pts,112.7 pts,107.3 pts,4 days,1 days,No,No,2 players,1 players,No,No,"2,249 miles",75%,43%,$1.6M,92%,220,fanduel,2.5,175,3.0,3.7
2021,Blazers,Wizards,3-60,18-18,101.5 pts,107.1 pts,122.8 pts,104.0 pts,3 days,3 days,No,No,0 players,1 players,No,No,"1,028 miles",57%,73%,$0.3M,73%,136,DraftKings,13.5,362,13.5,-26.0
2021,Warriors,Celtics,3-53,9-11,94.3 pts,107.7 pts,117.2 pts,112.2 pts,2 days,1 days,No,No,0 players,0 players,No,No,319 miles,26%,5%,$0.3M,86%,178,BetMGM,6.0,208,5.5,-4.9
2024,Heat,Grizzlies,43-31,12-34,106.6 pts,105.6 pts,107.3 pts,112.4 pts,1 days,3 days,No,No,Not Reported,0 players,No,No,"1,781 miles",59%,58%,$0.4M,87%,243,Caesars,-9.5,-329,-10.0,1.8
2022,Pelicans,Pacers,15-11,19-28,103.1 pts,105.1 pts,109.9 pts,107.3 pts,1 days,1 days,No,No,Not Reported,2 players,Yes,No,995 miles,69%,62%,$2.9M,83%,177,DraftKings,-3.0,-187,-4.0,-5.7
2024,76ers,Pacers,7-45,18-35,107.7 pts,105.3 pts,108.1 pts,115.3 pts,0 days,0 days,Yes,Yes,0 players,0 players,No,No,"1,655 miles",35%,43%,$0.8M,84%,359,fanduel,-3.5,-154,-2.5,-7.0
2022,Suns,Raptors,19-5,15-21,108.5 pts,106.3 pts,112.7 pts,113.0 pts,3 days,0 days,No,Yes,3 players,Not Reported,Yes,No,"1,032 miles",62%,60%,$1.9M,93%,353,DraftKings,-3.5,-199,-4.5,12.7
2023,Magic,Suns,7-25,39-21,101.9 pts,109.9 pts,113.4 pts,106.3 pts,2 days,1 days,No,No,0 players,1 players,No,No,508 miles,30%,35%,$0.7M,69%,89,caesars,5.5,249,7.0,-13.8
2024,Hawks,Jazz,41-21,2-30,110.5 pts,105.3 pts,112.4 pts,116.2 pts,1 days,2 days,No,No,1 players,0 players,No,No,"2,491 miles",53%,72%,$2.4M,95%,52,betmgm,-12.0,-346,-10.5,-9.3
2024,Magic,Pacers,6-22,10-31,98.8 pts,111.2 pts,113.9 pts,112.6 pts,2 days,2 days,No,No,0 players,0 players,No,No,203 miles,63%,67%,$1.1M,100%,128,BetMGM,1.0,123,1.0,8.0
2021,Heat,Magic,13-10,5-16,104.3 pts,102.4 pts,114.2 pts,114.6 pts,1 days,2 days,No,No,1 players,0 players,Yes,Yes,"1,330 miles",38%,44%,$1.4M,87%,91,fanduel,-5.0,-212,-4.5,-5.0
2021,Magic,Pistons,20-54,27-4,102.2 pts,116.0 pts,106.0 pts,105.4 pts,2 days,0 days,No,Yes,0 players,1 players,No,No,"1,657 miles",57%,49%,$0.2M,78%,43,betmgm,7.0,227,6.5,7.9
2024,Blazers,Warriors,2-23,3-8,102.2 pts,100.9 pts,114.5 pts,118.8 pts,1 days,1 days,No,No,1 players,1 players,No,No,"1,811 miles",37%,49%,$2.1M,93%,386,FanDuel,-8.0,-306,-9.5,2.0
2021,Blazers,Timberwolves,3-38,6-33,98.8 pts,102.7 pts,118.4 pts,116.0 pts,2 days,1 days,No,No,1 players,1 players,No,No,"1,117 miles",43%,50%,$2.8M,84%,389,DRAFTKINGS,1.0,115,1.0,24.3
2024,Rockets,Magic,2-30,8-22,92.3 pts,109.4 pts,118.2 pts,114.0 pts,2 days,1 days,No,No,0 players,2 players,No,No,315 miles,71%,65%,$3.7M,80%,193,FanDuel,6.0,205,5.0,-16.0
2022,Warriors,Rockets,2-31,2-20,104.1 pts,99.8 pts,109.8 pts,114.3 pts,1 days,2 days,No,No,0 players,1 players,No,No,"1,615 miles",25%,45%,$0.8M,100%,134,fanduel,-9.5,-311,-9.0,12.6
2024,Pistons,Wizards,37-2,25-35,114.4 pts,108.1 pts,100.8 pts,100.4 pts,1 days,3 days,No,No,0 players,3 players,No,No,"1,206 miles",21%,19%,$0.2M,84%,293,CAESARS,-15.0,-450,-15.5,24.1
2024,Pelicans,Spurs,22-24,32-30,101.4 pts,108.9 pts,109.3 pts,110.3 pts,4 days,2 days,No,No,0 players,1 players,No,No,375 miles,35%,27%,$0.2M,95%,388,draftkings,0.0,-119,-0.5,-7.5
2024,Pelicans,Celtics,25-35,19-21,103.2 pts,110.0 pts,112.6 pts,110.0 pts,2 days,2 days,No,No,Not Reported,0 players,No,No,783 miles,45%,57%,$0.3M,84%,26,DRAFTKINGS,0.5,-105,0.0,10.4
2024,Mavericks,Nets,19-14,12-6,109.8 pts,110.1 pts,113.0 pts,104.1 pts,2 days,1 days,No,No,1 players,0 players,No,No,924 miles,48%,53%,$0.2M,84%,267,betmgm,1.0,160,3.0,-10.0
2024,Kings,Grizzlies,9-8,12-30,108.2 pts,107.3 pts,114.8 pts,107.7 pts,1 days,2 days,No,No,1 players,1 players,No,No,374 miles,77%,79%,$2.5M,86%,202,draftkings,-6.5,-229,-6.0,8.9
2024,Jazz,Nets,8-14,20-11,106.6 pts,107.2 pts,115.1 pts,110.7 pts,1 days,0 days,No,Yes,Not Reported,0 players,No,No,"2,365 miles",44%,41%,$1.7M,67%,140,betmgm,4.0,192,4.5,4.0
2022,Cavaliers,Mavericks,13-10,6-14,110.0 pts,111.4 pts,108.7 pts,108.8 pts,1 days,3 days,No,No,0 players,1 players,No,No,"2,050 miles",74%,89%,$2.7M,91%,228,FanDuel,-7.5,-322,-9.5,3.6
2024,Hawks,Kings,27-8,10-5,107.1 pts,101.0 pts,106.6 pts,107.9 pts,3 days,3 days,No,No,1 players,0 players,No,No,"1,346 miles",55%,44%,$1.6M,75%,110,DRAFTKINGS,-4.5,-221,-6.0,19.1
2022,Warriors,Hornets,3-62,9-8,95.4 pts,106.6 pts,113.1 pts,111.9 pts,1 days,4 days,No,No,0 players,1 players,No,No,"1,892 miles",39%,49%,$1.9M,95%,118,BetMGM,7.0,253,7.5,-18.1
2023,Hornets,Heat,36-14,25-24,107.6 pts,112.3 pts,116.6 pts,101.2 pts,4 days,3 days,No,No,0 players,0 players,No,No,84 miles,24%,47%,$2.8M,78%,142,FanDuel,0.0,-130,-1.5,6.3
2023,Timberwolves,Grizzlies,13-56,5-16,95.1 pts,101.0 pts,110.7 pts,109.8 pts,2 days,1 days,No,No,0 players,0 players,No,No,"1,029 miles",61%,68%,$3.6M,91%,29,FanDuel,6.0,210,5.5,-19.2
2024,Rockets,Nuggets,3-59,41-6,99.8 pts,105.1 pts,120.4 pts,108.0 pts,1 days,1 days,No,No,0 players,0 players,No,No,319 miles,58%,72%,$1.6M,80%,188,caesars,13.5,345,12.5,-15.6
2022,Pelicans,Lakers,18-15,4-19,107.5 pts,98.1 pts,112.7 pts,113.6 pts,1 days,2 days,No,No,1 players,1 players,No,No,"2,133 miles",54%,55%,$1.4M,94%,70,Caesars,-9.5,-287,-8.5,5.8
2024,Hornets,Cavaliers,28-11,13-14,111.5 pts,109.4 pts,109.8 pts,113.9 pts,3 days,2 days,No,No,0 players,0 players,No,Yes,"1,679 miles",56%,51%,$3.9M,89%,202,DraftKings,-11.0,-350,-11.5,6.2
2022,Blazers,Thunder,1-30,4-11,102.8 pts,104.3 pts,115.7 pts,110.3 pts,1 days,1 days,No,No,1 players,0 players,No,No,Unknown,49%,48%,$0.2M,74%,270,betmgm,5.5,232,5.5,-1.6
2023,Knicks,Magic,18-26,14-32,103.6 pts,109.0 pts,115.9 pts,113.6 pts,4 days,1 days,No,No,0 players,0 players,No,No,Unknown,28%,16%,$0.6M,100%,91,Caesars,-6.5,-220,-5.5,7.7
2024,Knicks,Hawks,9-12,42-22,105.7 pts,115.8 pts,107.5 pts,106.1 pts,0 days,0 days,Yes,Yes,Not Reported,0 players,No,No,411 miles,73%,77%,$4.8M,83%,39,Caesars,2.0,156,3.0,-14.3
2024,Hawks,Hornets,44-20,20-13,110.7 pts,112.0 pts,104.6 pts,107.7 pts,2 days,1 days,No,No,0 players,0 players,No,Yes,"2,317 miles",35%,39%,$0.5M,88%,162,betmgm,-9.0,-271,-8.0,4.6
2022,Warriors,Spurs,0-13,46-28,102.4 pts,107.7 pts,117.5 pts,111.2 pts,4 days,3 days,No,No,0 players,0 players,Yes,No,"2,294 miles",57%,54%,$0.9M,79%,217,fanduel,9.0,269,9.0,-14.8
2021,Celtics,Pelicans,8-4,17-12,109.0 pts,108.2 pts,110.3 pts,115.5 pts,0 days,4 days,Yes,No,Not Reported,2 players,No,No,"2,068 miles",45%,21%,$1.6M,98%,354,DraftKings,-8.0,-279,-8.0,0.5
2023,Bulls,Clippers,3-10,27-22,107.1 pts,107.4 pts,113.4 pts,110.6 pts,2 days,3 days,No,No,0 players,2 players,No,No,"1,701 miles",36%,26%,$0.5M,99%,377,BetMGM,-0.5,121,1.0,-10.7
2022,Warriors,Knicks,3-46,19-28,106.9 pts,108.3 pts,116.0 pts,115.6 pts,1 days,0 days,No,Yes,0 players,Not Reported,No,Yes,"2,371 miles",28%,16%,$1.4M,77%,163,Caesars,-5.5,-209,-5.0,7.9
2021,Hawks,Heat,50-14,26-29,112.1 pts,108.2 pts,113.0 pts,112.7 pts,2 days,1 days,No,No,Not Reported,0 players,No,No,"2,235 miles",71%,77%,$1.2M,89%,209,BetMGM,-5.5,-286,-8.0,7.6
2024,Celtics,Pelicans,17-14,14-21,105.1 pts,104.1 pts,113.7 pts,112.5 pts,3 days,2 days,No,No,1 players,0 players,Yes,No,"1,983 miles",53%,39%,$0.8M,83%,321,DraftKings,1.5,141,2.0,-19.7
2021,Celtics,Knicks,35-28,27-19,103.9 pts,103.7 pts,109.7 pts,106.0 pts,1 days,1 days,No,No,0 players,0 players,No,No,"2,176 miles",79%,78%,$2.2M,87%,91,Caesars,-2.0,-188,-3.5,0.2
2022,Mavericks,Rockets,23-30,1-16,109.6 pts,98.4 pts,104.9 pts,115.8 pts,3 days,3 days,No,No,1 players,1 players,No,No,835 miles,45%,31%,$1.5M,90%,153,Caesars,-18.5,-527,-18.5,16.5
2022,Hawks,Grizzlies,17-6,15-25,112.1 pts,105.2 pts,107.2 pts,113.6 pts,2 days,2 days,No,No,1 players,0 players,No,Yes,"1,141 miles",38%,28%,$1.8M,79%,189,DRAFTKINGS,-12.0,-347,-11.0,17.5
2022,Raptors,Spurs,19-43,33-25,104.8 pts,111.2 pts,110.6 pts,107.6 pts,2 days,3 days,No,No,0 players,0 players,No,No,570 miles,45%,49%,$2.1M,78%,81,Caesars,0.5,-115,0.0,-2.6
2021,Warriors,76ers,0-15,9-33,106.3 pts,103.7 pts,113.8 pts,108.9 pts,4 days,1 days,No,No,0 players,Not Reported,No,No,735 miles,67%,86%,$0.5M,72%,248,draftkings,-2.5,-162,-2.5,26.7
2023,Nuggets,Bulls,55-15,9-40,111.5 pts,108.4 pts,105.8 pts,113.3 pts,1 days,3 days,No,No,2 players,0 players,No,No,"2,442 miles",42%,30%,$0.8M,74%,124,betmgm,-9.0,-289,-8.0,-1.8
2024,Bucks,Mavericks,8-13,15-17,103.0 pts,107.9 pts,117.3 pts,114.5 pts,3 days,0 days,No,Yes,0 players,0 players,Yes,Yes,Unknown,34%,26%,$1.0M,89%,200,DRAFTKINGS,-0.5,121,1.0,14.4
2023,Mavericks,Knicks,24-25,18-25,106.7 pts,110.4 pts,105.8 pts,105.2 pts,1 days,3 days,No,No,0 players,1 players,No,No,Unknown,55%,67%,$1.5M,88%,107,fanduel,-2.0,-166,-2.5,4.0
2021,Bucks,Knicks,11-28,10-23,106.5 pts,108.7 pts,114.3 pts,107.1 pts,1 days,1 days,No,No,0 players,Not Reported,No,No,298 miles,66%,63%,$1.0M,90%,293,Caesars,2.0,132,1.5,-11.5
2024,Nuggets,Wizards,33-6,33-32,115.6 pts,115.6 pts,110.6 pts,113.8 pts,3 days,1 days,No,No,0 players,1 players,No,No,114 miles,51%,74%,$2.3M,98%,38,BetMGM,-8.0,-326,-10.0,19.8
2022,Mavericks,76ers,16-21,2-8,104.0 pts,97.4 pts,109.0 pts,110.4 pts,2 days,3 days,No,No,0 players,1 players,No,No,"1,996 miles",50%,83%,$0.7M,79%,149,fanduel,-12.5,-406,-14.0,-4.8
2024,Blazers,Lakers,2-24,5-35,101.3 pts,98.7 pts,114.2 pts,113.7 pts,2 days,4 days,No,No,Not Reported,Not Reported,No,No,"1,555 miles",66%,59%,$0.5M,84%,123,DRAFTKINGS,-3.0,-141,-2.0,25.3
2021,Grizzlies,Hawks,11-7,29-9,107.7 pts,108.0 pts,112.6 pts,108.2 pts,1 days,4 days,No,No,1 players,0 players,No,No,274 miles,38%,50%,$2.6M,100%,27,fanduel,7.0,252,7.0,7.5
2024,Grizzlies,76ers,18-40,3-14,107.5 pts,102.2 pts,116.5 pts,116.3 pts,0 days,3 days,Yes,No,2 players,0 players,No,No,Unknown,49%,39%,$1.6M,97%,277,fanduel,-2.5,-148,-2.0,0.0
2021,Suns,Rockets,40-16,6-41,115.0 pts,97.1 pts,106.4 pts,119.7 pts,3 days,4 days,No,No,0 players,1 players,No,No,"1,101 miles",55%,49%,$0.3M,73%,305,betmgm,-27.0,-642,-25.0,29.0
2024,Pacers,Timberwolves,26-45,12-59,110.9 pts,101.9 pts,110.9 pts,112.7 pts,1 days,1 days,No,No,0 players,0 players,No,No,"2,089 miles",34%,35%,$4.5M,84%,123,betmgm,-11.0,-331,-11.0,-15.1
2024,Kings,Jazz,9-12,5-38,110.8 pts,110.3 pts,106.5 pts,117.5 pts,1 days,2 days,No,No,2 players,0 players,No,No,"2,271 miles",50%,62%,$1.1M,93%,27,caesars,-10.5,-323,-10.0,-0.6
2021,Jazz,Clippers,5-29,14-31,102.2 pts,110.3 pts,118.6 pts,111.9 pts,1 days,0 days,No,Yes,0 players,0 players,No,No,"1,382 miles",38%,40%,$0.5M,78%,22,DraftKings,6.0,228,6.0,3.5
2024,Thunder,Jazz,11-19,7-40,98.9 pts,95.6 pts,114.0 pts,112.5 pts,0 days,3 days,Yes,No,0 players,0 players,No,No,"2,466 miles",17%,47%,$2.3M,92%,235,BetMGM,-7.5,-250,-7.5,10.2
2021,Pistons,Mavericks,44-2,25-34,113.4 pts,113.5 pts,99.4 pts,106.0 pts,4 days,3 days,No,No,4 players,2 players,No,No,"1,445 miles",70%,84%,$0.4M,100%,112,FanDuel,-12.5,-358,-12.0,1.0
2023,Blazers,Celtics,1-39,12-12,95.4 pts,114.0 pts,121.1 pts,105.7 pts,2 days,2 days,No,No,2 players,1 players,No,No,"1,432 miles",41%,52%,$0.4M,95%,399,DRAFTKINGS,19.5,484,19.5,-38.6
2023,Warriors,Spurs,3-28,10-13,93.6 pts,106.2 pts,120.0 pts,107.5 pts,1 days,1 days,No,No,1 players,0 players,No,No,972 miles,51%,35%,$1.9M,97%,285,FanDuel,13.5,390,14.5,-37.1
2022,Pacers,Mavericks,6-25,26-22,111.0 pts,107.7 pts,107.7 pts,116.7 pts,3 days,3 days,No,No,0 players,3 players,No,No,930 miles,47%,47%,$1.1M,74%,16,fanduel,-8.5,-252,-7.0,7.9
2021,76ers,Magic,9-30,8-31,105.6 pts,104.9 pts,117.7 pts,109.5 pts,0 days,2 days,Yes,No,2 players,0 players,No,No,Unknown,58%,59%,$1.9M,100%,334,caesars,2.5,131,1.5,-5.2
2024,Pelicans,Heat,12-3,25-29,103.3 pts,113.6 pts,107.9 pts,110.4 pts,2 days,2 days,No,No,1 players,0 players,No,No,"1,362 miles",20%,25%,$1.4M,100%,326,DRAFTKINGS,0.5,-118,-0.5,-8.7
2024,Clippers,Pacers,7-9,15-45,109.5 pts,110.2 pts,111.6 pts,111.0 pts,0 days,1 days,Yes,No,1 players,Not Reported,No,No,"2,439 miles",46%,52%,$1.7M,74%,349,BetMGM,-7.0,-269,-8.0,5.1
2023,Heat,76ers,13-11,13-53,110.0 pts,99.8 pts,113.3 pts,117.5 pts,1 days,4 days,No,No,1 players,2 players,No,No,"2,039 miles",53%,30%,$0.3M,99%,244,FanDuel,-12.5,-358,-12.0,13.9
2023,Celtics,Thunder,20-7,18-29,102.5 pts,102.1 pts,116.2 pts,106.3 pts,2 days,4 days,No,No,0 players,Not Reported,No,No,"1,810 miles",67%,80%,$0.3M,80%,239,FanDuel,-3.0,-189,-4.5,4.3
2024,Warriors,Clippers,6-49,26-32,100.0 pts,111.5 pts,120.1 pts,111.9 pts,4 days,1 days,No,No,2 players,1 players,No,Yes,"1,245 miles",59%,41%,$0.6M,78%,199,FanDuel,7.0,258,8.5,-8.3
2024,76ers,Pacers,10-30,8-4,105.4 pts,104.2 pts,113.3 pts,112.4 pts,0 days,1 days,Yes,No,Not Reported,Not Reported,Yes,No,"2,079 miles",56%,51%,$3.2M,72%,329,DraftKings,-3.0,-185,-3.5,2.7
2021,Hawks,Knicks,9-1,13-19,114.6 pts,105.4 pts,107.2 pts,112.1 pts,1 days,4 days,No,No,1 players,0 players,No,No,"1,267 miles",41%,39%,$0.7M,95%,213,CAESARS,-7.0,-279,-8.5,6.3
2023,Kings,Hawks,13-10,43-21,110.3 pts,113.7 pts,114.2 pts,110.6 pts,2 days,2 days,No,No,0 players,1 players,No,No,"1,317 miles",42%,43%,$1.7M,80%,242,FanDuel,2.5,162,3.0,-2.9
2023,Pistons,Pelicans,24-3,34-26,112.5 pts,109.9 pts,101.1 pts,114.1 pts,2 days,0 days,No,Yes,0 players,1 players,No,No,"1,019 miles",65%,54%,$1.4M,93%,151,CAESARS,-18.5,-514,-18.0,12.6
2021,Bulls,Jazz,1-14,3-19,101.5 pts,105.3 pts,119.7 pts,107.9 pts,4 days,2 days,No,No,0 players,0 players,No,Yes,962 miles,61%,65%,$1.4M,75%,267,fanduel,-0.5,-121,-0.5,21.2
2022,Bulls,Raptors,21-50,13-24,103.1 pts,100.7 pts,115.1 pts,105.6 pts,2 days,2 days,No,No,Not Reported,0 players,Yes,No,595 miles,38%,42%,$3.1M,96%,257,FanDuel,5.5,214,5.0,-10.6
2022,Grizzlies,Raptors,25-30,19-38,111.2 pts,103.4 pts,113.4 pts,108.2 pts,3 days,1 days,No,No,4 players,0 players,No,No,319 miles,37%,48%,$0.3M,83%,45,fanduel,0.0,-125,-1.0,13.4
2021,Hornets,Cavaliers,34-10,21-25,112.3 pts,102.1 pts,107.2 pts,114.1 pts,1 days,3 days,No,No,0 players,2 players,No,No,"2,492 miles",52%,66%,$1.2M,79%,293,fanduel,-10.0,-321,-10.0,6.7
2022,Heat,Bulls,26-13,9-43,106.0 pts,107.7 pts,107.8 pts,113.1 pts,0 days,3 days,Yes,No,1 players,0 players,No,Yes,"1,980 miles",26%,33%,$2.6M,97%,107,Caesars,-8.5,-293,-9.5,17.8
2022,Pacers,76ers,21-39,13-32,109.1 pts,101.8 pts,109.6 pts,111.5 pts,1 days,2 days,No,No,0 players,1 players,No,No,304 miles,67%,56%,$2.1M,80%,179,betmgm,-7.0,-223,-6.0,-11.5
2024,Mavericks,Raptors,12-6,13-42,108.3 pts,98.9 pts,109.8 pts,108.7 pts,0 days,2 days,Yes,No,0 players,0 players,No,No,"1,395 miles",57%,44%,$0.7M,79%,19,BetMGM,-8.0,-251,-7.0,-16.7
2021,Cavaliers,Blazers,51-23,1-38,109.2 pts,104.8 pts,104.4 pts,116.4 pts,1 days,1 days,No,No,0 players,1 players,No,No,"1,893 miles",77%,59%,$0.3M,100%,344,FanDuel,-17.0,-469,-16.5,8.3
2022,Spurs,Clippers,39-15,26-38,105.5 pts,109.9 pts,111.1 pts,109.0 pts,1 days,0 days,No,Yes,1 players,0 players,No,No,392 miles,38%,39%,$0.8M,93%,370,FanDuel,-1.0,-140,-2.0,0.8
2024,Clippers,Nets,15-24,20-18,109.4 pts,107.5 pts,102.4 pts,106.3 pts,1 days,1 days,No,No,1 players,0 players,No,No,"1,756 miles",69%,60%,$0.5M,82%,322,CAESARS,-0.5,-130,-1.0,24.3
2021,Pistons,Wizards,19-4,39-30,115.3 pts,101.3 pts,106.1 pts,105.7 pts,1 days,1 days,No,No,0 players,0 players,No,No,"1,720 miles",67%,82%,$0.2M,81%,35,DraftKings,-14.0,-395,-14.0,21.3
2024,Bulls,Timberwolves,15-49,9-60,102.9 pts,97.4 pts,112.8 pts,119.1 pts,1 days,2 days,No,No,0 players,0 players,Yes,No,Unknown,44%,30%,$2.3M,92%,381,fanduel,-9.5,-305,-9.5,17.5
2024,Heat,Wizards,21-18,24-21,102.7 pts,100.4 pts,106.6 pts,113.8 pts,2 days,2 days,No,No,1 players,1 players,No,No,"1,627 miles",49%,41%,$3.4M,98%,10,fanduel,-1.0,-95,-0.5,-15.7
2021,Mavericks,Rockets,11-9,2-61,108.6 pts,92.0 pts,110.5 pts,120.6 pts,4 days,1 days,No,No,0 players,0 players,Yes,No,"1,124 miles",39%,21%,$0.5M,90%,125,CAESARS,-21.5,-608,-23.0,35.6
2022,Heat,Clippers,20-7,8-21,104.0 pts,105.1 pts,110.0 pts,108.3 pts,0 days,3 days,Yes,No,2 players,1 players,No,No,324 miles,54%,43%,$1.0M,90%,293,fanduel,-3.0,-167,-3.0,-12.1
2024,Jazz,Blazers,10-53,1-55,97.7 pts,99.1 pts,114.7 pts,117.4 pts,3 days,4 days,No,No,1 players,Not Reported,No,No,340 miles,52%,62%,$2.2M,85%,364,BetMGM,-5.5,-256,-7.0,9.3
2022,Hawks,Raptors,29-11,25-39,111.8 pts,102.5 pts,114.9 pts,109.6 pts,1 days,2 days,No,No,0 players,0 players,No,No,"2,280 miles",40%,41%,$1.9M,92%,14,Caesars,-9.0,-279,-8.5,-13.2
2021,Heat,Pelicans,40-31,33-33,109.4 pts,103.2 pts,111.8 pts,113.9 pts,3 days,2 days,No,No,1 players,2 players,Yes,No,"1,803 miles",25%,23%,$1.6M,100%,91,Caesars,-3.5,-174,-3.0,7.6
2023,Blazers,Clippers,3-33,12-30,106.6 pts,102.6 pts,111.3 pts,111.9 pts,1 days,4 days,No,No,0 players,1 players,No,No,"1,217 miles",50%,31%,$0.4M,84%,150,DRAFTKINGS,-1.0,127,1.0,-0.8
2021,Blazers,Kings,7-34,30-22,98.4 pts,108.8 pts,120.6 pts,109.5 pts,0 days,1 days,Yes,No,Not Reported,0 players,No,No,674 miles,75%,93%,$2.4M,89%,8,draftkings,14.5,361,13.5,-1.8
2024,Magic,Pacers,6-22,10-31,98.8 pts,111.2 pts,113.9 pts,112.6 pts,2 days,2 days,No,No,0 players,0 players,No,No,203 miles,63%,67%,$1.1M,100%,128,BetMGM,1.0,123,1.0,8.0
2022,Knicks,Spurs,29-32,21-10,108.8 pts,115.7 pts,111.1 pts,114.5 pts,0 days,2 days,Yes,No,0 players,1 players,Yes,No,506 miles,44%,43%,$0.3M,81%,347,CAESARS,1.5,-128,-0.5,-16.3
2023,Clippers,Kings,32-31,7-10,105.4 pts,104.5 pts,105.4 pts,111.2 pts,1 days,2 days,No,No,0 players,1 players,No,No,"1,368 miles",56%,61%,$2.3M,77%,92,betmgm,-3.5,-155,-2.5,-0.5
2022,Timberwolves,Pelicans,6-38,30-34,97.8 pts,113.4 pts,112.1 pts,106.8 pts,1 days,0 days,No,Yes,0 players,0 players,No,No,"2,269 miles",40%,49%,$1.1M,81%,385,BetMGM,7.0,262,8.0,-4.5
2022,Grizzlies,Nets,15-10,36-23,107.9 pts,106.5 pts,112.6 pts,114.0 pts,1 days,3 days,No,No,0 players,0 players,No,No,370 miles,42%,63%,$0.7M,100%,7,BetMGM,-1.5,-147,-2.5,-9.7
2021,Hornets,Grizzlies,35-15,20-37,106.8 pts,103.4 pts,105.6 pts,111.1 pts,4 days,0 days,No,Yes,Not Reported,1 players,No,No,"1,158 miles",73%,77%,$5.6M,100%,171,CAESARS,-10.0,-347,-11.5,24.9
2024,Pacers,Wizards,0-14,10-24,105.3 pts,113.4 pts,107.6 pts,116.2 pts,0 days,1 days,Yes,No,1 players,Not Reported,No,No,"1,675 miles",69%,68%,$4.1M,81%,241,betmgm,0.5,119,0.5,-13.6
2022,Wizards,Suns,32-32,28-17,109.3 pts,108.3 pts,103.8 pts,107.2 pts,1 days,2 days,No,No,0 players,1 players,Yes,No,163 miles,56%,53%,$1.5M,85%,371,fanduel,0.0,-107,-0.5,7.9
2024,Bucks,Spurs,12-25,19-16,103.2 pts,102.2 pts,107.2 pts,106.3 pts,4 days,1 days,No,No,0 players,0 players,No,No,"1,078 miles",42%,36%,$4.6M,83%,369,DRAFTKINGS,-2.5,-154,-2.5,7.5
2022,Wizards,Pistons,17-9,64-10,111.6 pts,111.1 pts,110.0 pts,108.3 pts,1 days,1 days,No,No,0 players,1 players,Yes,No,78 miles,42%,66%,$0.4M,75%,265,fanduel,4.5,169,3.5,4.0
2024,Nets,76ers,42-14,8-32,108.8 pts,99.5 pts,106.1 pts,114.3 pts,0 days,4 days,Yes,No,1 players,0 players,No,No,"1,082 miles",43%,44%,$0.9M,100%,104,fanduel,-12.0,-349,-11.5,16.7
2023,Jazz,Warriors,7-42,2-21,104.7 pts,102.9 pts,115.0 pts,122.5 pts,3 days,2 days,No,No,1 players,0 players,No,No,677 miles,50%,32%,$3.1M,92%,133,Caesars,-8.0,-261,-8.0,-1.7
2021,Celtics,Nuggets,7-4,42-17,104.0 pts,111.7 pts,105.1 pts,104.7 pts,1 days,3 days,No,No,0 players,0 players,No,No,652 miles,22%,30%,$1.3M,96%,245,fanduel,5.5,224,6.0,-13.3
2022,Magic,Celtics,6-13,16-24,103.9 pts,108.4 pts,112.8 pts,113.5 pts,0 days,2 days,Yes,No,1 players,0 players,No,No,"2,152 miles",25%,45%,$0.2M,85%,378,CAESARS,3.5,198,4.0,-16.9
2022,Wizards,Cavaliers,21-18,34-30,107.0 pts,108.6 pts,106.1 pts,112.7 pts,1 days,1 days,No,No,0 players,0 players,No,No,"2,019 miles",26%,11%,$3.5M,61%,381,draftkings,-6.5,-240,-6.0,2.3
2023,Heat,Knicks,37-21,17-31,111.2 pts,107.8 pts,109.6 pts,104.7 pts,2 days,4 days,No,No,0 players,2 players,No,No,803 miles,48%,40%,$6.5M,84%,105,FanDuel,-5.5,-219,-5.5,-4.2
2024,Timberwolves,Heat,11-54,7-6,101.9 pts,109.0 pts,115.7 pts,112.0 pts,4 days,2 days,No,No,2 players,0 players,No,No,79 miles,51%,33%,$0.3M,93%,108,BetMGM,8.0,266,8.0,-18.2
2024,Cavaliers,Warriors,16-11,3-27,108.5 pts,102.3 pts,111.3 pts,114.6 pts,1 days,1 days,No,No,1 players,0 players,No,No,"1,773 miles",60%,46%,$0.7M,80%,363,BetMGM,-13.0,-430,-14.0,18.3
2022,Mavericks,Rockets,26-28,2-59,110.0 pts,94.1 pts,111.7 pts,116.0 pts,1 days,2 days,No,No,0 players,0 players,No,No,"1,596 miles",58%,46%,$0.3M,75%,27,draftkings,-17.5,-462,-16.5,28.0
2021,Rockets,Pistons,4-56,53-6,101.8 pts,110.1 pts,120.5 pts,109.9 pts,3 days,3 days,No,No,0 players,0 players,No,No,"1,150 miles",65%,42%,$2.2M,75%,255,CAESARS,18.0,467,18.5,-9.8
2023,Raptors,Knicks,21-30,24-19,107.8 pts,108.1 pts,113.7 pts,108.9 pts,1 days,3 days,No,No,1 players,0 players,No,No,333 miles,64%,59%,$1.6M,90%,49,DraftKings,-0.5,135,1.5,-6.4
2023,Lakers,Rockets,4-23,4-29,100.1 pts,101.1 pts,113.3 pts,116.1 pts,1 days,3 days,No,No,0 players,1 players,No,No,"1,403 miles",28%,5%,$0.5M,80%,3,FanDuel,-7.0,-267,-7.5,8.7
2022,Pelicans,Hornets,13-10,18-15,105.2 pts,109.3 pts,107.9 pts,109.5 pts,1 days,1 days,No,No,1 players,0 players,No,No,92 miles,78%,82%,$0.5M,78%,88,betmgm,0.0,-95,0.0,5.3
2021,Rockets,Celtics,1-15,13-9,92.5 pts,106.3 pts,123.6 pts,105.0 pts,1 days,1 days,No,No,0 players,1 players,No,No,"1,292 miles",61%,68%,$2.1M,88%,9,BetMGM,18.5,478,19.0,-34.2
2024,Spurs,Raptors,45-26,23-34,103.4 pts,109.2 pts,105.0 pts,108.6 pts,0 days,1 days,Yes,No,0 players,1 players,No,No,"2,225 miles",62%,52%,$0.4M,96%,350,Caesars,-6.0,-224,-5.5,6.0
2021,Suns,Grizzlies,12-2,18-36,105.1 pts,102.1 pts,109.6 pts,116.8 pts,2 days,1 days,No,No,0 players,1 players,No,No,620 miles,64%,84%,$1.9M,86%,317,fanduel,-14.5,-406,-14.5,10.9
2024,Blazers,Celtics,6-19,27-18,106.2 pts,109.8 pts,111.7 pts,106.5 pts,1 days,4 days,No,No,1 players,1 players,No,No,879 miles,68%,81%,$1.2M,85%,241,caesars,9.0,280,9.0,3.4
2024,Nets,Timberwolves,49-13,6-53,112.7 pts,90.8 pts,112.7 pts,115.9 pts,1 days,4 days,No,No,Not Reported,Not Reported,No,No,370 miles,79%,82%,$0.5M,77%,202,BetMGM,-15.0,-439,-15.5,-7.1
2021,Rockets,Blazers,0-38,6-58,99.4 pts,101.6 pts,114.3 pts,119.4 pts,3 days,2 days,No,No,0 players,0 players,Yes,No,505 miles,36%,40%,$2.2M,81%,246,Caesars,2.0,187,3.5,-17.5
2021,Wizards,Thunder,15-17,16-38,107.7 pts,104.3 pts,109.2 pts,112.8 pts,3 days,1 days,No,No,1 players,0 players,No,No,"2,487 miles",42%,40%,$1.0M,80%,110,DRAFTKINGS,-7.0,-246,-7.0,-17.5
2024,Hornets,Suns,46-24,7-4,105.1 pts,106.4 pts,109.4 pts,114.2 pts,0 days,4 days,Yes,No,0 players,0 players,Yes,No,336 miles,34%,34%,$5.8M,97%,397,DRAFTKINGS,-0.5,156,2.5,9.6
2024,Lakers,Mavericks,7-31,24-24,102.6 pts,110.0 pts,114.1 pts,115.9 pts,1 days,2 days,No,No,1 players,1 players,No,No,"2,259 miles",61%,46%,$0.7M,78%,150,BetMGM,5.0,200,5.0,1.4
2021,76ers,Nuggets,6-27,39-23,99.5 pts,111.4 pts,112.6 pts,101.0 pts,1 days,0 days,No,Yes,1 players,0 players,No,No,"1,427 miles",59%,67%,$8.6M,82%,7,CAESARS,12.5,361,13.0,-10.0
2023,Hawks,Raptors,43-11,6-13,109.7 pts,101.1 pts,107.2 pts,113.9 pts,0 days,2 days,Yes,No,1 players,0 players,No,No,96 miles,62%,56%,$1.5M,100%,92,caesars,-12.0,-387,-13.0,23.3
2021,Bulls,Rockets,16-53,0-30,106.1 pts,96.2 pts,120.6 pts,125.2 pts,1 days,2 days,No,No,1 players,2 players,No,Yes,"1,790 miles",22%,49%,$1.8M,99%,154,betmgm,-20.0,-580,-21.5,6.1
2022,Pacers,Bucks,14-25,11-37,103.5 pts,100.5 pts,106.7 pts,116.1 pts,4 days,3 days,No,No,0 players,2 players,No,No,669 miles,52%,53%,$4.4M,91%,97,fanduel,-5.0,-166,-3.0,16.7
2023,Blazers,Warriors,0-20,0-27,96.9 pts,105.5 pts,113.2 pts,118.1 pts,2 days,3 days,No,No,0 players,0 players,No,No,"1,863 miles",51%,65%,$3.1M,81%,256,caesars,-2.0,-149,-2.5,-21.4
2024,Pacers,Rockets,10-12,4-54,102.4 pts,99.9 pts,110.0 pts,124.3 pts,3 days,2 days,No,No,0 players,0 players,No,No,"1,163 miles",50%,50%,$0.4M,77%,320,FanDuel,-19.0,-482,-18.0,16.8
2023,Cavaliers,Hawks,9-11,34-15,110.1 pts,113.8 pts,109.9 pts,105.2 pts,2 days,3 days,No,No,1 players,0 players,No,No,609 miles,38%,54%,$1.1M,94%,196,DRAFTKINGS,2.0,123,1.5,-9.6
2022,Magic,Clippers,0-14,10-17,101.2 pts,107.3 pts,105.0 pts,113.2 pts,3 days,2 days,No,No,2 players,2 players,No,No,"2,403 miles",69%,89%,$5.5M,69%,279,betmgm,-3.0,-192,-4.5,-0.6
2021,Thunder,Knicks,20-34,11-20,103.5 pts,102.1 pts,112.6 pts,108.4 pts,2 days,2 days,No,No,0 players,0 players,No,Yes,"1,546 miles",58%,37%,$3.0M,63%,362,DRAFTKINGS,-6.5,-234,-6.0,12.9
2024,Heat,Blazers,21-16,2-32,109.8 pts,99.3 pts,114.2 pts,116.2 pts,1 days,2 days,No,No,0 players,1 players,No,No,"2,176 miles",47%,48%,$2.0M,95%,364,CAESARS,-17.0,-476,-17.0,30.3
2021,Pelicans,Blazers,35-23,2-36,107.1 pts,95.9 pts,113.0 pts,116.1 pts,1 days,2 days,No,No,0 players,0 players,No,No,"1,052 miles",53%,49%,$1.1M,74%,273,draftkings,-16.5,-469,-17.0,9.1
2021,Mavericks,76ers,14-22,13-40,111.5 pts,104.7 pts,111.5 pts,108.3 pts,4 days,4 days,No,No,0 players,0 players,No,No,397 miles,56%,59%,$1.0M,65%,26,fanduel,-7.5,-227,-6.0,2.2
2023,Bulls,Jazz,11-44,8-58,99.0 pts,99.2 pts,110.7 pts,118.2 pts,1 days,0 days,No,Yes,0 players,1 players,No,No,464 miles,57%,80%,$2.4M,74%,28,CAESARS,-9.5,-348,-11.0,18.2
2023,Celtics,Mavericks,28-27,6-9,113.3 pts,107.2 pts,112.8 pts,112.1 pts,0 days,2 days,Yes,No,2 players,0 players,No,No,80 miles,54%,52%,$1.4M,84%,189,DRAFTKINGS,-6.0,-244,-6.5,-11.0
2024,Jazz,Pelicans,12-55,23-37,104.1 pts,102.2 pts,116.7 pts,104.8 pts,3 days,4 days,No,No,1 players,0 players,No,No,232 miles,22%,30%,$4.1M,76%,302,CAESARS,6.5,223,6.5,-8.2
2023,Thunder,Magic,14-28,1-15,107.4 pts,105.7 pts,114.0 pts,117.4 pts,2 days,0 days,No,Yes,Not Reported,1 players,No,No,747 miles,71%,83%,$0.6M,75%,6,caesars,-10.0,-334,-10.0,12.3
2024,Knicks,Wizards,15-24,14-17,109.2 pts,111.0 pts,110.7 pts,105.6 pts,2 days,1 days,No,No,1 players,0 players,No,Yes,"2,129 miles",87%,95%,$0.8M,83%,251,betmgm,-6.0,-252,-6.5,-2.9
2024,Blazers,Magic,0-63,9-47,107.3 pts,105.1 pts,116.0 pts,115.9 pts,3 days,2 days,No,No,1 players,0 players,No,No,307 miles,66%,67%,$2.8M,95%,316,FanDuel,2.5,175,3.0,-1.8
2021,Jazz,Grizzlies,2-37,18-50,102.9 pts,105.8 pts,112.7 pts,99.1 pts,3 days,1 days,No,No,2 players,0 players,No,No,527 miles,51%,62%,$1.1M,87%,283,Caesars,5.5,192,4.5,-15.1
2021,Magic,Hawks,13-42,8-2,103.9 pts,106.3 pts,110.8 pts,103.9 pts,0 days,2 days,Yes,No,0 players,1 players,No,No,"1,147 miles",64%,69%,$0.6M,91%,128,CAESARS,5.5,185,4.0,3.2
2024,Knicks,Hawks,8-10,9-2,105.1 pts,107.1 pts,101.3 pts,110.4 pts,2 days,2 days,No,No,1 players,0 players,Yes,No,"1,372 miles",80%,83%,$1.7M,91%,215,DraftKings,-3.5,-198,-4.5,-2.5
2022,Hornets,Heat,20-11,9-7,114.3 pts,109.0 pts,106.2 pts,103.3 pts,1 days,1 days,No,No,0 players,3 players,Yes,No,"1,754 miles",70%,57%,$1.5M,82%,90,DraftKings,-4.0,-158,-3.0,-9.1
2023,Hornets,Wizards,41-10,23-24,108.9 pts,110.4 pts,110.2 pts,107.1 pts,1 days,2 days,No,No,0 players,1 players,No,No,"1,347 miles",38%,45%,$2.9M,100%,3,caesars,-3.5,-140,-2.0,27.9
2021,76ers,Rockets,20-47,0-28,105.4 pts,96.3 pts,110.6 pts,124.1 pts,4 days,3 days,No,No,0 players,0 players,No,No,"1,544 miles",53%,53%,$3.8M,90%,341,betmgm,-19.5,-537,-19.5,16.4
2024,Spurs,Grizzlies,43-25,12-30,105.2 pts,102.1 pts,110.4 pts,106.3 pts,0 days,3 days,Yes,No,0 players,2 players,No,No,"1,860 miles",44%,19%,$0.4M,86%,295,betmgm,-8.0,-264,-7.5,-14.3
2021,Hornets,Rockets,44-18,3-39,109.7 pts,91.4 pts,102.5 pts,123.3 pts,1 days,3 days,No,No,0 players,0 players,Yes,No,124 miles,49%,41%,$0.3M,77%,50,Caesars,-23.5,-611,-23.0,23.1
2022,Wizards,Lakers,24-16,7-55,109.1 pts,108.3 pts,109.7 pts,116.2 pts,2 days,1 days,No,No,1 players,0 players,No,No,624 miles,66%,68%,$1.8M,79%,100,draftkings,-9.5,-272,-7.5,14.2
2021,Warriors,Thunder,3-41,9-10,102.5 pts,102.8 pts,109.6 pts,107.7 pts,2 days,1 days,No,No,0 players,0 players,No,No,866 miles,76%,88%,$1.0M,73%,360,Caesars,1.5,137,1.5,1.8
2023,Hornets,Suns,26-10,6-6,104.0 pts,108.9 pts,108.0 pts,106.0 pts,1 days,1 days,No,No,0 players,1 players,No,No,"1,384 miles",60%,58%,$1.8M,100%,147,DRAFTKINGS,-4.5,-205,-5.0,2.7
2022,Pacers,Magic,32-27,19-55,102.9 pts,109.3 pts,114.8 pts,110.9 pts,1 days,3 days,No,No,1 players,1 players,No,No,"2,040 miles",42%,65%,$0.3M,90%,63,CAESARS,-2.5,-133,-1.5,13.7
2021,76ers,Rockets,7-29,1-40,106.1 pts,102.4 pts,114.4 pts,121.2 pts,4 days,3 days,No,No,1 players,1 players,No,No,417 miles,59%,45%,$1.2M,92%,195,DRAFTKINGS,-11.0,-342,-11.5,12.3
2021,Nets,Knicks,19-14,22-39,108.4 pts,108.5 pts,108.5 pts,112.5 pts,0 days,2 days,Yes,No,0 players,0 players,No,No,76 miles,34%,44%,$1.2M,74%,55,draftkings,-4.0,-159,-2.5,7.1
2021,Magic,Hawks,10-31,46-24,100.2 pts,104.0 pts,116.5 pts,108.1 pts,2 days,1 days,No,No,1 players,2 players,No,No,"1,810 miles",59%,61%,$0.7M,83%,344,BetMGM,10.0,320,11.5,-1.9
2021,Magic,Knicks,9-33,18-32,107.3 pts,109.2 pts,114.6 pts,105.3 pts,1 days,4 days,No,No,0 players,2 players,No,No,"2,344 miles",34%,38%,$2.6M,75%,92,BetMGM,2.5,144,2.5,-12.0
2021,Bucks,76ers,6-19,3-34,105.7 pts,107.4 pts,109.8 pts,109.9 pts,1 days,1 days,No,No,Not Reported,1 players,Yes,Yes,"1,642 miles",55%,75%,$4.8M,100%,214,DraftKings,-4.0,-211,-5.0,-0.2
2023,Kings,Timberwolves,18-15,3-32,109.4 pts,98.8 pts,110.5 pts,115.6 pts,2 days,1 days,No,No,0 players,0 players,Yes,No,"1,639 miles",58%,60%,$0.2M,81%,226,draftkings,-7.0,-243,-6.5,24.6
2024,Clippers,Mavericks,27-19,17-33,110.1 pts,111.1 pts,111.3 pts,109.7 pts,2 days,0 days,No,Yes,1 players,0 players,Yes,Yes,"1,781 miles",31%,32%,$1.9M,90%,14,FanDuel,-1.0,-117,-1.0,4.2
2024,Rockets,Bucks,0-12,18-45,99.4 pts,107.6 pts,118.7 pts,109.5 pts,1 days,0 days,No,Yes,1 players,2 players,No,No,444 miles,22%,24%,$0.3M,87%,363,betmgm,8.0,284,9.0,-14.0
2022,76ers,Nuggets,11-51,26-12,102.1 pts,115.5 pts,112.3 pts,106.4 pts,4 days,0 days,No,Yes,0 players,2 players,No,No,894 miles,67%,70%,$3.1M,54%,73,FanDuel,6.5,242,7.0,-15.8
2022,Blazers,Pacers,1-39,18-26,100.7 pts,100.2 pts,117.7 pts,112.3 pts,1 days,3 days,No,No,1 players,1 players,No,No,134 miles,53%,44%,$2.6M,69%,365,CAESARS,2.0,143,2.0,-17.2
2021,Blazers,Magic,1-46,4-56,99.1 pts,107.4 pts,114.1 pts,114.8 pts,1 days,4 days,No,No,0 players,1 players,No,No,"2,065 miles",53%,60%,$0.3M,100%,279,DRAFTKINGS,2.5,149,2.5,-10.7
2024,Kings,Warriors,10-4,1-37,110.2 pts,96.8 pts,109.1 pts,117.4 pts,2 days,2 days,No,No,1 players,1 players,No,No,428 miles,65%,81%,$3.1M,80%,171,draftkings,-15.0,-478,-17.0,47.6
2022,Pistons,Nuggets,66-7,55-16,108.0 pts,112.0 pts,107.3 pts,109.1 pts,1 days,0 days,No,Yes,2 players,1 players,No,No,"1,835 miles",28%,37%,$3.2M,83%,45,fanduel,-3.5,-177,-3.0,-27.2
2024,Grizzlies,Raptors,14-31,9-25,112.2 pts,109.3 pts,113.2 pts,108.9 pts,0 days,4 days,Yes,No,0 players,0 players,Yes,No,212 miles,72%,65%,$1.2M,82%,328,draftkings,3.0,147,2.0,-12.2
2021,Bulls,Pelicans,6-26,31-38,111.3 pts,110.4 pts,113.4 pts,101.8 pts,0 days,1 days,Yes,No,0 players,0 players,No,No,717 miles,49%,55%,$1.6M,81%,88,DraftKings,6.5,228,6.5,6.2
2021,Rockets,Thunder,3-55,9-8,91.9 pts,103.3 pts,117.7 pts,113.2 pts,1 days,0 days,No,Yes,1 players,0 players,No,No,"1,243 miles",95%,92%,$1.3M,78%,381,CAESARS,10.5,266,9.5,4.1
2023,Thunder,Nuggets,4-8,30-10,107.6 pts,112.9 pts,106.7 pts,108.5 pts,1 days,2 days,No,No,0 players,2 players,No,No,802 miles,57%,72%,$0.9M,82%,66,draftkings,0.0,122,1.5,13.3
2021,Suns,Pacers,27-17,15-33,106.0 pts,104.1 pts,110.2 pts,108.7 pts,0 days,1 days,Yes,No,2 players,0 players,No,No,977 miles,73%,87%,$0.7M,86%,115,DraftKings,-1.0,-153,-2.0,8.0
2023,Wizards,Celtics,29-27,6-5,106.9 pts,112.1 pts,112.6 pts,107.0 pts,2 days,1 days,No,No,1 players,0 players,No,No,684 miles,38%,36%,$0.7M,77%,218,DRAFTKINGS,1.5,116,1.5,-6.8
2021,Knicks,Pelicans,6-5,24-15,105.0 pts,106.0 pts,110.8 pts,112.2 pts,1 days,1 days,No,No,Not Reported,0 players,No,No,"2,060 miles",75%,53%,$1.9M,87%,286,DRAFTKINGS,-2.5,-180,-3.5,1.4
2023,Nuggets,Pelicans,53-14,21-27,110.1 pts,104.9 pts,107.1 pts,111.8 pts,2 days,0 days,No,Yes,Not Reported,0 players,No,No,"2,059 miles",31%,47%,$2.9M,100%,205,betmgm,-12.0,-369,-12.0,-1.0
2021,Hawks,Wizards,18-6,11-8,112.8 pts,101.7 pts,111.5 pts,110.8 pts,2 days,2 days,No,No,1 players,0 players,Yes,No,404 miles,52%,70%,$2.0M,90%,107,FanDuel,-3.0,-115,-0.5,-20.1
2021,Knicks,Grizzlies,24-31,14-26,105.8 pts,110.8 pts,109.7 pts,106.4 pts,1 days,1 days,No,No,1 players,1 players,No,Yes,976 miles,51%,81%,$1.7M,82%,107,fanduel,-1.5,-118,-1.5,21.8
2021,Rockets,Grizzlies,1-10,21-50,94.0 pts,104.3 pts,118.6 pts,119.6 pts,0 days,2 days,Yes,No,1 players,0 players,No,No,"2,232 miles",47%,44%,$1.2M,70%,105,BetMGM,8.5,255,8.0,-30.2
2021,Spurs,Heat,48-22,34-29,114.0 pts,110.1 pts,103.8 pts,107.9 pts,2 days,3 days,No,No,0 players,0 players,No,No,"1,621 miles",25%,35%,$2.4M,74%,141,BetMGM,-4.0,-175,-3.0,14.8
2022,Clippers,Cavaliers,18-13,37-27,105.9 pts,112.5 pts,106.7 pts,112.9 pts,2 days,2 days,No,No,1 players,2 players,Yes,No,662 miles,56%,67%,$1.8M,82%,36,betmgm,0.0,-110,0.0,5.8
2023,Lakers,Bucks,3-8,4-16,100.4 pts,109.2 pts,119.3 pts,116.9 pts,1 days,4 days,No,No,0 players,1 players,Yes,No,"1,883 miles",50%,48%,$0.4M,85%,256,fanduel,2.5,147,2.5,13.3
2021,Warriors,Spurs,3-55,21-19,98.6 pts,113.1 pts,117.0 pts,111.4 pts,2 days,1 days,No,No,0 players,1 players,No,Yes,379 miles,46%,43%,$2.2M,90%,168,fanduel,10.0,304,10.0,10.0
2023,Knicks,Timberwolves,16-16,2-22,104.4 pts,100.0 pts,108.8 pts,113.8 pts,1 days,0 days,No,Yes,0 players,0 players,No,No,184 miles,33%,42%,$0.6M,86%,218,betmgm,-12.5,-385,-13.0,14.5
2023,Knicks,Warriors,25-37,2-15,107.6 pts,95.9 pts,106.9 pts,115.7 pts,3 days,2 days,No,No,1 players,1 players,No,No,"1,353 miles",85%,95%,$0.6M,85%,399,BetMGM,-16.5,-449,-16.0,3.0
2023,Nets,Magic,22-16,15-30,112.4 pts,107.0 pts,107.9 pts,109.8 pts,0 days,0 days,Yes,Yes,0 players,0 players,No,No,341 miles,27%,34%,$1.6M,100%,189,FanDuel,-10.0,-304,-9.0,-8.6
2024,Heat,Raptors,26-25,18-40,109.8 pts,108.3 pts,113.1 pts,112.1 pts,1 days,4 days,No,No,Not Reported,0 players,No,No,"1,827 miles",43%,41%,$1.8M,94%,393,draftkings,-4.5,-214,-5.5,13.2
2021,Pistons,Wizards,47-3,11-14,114.1 pts,111.5 pts,106.0 pts,110.8 pts,1 days,1 days,No,No,0 players,0 players,No,No,"1,101 miles",45%,51%,$0.8M,76%,50,DraftKings,-14.0,-419,-14.0,28.3
2022,Warriors,Nuggets,5-49,10-4,95.5 pts,116.8 pts,118.3 pts,114.5 pts,2 days,0 days,No,Yes,0 players,0 players,Yes,No,74 miles,62%,60%,$0.6M,91%,312,Caesars,19.0,509,20.0,-38.0
2023,Raptors,Spurs,7-18,33-33,106.8 pts,108.9 pts,114.4 pts,107.3 pts,1 days,2 days,No,No,0 players,0 players,No,No,"1,075 miles",55%,39%,$0.7M,80%,57,CAESARS,2.0,136,2.0,-3.2
2024,Cavaliers,Clippers,14-10,18-51,111.4 pts,105.2 pts,104.0 pts,113.0 pts,1 days,1 days,No,No,0 players,0 players,No,No,"1,342 miles",53%,60%,$1.7M,76%,362,caesars,-12.5,-360,-12.0,14.6
2021,Warriors,Suns,2-10,46-25,94.0 pts,104.3 pts,114.0 pts,110.0 pts,2 days,3 days,No,No,1 players,0 players,No,No,714 miles,41%,16%,$0.8M,96%,265,caesars,12.0,313,10.5,-24.5
2021,Bucks,Rockets,9-6,0-19,104.7 pts,95.9 pts,121.4 pts,119.6 pts,1 days,1 days,No,No,0 players,0 players,No,No,"1,618 miles",34%,21%,$1.0M,99%,304,FanDuel,-14.0,-403,-14.0,14.6
2021,Grizzlies,Bulls,15-25,7-33,102.9 pts,106.9 pts,108.7 pts,121.7 pts,1 days,2 days,No,No,0 players,1 players,No,No,992 miles,36%,48%,$0.4M,100%,349,fanduel,-8.0,-303,-9.5,23.6
2023,Suns,Bucks,8-6,16-26,105.2 pts,101.3 pts,104.0 pts,116.4 pts,4 days,1 days,No,No,2 players,0 players,Yes,No,444 miles,28%,22%,$0.9M,97%,256,FanDuel,-10.5,-333,-10.5,4.2
2023,Jazz,Celtics,5-33,15-13,100.6 pts,106.5 pts,115.7 pts,111.8 pts,1 days,1 days,No,No,0 players,0 players,No,No,Unknown,28%,30%,$0.7M,86%,210,DRAFTKINGS,4.5,191,5.0,-4.6
2021,Thunder,Jazz,27-37,14-56,103.1 pts,100.1 pts,112.5 pts,111.1 pts,3 days,0 days,No,Yes,0 players,0 players,No,No,470 miles,69%,70%,$0.9M,89%,369,FanDuel,-3.0,-163,-3.5,0.4
2023,Raptors,Timberwolves,19-12,5-27,100.9 pts,105.8 pts,120.3 pts,113.0 pts,2 days,3 days,No,No,0 players,0 players,No,No,"1,487 miles",62%,50%,$1.8M,82%,344,draftkings,-4.5,-170,-3.0,9.8
2023,Hornets,Pistons,30-9,55-5,109.7 pts,118.3 pts,106.2 pts,101.9 pts,3 days,3 days,No,No,1 players,1 players,No,No,"1,032 miles",46%,44%,$7.4M,82%,382,BetMGM,8.5,284,8.5,-27.9
2023,Knicks,Clippers,29-40,25-34,106.1 pts,108.9 pts,111.5 pts,113.2 pts,4 days,0 days,No,Yes,Not Reported,0 players,No,No,290 miles,31%,44%,$2.1M,92%,129,DraftKings,-2.5,-144,-2.0,27.6
2023,Knicks,Wizards,17-25,8-5,108.5 pts,110.5 pts,113.4 pts,104.3 pts,2 days,3 days,No,No,1 players,0 players,No,No,697 miles,45%,51%,$0.5M,95%,369,BetMGM,4.0,195,4.5,-9.0
2021,Celtics,Spurs,15-14,15-16,109.8 pts,105.6 pts,108.5 pts,109.8 pts,1 days,1 days,No,No,1 players,0 players,No,No,"1,635 miles",44%,31%,$0.3M,79%,49,draftkings,-5.5,-195,-4.5,5.6
2021,Clippers,Thunder,20-19,6-17,105.1 pts,112.3 pts,105.4 pts,115.1 pts,2 days,3 days,No,No,1 players,0 players,No,No,595 miles,69%,68%,$2.3M,88%,368,Caesars,-2.5,-142,-2.5,-8.7
2021,Warriors,Rockets,6-50,5-56,101.3 pts,103.5 pts,118.1 pts,115.4 pts,3 days,2 days,No,No,1 players,0 players,No,No,"2,018 miles",53%,60%,$2.5M,80%,327,FanDuel,-6.0,-194,-4.5,4.1
2021,Timberwolves,76ers,11-62,4-8,98.8 pts,99.9 pts,114.4 pts,107.3 pts,1 days,2 days,No,No,0 players,1 players,No,No,"2,383 miles",48%,45%,$0.3M,72%,293,FanDuel,-1.5,-105,-0.5,7.2
2024,Celtics,Clippers,13-12,7-16,108.8 pts,107.5 pts,107.6 pts,116.2 pts,2 days,1 days,No,No,1 players,3 players,No,No,356 miles,27%,33%,$0.8M,78%,337,betmgm,-9.0,-334,-9.5,19.5
2024,Pacers,Knicks,21-43,13-16,115.5 pts,104.4 pts,108.1 pts,111.7 pts,1 days,1 days,No,No,0 players,0 players,No,No,"1,253 miles",48%,50%,$2.3M,99%,311,draftkings,-7.5,-281,-8.5,-7.2
2024,Knicks,Clippers,35-24,34-36,105.6 pts,102.9 pts,112.8 pts,107.1 pts,1 days,2 days,No,No,Not Reported,Not Reported,No,No,95 miles,31%,23%,$0.7M,91%,103,DraftKings,0.5,136,2.0,9.3
2022,Grizzlies,Heat,26-29,33-34,108.5 pts,111.5 pts,119.2 pts,102.0 pts,1 days,0 days,No,Yes,0 players,2 players,No,No,Unknown,54%,61%,$1.9M,66%,224,fanduel,6.0,200,5.0,16.0
2022,Cavaliers,Heat,27-21,22-15,111.6 pts,110.1 pts,105.4 pts,105.5 pts,1 days,3 days,No,No,0 players,0 players,No,No,Unknown,48%,51%,$1.3M,65%,155,DRAFTKINGS,-1.0,-96,0.0,1.3
2021,Warriors,Cavaliers,3-50,24-26,100.6 pts,113.3 pts,115.8 pts,106.2 pts,2 days,2 days,No,No,1 players,1 players,Yes,Yes,"1,409 miles",65%,77%,$0.7M,95%,95,betmgm,10.5,329,11.5,-35.5
2022,Thunder,Rockets,1-9,1-27,103.0 pts,92.8 pts,115.2 pts,123.8 pts,1 days,4 days,No,No,0 players,0 players,Yes,No,"1,058 miles",58%,71%,$3.2M,92%,293,caesars,-14.0,-410,-14.0,-22.5
2022,Spurs,Hornets,8-2,42-25,107.7 pts,114.3 pts,112.4 pts,108.6 pts,2 days,1 days,No,No,0 players,1 players,No,No,"1,035 miles",48%,50%,$1.7M,87%,65,betmgm,-1.0,-152,-2.0,18.4
2023,Hornets,Kings,48-22,27-3,109.5 pts,111.4 pts,106.2 pts,104.0 pts,3 days,3 days,No,No,1 players,Not Reported,No,Yes,"2,394 miles",55%,71%,$2.2M,90%,118,CAESARS,-5.5,-260,-7.0,7.0
2021,Kings,76ers,39-30,11-44,106.9 pts,106.3 pts,108.4 pts,112.7 pts,1 days,1 days,No,No,1 players,0 players,No,Yes,"2,014 miles",63%,72%,$0.7M,82%,88,BetMGM,-12.5,-404,-13.5,34.2
2022,Celtics,Cavaliers,37-17,14-12,107.5 pts,111.9 pts,115.5 pts,108.8 pts,2 days,1 days,No,No,1 players,Not Reported,No,No,"2,189 miles",47%,59%,$0.4M,90%,351,fanduel,1.5,-117,-0.5,6.9
2024,Blazers,Thunder,1-38,4-8,95.4 pts,102.4 pts,120.5 pts,111.0 pts,4 days,4 days,No,No,0 players,1 players,No,No,209 miles,78%,87%,$2.9M,86%,139,betmgm,10.0,295,10.0,9.6
2024,Pelicans,Raptors,36-29,2-8,107.3 pts,104.5 pts,112.1 pts,105.8 pts,1 days,1 days,No,No,0 players,2 players,No,No,"2,366 miles",67%,69%,$0.4M,96%,87,FanDuel,-0.5,-110,-1.0,-10.8
2024,Nuggets,Cavaliers,26-10,20-16,112.7 pts,107.8 pts,103.4 pts,109.7 pts,1 days,1 days,No,No,2 players,1 players,No,No,206 miles,53%,54%,$1.1M,88%,325,BetMGM,-9.0,-259,-8.0,5.5
2024,Pacers,Pistons,16-26,60-9,107.2 pts,115.9 pts,110.4 pts,109.3 pts,0 days,0 days,Yes,Yes,0 players,0 players,No,No,217 miles,51%,61%,$2.1M,97%,223,BetMGM,9.0,301,9.5,0.3
2022,Raptors,Celtics,20-26,29-31,103.7 pts,104.4 pts,113.7 pts,107.1 pts,1 days,1 days,No,No,Not Reported,1 players,No,No,"2,392 miles",65%,67%,$0.6M,100%,24,BetMGM,-0.5,-106,-0.5,6.2
2021,Wizards,Hawks,11-14,25-13,105.9 pts,109.9 pts,108.3 pts,110.9 pts,3 days,0 days,No,Yes,1 players,0 players,No,No,"2,144 miles",42%,39%,$0.6M,96%,138,BetMGM,-2.0,-179,-3.0,15.6
2022,Nuggets,Timberwolves,48-12,3-45,117.6 pts,107.2 pts,106.9 pts,120.0 pts,3 days,1 days,No,No,0 players,1 players,No,No,125 miles,47%,24%,$4.9M,84%,158,fanduel,-19.0,-494,-18.0,24.0
2023,Hawks,Magic,8-3,4-29,110.3 pts,102.4 pts,109.8 pts,113.9 pts,3 days,1 days,No,No,2 players,1 players,No,No,"2,143 miles",63%,78%,$2.4M,92%,224,draftkings,-12.0,-425,-14.0,28.8
2022,Celtics,76ers,32-17,6-40,103.5 pts,99.8 pts,103.0 pts,110.1 pts,2 days,3 days,No,No,1 players,1 players,Yes,No,"1,566 miles",27%,14%,$2.2M,90%,330,betmgm,-9.0,-339,-11.0,-4.2
2021,Rockets,Cavaliers,0-48,28-32,97.8 pts,106.9 pts,112.4 pts,108.0 pts,1 days,2 days,No,No,0 players,0 players,No,No,"2,418 miles",54%,59%,$2.2M,76%,130,FanDuel,10.5,315,11.0,-23.2
2023,Pacers,Raptors,29-35,14-31,106.5 pts,105.7 pts,105.1 pts,113.9 pts,1 days,1 days,No,No,0 players,3 players,No,No,"1,297 miles",44%,27%,$0.4M,83%,295,draftkings,-8.5,-278,-8.0,34.6
2022,Knicks,Timberwolves,15-12,5-23,99.1 pts,97.8 pts,114.5 pts,114.3 pts,4 days,0 days,No,Yes,1 players,1 players,No,Yes,"1,071 miles",38%,41%,$0.3M,84%,320,CAESARS,-13.5,-368,-12.0,4.4
2021,Bucks,Hornets,21-45,37-27,105.4 pts,113.1 pts,118.1 pts,106.8 pts,1 days,1 days,No,No,0 players,0 players,No,No,"1,910 miles",78%,88%,$1.6M,96%,206,Caesars,6.5,235,6.5,-11.1
2022,Kings,Suns,15-11,33-22,106.8 pts,104.0 pts,112.3 pts,112.0 pts,1 days,2 days,No,No,2 players,0 players,No,No,"1,480 miles",43%,27%,$2.3M,88%,20,CAESARS,-3.5,-158,-3.0,25.0
2021,Mavericks,Wizards,31-23,19-25,112.7 pts,104.8 pts,112.2 pts,113.5 pts,3 days,3 days,No,No,0 players,0 players,No,No,"1,464 miles",54%,79%,$2.6M,100%,82,DraftKings,-5.0,-198,-4.5,-2.7
2021,Nuggets,Clippers,19-4,14-25,108.4 pts,102.9 pts,105.8 pts,107.4 pts,3 days,1 days,No,No,0 players,0 players,No,No,352 miles,43%,32%,$3.7M,87%,358,BetMGM,-9.5,-296,-10.0,20.6
2023,Lakers,Cavaliers,4-29,29-28,103.8 pts,106.9 pts,115.5 pts,108.7 pts,1 days,2 days,No,No,1 players,Not Reported,No,No,"1,517 miles",35%,59%,$0.8M,95%,308,fanduel,10.0,296,10.0,8.0
2023,Mavericks,Thunder,18-8,8-24,106.8 pts,102.0 pts,106.7 pts,109.6 pts,0 days,3 days,Yes,No,1 players,1 players,No,No,"1,898 miles",45%,22%,$0.8M,91%,221,Caesars,-9.0,-284,-8.0,-12.2
2024,Warriors,Pistons,0-10,24-3,101.2 pts,113.0 pts,120.2 pts,105.2 pts,1 days,0 days,No,Yes,0 players,4 players,No,No,"1,303 miles",63%,65%,$1.7M,100%,247,fanduel,16.0,394,15.0,-0.9
2024,Clippers,Rockets,26-37,3-26,107.2 pts,101.8 pts,115.0 pts,116.8 pts,1 days,1 days,No,No,0 players,0 players,No,No,62 miles,68%,78%,$0.7M,81%,231,DRAFTKINGS,-16.0,-480,-17.5,-4.0
2021,Cavaliers,Suns,41-22,29-15,106.1 pts,106.5 pts,109.4 pts,107.8 pts,0 days,4 days,Yes,No,0 players,1 players,No,No,193 miles,59%,52%,$0.3M,87%,71,betmgm,0.5,-91,0.0,-14.4
2022,Jazz,Clippers,8-52,16-27,96.5 pts,111.5 pts,116.8 pts,109.3 pts,1 days,3 days,No,No,1 players,0 players,No,No,377 miles,95%,87%,$0.7M,61%,336,caesars,13.5,401,15.0,2.2
2024,Suns,Kings,21-7,17-5,114.5 pts,109.6 pts,113.2 pts,114.8 pts,2 days,2 days,No,No,1 players,1 players,No,No,Unknown,83%,82%,$0.5M,87%,53,caesars,-7.5,-221,-6.0,23.2
2024,Lakers,Kings,7-58,43-31,101.1 pts,101.8 pts,106.5 pts,105.0 pts,0 days,1 days,Yes,No,0 players,0 players,No,Yes,"2,493 miles",67%,67%,$3.7M,96%,292,CAESARS,3.5,166,3.0,25.1
2021,Thunder,Lakers,13-31,8-44,99.0 pts,109.0 pts,117.3 pts,112.8 pts,1 days,3 days,No,No,1 players,1 players,No,No,"2,247 miles",36%,25%,$0.2M,89%,7,FanDuel,-0.5,104,0.5,-8.2
2021,Spurs,Warriors,41-20,3-23,106.7 pts,98.6 pts,112.9 pts,119.2 pts,2 days,2 days,No,No,0 players,0 players,No,No,841 miles,52%,52%,$4.5M,90%,328,BetMGM,-19.5,-550,-19.5,-4.9
2023,Hawks,Knicks,41-9,15-18,107.8 pts,108.5 pts,102.9 pts,116.1 pts,2 days,0 days,No,Yes,1 players,2 players,No,No,230 miles,41%,32%,$1.2M,78%,171,betmgm,-15.0,-408,-14.0,27.9
2024,Timberwolves,Celtics,9-45,31-31,95.0 pts,105.6 pts,115.2 pts,110.3 pts,1 days,2 days,No,No,1 players,1 players,No,No,Unknown,30%,38%,$2.4M,83%,251,draftkings,11.0,336,11.5,-8.7
2023,Lakers,Blazers,14-58,9-58,99.0 pts,96.7 pts,116.1 pts,120.3 pts,1 days,1 days,No,No,0 players,Not Reported,No,No,520 miles,49%,38%,$0.9M,82%,316,DRAFTKINGS,-8.5,-302,-9.0,10.4
2024,Jazz,Magic,3-22,3-27,100.4 pts,106.7 pts,121.5 pts,107.3 pts,2 days,1 days,No,No,0 players,0 players,No,No,Unknown,36%,47%,$0.7M,70%,386,CAESARS,1.5,125,1.5,-4.4
2022,Pistons,Bulls,26-4,11-55,123.4 pts,103.0 pts,108.1 pts,106.0 pts,4 days,1 days,No,No,1 players,1 players,No,No,Unknown,40%,25%,$1.8M,78%,122,draftkings,-17.5,-461,-16.5,47.8
2024,Bulls,Clippers,11-58,32-36,108.1 pts,105.9 pts,116.3 pts,110.3 pts,2 days,0 days,No,Yes,1 players,1 players,Yes,No,"1,943 miles",52%,49%,$0.4M,82%,193,betmgm,1.5,169,2.5,3.1
2021,Magic,Heat,3-16,11-7,103.2 pts,109.4 pts,115.1 pts,111.7 pts,2 days,3 days,No,No,0 players,0 players,No,Yes,"1,306 miles",33%,6%,$2.2M,90%,358,draftkings,1.0,156,2.5,-20.3
2024,Pelicans,Timberwolves,5-8,3-25,106.0 pts,102.3 pts,111.4 pts,113.4 pts,1 days,2 days,No,No,Not Reported,Not Reported,No,No,366 miles,38%,66%,$2.7M,85%,159,caesars,-10.0,-326,-10.0,-5.5
2021,Rockets,Cavaliers,1-51,34-26,94.8 pts,106.2 pts,119.6 pts,108.0 pts,1 days,3 days,No,No,1 players,0 players,No,No,Unknown,53%,46%,$5.6M,76%,56,draftkings,15.5,425,16.5,-6.2
2022,Wizards,Pelicans,16-20,23-37,110.3 pts,108.9 pts,113.9 pts,110.7 pts,1 days,2 days,No,No,0 players,Not Reported,Yes,No,"2,189 miles",60%,59%,$1.2M,84%,246,fanduel,-3.5,-171,-3.5,9.1
2023,Knicks,Nuggets,26-35,20-4,109.7 pts,108.7 pts,112.6 pts,111.8 pts,2 days,1 days,No,No,0 players,0 players,No,No,"2,090 miles",68%,51%,$1.2M,86%,369,FanDuel,4.5,198,5.5,-8.4
2023,Kings,Bulls,36-26,7-44,109.5 pts,100.0 pts,109.9 pts,113.7 pts,1 days,1 days,No,No,0 players,Not Reported,No,No,Unknown,42%,38%,$3.7M,76%,395,DraftKings,-10.0,-299,-9.0,19.2
2022,Bucks,Rockets,20-28,1-61,100.8 pts,99.1 pts,111.5 pts,120.2 pts,2 days,1 days,No,No,1 players,1 players,No,No,"2,036 miles",51%,39%,$2.2M,69%,13,betmgm,-13.0,-343,-11.0,40.1
2021,Celtics,Bulls,33-18,12-57,109.3 pts,100.0 pts,105.8 pts,108.0 pts,0 days,1 days,Yes,No,1 players,0 players,No,No,564 miles,52%,46%,$0.5M,97%,293,DRAFTKINGS,-10.0,-302,-9.5,10.4
2024,Thunder,Kings,11-15,42-19,102.1 pts,113.3 pts,115.5 pts,110.3 pts,3 days,1 days,No,No,0 players,0 players,No,No,"1,947 miles",29%,40%,$0.8M,75%,265,Caesars,3.5,161,4.0,5.8
2023,Spurs,Nuggets,22-14,28-7,104.4 pts,109.6 pts,112.2 pts,105.9 pts,3 days,0 days,No,Yes,1 players,Not Reported,No,No,"2,355 miles",20%,14%,$1.2M,80%,142,DraftKings,2.0,142,3.0,-15.4
2023,76ers,Cavaliers,9-34,25-20,97.6 pts,104.7 pts,114.9 pts,111.6 pts,0 days,4 days,Yes,No,1 players,0 players,No,No,731 miles,60%,65%,$0.2M,85%,289,caesars,5.0,149,3.0,-29.1
2021,Timberwolves,Mavericks,7-34,31-40,103.1 pts,106.1 pts,114.7 pts,111.4 pts,1 days,3 days,No,No,0 players,0 players,No,No,500 miles,64%,72%,$1.4M,69%,219,CAESARS,3.0,112,0.5,-14.1
2024,Heat,Raptors,48-26,17-46,109.8 pts,112.2 pts,112.0 pts,112.4 pts,1 days,3 days,No,No,0 players,1 players,No,Yes,626 miles,59%,53%,$2.9M,76%,41,BetMGM,-7.0,-269,-7.5,3.0
2023,Hornets,Cavaliers,52-20,11-15,108.1 pts,101.5 pts,113.0 pts,108.1 pts,2 days,2 days,No,No,Not Reported,Not Reported,No,No,475 miles,49%,51%,$0.4M,100%,229,betmgm,-4.0,-203,-4.0,0.7
2021,Wizards,Nets,32-19,19-6,111.2 pts,108.4 pts,106.8 pts,109.6 pts,1 days,2 days,No,No,0 players,2 players,No,No,"2,459 miles",59%,46%,$1.1M,65%,154,Caesars,-6.0,-252,-7.0,-9.5
2021,Cavaliers,Hawks,31-27,42-23,110.5 pts,114.6 pts,106.8 pts,109.0 pts,0 days,3 days,Yes,No,0 players,0 players,No,Yes,"1,958 miles",59%,41%,$1.7M,87%,9,FanDuel,-0.5,-114,-0.5,-1.6
2023,Grizzlies,Cavaliers,26-39,38-30,104.1 pts,108.8 pts,116.5 pts,108.4 pts,2 days,2 days,No,No,Not Reported,1 players,No,No,"1,787 miles",35%,29%,$1.7M,68%,301,DRAFTKINGS,6.0,228,6.5,-33.2
2024,Cavaliers,Blazers,44-29,2-62,112.5 pts,100.8 pts,113.3 pts,119.8 pts,2 days,4 days,No,No,Not Reported,Not Reported,No,No,"2,457 miles",59%,67%,$1.2M,94%,267,caesars,-15.5,-457,-16.5,3.0
2024,Pelicans,Kings,7-7,39-28,105.8 pts,109.8 pts,112.5 pts,98.8 pts,1 days,1 days,No,No,0 players,1 players,Yes,No,63 miles,39%,44%,$1.7M,78%,167,betmgm,5.5,181,4.5,4.1
2024,Kings,Heat,25-20,29-16,108.2 pts,106.4 pts,108.9 pts,113.6 pts,1 days,3 days,No,No,0 players,Not Reported,No,No,"2,265 miles",42%,72%,$0.3M,91%,87,Caesars,-6.0,-278,-8.0,1.3
2024,Thunder,Jazz,14-40,9-38,114.2 pts,99.4 pts,101.1 pts,115.5 pts,2 days,1 days,No,No,0 players,1 players,No,No,581 miles,50%,53%,$2.8M,88%,384,betmgm,-20.0,-553,-21.0,-1.2
2023,Heat,Suns,4-6,49-22,106.5 pts,113.1 pts,102.4 pts,102.5 pts,1 days,1 days,No,No,1 players,0 players,Yes,No,"1,212 miles",16%,13%,$2.3M,91%,399,BetMGM,1.5,103,0.5,6.4
2021,Knicks,Raptors,22-19,11-33,111.5 pts,105.1 pts,114.9 pts,118.8 pts,1 days,1 days,No,No,2 players,0 players,No,No,"1,640 miles",38%,46%,$0.4M,88%,137,CAESARS,-2.0,-183,-4.0,12.5
2021,Suns,Raptors,16-6,12-38,103.0 pts,105.4 pts,115.1 pts,114.7 pts,2 days,2 days,No,No,0 players,0 players,No,No,"2,218 miles",77%,68%,$0.7M,80%,10,BetMGM,-3.5,-203,-4.5,7.1
2022,Grizzlies,Heat,17-33,7-11,103.3 pts,106.3 pts,110.4 pts,110.1 pts,1 days,3 days,No,No,0 players,0 players,No,No,"1,798 miles",76%,95%,$2.0M,99%,122,DraftKings,0.0,-149,-2.5,-6.5
2023,Magic,Timberwolves,8-37,8-45,110.9 pts,103.1 pts,114.4 pts,117.3 pts,3 days,2 days,No,No,1 players,Not Reported,No,No,"2,494 miles",57%,74%,$0.7M,92%,345,DRAFTKINGS,-6.5,-249,-7.0,8.6
2022,Pelicans,Grizzlies,10-10,8-27,105.2 pts,108.9 pts,106.7 pts,114.4 pts,4 days,3 days,No,No,0 players,0 players,No,No,"2,318 miles",76%,47%,$3.8M,88%,361,betmgm,-6.0,-230,-5.5,5.4
2021,Heat,Suns,36-15,29-17,106.0 pts,108.1 pts,104.2 pts,105.5 pts,0 days,2 days,Yes,No,Not Reported,0 players,No,No,"1,971 miles",36%,31%,$0.3M,100%,243,caesars,0.5,150,2.5,2.3
2022,Magic,Blazers,19-45,3-41,104.0 pts,100.8 pts,116.5 pts,117.0 pts,2 days,3 days,No,No,0 players,1 players,No,Yes,Unknown,20%,15%,$1.0M,93%,276,DRAFTKINGS,-15.0,-413,-14.0,-8.7
2021,Nets,76ers,29-22,15-44,112.9 pts,102.2 pts,111.0 pts,111.7 pts,1 days,0 days,No,Yes,0 players,2 players,No,No,"2,211 miles",69%,81%,$2.4M,100%,236,betmgm,-15.0,-459,-16.5,4.6
2022,Raptors,Spurs,19-43,33-25,104.8 pts,111.2 pts,110.6 pts,107.6 pts,2 days,3 days,No,No,0 players,0 players,No,No,570 miles,45%,49%,$2.1M,78%,81,Caesars,0.5,-115,0.0,-2.6
2022,Hawks,Pacers,22-6,17-50,105.7 pts,104.2 pts,104.4 pts,114.8 pts,1 days,2 days,No,No,0 players,1 players,No,No,858 miles,46%,44%,$3.7M,93%,50,betmgm,-9.0,-301,-9.0,24.5
2024,Jazz,Knicks,4-31,6-14,102.4 pts,103.3 pts,115.7 pts,107.0 pts,2 days,0 days,No,Yes,2 players,0 players,No,No,"2,495 miles",17%,15%,$0.7M,88%,129,betmgm,6.5,276,8.5,6.2
2022,Mavericks,Blazers,20-32,8-58,109.9 pts,101.2 pts,110.5 pts,117.4 pts,1 days,3 days,No,No,2 players,0 players,No,No,792 miles,42%,25%,$0.4M,77%,234,DraftKings,-14.5,-459,-16.0,-8.7
2023,Hornets,Jazz,33-11,5-42,109.2 pts,106.1 pts,108.5 pts,115.8 pts,1 days,1 days,No,No,0 players,0 players,No,No,"2,381 miles",78%,68%,$1.0M,81%,254,DRAFTKINGS,-11.5,-325,-10.5,-4.4
2023,76ers,Nuggets,10-35,9-3,99.0 pts,114.6 pts,111.2 pts,112.7 pts,1 days,4 days,No,No,0 players,0 players,No,No,Unknown,56%,63%,$1.2M,60%,144,CAESARS,9.0,270,8.5,-17.0
2024,Timberwolves,Suns,5-31,33-27,110.1 pts,112.2 pts,121.6 pts,111.1 pts,1 days,2 days,No,No,1 players,0 players,No,No,"2,415 miles",52%,74%,$0.2M,79%,377,FanDuel,10.0,296,9.5,-6.3
2023,76ers,Heat,8-25,13-8,99.8 pts,111.0 pts,114.1 pts,114.1 pts,1 days,1 days,No,No,Not Reported,1 players,No,No,"1,298 miles",44%,50%,$2.5M,74%,111,fanduel,8.5,238,7.0,-1.6
2023,Bulls,Blazers,14-56,1-22,103.3 pts,98.0 pts,118.0 pts,122.5 pts,1 days,1 days,No,No,0 players,1 players,No,No,683 miles,32%,21%,$1.6M,95%,180,FanDuel,-14.5,-381,-13.0,28.2
2021,Thunder,Hornets,21-28,27-11,101.8 pts,107.5 pts,111.0 pts,111.9 pts,4 days,1 days,No,No,0 players,1 players,No,No,"1,613 miles",46%,42%,$0.5M,82%,100,BetMGM,0.0,101,0.5,0.1
2024,Wizards,Nets,21-15,9-6,104.5 pts,112.8 pts,113.1 pts,104.5 pts,3 days,1 days,No,No,1 players,0 players,No,No,"1,709 miles",54%,24%,$2.7M,76%,246,FanDuel,4.0,201,5.5,-7.4
2023,Bulls,Suns,16-44,41-25,111.0 pts,106.6 pts,116.1 pts,109.2 pts,1 days,2 days,No,No,1 players,0 players,No,No,"2,439 miles",76%,82%,$1.5M,100%,391,FanDuel,5.5,208,5.5,-8.8
2021,Jazz,Nets,6-36,25-23,106.2 pts,106.8 pts,114.4 pts,109.5 pts,4 days,1 days,No,No,1 players,0 players,No,Yes,70 miles,72%,76%,$3.6M,100%,178,draftkings,2.0,176,4.0,-1.8
2024,Lakers,Suns,1-12,40-30,103.3 pts,105.7 pts,114.2 pts,107.1 pts,3 days,3 days,No,No,1 players,0 players,No,No,"2,335 miles",44%,32%,$0.5M,73%,318,BetMGM,9.0,239,7.5,-2.0
2022,Pacers,Kings,13-11,24-14,105.2 pts,98.4 pts,114.8 pts,112.4 pts,0 days,4 days,Yes,No,1 players,0 players,No,No,734 miles,63%,79%,$0.3M,82%,319,betmgm,-4.0,-174,-3.5,-2.6
2021,Pistons,Lakers,41-6,6-22,112.8 pts,100.4 pts,107.9 pts,113.2 pts,1 days,3 days,No,No,0 players,1 players,No,No,460 miles,69%,71%,$0.2M,100%,343,CAESARS,-22.0,-596,-23.0,11.2
2023,Lakers,Clippers,1-22,7-13,98.3 pts,111.3 pts,115.3 pts,116.8 pts,3 days,3 days,No,No,0 players,0 players,No,No,"1,393 miles",57%,67%,$3.0M,100%,254,fanduel,8.0,286,9.0,-13.9
2022,Blazers,Jazz,0-15,0-17,96.7 pts,102.4 pts,117.2 pts,118.3 pts,1 days,4 days,No,No,0 players,1 players,No,No,Unknown,75%,72%,$0.5M,90%,252,BetMGM,2.5,139,2.0,-2.5
2024,Suns,Bulls,17-6,8-42,114.9 pts,97.3 pts,104.0 pts,116.3 pts,1 days,3 days,No,No,2 players,3 players,No,No,"1,926 miles",56%,48%,$0.8M,82%,45,fanduel,-18.0,-493,-17.5,-4.9
2023,Warriors,Bucks,5-66,15-52,94.9 pts,100.6 pts,113.9 pts,108.0 pts,2 days,4 days,No,No,0 players,2 players,No,No,"2,459 miles",56%,63%,$4.8M,77%,83,Caesars,4.0,203,5.5,-5.0
2024,Bulls,Jazz,15-40,7-29,105.6 pts,105.0 pts,119.8 pts,114.8 pts,0 days,2 days,Yes,No,0 players,0 players,No,No,"2,212 miles",85%,88%,$2.7M,100%,6,Caesars,-1.0,-104,0.0,21.6
2023,Warriors,Heat,1-37,34-24,98.4 pts,106.0 pts,118.8 pts,113.5 pts,0 days,1 days,Yes,No,1 players,0 players,Yes,No,Unknown,61%,60%,$3.3M,79%,297,draftkings,12.5,360,13.5,-26.2
2021,Wizards,Pelicans,39-25,29-28,110.5 pts,111.4 pts,109.5 pts,108.7 pts,0 days,1 days,Yes,No,0 players,1 players,No,No,76 miles,46%,49%,$3.4M,91%,207,FanDuel,-7.0,-270,-7.5,-30.7
2024,76ers,Jazz,16-51,3-26,106.6 pts,106.7 pts,115.1 pts,111.2 pts,4 days,1 days,No,No,0 players,0 players,No,No,350 miles,52%,43%,$3.2M,74%,85,BetMGM,-1.5,111,0.5,9.5
2024,Clippers,Cavaliers,38-32,12-13,102.2 pts,103.2 pts,112.2 pts,111.8 pts,3 days,1 days,No,No,1 players,0 players,No,No,"1,352 miles",78%,59%,$1.9M,88%,292,DRAFTKINGS,0.5,-97,0.0,30.5
2023,Wizards,Grizzlies,13-11,8-8,107.6 pts,110.4 pts,111.8 pts,110.7 pts,1 days,0 days,No,Yes,0 players,1 players,No,No,"1,689 miles",65%,64%,$0.3M,82%,348,betmgm,-5.5,-213,-5.0,33.5
2023,Bucks,Raptors,19-23,14-29,104.6 pts,99.6 pts,108.3 pts,115.5 pts,2 days,3 days,No,No,0 players,2 players,No,No,Unknown,26%,5%,$1.9M,96%,114,FanDuel,-5.5,-177,-3.5,17.4
2024,Suns,Nets,24-4,43-30,112.8 pts,100.4 pts,110.4 pts,109.0 pts,1 days,0 days,No,Yes,1 players,0 players,Yes,No,"2,146 miles",44%,26%,$1.8M,78%,8,Caesars,-4.0,-187,-4.0,8.8
2022,76ers,Knicks,5-8,22-22,106.3 pts,107.3 pts,114.1 pts,112.0 pts,2 days,2 days,No,No,0 players,1 players,No,No,989 miles,58%,57%,$2.2M,74%,100,draftkings,-2.5,-176,-3.5,8.2
2024,Bucks,Raptors,19-35,18-50,100.6 pts,110.5 pts,107.9 pts,111.8 pts,2 days,1 days,No,No,0 players,0 players,Yes,No,229 miles,60%,56%,$0.3M,86%,124,DraftKings,1.0,112,0.5,-11.3
2024,Suns,Magic,37-20,5-25,110.2 pts,101.1 pts,114.8 pts,115.1 pts,4 days,0 days,No,Yes,0 players,1 players,Yes,Yes,"1,014 miles",70%,53%,$0.7M,100%,114,BetMGM,-14.0,-373,-12.5,13.2
2024,Warriors,Cavaliers,0-15,24-18,95.2 pts,107.8 pts,117.2 pts,111.9 pts,3 days,0 days,No,Yes,0 players,1 players,No,No,289 miles,33%,32%,$3.4M,86%,297,draftkings,9.5,309,10.5,-10.5
2024,Timberwolves,Bucks,6-25,2-8,106.3 pts,106.1 pts,113.0 pts,106.6 pts,2 days,1 days,No,No,1 players,0 players,Yes,No,536 miles,40%,41%,$2.9M,96%,395,DraftKings,3.5,170,3.5,2.0
2022,Blazers,Rockets,1-23,1-30,99.5 pts,95.1 pts,112.4 pts,122.1 pts,2 days,4 days,No,No,1 players,1 players,No,No,898 miles,41%,31%,$3.9M,77%,322,caesars,-10.5,-297,-9.0,0.2
2024,Hawks,Timberwolves,15-4,5-65,109.3 pts,99.8 pts,107.8 pts,118.8 pts,3 days,0 days,No,Yes,1 players,0 players,No,No,"1,797 miles",41%,36%,$2.0M,88%,355,caesars,-18.0,-498,-18.5,38.7
2021,Jazz,76ers,12-51,3-17,98.8 pts,103.6 pts,115.2 pts,111.8 pts,1 days,1 days,No,No,2 players,1 players,No,No,548 miles,40%,42%,$0.6M,83%,367,betmgm,3.5,189,4.0,16.6
2022,76ers,Suns,3-8,34-23,104.2 pts,112.1 pts,113.9 pts,112.0 pts,1 days,1 days,No,No,0 players,2 players,No,No,"1,237 miles",43%,34%,$4.0M,79%,47,CAESARS,3.0,180,3.5,22.0
2021,Nets,Raptors,34-15,10-26,110.6 pts,102.5 pts,102.5 pts,109.4 pts,1 days,3 days,No,No,1 players,0 players,No,No,Unknown,42%,17%,$1.6M,90%,69,Caesars,-9.5,-287,-8.5,10.9
2022,Jazz,Warriors,4-47,3-66,103.0 pts,95.0 pts,112.1 pts,113.8 pts,1 days,1 days,No,No,1 players,Not Reported,No,No,"1,903 miles",52%,53%,$0.8M,91%,26,DraftKings,-9.5,-326,-10.0,-16.8
2024,Raptors,Cavaliers,24-36,26-19,104.4 pts,108.2 pts,111.1 pts,112.2 pts,3 days,4 days,No,No,1 players,0 players,No,No,794 miles,52%,49%,$0.5M,70%,24,draftkings,2.5,148,3.0,15.8
2021,Bucks,Lakers,28-33,2-45,106.1 pts,102.1 pts,106.0 pts,116.3 pts,4 days,4 days,No,No,0 players,1 players,No,No,"2,364 miles",66%,52%,$1.9M,60%,53,Caesars,-14.5,-422,-14.5,7.4
2024,Pelicans,Bucks,33-17,15-26,107.8 pts,105.3 pts,112.7 pts,110.6 pts,1 days,2 days,No,No,0 players,0 players,No,No,"2,286 miles",57%,67%,$0.9M,99%,362,CAESARS,-8.0,-278,-8.5,2.8
2023,Spurs,76ers,11-7,10-25,101.6 pts,106.6 pts,111.9 pts,113.2 pts,0 days,2 days,Yes,No,0 players,0 players,No,Yes,"1,214 miles",54%,48%,$0.9M,68%,198,caesars,-7.0,-239,-6.0,9.7
2022,Raptors,Cavaliers,25-42,22-33,106.3 pts,113.8 pts,108.9 pts,108.0 pts,4 days,1 days,No,No,1 players,Not Reported,No,No,"2,458 miles",54%,53%,$1.8M,96%,176,draftkings,2.0,138,2.5,-3.4
2023,Celtics,Nuggets,23-12,26-12,103.0 pts,116.0 pts,109.1 pts,113.0 pts,1 days,0 days,No,Yes,0 players,2 players,No,No,447 miles,61%,82%,$0.4M,98%,308,CAESARS,1.0,110,1.0,-33.0
2022,Jazz,Nets,11-54,40-22,102.7 pts,106.9 pts,119.5 pts,115.5 pts,0 days,2 days,Yes,No,3 players,1 players,No,Yes,"1,196 miles",81%,81%,$1.5M,96%,311,caesars,5.0,179,4.5,-3.4
2021,Mavericks,Suns,12-13,8-4,107.1 pts,105.3 pts,108.9 pts,111.9 pts,1 days,2 days,No,No,0 players,0 players,Yes,No,"2,434 miles",54%,54%,$2.1M,100%,391,DraftKings,-0.5,-115,-1.5,25.3
2022,76ers,Clippers,7-31,2-8,105.1 pts,109.3 pts,117.4 pts,112.6 pts,4 days,0 days,No,Yes,1 players,Not Reported,No,No,"1,001 miles",50%,59%,$2.0M,100%,120,betmgm,-2.0,-138,-1.5,12.1
2022,Lakers,Heat,3-16,27-24,107.5 pts,104.3 pts,116.3 pts,104.2 pts,2 days,2 days,No,No,0 players,1 players,No,No,"1,366 miles",64%,71%,$2.0M,77%,18,fanduel,1.0,128,1.5,-7.4
2021,Clippers,Kings,32-40,42-30,113.1 pts,107.0 pts,110.4 pts,116.0 pts,0 days,4 days,Yes,No,0 players,2 players,No,No,54 miles,75%,69%,$0.2M,85%,137,DRAFTKINGS,-9.5,-320,-9.5,-31.6
2024,76ers,Suns,17-47,47-21,109.3 pts,112.2 pts,107.2 pts,114.4 pts,0 days,2 days,Yes,No,1 players,0 players,No,No,Unknown,39%,30%,$2.0M,80%,202,betmgm,4.5,215,6.0,-21.4
2021,Timberwolves,Thunder,4-32,24-42,103.3 pts,109.5 pts,117.7 pts,113.1 pts,3 days,1 days,No,No,0 players,0 players,Yes,No,709 miles,27%,10%,$1.0M,98%,288,BetMGM,8.5,279,9.0,-26.0
2021,Thunder,Hawks,7-7,13-3,106.6 pts,108.5 pts,113.6 pts,111.8 pts,1 days,0 days,No,Yes,1 players,2 players,Yes,No,"1,465 miles",48%,50%,$0.3M,82%,340,Caesars,1.5,-114,0.0,12.8
2024,Spurs,Clippers,35-25,15-23,112.6 pts,105.1 pts,107.7 pts,109.8 pts,1 days,3 days,No,No,0 players,0 players,No,No,790 miles,41%,49%,$4.9M,83%,346,fanduel,-6.0,-208,-5.0,1.8
2021,Mavericks,Clippers,14-17,10-17,109.6 pts,112.5 pts,111.1 pts,108.7 pts,1 days,2 days,No,No,0 players,1 players,No,No,334 miles,50%,51%,$0.4M,100%,371,fanduel,-1.5,-99,-0.5,-6.3
2022,Jazz,Clippers,7-32,14-26,103.9 pts,102.0 pts,111.8 pts,107.5 pts,2 days,4 days,No,No,0 players,0 players,Yes,No,78 miles,91%,95%,$5.1M,88%,97,fanduel,8.0,264,8.0,-2.3
2021,Heat,Wizards,11-12,47-27,106.0 pts,102.3 pts,104.7 pts,107.1 pts,0 days,2 days,Yes,No,1 players,0 players,No,No,"2,069 miles",67%,60%,$7.8M,96%,393,Caesars,-5.5,-227,-6.5,9.0
2022,Raptors,Lakers,5-24,5-21,107.6 pts,101.3 pts,109.3 pts,118.1 pts,0 days,0 days,Yes,Yes,0 players,0 players,No,No,"2,203 miles",69%,92%,$1.6M,83%,240,Caesars,-10.0,-371,-12.5,2.6
2023,Warriors,Jazz,3-20,6-33,99.7 pts,102.4 pts,112.2 pts,115.7 pts,0 days,2 days,Yes,No,1 players,0 players,No,No,814 miles,55%,58%,$2.3M,80%,352,BetMGM,1.5,119,1.0,-10.9
2023,Knicks,Bucks,18-21,9-36,106.8 pts,105.7 pts,116.3 pts,116.7 pts,1 days,2 days,No,No,0 players,Not Reported,No,No,945 miles,42%,64%,$1.8M,87%,257,BetMGM,-4.5,-205,-4.0,-17.2
2021,Grizzlies,Cavaliers,11-30,8-7,109.0 pts,109.0 pts,115.0 pts,107.3 pts,4 days,0 days,No,Yes,1 players,2 players,No,No,"2,318 miles",63%,75%,$0.9M,100%,91,DRAFTKINGS,1.0,-96,0.0,-9.1
2022,Spurs,76ers,46-26,12-40,110.8 pts,105.6 pts,105.0 pts,114.3 pts,3 days,1 days,No,No,0 players,0 players,Yes,No,"1,592 miles",81%,95%,$2.2M,97%,48,betmgm,-12.5,-375,-12.5,3.4
2024,Hawks,Magic,51-20,9-40,108.4 pts,94.0 pts,107.7 pts,114.0 pts,2 days,1 days,No,No,1 players,1 players,No,No,176 miles,62%,69%,$0.3M,98%,398,CAESARS,-13.5,-386,-12.5,25.3
2024,Hawks,Hornets,42-19,46-22,119.2 pts,109.8 pts,108.2 pts,113.5 pts,1 days,1 days,No,No,1 players,0 players,No,No,414 miles,60%,58%,$1.2M,98%,236,BetMGM,-10.5,-333,-10.5,34.2
2022,Kings,Jazz,7-4,6-43,106.1 pts,103.7 pts,106.7 pts,117.0 pts,1 days,3 days,No,No,1 players,0 players,No,No,962 miles,27%,20%,$1.5M,87%,82,FanDuel,-11.0,-324,-10.5,4.6
2024,Nuggets,Clippers,30-4,11-23,119.8 pts,108.1 pts,101.4 pts,105.9 pts,1 days,2 days,No,No,0 players,1 players,No,No,"2,280 miles",37%,40%,$3.0M,74%,179,BetMGM,-13.0,-366,-13.5,30.7
2021,Timberwolves,Lakers,8-58,2-41,102.7 pts,103.6 pts,113.0 pts,116.8 pts,0 days,1 days,Yes,No,0 players,1 players,No,Yes,"1,214 miles",48%,44%,$4.6M,69%,25,fanduel,-8.0,-274,-8.0,14.7
2023,Pacers,Bulls,6-12,6-28,108.8 pts,99.0 pts,111.6 pts,120.2 pts,0 days,3 days,Yes,No,0 players,1 players,No,No,"1,621 miles",47%,43%,$0.8M,94%,117,FanDuel,-9.0,-302,-9.0,5.6
2021,Kings,76ers,20-10,15-45,109.3 pts,107.5 pts,105.5 pts,114.3 pts,1 days,1 days,No,No,2 players,2 players,No,No,"1,853 miles",62%,62%,$0.5M,100%,389,BetMGM,-10.5,-334,-11.0,20.9
2021,Rockets,Knicks,1-29,9-28,97.0 pts,107.2 pts,123.7 pts,112.1 pts,4 days,1 days,No,No,0 players,1 players,No,Yes,118 miles,58%,66%,$0.9M,90%,243,BetMGM,9.0,300,10.0,2.0
2024,Rockets,Heat,2-24,17-12,99.6 pts,97.7 pts,115.9 pts,106.9 pts,2 days,2 days,No,No,1 players,1 players,No,Yes,"1,218 miles",57%,52%,$5.6M,97%,331,fanduel,8.0,243,7.0,-6.0
2022,Celtics,Nuggets,27-27,45-11,108.8 pts,111.2 pts,112.0 pts,106.4 pts,4 days,1 days,No,No,1 players,0 players,No,No,710 miles,51%,65%,$3.4M,95%,206,BetMGM,1.5,-96,0.0,-0.9
2022,Blazers,Bulls,3-50,3-18,93.7 pts,103.1 pts,116.2 pts,113.6 pts,1 days,3 days,No,No,0 players,1 players,No,No,250 miles,53%,57%,$1.2M,81%,359,DraftKings,8.5,259,8.5,-6.7
2023,Wizards,Suns,12-5,6-8,105.2 pts,106.9 pts,110.4 pts,106.5 pts,1 days,4 days,No,No,Not Reported,0 players,No,No,774 miles,66%,91%,$0.4M,89%,229,DraftKings,1.0,122,0.5,9.9
2023,Timberwolves,Nets,8-20,37-22,104.2 pts,108.0 pts,119.0 pts,109.5 pts,4 days,2 days,No,No,1 players,0 players,Yes,No,"2,302 miles",53%,34%,$2.2M,96%,270,DraftKings,7.5,256,7.5,9.1
2023,Magic,Cavaliers,9-10,30-32,107.7 pts,106.5 pts,113.6 pts,108.2 pts,0 days,1 days,Yes,No,0 players,0 players,No,No,97 miles,66%,85%,$1.0M,73%,174,DraftKings,2.5,138,1.5,11.3
2023,Pacers,Nets,13-24,30-27,110.0 pts,102.5 pts,110.4 pts,112.3 pts,0 days,3 days,Yes,No,0 players,0 players,No,No,"2,465 miles",60%,61%,$1.1M,100%,395,caesars,-3.0,-196,-4.5,16.9
2022,Bulls,Heat,2-8,14-16,95.6 pts,109.8 pts,111.0 pts,103.6 pts,3 days,1 days,No,No,0 players,0 players,Yes,No,"1,791 miles",38%,47%,$0.3M,83%,332,CAESARS,10.0,316,10.5,-20.6
2023,Blazers,Clippers,2-67,24-28,100.2 pts,105.1 pts,116.7 pts,116.5 pts,1 days,2 days,No,No,1 players,1 players,No,No,"2,224 miles",54%,22%,$1.4M,89%,108,DRAFTKINGS,5.0,251,7.0,17.0
2023,Bulls,Nets,6-15,24-13,102.8 pts,111.4 pts,118.4 pts,107.9 pts,0 days,4 days,Yes,No,1 players,1 players,No,No,416 miles,39%,29%,$3.2M,74%,306,Caesars,9.0,286,9.0,-28.3
2022,Bucks,Hawks,11-27,34-6,104.6 pts,106.6 pts,110.3 pts,110.9 pts,1 days,1 days,No,No,Not Reported,2 players,No,No,452 miles,22%,12%,$1.5M,92%,35,betmgm,0.5,118,1.0,-2.8
2021,76ers,Hornets,13-37,24-17,107.1 pts,110.8 pts,114.7 pts,112.8 pts,2 days,2 days,No,No,0 players,0 players,No,No,"1,691 miles",70%,84%,$1.0M,73%,56,DRAFTKINGS,3.5,184,4.0,-6.3
2023,Warriors,Blazers,3-40,3-60,94.9 pts,101.1 pts,116.8 pts,118.5 pts,1 days,3 days,No,No,4 players,0 players,No,No,"1,798 miles",50%,44%,$2.4M,91%,231,betmgm,3.5,194,5.0,4.7
2024,Bulls,Rockets,4-26,1-26,98.5 pts,108.2 pts,110.4 pts,120.0 pts,2 days,0 days,No,Yes,0 players,Not Reported,No,No,"2,416 miles",34%,36%,$2.0M,79%,360,fanduel,-8.0,-281,-8.0,28.6
2021,Blazers,Hawks,0-33,51-12,101.1 pts,113.6 pts,110.5 pts,106.3 pts,0 days,2 days,Yes,No,1 players,0 players,Yes,No,304 miles,57%,80%,$1.4M,87%,76,betmgm,17.0,400,15.5,-18.8
2022,Spurs,Pacers,39-21,9-13,104.5 pts,107.2 pts,111.3 pts,107.8 pts,1 days,1 days,No,No,1 players,Not Reported,No,No,"1,622 miles",50%,18%,$3.1M,86%,381,Caesars,1.5,141,2.0,1.5
2022,Pacers,Mavericks,10-10,8-10,102.9 pts,106.8 pts,111.2 pts,112.2 pts,3 days,1 days,No,No,0 players,0 players,No,No,"2,091 miles",59%,51%,$1.0M,68%,106,DraftKings,-5.0,-152,-2.5,4.4
2022,Magic,Lakers,16-56,9-33,102.1 pts,104.7 pts,110.2 pts,115.5 pts,3 days,1 days,No,No,0 players,1 players,No,No,"1,982 miles",52%,60%,$2.0M,98%,190,FanDuel,-8.0,-342,-10.5,-14.3
2024,Blazers,Spurs,2-22,40-25,102.5 pts,110.6 pts,108.6 pts,114.3 pts,0 days,3 days,Yes,No,2 players,0 players,No,No,"2,406 miles",53%,56%,$1.1M,97%,6,DraftKings,8.0,279,9.0,-15.2
2023,Spurs,Lakers,35-28,2-31,106.6 pts,101.1 pts,115.3 pts,118.4 pts,2 days,0 days,No,Yes,1 players,0 players,No,No,661 miles,47%,53%,$2.1M,92%,381,DRAFTKINGS,-10.5,-307,-10.5,7.8
2021,Bulls,Hawks,2-11,35-11,103.4 pts,112.0 pts,111.6 pts,107.6 pts,4 days,1 days,No,No,1 players,0 players,No,No,"1,564 miles",39%,40%,$0.5M,81%,64,FanDuel,6.0,205,5.0,4.7
2021,Nets,Celtics,11-3,12-7,110.1 pts,108.2 pts,103.8 pts,101.4 pts,1 days,3 days,No,No,0 players,0 players,No,No,"1,827 miles",58%,64%,$2.5M,73%,252,BetMGM,-5.0,-248,-6.0,9.7
2022,Blazers,Celtics,1-33,16-17,103.0 pts,108.6 pts,110.4 pts,113.5 pts,4 days,2 days,No,No,0 players,1 players,No,No,"1,103 miles",51%,56%,$1.2M,95%,193,draftkings,3.5,176,4.0,-23.9
2022,Hornets,Kings,39-18,8-9,112.5 pts,108.5 pts,114.8 pts,102.5 pts,1 days,1 days,No,No,0 players,1 players,No,No,"2,344 miles",45%,57%,$0.9M,80%,116,betmgm,-3.5,-168,-3.5,-17.4
2023,Nuggets,Wizards,53-12,38-29,109.0 pts,111.7 pts,102.1 pts,111.9 pts,1 days,1 days,No,No,0 players,0 players,No,No,249 miles,49%,59%,$3.2M,88%,384,CAESARS,-8.5,-313,-9.5,9.8
2024,Celtics,Bulls,23-24,2-13,112.1 pts,104.8 pts,110.1 pts,111.7 pts,1 days,4 days,No,No,0 players,1 players,Yes,No,"2,299 miles",54%,54%,$2.0M,94%,229,betmgm,-11.0,-349,-11.0,-13.0
2022,76ers,Bulls,8-43,5-22,108.0 pts,104.7 pts,115.6 pts,118.4 pts,2 days,4 days,No,No,0 players,1 players,No,No,929 miles,57%,73%,$2.6M,69%,41,CAESARS,-4.5,-254,-7.0,6.3
2024,Clippers,Suns,41-32,33-17,111.5 pts,108.2 pts,113.5 pts,106.9 pts,4 days,1 days,No,No,1 players,0 players,No,No,"1,819 miles",61%,51%,$1.4M,83%,204,FanDuel,-2.0,-139,-1.5,18.3
2024,Cavaliers,Thunder,38-16,11-11,109.3 pts,104.6 pts,114.0 pts,111.2 pts,4 days,1 days,No,No,0 players,0 players,No,No,"1,094 miles",27%,14%,$0.3M,92%,54,DRAFTKINGS,-7.5,-267,-7.5,-7.7
2021,Blazers,Nuggets,2-25,12-7,101.2 pts,109.2 pts,118.4 pts,104.5 pts,2 days,1 days,No,No,1 players,Not Reported,No,No,491 miles,28%,9%,$4.6M,84%,313,CAESARS,14.0,405,15.0,5.2
2024,Bucks,Knicks,14-34,13-25,108.3 pts,107.5 pts,112.0 pts,111.6 pts,3 days,1 days,No,No,0 players,0 players,No,No,"1,396 miles",53%,55%,$3.8M,90%,297,CAESARS,-6.5,-252,-7.0,17.4
2021,Jazz,Bucks,2-21,10-29,99.6 pts,108.7 pts,116.3 pts,113.1 pts,2 days,1 days,No,No,1 players,1 players,No,No,131 miles,69%,66%,$2.2M,77%,269,DraftKings,5.5,169,4.0,9.2
2022,Hornets,76ers,39-18,5-37,107.1 pts,111.7 pts,109.5 pts,111.1 pts,4 days,1 days,No,No,2 players,0 players,No,No,922 miles,89%,79%,$3.6M,95%,321,FanDuel,-3.5,-156,-2.5,10.7
2024,Mavericks,Bulls,14-18,9-31,102.5 pts,101.5 pts,117.2 pts,110.1 pts,1 days,1 days,No,No,2 players,0 players,No,No,749 miles,48%,35%,$0.4M,80%,212,draftkings,-2.5,-119,-1.5,9.5
2024,Knicks,Clippers,12-12,26-28,106.6 pts,105.5 pts,108.5 pts,113.7 pts,3 days,2 days,No,No,0 players,0 players,Yes,No,434 miles,58%,64%,$1.1M,100%,261,Caesars,-2.5,-160,-3.0,-3.7
2022,Blazers,Pelicans,3-66,10-12,98.7 pts,104.9 pts,116.2 pts,106.6 pts,2 days,2 days,No,No,1 players,1 players,No,No,Unknown,58%,66%,$0.8M,94%,118,betmgm,11.0,319,10.5,-13.6
2024,Lakers,Bulls,7-48,10-38,102.9 pts,99.6 pts,116.8 pts,111.1 pts,1 days,1 days,No,No,2 players,0 players,No,Yes,"2,083 miles",18%,5%,$0.6M,77%,283,betmgm,-6.0,-243,-6.5,17.1
2022,Cavaliers,Grizzlies,12-9,14-27,105.4 pts,111.5 pts,110.1 pts,110.9 pts,1 days,1 days,No,No,1 players,0 players,No,No,"1,360 miles",46%,25%,$1.0M,81%,345,CAESARS,-5.0,-238,-6.0,-9.8
2023,Raptors,Warriors,10-7,1-10,100.7 pts,96.7 pts,112.8 pts,114.3 pts,3 days,1 days,No,No,0 players,Not Reported,No,No,587 miles,39%,41%,$4.1M,93%,249,FanDuel,-13.5,-393,-13.0,5.3
2024,Kings,Heat,27-18,35-27,115.0 pts,103.8 pts,105.6 pts,110.3 pts,4 days,2 days,No,No,0 players,0 players,No,No,776 miles,62%,60%,$1.0M,92%,5,caesars,-10.0,-293,-9.0,15.3
2024,Grizzlies,Nets,11-21,14-14,99.7 pts,107.0 pts,112.7 pts,111.6 pts,3 days,0 days,No,Yes,1 players,1 players,No,No,"1,908 miles",69%,61%,$2.4M,99%,312,DRAFTKINGS,4.5,202,5.0,-10.7
2024,Rockets,Pelicans,0-18,34-36,97.5 pts,110.1 pts,127.6 pts,107.7 pts,2 days,2 days,No,No,0 players,1 players,No,No,"1,159 miles",63%,66%,$1.4M,92%,124,DraftKings,17.5,480,18.5,-29.6
2024,Knicks,Timberwolves,40-31,0-11,109.4 pts,97.7 pts,109.5 pts,105.5 pts,2 days,3 days,No,No,1 players,1 players,No,No,722 miles,34%,37%,$1.4M,73%,14,BetMGM,-7.5,-261,-7.0,15.1
2021,Suns,Raptors,6-8,2-13,108.9 pts,103.7 pts,104.1 pts,105.4 pts,3 days,1 days,No,No,Not Reported,0 players,Yes,No,"1,282 miles",41%,35%,$0.6M,100%,60,betmgm,-8.0,-300,-8.5,-24.1
2022,Hawks,Jazz,23-12,8-60,109.0 pts,98.6 pts,107.5 pts,112.2 pts,1 days,1 days,No,No,0 players,0 players,No,No,Unknown,63%,63%,$2.7M,90%,41,CAESARS,-18.0,-479,-17.5,19.1
2024,Wizards,76ers,13-8,9-59,113.1 pts,102.1 pts,110.4 pts,111.6 pts,1 days,4 days,No,No,Not Reported,0 players,No,No,"1,534 miles",89%,95%,$0.3M,95%,5,BetMGM,-8.0,-279,-8.0,28.3
2022,Heat,Cavaliers,39-27,14-13,112.0 pts,107.8 pts,113.3 pts,109.8 pts,0 days,3 days,Yes,No,0 players,Not Reported,No,No,"2,162 miles",45%,50%,$0.6M,90%,234,FanDuel,-3.5,-224,-5.5,26.6
2024,Kings,Pistons,17-11,41-5,114.4 pts,108.5 pts,113.0 pts,96.1 pts,4 days,2 days,No,No,0 players,0 players,No,No,Unknown,39%,26%,$0.2M,76%,331,DRAFTKINGS,6.0,216,5.5,-14.4
2023,Timberwolves,Grizzlies,2-19,18-32,102.7 pts,104.0 pts,109.1 pts,114.5 pts,2 days,1 days,No,No,1 players,0 players,No,No,"2,333 miles",57%,44%,$0.3M,94%,289,DraftKings,-3.0,-168,-2.5,-1.1
2022,Knicks,Nuggets,25-40,27-5,107.8 pts,108.8 pts,112.2 pts,106.6 pts,1 days,3 days,No,No,1 players,0 players,No,No,519 miles,51%,62%,$0.6M,93%,330,FanDuel,3.5,161,3.5,-19.2
2022,Lakers,Cavaliers,7-28,18-21,102.0 pts,104.1 pts,112.6 pts,103.4 pts,0 days,1 days,Yes,No,1 players,1 players,No,No,"1,723 miles",38%,40%,$0.7M,73%,235,draftkings,8.5,288,9.0,-9.7
2023,Pelicans,Spurs,13-7,31-32,113.5 pts,102.0 pts,113.3 pts,109.8 pts,2 days,0 days,No,Yes,0 players,0 players,No,Yes,653 miles,70%,74%,$0.4M,85%,359,caesars,-10.5,-350,-11.5,14.7
2024,Pistons,Jazz,66-7,6-38,111.4 pts,101.0 pts,104.2 pts,112.9 pts,0 days,1 days,Yes,No,1 players,0 players,No,No,773 miles,77%,75%,$0.8M,88%,58,betmgm,-18.0,-515,-18.5,12.9
2023,Rockets,Magic,5-55,4-25,95.5 pts,106.8 pts,115.7 pts,114.2 pts,1 days,0 days,No,Yes,0 players,2 players,No,No,"1,650 miles",57%,43%,$0.9M,79%,369,CAESARS,4.5,213,5.5,-8.3
2022,Lakers,Grizzlies,5-50,9-26,102.8 pts,103.7 pts,116.5 pts,110.7 pts,1 days,1 days,No,No,1 players,1 players,Yes,No,493 miles,17%,8%,$1.1M,97%,47,Caesars,6.0,247,7.5,5.5
2023,Pacers,Lakers,10-9,6-42,105.7 pts,98.0 pts,110.2 pts,114.1 pts,2 days,1 days,No,No,2 players,0 players,No,No,447 miles,49%,38%,$3.0M,77%,167,betmgm,-9.0,-293,-8.5,7.8
2021,Bulls,Nuggets,15-49,49-20,103.2 pts,109.8 pts,117.1 pts,108.8 pts,2 days,1 days,No,No,1 players,Not Reported,No,No,"1,641 miles",50%,41%,$1.5M,91%,53,BetMGM,11.5,343,12.0,-1.7
2021,Celtics,Knicks,25-16,18-28,106.8 pts,104.4 pts,114.5 pts,112.1 pts,1 days,4 days,No,No,1 players,0 players,No,No,"2,316 miles",37%,18%,$0.2M,89%,90,fanduel,-4.0,-208,-4.5,0.6
2021,Hornets,Nets,18-6,24-13,105.7 pts,107.0 pts,108.0 pts,105.4 pts,4 days,0 days,No,Yes,Not Reported,0 players,No,No,59 miles,86%,95%,$0.2M,75%,148,BetMGM,-2.0,-178,-3.5,-2.6
2022,Hornets,Celtics,38-15,12-9,112.9 pts,109.3 pts,106.3 pts,107.8 pts,2 days,0 days,No,Yes,0 players,1 players,No,Yes,"2,225 miles",46%,38%,$0.5M,75%,109,DRAFTKINGS,-11.0,-310,-9.5,16.3
2021,Warriors,Wizards,2-44,17-11,97.6 pts,106.8 pts,114.5 pts,115.6 pts,1 days,4 days,No,No,1 players,0 players,No,No,"1,169 miles",35%,41%,$0.8M,82%,295,DRAFTKINGS,2.5,149,3.0,-28.4
2023,Hawks,Mavericks,34-18,25-34,115.0 pts,101.4 pts,104.1 pts,107.3 pts,1 days,3 days,No,No,1 players,0 players,No,No,293 miles,60%,55%,$0.5M,82%,185,betmgm,-11.0,-349,-11.5,16.9
2021,Rockets,Warriors,4-56,4-69,90.4 pts,98.1 pts,117.7 pts,116.1 pts,4 days,2 days,No,No,0 players,Not Reported,Yes,No,"1,301 miles",61%,72%,$1.4M,77%,200,BetMGM,6.0,188,4.5,-14.1
2021,Hawks,Spurs,15-4,26-24,109.1 pts,100.6 pts,110.1 pts,109.9 pts,1 days,3 days,No,No,2 players,Not Reported,Yes,No,"1,910 miles",61%,52%,$0.6M,88%,50,Caesars,-3.0,-145,-2.0,-7.8
2022,Mavericks,Raptors,21-15,19-39,102.5 pts,106.3 pts,111.2 pts,113.5 pts,1 days,0 days,No,Yes,1 players,0 players,Yes,No,"1,225 miles",63%,54%,$1.7M,81%,91,betmgm,-1.0,-139,-1.5,-4.1
2023,Pacers,Rockets,27-32,1-12,107.4 pts,94.2 pts,110.3 pts,120.0 pts,2 days,2 days,No,No,0 players,0 players,No,Yes,"2,495 miles",36%,30%,$0.8M,94%,369,FanDuel,-21.5,-538,-20.0,18.1
2022,Lakers,Cavaliers,7-36,9-9,106.5 pts,108.7 pts,112.5 pts,109.2 pts,4 days,1 days,No,No,0 players,0 players,No,No,"1,300 miles",33%,5%,$2.8M,93%,29,betmgm,5.5,253,7.0,-5.4
2021,Jazz,Nets,11-47,24-21,101.9 pts,114.5 pts,112.7 pts,106.5 pts,3 days,0 days,No,Yes,0 players,0 players,No,No,"2,162 miles",55%,78%,$0.7M,94%,349,Caesars,5.5,192,5.5,5.2
2023,Hawks,Rockets,49-21,0-14,105.7 pts,93.5 pts,107.2 pts,118.2 pts,4 days,1 days,No,No,0 players,1 players,No,No,"2,304 miles",37%,39%,$2.4M,100%,325,DraftKings,-21.0,-522,-19.0,27.0
2021,Lakers,Warriors,4-40,2-52,105.8 pts,105.1 pts,114.4 pts,117.2 pts,2 days,2 days,No,No,0 players,1 players,Yes,No,636 miles,32%,43%,$0.6M,99%,30,BetMGM,-6.5,-234,-6.0,8.8
2022,Cavaliers,Hornets,6-6,25-9,103.2 pts,110.0 pts,105.8 pts,106.9 pts,2 days,0 days,No,Yes,Not Reported,0 players,No,No,"2,398 miles",47%,41%,$1.9M,84%,339,DRAFTKINGS,-1.5,-111,-0.5,27.2
2022,Clippers,Grizzlies,28-33,9-30,108.9 pts,110.1 pts,116.2 pts,110.8 pts,0 days,1 days,Yes,No,0 players,1 players,Yes,Yes,"1,603 miles",59%,66%,$0.7M,72%,56,DraftKings,-1.0,-154,-2.5,6.4
2024,Timberwolves,Knicks,9-41,18-22,102.9 pts,103.9 pts,111.1 pts,118.7 pts,1 days,3 days,No,No,0 players,2 players,No,No,878 miles,22%,21%,$2.9M,94%,171,FanDuel,1.5,111,0.5,8.2
2022,Celtics,Rockets,38-25,1-52,110.9 pts,95.8 pts,109.7 pts,124.9 pts,1 days,1 days,No,No,0 players,0 players,No,No,"2,243 miles",46%,46%,$1.4M,99%,115,draftkings,-26.0,-679,-26.5,21.1
2021,Raptors,Spurs,15-9,12-15,108.8 pts,105.8 pts,106.6 pts,107.1 pts,2 days,0 days,No,Yes,1 players,0 players,No,No,"1,537 miles",41%,49%,$1.0M,84%,165,BetMGM,-5.5,-268,-7.5,0.1
2024,Knicks,Hawks,9-12,42-22,105.7 pts,115.8 pts,107.5 pts,106.1 pts,0 days,0 days,Yes,Yes,Not Reported,0 players,No,No,411 miles,73%,77%,$4.8M,83%,39,Caesars,2.0,156,3.0,-14.3
2022,Rockets,Hornets,4-33,12-4,96.3 pts,113.6 pts,119.0 pts,106.4 pts,2 days,4 days,No,No,1 players,Not Reported,No,Yes,"2,063 miles",84%,70%,$0.8M,99%,327,fanduel,14.5,374,13.5,-20.0
2023,76ers,Clippers,7-15,19-24,101.6 pts,105.8 pts,112.8 pts,109.7 pts,1 days,1 days,No,No,0 players,0 players,No,No,"1,360 miles",48%,42%,$1.3M,76%,216,betmgm,1.5,147,1.5,-2.9
2024,Nets,Thunder,10-8,6-14,107.2 pts,109.1 pts,114.6 pts,109.9 pts,1 days,2 days,No,No,0 players,2 players,No,No,"1,926 miles",37%,47%,$0.9M,87%,241,CAESARS,-2.0,-149,-2.5,14.8
2022,Bucks,Clippers,32-35,10-20,105.9 pts,116.0 pts,118.0 pts,109.0 pts,1 days,1 days,No,No,Not Reported,0 players,No,No,"2,219 miles",68%,66%,$1.4M,85%,313,CAESARS,5.0,211,5.5,-37.0
2021,Pistons,Wizards,50-4,21-24,110.1 pts,107.2 pts,108.3 pts,108.7 pts,4 days,3 days,No,No,1 players,1 players,No,No,"1,736 miles",82%,91%,$0.7M,91%,320,fanduel,-8.0,-284,-8.0,-2.8
2024,Thunder,Celtics,29-43,27-23,104.9 pts,99.4 pts,113.6 pts,117.0 pts,2 days,0 days,No,Yes,0 players,Not Reported,No,No,"1,018 miles",43%,50%,$1.3M,81%,26,draftkings,-5.5,-201,-4.5,-17.9
2024,Rockets,Bucks,3-68,8-22,88.2 pts,108.1 pts,114.0 pts,117.3 pts,4 days,1 days,No,No,0 players,0 players,No,No,717 miles,33%,49%,$0.5M,86%,224,caesars,6.0,198,5.0,6.6
2024,Celtics,Rockets,34-27,2-56,111.0 pts,99.3 pts,112.1 pts,122.8 pts,2 days,0 days,No,Yes,0 players,1 players,No,No,71 miles,53%,62%,$1.3M,80%,301,Caesars,-20.0,-548,-20.5,12.6
2023,Grizzlies,Pelicans,14-26,30-24,101.9 pts,110.7 pts,112.9 pts,109.6 pts,2 days,4 days,No,No,3 players,0 players,No,No,"1,769 miles",27%,20%,$3.0M,74%,360,caesars,4.0,209,6.0,-1.7
2022,Wizards,Raptors,8-7,17-42,110.9 pts,107.5 pts,110.2 pts,114.0 pts,1 days,2 days,No,No,0 players,1 players,No,No,"2,238 miles",61%,65%,$2.3M,99%,261,FanDuel,-7.0,-227,-6.0,5.1
2022,Grizzlies,Jazz,15-29,5-25,102.5 pts,101.2 pts,116.0 pts,119.8 pts,2 days,0 days,No,Yes,1 players,0 players,Yes,No,457 miles,33%,28%,$2.0M,95%,76,betmgm,-1.0,-113,-0.5,-9.7
2021,Raptors,Rockets,17-36,2-31,104.4 pts,99.2 pts,108.7 pts,117.7 pts,2 days,4 days,No,No,1 players,1 players,No,No,"2,201 miles",62%,57%,$2.4M,100%,244,draftkings,-16.0,-459,-16.5,1.0
2023,Cavaliers,Kings,12-11,13-14,106.7 pts,110.4 pts,110.6 pts,113.3 pts,1 days,0 days,No,Yes,0 players,0 players,No,No,52 miles,29%,32%,$1.9M,100%,396,DraftKings,-1.5,-131,-1.5,17.0
2024,Grizzlies,Rockets,7-15,2-47,108.9 pts,94.3 pts,113.9 pts,118.9 pts,1 days,1 days,No,No,1 players,1 players,No,Yes,Unknown,33%,19%,$0.2M,91%,317,caesars,-21.5,-553,-21.0,32.2
2022,Hawks,Warriors,21-5,3-19,109.5 pts,101.4 pts,111.7 pts,109.3 pts,1 days,3 days,No,No,0 players,0 players,No,No,"1,811 miles",67%,79%,$0.5M,83%,281,CAESARS,-12.5,-404,-13.5,-2.9
2021,Spurs,Jazz,30-25,3-44,108.1 pts,100.2 pts,110.3 pts,116.1 pts,4 days,1 days,No,No,0 players,2 players,No,No,"2,350 miles",35%,29%,$3.0M,90%,146,DRAFTKINGS,-17.5,-458,-16.0,36.2
2021,Thunder,Warriors,27-47,2-66,109.4 pts,106.4 pts,114.7 pts,117.7 pts,1 days,4 days,No,No,0 players,0 players,No,No,"2,491 miles",49%,61%,$2.9M,100%,366,betmgm,-10.0,-355,-11.0,-15.2
2023,Nuggets,Blazers,44-11,3-39,110.2 pts,102.2 pts,107.1 pts,111.3 pts,0 days,1 days,Yes,No,0 players,1 players,No,No,"1,225 miles",51%,48%,$2.4M,73%,250,DraftKings,-14.5,-459,-16.0,14.7
2024,Heat,Grizzlies,33-11,21-44,107.9 pts,104.6 pts,116.3 pts,102.3 pts,0 days,1 days,Yes,No,0 players,1 players,No,No,"1,966 miles",42%,56%,$0.4M,69%,370,FanDuel,-2.5,-173,-3.5,1.2
2023,Nets,Wizards,20-8,8-5,108.4 pts,106.8 pts,109.2 pts,110.2 pts,4 days,1 days,No,No,0 players,0 players,No,No,"2,291 miles",58%,47%,$0.6M,69%,238,draftkings,-2.5,-129,-2.0,-2.6
2023,Cavaliers,Timberwolves,32-18,7-65,105.2 pts,103.3 pts,108.9 pts,113.6 pts,1 days,1 days,No,No,2 players,1 players,No,No,"1,746 miles",51%,69%,$0.2M,84%,376,DRAFTKINGS,-9.5,-291,-9.5,-1.8
2023,Mavericks,76ers,29-25,9-24,109.4 pts,108.1 pts,115.3 pts,114.1 pts,3 days,1 days,No,No,2 players,2 players,No,No,"2,061 miles",41%,36%,$0.6M,90%,363,FanDuel,-3.5,-183,-4.0,12.6
2023,Kings,Magic,28-16,2-10,109.3 pts,109.3 pts,101.7 pts,118.5 pts,1 days,1 days,No,No,2 players,1 players,No,No,Unknown,41%,52%,$0.8M,78%,237,BetMGM,-10.5,-351,-11.5,18.8
2023,Nets,Rockets,48-26,2-37,107.4 pts,92.3 pts,105.3 pts,112.9 pts,2 days,2 days,No,No,0 players,1 players,No,No,972 miles,41%,35%,$0.4M,88%,380,betmgm,-22.0,-587,-22.0,24.2
2021,Pistons,Warriors,37-4,4-41,119.4 pts,94.3 pts,103.1 pts,114.4 pts,2 days,2 days,No,No,0 players,0 players,No,Yes,"1,598 miles",49%,47%,$1.2M,84%,202,caesars,-28.0,-682,-26.0,43.5
2024,Wizards,Heat,6-6,28-16,110.6 pts,103.2 pts,108.8 pts,101.3 pts,0 days,2 days,Yes,No,0 players,1 players,No,No,807 miles,74%,69%,$1.5M,88%,292,fanduel,-3.5,-176,-3.5,5.5
2022,Warriors,Cavaliers,3-26,40-26,104.7 pts,105.8 pts,121.0 pts,107.2 pts,3 days,1 days,No,No,0 players,1 players,No,No,592 miles,69%,70%,$4.1M,100%,62,DraftKings,9.0,269,8.5,-22.5
2022,Celtics,Kings,23-13,21-20,112.3 pts,108.2 pts,106.6 pts,110.8 pts,3 days,0 days,No,Yes,0 players,1 players,No,Yes,728 miles,39%,41%,$0.6M,82%,261,DRAFTKINGS,-10.5,-327,-10.5,-5.7
2022,Bucks,76ers,29-42,2-13,106.2 pts,102.7 pts,116.5 pts,113.5 pts,1 days,1 days,No,No,2 players,0 players,No,No,Unknown,60%,61%,$1.0M,94%,212,DRAFTKINGS,-7.0,-245,-6.5,2.3
2024,Grizzlies,76ers,22-46,9-32,109.3 pts,102.8 pts,111.6 pts,116.0 pts,2 days,1 days,No,No,0 players,0 players,Yes,No,217 miles,23%,26%,$6.3M,79%,380,fanduel,-4.5,-197,-4.5,31.3
2022,76ers,Jazz,16-47,8-30,104.2 pts,105.1 pts,108.0 pts,109.2 pts,2 days,3 days,No,No,0 players,3 players,No,No,"2,229 miles",39%,43%,$2.3M,83%,264,CAESARS,-7.5,-278,-7.5,11.7
2022,Suns,Cavaliers,31-22,27-28,114.0 pts,104.4 pts,110.3 pts,111.7 pts,2 days,1 days,No,No,Not Reported,1 players,Yes,Yes,"1,516 miles",73%,50%,$1.7M,85%,251,betmgm,-5.5,-237,-6.0,6.5
2022,Celtics,76ers,39-25,3-8,108.4 pts,105.2 pts,106.5 pts,111.2 pts,0 days,0 days,Yes,Yes,1 players,1 players,No,No,849 miles,72%,89%,$0.9M,84%,214,caesars,-5.5,-227,-6.0,8.9
2022,Clippers,Rockets,25-28,1-60,103.6 pts,94.3 pts,108.8 pts,120.0 pts,1 days,1 days,No,No,3 players,1 players,No,No,"2,421 miles",53%,42%,$5.6M,83%,112,draftkings,-17.0,-459,-16.5,0.9
