country,region,year,quarter,income_group,primary_export_sector,currency_regime,imf_program_active,population,gdp_per_capita_usd,exports_pct_gdp,imports_pct_gdp,tourism_arrivals_millions,tourism_revenue_pct_gdp,fdi_inflow_pct_gdp,inflation_rate_pct,unemployment_rate_pct,central_bank_rate_pct,government_debt_pct_gdp,fiscal_balance_pct_gdp,trade_balance_pct_gdp,commodity_export_price_index,exchange_rate_volatility_index,education_spending_pct_gdp,political_stability_index,natural_disaster_event,disaster_damage_pct_gdp,imf_next_year_growth_forecast_pct,gdp_growth_rate_pct
El Salvador,Central America,2005,Q2,Lower middle income,Manufacturing & Trade,Pegged (Dollarized),Yes,"6,228,492 people","$4,061",35.3%,44.1%,0.19 million visitors,1.9%,4.7%,5.5%,5.7%,5.7%,70.9%,(7.1%),(9.8%),105.3,18.9,4.3%,-0.78,No,..,(0.2%),0.7%
GUYANA,South America,2020,Q1,High income,Mining & Extractives,Floating,No,"754,620 people","$14,070",49.4%,53.9%,0.05 million visitors,1.9%,4.5%,7.3%,8.3%,9.4%,34.9%,(1.1%),(4.4%),102.8,45.4,3.8%,-0.29,No,..,8.4%,10.8%
GUATEMALA,Central America,2012,Q4,Upper middle income,Agriculture & Agro-exports,Floating,No,"16,481,358 people","$4,829",42.9%,47.3%,1.34 million visitors,0.5%,3.4%,3.1%,7.9%,5.1%,39.9%,(4.6%),(3.8%),112.3,33.4,4.4%,-0.19,No,..,1.2%,2.4%
 El Salvador ,Central America,2021,Q3,Lower middle income,Manufacturing & Trade,Pegged (Dollarized),No,"6,230,887 people","$4,097",33.6%,41.2%,1.24 million visitors,2.9%,6.4%,0.9%,7.5%,2.9%,82.9%,(6.7%),(7.8%),96.9,5.0,3.4%,-0.64,No,..,0.9%,(1.7%)
TRINIDAD AND TOBAGO,Caribbean,2017,Q1,High income,Mining & Extractives,Floating,No,"1,476,816 people","$17,293",42.0%,41.5%,0.29 million visitors,3.6%,5.5%,8.4%,10.6%,8.6%,64.4%,(0.6%),(1.1%),94.7,21.2,5.7%,0.24,No,..,2.1%,0.5%
nicaragua,Central America,2012,Q2,Lower middle income,Agriculture & Agro-exports,Managed Float,No,"6,615,200 people","$3,073",30.6%,31.6%,0.38 million visitors,0.7%,3.1%,8.1%,8.1%,9.7%,39.2%,(2.3%),(1.4%),102.7,42.8,5.3%,-1.78,No,..,1.2%,1.7%
dominican republic,Caribbean,2006,Q3,Upper middle income,Tourism & Services,Managed Float,No,"10,817,501 people","$8,412",33.4%,36.6%,2.61 million visitors,5.3%,2.3%,7.2%,6.5%,10.9%,49.1%,(3.8%),(2.9%),96.3,24.8,4.7%,0.39,No,..,6.9%,5.0%
Ecuador,South America,2011,Q2,Upper middle income,Mining & Extractives,Pegged (Dollarized),No,"17,387,112 people","$6,754",38.9%,34.6%,0.43 million visitors,2.7%,5.6%,5.3%,4.5%,7.6%,66.5%,(0.8%),5.1%,95.2,15.9,6.4%,-1.01,No,..,(2.2%),(0.5%)
EL SALVADOR,Central America,2015,Q4,Lower middle income,Manufacturing & Trade,Pegged (Dollarized),No,"6,326,309 people","$4,127",39.6%,45.0%,0.81 million visitors,2.5%,1.1%,5.3%,5.5%,7.9%,82.8%,(4.8%),(6.7%),93.8,2.0,3.7%,-0.97,No,..,1.6%,1.4%
el salvador,Central America,2004,Q4,Lower middle income,Manufacturing & Trade,Pegged (Dollarized),Yes,"6,239,116 people","$3,199",38.0%,39.5%,0.27 million visitors,0.5%,2.3%,8.9%,11.2%,10.7%,71.2%,(6.2%),(3.4%),99.4,24.8,2.6%,-0.28,No,..,1.7%,1.1%
Dominican Republic,Caribbean,2022,Q1,Upper middle income,Tourism & Services,Managed Float,No,"10,749,317 people","$7,988",29.9%,35.0%,2.93 million visitors,5.7%,4.0%,6.1%,8.2%,7.8%,51.0%,(4.0%),(3.8%),94.5,51.1,5.4%,0.09,No,..,6.4%,4.7%
honduras,Central America,2003,Q2,Lower middle income,Agriculture & Agro-exports,Floating,No,"9,491,902 people","$3,039",36.4%,47.1%,1.13 million visitors,2.0%,0.6%,5.2%,8.5%,6.4%,45.6%,(1.6%),(10.8%),97.3,18.5,5.6%,-0.74,Yes,2.1%,3.1%,2.1%
dominican republic,Caribbean,2013,Q4,Upper middle income,Tourism & Services,Managed Float,No,"10,892,475 people","$8,925",27.9%,34.2%,2.12 million visitors,3.4%,3.3%,6.7%,13.1%,9.0%,48.9%,(1.4%),(6.6%),90.2,28.4,5.7%,-0.11,No,..,5.3%,4.0%
Guyana,South America,2018,Q4,High income,Mining & Extractives,Floating,No,"905,400 people","$14,792",40.1%,39.8%,0.05 million visitors,1.9%,2.4%,6.5%,3.5%,9.0%,36.7%,(4.2%),0.2%,108.9,31.7,..,0.05,No,..,12.8%,11.2%
Ecuador,South America,2016,Q3,Upper middle income,Mining & Extractives,Pegged (Dollarized),No,"17,500,048 people","$6,351",41.1%,48.6%,0.99 million visitors,2.7%,6.4%,3.7%,12.8%,6.8%,66.3%,(2.8%),(7.8%),87.3,25.7,4.4%,-0.34,No,..,(1.0%),0.5%
Uruguay,South America,2014,Q1,High income,Agriculture & Agro-exports,Floating,No,"3,322,538 people","$16,458",38.6%,37.5%,1.09 million visitors,3.3%,3.9%,5.1%,9.5%,5.4%,74.6%,(3.8%),0.9%,90.1,42.0,5.1%,1.14,No,..,2.3%,1.5%
COSTA RICA,Central America,2007,Q3,Upper middle income,Tourism & Services,Managed Float,No,"5,041,152 people","$11,444",31.9%,32.4%,2.37 million visitors,10.5%,2.9%,4.6%,9.8%,5.6%,50.1%,2.8%,(1.0%),101.2,38.4,3.3%,1.01,No,..,4.4%,5.2%
Dominican  Republic,Caribbean,2007,Q2,Upper middle income,Tourism & Services,Managed Float,No,"10,737,905 people","$8,919",34.1%,45.0%,1.74 million visitors,8.6%,4.9%,7.9%,8.7%,10.8%,46.3%,(4.1%),(10.3%),97.1,42.8,3.9%,-0.12,No,..,7.8%,7.1%
panama,Central America,2015,Q4,High income,Trade & Logistics,Pegged (Dollarized),No,"4,192,352 people","$15,077",27.9%,38.7%,1.92 million visitors,4.2%,1.6%,3.8%,7.2%,8.4%,56.3%,(5.0%),(11.2%),108.5,22.7,4.0%,0.35,No,..,1.3%,3.2%
 Trinidad and Tobago ,Caribbean,2020,Q3,High income,Mining & Extractives,Floating,No,"1,369,949 people","$17,390",38.8%,42.2%,0.54 million visitors,1.6%,2.2%,5.7%,6.4%,7.9%,69.3%,(5.2%),(2.1%),99.1,45.3,3.4%,-0.15,No,..,0.7%,2.0%
PANAMA,Central America,2003,Q2,High income,Trade & Logistics,Pegged (Dollarized),No,"4,141,399 people","$15,544",34.6%,36.9%,1.20 million visitors,2.4%,3.9%,4.1%,9.8%,5.4%,50.3%,(4.1%),(1.2%),98.0,7.6,4.6%,-0.14,No,..,3.0%,3.2%
 Ecuador ,South America,2023,Q3,Upper middle income,Mining & Extractives,Pegged (Dollarized),No,"17,576,339 people","$4,848",38.0%,33.7%,0.73 million visitors,2.4%,2.0%,0.8%,9.9%,0.9%,65.3%,(6.6%),5.8%,78.1,6.6,4.9%,-0.96,No,..,(2.0%),(0.7%)
PARAGUAY,South America,2013,Q4,Upper middle income,Agriculture & Agro-exports,Managed Float,Yes,"6,770,002 people","$6,141",33.4%,33.8%,..,4.0%,4.6%,2.3%,9.3%,4.5%,30.5%,(0.9%),1.4%,116.6,48.0,3.2%,-0.1,No,..,2.9%,2.3%
Bolivia,South America,2021,Q4,Lower middle income,Mining & Extractives,Managed Float,No,"11,492,918 people","$3,739",36.2%,28.8%,0.05 million visitors,3.0%,1.2%,9.9%,7.4%,12.5%,53.2%,(3.1%),9.2%,76.9,25.8,6.6%,-0.78,No,..,1.4%,0.5%
dominican republic,Caribbean,2015,Q4,Upper middle income,Tourism & Services,Managed Float,No,"10,749,710 people","$7,962",30.7%,40.4%,3.21 million visitors,6.0%,(0.1%),5.0%,9.9%,7.6%,49.8%,(3.6%),(10.4%),93.1,28.0,3.9%,0.12,No,..,4.0%,4.3%
ECUADOR,South America,2022,Q2,Upper middle income,Mining & Extractives,Pegged (Dollarized),No,"17,475,509 people","$7,204",43.2%,37.1%,0.73 million visitors,1.4%,2.0%,7.3%,10.5%,9.8%,65.2%,(2.9%),6.8%,72.2,27.5,5.2%,-0.67,No,..,1.6%,0.5%
 Ecuador ,South America,2009,Q1,Upper middle income,Mining & Extractives,Pegged (Dollarized),No,"17,447,531 people","$6,618",35.3%,39.5%,1.39 million visitors,0.5%,(0.8%),5.8%,7.1%,8.4%,65.4%,(4.2%),(4.3%),94.8,17.0,4.5%,-1.0,No,..,2.8%,1.3%
Guyana,South America,2023,Q1,High income,Mining & Extractives,Floating,No,"800,064 people","$14,020",41.7%,56.4%,0.05 million visitors,0.5%,4.8%,6.5%,9.5%,7.7%,43.8%,(2.6%),(14.3%),114.0,28.8,3.3%,-0.24,No,..,10.4%,10.0%
belize,Central America,2010,Q4,Upper middle income,Tourism & Services,Pegged (Dollarized),No,"391,698 people","$6,544",25.2%,22.2%,1.99 million visitors,7.4%,1.1%,8.5%,9.7%,10.1%,89.5%,(1.5%),2.4%,85.4,26.8,5.7%,-0.07,No,..,0.2%,(1.7%)
Honduras,Central America,2005,Q2,Lower middle income,Agriculture & Agro-exports,Floating,No,"9,522,575 people","$2,885",41.2%,45.8%,1.89 million visitors,2.1%,1.6%,6.7%,12.3%,9.6%,44.8%,(5.4%),(3.6%),96.8,29.3,3.1%,-1.08,No,..,(1.0%),0.7%
 Guyana ,South America,2010,Q2,High income,Mining & Extractives,Floating,No,"754,032 people","$13,617",46.6%,57.0%,0.05 million visitors,2.3%,2.2%,6.8%,7.7%,10.1%,39.5%,(2.9%),(9.7%),99.2,50.1,4.8%,0.27,No,..,9.6%,10.7%
Uruguay,South America,2022,Q4,High income,Agriculture & Agro-exports,Floating,Yes,"3,391,834 people","$16,609",31.9%,39.4%,1.16 million visitors,0.7%,4.4%,3.9%,9.9%,5.3%,82.1%,(2.2%),(7.0%),95.9,33.6,4.2%,1.22,No,..,1.5%,0.9%
El Salvador,Central America,2022,Q3,Lower middle income,Manufacturing & Trade,Pegged (Dollarized),Yes,"6,302,518 people","$4,514",30.2%,45.2%,1.10 million visitors,4.1%,4.8%,7.1%,5.9%,9.8%,84.6%,(4.5%),(14.1%),108.1,24.3,4.9%,-1.07,No,..,1.5%,2.7%
 Paraguay ,South America,2013,Q2,Upper middle income,Agriculture & Agro-exports,Managed Float,No,"6,816,864 people","$5,728",44.7%,48.0%,0.13 million visitors,0.8%,..,3.0%,6.1%,4.7%,30.5%,(3.7%),(2.9%),116.6,39.6,..,-0.61,No,..,3.1%,2.9%
costa rica,Central America,2018,Q4,Upper middle income,Tourism & Services,Managed Float,No,"5,038,960 people","$12,915",29.1%,42.4%,4.15 million visitors,11.3%,3.1%,6.8%,2.5%,9.4%,54.1%,(3.7%),(13.4%),93.7,33.6,..,0.57,No,..,4.8%,6.0%
 El Salvador ,Central America,2007,Q1,Lower middle income,Manufacturing & Trade,Pegged (Dollarized),Yes,"6,303,805 people","$4,989",35.5%,37.1%,0.86 million visitors,2.2%,2.9%,3.8%,2.2%,2.3%,74.8%,(2.8%),(1.4%),102.8,2.0,3.3%,-1.04,No,..,0.8%,2.7%
 Panama ,Central America,2012,Q4,High income,Trade & Logistics,Pegged (Dollarized),No,"4,213,129 people","$17,257",28.9%,32.2%,1.63 million visitors,5.3%,(0.3%),2.7%,6.0%,3.8%,54.5%,(4.3%),(2.9%),107.0,16.2,5.6%,0.57,No,..,6.1%,5.6%
EL SALVADOR,Central America,2012,Q2,Lower middle income,Manufacturing & Trade,Pegged (Dollarized),No,"6,282,413 people","$3,352",34.1%,44.5%,1.42 million visitors,2.5%,0.0%,5.0%,6.8%,6.3%,80.2%,(2.5%),(11.3%),96.6,25.4,2.3%,-0.31,No,..,3.8%,2.4%
NICARAGUA,Central America,2008,Q2,Lower middle income,Agriculture & Agro-exports,Managed Float,No,"6,419,241 people","$2,502",41.8%,34.3%,0.84 million visitors,0.8%,(0.2%),7.5%,8.9%,8.0%,39.0%,(4.7%),6.7%,95.8,38.7,5.5%,-1.52,Yes,0.8%,(1.2%),1.8%
 El Salvador ,Central America,2004,Q1,Lower middle income,Manufacturing & Trade,Pegged (Dollarized),Yes,"6,262,000 people","$5,446",34.5%,40.4%,0.79 million visitors,1.5%,4.2%,4.4%,6.2%,6.5%,71.2%,(2.8%),(5.7%),99.4,12.0,5.6%,-0.75,No,..,3.6%,1.6%
Trinidad and Tobago,Caribbean,2022,Q4,High income,Mining & Extractives,Floating,Yes,"1,521,994 people","$15,776",39.0%,43.2%,0.05 million visitors,1.7%,6.8%,8.3%,4.1%,8.9%,70.5%,(4.1%),(3.4%),98.4,23.9,5.8%,0.62,No,..,(0.6%),(0.3%)
uruguay,South America,2007,Q2,High income,Agriculture & Agro-exports,Floating,No,"3,364,915 people","$16,347",41.3%,58.1%,0.65 million visitors,2.2%,3.6%,6.8%,8.9%,6.7%,62.2%,(2.6%),(16.1%),93.6,40.6,6.0%,1.36,No,..,4.0%,3.6%
ECUADOR,South America,2013,Q4,Upper middle income,Mining & Extractives,Pegged (Dollarized),No,"17,483,877 people","$6,263",47.8%,50.3%,0.95 million visitors,2.7%,2.4%,7.2%,5.3%,9.7%,66.5%,(7.2%),(1.6%),92.7,10.6,..,-0.36,No,..,0.7%,1.4%
COSTA RICA,Central America,2011,Q3,Upper middle income,Tourism & Services,Managed Float,No,"4,983,838 people","$12,340",42.7%,46.7%,3.88 million visitors,11.4%,4.1%,4.6%,4.3%,8.5%,51.3%,(5.0%),(6.1%),104.4,22.8,5.5%,0.28,No,..,5.2%,5.3%
Trinidad  and  Tobago,Caribbean,2015,Q4,High income,Mining & Extractives,Floating,No,"1,490,856 people","$16,088",51.2%,60.9%,1.06 million visitors,3.8%,7.4%,4.5%,9.3%,7.8%,62.3%,(3.7%),(11.2%),84.3,30.7,4.6%,-0.21,No,..,(2.8%),(0.8%)
EL SALVADOR,Central America,2013,Q4,Lower middle income,Manufacturing & Trade,Pegged (Dollarized),No,"6,218,862 people","$3,402",41.8%,46.6%,0.86 million visitors,3.3%,1.0%,5.2%,9.4%,6.0%,83.4%,(2.7%),(5.7%),91.2,18.4,2.7%,-1.02,No,..,1.3%,0.9%
Guatemala,Central America,2014,Q4,Upper middle income,Agriculture & Agro-exports,Floating,No,"16,535,271 people","$5,207",35.9%,40.3%,1.28 million visitors,1.1%,..,5.4%,5.8%,6.4%,42.1%,(2.3%),(3.7%),111.6,38.7,5.7%,-0.65,No,..,2.3%,3.3%
JAMAICA,Caribbean,2009,Q4,Upper middle income,Tourism & Services,Floating,No,"2,776,353 people","$5,231",34.9%,35.0%,2.57 million visitors,7.2%,2.9%,5.7%,9.9%,6.3%,95.4%,(4.1%),0.4%,111.7,10.8,..,-0.69,No,..,0.6%,0.2%
dominican republic,Caribbean,2013,Q3,Upper middle income,Tourism & Services,Managed Float,No,"10,770,111 people","$7,995",27.6%,34.4%,2.19 million visitors,7.1%,1.1%,4.6%,5.3%,5.1%,48.9%,(3.9%),(6.1%),90.2,24.9,5.1%,-0.22,Yes,1.3%,0.5%,4.0%
COSTA RICA,Central America,2005,Q2,Upper middle income,Tourism & Services,Managed Float,No,"4,958,804 people","$13,528",37.7%,39.9%,2.78 million visitors,6.8%,3.3%,9.0%,7.1%,9.7%,50.7%,(3.1%),(2.7%),100.3,34.5,3.6%,0.14,No,..,4.6%,4.6%
GUATEMALA,Central America,2012,Q3,Upper middle income,Agriculture & Agro-exports,Floating,No,"16,490,862 people","$4,234",33.0%,36.3%,1.48 million visitors,4.6%,3.7%,4.4%,8.4%,5.9%,39.9%,(4.1%),(4.6%),112.3,31.2,3.4%,-0.44,No,..,3.7%,1.4%
Belize,Central America,2007,Q1,Upper middle income,Tourism & Services,Pegged (Dollarized),No,"445,913 people","$4,762",27.8%,31.2%,..,4.6%,7.9%,2.4%,9.9%,5.1%,89.0%,(0.4%),(3.8%),85.8,5.9,3.7%,0.11,No,..,0.2%,2.0%
honduras,Central America,2016,Q4,Lower middle income,Agriculture & Agro-exports,Floating,No,"9,454,934 people","$2,190",38.4%,43.5%,0.25 million visitors,2.8%,2.8%,3.6%,9.9%,5.0%,53.9%,(3.6%),(4.5%),87.0,31.0,3.5%,-1.12,No,..,2.0%,1.2%
COSTA RICA,Central America,2009,Q3,Upper middle income,Tourism & Services,Managed Float,No,"5,031,302 people","$12,939",31.5%,31.9%,3.95 million visitors,8.5%,4.8%,2.2%,5.0%,2.1%,51.5%,(3.1%),(0.9%),102.6,29.8,2.8%,0.86,No,..,2.3%,3.1%
NICARAGUA,Central America,2021,Q4,Lower middle income,Agriculture & Agro-exports,Managed Float,No,"6,439,092 people","$1,676",38.4%,37.0%,0.64 million visitors,0.9%,1.0%,7.8%,10.1%,10.5%,38.4%,(3.9%),1.8%,95.2,17.4,5.7%,-0.74,No,..,(1.4%),0.9%
Belize,Central America,2010,Q3,Upper middle income,Tourism & Services,Pegged (Dollarized),No,"382,028 people","$4,738",28.1%,39.8%,1.66 million visitors,7.1%,5.7%,7.8%,8.3%,10.3%,89.5%,(6.3%),(11.1%),85.4,9.8,3.9%,-0.73,No,..,(1.6%),(0.1%)
Guatemala,Central America,2020,Q4,Upper middle income,Agriculture & Agro-exports,Floating,No,"16,516,744 people","$5,191",39.6%,40.5%,0.51 million visitors,2.9%,(2.8%),3.1%,8.9%,4.8%,45.2%,(5.0%),(1.0%),101.7,37.6,3.6%,-0.55,No,..,1.7%,2.2%
 Belize ,Central America,2022,Q4,Upper middle income,Tourism & Services,Pegged (Dollarized),No,"421,686 people","$4,853",33.3%,39.3%,0.60 million visitors,7.3%,1.8%,2.8%,7.6%,5.4%,89.6%,(3.9%),(5.3%),69.2,36.8,4.4%,-0.91,No,..,(1.2%),2.6%
BOLIVIA,South America,2011,Q1,Lower middle income,Mining & Extractives,Managed Float,No,"11,545,278 people","$4,337",31.3%,38.0%,0.05 million visitors,1.9%,3.5%,6.3%,3.2%,8.0%,47.2%,(6.4%),(6.6%),89.1,18.3,4.0%,-0.57,No,..,(0.3%),0.8%
Belize,Central America,2017,Q4,Upper middle income,Tourism & Services,Pegged (Dollarized),No,"411,653 people","$6,000",32.0%,33.1%,1.28 million visitors,5.5%,2.2%,1.0%,9.2%,2.5%,90.9%,(3.8%),(1.8%),70.8,18.1,5.0%,0.44,No,..,5.2%,3.1%
Ecuador,South America,2013,Q3,Upper middle income,Mining & Extractives,Pegged (Dollarized),No,"17,516,262 people","$6,485",36.8%,32.8%,0.55 million visitors,4.4%,5.1%,6.8%,6.2%,9.2%,66.5%,(2.9%),2.2%,92.7,18.4,3.7%,-1.01,No,..,2.8%,2.8%
 Jamaica ,Caribbean,2013,Q2,Upper middle income,Tourism & Services,Floating,No,"2,746,543 people","$4,976",34.5%,32.6%,3.92 million visitors,8.6%,2.6%,5.5%,3.8%,9.0%,93.7%,(2.9%),2.9%,113.1,36.8,3.9%,-0.47,No,..,3.5%,1.4%
Ecuador,South America,2005,Q2,Upper middle income,Mining & Extractives,Pegged (Dollarized),No,"17,523,017 people","$6,513",43.2%,42.4%,1.01 million visitors,1.6%,3.3%,8.6%,6.8%,9.9%,59.1%,(4.8%),3.4%,101.6,22.8,..,-0.1,No,..,2.4%,1.7%
Ecuador,South America,2012,Q2,Upper middle income,Mining & Extractives,Pegged (Dollarized),No,"17,493,613 people","$5,953",48.1%,51.4%,0.81 million visitors,0.8%,..,1.3%,10.4%,2.7%,67.3%,(4.1%),(2.9%),94.2,7.2,6.5%,-0.35,No,..,(0.2%),(0.3%)
panama,Central America,2003,Q4,High income,Trade & Logistics,Pegged (Dollarized),No,"4,243,146 people","$16,320",37.9%,38.4%,2.11 million visitors,2.9%,2.2%,6.5%,8.1%,10.7%,50.3%,(1.5%),(0.2%),98.0,28.1,5.6%,0.44,No,..,6.6%,5.9%
Dominican  Republic,Caribbean,2023,Q4,Upper middle income,Tourism & Services,Managed Float,No,"10,750,465 people","$7,509",41.0%,59.2%,1.95 million visitors,7.3%,2.9%,6.3%,8.0%,7.3%,51.6%,(1.7%),(15.8%),90.8,14.6,3.7%,0.42,No,..,6.2%,5.1%
bolivia,South America,2009,Q4,Lower middle income,Mining & Extractives,Managed Float,No,"11,590,267 people","$4,279",40.4%,44.3%,..,0.5%,2.9%,7.3%,9.3%,8.2%,40.1%,(2.9%),(5.2%),87.8,43.4,5.6%,-0.09,No,..,(0.1%),(0.4%)
PARAGUAY,South America,2005,Q1,Upper middle income,Agriculture & Agro-exports,Managed Float,No,"6,836,130 people","$6,047",33.3%,39.3%,..,1.0%,0.9%,5.1%,5.7%,7.9%,27.9%,(3.4%),(6.6%),104.2,35.0,7.2%,0.11,No,..,(0.6%),2.4%
 Uruguay ,South America,2005,Q3,High income,Agriculture & Agro-exports,Floating,No,"3,426,565 people","$16,861",31.1%,41.0%,1.05 million visitors,0.5%,2.8%,1.2%,7.4%,1.5%,60.3%,(1.5%),(12.4%),98.6,32.4,4.2%,1.43,No,..,3.7%,1.8%
Panama,Central America,2017,Q2,High income,Trade & Logistics,Pegged (Dollarized),No,"4,166,596 people","$15,791",30.3%,35.0%,1.49 million visitors,6.4%,(2.8%),1.5%,7.9%,3.2%,57.9%,0.7%,(3.8%),106.8,16.6,4.7%,0.2,No,..,6.4%,4.1%
Dominican  Republic,Caribbean,2006,Q2,Upper middle income,Tourism & Services,Managed Float,No,"10,871,789 people","$7,806",36.0%,55.7%,3.13 million visitors,5.1%,(3.4%),1.7%,9.8%,4.0%,49.1%,(1.7%),(19.4%),96.3,36.2,4.0%,0.1,No,..,3.3%,4.5%
panama,Central America,2016,Q4,High income,Trade & Logistics,Pegged (Dollarized),No,"4,275,277 people","$15,517",37.6%,43.3%,2.29 million visitors,4.9%,(0.0%),3.6%,8.6%,6.2%,55.8%,(6.7%),(6.7%),106.2,16.0,2.9%,-0.14,No,..,3.0%,4.5%
BOLIVIA,South America,2018,Q4,Lower middle income,Mining & Extractives,Managed Float,No,"11,513,923 people","$3,771",41.2%,41.9%,0.05 million visitors,0.5%,2.2%,8.8%,10.4%,10.0%,49.3%,(1.2%),(0.6%),87.2,42.9,3.9%,-0.35,No,..,2.1%,1.2%
PANAMA,Central America,2005,Q2,High income,Trade & Logistics,Pegged (Dollarized),No,"4,235,970 people","$14,731",29.2%,37.4%,1.94 million visitors,5.1%,4.5%,4.4%,8.1%,6.6%,52.6%,(3.1%),(7.3%),99.4,15.4,4.6%,0.71,No,..,3.3%,3.9%
 Panama ,Central America,2003,Q1,High income,Trade & Logistics,Pegged (Dollarized),No,"4,203,911 people","$15,171",32.3%,40.4%,2.69 million visitors,2.4%,3.9%,3.1%,8.2%,4.4%,50.3%,(4.4%),(8.8%),98.0,33.7,4.0%,0.49,No,..,6.0%,5.3%
Guatemala,Central America,2008,Q2,Upper middle income,Agriculture & Agro-exports,Floating,No,"16,528,719 people","$5,161",36.6%,40.4%,1.35 million visitors,3.7%,5.7%,5.5%,8.9%,7.3%,36.8%,(5.9%),(2.7%),111.1,23.0,3.3%,-0.66,No,..,0.4%,0.6%
 Panama ,Central America,2008,Q3,High income,Trade & Logistics,Pegged (Dollarized),No,"4,187,447 people","$16,890",31.1%,27.4%,0.65 million visitors,5.3%,(0.7%),5.7%,6.3%,8.0%,51.2%,(3.0%),4.6%,104.2,6.5,4.0%,0.37,No,..,3.4%,4.6%
Honduras,Central America,2007,Q4,Lower middle income,Agriculture & Agro-exports,Floating,No,"9,508,392 people","$3,305",33.6%,37.9%,1.23 million visitors,0.5%,5.3%,8.4%,8.4%,10.3%,47.6%,(0.2%),(4.9%),94.7,40.8,4.5%,-0.86,No,..,(1.1%),0.0%
 El Salvador ,Central America,2016,Q3,Lower middle income,Manufacturing & Trade,Pegged (Dollarized),No,"6,272,732 people","$5,032",33.3%,41.8%,0.86 million visitors,0.8%,1.8%,2.8%,8.5%,5.8%,83.3%,(0.3%),(8.3%),91.0,26.1,3.0%,-0.64,No,..,(0.1%),1.4%
JAMAICA,Caribbean,2020,Q3,Upper middle income,Tourism & Services,Floating,No,"2,845,467 people","$5,690",33.6%,44.9%,2.33 million visitors,8.9%,3.4%,4.9%,8.0%,6.6%,97.4%,(3.6%),(12.0%),111.7,28.1,5.2%,-0.07,No,..,(0.5%),0.2%
Uruguay,South America,2022,Q3,High income,Agriculture & Agro-exports,Floating,No,"3,376,546 people","$17,754",43.1%,47.5%,0.55 million visitors,3.6%,3.4%,7.0%,6.3%,9.7%,82.1%,(2.2%),(5.1%),95.9,29.7,5.8%,1.17,No,..,(0.3%),1.7%
Paraguay,South America,2006,Q1,Upper middle income,Agriculture & Agro-exports,Managed Float,No,"6,817,034 people","$6,138",31.2%,26.1%,0.05 million visitors,0.5%,2.4%,4.5%,10.3%,6.3%,30.9%,(1.0%),5.2%,97.0,9.6,6.0%,0.06,No,..,4.2%,2.2%
Paraguay,South America,2018,Q1,Upper middle income,Agriculture & Agro-exports,Managed Float,No,"6,805,931 people","$6,691",32.9%,39.6%,0.78 million visitors,4.4%,7.2%,4.2%,4.9%,5.7%,29.4%,(3.9%),(5.7%),125.0,32.1,4.7%,0.43,No,..,2.0%,2.8%
PARAGUAY,South America,2023,Q1,Upper middle income,Agriculture & Agro-exports,Managed Float,No,"6,871,267 people","$5,010",46.4%,43.7%,0.20 million visitors,1.2%,5.4%,8.7%,2.9%,11.9%,29.7%,(3.8%),2.5%,123.4,32.6,5.3%,-0.37,No,..,1.9%,2.8%
guyana,South America,2011,Q3,High income,Mining & Extractives,Floating,No,"807,159 people","$14,026",50.4%,63.1%,0.68 million visitors,0.5%,0.7%,2.8%,3.2%,4.0%,43.2%,(3.8%),(11.9%),99.7,29.2,5.4%,-0.12,No,..,13.6%,13.2%
ecuador,South America,2003,Q3,Upper middle income,Mining & Extractives,Pegged (Dollarized),No,"17,487,166 people","$7,847",43.1%,47.2%,1.21 million visitors,1.2%,6.5%,5.9%,5.4%,8.3%,60.3%,(3.1%),(5.0%),100.2,30.0,..,-0.09,No,..,2.5%,0.8%
HONDURAS,Central America,2011,Q4,Lower middle income,Agriculture & Agro-exports,Floating,Yes,"9,517,670 people","$2,208",37.5%,50.6%,0.73 million visitors,4.1%,3.1%,3.5%,6.2%,3.4%,51.5%,(4.2%),(12.5%),93.1,36.1,4.3%,-0.8,No,..,4.4%,4.2%
GUYANA,South America,2006,Q4,High income,Mining & Extractives,Floating,No,"951,725 people","$14,595",49.2%,62.0%,0.99 million visitors,1.0%,4.4%,5.9%,8.2%,7.7%,37.3%,(4.5%),(13.9%),102.3,44.4,3.2%,-0.17,No,..,11.2%,10.5%
Bolivia,South America,2020,Q3,Lower middle income,Mining & Extractives,Managed Float,No,"11,481,399 people","$3,583",44.1%,66.1%,0.21 million visitors,0.5%,1.2%,7.4%,7.9%,9.1%,51.6%,(2.9%),(22.2%),80.6,24.8,4.9%,-0.08,No,..,2.3%,1.4%
 Paraguay ,South America,2017,Q2,Upper middle income,Agriculture & Agro-exports,Managed Float,No,"6,735,812 people","$4,978",35.6%,41.1%,0.05 million visitors,0.5%,0.3%,6.1%,5.7%,9.7%,29.0%,1.0%,(5.0%),123.8,45.3,3.5%,-0.01,No,..,1.0%,2.8%
El  Salvador,Central America,2006,Q2,Lower middle income,Manufacturing & Trade,Pegged (Dollarized),No,"6,329,840 people","$3,496",33.9%,38.3%,0.77 million visitors,3.3%,3.0%,0.2%,4.2%,3.6%,72.9%,(5.7%),(3.7%),107.6,18.4,3.1%,-0.17,No,..,1.8%,1.5%
uruguay,South America,2007,Q4,High income,Agriculture & Agro-exports,Floating,No,"3,338,544 people","$16,500",38.4%,38.7%,0.85 million visitors,0.5%,5.5%,2.8%,8.2%,4.5%,62.2%,0.7%,(1.9%),93.6,35.2,4.7%,0.71,No,..,1.8%,1.1%
Trinidad and Tobago,Caribbean,2004,Q4,High income,Mining & Extractives,Floating,Yes,"1,420,017 people","$16,674",34.2%,48.8%,0.05 million visitors,0.5%,(1.4%),6.0%,5.6%,8.7%,60.4%,(0.5%),(12.7%),98.4,53.0,4.5%,0.4,No,..,1.1%,1.7%
 Bolivia ,South America,2005,Q4,Lower middle income,Mining & Extractives,Managed Float,No,"11,422,009 people","$4,234",27.9%,49.4%,1.23 million visitors,3.7%,3.9%,5.2%,4.3%,6.2%,41.9%,(1.3%),(20.4%),97.8,37.3,3.6%,-0.85,No,..,0.8%,2.3%
Dominican Republic,Caribbean,2007,Q3,Upper middle income,Tourism & Services,Managed Float,No,"10,865,063 people","$7,114",36.7%,39.8%,2.07 million visitors,3.4%,4.5%,1.8%,2.8%,4.0%,46.3%,(2.8%),(2.7%),97.1,28.7,4.0%,-0.14,No,..,6.8%,5.2%
GUATEMALA,Central America,2009,Q3,Upper middle income,Agriculture & Agro-exports,Floating,No,"16,503,203 people","$3,619",31.3%,35.9%,0.76 million visitors,1.5%,4.0%,8.3%,8.5%,9.2%,36.2%,(2.1%),(4.7%),112.6,27.9,..,-0.39,No,..,3.1%,2.5%
 Jamaica ,Caribbean,2008,Q1,Upper middle income,Tourism & Services,Floating,No,"2,796,932 people","$4,979",30.1%,37.0%,2.74 million visitors,8.0%,(0.9%),6.4%,9.4%,8.2%,96.3%,(3.9%),(7.2%),113.0,29.3,5.4%,-0.4,No,..,0.8%,(0.6%)
Paraguay,South America,2004,Q3,Upper middle income,Agriculture & Agro-exports,Managed Float,No,"6,811,884 people","$6,723",31.2%,30.0%,0.05 million visitors,2.0%,2.2%,2.9%,3.6%,6.0%,29.5%,(1.0%),0.5%,99.5,49.1,3.6%,-1.21,No,..,2.3%,2.3%
 Jamaica ,Caribbean,2018,Q3,Upper middle income,Tourism & Services,Floating,No,"2,753,556 people","$5,308",26.7%,45.9%,2.10 million visitors,5.5%,1.1%,2.9%,4.3%,4.1%,98.4%,(4.1%),(20.4%),112.9,31.4,4.8%,-0.32,No,..,1.0%,2.1%
Panama,Central America,2023,Q1,High income,Trade & Logistics,Pegged (Dollarized),No,"4,299,478 people","$15,562",27.6%,36.9%,0.97 million visitors,6.2%,(0.9%),1.8%,6.5%,4.2%,57.1%,(1.4%),(10.0%),94.3,18.3,3.2%,0.01,No,..,4.1%,3.4%
TRINIDAD AND TOBAGO,Caribbean,2012,Q2,High income,Mining & Extractives,Floating,Yes,"1,420,920 people","$16,323",42.1%,47.3%,0.33 million visitors,1.2%,..,7.8%,6.4%,9.6%,61.5%,(3.4%),(5.1%),85.3,36.8,3.8%,0.61,No,..,1.0%,1.4%
uruguay,South America,2012,Q3,High income,Agriculture & Agro-exports,Floating,No,"3,416,718 people","$17,556",35.9%,36.2%,1.73 million visitors,2.6%,1.0%,7.9%,8.4%,10.9%,71.1%,(3.7%),(0.3%),86.6,49.0,5.1%,1.29,No,..,2.4%,3.5%
Dominican Republic,Caribbean,2019,Q3,Upper middle income,Tourism & Services,Managed Float,No,"10,745,026 people","$7,802",28.9%,40.9%,1.13 million visitors,5.1%,4.0%,5.5%,4.2%,6.5%,47.2%,(3.3%),(11.4%),97.1,45.9,3.8%,-0.5,No,..,3.8%,2.7%
honduras,Central America,2005,Q1,Lower middle income,Agriculture & Agro-exports,Floating,No,"9,453,970 people","$2,602",41.7%,45.6%,1.87 million visitors,2.1%,2.7%,5.4%,7.8%,8.1%,44.8%,(5.1%),(5.4%),96.8,35.1,4.5%,-0.77,No,..,4.4%,3.6%
GUATEMALA,Central America,2011,Q1,Upper middle income,Agriculture & Agro-exports,Floating,No,"16,467,727 people","$5,571",34.2%,50.7%,0.49 million visitors,1.3%,3.7%,6.8%,7.4%,9.2%,38.9%,(5.3%),(16.0%),111.0,31.4,3.8%,-0.55,Yes,8.2%,3.0%,0.3%
Honduras,Central America,2020,Q3,Lower middle income,Agriculture & Agro-exports,Floating,No,"9,548,177 people","$3,186",39.8%,47.8%,0.05 million visitors,3.4%,(0.6%),2.4%,6.2%,5.1%,58.8%,(1.5%),(8.8%),110.9,34.2,5.3%,-0.8,No,..,2.6%,1.3%
 Guyana ,South America,2016,Q3,High income,Mining & Extractives,Floating,No,"779,926 people","$14,453",37.5%,41.9%,1.11 million visitors,0.5%,2.4%,3.1%,10.2%,6.1%,38.2%,(0.6%),(5.0%),110.0,19.3,5.2%,0.34,No,..,10.8%,10.2%
Costa  Rica,Central America,2014,Q3,Upper middle income,Tourism & Services,Managed Float,No,"5,022,121 people","$11,874",41.7%,47.1%,3.21 million visitors,7.6%,3.3%,4.9%,7.1%,8.7%,51.7%,(1.0%),(5.5%),89.2,38.1,3.9%,0.64,No,..,3.7%,3.6%
uruguay,South America,2010,Q3,High income,Agriculture & Agro-exports,Floating,No,"3,491,387 people","$16,440",38.9%,40.8%,1.45 million visitors,4.4%,0.9%,6.4%,7.2%,8.2%,69.4%,(2.4%),(1.1%),85.4,36.7,5.2%,0.65,No,..,2.1%,2.4%
Paraguay,South America,2008,Q4,Upper middle income,Agriculture & Agro-exports,Managed Float,No,"6,717,983 people","$6,356",42.1%,48.2%,1.09 million visitors,1.1%,4.4%,4.7%,9.3%,7.6%,33.4%,(0.2%),(5.5%),114.6,49.5,4.0%,0.09,No,..,2.9%,1.9%
Uruguay,South America,2019,Q1,High income,Agriculture & Agro-exports,Floating,No,"3,424,446 people","$15,534",33.0%,42.7%,1.51 million visitors,0.7%,(3.8%),(0.1%),9.4%,2.5%,78.2%,(0.4%),(10.0%),99.1,20.9,4.9%,1.0,No,..,1.5%,1.2%
Uruguay,South America,2019,Q2,High income,Agriculture & Agro-exports,Floating,No,"3,438,940 people","$16,815",38.4%,41.8%,0.69 million visitors,0.5%,1.6%,8.5%,5.7%,12.7%,78.2%,(5.1%),(3.9%),99.1,29.5,4.2%,0.95,No,..,0.2%,0.7%
Paraguay,South America,2017,Q4,Upper middle income,Agriculture & Agro-exports,Managed Float,No,"6,753,555 people","$6,494",41.4%,52.7%,0.05 million visitors,0.5%,4.4%,6.1%,10.7%,7.1%,29.0%,(2.9%),(10.8%),123.8,55.2,3.3%,-0.5,No,..,2.1%,3.9%
Dominican  Republic,Caribbean,2012,Q2,Upper middle income,Tourism & Services,Managed Float,No,"10,776,634 people","$8,208",40.9%,44.3%,3.02 million visitors,5.1%,4.3%,7.2%,6.1%,8.9%,48.4%,(0.3%),(3.7%),89.8,26.4,4.6%,0.0,No,..,3.3%,3.4%
Guyana,South America,2022,Q1,High income,Mining & Extractives,Floating,No,"731,715 people","$14,034",40.7%,38.7%,0.05 million visitors,0.5%,6.2%,5.8%,3.7%,8.5%,41.9%,(0.6%),2.0%,105.5,38.4,3.2%,-0.16,No,..,7.5%,8.6%
Uruguay,South America,2008,Q2,High income,Agriculture & Agro-exports,Floating,No,"3,368,143 people","$17,442",34.8%,36.9%,0.25 million visitors,1.2%,1.5%,5.2%,5.8%,9.0%,65.9%,(3.0%),(1.4%),90.6,13.5,2.1%,1.66,No,..,3.4%,3.0%
trinidad and tobago,Caribbean,2014,Q3,High income,Mining & Extractives,Floating,No,"1,423,522 people","$16,253",36.6%,36.5%,0.05 million visitors,0.5%,1.0%,5.3%,8.1%,8.2%,61.4%,(2.3%),(1.5%),85.7,28.4,3.8%,0.91,Yes,2.8%,(3.0%),(2.1%)
 Nicaragua ,Central America,2016,Q1,Lower middle income,Agriculture & Agro-exports,Managed Float,No,"6,379,669 people","$3,205",36.8%,47.0%,0.05 million visitors,0.5%,4.5%,7.7%,6.5%,8.0%,37.7%,(3.2%),(9.8%),104.5,37.9,2.8%,-1.62,No,..,2.5%,1.5%
 Paraguay ,South America,2010,Q2,Upper middle income,Agriculture & Agro-exports,Managed Float,No,"6,810,198 people","$5,700",40.7%,39.7%,0.05 million visitors,0.5%,4.4%,1.1%,4.1%,5.3%,32.4%,(3.9%),1.5%,112.3,24.8,4.5%,-0.55,No,..,1.2%,2.1%
Ecuador,South America,2005,Q4,Upper middle income,Mining & Extractives,Pegged (Dollarized),No,"17,514,854 people","$6,107",43.9%,47.9%,1.91 million visitors,0.6%,1.6%,8.0%,10.0%,11.1%,59.1%,(0.7%),(4.6%),101.6,27.6,3.7%,-0.77,No,..,1.2%,1.8%
Paraguay,South America,2009,Q4,Upper middle income,Agriculture & Agro-exports,Managed Float,No,"6,864,286 people","$6,633",35.6%,45.5%,0.60 million visitors,2.8%,2.0%,1.1%,9.2%,5.2%,32.8%,(4.5%),(10.4%),114.3,22.2,4.7%,-0.15,No,..,4.1%,3.7%
 Ecuador ,South America,2015,Q3,Upper middle income,Mining & Extractives,Pegged (Dollarized),No,"17,598,620 people","$6,242",37.3%,32.2%,1.62 million visitors,0.5%,5.5%,6.4%,7.2%,7.7%,66.6%,(5.3%),5.6%,85.6,24.9,4.0%,-0.49,No,..,(0.6%),2.0%
BOLIVIA,South America,2014,Q4,Lower middle income,Mining & Extractives,Managed Float,Yes,"11,559,812 people","$3,167",42.9%,59.5%,0.85 million visitors,3.0%,1.6%,6.0%,5.7%,8.1%,47.1%,(1.8%),(16.4%),91.7,16.3,3.3%,-0.37,No,..,0.3%,1.5%
 Belize ,Central America,2015,Q4,Upper middle income,Tourism & Services,Pegged (Dollarized),No,"366,337 people","$5,387",41.9%,45.3%,1.48 million visitors,8.6%,2.3%,5.9%,8.6%,9.0%,90.7%,(4.9%),(3.5%),87.2,2.8,5.6%,-0.06,No,..,0.6%,0.9%
trinidad and tobago,Caribbean,2017,Q2,High income,Mining & Extractives,Floating,No,"1,450,921 people","$17,106",46.0%,49.0%,0.40 million visitors,0.5%,2.8%,6.6%,5.9%,8.6%,64.4%,(1.4%),(2.8%),94.7,47.5,3.5%,0.01,No,..,0.4%,(0.5%)
PANAMA,Central America,2019,Q4,High income,Trade & Logistics,Pegged (Dollarized),No,"4,252,323 people","$15,113",32.6%,42.4%,1.21 million visitors,6.4%,2.7%,4.7%,9.7%,5.0%,59.9%,(2.2%),(10.1%),101.2,21.6,..,0.3,No,..,5.9%,5.6%
dominican republic,Caribbean,2023,Q3,Upper middle income,Tourism & Services,Managed Float,No,"10,791,999 people","$8,666",36.0%,44.2%,2.84 million visitors,8.7%,3.0%,5.4%,10.3%,6.0%,51.6%,0.0%,(9.2%),90.8,42.3,6.5%,-0.35,No,..,2.8%,3.8%
Honduras,Central America,2006,Q4,Lower middle income,Agriculture & Agro-exports,Floating,No,"9,550,395 people","$2,174",46.0%,47.0%,..,3.2%,3.9%,5.7%,5.5%,5.5%,46.1%,(2.8%),(0.4%),99.5,50.3,4.0%,-0.61,No,..,(0.1%),2.7%
 Ecuador ,South America,2022,Q4,Upper middle income,Mining & Extractives,Pegged (Dollarized),Yes,"17,467,243 people","$5,757",35.3%,44.0%,0.40 million visitors,2.6%,1.8%,8.1%,7.1%,8.6%,65.2%,(3.1%),(8.6%),72.2,27.1,3.6%,-0.4,No,..,(0.7%),1.1%
paraguay,South America,2007,Q4,Upper middle income,Agriculture & Agro-exports,Managed Float,No,"6,719,857 people","$5,293",41.7%,48.9%,0.47 million visitors,1.4%,0.2%,6.6%,8.8%,8.3%,31.2%,(0.6%),(7.9%),106.9,33.9,6.0%,-0.06,No,..,1.0%,1.5%
EL SALVADOR,Central America,2013,Q4,Lower middle income,Manufacturing & Trade,Pegged (Dollarized),No,"6,218,862 people","$3,402",41.8%,46.6%,0.86 million visitors,3.3%,1.0%,5.2%,9.4%,6.0%,83.4%,(2.7%),(5.7%),91.2,18.4,2.7%,-1.02,No,..,1.3%,0.9%
JAMAICA,Caribbean,2011,Q1,Upper middle income,Tourism & Services,Floating,No,"2,764,201 people","$5,940",35.7%,45.6%,2.33 million visitors,6.8%,3.3%,1.1%,5.3%,2.9%,95.0%,(0.0%),(10.2%),109.4,44.4,3.8%,0.07,Yes,0.5%,2.3%,2.4%
Uruguay,South America,2018,Q1,High income,Agriculture & Agro-exports,Floating,No,"3,468,515 people","$17,101",47.0%,46.3%,0.05 million visitors,1.8%,3.6%,5.8%,5.8%,8.3%,78.8%,(3.9%),(0.9%),91.1,42.5,5.2%,1.87,No,..,3.3%,3.3%
 Paraguay ,South America,2012,Q4,Upper middle income,Agriculture & Agro-exports,Managed Float,No,"6,735,295 people","$6,375",32.6%,43.1%,0.60 million visitors,0.5%,3.4%,8.3%,9.2%,11.2%,29.9%,(0.6%),(10.0%),114.8,57.8,4.5%,-0.35,No,..,0.7%,3.4%
El  Salvador,Central America,2011,Q1,Lower middle income,Manufacturing & Trade,Pegged (Dollarized),No,"6,316,420 people","$3,725",30.9%,21.1%,1.18 million visitors,2.5%,(0.5%),3.2%,5.0%,4.2%,78.4%,(3.9%),9.1%,94.9,21.3,2.9%,-0.55,No,..,(0.1%),(0.8%)
COSTA RICA,Central America,2007,Q2,Upper middle income,Tourism & Services,Managed Float,No,"5,050,747 people","$12,527",30.8%,26.7%,3.42 million visitors,5.5%,(0.3%),6.9%,9.0%,10.3%,50.1%,(2.3%),2.9%,101.2,41.6,4.9%,0.15,No,..,0.8%,1.0%
 Uruguay ,South America,2011,Q1,High income,Agriculture & Agro-exports,Floating,No,"3,339,770 people","$17,129",29.5%,40.4%,0.95 million visitors,3.0%,1.3%,5.8%,12.4%,7.7%,70.0%,(3.3%),(11.2%),87.3,47.2,5.0%,1.72,No,..,2.5%,1.7%
BOLIVIA,South America,2004,Q2,Lower middle income,Mining & Extractives,Managed Float,No,"11,444,973 people","$3,420",37.8%,37.8%,0.79 million visitors,0.5%,5.7%,5.8%,9.0%,9.1%,40.8%,(0.6%),(0.8%),102.6,27.7,3.7%,-0.28,No,..,4.3%,2.0%
ecuador,South America,2009,Q4,Upper middle income,Mining & Extractives,Pegged (Dollarized),Yes,"17,467,782 people","$5,333",45.2%,56.7%,0.82 million visitors,1.6%,5.3%,4.3%,4.2%,6.5%,65.4%,0.6%,(11.3%),94.8,8.9,3.3%,-0.15,No,..,3.6%,1.8%
costa rica,Central America,2012,Q3,Upper middle income,Tourism & Services,Managed Float,No,"5,034,219 people","$12,224",38.1%,31.6%,3.11 million visitors,9.8%,4.1%,4.7%,9.4%,7.7%,52.4%,(3.0%),6.6%,98.5,9.6,5.4%,0.86,No,..,5.9%,5.2%
Uruguay,South America,2009,Q3,High income,Agriculture & Agro-exports,Floating,No,"3,350,624 people","$17,020",32.3%,47.3%,2.15 million visitors,5.4%,4.8%,4.2%,8.1%,7.1%,66.7%,(2.0%),(12.9%),79.6,35.4,5.0%,0.86,No,..,2.2%,2.9%
BELIZE,Central America,2016,Q4,Upper middle income,Tourism & Services,Pegged (Dollarized),No,"418,126 people","$5,354",27.2%,18.3%,1.69 million visitors,6.7%,0.1%,6.5%,8.8%,8.2%,89.1%,(1.8%),8.9%,82.6,12.5,5.4%,-0.07,No,..,3.4%,0.8%
El  Salvador,Central America,2006,Q3,Lower middle income,Manufacturing & Trade,Pegged (Dollarized),No,"6,298,738 people","$4,260",30.7%,36.2%,0.87 million visitors,3.4%,(0.5%),6.5%,7.9%,10.5%,72.9%,(3.2%),(4.9%),107.6,27.3,5.9%,-0.03,No,..,2.2%,2.1%
EL SALVADOR,Central America,2020,Q3,Lower middle income,Manufacturing & Trade,Pegged (Dollarized),No,"6,286,945 people","$5,182",30.8%,34.3%,0.75 million visitors,3.2%,1.2%,2.7%,8.4%,4.9%,80.8%,(4.1%),(2.8%),97.7,19.8,4.7%,-0.49,No,..,3.7%,2.3%
 Belize ,Central America,2019,Q4,Upper middle income,Tourism & Services,Pegged (Dollarized),No,"423,096 people","$4,956",36.3%,30.8%,2.94 million visitors,4.7%,2.3%,5.7%,7.3%,5.7%,90.7%,(3.4%),6.6%,69.5,14.1,4.9%,-0.36,No,..,0.6%,1.5%
Belize,Central America,2009,Q1,Upper middle income,Tourism & Services,Pegged (Dollarized),No,"424,061 people","$4,694",25.0%,30.3%,2.25 million visitors,6.8%,3.6%,8.7%,9.1%,9.8%,89.4%,(3.6%),(4.4%),83.9,14.0,3.9%,-0.11,No,..,1.2%,1.0%
EL SALVADOR,Central America,2021,Q1,Lower middle income,Manufacturing & Trade,Pegged (Dollarized),No,"6,321,333 people","$5,161",46.6%,48.2%,1.18 million visitors,1.9%,1.3%,5.9%,2.3%,9.2%,82.9%,(3.9%),(1.0%),96.9,10.9,4.9%,-0.88,No,..,(1.4%),(0.6%)
HONDURAS,Central America,2008,Q4,Lower middle income,Agriculture & Agro-exports,Floating,No,"9,517,698 people","$2,710",42.8%,50.3%,0.57 million visitors,0.5%,(5.1%),3.2%,6.5%,4.3%,49.8%,(1.8%),(8.1%),102.0,44.5,6.8%,-0.3,No,..,2.8%,2.4%
nicaragua,Central America,2015,Q2,Lower middle income,Agriculture & Agro-exports,Managed Float,No,"6,468,455 people","$1,350",38.5%,45.8%,0.84 million visitors,2.7%,3.1%,5.8%,8.9%,7.9%,38.7%,(3.8%),(7.1%),103.6,25.9,4.5%,-1.25,No,..,5.2%,3.8%
nicaragua,Central America,2013,Q3,Lower middle income,Agriculture & Agro-exports,Managed Float,No,"6,550,445 people","$2,146",36.0%,43.4%,0.84 million visitors,0.5%,4.6%,7.5%,4.2%,9.7%,36.7%,(2.3%),(6.2%),104.3,53.0,3.7%,-1.33,No,..,(0.1%),0.9%
Uruguay,South America,2005,Q4,High income,Agriculture & Agro-exports,Floating,No,"3,309,354 people","$16,784",35.1%,41.3%,1.08 million visitors,2.6%,2.0%,3.7%,10.4%,7.2%,60.3%,(1.8%),(7.1%),98.6,37.2,3.9%,1.37,No,..,3.9%,3.1%
honduras,Central America,2019,Q3,Lower middle income,Agriculture & Agro-exports,Floating,No,"9,487,141 people","$2,847",40.3%,43.9%,0.05 million visitors,4.2%,0.9%,6.4%,5.9%,7.8%,57.3%,(5.7%),(1.7%),103.9,38.3,..,-0.59,No,..,1.8%,1.7%
guatemala,Central America,2014,Q1,Upper middle income,Agriculture & Agro-exports,Floating,No,"16,471,260 people","$5,712",36.7%,51.2%,0.27 million visitors,0.5%,2.8%,5.6%,1.5%,6.9%,42.1%,(4.3%),(15.4%),111.6,28.6,4.1%,-0.86,No,..,2.0%,1.5%
 Guatemala ,Central America,2013,Q4,Upper middle income,Agriculture & Agro-exports,Floating,No,"16,407,476 people","$4,702",35.3%,44.5%,0.94 million visitors,2.0%,2.6%,5.7%,8.6%,6.8%,40.4%,(3.7%),(10.5%),113.7,37.7,3.5%,0.03,No,..,4.8%,4.0%
Honduras,Central America,2006,Q1,Lower middle income,Agriculture & Agro-exports,Floating,No,"9,473,644 people","$2,644",41.6%,34.6%,0.58 million visitors,2.0%,0.3%,4.1%,4.7%,7.1%,46.1%,(5.6%),6.9%,99.5,43.5,4.7%,-0.23,No,..,0.8%,2.0%
guyana,South America,2005,Q4,High income,Mining & Extractives,Floating,No,"845,296 people","$14,183",48.1%,60.9%,0.76 million visitors,2.9%,5.9%,4.5%,6.8%,6.3%,34.7%,(4.0%),(11.7%),105.5,30.3,3.5%,-0.7,No,..,11.0%,11.4%
Nicaragua,Central America,2017,Q3,Lower middle income,Agriculture & Agro-exports,Managed Float,No,"6,500,269 people","$2,543",37.1%,49.3%,0.21 million visitors,4.1%,0.5%,4.1%,11.3%,7.0%,38.7%,(1.7%),(12.3%),104.7,25.6,5.2%,-0.36,No,..,1.9%,2.0%
PANAMA,Central America,2010,Q1,High income,Trade & Logistics,Pegged (Dollarized),No,"4,202,495 people","$15,730",35.3%,38.5%,0.55 million visitors,1.8%,2.6%,6.6%,5.6%,8.1%,53.1%,(1.5%),(4.3%),103.9,11.5,5.4%,0.29,No,..,4.6%,3.4%
JAMAICA,Caribbean,2022,Q4,Upper middle income,Tourism & Services,Floating,No,"2,825,408 people","$4,312",36.1%,34.8%,2.50 million visitors,8.9%,(1.5%),5.3%,12.0%,6.1%,100.0%,(2.2%),1.9%,112.0,34.6,4.2%,-0.12,No,..,1.7%,1.5%
El  Salvador,Central America,2013,Q1,Lower middle income,Manufacturing & Trade,Pegged (Dollarized),No,"6,347,221 people","$4,325",39.1%,48.1%,0.10 million visitors,2.4%,3.5%,9.4%,14.6%,11.4%,83.4%,(1.1%),(9.8%),91.2,22.8,4.4%,-1.16,No,..,2.0%,2.5%
Costa  Rica,Central America,2012,Q1,Upper middle income,Tourism & Services,Managed Float,No,"5,016,106 people","$12,457",27.7%,28.1%,2.85 million visitors,9.9%,1.1%,1.5%,5.4%,3.8%,52.4%,(0.3%),(1.0%),98.5,30.2,5.6%,0.63,No,..,6.4%,6.2%
Panama,Central America,2016,Q3,High income,Trade & Logistics,Pegged (Dollarized),No,"4,167,833 people","$15,390",23.7%,30.5%,1.65 million visitors,4.1%,1.2%,4.5%,9.3%,5.2%,55.8%,(4.8%),(7.0%),106.2,22.3,4.8%,0.0,No,..,1.8%,2.1%
Paraguay,South America,2004,Q2,Upper middle income,Agriculture & Agro-exports,Managed Float,No,"6,771,102 people","$5,755",37.2%,41.4%,0.63 million visitors,1.9%,1.3%,4.8%,7.2%,6.9%,29.5%,(4.2%),(4.1%),99.5,42.0,4.5%,-0.46,No,..,1.1%,1.4%
Honduras,Central America,2009,Q1,Lower middle income,Agriculture & Agro-exports,Floating,No,"9,436,835 people","$1,450",39.4%,52.1%,1.07 million visitors,1.6%,5.4%,8.7%,6.8%,9.8%,50.7%,(4.7%),(14.0%),100.8,35.2,6.2%,-0.99,No,..,4.7%,1.8%
dominican republic,Caribbean,2012,Q1,Upper middle income,Tourism & Services,Managed Float,No,"10,798,806 people","$8,165",38.0%,42.1%,0.99 million visitors,6.1%,3.1%,2.2%,7.1%,4.9%,48.4%,(3.2%),(4.3%),89.8,26.2,4.2%,-0.27,No,..,3.9%,4.1%
Panama,Central America,2007,Q2,High income,Trade & Logistics,Pegged (Dollarized),No,"4,209,640 people","$14,777",34.5%,40.0%,0.73 million visitors,5.4%,(0.3%),2.3%,8.8%,2.3%,49.2%,(7.8%),(6.2%),101.7,9.5,4.5%,0.37,No,..,2.7%,1.9%
Ecuador,South America,2016,Q2,Upper middle income,Mining & Extractives,Pegged (Dollarized),Yes,"17,446,943 people","$6,226",39.1%,43.1%,0.57 million visitors,1.7%,2.7%,2.6%,7.6%,5.5%,66.3%,(8.2%),(4.1%),87.3,2.8,4.3%,0.01,No,..,1.7%,1.1%
 Bolivia ,South America,2022,Q2,Lower middle income,Mining & Extractives,Managed Float,No,"11,524,770 people","$3,357",46.8%,57.8%,0.44 million visitors,0.5%,3.2%,9.4%,4.9%,9.8%,50.6%,2.5%,(11.2%),74.9,23.4,5.4%,0.03,No,..,2.9%,3.5%
Belize,Central America,2007,Q3,Upper middle income,Tourism & Services,Pegged (Dollarized),No,"387,762 people","$5,093",36.7%,36.0%,2.34 million visitors,3.8%,1.5%,2.7%,6.9%,4.4%,89.0%,(2.3%),1.6%,85.8,26.5,..,-0.16,No,..,(3.1%),(0.4%)
 Trinidad and Tobago ,Caribbean,2021,Q4,High income,Mining & Extractives,Floating,No,"1,447,873 people","$16,081",43.9%,55.9%,0.27 million visitors,0.8%,1.8%,0.2%,6.8%,4.0%,69.7%,(3.9%),(11.9%),97.3,38.1,4.2%,-0.24,No,..,3.7%,(0.1%)
panama,Central America,2018,Q3,High income,Trade & Logistics,Pegged (Dollarized),No,"4,160,189 people","$16,250",26.4%,32.3%,1.09 million visitors,4.7%,8.3%,2.8%,10.5%,3.2%,57.0%,(2.2%),(3.5%),100.4,10.1,4.9%,-0.16,No,..,4.7%,4.2%
paraguay,South America,2019,Q1,Upper middle income,Agriculture & Agro-exports,Managed Float,No,"6,877,864 people","$6,704",40.2%,40.3%,1.00 million visitors,0.5%,5.5%,4.5%,5.8%,6.5%,27.3%,(0.5%),0.9%,126.2,41.5,4.6%,-0.07,No,..,3.0%,3.8%
Guatemala,Central America,2023,Q1,Upper middle income,Agriculture & Agro-exports,Floating,No,"16,588,695 people","$4,582",38.3%,37.3%,1.33 million visitors,3.4%,4.4%,6.8%,10.7%,8.9%,46.2%,(4.3%),1.3%,87.7,22.5,2.6%,-0.87,No,..,0.6%,2.4%
PARAGUAY,South America,2020,Q2,Upper middle income,Agriculture & Agro-exports,Managed Float,No,"6,810,953 people","$5,125",40.9%,42.2%,0.05 million visitors,0.5%,2.2%,5.2%,5.0%,7.0%,28.2%,(1.9%),(0.9%),129.2,27.6,4.3%,-0.31,No,..,3.7%,3.3%
Dominican Republic,Caribbean,2009,Q1,Upper middle income,Tourism & Services,Managed Float,No,"10,726,749 people","$8,616",31.2%,34.1%,2.52 million visitors,5.9%,(1.8%),4.0%,9.9%,5.5%,46.1%,(4.4%),(5.8%),94.4,41.0,5.3%,-0.15,No,..,4.6%,3.4%
 Dominican Republic ,Caribbean,2007,Q4,Upper middle income,Tourism & Services,Managed Float,No,"10,838,119 people","$8,003",32.3%,47.7%,2.82 million visitors,6.2%,4.6%,6.6%,3.7%,9.1%,46.3%,(2.9%),(15.5%),97.1,38.7,5.5%,-0.25,No,..,5.2%,4.5%
Belize,Central America,2021,Q1,Upper middle income,Tourism & Services,Pegged (Dollarized),No,"437,902 people","$4,653",30.0%,41.5%,3.26 million visitors,7.0%,2.7%,4.1%,7.0%,6.5%,89.2%,(9.3%),(14.2%),71.9,13.4,4.9%,-0.15,No,..,(1.2%),0.6%
Costa Rica,Central America,2018,Q1,Upper middle income,Tourism & Services,Managed Float,No,"5,020,436 people","$12,654",36.4%,47.0%,4.70 million visitors,9.5%,2.7%,6.7%,8.8%,5.7%,54.1%,(2.2%),(11.0%),93.7,54.4,..,0.31,No,..,5.1%,4.6%
Nicaragua,Central America,2023,Q2,Lower middle income,Agriculture & Agro-exports,Managed Float,No,"6,364,077 people","$2,242",36.9%,49.5%,..,2.2%,5.0%,3.1%,5.7%,5.7%,40.8%,(3.5%),(12.7%),97.4,11.9,6.5%,-0.15,No,..,1.5%,1.8%
Nicaragua,Central America,2003,Q1,Lower middle income,Agriculture & Agro-exports,Managed Float,No,"6,432,022 people",$971,42.4%,48.5%,0.12 million visitors,4.6%,1.1%,4.3%,6.7%,5.3%,35.3%,(4.5%),(4.9%),93.0,36.3,3.6%,-1.19,No,..,0.7%,1.0%
bolivia,South America,2015,Q2,Lower middle income,Mining & Extractives,Managed Float,No,"11,484,826 people","$2,884",45.0%,54.1%,0.05 million visitors,0.8%,3.7%,5.2%,4.7%,8.0%,47.9%,(1.3%),(9.4%),93.8,26.1,5.0%,-0.35,No,..,4.5%,4.0%
Ecuador,South America,2013,Q2,Upper middle income,Mining & Extractives,Pegged (Dollarized),No,"17,438,422 people","$6,051",40.7%,44.7%,..,3.5%,4.6%,4.0%,7.3%,3.6%,66.5%,(5.1%),(4.3%),92.7,7.0,2.3%,-0.43,No,..,1.1%,1.0%
 Ecuador ,South America,2022,Q1,Upper middle income,Mining & Extractives,Pegged (Dollarized),No,"17,550,342 people","$5,125",33.3%,48.1%,0.53 million visitors,3.3%,5.0%,2.3%,4.3%,4.2%,65.2%,(4.5%),(19.2%),72.2,26.6,3.5%,-0.68,No,..,1.5%,1.1%
GUATEMALA,Central America,2010,Q1,Upper middle income,Agriculture & Agro-exports,Floating,No,"16,436,174 people","$5,515",38.7%,35.8%,1.24 million visitors,1.9%,5.3%,10.5%,7.0%,12.0%,38.5%,(5.1%),1.4%,110.5,46.4,3.5%,-0.16,No,..,1.0%,2.3%
ECUADOR,South America,2010,Q2,Upper middle income,Mining & Extractives,Pegged (Dollarized),No,"17,453,809 people","$6,198",34.1%,39.8%,0.96 million visitors,3.3%,3.6%,7.0%,6.5%,8.0%,66.7%,(6.8%),(6.9%),92.1,11.6,3.7%,-0.97,No,..,0.7%,1.2%
DOMINICAN REPUBLIC,Caribbean,2008,Q4,Upper middle income,Tourism & Services,Managed Float,No,"10,839,688 people","$7,366",29.2%,23.3%,..,3.1%,1.4%,1.2%,6.6%,5.3%,44.4%,(3.8%),6.5%,98.7,25.1,4.6%,0.08,No,..,3.8%,4.0%
TRINIDAD AND TOBAGO,Caribbean,2003,Q2,High income,Mining & Extractives,Floating,No,"1,504,389 people","$16,897",39.8%,38.9%,0.05 million visitors,3.1%,1.3%,4.3%,9.7%,7.1%,59.0%,(2.6%),1.9%,95.7,41.6,..,0.32,No,..,(1.4%),(0.2%)
Panama,Central America,2014,Q4,High income,Trade & Logistics,Pegged (Dollarized),No,"4,138,437 people","$16,192",27.9%,46.7%,1.24 million visitors,3.9%,2.4%,7.6%,12.5%,10.2%,57.7%,(2.1%),(19.8%),106.6,26.6,5.5%,-0.43,No,..,5.1%,4.8%
Honduras,Central America,2015,Q4,Lower middle income,Agriculture & Agro-exports,Floating,No,"9,424,380 people","$1,860",40.9%,54.6%,0.77 million visitors,0.9%,3.1%,7.7%,8.8%,12.7%,53.7%,(3.1%),(13.2%),88.6,29.6,4.9%,0.16,No,..,5.0%,2.5%
Guyana,South America,2021,Q1,High income,Mining & Extractives,Floating,No,"810,833 people","$14,343",46.6%,56.9%,0.36 million visitors,1.2%,(2.2%),2.7%,4.8%,4.4%,37.7%,(2.4%),(11.0%),102.1,37.6,3.8%,-0.6,No,..,7.3%,8.8%
el salvador,Central America,2015,Q2,Lower middle income,Manufacturing & Trade,Pegged (Dollarized),Yes,"6,336,731 people","$3,446",29.3%,31.9%,1.54 million visitors,2.6%,3.6%,6.5%,8.5%,8.3%,82.8%,(1.7%),(3.6%),93.8,30.5,5.4%,-1.05,No,..,2.1%,0.5%
 Ecuador ,South America,2018,Q3,Upper middle income,Mining & Extractives,Pegged (Dollarized),No,"17,467,901 people","$5,667",37.6%,47.3%,0.05 million visitors,3.3%,1.3%,4.2%,13.7%,8.0%,65.3%,(2.4%),(11.4%),77.1,7.8,3.6%,-0.68,No,..,(0.2%),0.2%
guyana,South America,2007,Q2,High income,Mining & Extractives,Floating,No,"801,660 people","$13,230",46.1%,57.4%,0.40 million visitors,0.5%,5.6%,6.6%,10.4%,11.6%,36.6%,(4.2%),(10.4%),98.1,38.1,3.9%,-0.29,No,..,11.3%,10.6%
El  Salvador,Central America,2009,Q4,Lower middle income,Manufacturing & Trade,Pegged (Dollarized),No,"6,234,426 people","$4,670",34.6%,50.4%,1.03 million visitors,1.2%,1.7%,4.7%,9.8%,5.8%,77.0%,(0.3%),(14.1%),97.5,15.5,5.3%,-0.59,No,..,1.6%,2.7%
PANAMA,Central America,2020,Q2,High income,Trade & Logistics,Pegged (Dollarized),No,"4,231,911 people","$15,604",30.3%,36.1%,2.27 million visitors,3.4%,2.3%,3.5%,8.0%,5.2%,61.3%,(1.4%),(6.9%),101.8,24.8,3.5%,0.65,No,..,2.9%,3.5%
ecuador,South America,2019,Q1,Upper middle income,Mining & Extractives,Pegged (Dollarized),No,"17,505,938 people","$6,689",45.4%,57.1%,1.14 million visitors,6.3%,2.6%,5.3%,5.9%,8.2%,62.7%,(2.2%),(11.4%),81.8,27.7,5.7%,-0.64,No,..,0.4%,1.2%
Bolivia,South America,2003,Q3,Lower middle income,Mining & Extractives,Managed Float,No,"11,499,524 people","$3,048",39.7%,50.2%,0.05 million visitors,0.8%,3.6%,2.1%,7.0%,4.1%,40.6%,(2.9%),(8.1%),103.2,22.3,4.2%,0.12,No,..,4.6%,2.1%
Dominican Republic,Caribbean,2021,Q2,Upper middle income,Tourism & Services,Managed Float,No,"10,674,286 people","$8,840",31.2%,36.5%,2.27 million visitors,5.5%,(2.2%),2.6%,4.6%,6.3%,48.7%,(6.2%),(5.3%),95.8,39.6,2.6%,-0.82,No,..,3.0%,4.5%
JAMAICA,Caribbean,2018,Q4,Upper middle income,Tourism & Services,Floating,Yes,"2,801,896 people","$5,543",33.9%,30.2%,2.08 million visitors,8.3%,5.2%,0.9%,11.4%,4.3%,98.4%,(1.7%),2.9%,112.9,34.8,5.0%,-0.63,No,..,(0.4%),0.7%
Belize,Central America,2023,Q2,Upper middle income,Tourism & Services,Pegged (Dollarized),No,"366,229 people","$5,109",38.3%,51.8%,2.98 million visitors,7.3%,2.4%,5.7%,9.5%,6.2%,89.4%,(1.0%),(13.6%),69.4,2.5,5.0%,-0.06,No,..,1.6%,0.5%
BOLIVIA,South America,2012,Q2,Lower middle income,Mining & Extractives,Managed Float,No,"11,531,173 people","$4,400",35.6%,45.4%,0.50 million visitors,1.4%,3.0%,2.8%,5.9%,2.4%,48.8%,(0.5%),(9.4%),93.8,26.6,4.1%,-0.59,No,..,1.6%,2.3%
Nicaragua,Central America,2019,Q1,Lower middle income,Agriculture & Agro-exports,Managed Float,No,"6,610,415 people",$763,38.1%,36.4%,0.64 million visitors,1.5%,2.0%,6.3%,10.1%,8.3%,41.1%,(4.0%),2.0%,102.2,27.5,3.8%,-1.9,No,..,1.7%,3.0%
paraguay,South America,2019,Q2,Upper middle income,Agriculture & Agro-exports,Managed Float,No,"6,822,451 people","$5,760",42.7%,50.3%,0.52 million visitors,1.5%,1.3%,0.9%,7.8%,2.6%,27.3%,(0.5%),(7.1%),126.2,37.4,3.4%,0.01,No,..,5.8%,4.7%
DOMINICAN REPUBLIC,Caribbean,2021,Q3,Upper middle income,Tourism & Services,Managed Float,No,"10,824,137 people","$8,832",20.2%,29.3%,1.14 million visitors,5.2%,(0.5%),4.5%,11.2%,7.7%,48.7%,(2.8%),(9.5%),95.8,45.6,5.0%,-0.66,No,..,3.4%,3.1%
costa rica,Central America,2014,Q2,Upper middle income,Tourism & Services,Managed Float,No,"5,001,496 people","$12,308",32.1%,42.6%,3.80 million visitors,8.9%,1.8%,9.4%,9.4%,11.5%,51.7%,(5.4%),(12.1%),89.2,37.3,1.7%,0.69,Yes,0.5%,4.7%,4.4%
PANAMA,Central America,2008,Q4,High income,Trade & Logistics,Pegged (Dollarized),No,"4,142,033 people","$16,083",39.1%,36.5%,2.00 million visitors,3.0%,4.2%,0.3%,12.1%,3.2%,51.2%,(2.7%),2.3%,104.2,20.5,6.1%,0.62,No,..,6.6%,5.7%
HONDURAS,Central America,2007,Q2,Lower middle income,Agriculture & Agro-exports,Floating,No,"9,569,437 people","$3,583",35.1%,32.8%,..,1.8%,4.0%,0.2%,8.2%,1.3%,47.6%,(0.2%),1.9%,94.7,43.3,3.8%,-0.79,No,..,1.9%,1.2%
PARAGUAY,South America,2020,Q4,Upper middle income,Agriculture & Agro-exports,Managed Float,No,"6,816,654 people","$5,742",41.6%,48.2%,0.33 million visitors,0.5%,5.2%,1.1%,10.1%,3.0%,28.2%,0.6%,(7.1%),129.2,20.0,5.4%,-0.02,No,..,1.6%,3.3%
 Guatemala ,Central America,2013,Q1,Upper middle income,Agriculture & Agro-exports,Floating,No,"16,448,169 people","$5,256",41.1%,49.6%,0.93 million visitors,3.8%,3.3%,8.4%,11.3%,11.6%,40.4%,(1.8%),(10.0%),113.7,54.6,5.3%,-0.51,No,..,2.8%,2.0%
PANAMA,Central America,2012,Q3,High income,Trade & Logistics,Pegged (Dollarized),No,"4,148,047 people","$16,212",35.6%,32.0%,1.68 million visitors,3.5%,3.8%,4.4%,7.2%,4.7%,54.5%,(3.8%),2.7%,107.0,17.7,4.1%,0.68,No,..,2.3%,5.3%
 El Salvador ,Central America,2017,Q1,Lower middle income,Manufacturing & Trade,Pegged (Dollarized),No,"6,365,926 people","$2,963",37.4%,44.8%,0.25 million visitors,2.0%,4.4%,4.1%,9.2%,5.0%,82.2%,(2.8%),(7.6%),92.3,7.2,..,-0.6,No,..,(1.3%),(0.6%)
guyana,South America,2008,Q2,High income,Mining & Extractives,Floating,No,"821,944 people","$14,183",48.4%,52.6%,0.56 million visitors,0.5%,2.9%,2.4%,4.1%,4.4%,37.1%,(1.6%),(4.4%),101.8,46.2,4.6%,-0.52,No,..,9.5%,12.1%
Guatemala,Central America,2017,Q3,Upper middle income,Agriculture & Agro-exports,Floating,No,"16,487,609 people","$5,442",22.9%,24.3%,0.77 million visitors,0.5%,(0.1%),5.6%,8.3%,6.4%,46.7%,(1.5%),(1.1%),115.0,10.4,4.4%,-0.59,No,..,(0.1%),1.2%
dominican republic,Caribbean,2014,Q2,Upper middle income,Tourism & Services,Managed Float,No,"10,773,991 people","$8,305",30.6%,35.5%,1.99 million visitors,5.1%,3.5%,6.5%,13.0%,7.2%,48.1%,(0.1%),(5.3%),94.5,52.4,5.7%,-0.02,Yes,1.0%,4.3%,2.8%
Ecuador,South America,2014,Q2,Upper middle income,Mining & Extractives,Pegged (Dollarized),No,"17,518,337 people","$5,938",39.0%,36.0%,2.33 million visitors,0.8%,3.0%,3.4%,11.0%,4.7%,67.2%,(4.7%),2.8%,86.7,9.2,3.6%,-0.5,No,..,(1.1%),0.3%
nicaragua,Central America,2006,Q3,Lower middle income,Agriculture & Agro-exports,Managed Float,No,"6,472,403 people","$2,137",37.5%,46.6%,..,2.2%,1.7%,8.5%,6.5%,9.9%,38.2%,1.5%,(10.3%),95.0,33.0,4.4%,-1.66,No,..,2.3%,2.1%
honduras,Central America,2018,Q2,Lower middle income,Agriculture & Agro-exports,Floating,No,"9,440,361 people","$2,593",46.3%,49.4%,0.05 million visitors,0.5%,2.4%,4.6%,7.1%,4.3%,56.2%,(1.1%),(3.3%),96.2,43.2,3.6%,-0.39,No,..,0.1%,2.0%
Paraguay,South America,2023,Q4,Upper middle income,Agriculture & Agro-exports,Managed Float,No,"6,869,941 people","$6,364",40.2%,42.8%,0.98 million visitors,2.3%,3.2%,6.8%,6.7%,9.0%,29.7%,(2.3%),(1.6%),123.4,26.8,3.7%,-0.35,No,..,1.4%,3.2%
Nicaragua,Central America,2013,Q1,Lower middle income,Agriculture & Agro-exports,Managed Float,No,"6,518,598 people",$816,38.2%,38.5%,0.94 million visitors,2.8%,2.5%,6.2%,8.6%,8.2%,36.7%,(4.7%),(0.6%),104.3,26.9,3.5%,-1.3,No,..,3.2%,2.1%
costa rica,Central America,2003,Q1,Upper middle income,Tourism & Services,Managed Float,No,"4,884,053 people","$12,759",23.9%,34.3%,..,10.2%,4.8%,5.3%,6.2%,6.9%,47.1%,(0.3%),(11.0%),100.9,29.8,4.3%,0.55,No,..,3.1%,3.9%
Bolivia,South America,2003,Q4,Lower middle income,Mining & Extractives,Managed Float,No,"11,628,055 people","$3,380",38.8%,60.4%,0.05 million visitors,1.2%,4.0%,4.6%,10.1%,5.5%,40.6%,(4.4%),(22.9%),103.2,27.5,..,-0.1,No,..,0.9%,(0.1%)
Nicaragua,Central America,2003,Q4,Lower middle income,Agriculture & Agro-exports,Managed Float,No,"6,418,080 people","$1,560",41.1%,43.3%,0.05 million visitors,0.5%,5.2%,2.3%,3.7%,3.0%,35.3%,(0.8%),(3.2%),93.0,43.2,3.2%,-0.82,No,..,1.7%,1.8%
El Salvador,Central America,2018,Q3,Lower middle income,Manufacturing & Trade,Pegged (Dollarized),No,"6,419,076 people","$4,073",30.0%,37.2%,0.91 million visitors,0.5%,2.6%,3.5%,9.0%,5.1%,80.7%,(5.8%),(7.0%),94.5,11.0,7.5%,-0.64,No,..,(2.4%),(2.7%)
 Panama ,Central America,2007,Q4,High income,Trade & Logistics,Pegged (Dollarized),No,"4,171,298 people","$15,179",30.2%,30.4%,1.99 million visitors,3.7%,1.4%,2.8%,9.6%,1.5%,49.2%,(3.7%),0.0%,101.7,20.1,3.8%,0.06,No,..,6.2%,4.9%
guyana,South America,2017,Q3,High income,Mining & Extractives,Floating,No,"765,092 people","$14,377",45.0%,48.9%,1.23 million visitors,3.9%,3.4%,4.5%,3.2%,10.0%,39.0%,(2.9%),(4.6%),113.6,33.0,4.5%,-0.02,No,..,10.9%,12.7%
Ecuador,South America,2019,Q2,Upper middle income,Mining & Extractives,Pegged (Dollarized),No,"17,457,342 people","$6,267",40.8%,42.3%,0.55 million visitors,2.0%,7.2%,5.6%,8.5%,6.0%,62.7%,(0.6%),(1.7%),81.8,32.1,3.0%,-0.86,No,..,0.7%,0.4%
bolivia,South America,2019,Q2,Lower middle income,Mining & Extractives,Managed Float,No,"11,435,815 people","$4,836",35.4%,39.7%,0.05 million visitors,1.6%,0.2%,7.6%,6.2%,9.4%,50.5%,(2.9%),(3.9%),86.6,32.0,4.2%,-0.31,Yes,14.1%,(3.8%),(3.2%)
panama,Central America,2005,Q4,High income,Trade & Logistics,Pegged (Dollarized),No,"4,135,130 people","$15,603",32.2%,40.6%,1.25 million visitors,4.8%,(0.6%),7.5%,9.0%,10.7%,52.6%,(3.9%),(8.1%),99.4,4.4,4.1%,0.4,No,..,6.6%,4.8%
Belize,Central America,2008,Q4,Upper middle income,Tourism & Services,Pegged (Dollarized),Yes,"397,639 people","$5,182",36.1%,35.0%,2.91 million visitors,7.6%,5.7%,5.8%,11.7%,7.2%,89.2%,(4.3%),1.3%,84.5,22.0,6.0%,0.42,No,..,2.8%,2.0%
Bolivia,South America,2019,Q3,Lower middle income,Mining & Extractives,Managed Float,No,"11,381,413 people","$3,767",37.6%,37.7%,1.18 million visitors,2.3%,5.2%,5.8%,7.9%,6.9%,50.5%,(4.1%),0.6%,86.6,34.8,4.7%,-0.14,No,..,1.3%,1.0%
 Honduras ,Central America,2014,Q3,Lower middle income,Agriculture & Agro-exports,Floating,No,"9,521,991 people","$2,838",36.8%,45.8%,0.05 million visitors,5.8%,3.2%,3.5%,6.8%,5.8%,53.5%,(3.5%),(9.9%),95.2,23.4,4.9%,-0.73,No,..,4.2%,4.6%
 Bolivia ,South America,2008,Q1,Lower middle income,Mining & Extractives,Managed Float,No,"11,447,566 people","$3,654",40.1%,39.8%,0.10 million visitors,1.0%,1.1%,9.1%,7.0%,10.1%,37.6%,(4.3%),1.0%,87.7,30.8,4.9%,0.17,No,..,0.0%,1.0%
Uruguay,South America,2004,Q3,High income,Agriculture & Agro-exports,Floating,No,"3,417,318 people","$17,135",36.1%,35.9%,1.11 million visitors,2.0%,1.3%,9.3%,9.1%,10.7%,59.4%,(6.0%),0.1%,103.0,36.0,3.6%,0.92,No,..,4.1%,3.1%
Jamaica,Caribbean,2019,Q1,Upper middle income,Tourism & Services,Floating,No,"2,796,099 people","$5,369",29.1%,25.6%,2.85 million visitors,8.5%,1.7%,5.2%,9.6%,7.3%,98.1%,(3.1%),1.2%,116.8,34.1,2.0%,-0.38,No,..,(0.4%),1.4%
honduras,Central America,2018,Q3,Lower middle income,Agriculture & Agro-exports,Floating,No,"9,494,450 people","$1,581",37.8%,52.7%,0.54 million visitors,1.1%,3.9%,2.4%,7.2%,2.4%,56.2%,(4.8%),(15.4%),96.2,27.5,5.2%,-0.62,No,..,2.7%,3.1%
Jamaica,Caribbean,2015,Q4,Upper middle income,Tourism & Services,Floating,No,"2,859,304 people","$6,716",28.5%,36.4%,2.17 million visitors,6.3%,4.0%,3.1%,4.9%,4.5%,97.5%,(3.4%),(9.0%),117.2,36.3,4.1%,-0.65,No,..,(2.0%),(0.9%)
Guatemala,Central America,2011,Q2,Upper middle income,Agriculture & Agro-exports,Floating,No,"16,472,728 people","$4,823",36.8%,41.4%,0.65 million visitors,1.9%,2.2%,6.2%,5.6%,7.1%,38.9%,(5.4%),(5.6%),111.0,33.9,2.4%,-0.56,No,..,3.1%,2.8%
Belize,Central America,2009,Q4,Upper middle income,Tourism & Services,Pegged (Dollarized),No,"390,879 people","$6,329",34.4%,43.8%,3.19 million visitors,9.2%,4.9%,5.5%,5.6%,7.2%,89.4%,(4.2%),(10.7%),83.9,9.0,3.5%,-0.4,Yes,1.2%,1.6%,1.9%
 Panama ,Central America,2017,Q1,High income,Trade & Logistics,Pegged (Dollarized),No,"4,196,008 people","$15,239",29.6%,36.5%,2.12 million visitors,6.9%,2.7%,4.6%,3.7%,7.9%,57.9%,(4.3%),(5.4%),106.8,21.4,3.7%,0.36,Yes,3.8%,5.0%,4.8%
honduras,Central America,2008,Q3,Lower middle income,Agriculture & Agro-exports,Floating,No,"9,475,758 people","$1,899",40.1%,50.7%,0.87 million visitors,4.4%,0.9%,8.6%,11.9%,9.7%,49.8%,(2.1%),(9.9%),102.0,25.5,2.9%,-1.04,No,..,2.0%,2.4%
 Honduras ,Central America,2013,Q4,Lower middle income,Agriculture & Agro-exports,Floating,No,"9,505,731 people","$2,677",37.3%,51.7%,0.05 million visitors,4.5%,..,6.0%,3.5%,7.4%,51.7%,(5.1%),(14.5%),96.9,38.6,4.8%,-0.38,No,..,0.4%,3.6%
GUYANA,South America,2007,Q4,High income,Mining & Extractives,Floating,No,"765,618 people","$14,156",38.7%,45.8%,0.05 million visitors,2.3%,2.2%,4.3%,11.6%,5.1%,36.6%,(2.2%),(6.8%),98.1,34.8,5.7%,-0.48,No,..,8.3%,9.6%
Dominican Republic,Caribbean,2013,Q1,Upper middle income,Tourism & Services,Managed Float,No,"10,779,155 people","$8,058",34.7%,36.5%,2.37 million visitors,6.9%,6.4%,6.5%,9.7%,8.9%,48.9%,(2.0%),(3.1%),90.2,41.0,5.1%,0.09,No,..,4.6%,4.3%
 Bolivia ,South America,2013,Q3,Lower middle income,Mining & Extractives,Managed Float,No,"11,463,922 people","$3,490",45.2%,55.9%,0.06 million visitors,3.8%,5.0%,7.3%,7.5%,10.2%,48.8%,(5.4%),(11.4%),88.6,19.2,4.1%,-0.56,No,..,2.8%,2.9%
Jamaica,Caribbean,2021,Q2,Upper middle income,Tourism & Services,Floating,No,"2,759,318 people","$5,451",32.2%,40.6%,3.90 million visitors,6.8%,3.1%,1.3%,6.4%,1.7%,98.0%,(1.4%),(8.2%),115.0,49.1,4.4%,-0.27,No,..,0.2%,(1.3%)
panama,Central America,2011,Q3,High income,Trade & Logistics,Pegged (Dollarized),No,"4,209,280 people","$15,573",25.0%,25.5%,1.54 million visitors,3.1%,4.6%,7.2%,5.0%,9.5%,53.9%,(2.2%),0.5%,101.2,19.2,3.0%,0.06,No,..,2.5%,2.2%
Trinidad  and  Tobago,Caribbean,2007,Q1,High income,Mining & Extractives,Floating,No,"1,379,148 people","$15,552",49.9%,49.8%,0.07 million visitors,0.5%,(1.3%),4.9%,7.1%,7.4%,62.7%,(1.9%),0.5%,89.0,22.2,3.7%,0.54,No,..,0.6%,(0.0%)
DOMINICAN REPUBLIC,Caribbean,2009,Q2,Upper middle income,Tourism & Services,Managed Float,No,"10,797,576 people","$7,741",30.9%,35.4%,2.60 million visitors,6.8%,2.6%,0.7%,8.4%,1.5%,46.1%,(4.8%),(5.0%),94.4,55.5,5.1%,0.18,No,..,3.7%,4.2%
Panama,Central America,2007,Q1,High income,Trade & Logistics,Pegged (Dollarized),No,"4,107,151 people","$15,334",42.8%,47.9%,0.81 million visitors,3.5%,(1.9%),2.7%,5.1%,4.6%,49.2%,(1.2%),(5.6%),101.7,16.2,6.3%,0.32,No,..,1.8%,3.8%
el salvador,Central America,2022,Q4,Lower middle income,Manufacturing & Trade,Pegged (Dollarized),Yes,"6,353,084 people","$5,290",24.4%,31.1%,1.64 million visitors,5.2%,4.1%,3.6%,4.4%,4.9%,84.6%,(1.9%),(7.9%),108.1,18.8,5.1%,-0.98,No,..,3.1%,2.9%
Panama,Central America,2023,Q3,High income,Trade & Logistics,Pegged (Dollarized),No,"4,241,510 people","$16,065",35.2%,37.7%,1.49 million visitors,5.2%,2.2%,2.7%,8.4%,1.6%,57.1%,(1.5%),(2.4%),94.3,9.6,3.9%,0.21,No,..,3.7%,4.5%
trinidad and tobago,Caribbean,2019,Q3,High income,Mining & Extractives,Floating,No,"1,463,090 people","$15,447",39.8%,39.8%,0.78 million visitors,0.5%,0.6%,2.7%,4.8%,4.5%,67.5%,(2.6%),0.3%,97.2,29.8,2.5%,0.57,No,..,(0.3%),1.5%
Honduras,Central America,2021,Q3,Lower middle income,Agriculture & Agro-exports,Floating,No,"9,446,224 people","$3,169",42.4%,39.4%,0.89 million visitors,1.6%,4.2%,4.7%,7.3%,8.0%,59.7%,(1.3%),1.5%,107.7,46.8,5.4%,-1.1,No,..,2.5%,1.9%
PARAGUAY,South America,2022,Q4,Upper middle income,Agriculture & Agro-exports,Managed Float,No,"6,869,541 people","$6,532",34.8%,48.1%,0.05 million visitors,2.4%,4.6%,3.7%,9.2%,6.9%,30.8%,(5.1%),(16.1%),123.4,36.6,3.7%,0.15,No,..,5.3%,4.0%
Paraguay,South America,2017,Q4,Upper middle income,Agriculture & Agro-exports,Managed Float,No,"6,753,555 people","$6,494",41.4%,52.7%,0.05 million visitors,0.5%,4.4%,6.1%,10.7%,7.1%,29.0%,(2.9%),(10.8%),123.8,55.2,3.3%,-0.5,No,..,2.1%,3.9%
 Trinidad and Tobago ,Caribbean,2011,Q1,High income,Mining & Extractives,Floating,No,"1,427,498 people","$16,605",37.8%,41.6%,0.53 million visitors,1.5%,4.2%,3.4%,4.8%,7.2%,62.8%,(4.5%),(4.9%),92.1,31.6,4.9%,0.76,No,..,0.7%,0.8%
Honduras,Central America,2005,Q4,Lower middle income,Agriculture & Agro-exports,Floating,No,"9,429,767 people","$3,832",40.3%,36.4%,0.70 million visitors,2.2%,5.4%,3.1%,8.4%,5.7%,44.8%,(3.2%),2.1%,96.8,29.2,4.5%,-0.41,No,..,3.7%,3.0%
 Panama ,Central America,2019,Q1,High income,Trade & Logistics,Pegged (Dollarized),No,"4,184,733 people","$15,727",37.6%,52.3%,1.31 million visitors,3.7%,2.7%,2.4%,4.6%,5.5%,59.9%,(2.0%),(13.5%),101.2,13.4,6.0%,0.17,No,..,4.0%,3.2%
el salvador,Central America,2007,Q3,Lower middle income,Manufacturing & Trade,Pegged (Dollarized),No,"6,287,136 people","$4,847",42.6%,54.5%,1.67 million visitors,2.4%,4.0%,5.2%,4.3%,7.0%,74.8%,(1.9%),(11.2%),102.8,7.5,5.1%,-0.4,No,..,2.4%,0.8%
paraguay,South America,2015,Q4,Upper middle income,Agriculture & Agro-exports,Managed Float,No,"6,769,481 people","$6,147",36.5%,44.3%,0.32 million visitors,0.5%,(1.8%),4.7%,5.4%,7.3%,32.4%,(4.3%),(8.8%),118.4,18.4,3.1%,0.05,No,..,4.1%,3.9%
HONDURAS,Central America,2020,Q1,Lower middle income,Agriculture & Agro-exports,Floating,No,"9,462,100 people","$3,439",38.2%,48.6%,0.62 million visitors,0.5%,1.6%,6.0%,4.4%,7.1%,58.8%,(3.5%),(9.3%),110.9,35.5,4.0%,-0.47,No,..,3.8%,3.7%
 Panama ,Central America,2022,Q4,High income,Trade & Logistics,Pegged (Dollarized),No,"4,224,419 people","$15,307",38.3%,45.6%,2.25 million visitors,4.6%,2.3%,9.3%,8.9%,11.9%,59.2%,(2.6%),(7.9%),92.3,6.3,3.6%,0.63,No,..,5.5%,3.2%
paraguay,South America,2007,Q3,Upper middle income,Agriculture & Agro-exports,Managed Float,No,"6,805,730 people","$6,902",37.6%,46.7%,0.05 million visitors,1.0%,4.7%,5.5%,8.4%,8.2%,31.2%,(4.6%),(9.7%),106.9,32.1,5.3%,0.21,No,..,2.6%,1.4%
Jamaica,Caribbean,2023,Q3,Upper middle income,Tourism & Services,Floating,Yes,"2,767,301 people","$5,942",37.2%,35.5%,2.80 million visitors,6.2%,0.8%,4.2%,13.0%,4.7%,97.6%,(4.6%),0.4%,108.4,36.5,5.3%,-0.17,No,..,3.3%,1.0%
Trinidad  and  Tobago,Caribbean,2018,Q2,High income,Mining & Extractives,Floating,No,"1,350,721 people","$17,408",46.1%,58.0%,0.38 million visitors,1.0%,2.3%,7.3%,2.3%,7.9%,65.2%,(2.0%),(10.5%),96.3,29.4,4.6%,0.56,No,..,(0.7%),(0.0%)
 Panama ,Central America,2014,Q1,High income,Trade & Logistics,Pegged (Dollarized),No,"4,098,247 people","$14,223",31.2%,36.6%,2.17 million visitors,5.4%,6.0%,4.6%,14.0%,7.6%,57.7%,(6.3%),(6.2%),106.6,8.0,3.7%,0.36,No,..,7.9%,5.4%
Guyana,South America,2020,Q3,High income,Mining & Extractives,Floating,No,"789,510 people","$13,469",35.8%,49.2%,0.05 million visitors,0.5%,0.3%,9.1%,8.9%,11.0%,34.9%,(5.2%),(12.7%),102.8,22.1,5.3%,-0.3,No,..,9.0%,10.0%
Belize,Central America,2020,Q4,Upper middle income,Tourism & Services,Pegged (Dollarized),Yes,"475,824 people","$5,989",35.4%,40.6%,1.73 million visitors,4.7%,2.7%,10.4%,4.9%,12.3%,89.9%,(2.9%),(6.6%),69.0,27.9,4.9%,0.27,No,..,1.0%,1.1%
paraguay,South America,2015,Q3,Upper middle income,Agriculture & Agro-exports,Managed Float,No,"6,828,595 people","$6,086",30.6%,40.3%,0.41 million visitors,2.9%,2.5%,6.3%,7.9%,10.2%,32.4%,(1.8%),(8.5%),118.4,54.7,4.1%,0.11,No,..,3.4%,2.4%
Ecuador,South America,2016,Q1,Upper middle income,Mining & Extractives,Pegged (Dollarized),No,"17,493,689 people","$5,871",38.8%,37.4%,0.81 million visitors,3.3%,4.8%,6.7%,10.5%,10.2%,66.3%,(2.5%),0.4%,87.3,20.3,5.9%,0.06,No,..,3.7%,3.3%
Dominican  Republic,Caribbean,2007,Q1,Upper middle income,Tourism & Services,Managed Float,No,"10,851,854 people","$8,408",33.3%,33.6%,2.74 million visitors,9.2%,2.3%,5.7%,6.3%,6.2%,46.3%,(4.0%),0.3%,97.1,37.6,4.0%,0.51,No,..,5.1%,5.2%
paraguay,South America,2010,Q4,Upper middle income,Agriculture & Agro-exports,Managed Float,No,"6,747,215 people","$5,799",37.8%,42.4%,1.06 million visitors,3.9%,1.2%,5.7%,7.4%,8.2%,32.4%,(2.5%),(5.2%),112.3,50.2,4.0%,-0.1,No,..,5.6%,4.0%
 Costa Rica ,Central America,2022,Q1,Upper middle income,Tourism & Services,Managed Float,No,"4,985,679 people","$12,517",42.6%,40.7%,3.44 million visitors,10.5%,4.5%,2.6%,4.4%,4.0%,52.7%,(2.5%),2.7%,90.0,31.2,4.3%,0.85,No,..,3.4%,5.3%
DOMINICAN REPUBLIC,Caribbean,2023,Q1,Upper middle income,Tourism & Services,Managed Float,No,"10,640,323 people","$9,722",34.6%,42.8%,3.09 million visitors,5.1%,2.5%,4.7%,5.4%,6.8%,51.6%,(2.8%),(7.7%),90.8,29.8,5.6%,0.12,Yes,7.2%,1.1%,1.3%
jamaica,Caribbean,2019,Q4,Upper middle income,Tourism & Services,Floating,No,"2,717,614 people","$5,061",30.6%,30.3%,3.31 million visitors,8.0%,1.3%,0.1%,9.4%,0.2%,98.1%,(2.5%),(1.3%),116.8,42.8,5.6%,-0.63,No,..,0.4%,(0.2%)
 Costa Rica ,Central America,2003,Q4,Upper middle income,Tourism & Services,Managed Float,No,"4,927,648 people","$10,184",28.0%,35.9%,2.84 million visitors,5.1%,4.3%,3.3%,6.6%,4.8%,47.1%,(3.2%),(7.4%),100.9,29.9,2.8%,0.72,No,..,6.6%,4.5%
Paraguay,South America,2014,Q3,Upper middle income,Agriculture & Agro-exports,Managed Float,No,"6,769,121 people","$5,443",46.3%,44.8%,0.33 million visitors,2.7%,2.9%,4.9%,7.4%,8.2%,30.9%,(0.3%),1.0%,115.7,32.3,4.8%,0.18,No,..,3.7%,3.0%
ecuador,South America,2021,Q1,Upper middle income,Mining & Extractives,Pegged (Dollarized),No,"17,537,714 people","$5,987",28.2%,31.5%,0.91 million visitors,2.6%,4.1%,7.5%,13.2%,9.7%,64.7%,(6.2%),(5.1%),69.4,15.6,3.9%,-0.62,No,..,(3.6%),(1.7%)
Honduras,Central America,2018,Q4,Lower middle income,Agriculture & Agro-exports,Floating,No,"9,434,685 people","$3,315",49.0%,53.6%,1.19 million visitors,1.1%,4.4%,4.0%,6.9%,3.4%,56.2%,(3.1%),(4.8%),96.2,22.8,4.8%,-0.4,No,..,1.5%,3.5%
 Ecuador ,South America,2004,Q1,Upper middle income,Mining & Extractives,Pegged (Dollarized),Yes,"17,477,076 people","$5,716",39.1%,41.3%,1.87 million visitors,0.5%,1.4%,3.4%,8.0%,5.7%,60.6%,(4.4%),(2.9%),98.1,8.1,4.4%,-0.77,No,..,0.9%,1.8%
 Trinidad and Tobago ,Caribbean,2005,Q4,High income,Mining & Extractives,Floating,No,"1,360,856 people","$16,609",41.2%,48.5%,0.05 million visitors,0.5%,0.4%,6.1%,6.4%,8.0%,62.3%,(4.1%),(7.8%),97.8,36.6,4.4%,0.81,No,..,1.2%,(0.6%)
El  Salvador,Central America,2007,Q2,Lower middle income,Manufacturing & Trade,Pegged (Dollarized),No,"6,320,893 people","$4,122",29.7%,31.4%,0.56 million visitors,0.5%,(0.5%),6.3%,6.6%,6.9%,74.8%,(2.1%),(1.0%),102.8,3.7,4.0%,-0.65,No,..,3.2%,1.2%
 Guatemala ,Central America,2010,Q2,Upper middle income,Agriculture & Agro-exports,Floating,No,"16,508,567 people","$4,654",26.8%,25.1%,0.43 million visitors,5.3%,4.4%,5.5%,6.9%,8.1%,38.5%,(3.6%),0.9%,110.5,34.5,6.8%,-1.06,No,..,1.7%,3.6%
 Guatemala ,Central America,2011,Q4,Upper middle income,Agriculture & Agro-exports,Floating,No,"16,537,554 people","$4,811",24.1%,30.4%,1.37 million visitors,2.8%,3.3%,8.7%,7.9%,11.7%,38.9%,(2.7%),(5.9%),111.0,36.2,4.7%,-1.03,No,..,5.8%,2.9%
JAMAICA,Caribbean,2023,Q1,Upper middle income,Tourism & Services,Floating,No,"2,754,227 people","$5,484",36.4%,54.1%,2.77 million visitors,8.3%,3.3%,4.9%,5.3%,9.2%,97.6%,0.7%,(17.3%),108.4,28.0,4.7%,-0.51,No,..,0.5%,1.5%
Paraguay,South America,2016,Q2,Upper middle income,Agriculture & Agro-exports,Managed Float,No,"6,796,115 people","$7,289",39.3%,42.4%,0.31 million visitors,2.3%,5.3%,6.5%,7.3%,8.0%,30.0%,(2.8%),(6.3%),123.7,21.9,3.7%,-0.26,No,..,2.7%,2.3%
BOLIVIA,South America,2018,Q4,Lower middle income,Mining & Extractives,Managed Float,No,"11,513,923 people","$3,771",41.2%,41.9%,0.05 million visitors,0.5%,2.2%,8.8%,10.4%,10.0%,49.3%,(1.2%),(0.6%),87.2,42.9,3.9%,-0.35,No,..,2.1%,1.2%
Uruguay,South America,2016,Q1,High income,Agriculture & Agro-exports,Floating,No,"3,400,933 people","$15,288",38.2%,51.7%,2.01 million visitors,1.2%,5.5%,4.9%,5.3%,5.9%,77.7%,(2.2%),(13.9%),88.2,36.0,4.6%,1.63,No,..,1.2%,2.8%
 Panama ,Central America,2020,Q1,High income,Trade & Logistics,Pegged (Dollarized),No,"4,241,048 people","$15,496",34.0%,41.5%,1.35 million visitors,5.8%,4.1%,6.3%,10.0%,7.5%,61.3%,(3.7%),(7.1%),101.8,12.5,4.2%,0.3,No,..,6.0%,5.5%
 Paraguay ,South America,2014,Q2,Upper middle income,Agriculture & Agro-exports,Managed Float,No,"6,825,216 people","$5,761",40.1%,45.5%,1.51 million visitors,0.5%,1.7%,5.2%,9.6%,7.8%,30.9%,(3.7%),(4.6%),115.7,33.0,4.3%,-0.09,No,..,2.0%,1.8%
ecuador,South America,2004,Q3,Upper middle income,Mining & Extractives,Pegged (Dollarized),No,"17,473,322 people","$5,629",35.1%,40.2%,0.28 million visitors,0.5%,1.6%,1.9%,5.0%,4.5%,60.6%,(4.6%),(7.0%),98.1,6.0,4.0%,-0.08,No,..,(0.9%),1.8%
Guatemala,Central America,2009,Q4,Upper middle income,Agriculture & Agro-exports,Floating,No,"16,509,783 people","$4,409",27.4%,32.3%,..,5.0%,4.9%,3.9%,5.7%,5.1%,36.2%,1.9%,(3.7%),112.6,48.5,4.2%,-0.96,Yes,1.0%,2.6%,2.4%
Paraguay,South America,2009,Q2,Upper middle income,Agriculture & Agro-exports,Managed Float,No,"6,756,262 people","$5,962",34.9%,37.5%,0.56 million visitors,0.6%,3.7%,0.8%,8.6%,1.3%,32.8%,(1.5%),(2.9%),114.3,36.5,5.0%,0.11,No,..,0.4%,1.3%
 Trinidad and Tobago ,Caribbean,2017,Q3,High income,Mining & Extractives,Floating,No,"1,399,228 people","$16,871",47.7%,50.8%,0.05 million visitors,2.0%,2.6%,6.6%,7.3%,7.7%,64.4%,(1.9%),(3.1%),94.7,43.9,4.3%,0.19,No,..,(1.9%),(0.8%)
Guyana,South America,2022,Q4,High income,Mining & Extractives,Floating,No,"735,798 people","$13,268",39.3%,39.3%,0.05 million visitors,0.7%,..,4.3%,12.1%,7.5%,41.9%,(0.5%),0.9%,105.5,27.4,4.6%,0.04,No,..,11.2%,10.4%
URUGUAY,South America,2019,Q4,High income,Agriculture & Agro-exports,Floating,No,"3,535,730 people","$17,407",27.8%,39.4%,1.10 million visitors,4.1%,4.0%,4.2%,5.1%,7.3%,78.2%,(5.7%),(12.2%),99.1,34.8,3.4%,1.26,No,..,2.3%,2.1%
GUYANA,South America,2019,Q3,High income,Mining & Extractives,Floating,No,"801,315 people","$13,937",42.1%,57.6%,1.02 million visitors,1.1%,1.4%,9.4%,5.3%,11.7%,36.5%,(0.5%),(15.2%),107.1,32.6,6.6%,-0.49,No,..,10.7%,10.9%
Guyana,South America,2018,Q1,High income,Mining & Extractives,Floating,No,"883,648 people","$12,726",38.9%,38.4%,0.30 million visitors,0.5%,2.0%,7.0%,7.0%,10.8%,36.7%,(1.6%),(1.2%),108.9,29.2,3.8%,-0.07,No,..,10.5%,12.5%
 Bolivia ,South America,2008,Q2,Lower middle income,Mining & Extractives,Managed Float,No,"11,516,911 people","$3,864",39.9%,41.3%,0.05 million visitors,1.0%,1.3%,7.1%,4.8%,9.7%,37.6%,(1.4%),(0.7%),87.7,42.0,5.5%,-0.95,No,..,2.2%,3.0%
JAMAICA,Caribbean,2004,Q3,Upper middle income,Tourism & Services,Floating,No,"2,773,283 people","$6,712",23.6%,27.3%,1.92 million visitors,5.2%,(0.6%),8.1%,6.3%,11.4%,94.9%,(2.4%),(4.9%),97.8,25.9,2.5%,-0.49,Yes,4.9%,(3.2%),(3.1%)
belize,Central America,2017,Q1,Upper middle income,Tourism & Services,Pegged (Dollarized),Yes,"294,394 people","$4,070",38.7%,52.6%,2.92 million visitors,6.7%,3.9%,2.5%,6.5%,5.0%,90.9%,(1.3%),(12.2%),70.8,10.1,5.5%,-0.33,No,..,1.2%,3.0%
Dominican  Republic,Caribbean,2018,Q1,Upper middle income,Tourism & Services,Managed Float,No,"10,770,201 people","$6,708",31.4%,46.5%,2.50 million visitors,8.7%,1.9%,0.9%,5.0%,3.7%,46.4%,(6.9%),(15.6%),98.1,30.8,6.4%,0.41,No,..,6.4%,6.2%
BELIZE,Central America,2011,Q3,Upper middle income,Tourism & Services,Pegged (Dollarized),No,"327,011 people","$4,870",30.1%,32.5%,2.64 million visitors,7.8%,4.0%,2.6%,5.5%,4.7%,89.9%,(5.0%),(3.9%),87.1,2.1,5.2%,-0.03,No,..,4.0%,4.1%
guatemala,Central America,2008,Q1,Upper middle income,Agriculture & Agro-exports,Floating,No,"16,509,653 people","$4,717",35.7%,41.9%,1.36 million visitors,2.5%,2.4%,2.1%,5.5%,2.0%,36.8%,(1.1%),(7.3%),111.1,55.4,5.0%,-0.08,No,..,2.1%,0.7%
Nicaragua,Central America,2018,Q1,Lower middle income,Agriculture & Agro-exports,Managed Float,No,"6,380,629 people","$2,276",49.3%,55.8%,1.58 million visitors,0.5%,6.4%,2.3%,6.6%,6.6%,41.5%,(3.7%),(5.8%),105.4,45.9,4.7%,-1.2,No,..,0.7%,0.6%
 Guatemala ,Central America,2004,Q3,Upper middle income,Agriculture & Agro-exports,Floating,No,"16,480,473 people","$4,885",38.2%,39.5%,1.05 million visitors,0.7%,3.6%,4.4%,5.0%,6.9%,36.9%,0.0%,(0.2%),104.2,51.2,6.0%,-0.73,No,..,1.5%,2.1%
Bolivia,South America,2004,Q4,Lower middle income,Mining & Extractives,Managed Float,No,"11,568,608 people","$4,920",38.2%,46.7%,0.18 million visitors,1.5%,2.7%,6.5%,8.3%,8.9%,40.8%,(4.4%),(7.5%),102.6,22.6,3.5%,-0.61,No,..,0.1%,1.6%
 Guyana ,South America,2015,Q2,High income,Mining & Extractives,Floating,No,"730,431 people","$13,919",50.6%,59.8%,0.05 million visitors,1.8%,4.0%,5.6%,4.9%,10.5%,35.3%,(7.1%),(9.4%),110.4,28.7,3.9%,-0.27,No,..,12.4%,12.4%
GUYANA,South America,2005,Q2,High income,Mining & Extractives,Floating,No,"841,995 people","$13,055",41.1%,59.2%,0.05 million visitors,1.2%,(0.7%),3.0%,10.4%,4.7%,34.7%,(2.2%),(18.6%),105.5,39.1,3.7%,-0.42,No,..,10.0%,9.5%
 Costa Rica ,Central America,2019,Q2,Upper middle income,Tourism & Services,Managed Float,No,"4,950,908 people","$12,710",37.4%,39.2%,3.60 million visitors,6.2%,2.8%,4.0%,9.1%,6.0%,54.3%,(1.2%),0.1%,87.4,51.7,4.6%,1.11,No,..,5.3%,4.7%
Uruguay,South America,2023,Q3,High income,Agriculture & Agro-exports,Floating,No,"3,335,373 people","$16,542",46.2%,47.6%,1.07 million visitors,0.6%,1.3%,(0.2%),9.6%,2.1%,82.9%,(4.3%),(0.4%),97.4,35.1,4.9%,0.56,No,..,(0.1%),1.2%
 Panama ,Central America,2005,Q3,High income,Trade & Logistics,Pegged (Dollarized),No,"4,296,299 people","$14,668",31.6%,35.2%,3.01 million visitors,6.3%,..,3.9%,7.9%,5.0%,52.6%,(0.4%),(3.3%),99.4,14.8,2.9%,0.44,No,..,2.4%,4.7%
ecuador,South America,2003,Q2,Upper middle income,Mining & Extractives,Pegged (Dollarized),No,"17,439,220 people","$6,356",47.4%,55.9%,0.73 million visitors,3.7%,4.6%,3.8%,7.3%,5.9%,60.3%,(5.8%),(10.0%),100.2,13.0,3.4%,-1.22,No,..,(1.8%),0.1%
 Honduras ,Central America,2022,Q1,Lower middle income,Agriculture & Agro-exports,Floating,No,"9,489,502 people","$3,969",42.1%,46.0%,1.07 million visitors,1.3%,4.5%,7.7%,7.3%,11.0%,61.6%,(2.8%),(3.6%),105.3,57.0,3.3%,-0.72,No,..,1.5%,0.8%
Panama,Central America,2018,Q4,High income,Trade & Logistics,Pegged (Dollarized),No,"4,286,136 people","$16,187",23.1%,36.0%,1.55 million visitors,5.4%,2.8%,1.7%,7.7%,5.5%,57.0%,(6.5%),(13.0%),100.4,2.0,3.8%,0.59,No,..,4.4%,4.0%
GUATEMALA,Central America,2020,Q3,Upper middle income,Agriculture & Agro-exports,Floating,No,"16,381,131 people","$4,430",48.4%,51.3%,2.40 million visitors,0.5%,3.4%,4.0%,9.0%,7.5%,45.2%,(0.0%),(2.7%),101.7,31.2,4.0%,-0.21,No,..,3.2%,2.4%
uruguay,South America,2003,Q2,High income,Agriculture & Agro-exports,Floating,No,"3,455,514 people","$17,962",43.3%,56.8%,1.89 million visitors,3.0%,6.6%,8.2%,6.5%,10.8%,58.9%,0.5%,(14.6%),103.9,44.4,4.6%,1.26,No,..,2.9%,2.6%
BOLIVIA,South America,2007,Q4,Lower middle income,Mining & Extractives,Managed Float,No,"11,474,123 people","$2,742",40.2%,40.7%,0.70 million visitors,1.3%,4.7%,6.4%,6.5%,8.8%,37.8%,(2.4%),1.0%,90.2,36.5,4.7%,-0.87,No,..,2.8%,3.3%
paraguay,South America,2014,Q1,Upper middle income,Agriculture & Agro-exports,Managed Float,No,"6,831,875 people","$6,423",32.0%,36.6%,0.20 million visitors,0.5%,4.1%,2.7%,3.9%,1.4%,30.9%,(5.1%),(2.8%),115.7,37.3,2.8%,0.16,No,..,3.4%,3.8%
URUGUAY,South America,2021,Q3,High income,Agriculture & Agro-exports,Floating,No,"3,359,624 people","$17,545",45.5%,54.3%,0.32 million visitors,2.2%,0.1%,2.8%,8.5%,2.7%,81.0%,(7.9%),(7.6%),92.4,28.8,4.0%,1.33,No,..,1.0%,1.8%
BOLIVIA,South America,2005,Q3,Lower middle income,Mining & Extractives,Managed Float,No,"11,459,971 people","$2,322",42.7%,51.9%,0.87 million visitors,0.5%,0.5%,5.9%,5.8%,8.4%,41.9%,(2.6%),(9.4%),97.8,21.8,3.5%,-0.39,No,..,(0.5%),2.5%
Guatemala,Central America,2018,Q2,Upper middle income,Agriculture & Agro-exports,Floating,No,"16,429,543 people","$4,673",30.8%,35.8%,1.19 million visitors,3.8%,2.5%,5.3%,3.3%,6.9%,47.2%,(2.0%),(5.2%),106.5,18.1,5.0%,-0.89,No,..,(0.9%),1.7%
Dominican  Republic,Caribbean,2014,Q4,Upper middle income,Tourism & Services,Managed Float,No,"10,843,263 people","$8,086",33.2%,39.5%,2.45 million visitors,5.9%,2.2%,3.7%,7.2%,4.9%,48.1%,(2.5%),(4.9%),94.5,32.9,6.9%,-0.26,No,..,6.0%,6.7%
Ecuador,South America,2023,Q2,Upper middle income,Mining & Extractives,Pegged (Dollarized),No,"17,465,147 people","$5,910",33.5%,36.5%,1.66 million visitors,5.4%,1.8%,4.4%,6.7%,4.2%,65.3%,(3.7%),(3.6%),78.1,10.0,4.0%,-0.44,No,..,(0.0%),1.3%
panama,Central America,2014,Q3,High income,Trade & Logistics,Pegged (Dollarized),No,"4,192,914 people","$15,780",29.7%,39.7%,1.98 million visitors,3.7%,1.3%,6.1%,13.4%,8.4%,57.7%,(1.2%),(10.1%),106.6,12.1,3.7%,0.82,No,..,5.6%,4.5%
PARAGUAY,South America,2021,Q3,Upper middle income,Agriculture & Agro-exports,Managed Float,Yes,"6,755,179 people","$5,782",34.5%,42.2%,0.05 million visitors,0.5%,(1.8%),2.7%,6.8%,5.3%,29.5%,(1.0%),(8.2%),125.1,51.4,4.8%,-0.48,No,..,6.4%,4.4%
TRINIDAD AND TOBAGO,Caribbean,2010,Q2,High income,Mining & Extractives,Floating,No,"1,474,267 people","$16,653",44.6%,40.5%,0.42 million visitors,1.8%,5.9%,6.9%,7.4%,8.4%,63.0%,(4.8%),4.5%,100.5,35.4,6.5%,0.13,No,..,0.2%,(1.3%)
Trinidad  and  Tobago,Caribbean,2009,Q1,High income,Mining & Extractives,Floating,No,"1,408,472 people","$16,184",37.3%,31.8%,0.05 million visitors,0.5%,4.0%,7.5%,8.1%,9.1%,62.9%,(4.2%),4.4%,95.5,33.5,5.6%,-0.69,No,..,0.9%,0.9%
BELIZE,Central America,2019,Q1,Upper middle income,Tourism & Services,Pegged (Dollarized),No,"319,383 people","$5,901",43.7%,44.0%,2.59 million visitors,7.6%,3.2%,7.0%,7.3%,10.2%,90.7%,(4.9%),0.4%,69.5,22.2,4.4%,0.3,No,..,(1.3%),0.7%
Paraguay,South America,2004,Q4,Upper middle income,Agriculture & Agro-exports,Managed Float,No,"6,802,203 people","$5,844",41.5%,45.6%,1.80 million visitors,0.5%,3.5%,6.0%,8.8%,7.2%,29.5%,(3.8%),(3.3%),99.5,32.2,5.0%,0.44,No,..,1.4%,1.7%
Bolivia,South America,2019,Q4,Lower middle income,Mining & Extractives,Managed Float,No,"11,533,831 people","$4,002",39.2%,49.4%,0.88 million visitors,1.9%,6.6%,7.3%,9.5%,9.3%,50.5%,(3.6%),(11.3%),86.6,26.3,4.6%,-0.66,No,..,3.3%,2.4%
El Salvador,Central America,2017,Q3,Lower middle income,Manufacturing & Trade,Pegged (Dollarized),No,"6,190,208 people","$3,919",41.0%,42.4%,1.33 million visitors,3.2%,5.4%,4.1%,5.6%,6.5%,82.2%,(2.2%),(0.8%),92.3,9.6,6.2%,-0.83,No,..,(1.3%),(0.3%)
Jamaica,Caribbean,2023,Q4,Upper middle income,Tourism & Services,Floating,No,"2,852,921 people","$5,316",38.0%,49.2%,4.74 million visitors,6.7%,..,5.8%,11.0%,7.6%,97.6%,(2.0%),(10.9%),108.4,29.3,5.1%,-0.28,No,..,(1.2%),(1.6%)
HONDURAS,Central America,2009,Q2,Lower middle income,Agriculture & Agro-exports,Floating,Yes,"9,535,427 people","$3,521",39.4%,41.8%,0.93 million visitors,0.7%,4.1%,2.4%,8.4%,4.7%,50.7%,(1.5%),(4.2%),100.8,45.8,4.0%,-0.83,No,..,(0.1%),1.3%
El Salvador,Central America,2005,Q3,Lower middle income,Manufacturing & Trade,Pegged (Dollarized),No,"6,235,759 people","$4,398",41.5%,54.4%,0.55 million visitors,4.7%,0.5%,2.6%,10.4%,3.5%,70.9%,(3.9%),(12.9%),105.3,19.2,4.5%,-0.25,No,..,2.1%,1.9%
Belize,Central America,2006,Q2,Upper middle income,Tourism & Services,Pegged (Dollarized),No,"450,097 people","$5,368",30.3%,31.9%,2.85 million visitors,6.7%,2.9%,4.4%,13.8%,4.3%,88.1%,(3.1%),(3.9%),87.8,16.4,2.7%,-0.04,No,..,0.7%,(0.8%)
Costa Rica,Central America,2016,Q1,Upper middle income,Tourism & Services,Managed Float,No,"4,898,067 people","$12,100",23.9%,26.8%,2.32 million visitors,13.3%,5.3%,5.5%,8.2%,8.2%,53.5%,(1.6%),(2.7%),83.6,18.5,3.3%,0.83,No,..,6.4%,7.0%
 Paraguay ,South America,2020,Q3,Upper middle income,Agriculture & Agro-exports,Managed Float,No,"6,804,163 people","$6,242",32.5%,37.1%,0.51 million visitors,1.8%,5.3%,4.3%,7.5%,6.8%,28.2%,(4.9%),(3.3%),129.2,37.6,3.5%,0.0,No,..,2.4%,4.1%
Bolivia,South America,2011,Q4,Lower middle income,Mining & Extractives,Managed Float,No,"11,420,801 people","$3,775",41.5%,44.7%,0.36 million visitors,0.5%,4.5%,6.7%,9.9%,10.3%,47.2%,(1.3%),(3.2%),89.1,40.5,2.5%,-0.13,No,..,4.1%,3.5%
 Nicaragua ,Central America,2003,Q3,Lower middle income,Agriculture & Agro-exports,Managed Float,No,"6,478,049 people","$2,505",39.9%,47.4%,0.92 million visitors,0.5%,..,6.2%,9.8%,9.1%,35.3%,1.0%,(7.8%),93.0,28.8,2.2%,-1.58,No,..,1.2%,1.9%
Belize,Central America,2011,Q1,Upper middle income,Tourism & Services,Pegged (Dollarized),No,"385,883 people","$4,533",34.3%,51.6%,..,6.9%,..,8.4%,5.8%,11.4%,89.9%,(2.4%),(19.1%),87.1,13.9,4.1%,0.37,No,..,2.7%,2.9%
 Uruguay ,South America,2018,Q3,High income,Agriculture & Agro-exports,Floating,No,"3,422,482 people","$16,597",33.1%,36.2%,..,0.5%,2.1%,5.1%,6.7%,5.7%,78.8%,(3.9%),(1.3%),91.1,24.2,3.0%,1.36,No,..,2.4%,0.7%
 Nicaragua ,Central America,2005,Q1,Lower middle income,Agriculture & Agro-exports,Managed Float,No,"6,535,768 people","$2,243",34.1%,37.2%,0.24 million visitors,3.3%,2.6%,4.1%,9.3%,6.0%,37.0%,(2.7%),(5.0%),99.2,36.5,5.1%,-1.25,No,..,2.2%,1.4%
JAMAICA,Caribbean,2005,Q2,Upper middle income,Tourism & Services,Floating,Yes,"2,775,069 people","$6,410",37.7%,34.7%,2.18 million visitors,6.8%,2.1%,4.6%,10.5%,6.8%,95.9%,(6.4%),1.4%,111.1,42.5,4.1%,0.63,Yes,3.8%,(0.9%),(3.1%)
panama,Central America,2021,Q3,High income,Trade & Logistics,Pegged (Dollarized),No,"4,192,534 people","$15,785",44.8%,61.9%,1.29 million visitors,4.8%,2.4%,0.5%,5.3%,2.4%,61.4%,(3.8%),(17.1%),94.3,19.0,5.5%,0.66,No,..,4.7%,4.7%
nicaragua,Central America,2009,Q1,Lower middle income,Agriculture & Agro-exports,Managed Float,No,"6,555,069 people","$1,683",48.1%,48.0%,0.29 million visitors,3.1%,(0.7%),3.1%,7.4%,4.0%,37.2%,(3.8%),(1.3%),98.4,33.1,5.0%,-1.63,No,..,3.5%,2.0%
PARAGUAY,South America,2011,Q2,Upper middle income,Agriculture & Agro-exports,Managed Float,No,"6,706,182 people","$5,160",34.5%,38.6%,2.01 million visitors,1.8%,2.8%,6.5%,12.3%,8.2%,29.5%,(1.7%),(2.7%),117.8,48.2,6.1%,-0.04,No,..,5.8%,3.0%
Jamaica,Caribbean,2006,Q3,Upper middle income,Tourism & Services,Floating,No,"2,909,801 people","$4,609",38.5%,50.8%,2.60 million visitors,8.7%,5.3%,5.7%,8.1%,6.8%,96.6%,(5.5%),(13.2%),111.8,27.9,3.3%,-0.52,No,..,2.1%,1.9%
Uruguay,South America,2007,Q3,High income,Agriculture & Agro-exports,Floating,No,"3,415,124 people","$16,456",40.7%,48.5%,1.10 million visitors,4.6%,(0.6%),3.0%,7.3%,5.2%,62.2%,(3.4%),(9.9%),93.6,19.3,5.6%,1.34,No,..,2.2%,2.8%
NICARAGUA,Central America,2013,Q4,Lower middle income,Agriculture & Agro-exports,Managed Float,No,"6,435,597 people","$2,357",36.1%,42.4%,1.28 million visitors,3.2%,(1.8%),4.6%,7.6%,7.1%,36.7%,(2.5%),(6.1%),104.3,36.1,3.2%,-1.03,Yes,8.5%,(0.7%),(0.3%)
Panama,Central America,2018,Q2,High income,Trade & Logistics,Pegged (Dollarized),No,"4,172,035 people","$14,987",31.9%,40.3%,2.00 million visitors,0.9%,0.7%,1.7%,9.9%,2.4%,57.0%,(2.1%),(8.3%),100.4,9.6,5.3%,0.28,No,..,4.2%,2.9%
Bolivia,South America,2010,Q3,Lower middle income,Mining & Extractives,Managed Float,No,"11,485,714 people","$3,897",38.2%,46.2%,0.05 million visitors,0.5%,4.0%,7.6%,11.1%,9.6%,43.6%,(3.2%),(9.2%),89.6,30.7,3.1%,-0.46,No,..,0.5%,1.4%
el salvador,Central America,2008,Q4,Lower middle income,Manufacturing & Trade,Pegged (Dollarized),No,"6,313,963 people","$4,546",36.4%,38.2%,1.71 million visitors,3.8%,..,3.3%,9.7%,7.2%,76.8%,(3.0%),(2.3%),94.4,5.4,4.1%,-0.32,No,..,(0.8%),0.9%
Nicaragua,Central America,2023,Q1,Lower middle income,Agriculture & Agro-exports,Managed Float,No,"6,539,285 people","$1,572",30.9%,33.0%,0.90 million visitors,1.3%,1.9%,5.0%,5.9%,6.8%,40.8%,(2.3%),(2.0%),97.4,49.3,3.4%,-1.16,No,..,2.4%,2.1%
jamaica,Caribbean,2012,Q3,Upper middle income,Tourism & Services,Floating,No,"2,850,155 people","$4,770",46.5%,51.6%,2.41 million visitors,6.4%,1.8%,5.9%,6.5%,7.2%,93.6%,(4.1%),(5.0%),112.1,28.6,6.1%,0.74,No,..,0.4%,1.1%
HONDURAS,Central America,2007,Q1,Lower middle income,Agriculture & Agro-exports,Floating,No,"9,445,107 people","$1,908",39.8%,48.7%,0.31 million visitors,3.8%,3.0%,2.5%,5.4%,7.2%,47.6%,(2.7%),(8.1%),94.7,38.5,5.2%,-0.66,No,..,2.5%,2.0%
Costa  Rica,Central America,2010,Q2,Upper middle income,Tourism & Services,Managed Float,No,"4,996,473 people","$12,364",27.6%,29.4%,3.66 million visitors,6.0%,4.5%,6.6%,10.5%,7.9%,52.7%,(5.8%),(2.1%),101.8,27.4,3.5%,0.18,No,..,4.1%,4.6%
dominican republic,Caribbean,2003,Q2,Upper middle income,Tourism & Services,Managed Float,Yes,"10,761,474 people","$8,187",23.9%,20.0%,2.56 million visitors,2.6%,0.8%,1.9%,8.3%,2.4%,46.9%,(2.3%),4.2%,95.3,46.1,3.9%,0.38,No,..,2.4%,2.7%
panama,Central America,2010,Q3,High income,Trade & Logistics,Pegged (Dollarized),No,"4,267,797 people","$16,497",38.8%,41.5%,1.51 million visitors,0.5%,2.5%,3.6%,5.2%,2.7%,53.1%,(1.6%),(1.7%),103.9,10.8,4.2%,0.69,No,..,0.3%,2.6%
Trinidad  and  Tobago,Caribbean,2004,Q2,High income,Mining & Extractives,Floating,No,"1,376,133 people","$16,821",46.6%,48.1%,0.67 million visitors,2.1%,3.0%,6.2%,4.1%,9.4%,60.4%,(5.1%),(2.8%),98.4,54.5,4.6%,0.18,No,..,4.1%,4.5%
Honduras,Central America,2022,Q3,Lower middle income,Agriculture & Agro-exports,Floating,No,"9,508,376 people","$3,659",42.3%,32.3%,1.48 million visitors,3.8%,(0.2%),8.1%,7.2%,10.1%,61.6%,0.0%,9.2%,105.3,35.1,2.8%,-0.07,No,..,2.3%,2.3%
Dominican Republic,Caribbean,2004,Q2,Upper middle income,Tourism & Services,Managed Float,No,"10,745,892 people","$8,551",40.9%,29.2%,2.00 million visitors,4.5%,4.6%,0.4%,7.7%,3.3%,49.3%,(2.8%),12.0%,87.2,40.9,6.8%,0.28,No,..,4.4%,5.6%
belize,Central America,2018,Q4,Upper middle income,Tourism & Services,Pegged (Dollarized),No,"472,444 people","$6,225",39.1%,41.8%,2.36 million visitors,6.0%,4.2%,2.7%,7.2%,4.4%,90.2%,(4.2%),(2.3%),66.0,19.1,5.8%,0.35,No,..,1.7%,2.0%
COSTA RICA,Central America,2008,Q3,Upper middle income,Tourism & Services,Managed Float,No,"5,011,352 people","$12,666",30.3%,40.1%,3.94 million visitors,9.2%,(3.4%),7.5%,7.1%,8.7%,50.0%,(4.1%),(10.9%),105.5,23.7,4.1%,1.01,No,..,5.4%,5.4%
Costa Rica,Central America,2016,Q2,Upper middle income,Tourism & Services,Managed Float,No,"5,027,143 people","$12,539",35.7%,38.7%,3.42 million visitors,9.2%,4.7%,7.3%,7.4%,10.9%,53.5%,(3.1%),(4.0%),83.6,32.6,4.0%,0.56,No,..,4.3%,4.4%
TRINIDAD AND TOBAGO,Caribbean,2011,Q2,High income,Mining & Extractives,Floating,No,"1,465,149 people","$17,096",40.1%,44.3%,0.05 million visitors,3.2%,..,5.3%,4.3%,6.9%,62.8%,2.1%,(3.1%),92.1,33.5,5.9%,0.45,No,..,3.0%,2.2%
 Costa Rica ,Central America,2022,Q2,Upper middle income,Tourism & Services,Managed Float,No,"5,007,940 people","$13,583",32.7%,38.1%,4.30 million visitors,7.3%,(0.3%),9.3%,10.0%,10.9%,52.7%,(2.1%),(4.5%),90.0,19.0,4.3%,1.68,No,..,3.2%,3.8%
trinidad and tobago,Caribbean,2006,Q1,High income,Mining & Extractives,Floating,No,"1,467,731 people","$16,433",44.0%,50.6%,0.07 million visitors,3.7%,7.3%,3.2%,7.6%,3.5%,63.2%,0.3%,(6.7%),98.7,44.6,3.3%,0.31,No,..,(0.9%),0.6%
Jamaica,Caribbean,2004,Q1,Upper middle income,Tourism & Services,Floating,No,"2,845,084 people","$4,900",34.7%,35.4%,1.58 million visitors,6.5%,3.9%,3.1%,6.8%,5.4%,94.9%,(3.8%),(0.9%),97.8,37.5,4.6%,-0.61,Yes,4.5%,(4.8%),(4.1%)
 Dominican Republic ,Caribbean,2003,Q4,Upper middle income,Tourism & Services,Managed Float,No,"10,791,822 people","$7,882",26.4%,32.6%,1.97 million visitors,5.8%,4.1%,3.3%,8.1%,4.6%,46.9%,0.2%,(5.2%),95.3,32.8,4.5%,0.14,No,..,3.3%,4.3%
Uruguay,South America,2015,Q2,High income,Agriculture & Agro-exports,Floating,No,"3,382,035 people","$15,437",35.0%,41.6%,1.71 million visitors,2.5%,0.7%,4.1%,8.1%,2.7%,76.1%,(1.1%),(6.3%),85.8,45.2,4.1%,1.53,No,..,0.9%,1.0%
Ecuador,South America,2015,Q2,Upper middle income,Mining & Extractives,Pegged (Dollarized),No,"17,584,135 people","$5,683",44.4%,51.0%,1.56 million visitors,3.3%,5.4%,6.0%,6.8%,5.4%,66.6%,(0.3%),(5.2%),85.6,22.1,3.5%,0.18,No,..,3.8%,3.6%
TRINIDAD AND TOBAGO,Caribbean,2013,Q2,High income,Mining & Extractives,Floating,No,"1,389,826 people","$15,931",29.1%,35.0%,1.65 million visitors,0.5%,2.8%,5.4%,5.7%,9.1%,62.7%,(1.5%),(5.0%),85.8,42.2,2.4%,0.57,No,..,0.2%,1.1%
HONDURAS,Central America,2009,Q3,Lower middle income,Agriculture & Agro-exports,Floating,No,"9,457,726 people","$1,999",37.8%,38.9%,..,4.0%,3.1%,8.9%,5.7%,13.2%,50.7%,(1.6%),(1.9%),100.8,13.7,4.2%,-0.46,No,..,0.5%,0.9%
Bolivia,South America,2015,Q4,Lower middle income,Mining & Extractives,Managed Float,No,"11,505,125 people","$3,425",37.2%,45.2%,0.94 million visitors,0.5%,0.2%,6.1%,5.7%,7.9%,47.9%,(1.4%),(6.8%),93.8,35.8,5.6%,-0.33,No,..,3.7%,3.2%
HONDURAS,Central America,2010,Q1,Lower middle income,Agriculture & Agro-exports,Floating,No,"9,470,241 people","$1,677",40.9%,47.0%,0.16 million visitors,3.4%,6.0%,3.4%,11.2%,5.0%,52.3%,(4.0%),(6.5%),95.1,43.0,4.7%,-0.49,No,..,2.7%,1.8%
 Nicaragua ,Central America,2008,Q4,Lower middle income,Agriculture & Agro-exports,Managed Float,No,"6,454,911 people","$2,263",41.5%,43.0%,0.67 million visitors,2.0%,..,7.5%,9.6%,10.8%,39.0%,(3.1%),(1.9%),95.8,45.4,4.9%,-1.54,No,..,3.1%,2.0%
Trinidad and Tobago,Caribbean,2016,Q4,High income,Mining & Extractives,Floating,No,"1,398,776 people","$15,901",37.9%,41.1%,0.93 million visitors,0.5%,2.0%,6.4%,8.7%,8.7%,64.2%,(1.8%),(3.1%),90.1,24.9,4.0%,0.92,No,..,(3.0%),0.2%
belize,Central America,2015,Q1,Upper middle income,Tourism & Services,Pegged (Dollarized),No,"464,740 people","$4,492",32.9%,39.0%,2.50 million visitors,5.6%,1.5%,1.7%,9.5%,3.5%,90.7%,(6.5%),(6.4%),87.2,12.6,6.4%,-0.56,No,..,(1.1%),1.6%
 Dominican Republic ,Caribbean,2004,Q4,Upper middle income,Tourism & Services,Managed Float,No,"10,823,307 people","$9,325",27.5%,23.3%,2.00 million visitors,4.4%,2.7%,4.3%,11.5%,5.8%,49.3%,(5.2%),3.2%,87.2,45.8,5.4%,0.13,No,..,0.3%,2.8%
Trinidad and Tobago,Caribbean,2023,Q4,High income,Mining & Extractives,Floating,No,"1,338,769 people","$16,107",44.4%,45.2%,1.17 million visitors,2.5%,4.9%,4.7%,11.9%,5.1%,71.5%,(4.0%),(1.4%),98.4,47.7,2.9%,0.4,No,..,(0.8%),0.6%
Ecuador,South America,2021,Q2,Upper middle income,Mining & Extractives,Pegged (Dollarized),No,"17,486,317 people","$5,464",41.1%,42.8%,0.88 million visitors,3.6%,4.7%,4.7%,11.6%,9.9%,64.7%,(2.3%),(0.8%),69.4,7.4,4.0%,-0.09,Yes,7.2%,(1.2%),(2.0%)
panama,Central America,2006,Q3,High income,Trade & Logistics,Pegged (Dollarized),No,"4,301,052 people","$15,405",31.7%,46.4%,2.06 million visitors,2.8%,4.5%,4.6%,7.1%,6.2%,51.4%,(3.7%),(14.4%),102.2,20.4,5.4%,0.1,No,..,6.3%,5.4%
 Jamaica ,Caribbean,2010,Q2,Upper middle income,Tourism & Services,Floating,No,"2,804,436 people","$5,897",28.2%,20.0%,2.68 million visitors,7.8%,4.8%,3.5%,9.4%,5.0%,93.1%,(2.9%),7.5%,112.5,31.8,5.4%,-0.48,No,..,(0.0%),(0.5%)
Nicaragua,Central America,2006,Q2,Lower middle income,Agriculture & Agro-exports,Managed Float,No,"6,473,290 people","$1,446",39.5%,48.0%,1.53 million visitors,2.0%,3.0%,3.3%,5.3%,4.4%,38.2%,(6.2%),(10.1%),95.0,29.4,5.3%,-0.74,No,..,1.6%,1.1%
Guatemala,Central America,2008,Q3,Upper middle income,Agriculture & Agro-exports,Floating,No,"16,450,808 people","$4,640",40.7%,35.8%,1.49 million visitors,3.4%,4.6%,5.2%,9.7%,8.6%,36.8%,(3.3%),3.2%,111.1,15.6,4.0%,-0.51,No,..,1.9%,1.4%
Guatemala,Central America,2007,Q1,Upper middle income,Agriculture & Agro-exports,Floating,No,"16,386,547 people","$5,250",36.2%,48.1%,0.58 million visitors,3.8%,6.3%,8.7%,9.2%,11.5%,37.4%,(1.5%),(13.9%),108.5,33.4,6.6%,-0.52,Yes,4.5%,0.8%,1.3%
Costa  Rica,Central America,2009,Q1,Upper middle income,Tourism & Services,Managed Float,No,"5,011,702 people","$13,058",42.9%,53.1%,3.34 million visitors,7.9%,4.0%,8.1%,11.0%,11.2%,51.5%,(4.5%),(9.7%),102.6,22.4,5.2%,1.23,No,..,5.0%,3.6%
 Costa Rica ,Central America,2006,Q3,Upper middle income,Tourism & Services,Managed Float,No,"4,995,762 people","$11,893",32.1%,39.7%,3.49 million visitors,7.7%,1.4%,5.9%,8.1%,8.3%,52.5%,(3.3%),(6.9%),105.3,30.5,4.6%,1.69,No,..,2.5%,1.9%
DOMINICAN REPUBLIC,Caribbean,2019,Q2,Upper middle income,Tourism & Services,Managed Float,No,"10,739,103 people","$9,679",30.9%,26.2%,1.43 million visitors,5.3%,2.1%,6.6%,5.1%,8.8%,47.2%,(2.6%),4.4%,97.1,49.0,4.6%,-0.19,No,..,4.2%,5.7%
Belize,Central America,2012,Q2,Upper middle income,Tourism & Services,Pegged (Dollarized),Yes,"454,848 people","$4,642",37.8%,50.3%,2.52 million visitors,6.7%,5.1%,3.2%,1.5%,5.9%,89.1%,(0.2%),(11.8%),80.5,5.8,4.4%,0.38,No,..,0.0%,1.8%
bolivia,South America,2017,Q2,Lower middle income,Mining & Extractives,Managed Float,No,"11,553,512 people","$4,091",41.4%,48.8%,0.66 million visitors,1.1%,2.7%,1.4%,7.2%,2.3%,47.2%,(3.9%),(7.5%),87.0,21.8,5.4%,-0.22,No,..,1.6%,1.3%
uruguay,South America,2020,Q1,High income,Agriculture & Agro-exports,Floating,No,"3,315,971 people","$17,589",39.1%,44.7%,0.94 million visitors,2.3%,..,1.3%,11.6%,2.8%,78.8%,(0.5%),(6.3%),94.6,25.1,5.4%,0.97,No,..,1.3%,1.6%
 Honduras ,Central America,2007,Q3,Lower middle income,Agriculture & Agro-exports,Floating,No,"9,470,648 people","$2,780",35.4%,34.7%,..,4.6%,0.3%,3.8%,6.3%,8.1%,47.6%,(3.3%),1.3%,94.7,35.6,4.6%,-0.42,No,..,1.1%,2.9%
 Nicaragua ,Central America,2011,Q1,Lower middle income,Agriculture & Agro-exports,Managed Float,No,"6,477,924 people","$2,527",37.7%,36.2%,1.05 million visitors,0.5%,8.8%,8.6%,5.8%,12.2%,38.8%,(2.9%),0.9%,103.9,25.3,5.2%,-1.69,No,..,1.1%,1.4%
Honduras,Central America,2019,Q4,Lower middle income,Agriculture & Agro-exports,Floating,No,"9,533,303 people","$2,202",42.9%,41.5%,0.88 million visitors,0.5%,1.2%,4.7%,6.2%,6.0%,57.3%,(2.3%),2.2%,103.9,27.2,3.4%,-0.98,Yes,1.9%,1.1%,1.2%
 Bolivia ,South America,2020,Q2,Lower middle income,Mining & Extractives,Managed Float,No,"11,549,584 people","$3,751",42.5%,37.3%,1.42 million visitors,0.5%,6.4%,5.5%,5.6%,6.6%,51.6%,(5.8%),4.6%,80.6,32.0,4.9%,-0.28,No,..,0.5%,1.0%
bolivia,South America,2023,Q1,Lower middle income,Mining & Extractives,Managed Float,No,"11,484,537 people","$2,807",41.3%,45.9%,1.05 million visitors,2.7%,0.4%,3.8%,10.1%,6.0%,49.1%,(5.0%),(3.8%),69.1,31.2,5.6%,-0.61,No,..,0.6%,0.7%
Trinidad and Tobago,Caribbean,2023,Q1,High income,Mining & Extractives,Floating,No,"1,405,002 people","$16,181",39.1%,47.7%,0.69 million visitors,3.1%,4.3%,4.6%,6.4%,6.3%,71.5%,(3.8%),(7.1%),98.4,39.8,4.8%,0.64,No,..,0.3%,1.2%
paraguay,South America,2019,Q4,Upper middle income,Agriculture & Agro-exports,Managed Float,No,"6,761,659 people","$5,557",41.6%,36.7%,1.07 million visitors,2.6%,5.0%,4.7%,7.3%,5.3%,27.3%,1.0%,4.3%,126.2,20.5,6.5%,-0.05,No,..,2.2%,4.1%
 El Salvador ,Central America,2008,Q2,Lower middle income,Manufacturing & Trade,Pegged (Dollarized),No,"6,281,985 people","$3,162",30.9%,42.4%,0.66 million visitors,3.6%,4.7%,2.6%,8.8%,3.7%,76.8%,(5.5%),(13.3%),94.4,8.4,5.0%,-0.93,No,..,(0.7%),0.4%
costa rica,Central America,2014,Q2,Upper middle income,Tourism & Services,Managed Float,No,"5,001,496 people","$12,308",32.1%,42.6%,3.80 million visitors,8.9%,1.8%,9.4%,9.4%,11.5%,51.7%,(5.4%),(12.1%),89.2,37.3,1.7%,0.69,Yes,0.5%,4.7%,4.4%
 Guatemala ,Central America,2006,Q1,Upper middle income,Agriculture & Agro-exports,Floating,Yes,"16,433,492 people","$5,424",40.6%,40.4%,0.31 million visitors,0.8%,4.3%,2.5%,4.0%,4.0%,35.7%,(4.5%),0.8%,114.8,41.0,4.9%,-0.88,No,..,5.3%,3.9%
Bolivia,South America,2023,Q3,Lower middle income,Mining & Extractives,Managed Float,No,"11,466,192 people","$2,818",44.4%,44.5%,0.83 million visitors,4.3%,2.5%,4.7%,5.9%,5.6%,49.1%,(2.7%),0.6%,69.1,52.9,4.0%,-0.16,No,..,3.3%,1.9%
Paraguay,South America,2011,Q4,Upper middle income,Agriculture & Agro-exports,Managed Float,No,"6,791,978 people","$6,606",29.6%,35.8%,0.63 million visitors,0.5%,2.1%,4.8%,10.2%,6.3%,29.5%,(0.2%),(7.9%),117.8,21.7,4.0%,-0.03,Yes,3.0%,2.0%,2.9%
Nicaragua,Central America,2005,Q4,Lower middle income,Agriculture & Agro-exports,Managed Float,No,"6,440,012 people","$2,628",31.7%,32.7%,0.81 million visitors,0.8%,5.8%,10.1%,3.9%,14.8%,37.0%,(2.8%),(0.6%),99.2,40.1,6.8%,-1.02,No,..,2.3%,2.3%
trinidad and tobago,Caribbean,2021,Q1,High income,Mining & Extractives,Floating,No,"1,447,204 people","$16,183",34.6%,44.7%,0.08 million visitors,3.9%,1.2%,6.3%,8.6%,8.6%,69.7%,(5.1%),(11.3%),97.3,52.0,3.6%,-0.23,No,..,(2.4%),(0.5%)
HONDURAS,Central America,2017,Q2,Lower middle income,Agriculture & Agro-exports,Floating,No,"9,484,088 people","$3,580",35.0%,38.0%,0.15 million visitors,3.4%,2.2%,2.4%,9.9%,5.4%,53.7%,(4.0%),(1.4%),92.4,24.9,4.3%,-0.2,No,..,2.2%,1.2%
El  Salvador,Central America,2020,Q1,Lower middle income,Manufacturing & Trade,Pegged (Dollarized),No,"6,258,590 people","$3,944",27.8%,33.1%,0.51 million visitors,2.4%,0.4%,4.1%,5.7%,7.3%,80.8%,(2.2%),(5.3%),97.7,23.8,6.3%,-0.98,No,..,0.5%,2.2%
Panama,Central America,2005,Q1,High income,Trade & Logistics,Pegged (Dollarized),No,"4,170,385 people","$15,845",35.9%,46.0%,..,5.2%,1.7%,3.0%,4.4%,3.9%,52.6%,(5.3%),(9.2%),99.4,9.0,2.3%,0.91,No,..,4.1%,5.8%
Honduras,Central America,2023,Q3,Lower middle income,Agriculture & Agro-exports,Floating,No,"9,472,055 people","$2,505",36.4%,48.6%,1.62 million visitors,2.5%,3.5%,6.6%,14.9%,8.0%,58.6%,(3.4%),(12.8%),101.5,38.3,5.1%,-0.34,No,..,1.2%,2.0%
Guatemala,Central America,2020,Q1,Upper middle income,Agriculture & Agro-exports,Floating,No,"16,567,188 people","$5,503",28.5%,31.6%,0.64 million visitors,2.2%,1.8%,6.4%,8.8%,9.0%,45.2%,(0.3%),(2.2%),101.7,30.8,4.9%,-0.64,No,..,3.1%,2.0%
guyana,South America,2021,Q3,High income,Mining & Extractives,Floating,No,"887,525 people","$13,662",48.8%,48.0%,0.50 million visitors,0.9%,1.9%,0.2%,9.9%,1.1%,37.7%,(3.6%),(1.0%),102.1,18.6,6.4%,-0.24,No,..,8.7%,10.9%
URUGUAY,South America,2012,Q2,High income,Agriculture & Agro-exports,Floating,No,"3,393,443 people","$16,714",35.2%,43.2%,0.48 million visitors,3.4%,0.4%,4.6%,8.1%,5.2%,71.1%,(4.3%),(9.1%),86.6,15.8,4.3%,0.66,No,..,2.2%,2.7%
PANAMA,Central America,2011,Q2,High income,Trade & Logistics,Pegged (Dollarized),No,"4,088,738 people","$14,643",37.5%,45.2%,1.96 million visitors,4.4%,4.0%,5.7%,10.1%,6.2%,53.9%,(4.3%),(6.5%),101.2,33.6,5.7%,0.1,No,..,2.2%,3.6%
Jamaica,Caribbean,2014,Q2,Upper middle income,Tourism & Services,Floating,No,"2,829,813 people","$6,104",28.0%,25.2%,2.41 million visitors,3.2%,3.4%,2.6%,9.5%,8.7%,94.5%,(3.2%),2.8%,114.2,50.0,5.0%,-0.02,Yes,8.3%,(7.4%),(6.3%)
paraguay,South America,2003,Q1,Upper middle income,Agriculture & Agro-exports,Managed Float,No,"6,832,502 people","$6,164",40.7%,58.3%,0.97 million visitors,2.4%,4.3%,(0.1%),5.2%,3.3%,30.0%,(4.9%),(17.6%),99.5,35.5,3.9%,0.03,No,..,1.0%,3.3%
ECUADOR,South America,2004,Q2,Upper middle income,Mining & Extractives,Pegged (Dollarized),No,"17,432,055 people","$5,694",43.9%,55.2%,0.05 million visitors,0.8%,4.7%,6.8%,10.0%,8.1%,60.6%,(2.9%),(11.4%),98.1,11.1,4.6%,-0.28,No,..,3.7%,1.7%
BOLIVIA,South America,2016,Q1,Lower middle income,Mining & Extractives,Managed Float,No,"11,559,982 people","$3,110",48.1%,47.3%,1.20 million visitors,4.5%,5.1%,8.5%,5.7%,10.6%,48.6%,(4.8%),1.2%,93.6,25.1,6.8%,-0.27,No,..,6.6%,4.2%
Guyana,South America,2016,Q1,High income,Mining & Extractives,Floating,No,"817,933 people","$14,523",46.4%,49.7%,0.77 million visitors,1.7%,2.9%,4.9%,6.9%,6.2%,38.2%,(3.2%),(4.0%),110.0,52.6,3.3%,-0.34,No,..,12.2%,12.7%
Jamaica,Caribbean,2021,Q1,Upper middle income,Tourism & Services,Floating,No,"2,826,540 people","$5,047",29.7%,34.8%,3.37 million visitors,8.8%,1.8%,7.3%,5.1%,6.1%,98.0%,(3.6%),(4.9%),115.0,35.9,5.0%,-0.02,No,..,(0.9%),(0.2%)
Guyana,South America,2012,Q4,High income,Mining & Extractives,Floating,Yes,"739,315 people","$14,607",37.8%,38.8%,0.51 million visitors,0.5%,0.0%,1.5%,4.7%,3.5%,40.7%,(1.1%),(2.7%),106.1,16.0,4.3%,0.01,No,..,11.9%,11.9%
Bolivia,South America,2003,Q2,Lower middle income,Mining & Extractives,Managed Float,Yes,"11,466,492 people","$2,965",48.7%,66.3%,1.18 million visitors,1.2%,2.7%,5.2%,7.4%,8.5%,40.6%,(2.2%),(15.5%),103.2,29.1,4.5%,-0.01,No,..,5.0%,3.7%
ecuador,South America,2017,Q4,Upper middle income,Mining & Extractives,Pegged (Dollarized),No,"17,545,061 people","$6,457",43.3%,45.6%,0.49 million visitors,2.5%,0.4%,5.5%,8.8%,6.3%,64.4%,(2.7%),(1.4%),80.9,21.3,4.1%,-0.34,No,..,1.8%,0.5%
Guatemala,Central America,2006,Q3,Upper middle income,Agriculture & Agro-exports,Floating,No,"16,645,757 people","$4,384",43.6%,48.8%,0.73 million visitors,0.5%,2.1%,4.5%,6.3%,7.1%,35.7%,(1.6%),(5.1%),114.8,27.4,5.2%,-0.59,No,..,1.7%,2.3%
URUGUAY,South America,2016,Q2,High income,Agriculture & Agro-exports,Floating,No,"3,414,562 people","$17,416",37.2%,42.3%,0.05 million visitors,4.4%,8.1%,6.8%,6.7%,8.5%,77.7%,(7.0%),(3.1%),88.2,26.7,2.5%,1.45,No,..,3.0%,2.9%
DOMINICAN REPUBLIC,Caribbean,2013,Q2,Upper middle income,Tourism & Services,Managed Float,No,"10,738,084 people","$8,711",33.2%,41.4%,2.68 million visitors,6.7%,4.5%,1.1%,7.4%,2.1%,48.9%,(3.6%),(8.4%),90.2,40.0,2.7%,-0.08,No,..,3.4%,4.7%
 Costa Rica ,Central America,2023,Q4,Upper middle income,Tourism & Services,Managed Float,No,"5,051,784 people","$12,540",41.1%,41.5%,2.84 million visitors,10.5%,..,5.5%,5.5%,7.5%,54.1%,(2.2%),(1.1%),93.1,43.5,3.9%,0.31,No,..,4.6%,4.5%
PANAMA,Central America,2003,Q3,High income,Trade & Logistics,Pegged (Dollarized),No,"4,194,871 people","$15,197",38.3%,37.3%,2.98 million visitors,2.6%,3.6%,2.3%,5.6%,4.1%,50.3%,(5.7%),1.6%,98.0,22.5,4.7%,0.59,No,..,3.6%,3.1%
paraguay,South America,2011,Q1,Upper middle income,Agriculture & Agro-exports,Managed Float,No,"6,765,177 people","$7,628",50.5%,53.7%,1.44 million visitors,0.5%,(1.0%),6.6%,7.7%,9.1%,29.5%,(5.1%),(3.8%),117.8,25.3,3.1%,-0.45,No,..,0.9%,1.8%
el salvador,Central America,2021,Q4,Lower middle income,Manufacturing & Trade,Pegged (Dollarized),Yes,"6,273,945 people","$4,623",33.8%,41.1%,0.56 million visitors,2.3%,3.3%,2.9%,4.0%,3.3%,82.9%,(4.0%),(7.2%),96.9,6.2,5.4%,-0.45,No,..,(1.9%),0.6%
Uruguay,South America,2004,Q4,High income,Agriculture & Agro-exports,Floating,No,"3,407,458 people","$17,591",25.4%,25.5%,0.73 million visitors,3.9%,1.5%,3.9%,9.1%,5.1%,59.4%,(2.6%),(1.3%),103.0,42.6,5.6%,1.01,No,..,1.7%,0.7%
paraguay,South America,2003,Q4,Upper middle income,Agriculture & Agro-exports,Managed Float,No,"6,701,501 people","$6,549",41.9%,39.1%,0.05 million visitors,0.5%,3.5%,2.3%,4.8%,5.1%,30.0%,(3.5%),1.8%,99.5,40.2,4.9%,-0.02,No,..,4.2%,3.8%
BOLIVIA,South America,2008,Q4,Lower middle income,Mining & Extractives,Managed Float,No,"11,476,677 people","$3,207",43.0%,48.6%,0.29 million visitors,0.5%,5.5%,2.6%,2.2%,6.7%,37.6%,(3.8%),(3.9%),87.7,29.0,5.0%,-0.84,No,..,3.0%,4.1%
Honduras,Central America,2008,Q2,Lower middle income,Agriculture & Agro-exports,Floating,No,"9,515,317 people","$2,816",39.4%,59.2%,0.26 million visitors,3.2%,3.0%,3.4%,4.9%,6.5%,49.8%,(2.0%),(20.7%),102.0,41.3,6.3%,-1.04,No,..,1.0%,2.6%
 Belize ,Central America,2021,Q3,Upper middle income,Tourism & Services,Pegged (Dollarized),No,"374,499 people","$5,406",40.0%,38.8%,1.99 million visitors,3.1%,6.7%,5.9%,6.2%,8.2%,89.2%,(1.3%),3.3%,71.9,12.4,..,-0.28,No,..,1.4%,0.6%
TRINIDAD AND TOBAGO,Caribbean,2023,Q2,High income,Mining & Extractives,Floating,Yes,"1,442,346 people","$16,601",40.9%,49.5%,0.10 million visitors,0.5%,3.2%,4.6%,5.2%,5.3%,71.5%,(2.0%),(8.0%),98.4,27.1,..,1.0,No,..,3.4%,2.3%
paraguay,South America,2006,Q4,Upper middle income,Agriculture & Agro-exports,Managed Float,No,"6,846,009 people","$5,897",30.1%,34.3%,0.05 million visitors,0.5%,0.8%,3.4%,8.1%,6.2%,30.9%,(4.4%),(4.3%),97.0,44.0,5.2%,-0.28,No,..,1.8%,2.1%
TRINIDAD AND TOBAGO,Caribbean,2013,Q1,High income,Mining & Extractives,Floating,No,"1,375,564 people","$16,674",41.7%,52.1%,1.09 million visitors,1.9%,5.4%,7.3%,12.1%,10.1%,62.7%,(6.5%),(10.6%),85.8,42.6,3.7%,0.37,No,..,(0.9%),(0.7%)
NICARAGUA,Central America,2011,Q3,Lower middle income,Agriculture & Agro-exports,Managed Float,No,"6,473,862 people","$2,168",42.4%,44.9%,0.25 million visitors,3.7%,4.2%,6.1%,9.1%,8.3%,38.8%,(3.0%),(2.8%),103.9,41.8,5.5%,-1.79,No,..,3.3%,3.5%
Jamaica,Caribbean,2011,Q3,Upper middle income,Tourism & Services,Floating,No,"2,745,813 people","$5,593",33.0%,44.0%,3.04 million visitors,7.2%,2.0%,3.6%,6.1%,6.4%,95.0%,(2.7%),(11.1%),109.4,30.3,3.2%,0.77,No,..,3.3%,2.2%
Nicaragua,Central America,2017,Q2,Lower middle income,Agriculture & Agro-exports,Managed Float,No,"6,399,491 people","$2,330",41.2%,54.7%,0.66 million visitors,1.9%,7.4%,7.3%,7.6%,10.6%,38.7%,(1.5%),(11.9%),104.7,40.5,5.0%,-1.17,No,..,2.7%,2.0%
trinidad and tobago,Caribbean,2023,Q3,High income,Mining & Extractives,Floating,No,"1,451,012 people","$16,483",45.1%,55.3%,1.13 million visitors,0.5%,3.7%,7.3%,8.3%,7.7%,71.5%,0.2%,(10.0%),98.4,36.1,6.6%,0.07,No,..,(1.2%),(0.4%)
 Dominican Republic ,Caribbean,2015,Q2,Upper middle income,Tourism & Services,Managed Float,No,"10,899,541 people","$8,805",24.6%,35.4%,2.87 million visitors,7.5%,3.1%,1.9%,8.4%,3.0%,49.8%,(6.3%),(8.8%),93.1,46.1,2.4%,-0.05,Yes,1.5%,(1.3%),1.8%
 Costa Rica ,Central America,2004,Q3,Upper middle income,Tourism & Services,Managed Float,No,"5,057,695 people","$12,745",28.2%,30.1%,3.55 million visitors,9.1%,0.0%,6.1%,14.0%,6.6%,48.8%,(2.9%),(0.3%),98.1,36.7,4.1%,0.66,No,..,2.3%,1.4%
GUATEMALA,Central America,2023,Q3,Upper middle income,Agriculture & Agro-exports,Floating,No,"16,477,713 people","$5,143",41.2%,51.3%,0.72 million visitors,3.3%,0.2%,8.0%,12.7%,9.0%,46.2%,(5.1%),(11.0%),87.7,15.9,5.7%,-0.38,No,..,(1.9%),0.8%
PANAMA,Central America,2022,Q2,High income,Trade & Logistics,Pegged (Dollarized),No,"4,233,378 people","$15,878",30.1%,38.3%,1.94 million visitors,6.9%,7.7%,2.1%,7.1%,4.7%,59.2%,(1.1%),(8.9%),92.3,9.4,2.9%,0.76,No,..,7.2%,5.6%
 Guatemala ,Central America,2014,Q2,Upper middle income,Agriculture & Agro-exports,Floating,No,"16,607,705 people","$5,448",38.1%,37.9%,0.75 million visitors,0.7%,2.4%,8.5%,7.4%,11.4%,42.1%,(2.0%),1.5%,111.6,59.9,4.0%,0.07,No,..,2.0%,2.0%
 Guyana ,South America,2021,Q2,High income,Mining & Extractives,Floating,No,"792,112 people","$15,046",45.3%,43.8%,1.03 million visitors,0.5%,2.1%,0.3%,12.0%,4.1%,37.7%,(4.6%),1.2%,102.1,21.5,4.2%,-0.16,No,..,10.8%,12.1%
Nicaragua,Central America,2018,Q4,Lower middle income,Agriculture & Agro-exports,Managed Float,No,"6,410,382 people","$2,446",31.0%,29.3%,1.03 million visitors,4.0%,6.6%,6.3%,10.4%,9.1%,41.5%,(4.8%),2.7%,105.4,41.6,4.5%,-1.32,No,..,4.7%,2.5%
ecuador,South America,2018,Q4,Upper middle income,Mining & Extractives,Pegged (Dollarized),No,"17,427,317 people","$5,882",38.1%,33.7%,1.01 million visitors,3.1%,1.5%,5.5%,6.7%,4.7%,65.3%,(4.0%),3.2%,77.1,25.1,2.9%,-0.62,No,..,1.4%,1.4%
jamaica,Caribbean,2004,Q2,Upper middle income,Tourism & Services,Floating,No,"2,678,644 people","$5,908",28.0%,29.6%,4.35 million visitors,5.7%,3.3%,2.7%,9.4%,4.0%,94.9%,1.0%,(3.5%),97.8,41.3,3.7%,-0.43,No,..,2.7%,1.5%
jamaica,Caribbean,2021,Q3,Upper middle income,Tourism & Services,Floating,No,"2,835,501 people","$5,872",30.3%,39.6%,1.93 million visitors,7.1%,(0.4%),3.7%,10.4%,5.0%,98.0%,(2.3%),(10.3%),115.0,35.8,3.4%,-0.32,No,..,1.0%,0.7%
ECUADOR,South America,2004,Q4,Upper middle income,Mining & Extractives,Pegged (Dollarized),No,"17,494,139 people","$6,533",29.4%,34.5%,0.51 million visitors,1.5%,8.7%,0.9%,2.0%,5.5%,60.6%,(0.1%),(5.0%),98.1,9.2,3.2%,0.28,No,..,3.9%,2.0%
Ecuador,South America,2006,Q4,Upper middle income,Mining & Extractives,Pegged (Dollarized),No,"17,534,813 people","$6,206",38.6%,40.9%,1.68 million visitors,0.8%,8.6%,7.2%,9.6%,7.2%,59.5%,(2.7%),(1.4%),104.6,5.0,6.2%,-0.13,No,..,3.2%,1.0%
Uruguay,South America,2018,Q2,High income,Agriculture & Agro-exports,Floating,No,"3,413,665 people","$17,266",31.8%,39.3%,0.05 million visitors,2.4%,4.7%,4.6%,8.4%,5.3%,78.8%,(2.8%),(7.4%),91.1,36.0,4.6%,1.33,No,..,3.3%,3.3%
 Costa Rica ,Central America,2008,Q2,Upper middle income,Tourism & Services,Managed Float,No,"5,012,826 people","$11,731",37.4%,45.9%,3.42 million visitors,8.1%,2.2%,0.4%,9.1%,1.8%,50.0%,(5.5%),(8.5%),105.5,41.2,5.0%,0.92,No,..,4.7%,5.2%
ECUADOR,South America,2006,Q1,Upper middle income,Mining & Extractives,Pegged (Dollarized),No,"17,543,571 people","$5,998",36.7%,39.2%,1.43 million visitors,0.9%,3.3%,4.1%,6.4%,5.7%,59.5%,(4.8%),(1.4%),104.6,33.4,2.7%,-1.06,No,..,0.4%,(0.3%)
dominican republic,Caribbean,2016,Q1,Upper middle income,Tourism & Services,Managed Float,No,"10,865,780 people","$7,433",29.7%,34.7%,3.01 million visitors,8.4%,4.2%,4.9%,9.6%,6.6%,48.1%,(8.5%),(5.3%),92.1,37.2,4.3%,0.22,No,..,5.3%,5.6%
 Trinidad and Tobago ,Caribbean,2018,Q1,High income,Mining & Extractives,Floating,No,"1,465,896 people","$16,411",44.5%,47.6%,0.88 million visitors,1.0%,2.2%,6.2%,7.4%,7.0%,65.2%,(3.2%),(4.0%),96.3,52.2,4.3%,0.16,No,..,1.7%,1.6%
PANAMA,Central America,2023,Q4,High income,Trade & Logistics,Pegged (Dollarized),No,"4,227,373 people","$15,357",25.3%,28.0%,1.15 million visitors,3.2%,2.2%,8.6%,9.4%,12.0%,57.1%,(2.6%),(3.7%),94.3,17.4,4.3%,0.1,No,..,2.8%,3.8%
GUATEMALA,Central America,2012,Q1,Upper middle income,Agriculture & Agro-exports,Floating,No,"16,432,789 people","$5,167",43.0%,69.3%,1.55 million visitors,3.7%,2.8%,4.5%,8.4%,5.7%,39.9%,(1.8%),(25.0%),112.3,34.8,4.2%,0.09,No,..,4.3%,3.6%
EL SALVADOR,Central America,2023,Q4,Lower middle income,Manufacturing & Trade,Pegged (Dollarized),No,"6,314,568 people","$3,816",39.9%,37.8%,0.93 million visitors,2.7%,2.2%,4.3%,12.3%,5.4%,85.1%,(0.0%),3.0%,105.8,31.8,4.7%,-0.34,No,..,(0.0%),(0.3%)
Jamaica,Caribbean,2021,Q4,Upper middle income,Tourism & Services,Floating,No,"2,772,532 people","$6,285",32.6%,35.0%,2.72 million visitors,9.4%,3.4%,5.4%,9.6%,5.8%,98.0%,(8.5%),(4.3%),115.0,25.8,6.1%,-0.4,No,..,0.2%,0.8%
Ecuador,South America,2021,Q3,Upper middle income,Mining & Extractives,Pegged (Dollarized),No,"17,514,365 people","$6,115",35.5%,39.7%,0.89 million visitors,0.5%,2.9%,9.9%,1.5%,13.1%,64.7%,(3.2%),(4.1%),69.4,2.0,5.1%,-0.25,No,..,4.3%,1.4%
 Guyana ,South America,2018,Q3,High income,Mining & Extractives,Floating,No,"747,288 people","$14,116",42.4%,44.5%,0.14 million visitors,1.2%,3.7%,9.5%,6.9%,8.8%,36.7%,(2.9%),0.1%,108.9,42.8,4.9%,-0.52,No,..,8.7%,10.8%
trinidad and tobago,Caribbean,2006,Q4,High income,Mining & Extractives,Floating,Yes,"1,347,599 people","$18,490",41.0%,55.9%,0.07 million visitors,0.7%,6.4%,5.5%,6.9%,7.8%,63.2%,(6.2%),(14.9%),98.7,37.6,4.0%,-0.15,No,..,(0.0%),0.5%
panama,Central America,2010,Q4,High income,Trade & Logistics,Pegged (Dollarized),No,"4,202,308 people","$15,715",26.8%,15.1%,0.60 million visitors,6.0%,4.0%,(0.4%),5.4%,0.2%,53.1%,(3.1%),13.5%,103.9,13.2,3.8%,0.54,No,..,4.2%,5.2%
HONDURAS,Central America,2015,Q3,Lower middle income,Agriculture & Agro-exports,Floating,No,"9,490,850 people","$3,050",41.5%,55.6%,1.72 million visitors,1.4%,..,7.5%,7.4%,7.7%,53.7%,0.2%,(12.6%),88.6,33.6,3.9%,-0.92,No,..,0.6%,1.0%
 Trinidad and Tobago ,Caribbean,2015,Q3,High income,Mining & Extractives,Floating,No,"1,358,422 people","$17,126",42.2%,46.5%,0.40 million visitors,0.8%,2.6%,7.0%,11.4%,7.0%,62.3%,(3.0%),(3.0%),84.3,37.3,..,0.26,No,..,(4.4%),(2.1%)
Guatemala,Central America,2013,Q3,Upper middle income,Agriculture & Agro-exports,Floating,No,"16,500,107 people","$4,732",29.6%,47.1%,2.00 million visitors,4.6%,0.5%,5.9%,3.7%,7.2%,40.4%,0.7%,(18.6%),113.7,46.7,3.3%,-0.21,No,..,3.4%,2.6%
ECUADOR,South America,2011,Q1,Upper middle income,Mining & Extractives,Pegged (Dollarized),No,"17,516,721 people","$7,380",35.4%,31.1%,1.56 million visitors,3.6%,4.7%,5.3%,10.1%,8.0%,66.5%,(3.7%),3.2%,95.2,12.9,4.2%,-0.69,No,..,(0.4%),(0.9%)
jamaica,Caribbean,2017,Q4,Upper middle income,Tourism & Services,Floating,No,"2,832,810 people","$5,664",29.5%,61.4%,3.01 million visitors,6.8%,3.6%,6.3%,7.0%,9.3%,100.0%,(3.8%),(30.3%),109.6,32.6,3.2%,-0.43,No,..,2.2%,1.1%
Nicaragua,Central America,2013,Q2,Lower middle income,Agriculture & Agro-exports,Managed Float,No,"6,495,561 people","$2,296",42.3%,49.0%,0.37 million visitors,1.8%,1.7%,6.9%,9.4%,8.7%,36.7%,(4.3%),(5.8%),104.3,41.6,4.7%,-1.51,No,..,1.5%,(0.0%)
 Paraguay ,South America,2005,Q2,Upper middle income,Agriculture & Agro-exports,Managed Float,No,"6,705,878 people","$6,544",34.9%,40.4%,1.00 million visitors,1.6%,4.8%,6.8%,11.0%,11.1%,27.9%,(2.1%),(4.9%),104.2,43.6,5.2%,0.42,No,..,2.9%,1.8%
ECUADOR,South America,2006,Q3,Upper middle income,Mining & Extractives,Pegged (Dollarized),No,"17,591,971 people","$6,394",42.6%,48.1%,1.00 million visitors,1.1%,..,9.5%,5.6%,11.5%,59.5%,(2.6%),(4.8%),104.6,21.6,3.5%,-0.25,No,..,0.1%,1.7%
Costa Rica,Central America,2009,Q2,Upper middle income,Tourism & Services,Managed Float,No,"5,009,922 people","$11,246",35.5%,36.5%,3.80 million visitors,8.7%,5.7%,3.4%,3.9%,5.7%,51.5%,(2.0%),(1.8%),102.6,45.5,3.2%,1.06,No,..,2.3%,3.7%
Bolivia,South America,2023,Q2,Lower middle income,Mining & Extractives,Managed Float,No,"11,439,633 people","$4,857",41.0%,45.3%,0.23 million visitors,2.2%,2.3%,9.0%,5.0%,14.1%,49.1%,(1.3%),(5.6%),69.1,24.5,3.7%,-0.43,No,..,2.7%,0.8%
Jamaica,Caribbean,2005,Q1,Upper middle income,Tourism & Services,Floating,No,"2,855,762 people","$5,697",25.1%,34.4%,2.83 million visitors,8.5%,(2.3%),4.9%,8.7%,7.7%,95.9%,(3.1%),(8.4%),111.1,29.5,3.1%,0.13,No,..,0.6%,0.7%
panama,Central America,2020,Q3,High income,Trade & Logistics,Pegged (Dollarized),No,"4,217,017 people","$15,256",31.1%,34.8%,1.70 million visitors,5.2%,3.8%,7.1%,8.8%,9.6%,61.3%,(0.8%),(1.4%),101.8,3.8,4.5%,0.11,No,..,5.1%,4.0%
nicaragua,Central America,2023,Q3,Lower middle income,Agriculture & Agro-exports,Managed Float,No,"6,518,017 people","$2,576",33.3%,33.9%,0.38 million visitors,5.1%,4.0%,7.3%,11.0%,9.1%,40.8%,(5.1%),(0.6%),97.4,14.7,5.7%,-0.93,No,..,0.4%,(0.9%)
ECUADOR,South America,2015,Q1,Upper middle income,Mining & Extractives,Pegged (Dollarized),No,"17,382,550 people","$6,021",36.9%,36.9%,1.57 million visitors,1.4%,5.9%,2.8%,9.9%,3.7%,66.6%,(3.4%),0.3%,85.6,23.8,4.1%,-0.18,No,..,(0.3%),0.6%
Honduras,Central America,2012,Q3,Lower middle income,Agriculture & Agro-exports,Floating,No,"9,479,234 people","$2,116",46.4%,57.0%,1.17 million visitors,2.3%,5.0%,5.4%,5.9%,6.2%,51.5%,(4.8%),(11.9%),92.7,15.9,3.7%,-0.23,No,..,2.9%,3.4%
costa rica,Central America,2007,Q4,Upper middle income,Tourism & Services,Managed Float,No,"5,000,855 people","$12,927",29.9%,39.4%,3.54 million visitors,12.7%,2.7%,8.0%,9.1%,11.9%,50.1%,(2.6%),(9.0%),101.2,45.6,2.3%,0.36,No,..,5.8%,4.1%
Costa  Rica,Central America,2018,Q3,Upper middle income,Tourism & Services,Managed Float,No,"4,946,325 people","$12,904",32.8%,36.8%,3.37 million visitors,11.7%,3.8%,6.8%,9.0%,10.3%,54.1%,(2.8%),(4.0%),93.7,19.8,5.9%,0.89,No,..,4.6%,4.8%
Costa Rica,Central America,2020,Q4,Upper middle income,Tourism & Services,Managed Float,No,"5,008,933 people","$12,782",35.8%,40.8%,4.15 million visitors,8.3%,0.5%,4.1%,9.2%,8.2%,53.7%,0.6%,(4.6%),87.6,30.8,5.7%,1.37,No,..,2.2%,2.0%
 Ecuador ,South America,2018,Q2,Upper middle income,Mining & Extractives,Pegged (Dollarized),No,"17,509,911 people","$6,657",38.5%,45.8%,0.68 million visitors,5.4%,4.1%,5.8%,6.7%,8.1%,65.3%,(0.6%),(5.4%),77.1,10.3,3.2%,-0.47,No,..,1.9%,0.1%
BELIZE,Central America,2004,Q1,Upper middle income,Tourism & Services,Pegged (Dollarized),No,"322,826 people","$4,708",38.3%,33.6%,3.17 million visitors,7.8%,6.5%,5.6%,6.1%,7.7%,86.2%,(4.6%),4.9%,86.2,22.9,5.7%,-0.03,No,..,3.2%,2.6%
El Salvador,Central America,2014,Q1,Lower middle income,Manufacturing & Trade,Pegged (Dollarized),No,"6,270,317 people","$4,854",44.4%,43.3%,1.20 million visitors,2.8%,0.6%,4.7%,8.4%,7.7%,80.3%,(2.7%),1.4%,92.7,18.7,5.0%,0.15,No,..,(0.9%),0.6%
Panama,Central America,2006,Q4,High income,Trade & Logistics,Pegged (Dollarized),No,"4,234,380 people","$14,795",32.2%,48.6%,2.10 million visitors,6.9%,1.3%,3.8%,9.9%,7.0%,51.4%,(6.4%),(16.2%),102.2,19.8,4.4%,0.22,No,..,1.8%,1.3%
guyana,South America,2006,Q2,High income,Mining & Extractives,Floating,No,"763,016 people","$14,560",38.7%,44.1%,0.57 million visitors,2.3%,4.3%,4.8%,10.2%,6.5%,37.3%,(3.1%),(5.5%),102.3,42.5,4.9%,-0.03,No,..,13.3%,12.6%
bolivia,South America,2010,Q2,Lower middle income,Mining & Extractives,Managed Float,No,"11,529,328 people","$4,262",41.7%,45.6%,0.10 million visitors,1.1%,3.4%,2.0%,4.3%,5.1%,43.6%,(3.3%),(4.5%),89.6,39.9,5.3%,-0.18,No,..,2.6%,2.3%
Nicaragua,Central America,2022,Q2,Lower middle income,Agriculture & Agro-exports,Managed Float,No,"6,442,537 people",$953,37.7%,34.9%,0.55 million visitors,1.3%,3.3%,6.4%,5.9%,9.4%,39.8%,(1.1%),2.6%,96.7,29.9,2.0%,-1.61,No,..,(0.9%),1.1%
 Nicaragua ,Central America,2015,Q3,Lower middle income,Agriculture & Agro-exports,Managed Float,No,"6,473,339 people","$1,875",27.2%,22.8%,1.29 million visitors,3.2%,7.1%,5.9%,6.2%,6.8%,38.7%,(2.6%),4.3%,103.6,34.2,5.4%,-1.13,No,..,0.6%,2.1%
bolivia,South America,2005,Q1,Lower middle income,Mining & Extractives,Managed Float,No,"11,455,770 people","$3,713",46.4%,45.2%,0.05 million visitors,0.5%,5.5%,11.4%,8.5%,15.3%,41.9%,(3.2%),2.1%,97.8,28.6,6.2%,-0.15,No,..,3.4%,2.0%
 El Salvador ,Central America,2009,Q3,Lower middle income,Manufacturing & Trade,Pegged (Dollarized),No,"6,339,862 people","$4,274",38.9%,38.8%,0.64 million visitors,4.0%,3.9%,4.6%,3.1%,7.5%,77.0%,(2.9%),1.9%,97.5,20.6,4.4%,-0.68,No,..,1.5%,0.2%
trinidad and tobago,Caribbean,2022,Q1,High income,Mining & Extractives,Floating,No,"1,397,604 people","$16,782",40.2%,42.2%,0.63 million visitors,0.5%,2.8%,7.0%,9.7%,11.1%,70.5%,(2.2%),(1.7%),98.4,25.8,..,0.02,No,..,2.6%,(0.1%)
belize,Central America,2020,Q1,Upper middle income,Tourism & Services,Pegged (Dollarized),No,"446,320 people","$4,901",39.0%,51.3%,2.45 million visitors,3.8%,1.1%,2.3%,6.6%,3.6%,89.9%,(3.8%),(11.8%),69.0,3.2,5.2%,-0.1,No,..,(0.7%),(0.2%)
uruguay,South America,2006,Q3,High income,Agriculture & Agro-exports,Floating,No,"3,462,943 people","$16,525",30.2%,31.0%,0.61 million visitors,2.8%,5.4%,7.1%,6.0%,10.3%,59.3%,(1.5%),(0.9%),93.0,31.1,4.9%,0.99,No,..,2.3%,3.9%
ECUADOR,South America,2020,Q4,Upper middle income,Mining & Extractives,Pegged (Dollarized),No,"17,506,513 people","$6,200",37.1%,32.9%,0.60 million visitors,3.9%,1.6%,5.7%,9.6%,6.1%,64.8%,(3.2%),2.3%,76.3,19.8,4.0%,-0.45,No,..,3.4%,0.7%
NICARAGUA,Central America,2017,Q4,Lower middle income,Agriculture & Agro-exports,Managed Float,No,"6,441,521 people","$2,000",35.8%,38.0%,0.32 million visitors,3.9%,1.2%,10.1%,4.8%,14.1%,38.7%,(0.1%),(0.2%),104.7,55.3,5.1%,-1.34,Yes,0.6%,3.3%,1.9%
Jamaica,Caribbean,2005,Q3,Upper middle income,Tourism & Services,Floating,No,"2,792,064 people","$4,825",36.7%,43.6%,3.35 million visitors,8.2%,2.8%,6.1%,7.6%,7.9%,95.9%,(1.9%),(8.7%),111.1,36.2,4.3%,-0.05,No,..,0.2%,1.5%
paraguay,South America,2003,Q2,Upper middle income,Agriculture & Agro-exports,Managed Float,No,"6,789,006 people","$6,729",40.0%,45.6%,0.12 million visitors,3.3%,(0.4%),7.6%,9.1%,11.0%,30.0%,(0.3%),(5.0%),99.5,17.1,5.3%,-0.56,No,..,0.1%,0.2%
DOMINICAN REPUBLIC,Caribbean,2004,Q3,Upper middle income,Tourism & Services,Managed Float,No,"10,807,488 people","$8,365",41.3%,55.4%,3.04 million visitors,4.4%,3.2%,(1.4%),12.1%,0.2%,49.3%,(2.1%),(13.3%),87.2,49.4,3.8%,-0.22,No,..,5.8%,4.1%
uruguay,South America,2015,Q3,High income,Agriculture & Agro-exports,Floating,No,"3,401,302 people","$17,127",36.3%,46.7%,1.24 million visitors,2.7%,2.7%,4.3%,10.1%,6.6%,76.1%,(3.1%),(11.2%),85.8,27.9,2.9%,0.87,No,..,(1.6%),0.8%
El  Salvador,Central America,2022,Q1,Lower middle income,Manufacturing & Trade,Pegged (Dollarized),No,"6,284,412 people","$3,972",35.2%,37.8%,0.19 million visitors,0.5%,(0.6%),3.7%,11.1%,5.6%,84.6%,(4.8%),(4.3%),108.1,2.0,4.2%,-0.72,No,..,1.6%,0.5%
El Salvador,Central America,2004,Q2,Lower middle income,Manufacturing & Trade,Pegged (Dollarized),No,"6,307,834 people","$3,634",27.7%,35.3%,1.87 million visitors,4.2%,3.9%,5.6%,6.9%,5.6%,71.2%,(2.5%),(8.7%),99.4,18.9,5.3%,-0.47,No,..,2.0%,1.9%
Costa Rica,Central America,2012,Q2,Upper middle income,Tourism & Services,Managed Float,No,"4,957,065 people","$12,511",28.4%,40.9%,3.54 million visitors,9.1%,3.0%,3.5%,6.2%,5.9%,52.4%,(4.5%),(12.6%),98.5,32.1,6.7%,0.75,No,..,3.2%,4.1%
 Trinidad and Tobago ,Caribbean,2006,Q2,High income,Mining & Extractives,Floating,No,"1,429,407 people","$16,293",43.4%,49.2%,0.46 million visitors,1.5%,(0.3%),5.8%,7.3%,5.0%,63.2%,(5.0%),(5.6%),98.7,42.1,5.4%,0.06,No,..,0.2%,(0.2%)
honduras,Central America,2018,Q1,Lower middle income,Agriculture & Agro-exports,Floating,No,"9,457,935 people","$2,946",31.8%,35.9%,1.05 million visitors,2.5%,4.2%,6.8%,9.5%,10.2%,56.2%,(4.0%),(3.5%),96.2,34.1,4.7%,-0.42,No,..,2.7%,1.9%
nicaragua,Central America,2022,Q4,Lower middle income,Agriculture & Agro-exports,Managed Float,No,"6,528,969 people","$1,819",42.6%,45.4%,0.05 million visitors,3.7%,3.1%,6.3%,3.9%,7.2%,39.8%,(1.7%),(1.7%),96.7,36.3,4.5%,-1.52,No,..,3.9%,3.7%
Trinidad and Tobago,Caribbean,2019,Q4,High income,Mining & Extractives,Floating,Yes,"1,499,544 people","$15,926",30.6%,26.0%,0.55 million visitors,0.5%,6.3%,1.3%,5.2%,2.8%,67.5%,(4.4%),3.4%,97.2,42.8,5.7%,0.4,No,..,(0.2%),0.8%
belize,Central America,2003,Q2,Upper middle income,Tourism & Services,Pegged (Dollarized),No,"428,452 people","$4,745",25.8%,40.3%,2.14 million visitors,7.4%,2.5%,3.5%,6.8%,6.1%,86.7%,(2.7%),(14.3%),94.2,2.0,4.4%,0.16,No,..,2.4%,1.6%
Uruguay,South America,2021,Q4,High income,Agriculture & Agro-exports,Floating,No,"3,474,272 people","$17,278",35.8%,33.6%,0.73 million visitors,2.4%,5.0%,8.2%,7.4%,12.1%,81.0%,(4.1%),1.5%,92.4,22.9,3.9%,0.87,No,..,0.3%,1.2%
Panama,Central America,2004,Q4,High income,Trade & Logistics,Pegged (Dollarized),No,"4,185,323 people","$15,645",27.2%,26.7%,1.58 million visitors,3.7%,4.3%,4.5%,8.2%,7.6%,52.1%,(6.2%),(0.6%),97.5,10.7,4.2%,1.03,No,..,5.6%,3.7%
Guatemala,Central America,2007,Q3,Upper middle income,Agriculture & Agro-exports,Floating,No,"16,451,641 people","$4,544",33.7%,48.5%,0.40 million visitors,0.6%,4.5%,5.7%,6.5%,7.0%,37.4%,(2.1%),(14.5%),108.5,23.2,5.2%,-0.34,No,..,4.3%,4.5%
honduras,Central America,2022,Q2,Lower middle income,Agriculture & Agro-exports,Floating,No,"9,532,401 people","$2,604",43.9%,56.2%,0.47 million visitors,0.9%,2.5%,8.4%,9.9%,11.8%,61.6%,(3.7%),(14.6%),105.3,23.5,4.6%,-0.1,No,..,3.4%,3.2%
Guatemala,Central America,2018,Q1,Upper middle income,Agriculture & Agro-exports,Floating,No,"16,415,603 people","$3,941",26.6%,28.4%,2.05 million visitors,1.7%,2.2%,2.9%,7.4%,6.3%,47.2%,(5.6%),(2.0%),106.5,24.6,5.0%,-0.29,No,..,3.7%,4.5%
BOLIVIA,South America,2016,Q3,Lower middle income,Mining & Extractives,Managed Float,No,"11,463,465 people","$3,815",35.7%,37.9%,0.61 million visitors,1.6%,4.3%,7.5%,5.4%,9.4%,48.6%,(5.5%),(3.0%),93.6,31.4,6.0%,-0.33,No,..,2.9%,3.2%
BOLIVIA,South America,2011,Q2,Lower middle income,Mining & Extractives,Managed Float,No,"11,477,624 people","$3,385",44.7%,55.1%,0.46 million visitors,1.3%,..,4.3%,7.6%,7.1%,47.2%,(7.1%),(11.9%),89.1,32.9,5.7%,-0.38,No,..,(0.3%),0.3%
trinidad and tobago,Caribbean,2009,Q4,High income,Mining & Extractives,Floating,No,"1,359,464 people","$16,779",33.6%,40.0%,0.51 million visitors,0.6%,3.4%,6.7%,9.9%,7.0%,62.9%,(2.4%),(6.7%),95.5,31.9,3.2%,0.08,No,..,(0.5%),1.2%
Panama,Central America,2015,Q3,High income,Trade & Logistics,Pegged (Dollarized),No,"4,175,058 people","$15,627",26.4%,36.3%,2.21 million visitors,4.3%,6.5%,6.8%,8.6%,9.8%,56.3%,(1.0%),(10.1%),108.5,22.4,5.2%,0.72,Yes,10.4%,(2.9%),(1.6%)
dominican republic,Caribbean,2016,Q2,Upper middle income,Tourism & Services,Managed Float,No,"10,862,853 people","$8,776",24.1%,25.8%,2.14 million visitors,6.0%,0.3%,8.8%,8.8%,13.3%,48.1%,(2.9%),(2.0%),92.1,33.7,3.9%,0.29,No,..,2.6%,2.8%
PANAMA,Central America,2021,Q2,High income,Trade & Logistics,Pegged (Dollarized),No,"4,155,388 people","$15,134",22.6%,27.6%,1.99 million visitors,5.7%,(0.7%),5.0%,4.9%,8.8%,61.4%,(4.8%),(6.4%),94.3,14.4,5.7%,0.13,No,..,2.4%,4.1%
trinidad and tobago,Caribbean,2015,Q2,High income,Mining & Extractives,Floating,No,"1,399,966 people","$15,788",35.6%,41.1%,0.53 million visitors,0.5%,4.9%,10.4%,10.1%,10.2%,62.3%,(4.9%),(5.6%),84.3,26.6,4.3%,0.07,No,..,0.9%,(0.2%)
Belize,Central America,2017,Q3,Upper middle income,Tourism & Services,Pegged (Dollarized),Yes,"350,721 people","$5,685",32.8%,47.9%,2.78 million visitors,5.9%,10.0%,2.6%,3.5%,3.6%,90.9%,(8.0%),(15.5%),70.8,9.3,5.4%,0.07,No,..,(0.0%),1.5%
el salvador,Central America,2005,Q1,Lower middle income,Manufacturing & Trade,Pegged (Dollarized),No,"6,287,657 people","$3,976",34.3%,41.1%,0.66 million visitors,2.1%,1.9%,1.8%,3.5%,4.5%,70.9%,(7.3%),(8.7%),105.3,14.9,4.6%,-0.48,No,..,0.9%,0.6%
uruguay,South America,2021,Q1,High income,Agriculture & Agro-exports,Floating,No,"3,395,001 people","$17,657",39.0%,40.7%,1.48 million visitors,1.5%,5.4%,7.1%,6.8%,9.7%,81.0%,(1.7%),(0.5%),92.4,47.5,6.1%,1.51,No,..,2.9%,2.1%
Belize,Central America,2023,Q3,Upper middle income,Tourism & Services,Pegged (Dollarized),No,"392,536 people","$5,284",28.6%,27.3%,2.73 million visitors,7.2%,2.7%,2.2%,6.6%,3.1%,89.4%,(4.1%),2.9%,69.4,3.9,4.4%,0.07,No,..,2.3%,1.9%
URUGUAY,South America,2016,Q3,High income,Agriculture & Agro-exports,Floating,No,"3,349,882 people","$16,933",40.2%,47.7%,0.14 million visitors,0.5%,3.0%,4.6%,11.3%,4.6%,77.7%,(3.2%),(7.7%),88.2,39.9,4.9%,0.49,No,..,0.8%,0.9%
guatemala,Central America,2005,Q3,Upper middle income,Agriculture & Agro-exports,Floating,No,"16,557,292 people","$5,652",43.8%,45.4%,0.72 million visitors,0.5%,(1.9%),5.4%,8.9%,7.4%,36.9%,(2.3%),(0.9%),109.1,44.9,3.8%,-0.24,No,..,(0.6%),2.2%
NICARAGUA,Central America,2004,Q1,Lower middle income,Agriculture & Agro-exports,Managed Float,No,"6,543,294 people","$2,791",35.1%,46.6%,0.83 million visitors,1.1%,3.8%,0.7%,7.7%,2.4%,35.6%,(3.0%),(10.4%),93.2,35.0,2.7%,-1.09,No,..,4.3%,4.0%
trinidad and tobago,Caribbean,2006,Q1,High income,Mining & Extractives,Floating,No,"1,467,731 people","$16,433",44.0%,50.6%,0.07 million visitors,3.7%,7.3%,3.2%,7.6%,3.5%,63.2%,0.3%,(6.7%),98.7,44.6,3.3%,0.31,No,..,(0.9%),0.6%
BELIZE,Central America,2013,Q2,Upper middle income,Tourism & Services,Pegged (Dollarized),Yes,"277,110 people","$5,804",25.0%,36.6%,1.82 million visitors,6.9%,1.7%,3.3%,6.7%,5.2%,89.4%,(0.7%),(10.8%),84.9,26.1,4.1%,-0.26,No,..,2.1%,1.9%
NICARAGUA,Central America,2017,Q1,Lower middle income,Agriculture & Agro-exports,Managed Float,No,"6,481,781 people","$2,477",36.3%,39.5%,0.67 million visitors,2.6%,2.4%,7.8%,4.1%,10.1%,38.7%,(3.9%),(2.2%),104.7,36.7,5.5%,-1.4,Yes,5.1%,(1.6%),(1.0%)
COSTA RICA,Central America,2021,Q3,Upper middle income,Tourism & Services,Managed Float,No,"5,019,437 people","$11,558",30.9%,38.7%,3.86 million visitors,8.6%,4.7%,6.5%,5.2%,8.8%,53.3%,(3.1%),(6.4%),88.7,33.8,3.3%,0.97,No,..,1.0%,2.6%
 Bolivia ,South America,2014,Q3,Lower middle income,Mining & Extractives,Managed Float,No,"11,551,054 people","$3,585",47.8%,42.2%,0.77 million visitors,3.5%,3.4%,9.0%,5.0%,12.9%,47.1%,(5.1%),5.4%,91.7,45.9,4.5%,0.04,No,..,3.0%,1.8%
costa rica,Central America,2017,Q4,Upper middle income,Tourism & Services,Managed Float,No,"5,033,012 people","$12,990",35.4%,45.2%,3.76 million visitors,11.1%,2.9%,2.7%,6.6%,2.5%,54.0%,(7.7%),(10.8%),89.7,47.2,4.0%,0.57,No,..,0.8%,4.1%
Belize,Central America,2016,Q2,Upper middle income,Tourism & Services,Pegged (Dollarized),No,"416,650 people","$5,843",39.9%,42.5%,2.25 million visitors,8.2%,2.3%,4.9%,5.4%,7.0%,89.1%,(4.8%),(2.7%),82.6,18.8,4.9%,-0.81,No,..,2.0%,2.8%
guatemala,Central America,2010,Q3,Upper middle income,Agriculture & Agro-exports,Floating,No,"16,625,686 people","$6,025",34.2%,38.6%,0.93 million visitors,0.5%,2.1%,7.3%,7.5%,9.2%,38.5%,(2.6%),(4.1%),110.5,58.3,4.9%,-0.85,No,..,(0.8%),0.7%
Bolivia,South America,2018,Q2,Lower middle income,Mining & Extractives,Managed Float,No,"11,467,540 people","$4,177",39.1%,52.6%,1.08 million visitors,0.9%,3.1%,5.5%,3.8%,5.6%,49.3%,(4.4%),(13.4%),87.2,41.3,5.4%,-0.16,No,..,3.3%,3.4%
Ecuador,South America,2008,Q3,Upper middle income,Mining & Extractives,Pegged (Dollarized),No,"17,521,990 people","$6,278",39.7%,34.8%,1.20 million visitors,0.9%,1.0%,5.5%,8.8%,6.4%,61.6%,(1.7%),3.9%,102.5,5.6,4.8%,-0.63,No,..,(1.1%),(1.4%)
guyana,South America,2003,Q1,High income,Mining & Extractives,Floating,No,"688,504 people","$15,032",41.1%,52.3%,0.05 million visitors,2.6%,..,7.0%,4.6%,8.1%,34.7%,(1.3%),(10.8%),100.4,34.6,4.9%,-0.04,No,..,12.3%,12.6%
nicaragua,Central America,2020,Q4,Lower middle income,Agriculture & Agro-exports,Managed Float,No,"6,459,987 people","$2,058",37.6%,42.2%,0.55 million visitors,3.0%,2.9%,1.0%,7.0%,1.4%,39.6%,(2.4%),(4.6%),100.2,26.5,3.1%,-1.2,No,..,0.1%,0.6%
Costa  Rica,Central America,2016,Q4,Upper middle income,Tourism & Services,Managed Float,No,"4,926,745 people","$12,562",33.3%,44.2%,3.34 million visitors,7.9%,(0.1%),4.6%,1.6%,5.3%,53.5%,(1.8%),(11.1%),83.6,21.1,4.4%,0.71,No,..,5.6%,5.3%
 Nicaragua ,Central America,2022,Q3,Lower middle income,Agriculture & Agro-exports,Managed Float,Yes,"6,479,215 people","$2,442",30.5%,38.9%,0.25 million visitors,2.4%,3.5%,4.0%,6.2%,6.0%,39.8%,(3.4%),(9.6%),96.7,17.0,3.6%,-0.67,No,..,0.3%,1.5%
 Dominican Republic ,Caribbean,2012,Q3,Upper middle income,Tourism & Services,Managed Float,No,"10,804,667 people","$8,487",31.4%,41.5%,2.02 million visitors,6.3%,2.8%,3.7%,6.3%,2.2%,48.4%,(5.3%),(9.5%),89.8,28.9,4.9%,0.11,No,..,4.3%,3.5%
Costa  Rica,Central America,2006,Q2,Upper middle income,Tourism & Services,Managed Float,No,"5,069,420 people","$12,990",35.1%,48.3%,3.15 million visitors,8.1%,1.0%,8.8%,12.9%,10.8%,52.5%,(1.9%),(12.7%),105.3,42.1,5.5%,1.23,No,..,2.9%,2.9%
 Dominican Republic ,Caribbean,2020,Q4,Upper middle income,Tourism & Services,Managed Float,No,"10,846,199 people","$8,961",34.5%,41.8%,2.02 million visitors,6.7%,1.7%,3.6%,3.8%,5.8%,49.6%,(3.9%),(7.7%),93.3,42.9,3.6%,-0.2,No,..,5.4%,5.2%
Nicaragua,Central America,2019,Q2,Lower middle income,Agriculture & Agro-exports,Managed Float,No,"6,506,511 people","$2,117",45.0%,45.8%,0.77 million visitors,3.2%,1.9%,2.8%,3.0%,5.2%,41.1%,(5.1%),(0.2%),102.2,36.3,3.7%,-0.79,No,..,0.0%,1.0%
 Honduras ,Central America,2015,Q1,Lower middle income,Agriculture & Agro-exports,Floating,No,"9,531,456 people","$3,195",39.1%,40.2%,1.22 million visitors,0.5%,3.6%,5.6%,1.7%,9.3%,53.7%,(3.9%),(0.9%),88.6,29.1,3.5%,-0.71,No,..,4.6%,1.8%
 Ecuador ,South America,2014,Q3,Upper middle income,Mining & Extractives,Pegged (Dollarized),No,"17,444,629 people","$6,760",29.1%,38.9%,1.92 million visitors,2.8%,8.1%,3.6%,6.4%,4.5%,67.2%,(3.2%),(9.9%),86.7,20.9,5.0%,-0.55,No,..,(0.4%),1.6%
Costa  Rica,Central America,2006,Q2,Upper middle income,Tourism & Services,Managed Float,No,"5,069,420 people","$12,990",35.1%,48.3%,3.15 million visitors,8.1%,1.0%,8.8%,12.9%,10.8%,52.5%,(1.9%),(12.7%),105.3,42.1,5.5%,1.23,No,..,2.9%,2.9%
 Trinidad and Tobago ,Caribbean,2016,Q1,High income,Mining & Extractives,Floating,No,"1,491,453 people","$16,369",43.1%,38.3%,1.39 million visitors,3.0%,(0.5%),3.7%,8.5%,6.0%,64.2%,(7.6%),4.8%,90.1,40.3,4.3%,0.45,No,..,(2.1%),0.2%
Guyana,South America,2010,Q1,High income,Mining & Extractives,Floating,No,"762,043 people","$14,725",37.0%,43.6%,0.39 million visitors,1.9%,5.9%,3.6%,9.8%,6.3%,39.5%,(2.1%),(6.7%),99.2,26.1,2.4%,-0.21,No,..,12.5%,11.3%
PANAMA,Central America,2006,Q1,High income,Trade & Logistics,Pegged (Dollarized),No,"4,217,305 people","$15,944",37.0%,44.7%,1.64 million visitors,3.8%,2.5%,4.8%,7.4%,6.5%,51.4%,(3.6%),(7.6%),102.2,15.9,3.9%,0.73,No,..,5.5%,4.2%
costa rica,Central America,2022,Q4,Upper middle income,Tourism & Services,Managed Float,No,"4,953,123 people","$13,497",41.5%,46.4%,2.85 million visitors,9.2%,4.6%,8.0%,11.6%,9.7%,52.7%,(2.8%),(5.1%),90.0,31.7,4.6%,0.65,No,..,5.0%,4.1%
Panama,Central America,2017,Q4,High income,Trade & Logistics,Pegged (Dollarized),No,"4,226,058 people","$15,534",30.4%,37.3%,1.44 million visitors,5.8%,2.9%,5.0%,6.9%,5.6%,57.9%,(4.3%),(6.3%),106.8,9.5,3.6%,0.4,No,..,6.1%,5.5%
 Paraguay ,South America,2014,Q4,Upper middle income,Agriculture & Agro-exports,Managed Float,No,"6,859,454 people","$5,574",41.9%,42.0%,0.05 million visitors,1.7%,..,5.6%,8.8%,8.7%,30.9%,(1.7%),(0.8%),115.7,47.0,..,-0.66,No,..,4.0%,3.1%
EL SALVADOR,Central America,2009,Q2,Lower middle income,Manufacturing & Trade,Pegged (Dollarized),No,"6,379,099 people","$4,369",35.1%,39.1%,0.05 million visitors,3.3%,(1.4%),6.6%,8.1%,8.1%,77.0%,(2.7%),(3.8%),97.5,30.8,4.5%,-0.72,No,..,2.9%,1.1%
BOLIVIA,South America,2021,Q3,Lower middle income,Mining & Extractives,Managed Float,No,"11,541,408 people","$3,299",37.7%,36.1%,1.32 million visitors,0.5%,2.7%,8.2%,10.5%,9.4%,53.2%,(3.4%),2.4%,76.9,27.0,3.9%,-0.8,No,..,(0.6%),0.4%
Costa Rica,Central America,2003,Q2,Upper middle income,Tourism & Services,Managed Float,No,"4,932,792 people","$12,531",41.1%,41.4%,3.35 million visitors,13.2%,0.8%,1.0%,6.4%,5.2%,47.1%,0.7%,(1.6%),100.9,29.1,5.1%,0.8,No,..,8.4%,6.8%
jamaica,Caribbean,2016,Q4,Upper middle income,Tourism & Services,Floating,No,"2,821,702 people","$6,663",33.4%,39.1%,2.97 million visitors,5.4%,0.4%,6.7%,7.3%,9.7%,99.3%,(3.3%),(4.3%),114.3,31.2,3.4%,-0.33,No,..,(0.5%),(0.5%)
Trinidad and Tobago,Caribbean,2008,Q3,High income,Mining & Extractives,Floating,No,"1,311,609 people","$15,924",43.0%,52.9%,1.16 million visitors,0.5%,5.8%,6.2%,8.2%,7.6%,62.7%,(2.0%),(10.1%),93.4,30.7,4.5%,1.1,No,..,1.0%,(0.2%)
 Bolivia ,South America,2020,Q1,Lower middle income,Mining & Extractives,Managed Float,No,"11,442,427 people","$4,950",39.3%,38.7%,0.40 million visitors,3.2%,1.7%,4.7%,4.8%,3.6%,51.6%,(2.2%),(0.4%),80.6,36.1,4.6%,-0.79,No,..,2.0%,3.0%
Belize,Central America,2006,Q1,Upper middle income,Tourism & Services,Pegged (Dollarized),Yes,"320,643 people","$5,705",38.7%,41.3%,3.30 million visitors,8.6%,..,4.5%,8.9%,6.8%,88.1%,(0.4%),(3.5%),87.8,6.1,4.7%,0.3,No,..,2.4%,0.8%
belize,Central America,2011,Q4,Upper middle income,Tourism & Services,Pegged (Dollarized),No,"319,689 people","$4,651",32.3%,35.6%,2.06 million visitors,9.6%,7.8%,3.9%,11.2%,7.0%,89.9%,(4.9%),(2.9%),87.1,10.3,3.6%,0.49,No,..,2.4%,1.1%
dominican republic,Caribbean,2020,Q2,Upper middle income,Tourism & Services,Managed Float,No,"10,818,284 people","$8,857",32.4%,41.5%,1.34 million visitors,4.8%,6.1%,3.9%,9.9%,7.3%,49.6%,(1.1%),(8.4%),93.3,34.4,6.2%,0.3,No,..,4.8%,4.5%
Costa Rica,Central America,2015,Q3,Upper middle income,Tourism & Services,Managed Float,No,"5,003,488 people","$11,891",28.8%,37.0%,3.46 million visitors,9.8%,(2.0%),4.1%,7.8%,5.7%,52.5%,(3.5%),(10.0%),90.7,23.2,..,1.22,No,..,5.5%,4.7%
 Ecuador ,South America,2013,Q1,Upper middle income,Mining & Extractives,Pegged (Dollarized),Yes,"17,560,764 people","$6,268",45.4%,53.0%,0.31 million visitors,2.6%,4.9%,2.3%,5.8%,5.7%,66.5%,(3.3%),(6.5%),92.7,20.3,5.4%,-0.52,No,..,3.8%,4.0%
EL SALVADOR,Central America,2019,Q2,Lower middle income,Manufacturing & Trade,Pegged (Dollarized),No,"6,300,894 people","$3,893",38.1%,37.4%,1.52 million visitors,1.2%,5.1%,2.4%,6.7%,2.7%,81.6%,(2.4%),0.2%,98.4,14.1,4.5%,-1.12,No,..,3.5%,0.8%
NICARAGUA,Central America,2020,Q2,Lower middle income,Agriculture & Agro-exports,Managed Float,No,"6,513,459 people","$2,312",37.8%,43.2%,0.48 million visitors,3.8%,0.5%,6.0%,3.9%,7.0%,39.6%,(3.4%),(7.1%),100.2,24.4,1.7%,-0.67,No,..,2.0%,4.3%
panama,Central America,2008,Q1,High income,Trade & Logistics,Pegged (Dollarized),No,"4,236,396 people","$15,784",33.1%,43.8%,1.92 million visitors,3.8%,3.0%,4.9%,11.3%,7.0%,51.2%,(3.2%),(11.8%),104.2,17.4,..,0.51,No,..,5.2%,4.6%
Dominican  Republic,Caribbean,2011,Q1,Upper middle income,Tourism & Services,Managed Float,No,"10,722,462 people","$8,175",33.4%,39.4%,2.24 million visitors,6.7%,2.8%,2.1%,10.1%,4.6%,47.6%,(4.0%),(6.8%),95.0,48.1,5.2%,-0.05,No,..,3.6%,3.9%
El  Salvador,Central America,2021,Q2,Lower middle income,Manufacturing & Trade,Pegged (Dollarized),No,"6,302,780 people","$4,313",34.6%,47.3%,1.39 million visitors,1.9%,1.9%,6.4%,5.7%,9.4%,82.9%,(5.3%),(13.4%),96.9,14.6,5.2%,-0.6,No,..,(1.0%),(0.2%)
Ecuador,South America,2010,Q3,Upper middle income,Mining & Extractives,Pegged (Dollarized),Yes,"17,419,274 people","$5,792",39.3%,45.3%,1.05 million visitors,1.2%,2.7%,2.9%,8.9%,6.3%,66.7%,(3.7%),(7.4%),92.1,3.1,5.4%,-0.79,No,..,0.7%,(1.0%)
 Bolivia ,South America,2017,Q4,Lower middle income,Mining & Extractives,Managed Float,No,"11,474,800 people","$4,444",39.1%,48.2%,0.53 million visitors,1.7%,(0.8%),9.4%,7.6%,9.4%,47.2%,(4.1%),(10.2%),87.0,32.8,3.9%,-0.26,No,..,1.7%,2.1%
bolivia,South America,2013,Q1,Lower middle income,Mining & Extractives,Managed Float,No,"11,511,184 people","$3,321",39.5%,45.2%,0.05 million visitors,0.5%,4.8%,8.3%,5.9%,11.0%,48.8%,(2.3%),(4.3%),88.6,33.9,5.5%,-0.2,No,..,0.8%,1.0%
Paraguay,South America,2018,Q3,Upper middle income,Agriculture & Agro-exports,Managed Float,No,"6,866,154 people","$5,680",41.3%,41.5%,0.05 million visitors,2.3%,(0.3%),3.5%,4.1%,7.4%,29.4%,(5.2%),0.5%,125.0,41.7,4.3%,0.16,No,..,3.3%,2.2%
GUYANA,South America,2014,Q2,High income,Mining & Extractives,Floating,No,"806,168 people","$14,395",37.0%,41.5%,0.05 million visitors,3.7%,4.1%,4.9%,4.4%,5.9%,38.0%,(2.7%),(2.9%),107.0,43.0,1.5%,-0.57,No,..,13.2%,12.4%
trinidad and tobago,Caribbean,2016,Q3,High income,Mining & Extractives,Floating,No,"1,458,413 people","$16,940",28.7%,36.1%,0.05 million visitors,0.5%,1.8%,6.1%,8.2%,6.6%,64.2%,(3.7%),(6.6%),90.1,33.0,4.1%,0.19,No,..,1.0%,0.7%
 Guatemala ,Central America,2019,Q3,Upper middle income,Agriculture & Agro-exports,Floating,No,"16,535,466 people","$4,823",36.6%,36.9%,0.05 million visitors,0.5%,2.6%,5.7%,9.8%,7.1%,47.3%,(6.8%),(0.7%),105.2,31.8,2.9%,-0.1,No,..,2.3%,3.5%
Uruguay,South America,2014,Q2,High income,Agriculture & Agro-exports,Floating,No,"3,407,361 people","$17,682",40.7%,47.8%,1.02 million visitors,1.5%,5.4%,4.1%,12.3%,6.0%,74.6%,(4.5%),(8.7%),90.1,53.4,3.6%,1.7,No,..,2.4%,2.3%
EL SALVADOR,Central America,2020,Q4,Lower middle income,Manufacturing & Trade,Pegged (Dollarized),No,"6,307,824 people","$4,823",34.8%,40.9%,0.75 million visitors,2.6%,2.4%,7.1%,7.0%,8.9%,80.8%,(2.0%),(6.2%),97.7,16.4,4.6%,-1.18,No,..,(1.2%),0.2%
 Trinidad and Tobago ,Caribbean,2019,Q2,High income,Mining & Extractives,Floating,No,"1,302,311 people","$15,526",36.6%,43.4%,0.12 million visitors,0.5%,(2.9%),9.0%,7.4%,12.2%,67.5%,(4.4%),(7.7%),97.2,32.9,4.8%,0.75,No,..,3.9%,1.0%
 Nicaragua ,Central America,2003,Q2,Lower middle income,Agriculture & Agro-exports,Managed Float,No,"6,505,660 people",$988,44.5%,53.3%,0.63 million visitors,3.7%,6.1%,4.0%,8.4%,4.3%,35.3%,(4.6%),(10.1%),93.0,51.6,4.0%,-1.65,No,..,2.0%,0.6%
URUGUAY,South America,2012,Q4,High income,Agriculture & Agro-exports,Floating,Yes,"3,416,089 people","$15,692",31.0%,37.8%,0.45 million visitors,2.0%,2.9%,4.6%,9.9%,5.2%,71.1%,(1.5%),(7.1%),86.6,34.4,5.8%,0.67,No,..,2.5%,1.5%
honduras,Central America,2015,Q2,Lower middle income,Agriculture & Agro-exports,Floating,No,"9,533,521 people","$1,110",28.5%,33.0%,1.35 million visitors,0.6%,1.4%,7.2%,6.9%,10.7%,53.7%,(5.1%),(3.3%),88.6,23.1,3.4%,-0.56,No,..,0.7%,0.2%
DOMINICAN REPUBLIC,Caribbean,2022,Q4,Upper middle income,Tourism & Services,Managed Float,No,"10,743,054 people","$8,809",38.2%,41.7%,2.13 million visitors,5.2%,3.2%,5.5%,9.9%,7.4%,51.0%,0.9%,(0.4%),94.5,21.4,7.1%,-0.81,No,..,1.9%,3.3%
Belize,Central America,2005,Q1,Upper middle income,Tourism & Services,Pegged (Dollarized),No,"341,470 people","$6,224",36.2%,47.3%,2.42 million visitors,6.4%,(1.3%),5.4%,9.7%,7.2%,85.5%,(4.6%),(11.6%),88.0,10.4,4.6%,-0.07,No,..,1.2%,2.2%
Nicaragua,Central America,2008,Q1,Lower middle income,Agriculture & Agro-exports,Managed Float,No,"6,528,012 people","$1,948",45.9%,45.2%,0.93 million visitors,1.5%,6.8%,4.1%,6.3%,5.5%,39.0%,(3.9%),(0.9%),95.8,32.1,4.8%,-0.96,No,..,3.5%,3.6%
Honduras,Central America,2013,Q2,Lower middle income,Agriculture & Agro-exports,Floating,No,"9,497,332 people","$3,671",42.1%,48.7%,0.09 million visitors,2.6%,8.1%,8.6%,8.3%,9.9%,51.7%,0.6%,(8.0%),96.9,43.9,5.1%,-0.44,No,..,2.7%,2.6%
El  Salvador,Central America,2013,Q3,Lower middle income,Manufacturing & Trade,Pegged (Dollarized),No,"6,162,895 people","$4,130",26.8%,27.0%,0.82 million visitors,1.9%,(2.1%),4.4%,7.3%,8.0%,83.4%,(2.7%),(1.5%),91.2,2.5,5.6%,-0.43,No,..,1.3%,1.2%
 El Salvador ,Central America,2018,Q4,Lower middle income,Manufacturing & Trade,Pegged (Dollarized),No,"6,246,546 people","$3,528",34.8%,40.0%,1.16 million visitors,0.5%,(0.5%),2.0%,6.8%,3.7%,80.7%,(2.4%),(5.3%),94.5,7.1,4.7%,-0.67,Yes,4.1%,(1.2%),(0.6%)
Nicaragua,Central America,2007,Q1,Lower middle income,Agriculture & Agro-exports,Managed Float,No,"6,513,169 people","$2,423",43.1%,63.2%,0.56 million visitors,0.5%,3.8%,3.9%,4.1%,5.9%,38.1%,(3.5%),(17.5%),95.4,44.3,4.1%,-1.54,No,..,1.2%,1.9%
Ecuador,South America,2023,Q1,Upper middle income,Mining & Extractives,Pegged (Dollarized),No,"17,601,703 people","$6,211",33.3%,39.3%,1.56 million visitors,0.5%,4.2%,5.3%,10.3%,7.7%,65.3%,(3.2%),(4.4%),78.1,22.9,4.0%,-0.63,No,..,(3.9%),(0.6%)
Guyana,South America,2019,Q2,High income,Mining & Extractives,Floating,No,"797,427 people","$14,031",36.4%,42.0%,0.66 million visitors,1.7%,5.2%,4.6%,6.1%,6.7%,36.5%,(4.2%),(5.0%),107.1,59.3,6.1%,-0.31,No,..,13.5%,11.4%
Panama,Central America,2013,Q4,High income,Trade & Logistics,Pegged (Dollarized),No,"4,284,084 people","$15,534",38.2%,53.5%,1.76 million visitors,2.9%,3.2%,3.2%,8.8%,4.5%,54.9%,(0.6%),(14.2%),107.8,19.8,4.7%,0.43,Yes,20.0%,(4.7%),(6.4%)
URUGUAY,South America,2004,Q2,High income,Agriculture & Agro-exports,Floating,No,"3,439,840 people","$17,365",27.0%,31.2%,1.18 million visitors,0.5%,(0.3%),5.0%,12.1%,6.9%,59.4%,(3.3%),(3.3%),103.0,43.3,5.4%,1.11,No,..,1.8%,1.4%
 Costa Rica ,Central America,2019,Q3,Upper middle income,Tourism & Services,Managed Float,No,"5,023,479 people","$11,432",39.8%,54.2%,4.24 million visitors,9.8%,6.0%,4.9%,6.1%,6.9%,54.3%,(4.2%),(12.6%),87.4,27.4,2.2%,0.91,No,..,4.4%,4.2%
Guatemala,Central America,2023,Q4,Upper middle income,Agriculture & Agro-exports,Floating,No,"16,483,726 people","$5,237",41.4%,37.5%,1.04 million visitors,0.5%,6.3%,6.6%,11.6%,8.8%,46.2%,(5.1%),4.7%,87.7,23.1,4.5%,-0.55,No,..,3.0%,2.8%
bolivia,South America,2023,Q4,Lower middle income,Mining & Extractives,Managed Float,No,"11,467,599 people","$3,693",41.3%,38.6%,0.38 million visitors,1.8%,2.5%,3.7%,6.6%,5.0%,49.1%,(3.6%),3.4%,69.1,24.6,5.8%,-0.21,No,..,3.1%,0.7%
Ecuador,South America,2019,Q3,Upper middle income,Mining & Extractives,Pegged (Dollarized),No,"17,455,148 people","$6,558",27.1%,28.1%,1.37 million visitors,2.5%,0.5%,3.9%,14.6%,5.5%,62.7%,(1.1%),(1.0%),81.8,12.1,5.8%,-0.7,No,..,2.3%,2.0%
Jamaica,Caribbean,2015,Q1,Upper middle income,Tourism & Services,Floating,No,"2,779,368 people","$5,750",28.5%,29.1%,2.01 million visitors,8.6%,2.2%,3.0%,10.1%,2.2%,97.5%,(6.2%),0.2%,117.2,32.6,3.7%,-0.46,Yes,6.0%,(3.8%),(3.7%)
TRINIDAD AND TOBAGO,Caribbean,2007,Q4,High income,Mining & Extractives,Floating,No,"1,358,986 people","$16,976",39.2%,61.3%,0.80 million visitors,3.0%,3.3%,7.2%,7.7%,9.7%,62.7%,(3.3%),(20.7%),89.0,27.7,4.8%,0.31,No,..,0.8%,0.4%
Nicaragua,Central America,2005,Q3,Lower middle income,Agriculture & Agro-exports,Managed Float,No,"6,440,112 people","$1,600",43.1%,40.2%,1.39 million visitors,0.8%,6.4%,6.5%,6.4%,8.6%,37.0%,(0.4%),2.6%,99.2,26.8,6.8%,-0.36,No,..,3.5%,2.6%
Guatemala,Central America,2017,Q4,Upper middle income,Agriculture & Agro-exports,Floating,No,"16,587,097 people","$4,649",39.5%,37.3%,1.33 million visitors,0.5%,1.7%,4.8%,3.8%,5.7%,46.7%,(2.8%),1.9%,115.0,28.8,5.6%,-1.01,No,..,5.4%,3.3%
Guyana,South America,2004,Q4,High income,Mining & Extractives,Floating,No,"774,987 people","$14,884",39.9%,46.0%,0.19 million visitors,0.5%,3.5%,11.0%,10.0%,13.0%,34.5%,(2.0%),(5.5%),106.1,37.7,3.7%,-0.72,No,..,8.5%,7.6%
BOLIVIA,South America,2006,Q4,Lower middle income,Mining & Extractives,Managed Float,No,"11,535,291 people","$3,752",48.0%,64.8%,0.05 million visitors,3.1%,6.5%,9.2%,8.4%,11.9%,40.4%,(3.1%),(15.8%),96.5,43.7,4.2%,-0.1,No,..,3.5%,2.5%
Nicaragua,Central America,2016,Q4,Lower middle income,Agriculture & Agro-exports,Managed Float,No,"6,423,957 people","$2,073",35.3%,37.6%,0.54 million visitors,2.5%,2.3%,3.8%,10.1%,5.2%,37.7%,(0.1%),(4.1%),104.5,36.4,4.8%,-0.71,No,..,0.3%,1.3%
Honduras,Central America,2013,Q1,Lower middle income,Agriculture & Agro-exports,Floating,No,"9,476,466 people","$3,165",34.9%,45.9%,1.05 million visitors,0.5%,1.7%,4.0%,7.3%,5.1%,51.7%,(2.4%),(9.9%),96.9,17.3,5.7%,-1.11,No,..,1.9%,3.1%
 Honduras ,Central America,2011,Q1,Lower middle income,Agriculture & Agro-exports,Floating,No,"9,522,651 people","$2,845",38.0%,52.4%,2.08 million visitors,2.1%,3.9%,9.1%,10.1%,12.0%,51.5%,(3.8%),(15.2%),93.1,32.1,7.0%,-1.29,No,..,3.5%,0.6%
 Jamaica ,Caribbean,2006,Q4,Upper middle income,Tourism & Services,Floating,No,"2,767,092 people","$6,381",37.2%,36.3%,3.84 million visitors,8.2%,2.8%,2.2%,9.8%,4.0%,96.6%,(4.1%),1.3%,111.8,32.9,4.5%,-0.59,No,..,0.8%,1.0%
GUATEMALA,Central America,2008,Q4,Upper middle income,Agriculture & Agro-exports,Floating,No,"16,545,331 people","$4,479",36.4%,46.0%,0.39 million visitors,0.5%,5.1%,1.4%,5.1%,4.2%,36.8%,(3.1%),(8.8%),111.1,31.2,3.7%,-0.36,No,..,2.4%,2.8%
Trinidad and Tobago,Caribbean,2011,Q4,High income,Mining & Extractives,Floating,Yes,"1,344,770 people","$16,422",41.6%,53.7%,1.32 million visitors,0.5%,1.4%,11.3%,8.9%,12.6%,62.8%,(0.3%),(11.1%),92.1,11.6,4.7%,-0.01,No,..,1.0%,0.6%
Guatemala,Central America,2006,Q4,Upper middle income,Agriculture & Agro-exports,Floating,No,"16,540,613 people","$4,822",32.2%,37.3%,0.80 million visitors,2.8%,4.6%,6.2%,8.7%,9.1%,35.7%,0.4%,(5.0%),114.8,42.0,4.1%,0.15,No,..,0.9%,2.2%
El  Salvador,Central America,2003,Q2,Lower middle income,Manufacturing & Trade,Pegged (Dollarized),No,"6,319,746 people","$4,619",36.5%,29.9%,0.05 million visitors,1.0%,(0.5%),4.4%,7.0%,7.4%,68.8%,(3.8%),5.8%,105.1,11.5,3.1%,-0.86,No,..,0.5%,0.7%
belize,Central America,2013,Q4,Upper middle income,Tourism & Services,Pegged (Dollarized),No,"383,741 people","$5,089",44.3%,48.5%,1.49 million visitors,5.8%,2.0%,6.2%,8.4%,9.3%,89.4%,(6.6%),(4.7%),84.9,20.4,3.6%,-0.04,Yes,4.1%,(2.5%),(1.5%)
nicaragua,Central America,2005,Q2,Lower middle income,Agriculture & Agro-exports,Managed Float,No,"6,539,318 people","$1,639",41.2%,54.3%,0.05 million visitors,0.5%,5.3%,7.7%,5.4%,9.6%,37.0%,(3.4%),(11.4%),99.2,19.0,4.2%,-0.82,No,..,0.5%,2.5%
 Jamaica ,Caribbean,2012,Q1,Upper middle income,Tourism & Services,Floating,No,"2,848,964 people","$6,375",31.8%,36.8%,2.93 million visitors,5.6%,4.6%,1.5%,7.0%,1.4%,93.6%,(3.7%),(5.1%),112.1,35.6,..,-0.73,No,..,1.6%,2.2%
 Guyana ,South America,2005,Q1,High income,Mining & Extractives,Floating,No,"816,576 people","$13,901",44.2%,58.9%,..,0.5%,2.1%,10.4%,3.1%,11.7%,34.7%,(4.2%),(16.2%),105.5,45.3,4.0%,-0.3,No,..,11.2%,11.9%
Guyana,South America,2017,Q1,High income,Mining & Extractives,Floating,No,"830,805 people","$13,858",36.6%,42.1%,1.15 million visitors,0.5%,5.4%,3.6%,4.2%,6.2%,39.0%,(6.6%),(6.6%),113.6,21.0,4.4%,-0.41,No,..,12.0%,11.7%
Belize,Central America,2004,Q3,Upper middle income,Tourism & Services,Pegged (Dollarized),No,"462,475 people","$4,674",42.1%,57.1%,2.37 million visitors,6.6%,5.9%,3.3%,4.7%,5.5%,86.2%,(3.7%),(15.8%),86.2,12.2,4.1%,-0.45,Yes,0.5%,(1.7%),0.6%
 Panama ,Central America,2020,Q4,High income,Trade & Logistics,Pegged (Dollarized),Yes,"4,217,375 people","$14,365",33.5%,30.3%,1.19 million visitors,4.5%,4.9%,5.5%,10.8%,6.4%,61.3%,(1.7%),3.4%,101.8,23.7,4.1%,0.33,No,..,3.8%,4.0%
Costa  Rica,Central America,2021,Q2,Upper middle income,Tourism & Services,Managed Float,No,"5,032,755 people","$11,977",39.7%,49.9%,3.05 million visitors,9.5%,1.0%,4.7%,8.8%,4.5%,53.3%,(0.4%),(11.8%),88.7,43.9,4.6%,0.64,No,..,4.0%,4.9%
Honduras,Central America,2010,Q4,Lower middle income,Agriculture & Agro-exports,Floating,No,"9,527,783 people","$2,300",33.6%,27.7%,1.04 million visitors,0.8%,2.7%,2.7%,5.8%,3.6%,52.3%,(3.1%),5.1%,95.1,49.2,2.8%,-0.8,No,..,(0.5%),0.9%
 Dominican Republic ,Caribbean,2011,Q4,Upper middle income,Tourism & Services,Managed Float,No,"10,735,995 people","$9,039",25.0%,27.0%,1.70 million visitors,5.2%,2.1%,0.9%,5.3%,5.5%,47.6%,(4.1%),(0.3%),95.0,7.4,4.5%,-0.12,No,..,2.6%,4.0%
Ecuador,South America,2009,Q2,Upper middle income,Mining & Extractives,Pegged (Dollarized),No,"17,446,038 people","$5,363",32.1%,37.5%,0.54 million visitors,1.0%,2.0%,6.2%,4.8%,7.5%,65.4%,(5.4%),(4.1%),94.8,27.8,5.1%,-0.85,No,..,2.1%,1.4%
PANAMA,Central America,2015,Q2,High income,Trade & Logistics,Pegged (Dollarized),No,"4,290,256 people","$16,061",34.7%,39.1%,1.64 million visitors,2.3%,3.6%,4.6%,9.2%,8.8%,56.3%,(2.5%),(2.6%),108.5,22.9,5.4%,0.19,No,..,4.3%,4.4%
Uruguay,South America,2023,Q4,High income,Agriculture & Agro-exports,Floating,No,"3,327,462 people","$17,541",34.7%,33.5%,1.30 million visitors,1.2%,1.5%,3.1%,7.4%,5.7%,82.9%,(3.6%),2.0%,97.4,37.6,5.1%,0.3,No,..,2.7%,2.8%
Uruguay,South America,2020,Q3,High income,Agriculture & Agro-exports,Floating,No,"3,444,035 people","$16,953",30.2%,32.6%,2.04 million visitors,2.0%,6.9%,2.8%,3.7%,2.4%,78.8%,(2.5%),(1.5%),94.6,31.3,3.0%,1.3,No,..,2.8%,1.4%
El Salvador,Central America,2018,Q1,Lower middle income,Manufacturing & Trade,Pegged (Dollarized),No,"6,298,193 people","$4,281",35.9%,42.4%,2.54 million visitors,1.0%,3.5%,6.6%,2.9%,9.9%,80.7%,(3.7%),(7.1%),94.5,6.0,4.5%,-1.11,No,..,0.4%,0.9%
costa rica,Central America,2020,Q2,Upper middle income,Tourism & Services,Managed Float,No,"5,058,291 people","$12,334",38.1%,51.3%,4.00 million visitors,9.8%,5.1%,3.8%,4.5%,4.1%,53.7%,(1.3%),(11.9%),87.6,13.0,4.3%,0.83,No,..,5.3%,5.4%
Bolivia,South America,2007,Q2,Lower middle income,Mining & Extractives,Managed Float,No,"11,431,674 people","$4,527",46.5%,44.6%,0.28 million visitors,3.4%,..,4.9%,7.9%,5.6%,37.8%,(1.5%),2.1%,90.2,19.0,4.5%,-0.27,No,..,2.3%,1.0%
COSTA RICA,Central America,2015,Q4,Upper middle income,Tourism & Services,Managed Float,No,"5,060,320 people","$11,285",32.7%,26.1%,2.45 million visitors,8.9%,0.3%,3.6%,10.8%,6.2%,52.5%,3.6%,6.5%,90.7,34.5,4.5%,-0.07,No,..,3.2%,4.1%
EL SALVADOR,Central America,2010,Q3,Lower middle income,Manufacturing & Trade,Pegged (Dollarized),No,"6,374,644 people","$3,702",39.2%,33.0%,0.05 million visitors,0.5%,1.9%,6.9%,9.0%,7.0%,75.9%,(2.9%),7.0%,96.5,9.9,6.1%,-0.48,No,..,0.9%,0.2%
 Trinidad and Tobago ,Caribbean,2003,Q1,High income,Mining & Extractives,Floating,No,"1,317,647 people","$17,514",38.8%,38.2%,0.05 million visitors,1.2%,0.2%,4.3%,10.9%,6.6%,59.0%,(3.0%),2.1%,95.7,27.0,6.3%,0.31,No,..,1.1%,0.5%
Guyana,South America,2014,Q4,High income,Mining & Extractives,Floating,No,"763,160 people","$14,664",45.1%,51.0%,0.39 million visitors,2.3%,5.8%,3.7%,7.0%,4.3%,38.0%,(3.0%),(5.3%),107.0,37.7,5.1%,-0.5,No,..,10.8%,11.1%
 Trinidad and Tobago ,Caribbean,2007,Q3,High income,Mining & Extractives,Floating,No,"1,470,593 people","$15,798",39.9%,40.8%,0.58 million visitors,0.5%,(1.3%),2.2%,7.5%,5.5%,62.7%,(5.0%),(1.0%),89.0,46.0,4.5%,0.21,No,..,(0.2%),(0.9%)
 Uruguay ,South America,2009,Q1,High income,Agriculture & Agro-exports,Floating,No,"3,449,848 people","$17,015",34.8%,49.1%,1.14 million visitors,2.0%,2.6%,6.6%,6.6%,10.8%,66.7%,(3.3%),(14.4%),79.6,30.3,5.7%,0.9,No,..,4.8%,3.2%
ecuador,South America,2008,Q1,Upper middle income,Mining & Extractives,Pegged (Dollarized),No,"17,437,318 people","$5,671",50.2%,51.4%,1.27 million visitors,1.7%,4.9%,3.7%,6.7%,5.5%,61.6%,(5.2%),(1.2%),102.5,6.6,3.2%,0.18,No,..,1.8%,2.4%
belize,Central America,2008,Q3,Upper middle income,Tourism & Services,Pegged (Dollarized),No,"389,253 people","$5,550",31.5%,44.0%,2.89 million visitors,6.0%,0.0%,6.3%,2.9%,8.4%,89.2%,(3.2%),(12.3%),84.5,26.9,3.1%,-0.8,No,..,3.6%,2.5%
Trinidad and Tobago,Caribbean,2008,Q2,High income,Mining & Extractives,Floating,Yes,"1,417,572 people","$16,276",47.1%,52.7%,0.86 million visitors,0.7%,3.1%,9.9%,10.0%,11.7%,62.7%,(1.6%),(5.4%),93.4,33.7,4.3%,0.3,No,..,1.1%,0.8%
 Panama ,Central America,2016,Q1,High income,Trade & Logistics,Pegged (Dollarized),No,"4,234,666 people","$15,026",33.6%,43.4%,1.68 million visitors,3.8%,2.4%,5.0%,9.3%,5.8%,55.8%,(5.5%),(8.2%),106.2,6.5,3.0%,0.3,No,..,1.9%,3.9%
Guatemala,Central America,2011,Q3,Upper middle income,Agriculture & Agro-exports,Floating,No,"16,465,097 people","$5,401",36.0%,49.4%,1.14 million visitors,0.5%,2.9%,5.9%,11.3%,8.4%,38.9%,(2.6%),(12.2%),111.0,23.4,3.7%,-0.88,Yes,1.0%,(0.3%),0.6%
Jamaica,Caribbean,2019,Q3,Upper middle income,Tourism & Services,Floating,No,"2,779,133 people","$5,493",33.6%,28.9%,2.45 million visitors,5.7%,2.8%,3.5%,7.0%,6.2%,98.1%,(2.9%),5.3%,116.8,27.6,5.2%,-1.02,No,..,1.4%,2.2%
paraguay,South America,2008,Q2,Upper middle income,Agriculture & Agro-exports,Managed Float,No,"6,783,962 people","$5,959",35.9%,48.2%,0.30 million visitors,0.9%,2.3%,3.0%,5.1%,3.6%,33.4%,(3.7%),(11.9%),114.6,38.6,4.2%,0.04,No,..,5.1%,4.8%
Guatemala,Central America,2005,Q1,Upper middle income,Agriculture & Agro-exports,Floating,No,"16,385,310 people","$6,195",42.7%,39.1%,0.63 million visitors,1.8%,0.6%,0.0%,8.2%,2.4%,36.9%,(5.5%),1.7%,109.1,30.8,5.6%,-0.41,No,..,2.5%,1.5%
Guyana,South America,2013,Q4,High income,Mining & Extractives,Floating,No,"784,200 people","$13,846",41.6%,58.5%,0.33 million visitors,0.5%,3.4%,10.5%,2.2%,12.1%,39.3%,(2.9%),(16.5%),104.8,49.6,4.5%,-0.28,No,..,9.9%,10.3%
paraguay,South America,2010,Q4,Upper middle income,Agriculture & Agro-exports,Managed Float,No,"6,747,215 people","$5,799",37.8%,42.4%,1.06 million visitors,3.9%,1.2%,5.7%,7.4%,8.2%,32.4%,(2.5%),(5.2%),112.3,50.2,4.0%,-0.1,No,..,5.6%,4.0%
Guyana,South America,2017,Q2,High income,Mining & Extractives,Floating,No,"842,832 people","$13,100",35.6%,34.3%,0.05 million visitors,0.5%,5.0%,10.3%,9.3%,13.1%,39.0%,(3.5%),1.5%,113.6,34.2,4.9%,-0.15,No,..,10.6%,10.8%
Belize,Central America,2019,Q2,Upper middle income,Tourism & Services,Pegged (Dollarized),Yes,"445,564 people","$4,639",35.0%,39.0%,2.40 million visitors,7.6%,5.1%,3.6%,11.8%,6.3%,90.7%,(0.4%),(4.9%),69.5,18.6,3.0%,0.23,No,..,(1.8%),0.5%
Dominican Republic,Caribbean,2018,Q3,Upper middle income,Tourism & Services,Managed Float,No,"10,714,926 people","$8,663",28.1%,23.4%,..,3.6%,..,4.8%,9.1%,6.1%,46.4%,(4.5%),6.3%,98.1,39.7,3.6%,0.45,No,..,4.9%,5.3%
Ecuador,South America,2014,Q1,Upper middle income,Mining & Extractives,Pegged (Dollarized),No,"17,352,164 people","$6,699",32.3%,46.4%,1.10 million visitors,3.1%,3.8%,4.0%,7.2%,6.5%,67.2%,(3.0%),(14.6%),86.7,13.6,..,-0.67,No,..,1.1%,2.2%
Panama,Central America,2013,Q1,High income,Trade & Logistics,Pegged (Dollarized),No,"4,218,731 people","$15,193",27.9%,24.0%,1.59 million visitors,2.6%,(1.3%),3.3%,5.2%,6.1%,54.9%,(0.6%),4.4%,107.8,2.0,5.3%,1.07,No,..,2.1%,4.4%
costa rica,Central America,2019,Q1,Upper middle income,Tourism & Services,Managed Float,No,"5,020,927 people","$12,664",28.8%,33.8%,2.88 million visitors,8.4%,2.7%,3.7%,8.6%,5.1%,54.3%,(0.3%),(5.0%),87.4,43.6,3.4%,1.14,No,..,4.2%,5.0%
Costa Rica,Central America,2017,Q3,Upper middle income,Tourism & Services,Managed Float,No,"4,969,160 people","$12,030",31.8%,33.3%,3.64 million visitors,6.9%,4.1%,8.4%,7.9%,9.9%,54.0%,(4.7%),(2.1%),89.7,34.0,3.3%,0.89,No,..,8.3%,6.7%
 Jamaica ,Caribbean,2017,Q2,Upper middle income,Tourism & Services,Floating,No,"2,852,781 people","$5,498",31.0%,29.5%,3.49 million visitors,6.5%,1.0%,6.3%,7.5%,8.3%,100.0%,(2.8%),2.5%,109.6,23.9,..,-0.84,No,..,(2.5%),(0.9%)
Paraguay,South America,2003,Q3,Upper middle income,Agriculture & Agro-exports,Managed Float,No,"6,828,358 people","$7,489",33.1%,25.2%,0.05 million visitors,1.3%,(0.7%),7.1%,9.7%,7.9%,30.0%,(2.8%),8.3%,99.5,26.1,3.9%,-0.08,No,..,3.5%,3.2%
El  Salvador,Central America,2010,Q1,Lower middle income,Manufacturing & Trade,Pegged (Dollarized),No,"6,256,655 people","$4,008",35.3%,56.2%,1.06 million visitors,4.3%,0.3%,3.5%,9.3%,5.4%,75.9%,(1.5%),(21.0%),96.5,12.5,5.8%,-0.07,Yes,1.2%,(0.5%),(0.4%)
bolivia,South America,2012,Q1,Lower middle income,Mining & Extractives,Managed Float,No,"11,418,359 people","$3,236",44.8%,43.9%,0.47 million visitors,5.2%,2.4%,6.0%,9.9%,7.5%,48.8%,(3.1%),0.4%,93.8,37.7,4.1%,-0.11,No,..,2.8%,3.0%
paraguay,South America,2007,Q1,Upper middle income,Agriculture & Agro-exports,Managed Float,No,"6,772,967 people","$6,161",26.1%,33.1%,0.05 million visitors,1.5%,3.9%,6.4%,8.9%,10.1%,31.2%,(5.7%),(8.1%),106.9,29.6,3.6%,-0.12,No,..,1.1%,1.3%
El  Salvador,Central America,2014,Q2,Lower middle income,Manufacturing & Trade,Pegged (Dollarized),Yes,"6,263,246 people","$4,568",36.2%,39.0%,..,2.3%,2.0%,4.6%,5.6%,5.8%,80.3%,(2.6%),(2.5%),92.7,25.1,5.7%,-0.71,No,..,(0.1%),0.7%
 Ecuador ,South America,2021,Q4,Upper middle income,Mining & Extractives,Pegged (Dollarized),No,"17,433,754 people","$6,992",32.4%,30.6%,0.82 million visitors,2.5%,3.7%,3.1%,7.2%,4.3%,64.7%,(5.3%),2.0%,69.4,18.7,4.9%,-0.78,No,..,1.0%,1.5%
Uruguay,South America,2005,Q1,High income,Agriculture & Agro-exports,Floating,No,"3,345,804 people","$17,452",38.1%,38.2%,1.40 million visitors,0.5%,0.9%,3.7%,6.6%,4.6%,60.3%,(0.2%),0.7%,98.6,39.7,4.8%,0.71,No,..,2.9%,1.6%
COSTA RICA,Central America,2015,Q1,Upper middle income,Tourism & Services,Managed Float,No,"4,949,480 people","$12,668",27.4%,34.9%,4.42 million visitors,10.7%,3.7%,4.0%,9.5%,4.8%,52.5%,(5.1%),(8.7%),90.7,41.2,4.9%,0.35,No,..,2.9%,2.6%
 Belize ,Central America,2020,Q3,Upper middle income,Tourism & Services,Pegged (Dollarized),No,"400,999 people","$4,789",35.4%,51.5%,2.10 million visitors,6.6%,3.9%,3.7%,8.1%,4.1%,89.9%,(6.8%),(14.6%),69.0,2.0,3.1%,0.57,No,..,0.6%,0.2%
Uruguay,South America,2010,Q4,High income,Agriculture & Agro-exports,Floating,Yes,"3,348,453 people","$16,951",35.8%,56.9%,1.22 million visitors,2.8%,(1.9%),6.2%,5.8%,9.6%,69.4%,(1.0%),(21.9%),85.4,29.1,2.7%,1.52,No,..,1.5%,3.1%
Ecuador,South America,2015,Q4,Upper middle income,Mining & Extractives,Pegged (Dollarized),No,"17,492,129 people","$7,056",36.3%,37.5%,1.00 million visitors,1.9%,0.6%,3.7%,1.5%,5.6%,66.6%,(4.2%),(1.8%),85.6,19.9,5.2%,-0.96,No,..,(1.4%),(1.2%)
 Jamaica ,Caribbean,2012,Q4,Upper middle income,Tourism & Services,Floating,Yes,"2,821,984 people","$6,309",28.0%,32.1%,2.33 million visitors,4.9%,..,2.2%,11.1%,3.8%,93.6%,(2.9%),(3.0%),112.1,52.8,5.9%,-0.31,Yes,1.0%,(0.9%),(0.1%)
GUATEMALA,Central America,2013,Q2,Upper middle income,Agriculture & Agro-exports,Floating,No,"16,470,631 people","$3,616",34.3%,44.2%,0.98 million visitors,3.1%,2.6%,5.9%,11.4%,11.6%,40.4%,(4.2%),(9.8%),113.7,49.0,7.4%,-0.66,No,..,2.6%,2.7%
el salvador,Central America,2023,Q3,Lower middle income,Manufacturing & Trade,Pegged (Dollarized),No,"6,320,359 people","$4,063",31.4%,33.0%,0.51 million visitors,0.5%,1.4%,6.2%,5.7%,7.5%,85.1%,(4.4%),(2.2%),105.8,13.4,4.8%,-0.77,No,..,1.2%,0.7%
Belize,Central America,2003,Q3,Upper middle income,Tourism & Services,Pegged (Dollarized),No,"389,959 people","$5,447",41.7%,40.6%,1.73 million visitors,7.3%,..,5.2%,8.7%,7.8%,86.7%,(3.6%),(0.3%),94.2,12.5,5.2%,-0.01,No,..,(0.5%),(0.1%)
 Honduras ,Central America,2004,Q2,Lower middle income,Agriculture & Agro-exports,Floating,No,"9,578,240 people","$3,446",50.9%,51.8%,0.82 million visitors,2.2%,5.9%,1.7%,7.0%,1.8%,47.3%,(4.9%),(2.5%),97.5,31.9,4.9%,-1.04,No,..,1.1%,1.2%
Dominican  Republic,Caribbean,2019,Q1,Upper middle income,Tourism & Services,Managed Float,No,"10,818,224 people","$8,222",35.4%,40.9%,2.10 million visitors,5.4%,7.3%,7.7%,7.6%,9.4%,47.2%,0.7%,(6.0%),97.1,44.5,6.1%,0.54,Yes,4.9%,2.6%,1.7%
Uruguay,South America,2023,Q1,High income,Agriculture & Agro-exports,Floating,No,"3,396,537 people","$17,163",35.9%,33.9%,0.38 million visitors,1.6%,(0.8%),7.0%,7.6%,7.7%,82.9%,(4.8%),3.0%,97.4,47.8,6.6%,1.59,No,..,1.8%,1.8%
PANAMA,Central America,2004,Q3,High income,Trade & Logistics,Pegged (Dollarized),Yes,"4,152,218 people","$14,972",30.9%,38.0%,2.03 million visitors,3.1%,..,2.4%,6.5%,6.9%,52.1%,0.4%,(5.6%),97.5,37.7,4.9%,0.45,No,..,4.5%,4.1%
 Guyana ,South America,2011,Q2,High income,Mining & Extractives,Floating,Yes,"861,546 people","$14,099",38.3%,50.9%,0.60 million visitors,0.5%,1.8%,7.5%,9.4%,6.9%,43.2%,(2.8%),(14.8%),99.7,32.3,5.2%,-0.31,No,..,11.0%,11.1%
guyana,South America,2015,Q1,High income,Mining & Extractives,Floating,No,"800,230 people","$14,536",40.2%,46.0%,0.42 million visitors,2.3%,6.1%,5.0%,9.9%,8.3%,35.3%,(4.0%),(6.4%),110.4,45.0,3.8%,-0.4,No,..,10.1%,10.2%
HONDURAS,Central America,2016,Q2,Lower middle income,Agriculture & Agro-exports,Floating,No,"9,504,574 people","$1,952",39.5%,48.2%,1.11 million visitors,3.0%,4.4%,4.8%,8.6%,4.9%,53.9%,(6.7%),(7.1%),87.0,46.2,..,-0.27,No,..,(0.3%),2.2%
JAMAICA,Caribbean,2017,Q1,Upper middle income,Tourism & Services,Floating,Yes,"2,780,233 people","$4,851",44.9%,57.3%,1.96 million visitors,7.0%,1.9%,6.8%,10.0%,8.1%,100.0%,(3.4%),(11.1%),109.6,42.4,4.3%,-0.13,No,..,(0.5%),(0.2%)
Trinidad  and  Tobago,Caribbean,2007,Q1,High income,Mining & Extractives,Floating,No,"1,379,148 people","$15,552",49.9%,49.8%,0.07 million visitors,0.5%,(1.3%),4.9%,7.1%,7.4%,62.7%,(1.9%),0.5%,89.0,22.2,3.7%,0.54,No,..,0.6%,(0.0%)
costa rica,Central America,2010,Q3,Upper middle income,Tourism & Services,Managed Float,No,"5,042,439 people","$11,889",37.6%,32.6%,3.27 million visitors,8.6%,(0.0%),4.7%,6.1%,6.2%,52.7%,(1.7%),6.3%,101.8,45.0,4.3%,1.25,No,..,4.6%,5.1%
 Dominican Republic ,Caribbean,2011,Q3,Upper middle income,Tourism & Services,Managed Float,No,"10,787,919 people","$7,316",24.6%,31.9%,2.53 million visitors,7.1%,1.4%,2.2%,4.6%,3.6%,47.6%,(2.7%),(7.8%),95.0,30.7,5.8%,-0.69,No,..,7.6%,5.8%
Belize,Central America,2004,Q4,Upper middle income,Tourism & Services,Pegged (Dollarized),No,"292,503 people","$5,065",33.4%,29.4%,..,8.2%,2.8%,6.0%,10.4%,10.3%,86.2%,(2.4%),1.8%,86.2,2.0,6.1%,-0.55,No,..,4.1%,2.8%
belize,Central America,2013,Q1,Upper middle income,Tourism & Services,Pegged (Dollarized),No,"430,923 people","$5,031",38.7%,54.0%,2.11 million visitors,8.1%,5.1%,4.7%,5.4%,7.0%,89.4%,(2.8%),(13.9%),84.9,6.5,5.8%,-0.11,No,..,7.0%,3.9%
DOMINICAN REPUBLIC,Caribbean,2021,Q1,Upper middle income,Tourism & Services,Managed Float,Yes,"10,818,438 people","$8,804",41.1%,32.2%,2.98 million visitors,7.6%,1.1%,4.3%,9.8%,5.6%,48.7%,(1.5%),8.5%,95.8,36.2,4.9%,-0.36,No,..,4.8%,4.0%
Panama,Central America,2023,Q2,High income,Trade & Logistics,Pegged (Dollarized),No,"4,203,815 people","$14,828",36.4%,55.9%,2.16 million visitors,5.3%,0.4%,3.0%,8.6%,5.4%,57.1%,(3.4%),(21.8%),94.3,42.9,4.0%,0.6,No,..,5.4%,4.6%
DOMINICAN REPUBLIC,Caribbean,2021,Q4,Upper middle income,Tourism & Services,Managed Float,Yes,"10,911,354 people","$9,417",37.7%,51.8%,3.44 million visitors,6.1%,2.9%,5.3%,9.4%,9.0%,48.7%,(7.7%),(14.0%),95.8,34.2,3.8%,0.17,No,..,3.3%,3.4%
DOMINICAN REPUBLIC,Caribbean,2014,Q1,Upper middle income,Tourism & Services,Managed Float,No,"10,837,965 people","$7,966",35.8%,44.7%,2.07 million visitors,8.6%,4.6%,0.4%,8.8%,2.3%,48.1%,(0.3%),(7.7%),94.5,36.6,4.2%,0.0,No,..,4.9%,4.9%
Guatemala,Central America,2009,Q1,Upper middle income,Agriculture & Agro-exports,Floating,No,"16,494,225 people","$3,857",40.8%,46.4%,0.57 million visitors,1.2%,3.2%,3.3%,5.6%,6.9%,36.2%,(7.1%),(4.9%),112.6,22.6,3.5%,-0.38,No,..,2.6%,2.9%
dominican republic,Caribbean,2017,Q1,Upper middle income,Tourism & Services,Managed Float,No,"10,827,535 people","$8,611",31.9%,41.2%,2.03 million visitors,9.7%,2.5%,3.2%,6.8%,3.7%,45.6%,(3.1%),(10.8%),95.9,44.7,6.0%,0.03,Yes,1.1%,7.3%,4.5%
 Uruguay ,South America,2013,Q3,High income,Agriculture & Agro-exports,Floating,No,"3,421,928 people","$17,349",44.3%,57.1%,0.05 million visitors,0.5%,2.1%,2.5%,8.8%,6.7%,71.0%,(2.8%),(12.8%),85.3,46.9,3.8%,0.78,No,..,0.8%,(0.2%)
 Trinidad and Tobago ,Caribbean,2003,Q3,High income,Mining & Extractives,Floating,No,"1,428,565 people","$16,805",36.5%,37.0%,0.45 million visitors,0.5%,4.1%,2.4%,3.2%,6.1%,59.0%,(6.3%),(1.2%),95.7,56.9,5.0%,-0.11,No,..,1.2%,2.3%
 Paraguay ,South America,2008,Q3,Upper middle income,Agriculture & Agro-exports,Managed Float,No,"6,754,931 people","$6,292",33.1%,31.3%,1.02 million visitors,2.1%,9.0%,7.3%,8.7%,8.5%,33.4%,(4.1%),1.1%,114.6,31.7,5.8%,-0.43,No,..,4.6%,3.3%
Bolivia,South America,2010,Q4,Lower middle income,Mining & Extractives,Managed Float,No,"11,476,097 people","$3,328",45.7%,57.4%,1.28 million visitors,0.5%,7.0%,2.5%,6.8%,4.8%,43.6%,(2.0%),(9.9%),89.6,23.8,4.4%,-0.55,No,..,(1.6%),(0.7%)
 Nicaragua ,Central America,2021,Q2,Lower middle income,Agriculture & Agro-exports,Managed Float,No,"6,505,744 people","$3,098",38.8%,34.3%,1.00 million visitors,1.8%,2.3%,7.4%,3.7%,9.5%,38.4%,(0.9%),5.1%,95.2,42.9,5.1%,-0.3,No,..,3.5%,2.9%
 Trinidad and Tobago ,Caribbean,2005,Q3,High income,Mining & Extractives,Floating,No,"1,423,686 people","$17,422",48.3%,41.1%,0.62 million visitors,3.3%,4.0%,4.0%,6.8%,5.8%,62.3%,(2.8%),5.9%,97.8,39.0,2.7%,0.59,No,..,1.4%,0.5%
Ecuador,South America,2019,Q4,Upper middle income,Mining & Extractives,Pegged (Dollarized),No,"17,486,680 people","$6,886",33.1%,41.2%,1.08 million visitors,0.5%,4.7%,7.5%,4.1%,10.5%,62.7%,(2.4%),(9.8%),81.8,21.8,5.5%,-0.54,No,..,0.3%,(0.2%)
EL SALVADOR,Central America,2013,Q2,Lower middle income,Manufacturing & Trade,Pegged (Dollarized),No,"6,263,444 people","$4,188",37.5%,38.6%,1.57 million visitors,1.5%,1.8%,7.1%,9.3%,8.1%,83.4%,(5.0%),(2.0%),91.2,42.5,5.1%,-0.16,No,..,3.7%,2.3%
ECUADOR,South America,2010,Q4,Upper middle income,Mining & Extractives,Pegged (Dollarized),No,"17,489,071 people","$7,136",40.1%,41.3%,1.81 million visitors,1.5%,5.6%,8.1%,6.7%,10.1%,66.7%,(1.3%),(0.8%),92.1,17.3,2.8%,-0.46,No,..,2.4%,1.9%
BELIZE,Central America,2006,Q4,Upper middle income,Tourism & Services,Pegged (Dollarized),No,"358,181 people","$5,064",32.4%,34.8%,2.83 million visitors,7.7%,6.2%,4.6%,11.4%,3.4%,88.1%,(4.7%),(2.4%),87.8,4.7,3.3%,-0.37,No,..,1.6%,(0.2%)
PARAGUAY,South America,2005,Q4,Upper middle income,Agriculture & Agro-exports,Managed Float,No,"6,732,931 people","$5,475",35.3%,38.4%,0.49 million visitors,1.1%,0.7%,5.9%,10.3%,8.2%,27.9%,(1.6%),(2.8%),104.2,38.0,3.6%,-0.36,No,..,4.5%,2.3%
BELIZE,Central America,2022,Q3,Upper middle income,Tourism & Services,Pegged (Dollarized),No,"380,842 people","$5,815",34.8%,27.9%,3.02 million visitors,4.6%,2.9%,4.2%,8.4%,6.1%,89.6%,(3.0%),5.4%,69.2,3.8,4.5%,0.01,No,..,3.7%,1.6%
Belize,Central America,2008,Q2,Upper middle income,Tourism & Services,Pegged (Dollarized),No,"337,502 people","$5,827",40.6%,46.3%,2.99 million visitors,9.5%,3.8%,4.0%,4.1%,7.4%,89.2%,(5.5%),(5.4%),84.5,21.0,4.6%,0.33,No,..,(0.4%),0.7%
Dominican Republic,Caribbean,2005,Q1,Upper middle income,Tourism & Services,Managed Float,No,"10,786,423 people","$7,067",24.7%,25.3%,2.89 million visitors,5.3%,6.3%,3.0%,9.3%,4.5%,50.3%,(6.8%),0.5%,94.3,42.6,6.7%,-0.59,No,..,4.1%,3.4%
Guyana,South America,2022,Q2,High income,Mining & Extractives,Floating,No,"844,572 people","$13,223",40.5%,48.8%,0.81 million visitors,0.5%,3.0%,9.0%,5.3%,11.0%,41.9%,(4.2%),(6.3%),105.5,44.2,3.1%,-0.55,Yes,0.7%,12.7%,11.1%
Nicaragua,Central America,2010,Q1,Lower middle income,Agriculture & Agro-exports,Managed Float,No,"6,554,947 people","$1,976",44.6%,50.6%,0.19 million visitors,0.5%,0.1%,5.4%,11.3%,8.0%,37.3%,(7.8%),(6.8%),99.9,47.0,6.4%,-1.14,No,..,0.1%,1.0%
PANAMA,Central America,2021,Q4,High income,Trade & Logistics,Pegged (Dollarized),Yes,"4,246,956 people","$15,501",30.5%,37.5%,1.16 million visitors,4.5%,0.5%,6.2%,4.1%,8.5%,61.4%,(5.1%),(6.0%),94.3,17.1,5.1%,0.18,No,..,1.7%,1.6%
NICARAGUA,Central America,2008,Q3,Lower middle income,Agriculture & Agro-exports,Managed Float,No,"6,461,683 people","$1,865",44.3%,52.7%,0.05 million visitors,3.2%,(0.0%),2.8%,6.3%,6.7%,39.0%,(2.2%),(8.5%),95.8,47.9,4.3%,-0.99,No,..,(0.5%),0.7%
Paraguay,South America,2018,Q2,Upper middle income,Agriculture & Agro-exports,Managed Float,No,"6,776,860 people","$5,979",32.3%,48.7%,0.68 million visitors,1.0%,1.4%,4.3%,2.6%,4.5%,29.4%,(3.8%),(17.5%),125.0,46.6,4.3%,-0.55,No,..,2.0%,3.0%
 Bolivia ,South America,2015,Q3,Lower middle income,Mining & Extractives,Managed Float,No,"11,466,664 people","$3,256",41.3%,49.4%,1.11 million visitors,0.5%,0.4%,4.2%,4.1%,5.7%,47.9%,(4.0%),(7.8%),93.8,27.2,4.0%,0.04,No,..,1.6%,2.5%
GUYANA,South America,2006,Q3,High income,Mining & Extractives,Floating,No,"736,470 people","$14,071",45.2%,55.5%,0.15 million visitors,0.5%,2.8%,5.3%,6.4%,6.8%,37.3%,(6.2%),(9.4%),102.3,30.2,3.1%,-0.43,No,..,12.6%,10.3%
GUYANA,South America,2015,Q4,High income,Mining & Extractives,Floating,No,"831,448 people","$13,896",40.0%,51.7%,1.66 million visitors,0.5%,3.5%,5.3%,5.7%,5.8%,35.3%,(0.8%),(9.8%),110.4,32.3,3.7%,0.05,No,..,9.7%,10.9%
Nicaragua,Central America,2018,Q2,Lower middle income,Agriculture & Agro-exports,Managed Float,No,"6,425,111 people","$3,030",34.7%,45.9%,2.09 million visitors,0.5%,5.4%,4.8%,7.5%,5.6%,41.5%,(4.0%),(11.6%),105.4,33.4,3.7%,-1.45,No,..,2.5%,1.5%
 Ecuador ,South America,2010,Q1,Upper middle income,Mining & Extractives,Pegged (Dollarized),No,"17,551,730 people","$5,995",41.7%,57.6%,1.28 million visitors,2.6%,3.9%,6.4%,5.3%,8.8%,66.7%,(1.2%),(17.4%),92.1,19.5,5.2%,-0.64,No,..,2.3%,2.2%
 Trinidad and Tobago ,Caribbean,2009,Q3,High income,Mining & Extractives,Floating,No,"1,425,132 people","$14,879",40.6%,45.2%,0.24 million visitors,0.5%,0.1%,5.6%,9.1%,7.2%,62.9%,0.5%,(4.0%),95.5,30.9,4.5%,0.42,No,..,1.0%,1.6%
Guatemala,Central America,2016,Q3,Upper middle income,Agriculture & Agro-exports,Floating,No,"16,438,428 people","$5,126",39.4%,22.4%,0.91 million visitors,0.5%,3.5%,9.4%,4.2%,10.9%,44.8%,(0.1%),17.2%,115.8,45.3,5.1%,-0.68,No,..,1.9%,2.9%
Paraguay,South America,2012,Q1,Upper middle income,Agriculture & Agro-exports,Managed Float,No,"6,815,225 people","$6,909",34.4%,35.8%,0.80 million visitors,2.6%,2.7%,3.6%,10.0%,6.2%,29.9%,(2.8%),(1.2%),114.8,36.9,5.4%,0.23,No,..,3.8%,2.2%
Belize,Central America,2003,Q1,Upper middle income,Tourism & Services,Pegged (Dollarized),No,"408,007 people","$5,110",31.7%,29.7%,3.86 million visitors,5.8%,2.6%,6.5%,6.8%,9.3%,86.7%,(5.7%),1.0%,94.2,8.1,4.8%,-0.57,No,..,0.3%,(0.3%)
Guyana,South America,2015,Q3,High income,Mining & Extractives,Floating,No,"784,469 people","$12,574",40.1%,43.6%,0.05 million visitors,1.5%,3.4%,7.6%,6.7%,9.6%,35.3%,(2.2%),(4.1%),110.4,33.9,5.4%,-0.57,No,..,10.9%,11.3%
jamaica,Caribbean,2018,Q1,Upper middle income,Tourism & Services,Floating,No,"2,857,966 people","$5,572",42.0%,40.8%,4.03 million visitors,6.7%,3.2%,7.4%,5.1%,10.1%,98.4%,(0.9%),1.8%,112.9,25.1,3.8%,-0.72,No,..,0.8%,0.1%
 Uruguay ,South America,2013,Q1,High income,Agriculture & Agro-exports,Floating,No,"3,331,353 people","$16,621",34.6%,45.4%,0.82 million visitors,2.0%,6.3%,6.7%,11.0%,8.5%,71.0%,(6.9%),(10.3%),85.3,35.8,3.3%,0.5,No,..,0.9%,1.0%
Ecuador,South America,2006,Q2,Upper middle income,Mining & Extractives,Pegged (Dollarized),No,"17,554,448 people","$5,843",48.2%,56.4%,1.23 million visitors,1.7%,2.6%,4.8%,4.4%,6.7%,59.5%,(4.3%),(6.2%),104.6,10.5,3.6%,-1.09,No,..,(0.7%),0.2%
BELIZE,Central America,2016,Q3,Upper middle income,Tourism & Services,Pegged (Dollarized),No,"384,358 people","$5,658",38.4%,46.7%,2.23 million visitors,4.5%,5.6%,5.1%,6.6%,7.2%,89.1%,(1.4%),(8.5%),82.6,18.6,4.7%,-0.41,No,..,2.4%,2.0%
Bolivia,South America,2014,Q1,Lower middle income,Mining & Extractives,Managed Float,No,"11,438,930 people","$3,365",41.5%,39.4%,0.62 million visitors,1.9%,5.7%,3.6%,6.9%,4.9%,47.1%,(4.9%),3.9%,91.7,13.3,4.5%,-0.06,No,..,5.7%,3.2%
 Uruguay ,South America,2021,Q2,High income,Agriculture & Agro-exports,Floating,No,"3,432,672 people","$16,655",32.7%,33.8%,1.13 million visitors,4.4%,4.9%,4.0%,9.4%,6.8%,81.0%,(3.8%),(0.1%),92.4,51.0,3.6%,1.51,No,..,2.6%,1.8%
Guyana,South America,2009,Q3,High income,Mining & Extractives,Floating,No,"829,375 people","$14,283",41.9%,39.8%,0.74 million visitors,0.5%,4.9%,9.4%,9.8%,10.0%,36.7%,(4.3%),3.1%,101.1,30.0,3.6%,-0.41,No,..,9.7%,9.5%
Ecuador,South America,2018,Q1,Upper middle income,Mining & Extractives,Pegged (Dollarized),No,"17,538,030 people","$6,763",35.3%,53.2%,0.67 million visitors,2.4%,5.9%,4.9%,8.6%,5.8%,65.3%,(3.0%),(17.1%),77.1,15.6,4.1%,-0.85,No,..,2.3%,(0.3%)
Nicaragua,Central America,2006,Q4,Lower middle income,Agriculture & Agro-exports,Managed Float,No,"6,479,004 people","$2,101",39.1%,45.2%,0.05 million visitors,6.7%,3.8%,6.9%,4.3%,8.5%,38.2%,0.6%,(6.8%),95.0,26.9,3.9%,-1.39,No,..,0.6%,1.1%
uruguay,South America,2007,Q1,High income,Agriculture & Agro-exports,Floating,No,"3,404,296 people","$16,595",36.6%,53.6%,0.63 million visitors,4.2%,1.7%,7.1%,1.7%,6.8%,62.2%,(4.0%),(18.1%),93.6,35.6,5.1%,1.08,No,..,3.0%,3.5%
 Nicaragua ,Central America,2019,Q3,Lower middle income,Agriculture & Agro-exports,Managed Float,No,"6,522,932 people","$3,429",40.7%,40.2%,0.25 million visitors,1.2%,7.4%,5.5%,10.4%,8.6%,41.1%,(2.9%),(1.1%),102.2,22.9,..,-1.68,No,..,2.4%,0.8%
Costa Rica,Central America,2007,Q1,Upper middle income,Tourism & Services,Managed Float,No,"5,008,658 people","$12,549",38.2%,48.1%,2.63 million visitors,7.6%,3.0%,4.7%,8.5%,5.2%,50.1%,(3.5%),(9.3%),101.2,51.1,6.4%,0.36,No,..,1.0%,2.5%
URUGUAY,South America,2015,Q4,High income,Agriculture & Agro-exports,Floating,No,"3,390,629 people","$17,240",30.5%,36.2%,1.26 million visitors,3.0%,4.3%,2.7%,4.4%,6.1%,76.1%,(0.1%),(5.9%),85.8,46.7,3.7%,1.18,No,..,1.5%,1.2%
El Salvador,Central America,2006,Q1,Lower middle income,Manufacturing & Trade,Pegged (Dollarized),Yes,"6,323,050 people","$4,904",36.8%,42.9%,0.68 million visitors,4.9%,5.5%,7.9%,11.0%,11.9%,72.9%,(0.7%),(5.7%),107.6,30.7,4.2%,-0.44,No,..,2.3%,0.6%
 Trinidad and Tobago ,Caribbean,2008,Q1,High income,Mining & Extractives,Floating,No,"1,445,160 people","$17,019",41.2%,38.8%,1.29 million visitors,0.5%,0.1%,3.8%,12.1%,4.9%,62.7%,(4.7%),2.4%,93.4,24.3,4.1%,-0.0,No,..,(0.4%),(1.0%)
Nicaragua,Central America,2012,Q3,Lower middle income,Agriculture & Agro-exports,Managed Float,No,"6,507,094 people","$1,719",36.4%,48.8%,1.42 million visitors,0.5%,3.2%,7.2%,11.7%,9.5%,39.2%,(4.3%),(13.1%),102.7,36.6,4.1%,-1.48,No,..,1.4%,1.5%
Nicaragua,Central America,2011,Q2,Lower middle income,Agriculture & Agro-exports,Managed Float,No,"6,572,369 people","$2,911",31.7%,38.7%,0.17 million visitors,1.7%,2.4%,2.8%,10.5%,5.3%,38.8%,(6.5%),(8.7%),103.9,38.4,4.8%,-1.27,Yes,2.8%,3.1%,1.5%
JAMAICA,Caribbean,2015,Q3,Upper middle income,Tourism & Services,Floating,No,"2,851,536 people","$6,379",32.3%,34.8%,2.88 million visitors,10.4%,..,4.4%,5.4%,6.3%,97.5%,(2.7%),(2.8%),117.2,44.6,3.7%,-0.37,No,..,3.6%,2.3%
PARAGUAY,South America,2010,Q1,Upper middle income,Agriculture & Agro-exports,Managed Float,Yes,"6,794,428 people","$5,249",32.9%,37.0%,0.05 million visitors,3.2%,8.1%,4.9%,6.9%,7.0%,32.4%,(6.0%),(4.4%),112.3,40.1,4.7%,0.26,No,..,2.3%,4.6%
 Paraguay ,South America,2019,Q3,Upper middle income,Agriculture & Agro-exports,Managed Float,No,"6,866,737 people","$6,390",40.7%,39.9%,0.71 million visitors,0.5%,2.3%,4.1%,7.8%,8.1%,27.3%,(1.6%),0.5%,126.2,53.5,4.5%,0.39,No,..,1.2%,2.1%
 Panama ,Central America,2004,Q2,High income,Trade & Logistics,Pegged (Dollarized),No,"4,157,799 people","$15,436",34.6%,39.2%,1.27 million visitors,4.8%,(2.1%),5.8%,11.8%,6.3%,52.1%,(1.9%),(5.0%),97.5,21.4,3.8%,0.64,No,..,6.0%,3.9%
honduras,Central America,2022,Q2,Lower middle income,Agriculture & Agro-exports,Floating,No,"9,532,401 people","$2,604",43.9%,56.2%,0.47 million visitors,0.9%,2.5%,8.4%,9.9%,11.8%,61.6%,(3.7%),(14.6%),105.3,23.5,4.6%,-0.1,No,..,3.4%,3.2%
el salvador,Central America,2011,Q4,Lower middle income,Manufacturing & Trade,Pegged (Dollarized),Yes,"6,331,377 people","$3,983",40.1%,46.3%,1.31 million visitors,4.0%,5.4%,5.0%,5.9%,6.2%,78.4%,(4.7%),(7.1%),94.9,2.0,4.6%,-0.58,No,..,1.9%,1.0%
 Guyana ,South America,2016,Q4,High income,Mining & Extractives,Floating,No,"823,907 people","$13,890",49.1%,46.7%,0.73 million visitors,0.5%,4.3%,5.6%,6.7%,8.3%,38.2%,(5.5%),2.4%,110.0,35.8,5.6%,-0.03,No,..,11.8%,11.3%
 Dominican Republic ,Caribbean,2017,Q4,Upper middle income,Tourism & Services,Managed Float,No,"10,755,714 people","$7,339",36.6%,34.8%,1.80 million visitors,7.1%,4.5%,2.5%,8.4%,2.7%,45.6%,(3.8%),2.2%,95.9,20.7,5.9%,0.35,No,..,3.9%,4.2%
 Honduras ,Central America,2023,Q4,Lower middle income,Agriculture & Agro-exports,Floating,No,"9,523,308 people","$3,538",39.7%,42.8%,0.62 million visitors,5.2%,5.0%,5.9%,9.3%,8.1%,58.6%,(2.3%),(3.4%),101.5,39.9,3.4%,-0.91,No,..,4.0%,3.9%
GUATEMALA,Central America,2019,Q4,Upper middle income,Agriculture & Agro-exports,Floating,No,"16,507,871 people","$4,803",44.3%,54.6%,1.11 million visitors,1.1%,6.3%,1.8%,5.8%,2.3%,47.3%,(1.4%),(10.5%),105.2,48.0,5.0%,-1.03,No,..,3.1%,1.9%
HONDURAS,Central America,2019,Q2,Lower middle income,Agriculture & Agro-exports,Floating,No,"9,549,757 people","$2,725",38.6%,35.5%,1.08 million visitors,1.7%,4.7%,5.5%,5.5%,8.9%,57.3%,(7.2%),3.1%,103.9,41.3,..,-0.34,Yes,0.9%,1.1%,1.9%
guatemala,Central America,2007,Q2,Upper middle income,Agriculture & Agro-exports,Floating,No,"16,449,911 people","$4,610",40.0%,44.9%,0.05 million visitors,0.5%,(1.3%),4.9%,9.1%,7.4%,37.4%,0.0%,(5.4%),108.5,37.2,6.3%,-0.9,No,..,(1.6%),1.0%
 Costa Rica ,Central America,2016,Q3,Upper middle income,Tourism & Services,Managed Float,No,"5,038,763 people","$13,246",33.9%,43.6%,4.20 million visitors,9.6%,0.6%,4.4%,5.3%,7.6%,53.5%,(2.7%),(9.3%),83.6,36.5,6.3%,1.06,No,..,6.7%,5.1%
Guyana,South America,2007,Q3,High income,Mining & Extractives,Floating,No,"837,794 people","$15,252",41.0%,63.7%,0.05 million visitors,1.1%,5.1%,6.9%,8.0%,10.1%,36.6%,0.4%,(22.6%),98.1,30.0,..,-0.39,No,..,7.2%,9.3%
Bolivia,South America,2013,Q2,Lower middle income,Mining & Extractives,Managed Float,No,"11,404,646 people","$3,756",30.2%,27.7%,1.13 million visitors,5.3%,2.0%,6.3%,8.9%,6.7%,48.8%,(4.3%),1.9%,88.6,34.6,5.0%,-0.23,Yes,3.7%,0.1%,0.2%
Paraguay,South America,2012,Q3,Upper middle income,Agriculture & Agro-exports,Managed Float,No,"6,769,336 people","$6,600",39.7%,43.2%,0.05 million visitors,0.5%,3.3%,4.3%,13.8%,8.5%,29.9%,(2.7%),(3.8%),114.8,24.2,4.5%,0.06,No,..,2.2%,0.9%
DOMINICAN REPUBLIC,Caribbean,2010,Q3,Upper middle income,Tourism & Services,Managed Float,No,"10,684,310 people","$8,485",40.5%,47.6%,0.24 million visitors,5.8%,(2.4%),4.3%,9.1%,5.1%,48.1%,2.1%,(5.5%),95.2,18.2,2.7%,0.08,No,..,0.7%,2.8%
Dominican  Republic,Caribbean,2017,Q3,Upper middle income,Tourism & Services,Managed Float,No,"10,841,992 people","$8,399",32.0%,38.9%,2.11 million visitors,6.5%,4.8%,3.2%,8.4%,7.8%,45.6%,(5.4%),(5.9%),95.9,42.8,6.3%,-0.12,No,..,5.3%,5.8%
Jamaica,Caribbean,2012,Q2,Upper middle income,Tourism & Services,Floating,No,"2,833,225 people","$5,395",23.0%,22.8%,3.62 million visitors,6.4%,6.0%,3.9%,7.5%,5.4%,93.6%,(2.3%),(1.4%),112.1,27.9,2.3%,-0.4,No,..,(1.4%),0.2%
HONDURAS,Central America,2021,Q1,Lower middle income,Agriculture & Agro-exports,Floating,No,"9,446,205 people","$1,875",38.8%,45.0%,1.38 million visitors,0.8%,1.1%,6.7%,7.8%,9.0%,59.7%,(2.7%),(7.5%),107.7,28.0,5.7%,-0.05,No,..,0.8%,2.4%
COSTA RICA,Central America,2014,Q4,Upper middle income,Tourism & Services,Managed Float,No,"4,965,389 people","$12,461",24.6%,29.6%,2.38 million visitors,7.9%,1.4%,6.1%,11.4%,9.8%,51.7%,(3.9%),(5.3%),89.2,46.2,4.5%,0.86,No,..,4.3%,3.5%
Belize,Central America,2020,Q2,Upper middle income,Tourism & Services,Pegged (Dollarized),No,"472,972 people","$5,192",35.1%,37.0%,2.49 million visitors,6.9%,2.7%,5.8%,5.8%,7.6%,89.9%,(2.7%),(0.2%),69.0,12.2,5.9%,0.09,No,..,0.4%,(1.1%)
Guyana,South America,2014,Q1,High income,Mining & Extractives,Floating,No,"799,614 people","$13,683",40.9%,46.7%,0.58 million visitors,0.8%,6.4%,6.6%,6.1%,12.5%,38.0%,(5.9%),(5.7%),107.0,56.5,6.1%,-0.1,No,..,11.8%,11.6%
Dominican Republic,Caribbean,2006,Q4,Upper middle income,Tourism & Services,Managed Float,No,"10,798,513 people","$9,425",32.0%,39.3%,2.23 million visitors,7.1%,6.2%,3.6%,3.1%,5.4%,49.1%,(6.2%),(6.4%),96.3,29.8,3.1%,0.02,No,..,4.2%,5.7%
nicaragua,Central America,2009,Q2,Lower middle income,Agriculture & Agro-exports,Managed Float,No,"6,482,495 people","$1,633",43.9%,50.7%,0.65 million visitors,1.9%,4.5%,8.2%,9.8%,11.8%,37.2%,(2.5%),(6.8%),98.4,54.5,5.6%,-0.57,No,..,1.7%,1.2%
ecuador,South America,2005,Q1,Upper middle income,Mining & Extractives,Pegged (Dollarized),No,"17,513,327 people","$5,760",40.5%,50.4%,0.06 million visitors,1.8%,4.6%,6.0%,8.3%,7.9%,59.1%,0.5%,(10.9%),101.6,2.0,4.5%,-1.15,No,..,0.3%,(0.3%)
 Guyana ,South America,2012,Q3,High income,Mining & Extractives,Floating,No,"770,705 people","$13,158",42.0%,52.7%,0.45 million visitors,0.9%,3.3%,5.4%,6.8%,7.0%,40.7%,(4.1%),(12.3%),106.1,12.0,4.9%,0.21,No,..,12.8%,11.6%
 Paraguay ,South America,2023,Q3,Upper middle income,Agriculture & Agro-exports,Managed Float,No,"6,864,684 people","$6,190",37.5%,39.8%,0.29 million visitors,0.5%,5.4%,3.1%,5.9%,4.7%,29.7%,(3.7%),(2.6%),123.4,37.4,4.3%,-0.48,No,..,1.0%,4.0%
panama,Central America,2008,Q2,High income,Trade & Logistics,Pegged (Dollarized),No,"4,219,852 people","$15,894",29.9%,32.1%,1.48 million visitors,3.9%,4.6%,4.6%,7.7%,6.6%,51.2%,(0.4%),(2.6%),104.2,18.9,5.2%,0.24,No,..,3.6%,3.7%
 Honduras ,Central America,2004,Q3,Lower middle income,Agriculture & Agro-exports,Floating,No,"9,554,863 people","$2,839",33.6%,43.2%,0.05 million visitors,3.7%,(0.8%),6.5%,9.4%,6.8%,47.3%,(5.8%),(8.5%),97.5,31.0,3.5%,-1.06,Yes,4.8%,1.6%,0.4%
NICARAGUA,Central America,2021,Q3,Lower middle income,Agriculture & Agro-exports,Managed Float,No,"6,559,643 people","$2,777",43.9%,46.6%,1.46 million visitors,0.5%,7.9%,4.7%,8.7%,5.8%,38.4%,(2.6%),(2.5%),95.2,18.9,4.3%,-1.24,No,..,1.7%,1.7%
uruguay,South America,2013,Q4,High income,Agriculture & Agro-exports,Floating,No,"3,425,623 people","$17,036",29.1%,25.9%,1.07 million visitors,3.3%,5.2%,6.0%,8.6%,6.3%,71.0%,(2.6%),3.6%,85.3,21.1,3.6%,1.36,No,..,2.4%,2.9%
Guatemala,Central America,2016,Q2,Upper middle income,Agriculture & Agro-exports,Floating,No,"16,438,842 people","$5,271",32.2%,41.2%,1.18 million visitors,1.4%,1.6%,3.6%,4.4%,5.8%,44.8%,(4.7%),(7.5%),115.8,27.7,5.0%,0.09,Yes,1.0%,0.1%,2.0%
belize,Central America,2004,Q2,Upper middle income,Tourism & Services,Pegged (Dollarized),No,"404,581 people","$4,499",31.3%,36.7%,1.72 million visitors,6.8%,5.6%,1.9%,9.9%,1.9%,86.2%,(2.5%),(6.6%),86.2,25.3,4.7%,-0.16,No,..,3.2%,1.9%
NICARAGUA,Central America,2016,Q3,Lower middle income,Agriculture & Agro-exports,Managed Float,No,"6,493,057 people","$1,374",33.6%,38.3%,0.09 million visitors,1.3%,2.1%,7.6%,7.1%,8.5%,37.7%,(3.7%),(3.3%),104.5,30.6,3.6%,-0.45,No,..,4.2%,2.9%
Belize,Central America,2018,Q1,Upper middle income,Tourism & Services,Pegged (Dollarized),No,"373,106 people","$5,314",47.9%,57.9%,2.20 million visitors,7.5%,3.4%,7.0%,5.9%,8.2%,90.2%,(4.8%),(9.6%),66.0,23.5,4.9%,-0.71,No,..,1.3%,2.5%
 Belize ,Central America,2023,Q1,Upper middle income,Tourism & Services,Pegged (Dollarized),Yes,"429,044 people","$4,594",36.3%,34.8%,3.40 million visitors,6.7%,6.6%,8.2%,9.8%,11.4%,89.4%,(2.3%),1.2%,69.4,6.3,4.4%,-0.22,Yes,1.9%,1.7%,1.0%
GUATEMALA,Central America,2019,Q1,Upper middle income,Agriculture & Agro-exports,Floating,No,"16,491,848 people","$5,047",39.2%,51.0%,0.72 million visitors,0.5%,(2.0%),1.2%,9.1%,1.9%,47.3%,(3.5%),(11.8%),105.2,51.9,5.4%,-1.07,No,..,2.0%,1.0%
Paraguay,South America,2015,Q2,Upper middle income,Agriculture & Agro-exports,Managed Float,No,"6,894,801 people","$5,851",37.8%,30.9%,0.05 million visitors,1.8%,2.4%,2.2%,9.4%,4.5%,32.4%,(2.2%),7.8%,118.4,11.9,4.1%,0.16,No,..,4.6%,3.0%
Panama,Central America,2006,Q2,High income,Trade & Logistics,Pegged (Dollarized),No,"4,213,736 people","$14,537",28.5%,32.5%,1.62 million visitors,6.2%,2.6%,7.1%,9.1%,8.9%,51.4%,(1.3%),(4.4%),102.2,22.4,5.1%,1.07,Yes,1.2%,4.9%,4.2%
honduras,Central America,2017,Q1,Lower middle income,Agriculture & Agro-exports,Floating,No,"9,395,643 people","$2,655",35.2%,41.0%,0.75 million visitors,2.0%,4.8%,6.0%,6.3%,7.2%,53.7%,(1.7%),(5.6%),92.4,38.8,3.6%,-1.24,No,..,0.2%,(0.0%)
TRINIDAD AND TOBAGO,Caribbean,2021,Q2,High income,Mining & Extractives,Floating,Yes,"1,348,694 people","$15,726",42.8%,46.7%,0.83 million visitors,1.8%,4.6%,8.3%,6.6%,8.5%,69.7%,(2.3%),(4.9%),97.3,30.5,3.2%,0.41,No,..,2.8%,3.3%
costa rica,Central America,2013,Q2,Upper middle income,Tourism & Services,Managed Float,No,"5,025,631 people","$11,793",39.7%,48.6%,3.95 million visitors,6.4%,(0.9%),2.9%,6.2%,4.8%,51.3%,(5.2%),(10.0%),92.8,22.1,4.8%,0.02,No,..,5.0%,4.1%
Bolivia,South America,2006,Q2,Lower middle income,Mining & Extractives,Managed Float,No,"11,471,122 people","$4,064",34.7%,35.9%,0.33 million visitors,0.5%,2.0%,5.0%,5.9%,7.0%,40.4%,(3.8%),(0.4%),96.5,28.4,3.5%,0.07,No,..,2.4%,1.6%
trinidad and tobago,Caribbean,2011,Q3,High income,Mining & Extractives,Floating,No,"1,414,545 people","$16,930",43.1%,48.3%,1.06 million visitors,0.5%,10.0%,2.7%,8.8%,6.4%,62.8%,(3.3%),(4.3%),92.1,56.7,4.0%,0.31,No,..,(1.9%),(0.8%)
 Uruguay ,South America,2017,Q3,High income,Agriculture & Agro-exports,Floating,No,"3,454,149 people","$16,731",30.1%,38.5%,0.32 million visitors,3.7%,(2.7%),5.5%,4.7%,9.1%,79.9%,(5.6%),(6.7%),90.5,32.2,4.8%,1.14,No,..,2.4%,1.8%
JAMAICA,Caribbean,2011,Q2,Upper middle income,Tourism & Services,Floating,No,"2,754,108 people","$5,046",28.1%,35.3%,3.54 million visitors,6.8%,5.6%,3.5%,9.1%,5.2%,95.0%,(4.3%),(7.7%),109.4,20.5,4.5%,0.28,No,..,2.9%,0.7%
Paraguay,South America,2016,Q4,Upper middle income,Agriculture & Agro-exports,Managed Float,No,"6,821,421 people","$6,975",29.7%,44.5%,1.10 million visitors,3.3%,(1.7%),1.5%,5.9%,2.8%,30.0%,(2.4%),(16.0%),123.7,21.6,4.5%,-0.04,No,..,2.9%,4.0%
nicaragua,Central America,2009,Q4,Lower middle income,Agriculture & Agro-exports,Managed Float,No,"6,553,100 people","$1,311",40.6%,51.1%,1.09 million visitors,3.7%,3.9%,5.7%,12.6%,5.8%,37.2%,(2.3%),(8.3%),98.4,56.5,4.2%,-1.29,No,..,2.3%,2.7%
GUATEMALA,Central America,2021,Q3,Upper middle income,Agriculture & Agro-exports,Floating,No,"16,505,190 people","$5,347",35.7%,44.7%,0.05 million visitors,0.5%,2.5%,5.6%,12.3%,7.4%,45.3%,(0.4%),(10.1%),100.1,41.9,3.8%,-0.67,No,..,(0.1%),0.7%
PANAMA,Central America,2009,Q4,High income,Trade & Logistics,Pegged (Dollarized),No,"4,301,646 people","$15,261",32.2%,37.7%,0.47 million visitors,4.4%,5.4%,10.8%,4.4%,14.1%,52.8%,0.3%,(6.5%),108.3,10.9,4.5%,0.98,Yes,1.4%,4.1%,5.0%
URUGUAY,South America,2016,Q4,High income,Agriculture & Agro-exports,Floating,No,"3,477,142 people","$16,198",25.9%,30.1%,0.21 million visitors,1.6%,0.9%,4.9%,4.8%,5.5%,77.7%,(2.2%),(5.4%),88.2,22.8,5.1%,1.05,No,..,0.3%,0.8%
 Guyana ,South America,2023,Q3,High income,Mining & Extractives,Floating,No,"840,868 people","$13,051",39.5%,32.4%,0.05 million visitors,0.5%,..,5.5%,9.3%,6.8%,43.8%,(1.0%),7.6%,114.0,35.3,4.3%,-0.39,No,..,12.4%,12.0%
 El Salvador ,Central America,2019,Q3,Lower middle income,Manufacturing & Trade,Pegged (Dollarized),No,"6,231,508 people","$3,885",30.0%,45.5%,0.99 million visitors,1.7%,6.9%,5.7%,1.8%,5.8%,81.6%,(1.2%),(15.7%),98.4,20.4,2.8%,-0.93,No,..,4.5%,3.3%
Costa  Rica,Central America,2019,Q4,Upper middle income,Tourism & Services,Managed Float,No,"4,969,042 people","$12,343",32.0%,34.5%,2.67 million visitors,8.6%,4.0%,7.7%,8.7%,9.0%,54.3%,(0.5%),(4.2%),87.4,33.9,5.0%,0.39,No,..,4.1%,4.5%
Trinidad and Tobago,Caribbean,2014,Q1,High income,Mining & Extractives,Floating,No,"1,395,663 people","$17,042",45.8%,45.5%,0.69 million visitors,1.5%,6.2%,7.1%,7.2%,9.2%,61.4%,(0.7%),(0.6%),85.7,45.2,4.1%,0.72,No,..,2.4%,0.3%
ECUADOR,South America,2012,Q4,Upper middle income,Mining & Extractives,Pegged (Dollarized),No,"17,520,651 people","$5,296",42.5%,52.5%,0.57 million visitors,3.0%,(0.2%),3.9%,7.9%,6.7%,67.3%,(4.3%),(12.6%),94.2,2.0,4.5%,-0.78,No,..,1.4%,(0.1%)
Jamaica,Caribbean,2008,Q3,Upper middle income,Tourism & Services,Floating,No,"2,816,103 people","$5,311",32.8%,47.9%,1.43 million visitors,7.0%,2.3%,7.7%,6.2%,8.3%,96.3%,(2.9%),(15.2%),113.0,20.9,3.5%,0.21,No,..,(0.0%),1.3%
ECUADOR,South America,2020,Q3,Upper middle income,Mining & Extractives,Pegged (Dollarized),No,"17,500,706 people","$5,700",42.7%,48.3%,0.89 million visitors,1.4%,3.4%,7.8%,3.6%,10.6%,64.8%,(5.9%),(4.7%),76.3,16.1,5.2%,-0.62,No,..,1.6%,0.1%
bolivia,South America,2018,Q3,Lower middle income,Mining & Extractives,Managed Float,No,"11,562,526 people","$3,488",43.1%,45.2%,0.42 million visitors,4.0%,4.9%,4.7%,2.5%,5.3%,49.3%,(0.4%),(0.7%),87.2,27.2,6.3%,-0.26,No,..,2.0%,3.8%
NICARAGUA,Central America,2020,Q3,Lower middle income,Agriculture & Agro-exports,Managed Float,No,"6,445,691 people","$2,881",36.7%,46.9%,0.15 million visitors,2.4%,..,3.9%,4.9%,3.8%,39.6%,(2.2%),(9.8%),100.2,39.3,4.8%,-1.04,No,..,3.9%,3.5%
 Belize ,Central America,2023,Q4,Upper middle income,Tourism & Services,Pegged (Dollarized),No,"338,480 people","$6,251",30.0%,24.6%,2.99 million visitors,5.2%,2.6%,4.9%,7.1%,6.7%,89.4%,(3.5%),7.0%,69.4,11.5,..,0.01,No,..,2.0%,2.8%
 Bolivia ,South America,2006,Q3,Lower middle income,Mining & Extractives,Managed Float,No,"11,501,259 people","$3,554",39.2%,34.8%,1.29 million visitors,2.0%,3.8%,9.4%,8.2%,10.3%,40.4%,(2.2%),4.3%,96.5,46.0,3.0%,-0.73,No,..,1.2%,0.3%
GUYANA,South America,2006,Q1,High income,Mining & Extractives,Floating,No,"829,170 people","$14,709",49.5%,59.1%,0.32 million visitors,0.5%,4.1%,4.6%,3.8%,6.5%,37.3%,(2.5%),(10.5%),102.3,31.3,5.5%,-0.53,No,..,11.7%,12.0%
 Trinidad and Tobago ,Caribbean,2008,Q4,High income,Mining & Extractives,Floating,No,"1,402,345 people","$16,345",43.1%,48.3%,1.08 million visitors,0.5%,2.4%,10.0%,8.0%,13.6%,62.7%,(0.1%),(5.0%),93.4,5.4,4.1%,0.1,No,..,(1.3%),0.1%
Costa Rica,Central America,2023,Q3,Upper middle income,Tourism & Services,Managed Float,No,"5,033,716 people","$12,674",33.0%,36.3%,3.34 million visitors,4.3%,6.9%,5.6%,5.7%,9.3%,54.1%,(3.2%),(1.8%),93.1,19.1,3.9%,1.11,No,..,3.5%,4.0%
Belize,Central America,2014,Q2,Upper middle income,Tourism & Services,Pegged (Dollarized),No,"409,426 people","$5,276",38.8%,51.3%,..,5.4%,6.8%,4.4%,9.9%,5.3%,91.3%,(3.0%),(13.0%),90.3,2.0,5.2%,-0.5,No,..,(1.8%),0.2%
URUGUAY,South America,2022,Q1,High income,Agriculture & Agro-exports,Floating,Yes,"3,357,541 people","$17,377",36.4%,34.5%,1.39 million visitors,0.5%,3.2%,2.3%,5.7%,4.5%,82.1%,(2.7%),(0.0%),95.9,29.1,6.5%,1.29,No,..,1.7%,2.0%
 Honduras ,Central America,2003,Q3,Lower middle income,Agriculture & Agro-exports,Floating,No,"9,532,482 people","$2,914",32.3%,28.8%,1.96 million visitors,0.6%,5.0%,7.0%,5.7%,9.0%,45.6%,(2.8%),3.8%,97.3,24.3,3.7%,-0.84,No,..,(0.6%),0.9%
Guatemala,Central America,2004,Q1,Upper middle income,Agriculture & Agro-exports,Floating,No,"16,464,955 people","$5,237",29.5%,35.7%,1.20 million visitors,0.5%,7.3%,3.0%,10.2%,4.6%,36.9%,(2.7%),(6.9%),104.2,29.1,4.5%,-0.52,No,..,4.8%,3.4%
GUYANA,South America,2009,Q2,High income,Mining & Extractives,Floating,No,"728,431 people","$14,621",39.9%,51.2%,0.54 million visitors,2.0%,4.3%,2.6%,8.3%,3.4%,36.7%,(1.3%),(12.3%),101.1,40.6,5.7%,0.12,No,..,12.1%,11.8%
COSTA RICA,Central America,2018,Q2,Upper middle income,Tourism & Services,Managed Float,No,"4,989,141 people","$12,880",29.7%,32.4%,3.97 million visitors,9.0%,6.2%,2.2%,6.5%,3.3%,54.1%,(4.5%),(1.9%),93.7,34.5,5.6%,0.85,No,..,1.8%,2.6%
BOLIVIA,South America,2009,Q1,Lower middle income,Mining & Extractives,Managed Float,No,"11,514,910 people","$2,902",40.8%,53.4%,0.05 million visitors,4.5%,3.5%,9.7%,8.3%,11.9%,40.1%,(2.5%),(12.0%),87.8,49.7,3.7%,-0.43,No,..,0.1%,1.7%
Nicaragua,Central America,2020,Q1,Lower middle income,Agriculture & Agro-exports,Managed Float,No,"6,566,743 people","$1,359",39.9%,51.5%,1.35 million visitors,0.7%,3.3%,3.1%,5.5%,5.0%,39.6%,(3.5%),(11.8%),100.2,42.0,3.9%,-1.32,No,..,3.3%,2.5%
 Ecuador ,South America,2007,Q1,Upper middle income,Mining & Extractives,Pegged (Dollarized),No,"17,504,278 people","$5,597",39.5%,45.3%,0.05 million visitors,0.5%,2.4%,5.7%,7.0%,9.3%,59.4%,(3.9%),(6.3%),101.6,16.7,2.3%,-0.56,No,..,2.2%,1.3%
Uruguay,South America,2010,Q1,High income,Agriculture & Agro-exports,Floating,No,"3,426,900 people","$16,290",23.3%,19.1%,1.26 million visitors,1.3%,(1.5%),7.6%,4.4%,8.7%,69.4%,0.0%,4.1%,85.4,8.0,4.0%,1.04,No,..,1.1%,0.5%
NICARAGUA,Central America,2006,Q1,Lower middle income,Agriculture & Agro-exports,Managed Float,No,"6,547,103 people","$2,354",42.4%,34.8%,0.05 million visitors,2.7%,1.2%,4.9%,8.7%,5.8%,38.2%,(3.3%),5.6%,95.0,20.2,2.7%,-1.02,No,..,0.5%,1.4%
 Guyana ,South America,2004,Q3,High income,Mining & Extractives,Floating,No,"806,890 people","$13,698",42.8%,39.7%,0.63 million visitors,1.5%,(1.3%),3.1%,8.2%,5.9%,34.5%,(7.0%),3.2%,106.1,28.0,..,-0.73,No,..,13.0%,11.0%
Paraguay,South America,2016,Q1,Upper middle income,Agriculture & Agro-exports,Managed Float,No,"6,778,423 people","$5,575",44.0%,54.5%,0.37 million visitors,0.6%,2.1%,6.2%,4.7%,8.9%,30.0%,(2.7%),(10.4%),123.7,54.7,3.7%,0.21,No,..,3.9%,4.5%
BOLIVIA,South America,2012,Q4,Lower middle income,Mining & Extractives,Managed Float,No,"11,471,991 people","$3,359",44.6%,52.0%,0.05 million visitors,0.5%,..,5.6%,4.1%,7.7%,48.8%,(1.0%),(7.6%),93.8,37.1,4.0%,-0.27,No,..,3.2%,3.8%
Guyana,South America,2003,Q2,High income,Mining & Extractives,Floating,No,"831,467 people","$14,325",32.7%,30.9%,0.05 million visitors,0.5%,6.2%,1.8%,10.2%,2.1%,34.7%,(2.4%),1.3%,100.4,50.8,3.6%,-0.02,No,..,12.0%,11.1%
Trinidad and Tobago,Caribbean,2014,Q4,High income,Mining & Extractives,Floating,No,"1,512,122 people","$16,987",40.5%,50.7%,0.37 million visitors,0.5%,1.3%,2.7%,9.2%,4.9%,61.4%,(4.6%),(11.5%),85.7,30.4,4.4%,0.24,No,..,0.1%,0.2%
COSTA RICA,Central America,2014,Q1,Upper middle income,Tourism & Services,Managed Float,No,"4,977,361 people","$12,535",35.6%,48.2%,3.19 million visitors,9.4%,2.4%,4.8%,6.5%,5.4%,51.7%,(2.4%),(11.6%),89.2,34.2,3.5%,0.77,No,..,(0.0%),3.2%
guyana,South America,2009,Q1,High income,Mining & Extractives,Floating,No,"769,384 people","$13,858",43.8%,55.4%,0.28 million visitors,5.0%,3.3%,6.9%,12.0%,8.4%,36.7%,(4.6%),(11.7%),101.1,24.6,4.3%,-0.07,No,..,11.8%,13.6%
panama,Central America,2012,Q1,High income,Trade & Logistics,Pegged (Dollarized),No,"4,279,167 people","$15,792",36.7%,37.7%,1.25 million visitors,5.0%,1.7%,8.0%,8.0%,13.3%,54.5%,(4.0%),(0.3%),107.0,19.5,5.1%,0.48,No,..,3.7%,3.6%
nicaragua,Central America,2004,Q2,Lower middle income,Agriculture & Agro-exports,Managed Float,No,"6,381,656 people",$913,36.2%,35.2%,..,2.7%,2.8%,3.7%,7.0%,6.3%,35.6%,(0.6%),2.0%,93.2,41.9,2.2%,-0.97,No,..,6.1%,3.7%
Guatemala,Central America,2006,Q2,Upper middle income,Agriculture & Agro-exports,Floating,No,"16,638,824 people","$4,177",42.2%,43.1%,0.94 million visitors,0.8%,2.3%,6.7%,4.2%,8.0%,35.7%,(4.8%),(0.7%),114.8,19.2,5.0%,-0.28,No,..,2.4%,3.0%
URUGUAY,South America,2012,Q1,High income,Agriculture & Agro-exports,Floating,No,"3,437,178 people","$16,891",36.7%,47.3%,1.67 million visitors,2.8%,1.6%,6.3%,6.8%,10.5%,71.1%,(2.9%),(9.9%),86.6,29.2,4.0%,1.08,No,..,2.3%,2.9%
Ecuador,South America,2009,Q3,Upper middle income,Mining & Extractives,Pegged (Dollarized),No,"17,507,481 people","$5,718",35.6%,48.7%,0.84 million visitors,5.3%,3.7%,4.0%,6.3%,5.3%,65.4%,(4.6%),(11.6%),94.8,10.4,4.0%,-0.82,No,..,2.6%,2.7%
El  Salvador,Central America,2004,Q3,Lower middle income,Manufacturing & Trade,Pegged (Dollarized),Yes,"6,303,101 people","$4,304",36.1%,43.7%,1.53 million visitors,2.7%,4.3%,4.0%,4.6%,5.1%,71.2%,(1.5%),(6.6%),99.4,13.0,3.9%,-0.89,No,..,(0.3%),0.3%
Uruguay,South America,2009,Q2,High income,Agriculture & Agro-exports,Floating,No,"3,358,338 people","$17,283",38.3%,42.4%,1.07 million visitors,2.8%,3.1%,3.1%,5.8%,3.4%,66.7%,(5.8%),(4.4%),79.6,36.1,6.0%,0.86,No,..,0.2%,0.4%
 Trinidad and Tobago ,Caribbean,2010,Q3,High income,Mining & Extractives,Floating,No,"1,486,103 people","$16,616",42.9%,44.2%,1.40 million visitors,2.6%,(0.4%),3.2%,7.8%,7.8%,63.0%,(2.3%),(2.6%),100.5,49.6,3.6%,0.84,No,..,(3.7%),(0.7%)
URUGUAY,South America,2006,Q1,High income,Agriculture & Agro-exports,Floating,Yes,"3,411,080 people","$16,987",36.1%,40.5%,1.14 million visitors,3.5%,2.2%,3.6%,10.4%,5.7%,59.3%,(2.9%),(5.8%),93.0,18.9,6.2%,1.33,No,..,(0.2%),1.0%
Guyana,South America,2004,Q2,High income,Mining & Extractives,Floating,No,"785,933 people","$13,930",43.3%,50.8%,2.02 million visitors,0.5%,1.2%,5.6%,4.7%,8.0%,34.5%,(1.3%),(7.9%),106.1,34.3,5.2%,-0.31,No,..,9.8%,9.1%
dominican republic,Caribbean,2016,Q4,Upper middle income,Tourism & Services,Managed Float,No,"10,711,897 people","$8,464",39.5%,47.9%,2.45 million visitors,6.6%,5.0%,6.2%,10.3%,7.8%,48.1%,(3.8%),(8.0%),92.1,41.0,4.0%,-0.56,No,..,3.3%,3.3%
PARAGUAY,South America,2022,Q2,Upper middle income,Agriculture & Agro-exports,Managed Float,No,"6,787,377 people","$5,607",35.9%,40.8%,0.38 million visitors,0.5%,1.4%,6.8%,10.6%,8.2%,30.8%,(2.0%),(4.2%),123.4,32.3,4.2%,0.08,No,..,5.0%,4.3%
Panama,Central America,2013,Q3,High income,Trade & Logistics,Pegged (Dollarized),No,"4,166,548 people","$16,406",24.4%,37.5%,1.44 million visitors,4.1%,(0.3%),4.7%,10.9%,5.8%,54.9%,(3.1%),(13.2%),107.8,26.0,4.0%,0.02,No,..,(1.1%),1.6%
guyana,South America,2021,Q4,High income,Mining & Extractives,Floating,No,"867,632 people","$14,367",44.1%,37.3%,0.61 million visitors,2.4%,1.7%,4.6%,5.6%,7.0%,37.7%,(5.6%),8.7%,102.1,29.9,4.3%,-0.21,No,..,11.2%,10.9%
 Honduras ,Central America,2014,Q1,Lower middle income,Agriculture & Agro-exports,Floating,No,"9,473,168 people","$2,299",48.2%,58.9%,0.90 million visitors,1.7%,4.5%,5.7%,8.4%,6.6%,53.5%,(5.4%),(11.1%),95.2,34.1,4.1%,-1.21,No,..,1.8%,1.0%
Jamaica,Caribbean,2020,Q2,Upper middle income,Tourism & Services,Floating,No,"2,802,038 people","$4,389",35.8%,50.7%,2.93 million visitors,9.6%,4.2%,4.5%,6.0%,7.0%,97.4%,(4.7%),(14.6%),111.7,31.9,4.4%,0.15,No,..,1.2%,2.5%
Uruguay,South America,2006,Q4,High income,Agriculture & Agro-exports,Floating,No,"3,437,664 people","$16,424",27.3%,22.2%,0.96 million visitors,4.5%,2.1%,4.6%,11.6%,6.1%,59.3%,(3.6%),3.8%,93.0,40.5,3.6%,1.54,No,..,2.0%,1.6%
Jamaica,Caribbean,2003,Q1,Upper middle income,Tourism & Services,Floating,No,"2,849,580 people","$4,761",33.4%,21.6%,..,7.6%,6.4%,7.6%,9.3%,8.8%,96.2%,(2.6%),12.1%,94.6,29.3,4.9%,-0.06,No,..,0.7%,1.3%
 Jamaica ,Caribbean,2006,Q1,Upper middle income,Tourism & Services,Floating,No,"2,758,683 people","$4,398",36.8%,42.5%,..,9.2%,0.6%,5.7%,5.7%,6.7%,96.6%,(0.9%),(4.0%),111.8,22.3,3.9%,-0.85,No,..,1.1%,0.1%
nicaragua,Central America,2004,Q4,Lower middle income,Agriculture & Agro-exports,Managed Float,No,"6,434,702 people","$2,180",37.1%,44.1%,0.31 million visitors,3.0%,5.6%,6.3%,9.6%,10.5%,35.6%,(5.5%),(8.5%),93.2,39.1,4.3%,-1.26,No,..,0.6%,0.3%
 Uruguay ,South America,2003,Q1,High income,Agriculture & Agro-exports,Floating,No,"3,377,502 people","$17,981",33.8%,32.7%,1.25 million visitors,3.0%,2.0%,4.6%,5.9%,6.2%,58.9%,(2.0%),1.9%,103.9,32.8,5.8%,0.43,No,..,5.9%,3.3%
dominican republic,Caribbean,2006,Q1,Upper middle income,Tourism & Services,Managed Float,No,"10,762,611 people","$8,420",33.8%,40.7%,2.29 million visitors,4.9%,1.1%,5.8%,9.5%,7.7%,49.1%,(3.8%),(6.9%),96.3,34.6,4.5%,0.19,Yes,4.6%,4.4%,3.9%
El Salvador,Central America,2012,Q1,Lower middle income,Manufacturing & Trade,Pegged (Dollarized),No,"6,318,334 people","$4,303",43.1%,49.4%,0.23 million visitors,0.5%,3.4%,4.4%,6.7%,6.2%,80.2%,(2.9%),(5.7%),96.6,10.4,4.9%,-0.7,No,..,(0.3%),0.1%
 El Salvador ,Central America,2012,Q3,Lower middle income,Manufacturing & Trade,Pegged (Dollarized),No,"6,185,776 people","$3,431",36.5%,34.4%,0.11 million visitors,3.6%,4.0%,4.9%,5.4%,5.1%,80.2%,(2.3%),2.0%,96.6,21.4,6.9%,-0.03,No,..,1.2%,2.2%
PARAGUAY,South America,2009,Q1,Upper middle income,Agriculture & Agro-exports,Managed Float,No,"6,834,447 people","$5,751",38.4%,52.3%,0.39 million visitors,0.6%,3.0%,4.1%,10.8%,5.0%,32.8%,0.2%,(13.3%),114.3,44.0,5.9%,-0.06,No,..,1.8%,2.6%
Nicaragua,Central America,2006,Q4,Lower middle income,Agriculture & Agro-exports,Managed Float,No,"6,479,004 people","$2,101",39.1%,45.2%,0.05 million visitors,6.7%,3.8%,6.9%,4.3%,8.5%,38.2%,0.6%,(6.8%),95.0,26.9,3.9%,-1.39,No,..,0.6%,1.1%
Belize,Central America,2013,Q3,Upper middle income,Tourism & Services,Pegged (Dollarized),No,"390,644 people","$5,215",33.7%,37.7%,1.85 million visitors,7.5%,2.1%,2.5%,6.9%,4.9%,89.4%,(5.3%),(4.5%),84.9,17.3,4.6%,-0.15,No,..,(0.7%),1.0%
Nicaragua,Central America,2021,Q1,Lower middle income,Agriculture & Agro-exports,Managed Float,No,"6,470,707 people","$1,414",37.5%,53.0%,0.05 million visitors,0.5%,4.3%,9.0%,10.4%,10.7%,38.4%,(3.5%),(14.8%),95.2,33.2,6.1%,-0.93,No,..,(1.0%),(0.8%)
el salvador,Central America,2012,Q4,Lower middle income,Manufacturing & Trade,Pegged (Dollarized),No,"6,326,002 people","$4,014",37.3%,29.7%,0.21 million visitors,2.9%,3.2%,6.1%,9.2%,7.7%,80.2%,(2.7%),8.7%,96.6,2.0,3.9%,-0.39,No,..,1.8%,0.0%
Panama,Central America,2009,Q1,High income,Trade & Logistics,Pegged (Dollarized),No,"4,326,921 people","$15,350",25.1%,15.0%,1.43 million visitors,5.0%,5.9%,1.8%,6.8%,5.9%,52.8%,(5.4%),9.4%,108.3,16.9,4.4%,0.12,No,..,3.6%,4.8%
 Costa Rica ,Central America,2008,Q1,Upper middle income,Tourism & Services,Managed Float,No,"5,003,457 people","$12,653",33.9%,38.4%,2.82 million visitors,9.9%,0.7%,2.5%,10.7%,6.7%,50.0%,0.3%,(4.1%),105.5,50.6,4.0%,1.07,No,..,1.8%,2.6%
honduras,Central America,2023,Q1,Lower middle income,Agriculture & Agro-exports,Floating,No,"9,584,069 people","$2,975",36.2%,45.4%,0.64 million visitors,0.7%,1.7%,6.2%,6.5%,6.7%,58.6%,(1.8%),(9.8%),101.5,30.1,4.7%,-0.27,No,..,(1.3%),0.3%
 Bolivia ,South America,2009,Q3,Lower middle income,Mining & Extractives,Managed Float,No,"11,540,762 people","$3,501",35.6%,41.9%,0.44 million visitors,0.5%,4.8%,7.5%,8.8%,9.6%,40.1%,(4.2%),(6.0%),87.8,56.7,4.9%,-0.07,No,..,3.7%,3.6%
 Bolivia ,South America,2019,Q1,Lower middle income,Mining & Extractives,Managed Float,No,"11,486,842 people","$3,125",37.9%,44.1%,0.72 million visitors,0.5%,4.1%,5.8%,5.1%,8.5%,50.5%,(3.3%),(8.0%),86.6,27.5,4.7%,-0.88,No,..,3.5%,2.7%
Belize,Central America,2008,Q1,Upper middle income,Tourism & Services,Pegged (Dollarized),No,"448,738 people","$5,130",35.8%,34.8%,2.43 million visitors,7.6%,1.6%,4.7%,5.2%,5.8%,89.2%,(3.7%),1.5%,84.5,21.9,4.6%,0.25,No,..,1.9%,(0.1%)
Guatemala,Central America,2019,Q2,Upper middle income,Agriculture & Agro-exports,Floating,No,"16,522,322 people","$5,136",35.5%,49.8%,0.95 million visitors,2.6%,4.8%,3.5%,7.3%,6.6%,47.3%,(6.8%),(13.5%),105.2,34.9,5.4%,-0.51,No,..,(0.1%),2.3%
GUYANA,South America,2018,Q2,High income,Mining & Extractives,Floating,No,"820,145 people","$14,629",44.4%,48.2%,0.36 million visitors,0.5%,4.0%,7.9%,6.6%,8.4%,36.7%,(2.8%),(4.1%),108.9,37.3,4.9%,-0.44,No,..,8.9%,11.2%
Paraguay,South America,2010,Q3,Upper middle income,Agriculture & Agro-exports,Managed Float,No,"6,855,204 people","$6,490",40.6%,34.3%,0.05 million visitors,2.5%,5.1%,4.5%,5.3%,5.3%,32.4%,(4.1%),5.5%,112.3,44.9,5.0%,-0.6,No,..,5.1%,5.1%
JAMAICA,Caribbean,2007,Q3,Upper middle income,Tourism & Services,Floating,No,"2,840,213 people","$5,393",35.7%,42.9%,2.88 million visitors,6.4%,4.5%,4.3%,7.8%,7.1%,95.1%,(2.1%),(8.0%),113.9,42.7,5.5%,-0.04,No,..,0.2%,0.9%
guatemala,Central America,2015,Q4,Upper middle income,Agriculture & Agro-exports,Floating,No,"16,560,486 people","$5,764",36.7%,50.2%,0.05 million visitors,1.5%,2.4%,4.0%,9.4%,6.2%,43.4%,(4.3%),(14.4%),116.3,19.3,3.7%,-0.64,Yes,1.2%,6.4%,2.6%
costa rica,Central America,2009,Q4,Upper middle income,Tourism & Services,Managed Float,No,"5,062,748 people","$11,948",31.8%,36.7%,3.61 million visitors,10.6%,5.9%,4.3%,12.3%,7.1%,51.5%,(4.4%),(5.9%),102.6,42.9,4.1%,0.71,No,..,3.5%,4.5%
bolivia,South America,2013,Q4,Lower middle income,Mining & Extractives,Managed Float,No,"11,390,489 people","$4,772",42.0%,37.3%,0.05 million visitors,0.5%,2.7%,6.5%,6.6%,7.8%,48.8%,(1.2%),4.3%,88.6,41.5,3.5%,-1.07,No,..,2.6%,1.4%
Belize,Central America,2022,Q2,Upper middle income,Tourism & Services,Pegged (Dollarized),No,"409,830 people","$5,987",31.9%,39.4%,2.41 million visitors,6.6%,(0.2%),7.8%,9.6%,10.2%,89.6%,(3.8%),(6.5%),69.2,15.3,2.9%,-0.4,No,..,1.0%,0.0%
Guatemala,Central America,2010,Q4,Upper middle income,Agriculture & Agro-exports,Floating,No,"16,572,094 people","$4,795",42.0%,41.7%,0.33 million visitors,0.5%,..,1.9%,6.6%,2.2%,38.5%,(1.6%),1.0%,110.5,23.5,..,-0.87,No,..,5.9%,3.2%
honduras,Central America,2010,Q2,Lower middle income,Agriculture & Agro-exports,Floating,No,"9,480,067 people","$3,126",42.1%,48.3%,0.53 million visitors,1.1%,7.0%,6.4%,10.1%,9.3%,52.3%,(1.7%),(6.7%),95.1,40.3,4.6%,-0.12,Yes,1.5%,0.6%,1.3%
Paraguay,South America,2005,Q3,Upper middle income,Agriculture & Agro-exports,Managed Float,No,"6,834,535 people","$5,672",40.0%,34.7%,0.55 million visitors,0.5%,2.6%,5.2%,5.0%,6.9%,27.9%,(4.4%),4.9%,104.2,33.5,5.0%,-0.54,No,..,2.4%,2.7%
costa rica,Central America,2005,Q4,Upper middle income,Tourism & Services,Managed Float,Yes,"5,013,333 people","$13,947",42.8%,54.6%,3.29 million visitors,8.7%,4.2%,4.6%,6.9%,7.4%,50.7%,(5.2%),(13.8%),100.3,34.3,3.5%,0.4,No,..,3.5%,3.0%
Guyana,South America,2004,Q1,High income,Mining & Extractives,Floating,No,"785,050 people","$13,660",45.8%,58.0%,0.30 million visitors,2.3%,0.7%,6.8%,5.8%,7.0%,34.5%,(1.4%),(11.7%),106.1,31.5,5.2%,-0.89,No,..,12.8%,10.5%
dominican republic,Caribbean,2003,Q1,Upper middle income,Tourism & Services,Managed Float,No,"10,795,036 people","$8,083",44.2%,47.3%,3.95 million visitors,6.0%,1.2%,4.0%,9.4%,6.1%,46.9%,(4.0%),(3.0%),95.3,45.1,5.8%,0.18,No,..,4.9%,5.6%
dominican republic,Caribbean,2005,Q3,Upper middle income,Tourism & Services,Managed Float,No,"10,781,497 people","$9,558",34.0%,38.1%,2.12 million visitors,7.0%,..,3.8%,6.9%,5.3%,50.3%,(2.4%),(2.9%),94.3,34.7,4.3%,-0.26,Yes,9.0%,2.4%,1.1%
El  Salvador,Central America,2006,Q4,Lower middle income,Manufacturing & Trade,Pegged (Dollarized),No,"6,308,180 people","$3,465",36.7%,42.5%,0.59 million visitors,0.6%,(0.3%),7.3%,7.7%,8.2%,72.9%,(3.8%),(6.0%),107.6,16.2,2.5%,-1.06,No,..,1.4%,0.3%
el salvador,Central America,2003,Q4,Lower middle income,Manufacturing & Trade,Pegged (Dollarized),Yes,"6,344,561 people","$3,166",31.6%,39.0%,0.17 million visitors,4.6%,4.1%,6.0%,5.9%,7.5%,68.8%,(1.8%),(8.9%),105.1,5.9,5.1%,-0.67,No,..,1.4%,1.9%
 Panama ,Central America,2011,Q4,High income,Trade & Logistics,Pegged (Dollarized),No,"4,252,887 people","$15,655",29.5%,27.6%,2.00 million visitors,2.8%,3.7%,5.3%,5.9%,7.1%,53.9%,(3.1%),2.7%,101.2,17.5,3.9%,0.37,No,..,4.3%,3.9%
Panama,Central America,2013,Q2,High income,Trade & Logistics,Pegged (Dollarized),No,"4,146,868 people","$14,726",38.5%,33.3%,0.86 million visitors,4.2%,1.2%,4.7%,10.3%,6.8%,54.9%,(3.8%),5.8%,107.8,5.4,4.8%,1.42,No,..,0.6%,2.9%
GUATEMALA,Central America,2005,Q4,Upper middle income,Agriculture & Agro-exports,Floating,No,"16,434,948 people","$5,098",37.6%,42.9%,0.16 million visitors,1.6%,3.3%,6.6%,10.4%,8.9%,36.9%,(3.7%),(4.8%),109.1,28.1,4.9%,-0.2,No,..,3.9%,2.5%
Ecuador,South America,2016,Q4,Upper middle income,Mining & Extractives,Pegged (Dollarized),No,"17,590,690 people","$5,886",45.4%,46.9%,0.72 million visitors,2.8%,(4.5%),6.9%,7.4%,8.3%,66.3%,(2.9%),(1.5%),87.3,25.5,5.1%,-0.28,No,..,2.6%,1.2%
Honduras,Central America,2022,Q4,Lower middle income,Agriculture & Agro-exports,Floating,Yes,"9,605,613 people","$2,884",42.5%,32.1%,1.64 million visitors,0.5%,5.2%,6.4%,12.5%,8.6%,61.6%,(4.1%),9.6%,105.3,44.9,4.8%,-1.09,No,..,1.0%,1.5%
Guatemala,Central America,2004,Q4,Upper middle income,Agriculture & Agro-exports,Floating,No,"16,485,088 people","$3,896",49.2%,52.1%,1.42 million visitors,1.9%,1.9%,4.9%,6.9%,6.2%,36.9%,(3.4%),(3.6%),104.2,37.4,4.8%,-0.45,No,..,3.8%,3.8%
Honduras,Central America,2008,Q1,Lower middle income,Agriculture & Agro-exports,Floating,No,"9,504,581 people","$2,184",39.2%,52.7%,1.85 million visitors,3.7%,2.4%,0.4%,8.5%,1.3%,49.8%,(4.0%),(14.6%),102.0,41.9,5.6%,-0.78,Yes,3.6%,3.4%,2.5%
panama,Central America,2021,Q1,High income,Trade & Logistics,Pegged (Dollarized),Yes,"4,234,379 people","$15,389",36.7%,43.0%,1.99 million visitors,5.7%,8.3%,6.2%,11.3%,8.2%,61.4%,(1.5%),(7.2%),94.3,6.1,5.5%,0.81,No,..,3.1%,2.9%
guatemala,Central America,2015,Q2,Upper middle income,Agriculture & Agro-exports,Floating,No,"16,529,821 people","$5,010",33.0%,50.0%,1.93 million visitors,0.8%,..,2.8%,10.7%,4.0%,43.4%,(4.7%),(18.4%),116.3,17.5,4.4%,-0.63,No,..,3.6%,2.7%
GUYANA,South America,2005,Q3,High income,Mining & Extractives,Floating,No,"821,034 people","$13,328",39.3%,35.9%,0.05 million visitors,2.3%,4.0%,4.2%,11.9%,9.3%,34.7%,(4.3%),3.5%,105.5,45.8,5.9%,-0.41,No,..,12.8%,11.9%
Panama,Central America,2004,Q1,High income,Trade & Logistics,Pegged (Dollarized),No,"4,076,523 people","$16,305",22.7%,28.4%,2.73 million visitors,2.5%,1.0%,(0.5%),2.8%,1.8%,52.1%,(2.8%),(6.2%),97.5,5.9,4.8%,0.23,No,..,6.1%,5.3%
PARAGUAY,South America,2012,Q2,Upper middle income,Agriculture & Agro-exports,Managed Float,No,"6,755,492 people","$6,548",36.8%,51.1%,1.33 million visitors,1.7%,(1.1%),5.2%,10.5%,5.1%,29.9%,(0.8%),(13.6%),114.8,28.6,5.5%,0.36,No,..,3.2%,3.6%
Paraguay,South America,2015,Q1,Upper middle income,Agriculture & Agro-exports,Managed Float,No,"6,759,241 people","$5,769",44.9%,50.5%,0.86 million visitors,2.1%,5.2%,5.1%,5.8%,7.9%,32.4%,(1.2%),(5.9%),118.4,16.2,..,0.1,No,..,0.9%,3.5%
Honduras,Central America,2020,Q2,Lower middle income,Agriculture & Agro-exports,Floating,No,"9,514,872 people","$1,630",25.1%,43.4%,0.87 million visitors,0.5%,5.0%,6.5%,6.4%,7.9%,58.8%,(1.8%),(20.7%),110.9,39.3,4.0%,-0.49,No,..,0.0%,0.4%
Honduras,Central America,2021,Q3,Lower middle income,Agriculture & Agro-exports,Floating,No,"9,446,224 people","$3,169",42.4%,39.4%,0.89 million visitors,1.6%,4.2%,4.7%,7.3%,8.0%,59.7%,(1.3%),1.5%,107.7,46.8,5.4%,-1.1,No,..,2.5%,1.9%
 Paraguay ,South America,2023,Q2,Upper middle income,Agriculture & Agro-exports,Managed Float,No,"6,812,821 people","$7,092",35.2%,40.4%,0.05 million visitors,2.0%,0.5%,7.4%,9.1%,10.5%,29.7%,(1.8%),(4.7%),123.4,32.7,3.1%,-0.28,No,..,3.1%,2.3%
nicaragua,Central America,2010,Q2,Lower middle income,Agriculture & Agro-exports,Managed Float,No,"6,555,884 people","$1,362",33.2%,43.5%,0.91 million visitors,2.5%,3.0%,3.0%,8.2%,3.9%,37.3%,(7.7%),(11.7%),99.9,38.7,4.3%,-1.35,Yes,11.1%,(3.0%),(1.1%)
 El Salvador ,Central America,2016,Q1,Lower middle income,Manufacturing & Trade,Pegged (Dollarized),No,"6,282,821 people","$4,645",34.9%,39.0%,0.71 million visitors,2.6%,2.1%,2.3%,9.7%,4.5%,83.3%,(1.0%),(4.2%),91.0,30.0,4.7%,-0.77,No,..,(4.3%),(3.1%)
BOLIVIA,South America,2014,Q2,Lower middle income,Mining & Extractives,Managed Float,No,"11,507,132 people","$2,807",35.7%,39.1%,0.50 million visitors,2.1%,(0.1%),3.3%,6.5%,5.4%,47.1%,(1.0%),(2.6%),91.7,39.7,5.2%,0.46,No,..,2.8%,2.9%
Jamaica,Caribbean,2013,Q4,Upper middle income,Tourism & Services,Floating,No,"2,710,669 people","$5,468",35.2%,32.1%,2.50 million visitors,5.0%,1.1%,5.0%,5.4%,6.5%,93.7%,0.4%,2.2%,113.1,40.5,4.3%,-0.19,No,..,1.3%,2.0%
Uruguay,South America,2023,Q2,High income,Agriculture & Agro-exports,Floating,No,"3,465,718 people","$18,093",26.9%,34.6%,1.57 million visitors,3.9%,3.6%,6.5%,2.9%,7.3%,82.9%,(2.4%),(10.0%),97.4,24.7,5.0%,1.1,No,..,1.4%,2.3%
 Panama ,Central America,2014,Q2,High income,Trade & Logistics,Pegged (Dollarized),No,"4,265,646 people","$15,771",24.6%,25.6%,2.01 million visitors,4.4%,1.0%,2.1%,8.6%,4.4%,57.7%,(4.1%),0.6%,106.6,15.3,4.0%,0.23,No,..,3.4%,4.2%
Honduras,Central America,2013,Q3,Lower middle income,Agriculture & Agro-exports,Floating,No,"9,579,214 people","$2,417",34.9%,41.4%,0.75 million visitors,3.0%,3.2%,7.1%,7.9%,9.0%,51.7%,(3.3%),(6.3%),96.9,36.0,4.6%,-0.93,No,..,(0.0%),1.0%
JAMAICA,Caribbean,2009,Q3,Upper middle income,Tourism & Services,Floating,No,"2,772,718 people","$5,040",32.1%,32.9%,2.17 million visitors,5.1%,3.9%,2.7%,7.9%,4.5%,95.4%,(4.4%),(3.1%),111.7,37.5,3.2%,-0.35,No,..,2.4%,2.1%
HONDURAS,Central America,2012,Q2,Lower middle income,Agriculture & Agro-exports,Floating,No,"9,386,440 people","$2,241",37.2%,53.6%,1.19 million visitors,1.1%,2.6%,4.1%,9.5%,8.0%,51.5%,(2.4%),(15.2%),92.7,31.7,4.5%,-0.63,No,..,3.2%,2.5%
Trinidad and Tobago,Caribbean,2004,Q3,High income,Mining & Extractives,Floating,Yes,"1,453,676 people","$15,407",41.6%,40.3%,0.45 million visitors,0.5%,7.0%,7.2%,11.1%,10.7%,60.4%,(4.4%),1.1%,98.4,38.5,5.0%,1.21,No,..,2.8%,1.9%
Jamaica,Caribbean,2003,Q2,Upper middle income,Tourism & Services,Floating,No,"2,809,965 people","$6,472",36.0%,41.0%,2.35 million visitors,6.5%,6.3%,4.7%,2.9%,7.0%,96.2%,(2.4%),(3.5%),94.6,27.7,4.9%,-0.34,No,..,(0.8%),0.1%
 Guatemala ,Central America,2017,Q2,Upper middle income,Agriculture & Agro-exports,Floating,No,"16,496,537 people","$4,480",33.7%,39.4%,0.95 million visitors,3.6%,0.1%,3.5%,6.9%,5.6%,46.7%,(4.0%),(4.5%),115.0,32.2,..,-0.83,No,..,1.3%,1.4%
 Jamaica ,Caribbean,2020,Q1,Upper middle income,Tourism & Services,Floating,No,"2,798,744 people","$5,680",31.0%,32.9%,2.94 million visitors,5.9%,(0.5%),1.6%,7.5%,1.1%,97.4%,(4.3%),0.8%,111.7,51.3,3.2%,0.33,No,..,2.1%,1.1%
DOMINICAN REPUBLIC,Caribbean,2010,Q4,Upper middle income,Tourism & Services,Managed Float,No,"10,752,227 people","$8,783",27.7%,39.2%,2.70 million visitors,5.3%,..,0.7%,10.5%,2.1%,48.1%,(1.6%),(10.1%),95.2,39.8,5.4%,-0.27,No,..,4.7%,4.6%
Guyana,South America,2019,Q4,High income,Mining & Extractives,Floating,No,"787,977 people","$15,464",42.4%,40.8%,0.05 million visitors,0.5%,2.2%,2.4%,10.5%,4.8%,36.5%,(4.3%),2.1%,107.1,36.6,3.1%,-0.33,No,..,11.6%,11.0%
 Jamaica ,Caribbean,2014,Q3,Upper middle income,Tourism & Services,Floating,Yes,"2,737,681 people","$5,334",36.5%,39.7%,3.02 million visitors,5.1%,1.6%,4.7%,4.7%,6.3%,94.5%,(5.4%),(3.7%),114.2,25.1,4.3%,0.13,No,..,1.4%,2.2%
Jamaica,Caribbean,2014,Q4,Upper middle income,Tourism & Services,Floating,No,"2,722,742 people","$4,672",27.5%,39.2%,3.33 million visitors,7.1%,2.8%,3.7%,7.3%,3.2%,94.5%,(3.9%),(11.2%),114.2,35.0,5.8%,-0.39,No,..,1.0%,1.8%
 Dominican Republic ,Caribbean,2022,Q3,Upper middle income,Tourism & Services,Managed Float,No,"10,798,826 people","$7,860",37.4%,44.5%,2.46 million visitors,4.2%,7.2%,3.6%,5.5%,5.5%,51.0%,(3.6%),(6.1%),94.5,19.5,..,-0.44,No,..,2.5%,2.6%
Nicaragua,Central America,2023,Q4,Lower middle income,Agriculture & Agro-exports,Managed Float,No,"6,512,633 people","$1,979",40.9%,48.9%,0.77 million visitors,0.5%,3.3%,4.4%,8.6%,4.6%,40.8%,(3.8%),(7.2%),97.4,28.3,3.6%,-0.79,No,..,1.2%,0.6%
el salvador,Central America,2011,Q3,Lower middle income,Manufacturing & Trade,Pegged (Dollarized),Yes,"6,336,294 people","$4,716",30.8%,37.2%,1.44 million visitors,3.1%,4.2%,3.5%,7.9%,6.7%,78.4%,(4.1%),(8.1%),94.9,15.4,4.0%,-0.76,No,..,(1.3%),(0.4%)
TRINIDAD AND TOBAGO,Caribbean,2016,Q2,High income,Mining & Extractives,Floating,No,"1,369,348 people","$16,080",34.1%,40.0%,0.17 million visitors,1.2%,3.8%,4.5%,6.7%,7.2%,64.2%,(4.4%),(7.1%),90.1,31.2,4.0%,0.37,No,..,(0.2%),0.8%
GUYANA,South America,2008,Q3,High income,Mining & Extractives,Floating,No,"774,794 people","$14,349",42.1%,58.4%,1.50 million visitors,2.4%,8.2%,8.2%,2.4%,9.8%,37.1%,1.3%,(13.7%),101.8,20.4,5.3%,0.06,No,..,14.4%,11.7%
 Costa Rica ,Central America,2017,Q2,Upper middle income,Tourism & Services,Managed Float,No,"4,992,355 people","$11,933",34.0%,32.9%,3.16 million visitors,7.9%,8.3%,(0.2%),4.5%,3.3%,54.0%,(3.4%),(0.2%),89.7,35.3,5.1%,1.53,No,..,3.0%,3.8%
Bolivia,South America,2007,Q3,Lower middle income,Mining & Extractives,Managed Float,No,"11,548,086 people","$3,286",30.4%,43.4%,1.18 million visitors,2.9%,2.7%,7.7%,7.4%,10.2%,37.8%,(2.9%),(12.7%),90.2,24.1,6.8%,0.15,No,..,4.2%,2.3%
Uruguay,South America,2013,Q2,High income,Agriculture & Agro-exports,Floating,Yes,"3,407,375 people","$16,690",35.9%,35.6%,1.93 million visitors,0.5%,3.6%,5.4%,8.2%,7.3%,71.0%,0.1%,(0.5%),85.3,39.3,4.4%,0.77,No,..,2.6%,2.4%
Guyana,South America,2014,Q3,High income,Mining & Extractives,Floating,No,"786,155 people","$14,118",47.4%,49.4%,0.05 million visitors,2.3%,1.6%,3.7%,3.5%,4.3%,38.0%,(2.2%),(2.5%),107.0,35.4,5.4%,-0.32,No,..,12.0%,13.1%
Belize,Central America,2009,Q3,Upper middle income,Tourism & Services,Pegged (Dollarized),Yes,"349,382 people","$4,678",41.2%,46.9%,3.14 million visitors,8.7%,0.3%,2.3%,6.2%,6.5%,89.4%,(0.9%),(6.2%),83.9,29.4,4.5%,0.16,No,..,1.3%,1.6%
dominican republic,Caribbean,2015,Q3,Upper middle income,Tourism & Services,Managed Float,No,"10,748,145 people","$9,238",36.2%,42.4%,1.76 million visitors,4.1%,5.0%,2.1%,6.6%,3.7%,49.8%,(2.8%),(6.7%),93.1,47.5,5.8%,0.3,No,..,1.9%,2.9%
 Guyana ,South America,2008,Q4,High income,Mining & Extractives,Floating,No,"781,900 people","$14,291",40.1%,52.4%,1.07 million visitors,0.6%,..,3.8%,8.5%,5.1%,37.1%,1.0%,(11.2%),101.8,44.9,5.6%,0.47,No,..,12.7%,11.8%
HONDURAS,Central America,2020,Q4,Lower middle income,Agriculture & Agro-exports,Floating,No,"9,458,697 people","$2,347",33.4%,47.0%,2.57 million visitors,3.7%,4.3%,6.5%,10.5%,8.6%,58.8%,(1.5%),(12.9%),110.9,53.1,4.5%,-0.91,No,..,(0.3%),1.4%
trinidad and tobago,Caribbean,2006,Q3,High income,Mining & Extractives,Floating,Yes,"1,255,483 people","$16,414",39.6%,49.6%,..,3.0%,2.1%,5.6%,5.4%,6.7%,63.2%,(4.9%),(10.9%),98.7,43.3,4.4%,-0.22,No,..,2.2%,2.7%
BOLIVIA,South America,2011,Q3,Lower middle income,Mining & Extractives,Managed Float,No,"11,532,910 people","$3,240",39.6%,47.5%,0.46 million visitors,0.5%,7.0%,5.5%,4.6%,8.3%,47.2%,0.2%,(9.0%),89.1,41.6,3.6%,-1.39,No,..,1.9%,1.2%
Costa Rica,Central America,2022,Q3,Upper middle income,Tourism & Services,Managed Float,No,"4,929,804 people","$12,863",28.0%,27.4%,4.54 million visitors,8.3%,6.4%,7.5%,8.1%,11.4%,52.7%,(4.0%),(0.2%),90.0,39.9,4.0%,0.68,No,..,5.2%,3.4%
honduras,Central America,2004,Q1,Lower middle income,Agriculture & Agro-exports,Floating,No,"9,484,627 people","$2,898",41.5%,58.4%,1.75 million visitors,1.2%,4.3%,4.3%,7.6%,6.1%,47.3%,(2.1%),(16.8%),97.5,44.4,3.0%,-0.72,No,..,0.3%,1.4%
 Paraguay ,South America,2004,Q1,Upper middle income,Agriculture & Agro-exports,Managed Float,No,"6,776,481 people","$6,569",23.7%,32.7%,0.46 million visitors,0.5%,0.5%,5.2%,3.9%,6.7%,29.5%,(5.5%),(9.4%),99.5,58.4,4.4%,-0.19,No,..,3.1%,1.9%
Uruguay,South America,2018,Q4,High income,Agriculture & Agro-exports,Floating,Yes,"3,350,866 people","$17,593",39.4%,35.7%,0.30 million visitors,1.7%,4.0%,3.3%,8.3%,7.3%,78.8%,(1.0%),3.8%,91.1,32.0,4.5%,1.2,No,..,4.1%,3.8%
 Dominican Republic ,Caribbean,2010,Q2,Upper middle income,Tourism & Services,Managed Float,No,"10,749,375 people","$8,632",27.1%,26.0%,2.71 million visitors,5.6%,7.6%,7.5%,9.6%,9.7%,48.1%,(2.7%),1.0%,95.2,25.2,5.3%,0.46,No,..,5.3%,4.7%
 Uruguay ,South America,2011,Q2,High income,Agriculture & Agro-exports,Floating,No,"3,353,163 people","$16,795",42.4%,53.1%,0.45 million visitors,1.3%,5.8%,7.8%,8.7%,7.8%,70.0%,(0.7%),(13.0%),87.3,42.7,3.8%,0.55,No,..,1.6%,1.3%
Trinidad  and  Tobago,Caribbean,2009,Q2,High income,Mining & Extractives,Floating,No,"1,349,954 people","$15,839",35.2%,39.8%,0.82 million visitors,0.5%,1.4%,5.2%,4.7%,5.8%,62.9%,(0.6%),(5.1%),95.5,22.2,5.6%,0.55,No,..,(1.4%),0.2%
guatemala,Central America,2015,Q3,Upper middle income,Agriculture & Agro-exports,Floating,No,"16,448,772 people","$5,266",35.8%,40.5%,1.06 million visitors,2.2%,3.5%,6.0%,5.8%,5.9%,43.4%,(0.9%),(5.3%),116.3,57.0,..,-1.12,Yes,5.8%,4.3%,2.4%
BELIZE,Central America,2014,Q3,Upper middle income,Tourism & Services,Pegged (Dollarized),No,"395,650 people","$4,543",41.5%,46.0%,2.79 million visitors,3.0%,1.1%,4.9%,4.8%,7.0%,91.3%,(3.6%),(5.2%),90.3,39.9,4.5%,-0.15,No,..,2.9%,1.1%
 Dominican Republic ,Caribbean,2022,Q2,Upper middle income,Tourism & Services,Managed Float,No,"10,855,593 people","$8,355",32.7%,40.9%,1.33 million visitors,6.4%,2.4%,4.3%,13.1%,6.6%,51.0%,(3.3%),(8.0%),94.5,44.5,6.8%,0.44,No,..,5.4%,5.2%
 El Salvador ,Central America,2016,Q4,Lower middle income,Manufacturing & Trade,Pegged (Dollarized),No,"6,427,105 people","$4,402",31.6%,48.7%,0.85 million visitors,2.2%,2.3%,5.7%,9.2%,6.4%,83.3%,(2.5%),(16.2%),91.0,15.5,3.8%,-0.34,No,..,(1.4%),(1.2%)
Jamaica,Caribbean,2010,Q3,Upper middle income,Tourism & Services,Floating,No,"2,771,089 people","$6,205",33.8%,37.2%,2.43 million visitors,9.1%,4.1%,6.4%,9.6%,6.7%,93.1%,(4.0%),(3.4%),112.5,39.2,5.2%,-0.61,No,..,3.0%,1.8%
ECUADOR,South America,2017,Q2,Upper middle income,Mining & Extractives,Pegged (Dollarized),No,"17,537,871 people","$6,221",37.5%,42.3%,1.49 million visitors,0.5%,4.6%,5.6%,3.5%,6.7%,64.4%,(4.0%),(5.6%),80.9,25.4,3.3%,-0.42,No,..,1.0%,0.6%
 Panama ,Central America,2022,Q1,High income,Trade & Logistics,Pegged (Dollarized),No,"4,156,935 people","$15,801",34.1%,30.9%,2.20 million visitors,4.7%,2.2%,6.4%,9.7%,8.1%,59.2%,(4.8%),4.2%,92.3,2.6,5.9%,0.51,No,..,3.6%,3.4%
PARAGUAY,South America,2008,Q1,Upper middle income,Agriculture & Agro-exports,Managed Float,No,"6,786,880 people","$6,666",32.4%,37.8%,1.20 million visitors,1.9%,7.9%,2.1%,8.6%,2.7%,33.4%,(2.9%),(5.4%),114.6,14.1,3.7%,0.05,No,..,5.1%,2.9%
Bolivia,South America,2017,Q3,Lower middle income,Mining & Extractives,Managed Float,No,"11,496,338 people","$3,334",45.6%,53.7%,0.05 million visitors,2.6%,4.4%,4.3%,2.9%,4.4%,47.2%,(6.3%),(8.0%),87.0,40.2,5.8%,-0.31,No,..,2.1%,2.9%
COSTA RICA,Central America,2011,Q2,Upper middle income,Tourism & Services,Managed Float,No,"5,036,344 people","$11,490",31.4%,48.5%,3.68 million visitors,9.7%,1.5%,4.3%,8.4%,6.2%,51.3%,(3.2%),(18.8%),104.4,40.6,3.7%,0.64,No,..,2.4%,2.7%
El Salvador,Central America,2003,Q3,Lower middle income,Manufacturing & Trade,Pegged (Dollarized),No,"6,273,319 people","$4,454",32.7%,31.6%,1.27 million visitors,3.4%,1.1%,3.2%,5.7%,6.6%,68.8%,(2.4%),0.5%,105.1,6.6,2.5%,-0.76,No,..,(0.3%),1.1%
Nicaragua,Central America,2015,Q1,Lower middle income,Agriculture & Agro-exports,Managed Float,No,"6,525,907 people","$1,989",32.4%,35.5%,1.22 million visitors,0.5%,7.1%,2.5%,9.8%,4.4%,38.7%,(1.9%),(2.2%),103.6,49.8,4.3%,-0.78,No,..,2.8%,0.6%
Trinidad  and  Tobago,Caribbean,2020,Q4,High income,Mining & Extractives,Floating,No,"1,326,952 people","$16,277",37.4%,40.8%,0.05 million visitors,1.1%,7.4%,3.5%,8.8%,5.1%,69.3%,(3.9%),(4.9%),99.1,36.2,5.6%,0.71,No,..,(0.1%),0.8%
EL SALVADOR,Central America,2010,Q4,Lower middle income,Manufacturing & Trade,Pegged (Dollarized),No,"6,377,334 people","$4,540",34.4%,27.4%,1.45 million visitors,2.4%,2.4%,5.8%,10.2%,5.8%,75.9%,(3.5%),7.9%,96.5,14.7,4.0%,-1.02,No,..,(1.3%),(1.0%)
panama,Central America,2009,Q3,High income,Trade & Logistics,Pegged (Dollarized),No,"4,219,374 people","$16,008",36.9%,33.4%,..,4.6%,4.4%,2.1%,5.5%,3.4%,52.8%,(2.9%),5.8%,108.3,29.5,4.8%,0.47,No,..,3.1%,3.9%
 Bolivia ,South America,2016,Q2,Lower middle income,Mining & Extractives,Managed Float,No,"11,530,944 people","$2,793",43.5%,55.5%,0.67 million visitors,1.0%,7.5%,4.0%,7.5%,6.4%,48.6%,(4.3%),(12.3%),93.6,44.0,5.1%,-0.26,No,..,3.7%,1.8%
Nicaragua,Central America,2018,Q3,Lower middle income,Agriculture & Agro-exports,Managed Float,No,"6,509,782 people","$2,764",39.2%,45.9%,0.47 million visitors,2.6%,6.9%,1.8%,7.2%,4.0%,41.5%,(2.0%),(7.1%),105.4,35.8,5.5%,-0.68,No,..,0.6%,1.5%
Dominican  Republic,Caribbean,2017,Q2,Upper middle income,Tourism & Services,Managed Float,No,"10,777,877 people","$8,427",35.7%,43.6%,2.42 million visitors,4.8%,3.8%,0.8%,7.7%,2.2%,45.6%,(2.6%),(9.4%),95.9,28.0,3.8%,-0.06,Yes,5.0%,5.4%,3.4%
Jamaica,Caribbean,2009,Q1,Upper middle income,Tourism & Services,Floating,No,"2,827,624 people","$5,321",31.0%,28.9%,2.46 million visitors,7.7%,3.3%,3.8%,7.8%,4.8%,95.4%,(6.2%),1.5%,111.7,34.9,5.4%,0.22,Yes,1.8%,1.8%,(0.2%)
Guatemala,Central America,2003,Q1,Upper middle income,Agriculture & Agro-exports,Floating,Yes,"16,600,546 people","$5,012",38.0%,46.2%,0.44 million visitors,0.5%,4.9%,6.0%,4.7%,9.0%,35.9%,(4.2%),(9.4%),101.5,32.1,4.3%,-0.44,No,..,(1.5%),1.9%
Trinidad and Tobago,Caribbean,2015,Q1,High income,Mining & Extractives,Floating,Yes,"1,484,483 people","$17,300",43.4%,50.6%,0.51 million visitors,1.8%,(1.3%),6.9%,4.1%,9.4%,62.3%,(6.5%),(6.9%),84.3,33.5,4.0%,0.16,No,..,0.9%,(1.0%)
Trinidad and Tobago,Caribbean,2018,Q3,High income,Mining & Extractives,Floating,No,"1,392,480 people","$17,114",43.6%,46.8%,0.45 million visitors,1.7%,4.8%,3.9%,9.9%,4.7%,65.2%,(3.1%),(2.9%),96.3,22.1,4.7%,0.14,No,..,1.1%,0.9%
 Ecuador ,South America,2008,Q2,Upper middle income,Mining & Extractives,Pegged (Dollarized),No,"17,585,152 people","$6,070",44.0%,45.0%,1.08 million visitors,3.2%,1.1%,5.9%,4.2%,7.4%,61.6%,(3.1%),(0.8%),102.5,20.6,5.6%,-0.43,No,..,(0.4%),0.3%
Belize,Central America,2007,Q2,Upper middle income,Tourism & Services,Pegged (Dollarized),No,"525,504 people","$5,814",26.6%,27.3%,1.55 million visitors,3.5%,..,5.6%,3.4%,4.5%,89.0%,(11.0%),(0.4%),85.8,2.0,4.3%,0.67,No,..,1.1%,1.6%
honduras,Central America,2023,Q2,Lower middle income,Agriculture & Agro-exports,Floating,No,"9,464,666 people","$2,378",33.0%,45.0%,1.63 million visitors,4.4%,2.2%,6.0%,6.7%,8.8%,58.6%,(3.6%),(12.5%),101.5,22.0,3.8%,-0.87,No,..,3.4%,1.9%
El Salvador,Central America,2010,Q2,Lower middle income,Manufacturing & Trade,Pegged (Dollarized),No,"6,252,991 people","$4,060",43.4%,53.4%,1.69 million visitors,2.2%,3.6%,6.8%,3.1%,10.5%,75.9%,(5.5%),(7.6%),96.5,6.2,4.2%,-0.53,Yes,1.4%,2.1%,1.2%
Jamaica,Caribbean,2018,Q2,Upper middle income,Tourism & Services,Floating,No,"2,792,925 people","$4,302",25.6%,25.6%,2.66 million visitors,6.5%,1.7%,2.6%,1.7%,5.2%,98.4%,(1.9%),(1.0%),112.9,37.1,3.9%,-0.09,No,..,4.0%,3.1%
honduras,Central America,2021,Q2,Lower middle income,Agriculture & Agro-exports,Floating,No,"9,578,941 people","$3,489",42.8%,51.5%,0.05 million visitors,4.2%,4.0%,5.8%,9.6%,6.2%,59.7%,0.3%,(9.6%),107.7,41.5,6.3%,-1.0,No,..,(0.1%),1.1%
Uruguay,South America,2004,Q1,High income,Agriculture & Agro-exports,Floating,No,"3,442,820 people","$17,280",37.8%,33.2%,1.72 million visitors,1.8%,1.4%,3.2%,3.8%,2.9%,59.4%,(6.1%),5.7%,103.0,38.2,4.1%,0.55,No,..,1.8%,0.8%
 El Salvador ,Central America,2022,Q2,Lower middle income,Manufacturing & Trade,Pegged (Dollarized),No,"6,281,462 people","$3,885",32.0%,43.7%,1.00 million visitors,3.0%,1.0%,6.9%,6.5%,7.3%,84.6%,(4.0%),(13.3%),108.1,16.1,6.1%,-1.08,No,..,(0.3%),(0.7%)
NICARAGUA,Central America,2015,Q4,Lower middle income,Agriculture & Agro-exports,Managed Float,No,"6,517,713 people","$1,738",46.4%,48.7%,0.11 million visitors,3.2%,(1.0%),7.9%,7.2%,8.6%,38.7%,(0.5%),(4.1%),103.6,40.5,3.8%,-1.21,No,..,2.8%,2.4%
Guyana,South America,2009,Q4,High income,Mining & Extractives,Floating,No,"782,641 people","$13,910",40.3%,45.3%,0.05 million visitors,0.5%,0.6%,3.0%,8.2%,4.8%,36.7%,(4.4%),(6.0%),101.1,35.2,4.7%,0.2,No,..,12.2%,12.3%
guatemala,Central America,2009,Q2,Upper middle income,Agriculture & Agro-exports,Floating,No,"16,393,640 people","$4,451",34.4%,42.4%,0.79 million visitors,0.5%,3.2%,7.0%,9.7%,9.2%,36.2%,0.4%,(9.6%),112.6,33.6,2.8%,0.09,No,..,3.6%,3.9%
Panama,Central America,2012,Q2,High income,Trade & Logistics,Pegged (Dollarized),No,"4,168,925 people","$16,189",29.4%,40.4%,1.74 million visitors,7.7%,..,7.1%,6.7%,6.8%,54.5%,(3.0%),(10.8%),107.0,2.0,3.8%,0.39,No,..,1.8%,4.4%
Guatemala,Central America,2018,Q4,Upper middle income,Agriculture & Agro-exports,Floating,No,"16,479,225 people","$3,736",32.3%,37.2%,0.18 million visitors,1.9%,..,5.7%,7.0%,7.2%,47.2%,(0.9%),(5.7%),106.5,46.5,3.4%,-0.16,No,..,3.0%,2.3%
PARAGUAY,South America,2018,Q4,Upper middle income,Agriculture & Agro-exports,Managed Float,No,"6,858,235 people","$5,310",45.5%,46.2%,0.63 million visitors,0.5%,2.5%,7.6%,6.3%,11.1%,29.4%,(2.6%),(0.2%),125.0,53.7,..,0.07,No,..,0.3%,1.5%
Paraguay,South America,2022,Q3,Upper middle income,Agriculture & Agro-exports,Managed Float,No,"6,762,396 people","$4,698",39.7%,42.7%,0.05 million visitors,3.1%,3.0%,3.0%,8.0%,4.3%,30.8%,(4.8%),(5.5%),123.4,48.1,4.7%,-0.02,No,..,4.1%,2.3%
honduras,Central America,2010,Q3,Lower middle income,Agriculture & Agro-exports,Floating,No,"9,540,827 people","$2,344",40.4%,53.1%,1.33 million visitors,3.0%,2.3%,1.0%,4.9%,1.1%,52.3%,(3.6%),(13.0%),95.1,53.0,3.7%,-1.04,No,..,1.5%,1.5%
 Nicaragua ,Central America,2010,Q3,Lower middle income,Agriculture & Agro-exports,Managed Float,No,"6,465,257 people","$2,018",40.5%,45.3%,1.60 million visitors,5.2%,(1.7%),2.9%,8.8%,5.4%,37.3%,0.1%,(6.0%),99.9,34.1,4.0%,-0.89,No,..,1.0%,2.3%
 Dominican Republic ,Caribbean,2005,Q2,Upper middle income,Tourism & Services,Managed Float,No,"10,844,121 people","$8,105",28.6%,24.3%,2.57 million visitors,4.9%,2.9%,5.4%,3.5%,6.0%,50.3%,(3.7%),5.2%,94.3,19.5,4.6%,0.11,No,..,3.7%,5.2%
belize,Central America,2003,Q4,Upper middle income,Tourism & Services,Pegged (Dollarized),No,"347,934 people","$5,255",41.2%,45.2%,2.93 million visitors,6.5%,2.2%,4.2%,12.4%,5.8%,86.7%,(5.9%),(4.5%),94.2,8.0,4.8%,0.19,No,..,1.2%,0.6%
Ecuador,South America,2017,Q1,Upper middle income,Mining & Extractives,Pegged (Dollarized),No,"17,455,303 people","$6,500",40.7%,41.7%,1.89 million visitors,2.7%,8.1%,6.4%,1.5%,8.6%,64.4%,(3.4%),(1.3%),80.9,2.0,4.1%,-0.75,No,..,(0.2%),1.6%
 Trinidad and Tobago ,Caribbean,2005,Q1,High income,Mining & Extractives,Floating,No,"1,457,647 people","$16,250",33.2%,39.7%,1.64 million visitors,1.3%,1.3%,2.6%,4.9%,4.5%,62.3%,(2.6%),(7.2%),97.8,37.7,2.8%,0.52,No,..,2.4%,(0.1%)
 Dominican Republic ,Caribbean,2008,Q3,Upper middle income,Tourism & Services,Managed Float,No,"10,807,289 people","$9,407",31.2%,46.7%,3.22 million visitors,6.5%,1.4%,9.3%,10.0%,9.8%,44.4%,(7.3%),(16.5%),98.7,41.4,4.2%,-0.31,No,..,3.5%,4.3%
Uruguay,South America,2008,Q4,High income,Agriculture & Agro-exports,Floating,Yes,"3,406,386 people","$16,621",33.0%,38.3%,1.94 million visitors,2.1%,1.0%,3.5%,6.7%,3.5%,65.9%,(5.6%),(4.9%),90.6,38.7,3.4%,1.01,No,..,4.2%,3.0%
BELIZE,Central America,2005,Q3,Upper middle income,Tourism & Services,Pegged (Dollarized),No,"392,023 people","$5,536",34.5%,43.5%,2.22 million visitors,9.0%,4.5%,8.0%,7.1%,10.7%,85.5%,(3.1%),(10.6%),88.0,15.0,5.4%,-0.37,No,..,1.9%,1.9%
Dominican Republic,Caribbean,2019,Q4,Upper middle income,Tourism & Services,Managed Float,No,"10,834,436 people","$8,289",25.7%,35.1%,1.27 million visitors,5.1%,2.7%,5.5%,6.9%,6.9%,47.2%,(1.2%),(9.0%),97.1,58.7,3.0%,-0.22,No,..,1.7%,4.5%
uruguay,South America,2003,Q4,High income,Agriculture & Agro-exports,Floating,No,"3,430,672 people","$17,232",36.5%,42.5%,1.60 million visitors,3.0%,1.1%,4.7%,8.8%,9.8%,58.9%,(4.3%),(7.7%),103.9,45.5,4.8%,1.27,No,..,2.4%,3.2%
 Dominican Republic ,Caribbean,2011,Q2,Upper middle income,Tourism & Services,Managed Float,No,"10,835,902 people","$8,832",30.9%,42.8%,2.03 million visitors,6.6%,(3.9%),3.4%,8.5%,3.8%,47.6%,(3.5%),(12.4%),95.0,51.8,6.0%,-0.36,No,..,5.5%,5.4%
costa rica,Central America,2004,Q2,Upper middle income,Tourism & Services,Managed Float,No,"5,009,063 people","$13,660",36.8%,44.5%,..,9.0%,6.9%,7.2%,5.9%,8.6%,48.8%,(0.6%),(8.2%),98.1,41.3,5.4%,0.48,No,..,5.6%,4.1%
paraguay,South America,2006,Q3,Upper middle income,Agriculture & Agro-exports,Managed Float,No,"6,776,794 people","$6,370",35.9%,42.8%,0.48 million visitors,0.5%,3.7%,3.8%,5.8%,7.5%,30.9%,(2.6%),(6.8%),97.0,38.8,..,0.48,No,..,2.3%,2.3%
Jamaica,Caribbean,2007,Q1,Upper middle income,Tourism & Services,Floating,No,"2,800,974 people","$4,948",36.3%,49.3%,2.72 million visitors,9.4%,4.2%,7.4%,9.6%,9.6%,95.1%,(1.5%),(13.2%),113.9,32.1,4.2%,-0.24,No,..,0.2%,(0.2%)
 Uruguay ,South America,2011,Q4,High income,Agriculture & Agro-exports,Floating,No,"3,326,730 people","$15,951",41.2%,48.0%,1.34 million visitors,3.4%,5.3%,4.2%,9.7%,6.7%,70.0%,(4.2%),(4.7%),87.3,50.7,4.0%,0.62,No,..,4.3%,3.4%
el salvador,Central America,2018,Q2,Lower middle income,Manufacturing & Trade,Pegged (Dollarized),Yes,"6,313,145 people","$4,891",32.4%,45.4%,0.70 million visitors,0.5%,1.8%,7.7%,9.7%,9.2%,80.7%,(2.2%),(13.5%),94.5,28.1,5.0%,-0.64,No,..,(1.6%),(1.2%)
Costa Rica,Central America,2003,Q3,Upper middle income,Tourism & Services,Managed Float,No,"4,942,233 people","$12,343",39.7%,36.7%,3.14 million visitors,9.3%,(0.6%),1.9%,3.2%,4.2%,47.1%,(4.0%),3.9%,100.9,34.2,4.6%,1.0,No,..,7.0%,7.2%
Jamaica,Caribbean,2019,Q2,Upper middle income,Tourism & Services,Floating,No,"2,720,370 people","$4,814",37.2%,41.2%,3.17 million visitors,6.4%,2.1%,3.5%,8.0%,4.7%,98.1%,(2.1%),(2.9%),116.8,28.4,4.2%,-0.79,No,..,1.2%,1.4%
Guyana,South America,2012,Q1,High income,Mining & Extractives,Floating,No,"779,731 people","$14,898",44.6%,55.2%,0.05 million visitors,0.5%,1.1%,6.2%,6.2%,9.8%,40.7%,(1.6%),(10.1%),106.1,35.4,3.9%,0.22,No,..,14.1%,12.0%
ecuador,South America,2023,Q4,Upper middle income,Mining & Extractives,Pegged (Dollarized),No,"17,450,752 people","$5,937",36.3%,31.6%,1.04 million visitors,5.4%,5.4%,5.9%,11.9%,7.2%,65.3%,(5.3%),4.0%,78.1,23.6,4.5%,-0.19,No,..,1.1%,1.3%
JAMAICA,Caribbean,2013,Q1,Upper middle income,Tourism & Services,Floating,No,"2,836,905 people","$4,030",38.5%,50.3%,2.05 million visitors,7.5%,4.1%,5.0%,9.0%,7.3%,93.7%,(2.3%),(12.3%),113.1,24.5,3.7%,-0.49,No,..,(0.9%),(0.5%)
paraguay,South America,2013,Q1,Upper middle income,Agriculture & Agro-exports,Managed Float,No,"6,751,420 people","$6,960",29.8%,39.3%,0.52 million visitors,2.3%,1.6%,5.9%,7.9%,7.7%,30.5%,(2.4%),(9.2%),116.6,48.5,3.2%,-0.12,No,..,0.4%,2.3%
nicaragua,Central America,2014,Q3,Lower middle income,Agriculture & Agro-exports,Managed Float,No,"6,481,935 people","$2,420",43.1%,51.8%,1.11 million visitors,6.2%,3.3%,0.9%,7.2%,3.4%,37.6%,(2.6%),(7.4%),103.5,29.2,3.6%,-1.72,No,..,5.6%,4.3%
Honduras,Central America,2017,Q4,Lower middle income,Agriculture & Agro-exports,Floating,No,"9,487,726 people","$1,974",32.5%,36.6%,0.88 million visitors,0.9%,7.1%,6.8%,5.1%,9.2%,53.7%,(2.4%),(4.7%),92.4,13.2,5.0%,-0.66,No,..,(1.3%),0.9%
Costa Rica,Central America,2006,Q1,Upper middle income,Tourism & Services,Managed Float,No,"4,996,082 people","$12,878",39.0%,36.8%,2.51 million visitors,8.1%,5.2%,7.9%,7.9%,11.7%,52.5%,(1.2%),2.2%,105.3,35.9,3.8%,0.58,No,..,2.9%,4.1%
Dominican  Republic,Caribbean,2010,Q1,Upper middle income,Tourism & Services,Managed Float,No,"10,792,103 people","$7,570",28.7%,34.3%,1.42 million visitors,4.8%,3.9%,7.0%,7.3%,6.7%,48.1%,0.7%,(6.5%),95.2,29.5,5.0%,-0.73,No,..,4.9%,4.5%
jamaica,Caribbean,2008,Q2,Upper middle income,Tourism & Services,Floating,No,"2,724,602 people","$5,600",34.7%,50.1%,2.19 million visitors,6.7%,3.0%,5.4%,9.7%,6.7%,96.3%,(3.7%),(15.8%),113.0,32.1,6.0%,0.19,Yes,12.2%,(10.9%),(8.2%)
Trinidad  and  Tobago,Caribbean,2018,Q4,High income,Mining & Extractives,Floating,No,"1,509,065 people","$17,077",41.0%,45.5%,1.10 million visitors,0.5%,1.3%,5.6%,6.3%,6.0%,65.2%,(3.5%),(6.4%),96.3,36.4,2.9%,0.3,No,..,0.2%,0.5%
 El Salvador ,Central America,2011,Q2,Lower middle income,Manufacturing & Trade,Pegged (Dollarized),No,"6,248,809 people","$5,117",37.9%,38.5%,..,3.3%,8.9%,4.8%,8.9%,6.6%,78.4%,(1.3%),(1.0%),94.9,14.6,3.8%,-0.86,No,..,0.8%,0.1%
TRINIDAD AND TOBAGO,Caribbean,2012,Q4,High income,Mining & Extractives,Floating,No,"1,420,147 people","$16,760",35.8%,47.0%,0.05 million visitors,2.1%,2.6%,3.6%,3.5%,6.9%,61.5%,0.4%,(9.9%),85.3,25.6,3.0%,0.38,No,..,1.5%,0.1%
Ecuador,South America,2008,Q4,Upper middle income,Mining & Extractives,Pegged (Dollarized),No,"17,505,690 people","$5,898",42.8%,49.6%,0.84 million visitors,0.5%,1.8%,6.0%,10.4%,9.6%,61.6%,(3.4%),(7.0%),102.5,9.5,5.5%,-0.08,No,..,(0.6%),0.5%
 Costa Rica ,Central America,2010,Q1,Upper middle income,Tourism & Services,Managed Float,No,"5,014,727 people","$14,164",30.0%,22.5%,2.59 million visitors,10.2%,0.6%,6.8%,6.9%,9.7%,52.7%,(5.8%),8.5%,101.8,48.1,5.7%,0.47,No,..,7.6%,5.2%
Nicaragua,Central America,2016,Q2,Lower middle income,Agriculture & Agro-exports,Managed Float,No,"6,471,699 people","$2,641",41.0%,41.3%,0.81 million visitors,2.9%,3.9%,9.7%,11.8%,12.2%,37.7%,(6.3%),(2.0%),104.5,31.5,3.7%,-1.71,No,..,3.9%,1.3%
Trinidad and Tobago,Caribbean,2020,Q2,High income,Mining & Extractives,Floating,No,"1,378,198 people","$17,035",39.9%,47.1%,0.05 million visitors,0.5%,4.1%,6.3%,9.0%,7.7%,69.3%,(3.7%),(6.3%),99.1,20.8,5.8%,0.33,No,..,(0.3%),0.2%
Trinidad  and  Tobago,Caribbean,2013,Q4,High income,Mining & Extractives,Floating,Yes,"1,449,690 people","$16,613",39.1%,46.2%,0.84 million visitors,0.5%,3.0%,6.3%,10.3%,7.7%,62.7%,(4.1%),(6.4%),85.8,26.9,3.4%,0.35,No,..,(1.5%),(0.7%)
 Costa Rica ,Central America,2013,Q4,Upper middle income,Tourism & Services,Managed Float,No,"5,012,191 people","$13,164",33.0%,36.5%,2.93 million visitors,9.4%,4.1%,6.6%,8.8%,10.8%,51.3%,(2.9%),(3.5%),92.8,34.8,4.1%,1.21,No,..,1.6%,2.9%
 Guyana ,South America,2007,Q1,High income,Mining & Extractives,Floating,No,"805,969 people","$14,143",46.8%,46.7%,0.85 million visitors,2.9%,(4.4%),3.2%,3.2%,5.6%,36.6%,(3.0%),(0.8%),98.1,19.9,5.1%,0.01,Yes,0.6%,11.6%,12.4%
Jamaica,Caribbean,2010,Q4,Upper middle income,Tourism & Services,Floating,No,"2,875,334 people","$6,035",32.0%,42.0%,2.01 million visitors,8.0%,3.1%,4.5%,6.1%,7.7%,93.1%,(2.1%),(9.0%),112.5,20.8,5.7%,-0.22,No,..,4.3%,2.7%
ECUADOR,South America,2007,Q3,Upper middle income,Mining & Extractives,Pegged (Dollarized),No,"17,473,889 people","$6,206",45.0%,59.2%,0.95 million visitors,4.1%,4.2%,7.8%,4.4%,9.9%,59.4%,(1.9%),(13.2%),101.6,18.8,4.8%,-0.24,No,..,(0.2%),0.1%
Guatemala,Central America,2005,Q2,Upper middle income,Agriculture & Agro-exports,Floating,No,"16,524,620 people","$5,140",42.7%,54.8%,0.57 million visitors,4.1%,3.9%,2.5%,14.8%,4.9%,36.9%,(4.2%),(11.3%),109.1,51.0,5.1%,0.11,No,..,2.5%,3.3%
Bolivia,South America,2016,Q4,Lower middle income,Mining & Extractives,Managed Float,No,"11,410,572 people","$3,715",35.6%,40.2%,0.05 million visitors,2.9%,2.9%,9.2%,7.3%,11.4%,48.6%,(3.0%),(3.9%),93.6,40.1,3.8%,-0.42,No,..,3.8%,1.5%
Trinidad and Tobago,Caribbean,2014,Q2,High income,Mining & Extractives,Floating,No,"1,429,353 people","$16,415",40.5%,38.2%,0.75 million visitors,0.5%,1.4%,3.9%,6.8%,5.2%,61.4%,(4.9%),1.0%,85.7,45.2,5.0%,-0.01,No,..,(1.2%),(1.4%)
GUYANA,South America,2003,Q3,High income,Mining & Extractives,Floating,No,"776,078 people","$13,465",41.9%,54.4%,0.21 million visitors,0.5%,1.2%,4.8%,10.8%,8.6%,34.7%,(4.2%),(12.8%),100.4,46.5,2.9%,0.46,No,..,8.2%,10.9%
costa rica,Central America,2005,Q1,Upper middle income,Tourism & Services,Managed Float,No,"5,014,101 people","$12,659",35.7%,36.1%,3.47 million visitors,10.2%,2.3%,7.2%,1.5%,8.8%,50.7%,0.1%,0.5%,100.3,23.2,5.9%,0.85,No,..,3.7%,4.3%
Guatemala,Central America,2004,Q2,Upper middle income,Agriculture & Agro-exports,Floating,No,"16,526,643 people","$5,288",33.8%,43.1%,0.50 million visitors,0.5%,3.8%,5.8%,8.9%,6.8%,36.9%,(2.4%),(8.0%),104.2,39.3,5.2%,-0.37,No,..,0.3%,(0.4%)
jamaica,Caribbean,2007,Q4,Upper middle income,Tourism & Services,Floating,No,"2,787,353 people","$5,662",32.2%,42.3%,3.61 million visitors,7.8%,5.6%,2.4%,5.9%,6.0%,95.1%,(2.5%),(10.3%),113.9,48.3,4.7%,-0.13,No,..,(0.1%),0.4%
Paraguay,South America,2022,Q1,Upper middle income,Agriculture & Agro-exports,Managed Float,No,"6,773,429 people","$7,085",34.1%,37.3%,0.53 million visitors,1.2%,3.6%,7.9%,8.2%,8.4%,30.8%,(4.6%),(3.1%),123.4,39.5,5.5%,0.03,No,..,4.3%,3.3%
el salvador,Central America,2023,Q1,Lower middle income,Manufacturing & Trade,Pegged (Dollarized),No,"6,331,216 people","$4,624",34.5%,38.6%,0.83 million visitors,3.6%,2.8%,4.6%,6.4%,7.6%,85.1%,(2.5%),(4.0%),105.8,12.9,5.1%,-0.46,No,..,(0.2%),1.0%
Nicaragua,Central America,2010,Q4,Lower middle income,Agriculture & Agro-exports,Managed Float,No,"6,503,620 people","$2,246",35.3%,46.2%,0.50 million visitors,1.7%,1.0%,5.9%,5.7%,7.3%,37.3%,(3.4%),(10.0%),99.9,33.0,..,-1.78,No,..,0.1%,0.8%
Uruguay,South America,2003,Q3,High income,Agriculture & Agro-exports,Floating,No,"3,380,982 people","$17,987",34.6%,38.2%,..,0.5%,2.3%,2.9%,7.1%,5.1%,58.9%,(3.8%),(4.1%),103.9,39.5,4.3%,1.19,No,..,1.4%,1.6%
 Guyana ,South America,2011,Q1,High income,Mining & Extractives,Floating,No,"856,910 people","$14,353",44.5%,32.0%,0.73 million visitors,0.5%,3.9%,4.8%,5.8%,3.7%,43.2%,(2.7%),12.1%,99.7,37.4,4.4%,-0.34,No,..,10.9%,11.3%
Ecuador,South America,2011,Q3,Upper middle income,Mining & Extractives,Pegged (Dollarized),No,"17,591,366 people","$5,332",34.5%,40.0%,0.05 million visitors,4.8%,2.8%,6.7%,9.1%,9.3%,66.5%,(2.3%),(6.8%),95.2,29.2,4.4%,-0.89,No,..,2.5%,1.8%
JAMAICA,Caribbean,2003,Q4,Upper middle income,Tourism & Services,Floating,No,"2,814,269 people","$6,123",39.5%,40.9%,2.71 million visitors,11.4%,0.4%,4.6%,9.1%,6.0%,96.2%,(4.3%),(2.3%),94.6,22.4,3.5%,-0.5,No,..,0.4%,0.9%
honduras,Central America,2011,Q3,Lower middle income,Agriculture & Agro-exports,Floating,No,"9,519,909 people","$3,382",37.4%,39.4%,1.31 million visitors,3.3%,3.7%,5.9%,7.7%,10.1%,51.5%,(6.3%),(1.9%),93.1,43.2,4.3%,-0.73,No,..,(2.6%),(0.9%)
Bolivia,South America,2012,Q3,Lower middle income,Mining & Extractives,Managed Float,No,"11,511,474 people","$4,128",44.8%,45.2%,0.53 million visitors,2.1%,2.0%,5.8%,8.6%,7.7%,48.8%,(1.1%),(2.3%),93.8,32.6,4.2%,0.05,No,..,3.9%,3.1%
El Salvador,Central America,2015,Q1,Lower middle income,Manufacturing & Trade,Pegged (Dollarized),No,"6,232,184 people","$4,753",31.4%,48.7%,0.66 million visitors,0.5%,(0.2%),2.8%,7.0%,4.5%,82.8%,(2.1%),(19.1%),93.8,15.0,4.0%,-0.92,No,..,0.9%,0.4%
Guyana,South America,2023,Q4,High income,Mining & Extractives,Floating,No,"811,238 people","$13,508",45.3%,47.3%,0.34 million visitors,0.5%,5.7%,3.7%,5.5%,3.7%,43.8%,(4.7%),(0.1%),114.0,40.9,4.8%,-0.56,No,..,9.8%,10.1%
Jamaica,Caribbean,2010,Q1,Upper middle income,Tourism & Services,Floating,No,"2,854,396 people","$5,647",33.6%,44.3%,3.05 million visitors,9.5%,3.5%,7.2%,8.5%,9.9%,93.1%,(4.9%),(11.4%),112.5,20.6,4.4%,-0.16,No,..,3.4%,3.4%
Costa Rica,Central America,2005,Q3,Upper middle income,Tourism & Services,Managed Float,No,"5,014,466 people","$12,265",40.2%,39.7%,3.79 million visitors,10.3%,4.9%,6.2%,6.4%,7.5%,50.7%,(3.7%),0.1%,100.3,28.7,3.4%,0.65,No,..,6.3%,6.2%
 Guatemala ,Central America,2022,Q4,Upper middle income,Agriculture & Agro-exports,Floating,No,"16,458,193 people","$6,151",38.3%,50.3%,0.91 million visitors,0.5%,1.9%,3.4%,8.9%,3.4%,45.7%,(2.2%),(13.3%),91.4,40.8,5.5%,-0.35,No,..,1.3%,0.8%
BELIZE,Central America,2012,Q3,Upper middle income,Tourism & Services,Pegged (Dollarized),No,"458,015 people","$3,805",35.0%,44.9%,2.26 million visitors,7.9%,(1.1%),8.3%,6.4%,10.8%,89.1%,(4.2%),(9.1%),80.5,23.7,6.4%,-0.43,Yes,7.0%,(3.5%),(1.4%)
 Belize ,Central America,2019,Q3,Upper middle income,Tourism & Services,Pegged (Dollarized),No,"411,976 people","$5,555",36.1%,32.6%,2.45 million visitors,7.0%,0.6%,3.6%,9.0%,8.0%,90.7%,(5.7%),4.3%,69.5,20.8,3.6%,-0.49,No,..,(0.6%),0.9%
 Honduras ,Central America,2011,Q2,Lower middle income,Agriculture & Agro-exports,Floating,No,"9,524,278 people","$1,701",49.0%,59.7%,..,2.8%,0.2%,6.2%,7.0%,7.2%,51.5%,(1.1%),(12.5%),93.1,25.7,4.7%,-0.48,No,..,3.8%,2.9%
DOMINICAN REPUBLIC,Caribbean,2018,Q2,Upper middle income,Tourism & Services,Managed Float,No,"10,801,574 people","$8,134",33.7%,32.4%,1.75 million visitors,5.5%,1.4%,5.0%,11.2%,6.4%,46.4%,(2.4%),2.3%,98.1,23.3,4.3%,0.41,No,..,7.2%,6.4%
Guatemala,Central America,2021,Q4,Upper middle income,Agriculture & Agro-exports,Floating,No,"16,465,461 people","$5,015",37.0%,40.8%,1.11 million visitors,6.0%,(0.1%),4.0%,5.1%,6.9%,45.3%,(2.5%),(3.2%),100.1,8.3,4.6%,-0.64,No,..,1.9%,3.3%
JAMAICA,Caribbean,2009,Q2,Upper middle income,Tourism & Services,Floating,No,"2,726,065 people","$7,305",35.7%,35.9%,3.70 million visitors,6.4%,2.4%,9.5%,10.4%,13.9%,95.4%,(3.0%),0.0%,111.7,36.0,3.8%,-0.16,No,..,(1.2%),(0.8%)
 Uruguay ,South America,2010,Q2,High income,Agriculture & Agro-exports,Floating,No,"3,384,075 people","$17,271",35.4%,45.6%,0.99 million visitors,2.5%,(0.1%),2.7%,8.4%,6.1%,69.4%,(2.2%),(9.9%),85.4,34.1,3.4%,1.14,No,..,(2.5%),(0.5%)
BELIZE,Central America,2016,Q1,Upper middle income,Tourism & Services,Pegged (Dollarized),No,"419,204 people","$5,504",37.3%,39.2%,3.11 million visitors,5.6%,(0.6%),6.8%,11.3%,10.7%,89.1%,(5.5%),(2.9%),82.6,9.1,6.8%,-0.44,No,..,0.4%,1.8%
 Paraguay ,South America,2017,Q3,Upper middle income,Agriculture & Agro-exports,Managed Float,No,"6,860,633 people","$6,476",30.0%,37.9%,0.78 million visitors,0.5%,0.3%,6.8%,9.2%,8.5%,29.0%,(4.6%),(9.3%),123.8,35.2,4.9%,-0.24,No,..,1.8%,0.8%
Belize,Central America,2015,Q3,Upper middle income,Tourism & Services,Pegged (Dollarized),No,"442,565 people","$5,503",37.7%,42.8%,2.25 million visitors,4.7%,3.4%,4.5%,6.2%,6.2%,90.7%,(1.6%),(7.1%),87.2,16.8,3.9%,-0.28,Yes,0.8%,1.2%,1.3%
Costa  Rica,Central America,2021,Q4,Upper middle income,Tourism & Services,Managed Float,No,"5,004,612 people","$11,063",31.3%,33.7%,3.28 million visitors,10.0%,3.7%,4.0%,4.5%,4.1%,53.3%,(2.9%),(0.9%),88.7,23.8,4.5%,1.12,No,..,5.4%,4.9%
Honduras,Central America,2017,Q3,Lower middle income,Agriculture & Agro-exports,Floating,No,"9,508,736 people","$3,751",36.4%,43.5%,0.79 million visitors,1.1%,3.7%,6.9%,12.4%,9.1%,53.7%,(1.0%),(6.0%),92.4,34.1,4.3%,-1.33,Yes,0.8%,(1.1%),(0.1%)
Bolivia,South America,2018,Q1,Lower middle income,Mining & Extractives,Managed Float,No,"11,542,679 people","$3,873",46.3%,57.1%,1.55 million visitors,2.5%,1.8%,6.1%,8.6%,7.5%,49.3%,(1.0%),(11.2%),87.2,43.9,5.0%,-0.36,No,..,0.5%,2.6%
costa rica,Central America,2013,Q1,Upper middle income,Tourism & Services,Managed Float,No,"5,029,826 people","$12,749",35.5%,47.0%,2.99 million visitors,11.0%,3.2%,2.8%,8.6%,5.1%,51.3%,(4.4%),(9.9%),92.8,38.3,2.8%,0.86,No,..,4.4%,3.8%
TRINIDAD AND TOBAGO,Caribbean,2017,Q4,High income,Mining & Extractives,Floating,No,"1,393,770 people","$16,190",44.0%,45.2%,0.05 million visitors,0.5%,3.1%,6.8%,3.0%,8.4%,64.4%,(2.8%),(0.4%),94.7,43.8,4.7%,-0.0,No,..,0.5%,1.9%
Trinidad  and  Tobago,Caribbean,2010,Q1,High income,Mining & Extractives,Floating,No,"1,423,012 people","$16,750",42.7%,38.0%,0.27 million visitors,1.7%,3.0%,8.2%,10.7%,9.9%,63.0%,(1.4%),3.8%,100.5,45.3,2.5%,0.55,No,..,2.5%,1.8%
Guyana,South America,2023,Q2,High income,Mining & Extractives,Floating,No,"846,618 people","$14,170",43.2%,50.4%,0.67 million visitors,0.5%,3.2%,4.5%,7.8%,5.9%,43.8%,(3.4%),(7.0%),114.0,35.2,6.9%,-0.05,No,..,12.4%,11.5%
TRINIDAD AND TOBAGO,Caribbean,2010,Q4,High income,Mining & Extractives,Floating,No,"1,418,616 people","$17,182",40.8%,53.2%,0.05 million visitors,2.8%,1.4%,6.0%,9.2%,8.0%,63.0%,(1.6%),(12.7%),100.5,33.1,6.2%,0.51,No,..,1.2%,0.0%
PARAGUAY,South America,2017,Q1,Upper middle income,Agriculture & Agro-exports,Managed Float,No,"6,796,661 people","$5,388",42.6%,50.7%,0.25 million visitors,1.1%,1.9%,4.3%,9.1%,6.5%,29.0%,(4.1%),(7.1%),123.8,40.6,4.9%,0.36,No,..,3.7%,2.9%
EL SALVADOR,Central America,2019,Q1,Lower middle income,Manufacturing & Trade,Pegged (Dollarized),No,"6,337,747 people","$4,664",41.5%,40.6%,0.87 million visitors,3.5%,2.6%,7.9%,7.7%,9.5%,81.6%,(5.2%),0.5%,98.4,12.2,5.0%,-0.0,No,..,0.9%,1.2%
Guatemala,Central America,2012,Q2,Upper middle income,Agriculture & Agro-exports,Floating,No,"16,497,075 people","$5,389",46.1%,55.7%,0.75 million visitors,0.9%,0.4%,6.0%,8.9%,8.7%,39.9%,(1.9%),(8.4%),112.3,48.1,4.4%,-0.37,No,..,1.6%,0.7%
Guyana,South America,2008,Q1,High income,Mining & Extractives,Floating,No,"815,213 people","$13,923",36.0%,34.1%,0.10 million visitors,0.5%,(3.4%),7.4%,5.2%,9.7%,37.1%,(6.5%),2.1%,101.8,39.7,3.3%,-0.36,No,..,10.2%,12.0%
Honduras,Central America,2006,Q3,Lower middle income,Agriculture & Agro-exports,Floating,No,"9,491,610 people","$2,855",44.1%,50.5%,1.24 million visitors,3.9%,2.6%,11.2%,7.4%,13.2%,46.1%,(0.9%),(7.0%),99.5,11.3,4.6%,-1.27,No,..,4.6%,3.4%
Dominican Republic,Caribbean,2003,Q3,Upper middle income,Tourism & Services,Managed Float,No,"10,762,130 people","$9,186",34.0%,43.2%,2.43 million visitors,7.3%,3.1%,3.8%,10.8%,3.5%,46.9%,(4.8%),(10.3%),95.3,37.6,5.5%,-0.89,No,..,6.4%,4.7%
Uruguay,South America,2020,Q2,High income,Agriculture & Agro-exports,Floating,No,"3,471,741 people","$17,911",37.1%,35.7%,1.33 million visitors,3.2%,0.1%,1.2%,5.9%,3.2%,78.8%,(3.1%),2.5%,94.6,23.3,5.4%,0.92,No,..,(2.6%),(0.5%)
bolivia,South America,2005,Q2,Lower middle income,Mining & Extractives,Managed Float,No,"11,501,778 people","$4,358",32.8%,35.5%,0.62 million visitors,1.8%,2.7%,7.8%,4.4%,9.0%,41.9%,(0.1%),(3.1%),97.8,40.9,5.0%,-0.46,No,..,1.9%,2.0%
belize,Central America,2012,Q1,Upper middle income,Tourism & Services,Pegged (Dollarized),No,"348,896 people","$4,892",47.9%,53.7%,3.36 million visitors,12.0%,3.1%,6.1%,4.9%,6.5%,89.1%,(3.0%),(5.0%),80.5,12.3,2.6%,0.18,No,..,5.0%,3.1%
paraguay,South America,2006,Q2,Upper middle income,Agriculture & Agro-exports,Managed Float,No,"6,769,656 people","$6,096",36.0%,39.6%,0.55 million visitors,2.2%,2.9%,4.3%,7.4%,6.6%,30.9%,(2.9%),(5.1%),97.0,37.6,2.6%,-0.49,No,..,5.9%,3.9%
Uruguay,South America,2017,Q4,High income,Agriculture & Agro-exports,Floating,Yes,"3,356,037 people","$16,807",27.8%,39.0%,1.25 million visitors,1.4%,4.7%,9.6%,6.1%,11.4%,79.9%,(4.9%),(10.2%),90.5,30.8,3.4%,0.97,No,..,1.0%,2.7%
Belize,Central America,2022,Q1,Upper middle income,Tourism & Services,Pegged (Dollarized),No,"406,579 people","$5,830",32.9%,41.3%,2.01 million visitors,5.2%,3.7%,4.7%,6.6%,6.9%,89.6%,(4.5%),(7.8%),69.2,2.0,4.2%,-0.05,No,..,2.2%,0.9%
JAMAICA,Caribbean,2013,Q3,Upper middle income,Tourism & Services,Floating,No,"2,799,051 people","$5,262",38.7%,50.5%,1.99 million visitors,5.7%,4.1%,5.3%,11.3%,7.8%,93.7%,(3.7%),(13.5%),113.1,27.9,3.9%,-0.27,No,..,(1.8%),(0.9%)
 Guyana ,South America,2003,Q4,High income,Mining & Extractives,Floating,No,"789,418 people","$13,835",36.4%,41.9%,0.21 million visitors,0.5%,2.1%,6.9%,8.7%,7.9%,34.7%,2.2%,(4.0%),100.4,51.1,4.5%,-0.06,No,..,14.6%,12.1%
uruguay,South America,2014,Q4,High income,Agriculture & Agro-exports,Floating,No,"3,380,945 people","$16,890",44.8%,46.9%,0.89 million visitors,0.5%,1.9%,5.0%,5.1%,8.3%,74.6%,0.1%,(2.9%),90.1,32.3,5.2%,0.93,No,..,5.3%,4.2%
Jamaica,Caribbean,2017,Q3,Upper middle income,Tourism & Services,Floating,No,"2,822,698 people","$5,009",40.7%,44.6%,1.60 million visitors,6.3%,5.3%,4.8%,4.8%,6.6%,100.0%,(1.6%),(5.0%),109.6,38.0,3.7%,-0.33,No,..,(1.8%),(1.5%)
dominican republic,Caribbean,2016,Q3,Upper middle income,Tourism & Services,Managed Float,No,"10,849,907 people","$9,520",22.5%,22.6%,1.81 million visitors,4.0%,2.7%,2.9%,6.7%,5.8%,48.1%,(3.3%),(1.9%),92.1,30.2,5.0%,-0.22,No,..,3.0%,3.0%
jamaica,Caribbean,2020,Q4,Upper middle income,Tourism & Services,Floating,Yes,"2,783,830 people","$5,263",22.6%,29.8%,2.22 million visitors,7.3%,2.7%,5.4%,3.2%,8.5%,97.4%,(4.2%),(6.5%),111.7,25.9,3.2%,-0.18,Yes,1.1%,0.8%,2.5%
DOMINICAN REPUBLIC,Caribbean,2015,Q1,Upper middle income,Tourism & Services,Managed Float,No,"10,864,248 people","$8,429",22.1%,26.5%,2.93 million visitors,5.3%,3.9%,2.8%,6.0%,5.3%,49.8%,(4.5%),(3.8%),93.1,15.1,5.1%,0.64,No,..,6.7%,5.8%
 Costa Rica ,Central America,2021,Q1,Upper middle income,Tourism & Services,Managed Float,No,"5,011,233 people","$12,299",30.8%,35.4%,2.24 million visitors,9.7%,4.2%,5.3%,8.9%,6.9%,53.3%,(4.0%),(6.2%),88.7,44.0,2.8%,0.55,No,..,0.9%,2.7%
panama,Central America,2015,Q1,High income,Trade & Logistics,Pegged (Dollarized),No,"4,242,221 people","$14,765",30.1%,26.5%,..,5.0%,1.1%,4.5%,4.4%,7.1%,56.3%,(1.4%),3.7%,108.5,22.0,4.5%,0.07,No,..,2.0%,4.1%
ecuador,South America,2007,Q4,Upper middle income,Mining & Extractives,Pegged (Dollarized),No,"17,471,098 people","$6,557",31.8%,41.8%,0.05 million visitors,4.0%,3.0%,6.8%,7.8%,9.1%,59.4%,(4.2%),(9.0%),101.6,7.7,4.9%,0.01,No,..,3.3%,0.3%
Bolivia,South America,2022,Q4,Lower middle income,Mining & Extractives,Managed Float,No,"11,486,200 people","$2,850",50.0%,54.7%,0.76 million visitors,2.1%,2.0%,4.3%,5.5%,5.9%,50.6%,(2.6%),(3.9%),74.9,56.3,..,-0.56,No,..,0.1%,1.0%
 Trinidad and Tobago ,Caribbean,2007,Q2,High income,Mining & Extractives,Floating,No,"1,389,673 people","$16,938",44.2%,55.2%,0.22 million visitors,1.8%,3.0%,5.5%,7.9%,6.5%,62.7%,(2.5%),(11.7%),89.0,39.2,5.5%,0.26,No,..,(1.5%),(0.4%)
Panama,Central America,2009,Q2,High income,Trade & Logistics,Pegged (Dollarized),No,"4,196,507 people","$16,346",25.5%,24.1%,1.22 million visitors,6.4%,0.8%,4.4%,6.5%,7.6%,52.8%,(3.2%),3.1%,108.3,15.8,3.6%,1.18,No,..,2.9%,4.4%
Belize,Central America,2017,Q2,Upper middle income,Tourism & Services,Pegged (Dollarized),No,"437,572 people","$4,902",36.2%,42.3%,2.14 million visitors,6.9%,4.5%,4.9%,8.4%,7.6%,90.9%,(1.2%),(7.1%),70.8,4.5,5.4%,-0.66,No,..,2.2%,1.4%
El Salvador,Central America,2014,Q4,Lower middle income,Manufacturing & Trade,Pegged (Dollarized),No,"6,329,988 people","$3,942",31.4%,33.5%,0.77 million visitors,1.4%,3.7%,3.7%,5.0%,5.6%,80.3%,(2.0%),(1.8%),92.7,2.0,5.7%,-0.47,No,..,3.5%,3.1%
guyana,South America,2010,Q4,High income,Mining & Extractives,Floating,No,"816,483 people","$14,265",55.1%,45.8%,0.05 million visitors,1.4%,3.5%,6.4%,6.7%,9.5%,39.5%,(0.4%),9.8%,99.2,37.9,4.7%,-0.72,No,..,12.0%,13.4%
Nicaragua,Central America,2011,Q4,Lower middle income,Agriculture & Agro-exports,Managed Float,No,"6,516,640 people","$2,251",34.1%,36.7%,1.24 million visitors,0.8%,(0.1%),8.3%,4.9%,9.8%,38.8%,(7.4%),(2.1%),103.9,29.1,3.4%,-1.04,Yes,2.0%,0.1%,0.8%
uruguay,South America,2008,Q1,High income,Agriculture & Agro-exports,Floating,No,"3,454,906 people","$17,107",36.5%,41.3%,0.70 million visitors,2.6%,5.5%,4.8%,8.5%,6.0%,65.9%,(4.1%),(5.2%),90.6,40.7,5.1%,0.87,No,..,1.9%,2.3%
Trinidad  and  Tobago,Caribbean,2012,Q1,High income,Mining & Extractives,Floating,No,"1,396,589 people","$16,621",47.7%,51.1%,0.05 million visitors,0.5%,5.3%,3.0%,7.1%,3.5%,61.5%,(2.2%),(2.5%),85.3,57.2,3.0%,-0.11,No,..,2.2%,1.5%
Guatemala,Central America,2020,Q4,Upper middle income,Agriculture & Agro-exports,Floating,No,"16,516,744 people","$5,191",39.6%,40.5%,0.51 million visitors,2.9%,(2.8%),3.1%,8.9%,4.8%,45.2%,(5.0%),(1.0%),101.7,37.6,3.6%,-0.55,No,..,1.7%,2.2%
PANAMA,Central America,2018,Q1,High income,Trade & Logistics,Pegged (Dollarized),No,"4,183,861 people","$15,244",29.5%,39.5%,0.99 million visitors,4.7%,2.8%,3.9%,2.8%,4.7%,57.0%,(0.8%),(9.6%),100.4,2.0,3.0%,0.47,No,..,3.2%,3.2%
 Dominican Republic ,Caribbean,2018,Q4,Upper middle income,Tourism & Services,Managed Float,No,"10,802,512 people","$7,541",34.1%,38.0%,3.19 million visitors,6.7%,(0.2%),7.2%,10.3%,8.2%,46.4%,(0.2%),(4.3%),98.1,26.1,4.0%,0.18,No,..,4.3%,2.9%
panama,Central America,2016,Q2,High income,Trade & Logistics,Pegged (Dollarized),No,"4,240,433 people","$15,803",35.3%,40.9%,1.34 million visitors,5.3%,3.5%,4.5%,10.3%,6.1%,55.8%,0.5%,(5.8%),106.2,11.1,6.3%,0.5,No,..,3.1%,3.8%
uruguay,South America,2020,Q4,High income,Agriculture & Agro-exports,Floating,No,"3,247,370 people","$17,631",39.5%,55.3%,0.23 million visitors,0.5%,(0.4%),4.0%,4.6%,7.9%,78.8%,(4.2%),(14.8%),94.6,23.2,6.4%,0.86,No,..,6.1%,5.4%
NICARAGUA,Central America,2014,Q1,Lower middle income,Agriculture & Agro-exports,Managed Float,No,"6,540,809 people","$2,388",44.4%,54.8%,0.58 million visitors,0.5%,3.8%,1.1%,9.4%,4.8%,37.6%,(0.4%),(10.3%),103.5,38.5,3.6%,-1.26,No,..,1.8%,2.3%
Belize,Central America,2010,Q1,Upper middle income,Tourism & Services,Pegged (Dollarized),Yes,"390,863 people","$4,420",38.5%,39.9%,2.45 million visitors,7.3%,3.2%,4.0%,9.7%,6.4%,89.5%,(2.3%),(0.4%),85.4,14.5,5.1%,-0.23,No,..,(1.2%),0.5%
Jamaica,Caribbean,2022,Q3,Upper middle income,Tourism & Services,Floating,Yes,"2,838,757 people","$4,575",36.8%,34.4%,2.69 million visitors,8.5%,1.4%,3.6%,9.1%,3.8%,100.0%,(3.2%),2.0%,112.0,23.5,3.9%,0.07,No,..,5.1%,3.1%
 Nicaragua ,Central America,2007,Q2,Lower middle income,Agriculture & Agro-exports,Managed Float,No,"6,411,296 people","$2,465",30.3%,22.0%,0.05 million visitors,4.8%,3.5%,6.4%,6.3%,7.5%,38.1%,(4.9%),9.1%,95.4,53.1,4.6%,-0.96,No,..,1.5%,2.4%
 Nicaragua ,Central America,2022,Q1,Lower middle income,Agriculture & Agro-exports,Managed Float,No,"6,441,365 people","$2,075",51.5%,55.5%,1.77 million visitors,1.9%,2.8%,2.0%,2.6%,3.9%,39.8%,(3.2%),(3.9%),96.7,26.8,6.9%,-0.94,No,..,1.1%,2.6%
BOLIVIA,South America,2020,Q4,Lower middle income,Mining & Extractives,Managed Float,No,"11,478,459 people","$3,938",43.7%,59.4%,0.49 million visitors,1.9%,2.2%,7.5%,6.5%,10.9%,51.6%,(0.9%),(16.4%),80.6,26.7,4.0%,0.33,No,..,(3.5%),0.3%
TRINIDAD AND TOBAGO,Caribbean,2019,Q1,High income,Mining & Extractives,Floating,No,"1,433,423 people","$15,655",42.5%,57.4%,0.37 million visitors,1.1%,2.8%,4.4%,9.1%,6.5%,67.5%,(5.6%),(14.2%),97.2,21.5,4.9%,0.34,Yes,4.9%,(0.6%),(1.7%)
HONDURAS,Central America,2003,Q1,Lower middle income,Agriculture & Agro-exports,Floating,Yes,"9,464,427 people","$3,679",38.1%,32.5%,1.86 million visitors,0.8%,2.3%,5.4%,8.1%,7.6%,45.6%,(2.1%),7.0%,97.3,40.7,3.4%,-0.63,No,..,3.0%,1.9%
Guatemala,Central America,2015,Q1,Upper middle income,Agriculture & Agro-exports,Floating,No,"16,433,093 people","$4,303",41.9%,47.6%,0.76 million visitors,0.8%,2.3%,4.8%,8.3%,8.0%,43.4%,(4.6%),(4.5%),116.3,47.7,4.9%,-0.8,No,..,0.7%,3.0%
bolivia,South America,2003,Q1,Lower middle income,Mining & Extractives,Managed Float,Yes,"11,543,655 people","$4,400",41.0%,47.2%,0.37 million visitors,1.6%,0.5%,7.1%,3.8%,9.4%,40.6%,(3.9%),(5.7%),103.2,21.3,3.9%,-0.66,No,..,(0.9%),(0.2%)
JAMAICA,Caribbean,2014,Q1,Upper middle income,Tourism & Services,Floating,No,"2,871,960 people","$6,175",43.6%,40.5%,1.37 million visitors,8.7%,3.7%,2.6%,9.5%,5.6%,94.5%,(1.8%),3.4%,114.2,18.9,5.0%,-0.31,No,..,4.3%,2.8%
EL SALVADOR,Central America,2014,Q3,Lower middle income,Manufacturing & Trade,Pegged (Dollarized),No,"6,348,445 people","$4,750",39.1%,38.2%,0.16 million visitors,1.4%,3.8%,3.0%,9.3%,5.7%,80.3%,(3.8%),(0.7%),92.7,20.8,4.2%,-0.56,No,..,1.3%,0.3%
HONDURAS,Central America,2014,Q2,Lower middle income,Agriculture & Agro-exports,Floating,No,"9,497,655 people","$2,273",41.2%,52.2%,2.06 million visitors,1.3%,5.0%,8.1%,9.0%,8.6%,53.5%,0.5%,(12.1%),95.2,34.3,3.4%,-1.05,No,..,1.0%,1.2%
 Honduras ,Central America,2021,Q4,Lower middle income,Agriculture & Agro-exports,Floating,No,"9,530,021 people","$2,695",31.1%,31.0%,0.73 million visitors,1.6%,(0.5%),3.9%,5.6%,7.2%,59.7%,(1.6%),0.3%,107.7,50.7,3.9%,-1.01,No,..,0.7%,1.8%
 Paraguay ,South America,2011,Q3,Upper middle income,Agriculture & Agro-exports,Managed Float,No,"6,863,037 people","$6,045",46.0%,47.0%,0.05 million visitors,0.5%,0.5%,2.4%,7.5%,4.2%,29.5%,(2.9%),(0.7%),117.8,23.5,4.9%,-1.09,No,..,4.4%,2.4%
paraguay,South America,2021,Q4,Upper middle income,Agriculture & Agro-exports,Managed Float,No,"6,839,735 people","$5,813",40.5%,41.2%,1.05 million visitors,3.0%,2.4%,7.9%,7.9%,10.1%,29.5%,(3.2%),1.2%,125.1,36.9,5.1%,-0.18,No,..,2.7%,4.4%
HONDURAS,Central America,2005,Q3,Lower middle income,Agriculture & Agro-exports,Floating,No,"9,419,374 people","$2,704",35.3%,52.7%,..,0.5%,3.5%,9.3%,6.9%,10.9%,44.8%,(2.5%),(16.7%),96.8,44.9,4.4%,-0.53,No,..,1.8%,1.5%
Trinidad and Tobago,Caribbean,2004,Q1,High income,Mining & Extractives,Floating,No,"1,390,287 people","$16,612",39.2%,37.8%,0.38 million visitors,1.3%,1.9%,0.1%,11.8%,1.5%,60.4%,(4.5%),0.4%,98.4,25.5,5.0%,0.1,No,..,(0.3%),0.3%
el salvador,Central America,2017,Q2,Lower middle income,Manufacturing & Trade,Pegged (Dollarized),No,"6,275,321 people","$4,278",32.6%,35.3%,1.24 million visitors,0.6%,4.8%,9.5%,9.5%,11.9%,82.2%,(0.2%),(2.9%),92.3,4.2,5.7%,-0.68,No,..,(1.5%),0.5%
guyana,South America,2020,Q2,High income,Mining & Extractives,Floating,No,"823,166 people","$14,369",34.5%,35.6%,0.05 million visitors,0.5%,4.9%,6.5%,5.1%,9.9%,34.9%,(3.5%),(1.2%),102.8,32.6,4.8%,0.04,No,..,9.6%,9.1%
JAMAICA,Caribbean,2008,Q4,Upper middle income,Tourism & Services,Floating,No,"2,745,156 people","$6,022",32.8%,38.7%,2.43 million visitors,6.2%,5.1%,5.4%,3.7%,7.9%,96.3%,(5.0%),(5.4%),113.0,31.0,3.4%,-0.65,No,..,(0.1%),2.5%
 Belize ,Central America,2021,Q4,Upper middle income,Tourism & Services,Pegged (Dollarized),No,"321,187 people","$5,098",34.0%,36.6%,2.08 million visitors,7.9%,2.1%,0.4%,6.4%,0.8%,89.2%,(2.2%),(2.4%),71.9,28.6,3.7%,0.42,No,..,0.0%,1.3%
Guyana,South America,2012,Q1,High income,Mining & Extractives,Floating,No,"779,731 people","$14,898",44.6%,55.2%,0.05 million visitors,0.5%,1.1%,6.2%,6.2%,9.8%,40.7%,(1.6%),(10.1%),106.1,35.4,3.9%,0.22,No,..,14.1%,12.0%
Bolivia,South America,2022,Q1,Lower middle income,Mining & Extractives,Managed Float,No,"11,411,365 people","$2,779",36.0%,46.2%,0.66 million visitors,0.5%,5.3%,3.2%,7.2%,4.8%,50.6%,(0.9%),(10.0%),74.9,29.1,4.1%,-1.06,No,..,4.0%,3.1%
Dominican Republic,Caribbean,2008,Q1,Upper middle income,Tourism & Services,Managed Float,No,"10,793,768 people","$8,898",32.7%,37.1%,1.87 million visitors,4.5%,4.7%,3.5%,7.7%,6.1%,44.4%,0.1%,(4.4%),98.7,30.4,5.8%,-0.27,No,..,2.6%,4.1%
uruguay,South America,2017,Q1,High income,Agriculture & Agro-exports,Floating,No,"3,375,805 people","$16,467",37.2%,40.6%,1.25 million visitors,3.2%,(1.3%),10.3%,8.3%,11.3%,79.9%,(3.7%),(2.4%),90.5,45.5,3.7%,1.54,No,..,2.0%,2.9%
COSTA RICA,Central America,2023,Q2,Upper middle income,Tourism & Services,Managed Float,No,"5,022,598 people","$13,543",46.1%,49.9%,2.50 million visitors,8.0%,1.9%,6.1%,5.2%,9.3%,54.1%,(4.6%),(3.0%),93.1,47.3,7.1%,1.08,No,..,6.3%,3.5%
panama,Central America,2011,Q1,High income,Trade & Logistics,Pegged (Dollarized),No,"4,192,571 people","$14,965",30.5%,45.6%,..,5.1%,5.2%,4.2%,12.2%,6.6%,53.9%,(1.4%),(15.4%),101.2,22.3,5.3%,0.42,No,..,3.9%,3.9%
EL SALVADOR,Central America,2020,Q2,Lower middle income,Manufacturing & Trade,Pegged (Dollarized),Yes,"6,293,737 people","$5,345",28.3%,24.8%,1.27 million visitors,3.3%,(0.3%),4.4%,7.8%,6.6%,80.8%,(4.5%),4.1%,97.7,28.7,5.8%,-1.02,No,..,1.2%,0.5%
guyana,South America,2020,Q4,High income,Mining & Extractives,Floating,No,"777,950 people","$15,179",40.9%,46.4%,0.05 million visitors,2.0%,0.9%,4.2%,10.8%,5.4%,34.9%,(2.0%),(7.5%),102.8,47.1,3.8%,-0.32,No,..,7.7%,8.3%
belize,Central America,2005,Q4,Upper middle income,Tourism & Services,Pegged (Dollarized),No,"377,413 people","$5,718",39.0%,35.9%,2.35 million visitors,6.3%,5.4%,3.1%,5.5%,6.0%,85.5%,(3.7%),2.4%,88.0,10.8,4.2%,0.21,No,..,0.1%,1.0%
 Guyana ,South America,2012,Q2,High income,Mining & Extractives,Floating,No,"872,436 people","$14,181",48.2%,49.6%,0.05 million visitors,0.5%,1.7%,11.7%,7.6%,14.8%,40.7%,(3.1%),(0.9%),106.1,14.5,5.3%,0.18,No,..,10.1%,10.6%
Guatemala,Central America,2021,Q1,Upper middle income,Agriculture & Agro-exports,Floating,No,"16,517,234 people","$3,676",41.0%,52.1%,0.60 million visitors,0.7%,(1.5%),6.0%,6.8%,8.9%,45.3%,(1.2%),(10.7%),100.1,39.6,3.5%,-0.36,No,..,1.8%,1.9%
belize,Central America,2018,Q3,Upper middle income,Tourism & Services,Pegged (Dollarized),No,"339,979 people","$4,498",37.7%,36.7%,2.58 million visitors,7.1%,(2.2%),2.2%,4.7%,4.6%,90.2%,(5.3%),(0.5%),66.0,23.3,..,-0.33,No,..,1.4%,3.4%
bolivia,South America,2004,Q3,Lower middle income,Mining & Extractives,Managed Float,No,"11,580,222 people","$2,604",44.8%,47.9%,0.31 million visitors,2.9%,2.9%,5.1%,11.3%,5.5%,40.8%,(5.6%),(2.1%),102.6,44.4,5.1%,-0.97,No,..,0.7%,2.7%
ecuador,South America,2014,Q4,Upper middle income,Mining & Extractives,Pegged (Dollarized),No,"17,489,778 people","$6,419",33.5%,41.6%,0.05 million visitors,4.4%,..,2.9%,9.4%,5.0%,67.2%,(4.1%),(7.8%),86.7,38.1,2.6%,-0.14,No,..,2.6%,2.7%
guatemala,Central America,2003,Q2,Upper middle income,Agriculture & Agro-exports,Floating,No,"16,487,947 people","$5,251",44.6%,51.9%,..,4.1%,1.0%,4.1%,8.0%,4.8%,35.9%,(2.7%),(8.0%),101.5,48.8,3.5%,-0.5,No,..,1.9%,0.9%
Belize,Central America,2005,Q2,Upper middle income,Tourism & Services,Pegged (Dollarized),No,"402,790 people","$5,567",30.6%,40.7%,3.11 million visitors,6.9%,..,0.4%,6.7%,1.6%,85.5%,(2.0%),(9.8%),88.0,10.8,4.2%,-0.12,No,..,4.5%,1.3%
Panama,Central America,2010,Q2,High income,Trade & Logistics,Pegged (Dollarized),No,"4,222,556 people","$15,850",39.5%,42.0%,1.91 million visitors,5.8%,7.8%,4.7%,9.0%,7.1%,53.1%,(8.8%),(2.2%),103.9,6.8,4.5%,0.01,No,..,4.7%,4.8%
guyana,South America,2010,Q3,High income,Mining & Extractives,Floating,No,"797,454 people","$13,393",39.2%,40.5%,0.62 million visitors,1.3%,1.6%,4.4%,8.4%,9.0%,39.5%,(3.2%),0.2%,99.2,47.4,3.4%,0.74,No,..,10.0%,10.2%
JAMAICA,Caribbean,2022,Q1,Upper middle income,Tourism & Services,Floating,No,"2,820,678 people","$5,111",33.0%,29.5%,2.30 million visitors,8.0%,3.4%,1.1%,4.7%,2.7%,100.0%,(3.6%),3.4%,112.0,36.7,3.4%,-0.76,No,..,(1.9%),(0.6%)
PARAGUAY,South America,2020,Q1,Upper middle income,Agriculture & Agro-exports,Managed Float,No,"6,766,643 people","$6,302",36.4%,48.8%,1.31 million visitors,2.0%,3.8%,7.1%,6.8%,9.2%,28.2%,(2.2%),(12.0%),129.2,40.7,6.0%,-0.33,No,..,3.1%,2.1%
ECUADOR,South America,2017,Q3,Upper middle income,Mining & Extractives,Pegged (Dollarized),No,"17,434,439 people","$5,818",38.0%,53.4%,1.91 million visitors,2.1%,4.7%,6.5%,9.6%,7.5%,64.4%,(6.1%),(16.1%),80.9,10.9,4.1%,-0.23,No,..,0.6%,1.1%
jamaica,Caribbean,2016,Q1,Upper middle income,Tourism & Services,Floating,No,"2,826,001 people","$5,580",33.6%,39.7%,2.11 million visitors,6.0%,0.5%,6.6%,3.2%,9.7%,99.3%,(3.7%),(5.5%),114.3,39.4,2.8%,0.17,No,..,1.4%,3.1%
trinidad and tobago,Caribbean,2013,Q3,High income,Mining & Extractives,Floating,No,"1,480,714 people","$16,273",36.2%,32.5%,0.60 million visitors,1.6%,5.2%,3.6%,8.5%,7.4%,62.7%,(5.2%),3.7%,85.8,45.0,5.1%,0.22,No,..,1.7%,1.6%
Guyana,South America,2011,Q4,High income,Mining & Extractives,Floating,No,"815,344 people","$14,053",42.9%,42.1%,0.05 million visitors,0.5%,1.8%,1.5%,10.6%,6.4%,43.2%,(1.8%),(0.8%),99.7,18.0,4.9%,0.38,No,..,9.6%,9.8%
ECUADOR,South America,2022,Q3,Upper middle income,Mining & Extractives,Pegged (Dollarized),No,"17,474,939 people","$5,136",34.9%,29.9%,1.27 million visitors,3.4%,6.5%,5.0%,11.0%,7.7%,65.2%,(6.9%),5.0%,72.2,16.7,4.4%,-0.86,No,..,(0.9%),(0.2%)
Belize,Central America,2004,Q4,Upper middle income,Tourism & Services,Pegged (Dollarized),No,"292,503 people","$5,065",33.4%,29.4%,..,8.2%,2.8%,6.0%,10.4%,10.3%,86.2%,(2.4%),1.8%,86.2,2.0,6.1%,-0.55,No,..,4.1%,2.8%
Honduras,Central America,2012,Q4,Lower middle income,Agriculture & Agro-exports,Floating,No,"9,562,136 people","$2,269",47.1%,52.0%,1.98 million visitors,2.0%,1.5%,1.8%,7.6%,5.5%,51.5%,0.4%,(3.2%),92.7,50.4,4.0%,-0.5,No,..,4.1%,2.7%
Dominican  Republic,Caribbean,2004,Q1,Upper middle income,Tourism & Services,Managed Float,No,"10,757,355 people","$7,981",33.3%,30.8%,1.79 million visitors,2.8%,1.0%,8.1%,7.0%,8.4%,49.3%,(1.3%),1.8%,87.2,35.2,..,0.06,No,..,4.5%,4.2%
belize,Central America,2009,Q2,Upper middle income,Tourism & Services,Pegged (Dollarized),No,"397,434 people","$4,961",29.1%,39.7%,2.14 million visitors,8.5%,2.6%,5.5%,9.2%,8.1%,89.4%,(1.2%),(10.3%),83.9,27.4,4.8%,0.44,Yes,1.1%,(2.0%),1.0%
 Nicaragua ,Central America,2012,Q1,Lower middle income,Agriculture & Agro-exports,Managed Float,Yes,"6,505,646 people","$2,406",39.3%,40.9%,1.55 million visitors,3.6%,3.0%,5.5%,9.4%,7.1%,39.2%,(1.9%),(2.8%),102.7,43.7,5.7%,-0.91,Yes,3.4%,3.0%,2.0%
 Ecuador ,South America,2020,Q2,Upper middle income,Mining & Extractives,Pegged (Dollarized),No,"17,388,310 people","$6,529",33.8%,47.4%,0.71 million visitors,6.6%,4.9%,2.2%,2.3%,4.5%,64.8%,(4.1%),(14.3%),76.3,12.4,4.0%,-0.84,No,..,2.5%,2.0%
Uruguay,South America,2015,Q1,High income,Agriculture & Agro-exports,Floating,No,"3,498,011 people","$16,499",43.1%,46.1%,0.59 million visitors,5.5%,1.8%,4.4%,8.7%,7.3%,76.1%,(3.3%),(2.0%),85.8,44.6,4.9%,0.65,No,..,(0.1%),2.7%
Dominican  Republic,Caribbean,2012,Q4,Upper middle income,Tourism & Services,Managed Float,No,"10,820,735 people","$9,430",34.8%,39.3%,..,8.8%,3.2%,4.1%,10.7%,6.4%,48.4%,(2.0%),(2.4%),89.8,27.9,2.6%,0.03,No,..,4.3%,5.2%
Uruguay,South America,2019,Q3,High income,Agriculture & Agro-exports,Floating,Yes,"3,468,785 people","$16,799",33.4%,32.1%,..,5.9%,3.2%,3.6%,5.8%,5.7%,78.2%,(4.8%),(1.1%),99.1,31.2,4.8%,0.97,No,..,3.8%,3.2%
Nicaragua,Central America,2019,Q4,Lower middle income,Agriculture & Agro-exports,Managed Float,Yes,"6,569,366 people","$1,524",40.3%,47.1%,0.65 million visitors,0.5%,0.8%,5.6%,7.3%,6.7%,41.1%,(3.3%),(6.5%),102.2,39.4,3.7%,-1.66,No,..,(0.0%),1.6%
 Uruguay ,South America,2009,Q4,High income,Agriculture & Agro-exports,Floating,No,"3,397,900 people","$17,014",45.1%,58.8%,0.23 million visitors,2.7%,4.4%,2.7%,7.9%,4.1%,66.7%,(3.7%),(13.1%),79.6,29.7,4.6%,0.84,No,..,0.3%,0.5%
 El Salvador ,Central America,2007,Q4,Lower middle income,Manufacturing & Trade,Pegged (Dollarized),No,"6,287,758 people","$3,741",34.0%,39.5%,1.85 million visitors,2.6%,3.3%,8.1%,6.3%,9.9%,74.8%,(2.5%),(6.4%),102.8,23.8,6.3%,-0.53,No,..,1.4%,3.2%
Jamaica,Caribbean,2023,Q2,Upper middle income,Tourism & Services,Floating,No,"2,819,645 people","$5,005",34.4%,33.2%,3.07 million visitors,8.2%,7.2%,(2.0%),10.4%,0.2%,97.6%,(6.2%),(0.1%),108.4,35.0,5.0%,0.13,No,..,0.4%,0.7%
guatemala,Central America,2016,Q1,Upper middle income,Agriculture & Agro-exports,Floating,No,"16,430,316 people","$4,917",33.2%,38.1%,1.38 million visitors,1.1%,7.1%,6.1%,8.7%,9.9%,44.8%,(3.8%),(3.9%),115.8,38.5,3.7%,-0.47,No,..,(0.4%),0.3%
Ecuador,South America,2003,Q1,Upper middle income,Mining & Extractives,Pegged (Dollarized),No,"17,440,445 people","$5,430",34.5%,37.3%,0.89 million visitors,4.6%,6.0%,2.1%,7.6%,3.4%,60.3%,(3.6%),(5.3%),100.2,4.7,3.7%,-0.66,No,..,1.0%,1.8%
 Guyana ,South America,2013,Q2,High income,Mining & Extractives,Floating,No,"862,999 people","$14,428",44.3%,43.5%,0.35 million visitors,0.5%,1.5%,3.7%,6.0%,4.9%,39.3%,(2.9%),1.0%,104.8,36.7,5.4%,0.02,No,..,12.6%,12.7%
Panama,Central America,2007,Q3,High income,Trade & Logistics,Pegged (Dollarized),No,"4,263,572 people","$15,942",37.2%,43.2%,1.65 million visitors,0.9%,1.7%,4.8%,5.0%,4.9%,49.2%,(3.8%),(7.0%),101.7,13.3,5.7%,0.25,No,..,4.5%,3.3%
Dominican  Republic,Caribbean,2023,Q2,Upper middle income,Tourism & Services,Managed Float,No,"10,805,899 people","$8,480",32.2%,31.5%,3.62 million visitors,6.1%,5.5%,5.8%,4.2%,8.3%,51.6%,(1.0%),(0.3%),90.8,29.3,5.3%,0.45,Yes,3.4%,5.6%,3.1%
Uruguay,South America,2005,Q2,High income,Agriculture & Agro-exports,Floating,No,"3,376,224 people","$17,094",33.3%,40.0%,2.12 million visitors,2.2%,4.1%,5.5%,4.6%,6.7%,60.3%,(3.5%),(6.6%),98.6,26.4,4.1%,1.56,No,..,2.6%,3.4%
guatemala,Central America,2022,Q2,Upper middle income,Agriculture & Agro-exports,Floating,No,"16,510,885 people","$4,533",32.9%,34.8%,1.19 million visitors,0.8%,7.8%,5.1%,4.6%,7.5%,45.7%,2.1%,(0.5%),91.4,46.9,4.3%,-0.87,No,..,(0.1%),1.1%
Trinidad  and  Tobago,Caribbean,2022,Q2,High income,Mining & Extractives,Floating,No,"1,415,068 people","$16,513",47.6%,47.7%,0.24 million visitors,5.3%,3.0%,7.2%,11.0%,9.0%,70.5%,(6.0%),(1.0%),98.4,48.5,5.5%,-0.0,No,..,(1.7%),(0.7%)
PANAMA,Central America,2019,Q2,High income,Trade & Logistics,Pegged (Dollarized),Yes,"4,263,791 people","$14,730",33.9%,47.0%,0.82 million visitors,2.3%,3.3%,1.6%,4.3%,3.4%,59.9%,(1.0%),(12.8%),101.2,18.4,5.6%,0.53,No,..,2.3%,3.6%
 Bolivia ,South America,2009,Q2,Lower middle income,Mining & Extractives,Managed Float,No,"11,513,388 people","$3,610",33.2%,36.2%,0.33 million visitors,0.5%,3.6%,4.8%,4.7%,7.7%,40.1%,(2.2%),(2.7%),87.8,36.1,5.0%,-1.08,No,..,1.4%,2.0%
 Trinidad and Tobago ,Caribbean,2003,Q4,High income,Mining & Extractives,Floating,No,"1,369,444 people","$16,831",41.3%,48.4%,1.85 million visitors,0.5%,3.5%,5.8%,12.0%,6.9%,59.0%,(0.9%),(6.4%),95.7,34.9,4.3%,0.83,No,..,0.0%,0.1%
Jamaica,Caribbean,2023,Q4,Upper middle income,Tourism & Services,Floating,No,"2,852,921 people","$5,316",38.0%,49.2%,4.74 million visitors,6.7%,..,5.8%,11.0%,7.6%,97.6%,(2.0%),(10.9%),108.4,29.3,5.1%,-0.28,No,..,(1.2%),(1.6%)
Honduras,Central America,2004,Q4,Lower middle income,Agriculture & Agro-exports,Floating,No,"9,539,099 people","$2,703",43.0%,58.5%,0.59 million visitors,2.5%,3.2%,6.0%,10.1%,6.2%,47.3%,(1.4%),(15.9%),97.5,25.7,4.6%,-0.72,Yes,1.1%,3.8%,2.0%
GUATEMALA,Central America,2022,Q3,Upper middle income,Agriculture & Agro-exports,Floating,No,"16,390,551 people","$5,748",37.3%,34.1%,0.80 million visitors,1.9%,3.8%,4.0%,10.1%,3.8%,45.7%,(2.4%),5.5%,91.4,29.9,5.1%,-0.89,No,..,(0.0%),(0.2%)
Uruguay,South America,2011,Q3,High income,Agriculture & Agro-exports,Floating,No,"3,412,063 people","$17,176",39.5%,49.4%,0.90 million visitors,0.7%,5.9%,4.7%,6.9%,5.9%,70.0%,(2.8%),(9.1%),87.3,26.9,4.9%,0.96,No,..,(0.1%),1.8%
Ecuador,South America,2007,Q2,Upper middle income,Mining & Extractives,Pegged (Dollarized),No,"17,552,804 people","$6,428",34.3%,35.6%,1.51 million visitors,4.0%,4.4%,1.3%,3.8%,3.5%,59.4%,(3.3%),(0.2%),101.6,37.0,2.7%,0.15,No,..,3.0%,2.7%
COSTA RICA,Central America,2008,Q4,Upper middle income,Tourism & Services,Managed Float,No,"5,072,767 people","$11,617",38.3%,41.3%,3.25 million visitors,10.4%,2.4%,3.2%,10.6%,6.4%,50.0%,(2.3%),(0.2%),105.5,32.8,3.5%,0.23,No,..,0.4%,2.9%
 Paraguay ,South America,2007,Q2,Upper middle income,Agriculture & Agro-exports,Managed Float,No,"6,856,319 people","$5,231",47.8%,51.1%,0.42 million visitors,1.4%,5.7%,5.6%,3.9%,6.4%,31.2%,(1.3%),(1.7%),106.9,29.2,3.9%,-0.43,No,..,2.7%,1.4%
DOMINICAN REPUBLIC,Caribbean,2009,Q4,Upper middle income,Tourism & Services,Managed Float,Yes,"10,804,743 people","$8,979",31.2%,42.5%,..,6.7%,0.6%,3.8%,8.7%,7.5%,46.1%,(1.5%),(9.6%),94.4,35.3,3.4%,-0.3,Yes,11.6%,0.4%,1.2%
 Costa Rica ,Central America,2020,Q3,Upper middle income,Tourism & Services,Managed Float,No,"5,014,764 people","$12,021",41.6%,44.9%,4.14 million visitors,9.9%,2.6%,7.5%,6.1%,10.1%,53.7%,(2.7%),(3.4%),87.6,32.1,4.8%,1.07,No,..,2.5%,2.5%
HONDURAS,Central America,2003,Q4,Lower middle income,Agriculture & Agro-exports,Floating,No,"9,513,898 people","$2,359",39.8%,47.3%,0.38 million visitors,1.9%,4.8%,3.3%,7.2%,5.8%,45.6%,(1.6%),(8.2%),97.3,35.7,2.1%,-1.53,No,..,2.0%,0.5%
JAMAICA,Caribbean,2005,Q4,Upper middle income,Tourism & Services,Floating,Yes,"2,732,008 people","$6,022",36.5%,48.8%,2.64 million visitors,9.1%,4.0%,5.5%,7.3%,10.0%,95.9%,(3.7%),(12.4%),111.1,41.5,..,-1.11,No,..,2.6%,1.3%
GUATEMALA,Central America,2018,Q3,Upper middle income,Agriculture & Agro-exports,Floating,No,"16,487,012 people","$5,444",34.3%,38.1%,1.49 million visitors,3.6%,3.6%,6.4%,11.5%,7.8%,47.2%,(5.9%),(4.0%),106.5,16.7,4.8%,-0.23,No,..,0.8%,1.9%
Costa Rica,Central America,2023,Q1,Upper middle income,Tourism & Services,Managed Float,No,"5,053,648 people","$12,536",28.6%,41.3%,3.61 million visitors,6.5%,4.9%,6.4%,4.3%,8.9%,54.1%,(3.1%),(12.3%),93.1,25.8,4.0%,1.39,No,..,6.2%,3.2%
Belize,Central America,2018,Q2,Upper middle income,Tourism & Services,Pegged (Dollarized),No,"395,989 people","$5,249",38.7%,31.2%,2.06 million visitors,7.0%,5.2%,3.8%,8.9%,4.4%,90.2%,(2.6%),7.8%,66.0,7.1,3.8%,-0.04,No,..,1.2%,(0.1%)
ecuador,South America,2005,Q3,Upper middle income,Mining & Extractives,Pegged (Dollarized),No,"17,559,400 people","$6,027",34.6%,35.8%,1.01 million visitors,5.6%,5.1%,4.3%,2.8%,7.6%,59.1%,(1.3%),(2.5%),101.6,2.0,4.4%,-0.5,No,..,1.8%,2.3%
JAMAICA,Caribbean,2016,Q2,Upper middle income,Tourism & Services,Floating,No,"2,841,806 people","$4,976",29.6%,29.1%,2.77 million visitors,5.3%,5.7%,8.1%,7.1%,11.3%,99.3%,(5.2%),(1.0%),114.3,32.5,5.3%,-0.3,Yes,9.9%,(6.6%),(5.9%)
Jamaica,Caribbean,2006,Q2,Upper middle income,Tourism & Services,Floating,Yes,"2,894,582 people","$4,587",24.6%,20.6%,3.25 million visitors,5.1%,1.5%,5.7%,4.1%,8.4%,96.6%,(0.6%),3.2%,111.8,26.0,5.1%,-0.18,No,..,0.1%,0.8%
Ecuador,South America,2012,Q1,Upper middle income,Mining & Extractives,Pegged (Dollarized),No,"17,622,048 people","$6,471",37.0%,53.3%,0.47 million visitors,2.5%,4.1%,8.1%,6.5%,10.6%,67.3%,(0.8%),(16.3%),94.2,10.1,3.8%,0.0,No,..,(0.5%),0.5%
Guatemala,Central America,2003,Q3,Upper middle income,Agriculture & Agro-exports,Floating,No,"16,526,533 people","$5,331",42.8%,50.7%,0.05 million visitors,0.5%,2.5%,5.6%,8.7%,8.3%,35.9%,(4.4%),(7.6%),101.5,52.8,4.3%,-0.32,No,..,2.8%,2.1%
el salvador,Central America,2015,Q3,Lower middle income,Manufacturing & Trade,Pegged (Dollarized),No,"6,301,602 people","$4,782",44.3%,55.0%,1.32 million visitors,4.4%,3.2%,6.8%,3.9%,8.6%,82.8%,(4.4%),(12.0%),93.8,14.0,4.1%,-0.53,No,..,(1.6%),0.4%
honduras,Central America,2012,Q1,Lower middle income,Agriculture & Agro-exports,Floating,No,"9,502,951 people","$2,947",49.7%,40.0%,1.23 million visitors,2.2%,2.2%,9.8%,4.7%,12.2%,51.5%,(1.6%),12.4%,92.7,47.4,4.4%,-0.48,No,..,(0.5%),1.0%
GUYANA,South America,2022,Q3,High income,Mining & Extractives,Floating,No,"760,272 people","$14,615",36.2%,46.3%,0.05 million visitors,0.5%,(0.2%),6.5%,11.5%,9.3%,41.9%,(0.3%),(10.5%),105.5,36.9,3.0%,-0.46,No,..,11.1%,10.4%
JAMAICA,Caribbean,2016,Q3,Upper middle income,Tourism & Services,Floating,No,"2,748,759 people","$6,430",34.4%,41.9%,1.63 million visitors,6.0%,3.4%,5.0%,4.4%,8.3%,99.3%,(4.1%),(5.5%),114.3,37.1,5.9%,-0.12,No,..,2.2%,1.0%
BELIZE,Central America,2016,Q1,Upper middle income,Tourism & Services,Pegged (Dollarized),No,"419,204 people","$5,504",37.3%,39.2%,3.11 million visitors,5.6%,(0.6%),6.8%,11.3%,10.7%,89.1%,(5.5%),(2.9%),82.6,9.1,6.8%,-0.44,No,..,0.4%,1.8%
GUATEMALA,Central America,2021,Q2,Upper middle income,Agriculture & Agro-exports,Floating,No,"16,501,996 people","$3,954",30.9%,33.9%,0.16 million visitors,2.5%,7.1%,4.9%,4.3%,6.4%,45.3%,(0.9%),(3.3%),100.1,32.4,5.0%,-0.1,No,..,0.4%,0.4%
BOLIVIA,South America,2022,Q3,Lower middle income,Mining & Extractives,Managed Float,No,"11,494,876 people","$4,741",34.6%,31.0%,0.33 million visitors,0.5%,3.5%,6.5%,9.8%,7.7%,50.6%,(5.1%),1.4%,74.9,30.1,2.9%,-0.42,No,..,0.7%,2.5%
GUATEMALA,Central America,2003,Q4,Upper middle income,Agriculture & Agro-exports,Floating,No,"16,590,088 people","$5,728",48.0%,57.2%,1.27 million visitors,1.3%,4.3%,3.8%,11.6%,5.8%,35.9%,(0.9%),(8.9%),101.5,22.7,5.8%,-0.27,No,..,4.0%,3.1%
Jamaica,Caribbean,2011,Q4,Upper middle income,Tourism & Services,Floating,No,"2,749,180 people","$6,252",28.5%,27.3%,3.19 million visitors,6.5%,3.9%,5.7%,3.5%,7.3%,95.0%,(2.4%),2.4%,109.4,33.2,4.8%,-0.17,No,..,0.1%,1.5%
honduras,Central America,2016,Q1,Lower middle income,Agriculture & Agro-exports,Floating,No,"9,510,032 people","$2,720",36.3%,42.5%,0.37 million visitors,1.7%,1.1%,8.6%,3.9%,10.0%,53.9%,(5.1%),(6.6%),87.0,31.7,6.2%,-1.23,Yes,1.0%,0.4%,0.3%
costa rica,Central America,2017,Q1,Upper middle income,Tourism & Services,Managed Float,No,"4,917,852 people","$12,488",35.3%,44.2%,3.67 million visitors,11.3%,4.3%,5.0%,6.2%,6.7%,54.0%,(0.7%),(7.1%),89.7,33.1,4.9%,0.87,No,..,4.8%,4.6%
honduras,Central America,2006,Q2,Lower middle income,Agriculture & Agro-exports,Floating,No,"9,494,421 people","$2,954",39.5%,41.1%,0.05 million visitors,3.8%,1.3%,5.3%,11.0%,7.1%,46.1%,(2.6%),(3.0%),99.5,41.9,4.7%,-0.55,No,..,1.7%,0.9%
el salvador,Central America,2008,Q3,Lower middle income,Manufacturing & Trade,Pegged (Dollarized),No,"6,321,940 people","$3,549",35.6%,45.1%,1.18 million visitors,0.6%,3.2%,2.5%,12.2%,4.0%,76.8%,(3.7%),(9.6%),94.4,27.8,5.3%,-0.45,No,..,(1.0%),(0.2%)
Costa Rica,Central America,2004,Q4,Upper middle income,Tourism & Services,Managed Float,No,"4,992,055 people","$12,732",34.7%,47.7%,3.10 million visitors,8.9%,(0.1%),2.1%,6.9%,2.3%,48.8%,(4.5%),(14.3%),98.1,44.4,4.0%,0.84,No,..,2.0%,2.7%
 El Salvador ,Central America,2016,Q2,Lower middle income,Manufacturing & Trade,Pegged (Dollarized),No,"6,337,530 people","$4,162",33.1%,38.5%,1.40 million visitors,1.3%,3.0%,5.4%,6.5%,8.0%,83.3%,(1.8%),(4.4%),91.0,6.2,5.8%,-0.23,No,..,1.2%,1.1%
Guyana,South America,2016,Q2,High income,Mining & Extractives,Floating,No,"782,866 people","$14,262",42.0%,40.5%,0.37 million visitors,0.5%,1.0%,8.7%,4.8%,11.2%,38.2%,(1.1%),1.1%,110.0,22.9,3.9%,-0.15,No,..,9.7%,11.2%
PARAGUAY,South America,2013,Q3,Upper middle income,Agriculture & Agro-exports,Managed Float,No,"6,873,876 people","$6,635",32.4%,43.2%,0.99 million visitors,2.6%,3.0%,5.0%,13.0%,7.4%,30.5%,1.0%,(13.0%),116.6,53.7,5.3%,0.19,No,..,3.3%,4.9%
DOMINICAN REPUBLIC,Caribbean,2014,Q3,Upper middle income,Tourism & Services,Managed Float,No,"10,832,252 people","$7,908",33.6%,43.4%,2.80 million visitors,5.5%,0.2%,3.3%,2.2%,5.5%,48.1%,(2.2%),(10.7%),94.5,40.7,..,0.27,No,..,4.8%,4.9%
nicaragua,Central America,2007,Q3,Lower middle income,Agriculture & Agro-exports,Managed Float,No,"6,438,112 people","$1,515",34.7%,39.0%,0.93 million visitors,4.4%,7.7%,4.4%,9.4%,6.7%,38.1%,(2.7%),(4.4%),95.4,50.5,3.7%,-1.2,No,..,1.5%,1.9%
Uruguay,South America,2014,Q3,High income,Agriculture & Agro-exports,Floating,No,"3,487,891 people","$16,575",38.5%,43.1%,1.82 million visitors,5.8%,2.4%,4.5%,8.8%,4.7%,74.6%,(6.5%),(4.4%),90.1,24.3,4.2%,1.03,No,..,2.3%,3.0%
 Guatemala ,Central America,2017,Q1,Upper middle income,Agriculture & Agro-exports,Floating,No,"16,529,183 people","$5,781",40.9%,43.5%,0.87 million visitors,4.6%,3.2%,8.7%,10.8%,10.6%,46.7%,(5.9%),(3.2%),115.0,31.4,3.4%,-0.42,No,..,1.0%,0.5%
 Bolivia ,South America,2004,Q1,Lower middle income,Mining & Extractives,Managed Float,No,"11,504,432 people","$3,088",44.5%,47.7%,0.05 million visitors,0.5%,(0.6%),2.7%,4.9%,4.1%,40.8%,(0.5%),(3.6%),102.6,31.9,5.2%,-0.94,No,..,0.5%,1.0%
DOMINICAN REPUBLIC,Caribbean,2020,Q1,Upper middle income,Tourism & Services,Managed Float,No,"10,784,207 people","$8,800",26.0%,38.5%,2.19 million visitors,6.1%,3.0%,7.6%,4.8%,10.7%,49.6%,(1.7%),(12.2%),93.3,39.2,6.9%,0.2,Yes,4.5%,1.2%,2.4%
El  Salvador,Central America,2017,Q4,Lower middle income,Manufacturing & Trade,Pegged (Dollarized),No,"6,236,452 people","$3,953",38.9%,48.8%,1.16 million visitors,0.7%,4.5%,3.8%,7.0%,3.0%,82.2%,(3.9%),(9.3%),92.3,31.5,5.7%,-0.84,No,..,(3.4%),0.0%
honduras,Central America,2004,Q1,Lower middle income,Agriculture & Agro-exports,Floating,No,"9,484,627 people","$2,898",41.5%,58.4%,1.75 million visitors,1.2%,4.3%,4.3%,7.6%,6.1%,47.3%,(2.1%),(16.8%),97.5,44.4,3.0%,-0.72,No,..,0.3%,1.4%
Paraguay,South America,2021,Q1,Upper middle income,Agriculture & Agro-exports,Managed Float,No,"6,806,739 people","$6,653",34.0%,39.1%,0.10 million visitors,3.4%,2.0%,3.8%,7.1%,6.7%,29.5%,(5.2%),(6.2%),125.1,29.0,4.4%,0.12,No,..,4.2%,4.2%
panama,Central America,2022,Q3,High income,Trade & Logistics,Pegged (Dollarized),No,"4,211,330 people","$15,829",27.4%,34.7%,1.57 million visitors,2.6%,2.5%,4.1%,8.7%,5.8%,59.2%,(4.8%),(7.5%),92.3,19.8,3.5%,0.65,No,..,9.8%,3.9%
guatemala,Central America,2016,Q4,Upper middle income,Agriculture & Agro-exports,Floating,No,"16,515,515 people","$5,196",34.7%,35.6%,0.45 million visitors,0.6%,3.8%,4.6%,8.5%,7.5%,44.8%,(3.1%),(0.1%),115.8,57.2,4.8%,-1.29,No,..,2.6%,2.7%
 Panama ,Central America,2004,Q2,High income,Trade & Logistics,Pegged (Dollarized),No,"4,157,799 people","$15,436",34.6%,39.2%,1.27 million visitors,4.8%,(2.1%),5.8%,11.8%,6.3%,52.1%,(1.9%),(5.0%),97.5,21.4,3.8%,0.64,No,..,6.0%,3.9%
EL SALVADOR,Central America,2009,Q1,Lower middle income,Manufacturing & Trade,Pegged (Dollarized),No,"6,316,022 people","$5,470",46.1%,54.8%,1.53 million visitors,1.9%,..,3.5%,8.2%,6.8%,77.0%,(5.9%),(8.5%),97.5,21.2,2.8%,-0.67,No,..,3.2%,0.9%
EL SALVADOR,Central America,2023,Q2,Lower middle income,Manufacturing & Trade,Pegged (Dollarized),No,"6,249,779 people","$5,240",46.5%,59.8%,1.90 million visitors,2.4%,6.4%,0.7%,1.5%,2.2%,85.1%,(4.9%),(12.5%),105.8,10.3,4.5%,-0.62,No,..,5.0%,3.1%
URUGUAY,South America,2006,Q2,High income,Agriculture & Agro-exports,Floating,No,"3,429,831 people","$17,436",44.5%,50.3%,1.73 million visitors,3.0%,4.4%,5.2%,4.1%,8.0%,59.3%,(5.0%),(5.1%),93.0,38.5,5.1%,0.8,No,..,(1.1%),1.3%
HONDURAS,Central America,2016,Q3,Lower middle income,Agriculture & Agro-exports,Floating,No,"9,486,405 people","$2,703",41.2%,51.8%,1.39 million visitors,5.8%,0.5%,3.2%,3.1%,5.8%,53.9%,(5.7%),(11.9%),87.0,22.7,5.0%,-0.43,No,..,4.2%,4.5%
Bolivia,South America,2015,Q1,Lower middle income,Mining & Extractives,Managed Float,No,"11,536,159 people","$3,666",33.4%,44.2%,1.44 million visitors,2.4%,3.3%,2.3%,5.9%,5.6%,47.9%,(1.5%),(10.8%),93.8,33.7,4.8%,-0.77,No,..,3.7%,3.5%
Jamaica,Caribbean,2007,Q2,Upper middle income,Tourism & Services,Floating,No,"2,846,089 people","$6,269",31.0%,38.1%,1.80 million visitors,6.7%,3.6%,6.0%,6.5%,6.6%,95.1%,(1.3%),(6.6%),113.9,38.6,4.5%,-0.5,Yes,1.7%,3.4%,1.8%
Costa  Rica,Central America,2004,Q1,Upper middle income,Tourism & Services,Managed Float,No,"5,018,155 people","$11,601",33.2%,35.5%,2.80 million visitors,7.8%,(0.2%),3.6%,8.3%,4.6%,48.8%,(5.8%),(1.2%),98.1,32.7,4.1%,0.81,No,..,1.7%,2.2%
Costa  Rica,Central America,2013,Q3,Upper middle income,Tourism & Services,Managed Float,No,"4,996,357 people","$11,645",32.5%,35.5%,2.78 million visitors,9.8%,1.5%,1.0%,7.1%,1.7%,51.3%,(2.3%),(5.8%),92.8,36.0,2.7%,0.75,No,..,4.3%,3.5%
ecuador,South America,2012,Q3,Upper middle income,Mining & Extractives,Pegged (Dollarized),No,"17,510,700 people","$6,114",38.1%,52.5%,..,3.4%,3.7%,2.8%,10.5%,4.3%,67.3%,(5.1%),(14.9%),94.2,29.9,5.1%,-0.76,No,..,1.2%,(0.0%)
Honduras,Central America,2009,Q4,Lower middle income,Agriculture & Agro-exports,Floating,No,"9,527,426 people","$1,308",43.4%,44.2%,0.63 million visitors,0.5%,1.0%,8.0%,3.4%,10.0%,50.7%,(0.2%),0.2%,100.8,33.7,4.5%,-1.08,No,..,3.0%,2.4%
Dominican Republic,Caribbean,2008,Q2,Upper middle income,Tourism & Services,Managed Float,No,"10,848,988 people","$8,489",42.4%,40.8%,2.53 million visitors,6.5%,2.1%,4.0%,7.8%,5.8%,44.4%,(1.9%),1.0%,98.7,50.0,6.6%,0.23,No,..,7.3%,6.0%
NICARAGUA,Central America,2014,Q2,Lower middle income,Agriculture & Agro-exports,Managed Float,No,"6,491,072 people","$1,616",37.7%,38.2%,1.59 million visitors,5.0%,2.9%,7.1%,3.7%,9.6%,37.6%,(3.9%),(0.9%),103.5,42.0,4.0%,-1.26,No,..,2.0%,3.4%
Trinidad  and  Tobago,Caribbean,2020,Q1,High income,Mining & Extractives,Floating,No,"1,423,273 people","$17,114",41.6%,52.0%,0.22 million visitors,0.8%,1.9%,5.8%,6.2%,8.9%,69.3%,(4.2%),(12.1%),99.1,46.2,3.7%,0.53,No,..,(1.4%),(1.1%)
TRINIDAD AND TOBAGO,Caribbean,2005,Q2,High income,Mining & Extractives,Floating,No,"1,413,622 people","$16,167",40.1%,37.5%,0.65 million visitors,0.8%,6.2%,4.4%,6.3%,5.6%,62.3%,(1.1%),3.5%,97.8,15.4,4.5%,0.1,No,..,(1.1%),0.3%
Trinidad  and  Tobago,Caribbean,2012,Q3,High income,Mining & Extractives,Floating,No,"1,409,733 people","$16,295",42.9%,51.5%,1.23 million visitors,3.0%,5.3%,4.3%,6.4%,7.3%,61.5%,(3.0%),(9.3%),85.3,50.6,4.9%,0.48,No,..,0.9%,(0.1%)
GUATEMALA,Central America,2022,Q1,Upper middle income,Agriculture & Agro-exports,Floating,No,"16,560,875 people","$5,471",39.6%,38.2%,1.51 million visitors,1.0%,..,4.0%,8.5%,5.1%,45.7%,(2.7%),1.0%,91.4,34.3,5.6%,-0.51,No,..,0.8%,1.4%
Belize,Central America,2015,Q2,Upper middle income,Tourism & Services,Pegged (Dollarized),No,"428,579 people","$5,152",39.5%,32.7%,2.40 million visitors,5.3%,4.8%,5.5%,5.8%,7.9%,90.7%,(0.9%),8.2%,87.2,19.7,5.7%,0.05,No,..,1.2%,0.8%
belize,Central America,2007,Q4,Upper middle income,Tourism & Services,Pegged (Dollarized),Yes,"412,550 people","$6,431",32.7%,33.7%,2.70 million visitors,5.6%,1.2%,5.3%,7.8%,7.5%,89.0%,(3.5%),(0.5%),85.8,8.9,6.3%,0.13,No,..,2.8%,1.7%
El Salvador,Central America,2008,Q1,Lower middle income,Manufacturing & Trade,Pegged (Dollarized),No,"6,310,828 people","$3,879",28.2%,40.1%,1.49 million visitors,0.5%,2.5%,5.8%,6.7%,9.1%,76.8%,(3.2%),(11.6%),94.4,12.9,2.1%,-1.04,No,..,(0.5%),0.5%
 Nicaragua ,Central America,2009,Q3,Lower middle income,Agriculture & Agro-exports,Managed Float,No,"6,569,441 people","$1,900",34.0%,41.1%,1.64 million visitors,0.7%,1.9%,6.7%,4.2%,9.9%,37.2%,(6.6%),(6.8%),98.4,29.5,3.4%,-1.56,No,..,4.4%,3.4%
Ecuador,South America,2020,Q1,Upper middle income,Mining & Extractives,Pegged (Dollarized),No,"17,427,502 people","$5,505",38.7%,45.2%,0.05 million visitors,4.6%,3.8%,5.9%,8.6%,10.4%,64.8%,(4.3%),(6.5%),76.3,4.5,4.8%,-0.86,No,..,1.3%,0.2%
Honduras,Central America,2014,Q4,Lower middle income,Agriculture & Agro-exports,Floating,No,"9,534,523 people","$2,075",33.8%,31.7%,1.14 million visitors,4.0%,4.7%,4.8%,6.6%,8.2%,53.5%,(4.0%),2.5%,95.2,39.7,5.8%,-0.97,No,..,(0.5%),0.6%
 Panama ,Central America,2019,Q3,High income,Trade & Logistics,Pegged (Dollarized),No,"4,184,235 people","$15,290",38.2%,38.9%,2.07 million visitors,3.4%,7.0%,2.2%,1.5%,5.0%,59.9%,(2.2%),(0.3%),101.2,10.1,6.0%,0.81,No,..,7.1%,5.7%
COSTA RICA,Central America,2020,Q1,Upper middle income,Tourism & Services,Managed Float,No,"4,972,277 people","$12,319",39.2%,46.2%,2.96 million visitors,8.8%,1.2%,5.8%,8.2%,8.1%,53.7%,(1.8%),(6.4%),87.6,42.6,6.0%,0.56,No,..,1.8%,3.1%
guyana,South America,2019,Q1,High income,Mining & Extractives,Floating,Yes,"847,180 people","$14,081",35.6%,39.9%,0.05 million visitors,0.5%,4.8%,3.7%,5.7%,6.3%,36.5%,(2.8%),(4.2%),107.1,16.1,4.7%,-0.1,No,..,15.8%,12.9%
Paraguay,South America,2021,Q2,Upper middle income,Agriculture & Agro-exports,Managed Float,No,"6,799,958 people","$6,712",40.4%,51.6%,0.05 million visitors,2.1%,4.2%,5.3%,5.9%,7.9%,29.5%,(0.4%),(11.0%),125.1,31.2,2.8%,0.28,No,..,6.1%,4.5%
Guyana,South America,2017,Q4,High income,Mining & Extractives,Floating,No,"916,712 people","$13,267",38.5%,47.7%,0.05 million visitors,1.3%,2.7%,0.6%,10.2%,1.8%,39.0%,(3.4%),(7.7%),113.6,51.5,3.6%,0.01,No,..,10.2%,11.7%
Nicaragua,Central America,2004,Q3,Lower middle income,Agriculture & Agro-exports,Managed Float,No,"6,528,510 people","$2,044",41.9%,41.7%,0.50 million visitors,0.6%,1.8%,4.2%,7.0%,6.5%,35.6%,(2.5%),0.3%,93.2,25.6,2.1%,-1.09,No,..,1.5%,2.5%
 Ecuador ,South America,2003,Q4,Upper middle income,Mining & Extractives,Pegged (Dollarized),No,"17,433,876 people","$6,254",37.7%,46.5%,0.63 million visitors,1.1%,1.5%,4.3%,6.7%,4.9%,60.3%,(3.3%),(8.3%),100.2,16.5,4.2%,-0.64,No,..,(1.7%),(0.2%)
GUATEMALA,Central America,2023,Q2,Upper middle income,Agriculture & Agro-exports,Floating,No,"16,431,963 people","$5,304",37.7%,28.7%,1.32 million visitors,1.1%,2.5%,1.5%,9.0%,3.2%,46.2%,(5.7%),9.1%,87.7,37.1,4.2%,-0.82,No,..,1.0%,1.9%
Trinidad and Tobago,Caribbean,2021,Q3,High income,Mining & Extractives,Floating,No,"1,366,524 people","$16,913",53.3%,54.4%,0.65 million visitors,1.3%,1.4%,1.5%,3.9%,3.1%,69.7%,(0.6%),(1.9%),97.3,54.7,3.9%,0.25,No,..,2.4%,1.1%
 Nicaragua ,Central America,2007,Q4,Lower middle income,Agriculture & Agro-exports,Managed Float,No,"6,521,601 people","$1,721",35.0%,47.4%,1.05 million visitors,0.6%,3.9%,2.7%,5.1%,6.3%,38.1%,(6.8%),(12.2%),95.4,30.5,7.0%,-0.98,No,..,1.9%,2.0%
 Paraguay ,South America,2016,Q3,Upper middle income,Agriculture & Agro-exports,Managed Float,No,"6,789,354 people","$5,196",43.7%,47.1%,0.05 million visitors,0.5%,2.1%,3.8%,5.6%,5.8%,30.0%,0.6%,(3.6%),123.7,53.8,3.6%,-0.44,No,..,(0.8%),1.9%
trinidad and tobago,Caribbean,2022,Q3,High income,Mining & Extractives,Floating,No,"1,458,012 people","$16,827",49.1%,56.2%,1.06 million visitors,1.0%,2.5%,8.0%,7.5%,7.9%,70.5%,(0.8%),(7.7%),98.4,16.6,3.7%,0.8,No,..,4.6%,4.3%
el salvador,Central America,2003,Q1,Lower middle income,Manufacturing & Trade,Pegged (Dollarized),Yes,"6,365,443 people","$4,347",29.7%,29.5%,0.59 million visitors,1.9%,4.1%,4.9%,4.9%,6.8%,68.8%,(4.7%),0.2%,105.1,26.4,4.5%,-0.95,No,..,3.2%,2.8%
 Nicaragua ,Central America,2014,Q4,Lower middle income,Agriculture & Agro-exports,Managed Float,No,"6,591,769 people","$2,834",38.9%,45.3%,0.05 million visitors,2.2%,2.2%,4.3%,6.0%,9.3%,37.6%,(1.8%),(5.7%),103.5,42.4,7.2%,-1.35,No,..,2.5%,3.6%
 Jamaica ,Caribbean,2003,Q3,Upper middle income,Tourism & Services,Floating,No,"2,753,225 people","$5,743",34.7%,54.3%,2.74 million visitors,6.0%,4.2%,6.2%,3.5%,8.9%,96.2%,(1.7%),(20.7%),94.6,42.2,4.5%,-0.25,No,..,1.7%,0.7%
Panama,Central America,2017,Q3,High income,Trade & Logistics,Pegged (Dollarized),No,"4,154,263 people","$15,306",37.2%,49.6%,1.16 million visitors,4.8%,2.4%,2.3%,7.8%,3.5%,57.9%,(1.3%),(11.9%),106.8,29.8,4.3%,0.83,No,..,3.4%,1.9%
Bolivia,South America,2006,Q1,Lower middle income,Mining & Extractives,Managed Float,No,"11,505,748 people","$3,241",39.0%,47.9%,0.74 million visitors,2.8%,(0.9%),8.9%,7.1%,9.9%,40.4%,(2.1%),(7.8%),96.5,24.8,5.5%,-0.53,No,..,(1.2%),(0.8%)
Costa  Rica,Central America,2011,Q1,Upper middle income,Tourism & Services,Managed Float,No,"4,964,501 people","$11,641",36.2%,42.3%,4.42 million visitors,7.6%,5.9%,4.1%,8.2%,4.7%,51.3%,(3.0%),(6.7%),104.4,39.9,4.4%,0.86,No,..,5.2%,3.4%
Belize,Central America,2006,Q3,Upper middle income,Tourism & Services,Pegged (Dollarized),No,"433,256 people","$4,685",33.6%,46.7%,1.65 million visitors,4.5%,3.8%,5.6%,6.6%,8.7%,88.1%,(3.0%),(14.3%),87.8,2.0,5.5%,0.15,No,..,0.8%,(0.1%)
Uruguay,South America,2022,Q2,High income,Agriculture & Agro-exports,Floating,No,"3,430,601 people","$17,427",32.8%,34.2%,0.92 million visitors,2.5%,2.2%,5.3%,14.5%,6.7%,82.1%,(4.5%),(0.6%),95.9,32.9,6.0%,0.91,No,..,1.4%,0.7%
Bolivia,South America,2007,Q1,Lower middle income,Mining & Extractives,Managed Float,No,"11,552,133 people","$3,729",42.7%,49.3%,1.13 million visitors,1.6%,1.4%,6.6%,7.4%,8.4%,37.8%,(3.4%),(7.5%),90.2,49.2,4.9%,-0.03,No,..,0.3%,3.8%
Uruguay,South America,2008,Q3,High income,Agriculture & Agro-exports,Floating,Yes,"3,455,620 people","$17,310",39.0%,59.4%,1.32 million visitors,2.5%,4.8%,7.6%,6.9%,11.5%,65.9%,(0.5%),(20.4%),90.6,50.4,2.1%,1.4,No,..,3.7%,2.3%
belize,Central America,2012,Q4,Upper middle income,Tourism & Services,Pegged (Dollarized),No,"383,417 people","$4,182",29.2%,32.4%,1.59 million visitors,8.0%,5.4%,7.2%,9.5%,11.4%,89.1%,(2.9%),(3.2%),80.5,5.0,6.4%,-0.27,No,..,0.8%,1.6%
honduras,Central America,2019,Q1,Lower middle income,Agriculture & Agro-exports,Floating,No,"9,488,030 people","$2,322",43.6%,57.3%,0.11 million visitors,5.0%,5.6%,4.5%,5.4%,5.8%,57.3%,(1.3%),(13.7%),103.9,32.5,5.0%,-0.61,No,..,3.0%,1.7%
BOLIVIA,South America,2021,Q1,Lower middle income,Mining & Extractives,Managed Float,No,"11,542,450 people","$3,874",31.0%,38.6%,1.05 million visitors,1.2%,0.9%,10.5%,6.5%,12.8%,53.2%,0.4%,(9.2%),76.9,35.9,4.7%,-0.67,No,..,0.2%,0.6%
costa rica,Central America,2011,Q4,Upper middle income,Tourism & Services,Managed Float,No,"4,971,096 people","$13,197",38.4%,40.5%,3.53 million visitors,7.2%,4.0%,2.1%,7.0%,3.8%,51.3%,(7.9%),(1.5%),104.4,27.2,4.4%,0.5,No,..,2.1%,4.0%
JAMAICA,Caribbean,2015,Q2,Upper middle income,Tourism & Services,Floating,No,"2,724,422 people","$5,720",33.7%,35.7%,2.60 million visitors,7.7%,2.0%,2.1%,7.4%,2.0%,97.5%,(3.6%),(1.5%),117.2,42.9,4.0%,-0.23,No,..,3.1%,1.9%
Guyana,South America,2013,Q3,High income,Mining & Extractives,Floating,No,"833,087 people","$15,006",37.4%,44.1%,1.02 million visitors,1.5%,6.3%,5.2%,3.3%,8.4%,39.3%,(3.7%),(5.4%),104.8,27.4,3.4%,-0.13,No,..,10.6%,10.6%
Belize,Central America,2011,Q2,Upper middle income,Tourism & Services,Pegged (Dollarized),No,"412,230 people","$4,986",27.8%,34.0%,2.05 million visitors,5.5%,5.5%,2.8%,10.9%,3.5%,89.9%,(0.5%),(7.7%),87.1,20.4,4.4%,0.22,No,..,2.9%,3.0%
 Dominican Republic ,Caribbean,2009,Q3,Upper middle income,Tourism & Services,Managed Float,No,"10,818,231 people","$8,966",29.9%,33.4%,3.24 million visitors,5.1%,4.3%,4.9%,6.7%,7.7%,46.1%,(2.9%),(3.5%),94.4,50.3,3.2%,-0.14,No,..,1.8%,4.3%
Ecuador,South America,2011,Q4,Upper middle income,Mining & Extractives,Pegged (Dollarized),No,"17,483,641 people","$6,044",34.7%,46.9%,1.96 million visitors,1.5%,1.5%,0.8%,7.8%,3.3%,66.5%,(5.4%),(13.7%),95.2,13.7,..,-0.05,No,..,2.1%,0.6%
Guatemala,Central America,2014,Q3,Upper middle income,Agriculture & Agro-exports,Floating,No,"16,478,565 people","$4,816",34.2%,27.3%,1.63 million visitors,1.7%,1.7%,1.9%,10.3%,2.9%,42.1%,(1.3%),6.6%,111.6,43.4,6.6%,-0.61,No,..,(0.9%),0.6%
Costa Rica,Central America,2006,Q4,Upper middle income,Tourism & Services,Managed Float,No,"5,014,247 people","$12,026",41.2%,48.2%,3.37 million visitors,9.6%,1.2%,4.3%,3.8%,5.0%,52.5%,(2.5%),(6.9%),105.3,34.0,5.3%,0.57,No,..,3.9%,3.6%
dominican republic,Caribbean,2005,Q4,Upper middle income,Tourism & Services,Managed Float,No,"10,794,914 people","$7,774",31.7%,42.6%,2.72 million visitors,6.3%,4.8%,5.1%,8.6%,8.5%,50.3%,(5.5%),(8.9%),94.3,29.6,..,0.01,Yes,2.5%,0.5%,2.3%
uruguay,South America,2017,Q2,High income,Agriculture & Agro-exports,Floating,No,"3,416,732 people","$17,080",35.6%,33.6%,1.37 million visitors,0.5%,3.9%,3.5%,9.4%,5.0%,79.9%,(1.4%),3.1%,90.5,31.1,5.1%,1.34,No,..,(0.2%),0.3%
Belize,Central America,2021,Q2,Upper middle income,Tourism & Services,Pegged (Dollarized),No,"334,368 people","$4,766",35.6%,28.6%,3.59 million visitors,3.0%,4.1%,5.4%,8.7%,6.5%,89.2%,(1.5%),7.6%,71.9,31.7,4.5%,-0.17,No,..,(0.6%),0.7%
belize,Central America,2014,Q1,Upper middle income,Tourism & Services,Pegged (Dollarized),No,"401,367 people","$5,236",28.0%,26.7%,3.05 million visitors,4.4%,(0.7%),3.9%,7.3%,6.9%,91.3%,(5.7%),0.8%,90.3,9.9,5.5%,-0.18,No,..,1.4%,1.3%
Belize,Central America,2014,Q4,Upper middle income,Tourism & Services,Pegged (Dollarized),No,"426,149 people","$4,953",38.3%,42.7%,2.57 million visitors,8.0%,4.1%,2.8%,9.5%,5.3%,91.3%,(1.7%),(4.7%),90.3,20.0,4.4%,-0.55,No,..,0.4%,0.8%
GUATEMALA,Central America,2007,Q4,Upper middle income,Agriculture & Agro-exports,Floating,No,"16,481,970 people","$5,643",28.4%,35.2%,1.04 million visitors,4.0%,3.0%,4.4%,6.5%,4.4%,37.4%,(3.5%),(6.7%),108.5,20.6,4.9%,-0.24,No,..,1.5%,2.7%
EL SALVADOR,Central America,2019,Q4,Lower middle income,Manufacturing & Trade,Pegged (Dollarized),No,"6,273,420 people","$3,246",42.1%,50.9%,0.79 million visitors,1.7%,5.5%,2.4%,5.4%,4.2%,81.6%,(4.4%),(8.7%),98.4,6.0,4.4%,-0.57,No,..,(0.2%),0.1%
BOLIVIA,South America,2021,Q2,Lower middle income,Mining & Extractives,Managed Float,No,"11,483,462 people","$3,821",32.9%,35.3%,1.32 million visitors,0.5%,2.8%,7.1%,9.0%,7.9%,53.2%,(4.1%),(2.5%),76.9,53.3,5.1%,0.08,No,..,(0.9%),0.3%
 Belize ,Central America,2010,Q2,Upper middle income,Tourism & Services,Pegged (Dollarized),No,"310,999 people","$6,015",43.4%,52.1%,2.18 million visitors,4.9%,5.5%,6.1%,10.0%,7.7%,89.5%,(5.2%),(8.2%),85.4,13.0,4.3%,0.15,No,..,2.2%,1.7%
BOLIVIA,South America,2010,Q1,Lower middle income,Mining & Extractives,Managed Float,No,"11,425,734 people","$4,229",41.4%,49.5%,0.99 million visitors,0.5%,1.8%,6.0%,1.7%,9.4%,43.6%,(4.0%),(8.6%),89.6,50.4,4.9%,-0.1,No,..,0.3%,0.6%
 Guyana ,South America,2013,Q1,High income,Mining & Extractives,Floating,No,"793,901 people","$15,264",48.2%,53.9%,0.05 million visitors,2.3%,7.5%,4.4%,8.3%,6.1%,39.3%,(4.9%),(7.5%),104.8,41.6,4.4%,0.28,No,..,11.8%,11.8%
NICARAGUA,Central America,2012,Q4,Lower middle income,Agriculture & Agro-exports,Managed Float,No,"6,534,299 people",$730,34.3%,43.4%,1.41 million visitors,2.2%,0.9%,4.5%,7.5%,5.9%,39.2%,0.1%,(8.8%),102.7,20.7,4.5%,-0.55,No,..,5.9%,4.7%
Costa  Rica,Central America,2015,Q2,Upper middle income,Tourism & Services,Managed Float,Yes,"5,073,691 people","$11,572",34.3%,37.4%,3.93 million visitors,9.4%,2.8%,3.2%,7.9%,5.1%,52.5%,(2.9%),(3.3%),90.7,39.6,3.3%,0.95,No,..,6.1%,5.0%
Bolivia,South America,2008,Q3,Lower middle income,Mining & Extractives,Managed Float,No,"11,465,804 people","$3,653",43.6%,50.3%,1.19 million visitors,0.5%,1.5%,5.4%,6.4%,6.7%,37.6%,(4.3%),(8.3%),87.7,45.0,4.0%,-0.05,No,..,0.8%,2.7%
JAMAICA,Caribbean,2022,Q2,Upper middle income,Tourism & Services,Floating,No,"2,747,166 people","$6,167",44.5%,46.7%,3.44 million visitors,8.4%,4.9%,6.7%,6.4%,7.2%,100.0%,(2.0%),(3.9%),112.0,29.5,4.0%,-0.83,No,..,2.1%,1.2%
Costa  Rica,Central America,2012,Q4,Upper middle income,Tourism & Services,Managed Float,No,"5,041,318 people","$11,692",28.1%,30.3%,2.01 million visitors,11.4%,8.1%,4.1%,6.4%,3.6%,52.4%,(2.2%),(3.0%),98.5,33.1,3.2%,0.29,No,..,4.2%,5.1%
 El Salvador ,Central America,2005,Q4,Lower middle income,Manufacturing & Trade,Pegged (Dollarized),No,"6,360,314 people","$3,455",32.7%,45.8%,1.20 million visitors,3.6%,0.3%,4.2%,2.7%,7.9%,70.9%,(8.6%),(11.8%),105.3,19.5,3.1%,-0.9,No,..,2.1%,3.2%
 Guatemala ,Central America,2020,Q2,Upper middle income,Agriculture & Agro-exports,Floating,No,"16,462,615 people","$5,931",40.9%,44.5%,0.14 million visitors,2.8%,3.3%,5.2%,11.1%,7.9%,45.2%,(1.2%),(2.0%),101.7,38.0,4.0%,-0.54,No,..,1.5%,1.9%
Costa Rica,Central America,2010,Q4,Upper middle income,Tourism & Services,Managed Float,No,"5,050,843 people","$13,220",38.1%,36.2%,2.50 million visitors,9.1%,4.4%,3.1%,9.7%,5.8%,52.7%,(2.1%),1.2%,101.8,48.7,5.8%,1.14,No,..,3.7%,3.0%
Paraguay,South America,2009,Q3,Upper middle income,Agriculture & Agro-exports,Managed Float,No,"6,805,741 people","$5,687",38.5%,42.2%,0.73 million visitors,1.5%,0.9%,5.3%,10.6%,8.7%,32.8%,1.9%,(4.1%),114.3,39.2,4.6%,-0.17,No,..,2.9%,1.4%
BOLIVIA,South America,2017,Q1,Lower middle income,Mining & Extractives,Managed Float,No,"11,479,871 people","$3,677",39.3%,35.5%,0.84 million visitors,1.5%,1.7%,2.9%,3.4%,3.6%,47.2%,(4.2%),4.9%,87.0,31.8,..,-0.32,No,..,2.9%,2.8%
 Dominican Republic ,Caribbean,2020,Q3,Upper middle income,Tourism & Services,Managed Float,No,"10,802,522 people","$7,911",35.9%,54.5%,1.93 million visitors,6.9%,0.9%,4.2%,5.2%,5.0%,49.6%,(5.4%),(19.3%),93.3,10.8,4.0%,-0.21,No,..,4.2%,3.1%
Jamaica,Caribbean,2004,Q4,Upper middle income,Tourism & Services,Floating,Yes,"2,809,444 people","$4,752",48.2%,67.5%,2.23 million visitors,11.4%,3.7%,4.2%,9.7%,5.9%,94.9%,(1.2%),(20.6%),97.8,38.8,3.9%,0.65,No,..,1.7%,1.2%
